GEOID,B25077_001E,B25064_001E,B25088_001E,B25070_004E,B25070_005E,B25070_006E,B25070_007E,B25070_001E,B25091_005E,B25091_006E,B25091_007E,B25091_008E,B25091_001E,B23025_005E,B23025_003E,B17001_002E,B17001_001E,B19083_001E,B19057_002E,B19057_001E,B25022_002E,B25022_001E,B25034_002E,B25034_001E,B03003_003E,B03003_001E,B07001_017E,B07001_001E,B11001_003E,B11001_001E,B01001_020E,B01001_021E,B01001_022E,B01001_023E,B01001_024E,B01001_025E,B01001_044E,B01001_045E,B01001_046E,B01001_047E,B01001_048E,B01001_049E,B01001_003E,B01001_004E,B01001_005E,B01001_006E,B01001_027E,B01001_028E,B01001_029E,B01001_030E,B01001_001E,B25014_003E,B25014_004E,B25014_001E,B25001_001E
06037101110,739600,1720,2494,57,157,19,57,760,63,52,62,36,798,159,2313,476,4068,0.4644,90,1558,4532.0,7334.0,0,1679,1427,4152,3599,4098,785,1558,101,120,55,50,63,16,75,136,79,53,11,31,44,125,151,145,96,78,76,11,4152,523,257,1558,1679
06037101122,917600,3479,2663,0,8,25,13,311,69,92,85,58,1096,221,2270,266,4166,0.4399,68,1407,6986.0,8782.0,0,1452,413,4198,3997,4136,757,1407,49,66,149,54,32,115,71,149,111,38,110,76,99,72,58,61,93,71,134,69,4198,739,333,1407,1452
06037101220,734700,1441,2669,112,37,182,92,761,56,146,63,8,596,155,1805,610,3434,0.4761,95,1357,2801.0,5667.0,10,1380,1312,3434,3119,3434,657,1357,13,50,74,27,34,0,37,76,66,63,44,63,84,117,120,29,39,128,98,28,3434,344,228,1357,1380
06037101221,553500,1761,1838,110,72,145,71,1154,38,0,56,17,329,62,1896,555,3881,0.4481,45,1483,1416.0,5221.0,0,1569,1428,3931,3706,3931,660,1483,65,57,100,19,0,188,16,17,122,14,120,17,78,82,127,71,87,113,159,72,3931,204,85,1483,1569
06037101222,585500,1817,3132,164,120,62,11,873,51,0,0,0,75,78,1276,356,2564,0.4905,72,948,399.0,3279.0,0,1036,1274,2572,2327,2520,445,948,23,49,38,16,0,28,103,33,7,44,39,48,201,60,0,16,53,92,78,0,2572,18,57,948,1036
06037101300,890900,2870,2820,12,74,40,20,316,114,110,154,159,1197,166,2146,323,4165,0.4062,97,1513,6660.0,8026.0,0,1564,657,4210,3898,4192,838,1513,32,190,96,17,40,55,146,114,121,106,91,97,14,139,64,51,92,202,113,65,4210,828,332,1513,1564
06037101400,799200,1727,3000,0,31,21,0,366,94,63,100,128,970,206,1961,239,3485,0.4983,75,1336,5529.0,6709.0,0,1523,740,3489,3315,3459,631,1336,82,66,80,82,22,30,51,138,99,34,19,18,65,57,80,122,141,27,45,22,3489,573,372,1336,1523
06037102103,821300,2652,1875,24,6,0,51,299,5,19,5,36,415,69,988,184,2054,0.3792,75,714,2367.0,3699.0,19,821,102,2054,1925,2023,341,714,16,24,9,28,10,0,31,9,47,52,47,30,85,31,86,26,78,160,30,11,2054,183,223,714,821
06037102104,745800,3349,2638,0,35,50,13,301,54,45,100,92,998,111,1949,190,3828,0.4478,28,1299,5355.0,6961.0,0,1418,532,4052,3751,4035,736,1299,4,60,122,83,30,25,31,60,223,84,26,11,88,79,106,8,100,171,105,184,4052,547,451,1299,1418
06037102105,731800,1856,2664,34,25,39,0,213,31,60,15,22,305,20,801,156,1664,0.3922,21,518,1695.0,2563.0,0,561,1096,1664,1589,1630,302,518,4,43,49,5,7,20,24,21,55,10,0,25,87,0,67,47,107,78,13,38,1664,122,171,518,561
06037102107,964600,2182,3162,0,0,14,44,253,76,103,29,38,931,146,1724,483,3479,0.4622,52,1184,6275.0,7601.0,49,1255,606,3595,3323,3566,556,1184,11,45,186,48,24,29,40,76,82,65,45,152,57,91,62,0,79,125,27,81,3595,722,198,1184,1255
06037103101,798600,2185,2387,7,0,0,31,131,111,182,34,19,851,133,1656,110,2705,0.364,37,982,4974.0,5673.0,0,1001,586,2705,2506,2659,579,982,67,51,86,35,16,12,96,41,86,43,3,29,87,128,47,17,60,45,33,9,2705,533,318,982,1001
06037103102,616400,1709,2179,0,0,34,194,524,151,107,113,64,1122,266,2203,489,4439,0.4759,132,1646,6101.0,8104.0,0,1772,1039,4468,3811,4399,848,1646,72,54,85,100,51,38,116,135,171,187,16,39,144,74,115,70,130,73,106,13,4468,709,365,1646,1772
06037103201,733900,1727,2447,134,141,28,75,1129,41,30,33,47,452,205,2343,444,4305,0.4564,65,1581,2362.0,6961.0,0,1698,1673,4425,4117,4408,676,1581,58,35,142,43,165,12,0,38,70,144,0,38,97,136,44,103,46,14,134,94,4425,290,144,1581,1698
06037103202,855700,-666666666,3213,27,6,12,0,45,40,47,25,26,604,47,1062,48,1940,0.3167,0,649,4295.0,4541.0,0,697,401,1945,1924,1928,387,649,146,73,42,13,51,5,16,39,40,34,0,15,34,5,8,45,103,32,113,15,1945,423,181,649,697
06037103300,1113500,2767,3248,0,0,7,0,172,79,102,120,65,1124,150,1851,342,4010,0.4354,112,1296,7814.0,8780.0,0,1441,492,4021,3756,3965,748,1296,67,45,57,76,26,24,34,46,180,87,55,56,23,156,254,90,58,164,177,64,4021,731,358,1296,1441
06037103401,778800,2192,2229,8,29,45,13,219,76,39,54,101,753,111,1358,139,2552,0.3927,24,972,4064.0,5098.0,0,1084,308,2552,2199,2439,401,972,62,42,103,39,87,32,0,111,114,60,45,30,163,13,126,0,57,14,82,52,2552,588,140,972,1084
06037103402,731000,1416,2032,21,121,103,16,461,72,61,74,92,917,64,2203,324,3750,0.4087,134,1378,5160.0,6943.0,0,1563,582,3809,3646,3797,721,1378,95,85,113,64,15,34,123,47,108,77,64,39,160,116,31,0,58,81,185,88,3809,640,261,1378,1563
06037104103,669100,2309,2516,7,21,0,0,143,98,106,55,21,725,219,2050,488,4092,0.381,47,868,4602.0,5425.0,0,886,3023,4257,3825,4238,465,868,63,177,52,38,19,22,48,55,64,49,94,93,158,55,124,110,31,132,121,82,4257,330,323,868,886
06037104105,470200,1428,2081,0,81,76,32,800,105,56,110,33,780,217,2844,1296,5887,0.4338,184,1580,4102.0,7848.0,0,1618,4686,5890,5388,5853,680,1580,143,31,86,26,24,93,4,100,76,132,84,80,142,191,295,261,175,171,175,137,5890,353,322,1580,1618
06037104108,583900,1889,1740,19,46,153,57,753,28,48,30,41,538,99,2376,684,4952,0.4525,125,1291,3262.0,6165.0,0,1381,4124,4952,4682,4898,578,1291,61,64,146,9,12,35,29,133,55,101,42,33,150,258,238,40,99,118,76,117,4952,185,285,1291,1381
06037104124,677600,1210,3024,0,9,18,11,218,94,84,132,50,1107,244,2307,362,4063,0.4646,21,1325,6437.0,7620.0,45,1374,1988,4090,3893,4089,667,1325,71,24,34,124,32,0,71,122,83,137,0,68,72,50,131,59,130,71,82,55,4090,686,330,1325,1374
06037104201,622300,2138,1867,26,0,35,14,204,92,0,93,37,659,218,2359,471,4325,0.454,3,863,4136.0,5025.0,0,890,3660,4325,4082,4306,497,863,31,78,106,32,29,0,71,19,77,24,0,43,74,175,181,72,152,40,81,79,4325,289,259,863,890
06037104203,551900,1614,1916,32,1,58,67,412,65,74,101,0,662,236,2400,1063,4845,0.4279,20,1074,4212.0,5946.0,0,1164,4625,4978,4774,4911,655,1074,14,48,63,84,11,45,0,52,78,39,30,84,82,184,275,40,194,103,159,136,4978,192,367,1074,1164
06037104204,565400,1375,2270,73,14,7,11,224,60,85,41,29,494,63,1474,481,3382,0.4587,28,718,2945.0,3938.0,25,736,2932,3736,3520,3719,437,718,51,32,57,16,17,42,37,47,15,55,37,42,104,49,124,129,170,99,128,48,3736,167,223,718,736
06037104310,611300,2227,2031,0,7,60,23,183,74,51,57,20,702,148,2296,543,4411,0.3799,36,885,4598.0,5470.0,0,930,4251,4476,4411,4444,523,885,115,32,40,21,13,14,134,107,105,36,26,27,44,89,228,158,67,119,121,91,4476,276,268,885,930
06037104321,604100,-666666666,2004,65,41,32,0,420,14,55,37,0,353,112,1401,458,2926,0.3856,15,773,1830.0,3450.0,0,829,2795,2926,2578,2883,335,773,51,4,59,63,16,6,204,30,43,14,15,0,50,161,92,44,50,24,137,23,2926,75,150,773,829
06037104322,595300,1532,2351,3,0,16,44,150,25,40,30,18,295,23,949,143,1844,0.3944,70,445,1710.0,2180.0,0,460,1685,1856,1609,1816,256,445,2,24,29,2,0,3,23,37,28,18,17,0,60,53,68,43,50,35,25,32,1856,105,161,445,460
06037104401,642000,1764,2519,0,47,29,26,279,48,9,31,0,344,54,1382,671,3083,0.4184,38,623,1937.0,3151.0,0,680,2966,3083,2975,3031,334,623,14,26,51,4,10,13,27,73,68,9,23,6,65,81,164,169,99,100,125,75,3083,89,148,623,680
06037104403,614400,2345,1568,11,16,0,19,162,10,4,18,28,348,118,1282,506,2232,0.5248,8,510,1927.0,2713.0,0,582,2169,2292,2143,2246,276,510,52,38,45,23,0,23,34,94,59,11,31,28,115,210,17,63,22,30,14,31,2292,128,136,510,582
06037104404,597300,1840,2382,60,62,14,16,423,66,22,11,14,323,136,1696,472,3328,0.419,18,746,1840.0,3549.0,0,746,3307,3374,3275,3310,335,746,32,26,78,0,0,0,60,28,22,58,26,22,155,49,102,78,82,170,174,144,3374,111,98,746,746
06037104500,564800,2305,1873,0,22,0,0,168,78,2,35,60,453,96,1527,1187,3507,0.4226,68,621,2589.0,3453.0,0,643,3444,3539,3375,3531,300,621,18,28,52,28,12,0,24,34,51,56,28,21,232,132,167,118,131,164,225,65,3539,118,176,621,643
06037104610,620800,1843,2096,20,28,19,18,266,43,31,27,30,386,39,1474,266,3053,0.4042,19,652,2056.0,3290.0,0,702,3024,3124,2900,3084,380,652,39,46,78,6,13,14,7,47,93,18,51,17,97,91,78,65,102,86,178,125,3124,76,199,652,702
06037104620,603900,1660,2629,49,0,15,23,235,26,30,35,19,468,67,1604,632,3222,0.3995,63,703,2727.0,3636.0,0,703,3106,3266,3005,3212,426,703,4,29,71,23,32,23,12,43,64,41,4,20,101,102,66,40,162,75,207,130,3266,115,246,703,703
06037104701,621200,1349,1895,76,53,158,90,727,0,0,64,11,226,252,1910,1184,3904,0.3642,113,953,1236.0,5053.0,0,1001,3851,3916,3825,3916,470,953,58,0,42,48,15,22,6,26,27,23,8,10,121,128,340,148,26,44,83,91,3916,35,166,953,1001
06037104703,479200,1831,1394,71,16,62,39,371,0,19,12,8,236,106,1186,409,2306,0.431,65,607,1174.0,2622.0,6,657,1874,2306,2164,2295,219,607,28,13,0,23,13,14,34,17,39,12,27,0,39,131,100,44,50,73,121,50,2306,177,16,607,657
06037104704,350000,2276,1638,39,36,6,62,432,39,26,52,43,799,101,2378,1085,4580,0.4281,4,1231,4424.0,6176.0,0,1282,3809,4662,4290,4589,550,1231,37,41,30,61,56,0,33,42,34,49,22,0,145,225,108,121,145,153,264,148,4662,351,223,1231,1282
06037104821,661800,1682,1852,72,84,49,84,462,13,38,19,7,289,146,1672,558,3403,0.3696,62,751,1678.0,3725.0,0,771,3249,3476,3382,3458,303,751,37,31,26,15,28,20,0,67,85,36,41,62,151,116,157,97,63,103,55,70,3476,49,178,751,771
06037104822,665200,1614,2125,32,25,65,35,420,40,27,19,0,217,134,1073,603,2199,0.4565,38,637,1256.0,2819.0,0,651,2034,2199,1961,2192,254,637,32,0,22,12,16,4,21,30,38,66,40,34,27,101,70,32,84,73,105,99,2199,100,92,637,651
06037104823,634300,3501,2050,10,0,0,23,129,28,10,112,47,563,136,1410,707,3195,0.4055,100,692,3048.0,3774.0,0,710,2639,3195,3069,3160,377,692,8,0,2,81,19,8,39,2,30,43,34,28,176,129,101,105,64,154,185,93,3195,250,128,692,710
06037104824,601900,1836,2376,17,0,0,0,95,13,98,79,7,391,57,1337,272,2582,0.2811,75,486,2703.0,3141.0,0,494,2535,2582,2443,2582,212,486,160,0,0,19,9,5,24,0,42,14,0,23,128,46,145,136,37,89,34,16,2582,98,275,486,494
06037106010,688700,2667,2838,6,10,4,44,179,62,101,63,39,759,89,1923,208,4037,0.3426,59,938,4712.0,5686.0,6,972,3042,4049,3882,4000,639,938,32,67,68,30,12,46,45,50,90,48,56,34,174,96,154,99,191,44,228,113,4049,343,303,938,972
06037106020,700800,2816,2610,49,8,22,0,359,115,99,135,41,939,170,2613,842,4847,0.3679,60,1298,5745.0,7713.0,0,1342,3664,4850,4463,4776,758,1298,9,86,71,76,35,10,71,55,56,185,38,15,100,115,303,122,140,102,56,41,4850,474,349,1298,1342
06037106111,613700,-666666666,1823,0,0,0,0,55,131,66,80,55,1335,150,2417,228,4698,0.3625,44,1390,8065.0,8560.0,8,1452,2726,4707,4385,4686,916,1390,100,109,147,22,32,40,32,68,74,11,65,36,117,241,126,113,46,119,68,142,4707,751,483,1390,1452
06037106112,652000,2589,2385,55,62,0,0,261,94,82,51,109,1169,126,2824,709,4920,0.343,20,1430,7325.0,8941.0,0,1479,3622,5035,4713,4996,797,1430,73,85,104,27,33,36,33,147,126,48,31,31,92,86,99,106,13,145,251,213,5035,739,346,1430,1479
06037106113,661900,1804,2268,21,0,0,0,106,40,135,89,48,932,168,2019,129,3743,0.3169,0,1038,5830.0,6359.0,43,1038,2656,3835,3635,3745,760,1038,62,30,52,53,11,14,21,27,124,44,15,47,127,45,202,183,62,105,102,83,3835,428,422,1038,1038
06037106114,548800,2051,2093,85,66,138,48,933,152,83,45,21,897,159,3527,1731,6929,0.4264,174,1830,4899.0,8939.0,28,1888,5757,6929,6250,6867,933,1830,42,5,183,0,41,35,38,141,31,13,26,34,259,335,257,203,333,208,260,233,6929,377,474,1830,1888
06037106403,648200,1738,2131,0,6,9,0,201,48,49,33,15,653,83,1870,334,3814,0.4204,48,854,4057.0,5078.0,0,860,3209,3860,3741,3837,492,854,52,33,16,49,14,7,3,53,76,45,18,8,156,110,166,118,121,100,171,115,3860,273,291,854,860
06037106405,532600,1329,2167,43,52,93,89,418,32,127,96,81,729,237,2292,710,4073,0.3752,117,1147,4052.0,6179.0,45,1199,3016,4149,3915,4138,558,1147,11,30,63,49,18,8,62,61,27,0,9,27,135,130,297,22,111,148,35,76,4149,338,382,1147,1199
06037106406,501800,2539,2364,45,20,91,44,432,61,62,178,63,1448,120,3651,234,6292,0.366,52,1880,8023.0,10228.0,0,2007,4405,6292,5537,6252,781,1880,75,32,75,36,26,78,87,98,274,119,0,36,166,98,276,41,144,162,248,100,6292,722,670,1880,2007
06037106407,358900,1639,1618,24,52,71,92,696,0,7,13,3,132,102,993,759,2183,0.4624,38,828,614.0,3494.0,5,909,1908,2333,1949,2317,272,828,24,27,22,6,38,35,30,28,70,44,88,61,69,125,54,86,60,81,63,47,2333,66,59,828,909
06037106408,466100,1946,2316,37,76,107,89,820,0,45,7,18,166,95,1617,1121,3789,0.3923,100,986,816.0,4102.0,0,1071,3451,3832,3405,3746,357,986,7,7,13,17,5,0,5,36,33,30,0,0,184,140,264,162,282,174,205,61,3832,82,72,986,1071
06037106510,707600,2704,3260,17,26,23,25,354,68,150,174,139,1247,303,2998,833,5373,0.3628,34,1601,7553.0,9477.0,0,1751,3249,5599,4927,5492,1066,1601,11,9,152,30,0,21,92,62,94,16,9,59,214,172,214,185,114,177,181,187,5599,630,486,1601,1751
06037106520,637300,1944,1922,18,101,0,54,422,93,41,43,38,980,134,2697,711,5475,0.4265,73,1402,5674.0,7684.0,11,1483,4779,5484,5371,5446,644,1402,71,102,113,44,38,52,18,77,199,97,37,27,115,226,89,169,171,136,79,135,5484,373,459,1402,1483
06037106603,958200,2420,3501,2,0,0,0,135,173,61,106,53,1081,119,1802,209,3679,0.4334,16,1216,8517.0,9411.0,0,1216,985,3681,3629,3681,833,1216,114,62,147,55,38,39,49,89,59,58,19,30,29,155,133,100,88,113,115,101,3681,864,217,1216,1216
06037106604,733400,1850,2559,0,30,146,109,788,85,7,0,18,493,80,2267,539,4349,0.4552,102,1281,3151.0,6431.0,0,1281,3800,4349,3806,4255,722,1281,58,32,105,6,39,75,106,21,46,8,27,80,156,84,146,72,81,0,136,176,4349,299,131,1281,1281
06037106641,1043500,3501,2393,0,35,0,0,123,54,60,73,64,609,85,1063,136,2076,0.4165,7,732,4290.0,5062.0,0,793,166,2096,2022,2079,416,732,24,24,59,65,39,6,35,20,115,50,12,26,132,64,52,27,54,40,38,24,2096,421,177,732,793
06037106642,914900,3501,2967,0,0,9,27,113,283,43,51,35,1076,112,1738,282,3484,0.3547,42,1189,6890.0,7638.0,0,1235,734,3514,3444,3500,800,1189,31,41,97,89,19,25,23,81,72,81,96,50,107,113,38,40,34,133,117,83,3514,668,372,1189,1235
06037106643,1191700,2321,4001,0,0,35,0,59,111,58,39,95,1328,94,2082,120,4311,0.4369,27,1387,10429.0,10726.0,0,1482,468,4311,4002,4246,1069,1387,73,112,151,33,8,42,69,81,337,82,8,40,109,152,106,54,163,79,23,8,4311,1034,286,1387,1482
06037106645,1041100,3501,2944,0,0,23,0,161,247,102,89,23,1091,112,1766,190,3672,0.4265,24,1252,7564.0,8247.0,0,1297,1000,3672,3475,3644,808,1252,21,73,63,82,33,26,24,78,124,84,48,94,95,152,178,45,169,179,130,97,3672,807,236,1252,1297
06037106646,803900,1833,2708,35,0,8,0,146,38,125,112,56,853,155,1508,169,2973,0.3874,32,999,5449.0,6384.0,7,1015,799,3092,2845,3018,577,999,51,16,79,70,12,54,36,35,40,56,33,124,76,78,72,44,109,97,73,60,3092,597,238,999,1015
06037106648,547500,1582,2192,58,31,88,40,692,33,30,49,33,487,32,2462,633,4698,0.4441,85,1179,2802.0,5716.0,0,1200,4322,4713,4418,4671,613,1179,31,66,56,32,29,5,24,30,61,66,47,7,93,185,253,161,159,255,49,61,4713,178,230,1179,1200
06037106649,666400,3501,2342,0,5,0,0,66,84,43,64,51,576,113,1279,133,2689,0.4071,0,642,3505.0,3933.0,0,676,1860,2689,2500,2674,367,642,26,28,69,11,12,0,21,39,66,37,30,130,74,49,93,48,16,93,81,53,2689,308,177,642,676
06037107010,682100,2152,1866,0,44,22,15,252,33,46,35,53,505,91,1531,128,2928,0.373,2,757,2898.0,3917.0,7,788,2726,2997,2854,2961,343,757,10,59,67,12,38,0,74,12,67,18,41,51,49,60,115,94,69,52,73,85,2997,250,209,757,788
06037107020,626400,2171,2583,33,16,23,30,359,107,58,73,40,853,176,2256,907,4921,0.417,30,1212,4632.0,6366.0,0,1264,4296,4921,4628,4840,669,1212,32,37,130,25,22,0,45,87,66,10,37,70,340,152,138,241,54,169,176,143,4921,333,389,1212,1264
06037108101,991200,3501,2769,0,21,0,7,66,116,81,99,22,691,45,1039,75,2128,0.3634,6,757,4710.0,5082.0,0,785,407,2128,2094,2122,540,757,45,32,48,73,33,46,11,15,111,76,50,33,84,36,84,16,41,59,11,16,2128,537,146,757,785
06037108102,944100,3501,2665,0,24,0,0,172,74,97,64,57,1054,129,1472,410,3474,0.4139,6,1226,6641.0,7587.0,0,1258,362,3477,3211,3453,681,1226,20,11,94,51,76,114,7,42,111,89,122,59,76,32,161,62,62,165,130,60,3477,785,220,1226,1258
06037108103,1075000,3501,3810,0,0,0,42,101,140,38,143,12,900,120,1644,193,3053,0.3985,0,1001,6916.0,7642.0,0,1049,257,3053,2800,2945,771,1001,17,47,81,93,59,61,36,71,101,63,65,39,43,17,100,66,91,32,24,44,3053,707,175,1001,1049
06037108104,1030200,3501,2576,0,20,12,0,84,59,49,34,28,478,33,639,50,1754,0.3807,19,562,3171.0,3717.0,0,593,121,1754,1416,1737,411,562,9,21,59,29,22,23,6,32,65,41,40,20,113,64,98,25,104,20,62,13,1754,351,101,562,593
06037108202,1328800,3359,4001,42,72,85,155,1031,212,255,302,383,2520,104,5832,332,10191,0.4513,78,3551,17455.0,21422.0,430,3921,1061,10248,8740,10180,2259,3551,62,42,227,92,31,20,198,126,156,137,33,75,326,914,358,91,161,286,270,271,10248,1729,775,3551,3921
06037108203,925300,3501,2671,46,37,0,39,300,124,96,21,37,875,53,1761,168,3157,0.4201,5,1175,5421.0,7105.0,0,1208,249,3157,2622,3128,861,1175,69,135,66,64,55,38,51,114,113,69,72,14,46,56,119,85,23,123,54,42,3157,668,201,1175,1208
06037108204,948200,3501,3065,0,0,0,0,46,83,96,137,31,612,33,898,50,1782,0.3285,7,658,3701.0,4038.0,0,658,108,1782,1634,1770,357,658,0,54,35,24,6,7,0,29,44,24,50,25,51,150,61,21,27,20,38,69,1782,414,198,658,658
06037109100,541400,1813,1806,5,58,21,13,273,45,110,27,20,614,66,1307,225,2554,0.4545,35,887,3286.0,4282.0,36,965,1293,2861,2559,2839,396,887,37,98,34,42,17,89,34,49,92,71,130,243,26,134,33,40,59,50,18,31,2861,395,188,887,965
06037109200,719700,3213,2902,16,29,29,0,151,38,20,66,191,926,43,1517,157,2863,0.3794,74,1077,5377.0,6259.0,0,1136,665,2863,2641,2839,358,1077,13,90,29,14,0,40,20,39,50,26,36,97,91,68,115,60,61,12,92,42,2863,600,298,1077,1136
06037109300,752100,3190,2671,6,6,18,0,111,34,81,116,26,818,63,1611,154,2895,0.4072,43,929,4710.0,5299.0,6,982,1327,2905,2648,2905,551,929,27,29,33,34,40,0,24,58,96,80,29,12,100,83,102,72,97,58,105,16,2905,456,326,929,982
06037109400,551900,2125,1092,9,22,10,0,358,61,104,8,13,773,69,2111,197,3615,0.4056,37,1131,4541.0,5934.0,0,1170,2863,3620,3444,3605,491,1131,18,46,69,75,10,10,44,117,86,100,51,35,75,96,93,53,24,122,61,104,3620,457,252,1131,1170
06037109500,642800,2382,2188,13,41,0,12,215,73,61,35,21,767,195,2071,654,3809,0.4101,64,982,4289.0,5184.0,11,1029,3441,3907,3725,3891,583,982,21,33,34,30,0,0,47,74,61,0,123,28,137,119,175,92,121,49,199,36,3907,385,280,982,1029
06037109601,686900,2563,2434,19,0,47,0,197,22,286,47,155,1133,284,2829,384,5042,0.3194,95,1330,6627.0,7490.0,0,1356,3025,5042,4524,4985,624,1330,33,166,68,61,9,38,69,53,83,32,28,131,57,97,74,97,189,140,101,42,5042,513,464,1330,1356
06037109603,673100,1773,2041,39,61,51,34,513,48,83,37,31,755,107,2155,478,4038,0.4224,68,1268,4327.0,6239.0,0,1268,2957,4038,3837,4009,578,1268,33,61,34,20,90,7,39,97,59,57,68,19,22,118,90,54,283,91,97,51,4038,408,243,1268,1268
06037109604,694900,1294,2750,6,13,20,30,169,64,70,76,73,704,57,1575,295,2721,0.3828,51,873,3894.0,4398.0,0,913,1929,2721,2591,2721,484,873,18,32,59,25,23,11,53,56,17,44,17,124,63,73,35,52,40,76,100,62,2721,351,338,873,913
06037109700,773600,2455,2800,43,21,30,49,396,13,108,56,103,987,146,2155,228,4203,0.426,9,1383,5869.0,7921.0,0,1442,1564,4259,4063,4249,772,1383,128,72,58,70,45,16,77,157,72,98,47,76,165,117,119,25,57,106,146,51,4259,600,370,1383,1442
06037109800,690400,2410,2569,45,10,47,25,379,54,54,87,85,1111,191,2299,467,4614,0.4335,66,1490,6488.0,8200.0,0,1524,2227,4625,4440,4613,786,1490,85,64,77,136,13,148,28,58,245,81,51,95,165,60,170,44,45,178,139,40,4625,675,372,1490,1524
06037111100,766700,2637,2952,0,37,81,13,362,43,59,33,33,574,84,1576,216,2963,0.4266,77,936,3505.0,5105.0,0,993,1429,2965,2553,2929,505,936,62,51,72,19,18,35,21,90,61,18,28,107,50,48,101,55,55,95,62,22,2965,376,137,936,993
06037111201,879700,2891,3096,8,38,23,0,136,78,51,47,43,894,130,1671,268,3270,0.4565,9,1030,6007.0,6754.0,0,1107,1644,3275,3144,3266,584,1030,50,34,112,121,50,8,33,37,51,49,17,65,136,48,79,88,29,30,111,113,3275,645,234,1030,1107
06037111202,752700,2961,2830,22,232,53,73,742,30,169,63,64,1189,382,2692,496,5534,0.4039,87,1931,7329.0,10915.0,0,1956,1754,5742,4974,5686,982,1931,48,55,145,25,37,60,14,33,91,207,113,85,128,65,181,57,26,120,340,121,5742,772,376,1931,1956
06037111204,1101800,3501,3861,0,22,44,20,231,152,131,191,91,1594,140,2850,126,5902,0.3841,39,1825,12536.0,13847.0,0,1903,1372,5902,5387,5802,1328,1825,71,90,207,160,92,104,75,133,255,110,76,90,202,163,90,181,130,92,184,218,5902,1097,454,1825,1903
06037111205,764900,1993,2987,22,45,187,21,594,78,166,93,57,750,121,2190,355,3627,0.4033,0,1344,4659.0,6809.0,0,1401,1029,3627,3494,3617,572,1344,10,24,103,49,21,39,54,72,109,47,26,11,90,88,244,56,97,65,125,69,3627,524,226,1344,1401
06037111206,918300,3370,2704,0,11,22,0,102,108,110,177,56,1262,146,2268,266,4289,0.3537,43,1364,8712.0,9213.0,0,1505,929,4295,4024,4272,859,1364,118,64,152,76,41,38,123,52,205,114,35,86,81,113,131,56,175,44,97,73,4295,937,316,1364,1505
06037111302,978100,2065,2425,53,46,150,92,934,42,39,30,72,823,119,3050,441,4891,0.4245,72,1757,5319.0,8489.0,0,1845,1425,4967,4661,4917,821,1757,39,67,77,60,76,19,48,43,98,101,41,88,67,90,92,82,158,104,109,14,4967,570,241,1757,1845
06037111303,877900,2525,3395,7,41,90,30,604,39,84,122,43,845,272,2331,248,4508,0.3616,54,1449,4814.0,7527.0,0,1484,1343,4567,4067,4489,948,1449,16,38,68,74,13,26,50,77,115,64,35,90,129,94,187,193,174,75,118,153,4567,592,238,1449,1484
06037111304,423300,1637,-666666666,134,80,64,34,1252,0,0,0,24,92,69,1969,793,3082,0.4698,7,1344,271.0,4104.0,0,1422,1520,3082,2480,3014,365,1344,0,62,17,50,8,0,39,92,67,0,0,0,47,23,0,42,106,15,97,30,3082,24,54,1344,1422
06037111401,811600,2450,2577,13,14,35,27,271,97,36,19,0,415,27,1153,86,2193,0.3498,69,686,2728.0,3827.0,0,686,870,2193,2070,2172,393,686,26,51,7,12,16,37,23,95,65,15,0,15,103,42,73,30,100,46,51,43,2193,214,193,686,686
06037111402,849000,1583,1228,57,94,391,84,1633,15,24,27,0,525,297,3041,866,5895,0.4726,156,2158,3284.0,8434.0,0,2180,2322,5998,5628,5935,937,2158,45,88,59,56,68,68,91,80,97,145,148,252,103,60,156,43,60,309,288,27,5998,403,118,2158,2180
06037113101,938500,3250,2862,0,13,0,0,130,83,67,44,95,1068,58,1703,420,3537,0.4056,35,1198,7671.0,8319.0,0,1223,553,3540,3183,3485,758,1198,34,53,58,112,86,29,58,66,89,180,46,245,161,28,93,53,30,67,78,76,3540,776,281,1198,1223
06037113102,1237500,-666666666,4001,0,0,0,0,31,134,96,192,5,1005,65,1413,104,2971,0.3994,19,1036,8214.0,8471.0,56,1041,646,2980,2691,2980,833,1036,49,68,73,77,61,42,16,69,79,98,24,49,35,153,151,34,34,38,118,25,2980,824,181,1036,1041
06037113211,667300,2860,2724,0,108,0,11,332,99,165,52,20,1292,90,2079,306,4112,0.415,53,1624,8334.0,10827.0,0,1735,659,4138,3894,4138,961,1624,25,52,72,145,36,15,67,33,159,147,84,69,88,169,54,155,29,41,62,241,4138,1039,209,1624,1735
06037113212,769500,2349,2377,0,37,31,5,401,27,110,28,0,571,161,1647,98,2755,0.4001,5,972,3640.0,5363.0,0,1000,764,2872,2697,2857,373,972,21,24,87,63,69,19,26,61,49,44,43,56,108,90,66,74,46,76,59,42,2872,452,113,972,1000
06037113213,731700,2240,3131,76,52,157,44,610,157,63,169,91,1115,88,2997,270,4935,0.3661,81,1725,6694.0,9352.0,0,1747,1683,5068,4558,5027,967,1725,104,43,51,47,46,30,101,149,125,8,56,73,87,179,102,98,105,193,179,45,5068,726,321,1725,1747
06037113231,1011800,2310,2822,0,0,0,0,106,122,63,41,27,744,65,1366,105,2230,0.4455,29,850,5313.0,5868.0,0,889,311,2233,2064,2233,609,850,0,37,10,91,42,10,37,48,94,35,46,30,86,35,31,70,33,43,69,5,2233,602,116,850,889
06037113232,930400,2917,3247,11,0,49,23,182,190,138,136,141,1357,198,2547,390,4640,0.3737,34,1539,9388.0,10459.0,0,1577,915,4777,4483,4747,913,1539,97,84,93,59,76,35,70,30,148,66,79,84,51,152,48,221,83,135,89,61,4777,979,365,1539,1577
06037113234,561400,1837,1532,145,67,94,67,857,26,70,9,107,808,370,2788,993,5640,0.4773,56,1665,4443.0,7430.0,0,1709,3416,5640,4975,5610,671,1665,9,67,165,68,0,47,66,100,132,120,61,31,230,269,276,82,187,126,154,94,5640,502,273,1665,1709
06037113235,588800,2632,2171,19,17,24,22,211,10,26,10,11,466,85,1010,222,1690,0.4333,16,677,2587.0,3578.0,0,714,529,1690,1573,1680,278,677,5,54,38,42,16,0,17,40,91,18,0,7,25,58,48,59,15,51,31,3,1690,376,72,677,714
06037113237,952600,2419,3351,97,46,62,30,445,75,45,174,59,1106,29,2352,255,4765,0.4098,16,1551,8005.0,9776.0,0,1670,1291,4765,4212,4647,945,1551,25,51,122,89,45,32,56,77,199,69,54,150,127,105,101,137,305,98,6,66,4765,667,399,1551,1670
06037113238,605100,1861,2799,61,69,137,99,1135,22,25,28,15,310,130,2395,519,4596,0.3737,80,1445,1728.0,5840.0,0,1510,2490,4596,4300,4520,572,1445,55,94,42,94,0,3,54,73,71,0,38,17,171,242,118,59,92,182,312,59,4596,159,101,1445,1510
06037113239,-666666666,1731,596,57,62,11,67,646,0,10,0,0,211,25,1170,213,2134,0.3796,31,857,1106.0,3434.0,0,871,1224,2134,1842,2099,243,857,31,36,23,21,17,29,34,31,20,19,81,64,0,111,46,79,39,8,36,44,2134,128,83,857,871
06037113301,1073400,3242,3492,48,132,44,114,922,44,65,43,57,715,33,2383,485,4252,0.4744,11,1637,5329.0,8555.0,159,1825,708,4255,3611,4204,729,1637,15,45,184,69,38,150,47,8,109,88,80,109,9,59,71,11,61,77,146,43,4255,490,225,1637,1825
06037113303,831700,2871,2862,24,56,26,22,250,85,81,136,128,1105,82,2081,276,3738,0.3888,47,1355,6802.0,7933.0,62,1366,1438,3799,3477,3697,673,1355,27,85,122,42,8,40,84,56,133,77,32,107,103,66,73,101,214,62,40,68,3799,696,409,1355,1366
06037113322,855500,2051,3177,9,113,34,0,358,116,142,130,51,1182,152,2298,587,4744,0.3931,54,1540,8057.0,9647.0,0,1567,1207,4761,4548,4748,888,1540,62,128,101,33,68,31,60,123,127,70,86,155,92,136,128,199,66,121,122,77,4761,813,360,1540,1567
06037113323,624300,1789,2440,119,104,34,187,952,101,29,47,40,535,163,2402,381,3904,0.4079,75,1487,3073.0,6158.0,0,1539,1874,3904,3434,3824,448,1487,141,26,31,43,0,0,79,48,74,0,0,17,71,76,78,10,132,175,95,124,3904,373,154,1487,1539
06037113324,457600,2053,2308,150,111,269,66,882,15,0,54,0,113,37,1263,155,2837,0.3262,14,995,557.0,3243.0,0,1046,1548,2837,2789,2825,519,995,13,0,0,15,3,5,13,9,0,15,83,5,166,209,227,15,143,264,27,0,2837,83,30,995,1046
06037113423,747800,1709,3047,11,46,3,26,237,126,159,27,46,631,187,1554,268,2845,0.3988,36,868,3785.0,4734.0,0,868,1674,2845,2556,2815,363,868,8,28,68,16,23,8,7,19,46,23,61,4,58,148,0,46,235,159,86,77,2845,345,278,868,868
06037113424,746200,2528,2486,6,26,42,58,343,96,141,23,26,744,118,1603,231,3117,0.3483,12,1087,4773.0,6133.0,24,1316,1530,3133,2810,3098,581,1087,68,49,13,34,41,44,64,26,45,186,29,94,153,349,74,23,30,0,19,12,3133,442,276,1087,1316
06037113425,483300,2220,1940,66,143,146,131,1288,0,0,0,24,58,184,2634,389,4254,0.3875,54,1346,269.0,5257.0,0,1375,2654,4254,3620,4210,532,1346,18,77,19,16,0,3,34,3,0,8,11,0,106,58,134,153,114,142,175,174,4254,48,10,1346,1375
06037113426,769800,2167,2634,6,76,46,32,393,45,57,8,13,342,82,1202,385,2302,0.4804,0,735,2107.0,3848.0,0,735,1036,2302,2116,2302,385,735,4,10,14,25,38,0,33,54,22,27,71,29,61,49,40,35,16,14,50,59,2302,166,152,735,735
06037113427,457900,1739,2764,26,108,109,168,717,0,0,0,0,219,72,1532,379,2350,0.4181,60,936,1135.0,3597.0,0,982,1366,2386,2006,2380,218,936,0,11,17,0,0,0,0,0,54,17,2,0,18,56,143,46,148,96,43,0,2386,141,78,936,982
06037113428,707300,2921,3013,0,18,0,51,172,98,80,130,49,929,318,2589,368,4099,0.4968,46,1101,6092.0,6929.0,0,1115,1303,4120,3840,4087,739,1101,107,33,20,19,64,56,13,87,52,17,29,55,77,29,289,32,124,119,55,85,4120,451,409,1101,1115
06037115101,1117800,2114,2957,0,21,28,37,257,124,87,134,76,1609,176,2539,437,5012,0.4761,28,1866,12593.0,13994.0,0,1972,953,5034,4797,5034,1093,1866,59,126,195,86,45,110,112,221,170,187,14,62,38,104,158,83,51,133,187,102,5034,1277,322,1866,1972
06037115103,-666666666,1375,-666666666,0,5,0,0,14,0,0,0,0,0,154,1111,9,24,0.423,0,14,-666666666.0,28.0,0,27,739,2606,1478,2606,5,14,0,0,0,0,0,0,0,0,0,0,0,0,0,5,0,7,0,0,0,8,2606,0,0,14,27
06037115104,683000,2075,2330,160,35,140,131,1446,71,19,57,16,538,310,3036,958,4385,0.5366,31,1984,3385.0,7396.0,0,2193,1244,4404,3267,4404,488,1984,48,17,65,7,11,23,53,9,52,20,65,56,101,44,38,33,0,0,105,74,4404,396,142,1984,2193
06037115202,814400,2121,2794,88,65,78,43,1275,104,73,45,65,802,419,4081,1482,6001,0.4687,110,2077,4901.0,10403.0,0,2144,2651,6034,5366,6034,784,2077,113,41,117,41,31,24,101,82,43,48,8,67,27,57,24,24,90,104,162,1,6034,508,278,2077,2144
06037115203,1092500,1920,2900,69,33,108,16,744,10,0,32,0,266,23,1255,385,1929,0.5594,53,1010,2273.0,4622.0,0,1252,746,1929,1598,1929,384,1010,38,60,18,0,0,11,14,107,97,13,38,25,0,52,0,55,49,0,54,35,1929,231,35,1010,1252
06037115204,833800,1925,2403,263,84,105,87,1132,41,93,20,21,537,152,2313,419,3925,0.4017,18,1669,3203.0,6862.0,0,1801,1239,3953,3673,3868,616,1669,30,67,74,53,10,0,8,65,56,25,80,49,233,112,49,0,93,57,78,88,3953,307,187,1669,1801
06037115301,939700,2266,2247,29,178,70,55,790,52,69,114,70,857,39,2276,385,4396,0.4106,55,1647,5623.0,8331.0,0,1770,1094,4438,3819,4438,916,1647,97,47,86,61,32,40,42,123,118,50,48,93,159,95,152,82,61,66,161,34,4438,696,161,1647,1770
06037115302,846900,1855,2466,49,28,79,66,666,15,37,60,8,386,109,1935,692,3819,0.3627,34,1052,2503.0,5256.0,0,1075,2918,3839,3653,3798,526,1052,46,13,39,46,5,6,37,13,49,44,36,23,137,123,154,124,145,82,210,110,3839,222,140,1052,1075
06037115401,769000,1938,3058,66,53,79,122,1268,64,129,0,14,641,121,2988,934,5609,0.4703,42,1909,4178.0,8712.0,0,2071,2316,5637,5378,5599,936,1909,80,90,120,20,51,25,88,128,49,85,60,7,162,136,204,110,57,126,331,139,5637,363,215,1909,2071
06037115403,831100,1709,3507,86,46,153,50,850,16,23,36,11,231,207,1975,942,3379,0.4766,37,1081,1420.0,4312.0,0,1106,1869,3379,3167,3339,488,1081,19,6,52,37,0,6,28,34,72,0,19,15,117,140,48,158,198,125,53,35,3379,123,100,1081,1106
06037115404,794700,2279,2463,32,21,64,80,486,33,53,12,22,358,167,1492,252,2607,0.4392,4,844,2012.0,3992.0,9,883,1265,2619,2278,2619,390,844,10,12,38,22,22,4,0,47,40,23,15,22,54,21,107,62,36,53,131,27,2619,190,162,844,883
06037117101,621800,1731,2818,0,37,61,73,491,218,116,110,114,999,157,2887,598,5205,0.3957,65,1490,5589.0,7404.0,0,1546,2009,5233,4994,5225,736,1490,26,23,40,48,3,20,11,97,55,43,11,12,91,164,183,153,103,252,151,115,5233,388,540,1490,1546
06037117102,609100,2322,2451,0,8,12,6,146,60,80,84,23,659,79,1431,232,2404,0.3752,48,805,3544.0,4185.0,0,861,1427,2427,2302,2427,343,805,53,36,73,50,19,0,34,19,145,35,2,17,53,22,94,24,7,48,44,91,2427,329,286,805,861
06037117201,717400,1564,1981,93,55,0,58,853,42,20,0,35,342,236,2259,990,3956,0.4751,90,1195,1704.0,4739.0,0,1257,2441,4108,3370,4098,446,1195,13,55,20,26,9,33,11,86,56,22,27,116,101,125,174,78,75,43,76,169,4108,132,151,1195,1257
06037117202,742100,-666666666,2549,12,23,20,20,336,64,45,84,47,609,240,1307,290,2769,0.4992,81,945,3749.0,4776.0,0,993,1115,2818,2571,2804,399,945,47,18,111,58,53,40,29,41,120,71,34,82,71,73,122,29,60,44,31,43,2818,323,245,945,993
06037117301,819700,3501,2859,15,9,128,25,294,105,84,46,52,852,112,2042,208,3808,0.3221,67,1146,5280.0,6897.0,0,1163,1740,3808,3519,3790,617,1146,7,40,39,24,35,59,87,52,33,30,52,21,147,117,156,97,77,93,124,48,3808,442,408,1146,1163
06037117302,851900,1892,2113,51,9,53,80,395,113,121,56,71,1208,155,2612,348,4946,0.3777,64,1603,7543.0,9109.0,0,1717,1508,4950,4691,4912,925,1603,59,80,44,58,52,106,42,123,130,111,11,160,87,150,368,52,99,161,51,116,4950,759,412,1603,1717
06037117303,871500,2071,2411,0,10,0,14,140,105,182,77,58,1042,81,1915,299,4157,0.3469,60,1182,6516.0,7329.0,0,1207,2132,4162,3988,4100,859,1182,106,41,156,16,15,8,29,182,142,46,24,62,81,144,97,85,252,18,93,22,4162,575,446,1182,1207
06037117404,812600,3063,3097,20,18,25,34,301,85,128,107,51,1102,226,2724,554,5210,0.4306,47,1403,6782.0,8006.0,0,1435,2519,5216,4346,5159,850,1403,129,166,72,23,32,9,70,91,60,37,70,13,194,193,72,42,251,137,136,240,5216,574,476,1403,1435
06037117405,371200,1732,1836,63,80,53,67,752,0,6,0,26,74,99,1597,840,3001,0.4385,72,826,315.0,3259.0,0,906,2787,3048,2753,3010,277,826,0,0,24,0,0,0,0,25,14,0,12,1,45,175,106,111,52,139,129,83,3048,30,44,826,906
06037117407,-666666666,1615,-666666666,51,243,78,69,999,0,0,7,0,7,115,1609,943,3178,0.3427,82,1006,,,0,1025,2971,3185,3051,3169,395,1006,58,6,24,0,0,0,40,54,0,0,0,0,183,146,57,123,103,156,95,78,3185,7,0,1006,1025
06037117408,629300,1605,1875,55,48,80,20,644,11,9,2,4,102,71,1237,939,2505,0.444,29,746,532.0,2391.0,0,756,1891,2505,2401,2490,255,746,7,16,23,18,4,12,47,21,18,4,3,11,50,171,81,63,98,65,128,100,2505,34,43,746,756
06037117510,442900,2097,2660,72,129,46,85,948,21,25,0,29,114,117,2001,911,3766,0.5048,104,1062,595.0,4300.0,0,1137,2984,3790,3276,3744,473,1062,26,13,27,14,0,12,32,11,30,13,22,0,198,158,191,125,120,134,68,107,3790,56,41,1062,1137
06037117520,531300,1871,1958,54,78,83,76,973,23,10,0,14,77,136,1902,1767,4343,0.4878,121,1050,402.0,4034.0,0,1097,3707,4345,4050,4282,298,1050,28,5,47,0,0,6,19,28,65,11,0,6,291,321,222,69,134,170,262,102,4345,19,37,1050,1097
06037117530,501100,1601,2318,171,141,67,51,1441,4,46,22,16,281,266,2787,1711,5741,0.5117,96,1722,1728.0,6545.0,10,1763,4053,5741,5188,5678,745,1722,31,5,61,5,25,34,113,87,24,76,24,83,118,211,244,172,300,295,162,86,5741,205,43,1722,1763
06037119001,662400,2790,2098,28,7,35,10,170,28,67,111,58,861,100,2474,395,4283,0.3171,44,1031,5017.0,5884.0,0,1040,2880,4283,3988,4231,700,1031,85,31,59,87,53,0,27,52,159,79,19,49,135,134,74,101,121,35,144,22,4283,214,546,1031,1040
06037119003,608700,1872,2463,31,0,42,29,287,54,43,22,94,539,73,1646,604,3332,0.4084,33,826,3035.0,4171.0,0,855,2905,3332,3160,3314,523,826,62,14,25,37,50,0,36,34,50,54,59,12,87,122,71,70,20,130,118,92,3332,153,238,826,855
06037119004,661400,1944,3173,0,15,0,6,198,33,20,16,0,483,170,1326,263,2759,0.408,0,681,3007.0,3886.0,0,758,2281,2759,2663,2759,333,681,34,42,25,13,0,30,68,28,22,34,10,50,112,96,120,9,183,117,69,29,2759,177,284,681,758
06037119201,619200,2443,2250,41,0,0,0,156,114,60,154,55,713,249,2143,361,3952,0.3577,26,869,3867.0,4566.0,7,887,3459,3976,3808,3964,478,869,30,37,34,27,21,46,27,92,33,59,57,48,51,85,203,42,153,55,64,51,3976,217,293,869,887
06037119202,604600,1838,2485,54,59,50,65,390,103,40,83,18,746,151,2310,802,4674,0.3164,41,1136,4012.0,5359.0,0,1152,4215,4674,4557,4597,586,1136,78,38,67,64,55,11,28,45,83,89,62,26,79,99,271,200,171,158,124,29,4674,282,248,1136,1152
06037119310,449700,1236,2042,23,60,12,90,552,72,48,54,31,692,161,2203,356,3613,0.4599,7,1244,3162.0,5046.0,0,1263,2115,3767,3565,3767,358,1244,28,45,62,61,22,51,52,86,135,168,41,33,21,88,96,139,55,122,68,0,3767,279,355,1244,1263
06037119320,559800,2021,2637,111,87,80,96,895,11,3,87,0,405,224,2352,705,4292,0.4007,57,1300,2372.0,5640.0,0,1300,3102,4292,3903,4292,537,1300,0,52,49,34,0,0,20,77,53,0,53,37,187,151,70,37,85,157,200,98,4292,166,191,1300,1300
06037119340,-666666666,1570,-666666666,61,131,59,41,1000,0,0,0,0,8,195,1835,1242,3733,0.399,42,1008,,,0,1067,3413,3748,3402,3708,404,1008,5,0,8,16,6,0,0,0,18,0,2,17,129,127,211,61,162,313,138,78,3748,8,0,1008,1067
06037119341,462800,1900,2091,40,72,46,62,526,16,38,39,28,345,92,1536,448,2744,0.4441,23,871,1816.0,4001.0,7,871,1798,2744,2652,2744,374,871,33,22,44,9,59,64,123,21,83,70,15,0,20,123,58,32,71,35,65,54,2744,164,159,871,871
06037119342,448800,2053,2056,27,54,21,20,403,61,0,49,42,380,97,1658,318,2784,0.3748,58,783,2041.0,3830.0,0,818,2033,2791,2718,2782,342,783,0,17,89,10,0,0,20,6,44,39,0,13,68,67,94,123,30,86,96,61,2791,155,205,783,818
06037119400,639500,2430,2251,12,30,24,0,188,53,113,129,80,914,103,2384,454,4650,0.4026,29,1102,5314.0,6307.0,0,1127,3717,4650,4519,4551,713,1102,8,41,31,54,23,0,25,40,24,143,75,9,87,122,228,144,220,209,144,34,4650,286,448,1102,1127
06037119700,683100,997,1814,15,0,130,38,291,59,7,62,12,1022,127,2372,155,4272,0.4527,43,1313,6476.0,8009.0,0,1386,1935,4414,4294,4414,720,1313,11,48,112,24,13,15,37,96,88,148,7,72,152,130,144,183,0,95,109,33,4414,618,305,1313,1386
06037119801,676700,2719,2242,30,0,13,0,117,18,20,86,4,506,89,1452,370,2697,0.3871,39,623,2990.0,3589.0,0,623,2075,2702,2489,2614,299,623,16,38,23,8,42,12,35,44,56,38,4,59,171,41,97,112,69,25,79,55,2702,256,103,623,623
06037119802,642600,1917,2353,25,45,62,13,250,35,36,45,33,549,27,1451,477,3041,0.3536,6,799,3103.0,4209.0,6,830,2394,3094,2952,3045,528,799,30,43,23,62,17,0,22,64,56,80,17,9,46,71,117,54,139,17,53,77,3094,242,211,799,830
06037119900,619900,2337,2123,23,33,17,20,265,82,165,70,39,981,56,2345,118,4482,0.3739,20,1246,5474.0,6419.0,0,1294,3640,4503,4370,4496,707,1246,38,17,99,0,18,57,38,33,113,106,34,56,63,88,113,207,57,116,259,32,4503,423,396,1246,1294
06037120010,623300,1464,2494,22,22,48,30,380,73,50,31,0,378,137,1510,363,2617,0.4075,49,758,1875.0,3408.0,0,758,2202,2643,2359,2619,401,758,76,18,38,0,5,16,29,50,40,3,11,8,105,137,36,22,111,95,105,51,2643,160,185,758,758
06037120020,610200,1612,2321,74,48,98,74,1051,61,26,5,15,220,313,2440,857,3901,0.4911,71,1271,1219.0,4563.0,7,1288,2586,3973,3723,3973,586,1271,193,63,27,0,13,0,61,45,31,33,0,0,76,182,98,108,145,78,132,78,3973,80,114,1271,1288
06037120030,671200,1418,3781,61,60,110,40,637,0,6,0,0,63,192,1360,778,2560,0.4466,80,700,378.0,2624.0,0,727,2119,2576,2545,2576,373,700,13,0,42,21,6,11,24,12,41,37,12,0,67,62,123,82,55,118,101,46,2576,25,38,700,727
06037120103,376900,1655,1300,18,82,20,88,788,0,23,0,0,52,135,1413,1003,2879,0.3965,38,840,236.0,2945.0,0,857,2689,2879,2758,2799,312,840,0,16,35,6,4,0,34,8,9,25,0,0,114,53,198,160,142,182,87,67,2879,52,0,840,857
06037120104,509300,1848,1641,64,71,97,26,767,0,9,12,0,52,142,1311,578,2603,0.5043,73,819,312.0,2963.0,0,836,1558,2603,2391,2569,294,819,10,28,29,13,0,11,73,53,55,7,0,49,108,165,97,28,63,55,107,36,2603,17,29,819,836
06037120105,620000,1186,1405,81,12,50,63,563,31,24,5,3,287,112,1496,530,2755,0.5142,66,850,1586.0,3429.0,0,875,2164,2755,2471,2717,305,850,24,31,28,27,9,36,52,28,123,36,16,49,31,35,94,76,98,93,96,56,2755,86,173,850,875
06037120106,-666666666,1556,-666666666,82,19,52,76,1055,0,43,0,9,260,291,2252,1387,4181,0.4586,49,1315,1130.0,4580.0,0,1348,3567,4282,4098,4253,451,1315,35,217,65,60,18,11,6,0,36,6,0,22,144,161,254,131,135,53,198,110,4282,198,48,1315,1348
06037120107,534400,1606,1238,27,168,97,115,1046,19,4,0,0,69,164,1906,1449,4130,0.3901,92,1115,439.0,3806.0,0,1115,3561,4130,3740,4007,492,1115,37,19,26,6,8,29,35,72,80,0,0,11,243,189,227,87,112,192,139,147,4130,36,0,1115,1115
06037120108,451900,1525,1909,94,134,43,32,867,135,60,15,19,551,159,2616,1127,4505,0.4485,83,1418,2923.0,6354.0,0,1466,3278,4558,4351,4466,535,1418,111,18,0,40,19,0,84,26,19,19,10,59,136,222,189,83,149,159,190,51,4558,260,221,1418,1466
06037120300,666300,1477,2186,68,57,21,94,603,116,88,42,13,927,494,2818,937,5422,0.4408,161,1530,4869.0,7304.0,0,1547,2475,5469,5006,5386,857,1530,58,114,66,40,0,12,20,104,64,8,66,59,202,166,246,194,97,155,173,49,5469,363,384,1530,1547
06037120400,649900,1589,2244,69,216,190,33,1372,0,73,72,97,729,311,2817,886,5664,0.4503,155,2101,3989.0,8298.0,0,2101,3218,5820,5430,5820,851,2101,178,71,89,40,107,34,76,156,89,196,55,78,138,205,127,48,64,266,163,0,5820,397,320,2101,2101
06037121010,768600,2050,2456,12,24,74,49,309,104,95,40,56,872,225,2596,426,5166,0.4556,206,1181,5112.0,6215.0,0,1257,3334,5213,5118,5174,736,1181,98,117,107,126,74,0,64,62,153,61,19,29,72,160,142,42,129,115,196,77,5213,373,324,1181,1257
06037121020,750400,1827,2173,45,0,69,6,436,9,109,37,106,603,214,1952,386,3433,0.4066,61,1039,3627.0,5331.0,0,1140,2006,3481,3258,3464,472,1039,34,15,81,92,17,10,64,11,86,53,16,7,115,64,159,42,70,37,128,95,3481,285,296,1039,1140
06037121101,574200,1652,2275,77,62,77,33,581,78,0,4,70,433,112,1883,388,3345,0.4514,74,1014,2358.0,4207.0,0,1027,2535,3345,3027,3345,483,1014,5,70,63,22,21,12,13,43,11,20,21,19,49,88,46,67,85,82,148,33,3345,149,238,1014,1027
06037121102,782500,2011,2500,0,5,39,12,274,29,28,78,13,482,46,1140,133,2245,0.4466,21,756,2689.0,3749.0,4,833,1024,2254,2129,2249,405,756,14,52,29,29,25,39,6,65,65,22,46,11,28,62,48,68,26,105,45,75,2254,255,214,756,833
06037121210,668300,1413,2033,30,48,8,48,276,50,49,21,48,536,89,1209,278,3016,0.3804,19,812,3203.0,4279.0,39,858,2246,3168,2861,3087,403,812,22,57,68,72,16,44,118,77,56,84,13,48,74,60,154,68,124,71,171,42,3168,306,133,812,858
06037121221,614300,1714,2151,38,23,17,0,120,36,40,53,22,396,45,1157,188,2030,0.3889,4,516,2255.0,2630.0,0,533,1615,2047,2003,2036,278,516,26,51,49,19,0,19,24,36,76,22,0,6,11,97,60,14,33,61,9,19,2047,159,187,516,533
06037121222,697100,1695,2137,78,127,66,121,735,42,47,80,29,501,253,2697,729,4928,0.4455,62,1236,2922.0,5498.0,0,1297,4310,5111,4829,5005,620,1236,25,10,108,13,22,41,10,21,85,8,19,43,101,192,148,100,187,194,125,88,5111,150,235,1236,1297
06037121600,770700,2191,2370,0,6,12,0,112,44,91,99,0,669,112,1349,443,2595,0.4071,31,781,4067.0,4654.0,0,881,815,2604,2409,2579,395,781,25,39,69,12,13,1,75,55,56,20,29,3,50,136,18,46,20,90,76,36,2604,359,274,781,881
06037121801,609000,1846,1653,21,61,54,92,861,34,55,29,18,335,205,2335,466,4266,0.3872,51,1196,1836.0,4777.0,0,1296,3442,4302,3969,4222,631,1196,9,91,48,0,57,0,0,31,48,64,0,0,127,153,244,145,45,147,183,57,4302,113,163,1196,1296
06037121802,696000,1125,2577,6,17,71,34,258,33,29,37,5,456,134,1526,592,3157,0.4284,58,714,2476.0,3421.0,0,797,2131,3192,2726,3189,349,714,5,146,75,14,2,7,45,50,34,61,7,29,79,69,62,34,162,79,75,44,3192,126,257,714,797
06037121900,685800,1742,980,19,52,64,71,561,0,50,9,24,491,260,1895,398,3324,0.4488,61,1052,2753.0,4871.0,36,1295,2662,3329,3026,3329,425,1052,0,71,0,17,15,8,36,1,58,49,58,3,55,60,132,55,73,110,42,80,3329,198,248,1052,1295
06037122000,704100,2089,2789,35,19,82,27,490,113,42,63,62,1086,368,3042,565,5326,0.4294,71,1576,6709.0,8660.0,0,1609,2262,5326,4888,5326,697,1576,83,48,127,14,18,22,60,129,136,105,56,50,70,81,88,96,177,180,103,84,5326,677,277,1576,1609
06037122120,716900,1758,1574,47,75,59,0,570,54,29,35,32,642,144,2263,624,4354,0.4384,66,1212,3644.0,6383.0,0,1212,3321,4387,4167,4380,729,1212,50,113,60,27,0,12,91,75,126,20,8,79,75,155,140,69,55,140,129,118,4387,316,283,1212,1212
06037122121,633200,1629,2033,12,94,25,64,528,26,3,3,6,266,63,1186,761,2715,0.4467,21,794,1539.0,3252.0,0,803,2108,2726,2345,2695,419,794,3,24,68,10,0,0,30,16,50,9,7,38,77,100,110,97,63,183,129,38,2726,124,99,794,803
06037122122,569700,1617,1792,60,13,47,64,601,6,15,0,0,108,30,1120,753,2562,0.446,76,709,567.0,2842.0,15,746,2193,2562,2395,2547,198,709,33,30,31,33,12,0,37,0,48,5,26,18,68,243,151,44,104,44,71,58,2562,58,43,709,746
06037122200,715200,2111,1969,61,23,21,18,409,55,12,25,50,428,87,1856,395,3623,0.3712,31,837,2310.0,4056.0,16,940,2920,3625,3500,3576,476,837,23,61,48,27,13,6,36,36,27,32,30,8,124,107,93,119,205,100,143,25,3625,130,191,837,940
06037122410,456300,1682,-666666666,134,135,113,155,1064,0,0,8,18,159,81,2316,768,3957,0.4797,63,1223,841.0,4592.0,38,1260,3376,4083,3784,4061,498,1223,0,53,49,39,15,7,19,26,40,27,8,51,165,85,206,125,86,152,98,92,4083,96,23,1223,1260
06037122420,793300,1657,2028,62,146,86,132,914,6,65,83,0,371,71,2696,873,5293,0.417,155,1285,1975.0,5159.0,0,1326,4671,5328,4953,5239,543,1285,0,28,49,18,0,33,45,0,86,55,63,33,105,196,129,104,221,73,269,192,5328,107,155,1285,1326
06037123010,662300,1687,2484,19,14,11,104,676,37,23,9,10,300,112,1782,1034,3791,0.4473,102,976,1996.0,4392.0,0,1029,3276,3828,3337,3809,447,976,5,37,17,41,12,26,21,41,84,18,39,28,104,198,126,85,88,136,184,84,3828,136,153,976,1029
06037123020,627500,1694,1883,15,78,6,12,305,42,26,17,18,389,91,1635,214,2793,0.4177,13,694,2057.0,3378.0,0,752,2096,2804,2623,2796,406,694,28,10,31,7,26,28,30,28,36,26,32,31,62,83,93,70,27,8,80,26,2804,115,192,694,752
06037123103,647400,1776,2419,78,152,89,37,926,67,50,45,56,677,207,2658,414,3893,0.3611,101,1603,3233.0,6169.0,0,1689,2081,3893,3463,3849,429,1603,34,8,42,26,0,0,61,22,92,52,57,16,69,21,140,43,29,172,19,97,3893,413,218,1603,1689
06037123104,813400,1811,2602,59,113,50,32,1096,43,36,42,10,530,130,2659,1159,4633,0.4409,146,1626,3046.0,6556.0,0,1800,2240,4700,4105,4675,727,1626,84,21,47,69,13,3,58,12,35,44,13,46,60,143,307,36,87,128,226,12,4700,268,194,1626,1800
06037123203,782000,1770,2671,21,47,115,147,883,9,30,0,0,133,76,1559,761,2926,0.4677,15,1016,527.0,3623.0,13,1016,2063,2926,2641,2910,386,1016,6,68,0,14,8,13,0,11,108,13,12,46,42,106,0,12,108,32,169,56,2926,60,0,1016,1016
06037123204,872100,1621,2679,30,110,152,137,916,0,0,15,0,128,416,1974,804,3316,0.3529,59,1044,670.0,3867.0,0,1096,2509,3333,3063,3325,294,1044,13,35,7,45,4,0,0,21,47,54,0,24,24,40,51,18,100,98,247,75,3333,88,16,1044,1096
06037123205,945400,1825,1366,52,62,22,41,544,20,15,0,0,225,155,1467,968,2795,0.451,133,769,1148.0,3098.0,0,811,2153,2834,2575,2771,357,769,0,13,39,8,4,4,13,31,60,15,26,15,57,47,99,109,177,67,21,56,2834,124,64,769,811
06037123206,607500,1395,2454,60,63,35,53,643,15,12,8,14,173,211,1369,467,2470,0.4014,64,816,800.0,2850.0,0,867,2082,2470,2311,2470,338,816,28,53,51,5,36,0,46,18,37,20,6,43,55,93,75,87,39,63,43,44,2470,99,43,816,867
06037123301,632700,1952,1916,55,111,70,162,962,32,71,133,31,730,49,2334,313,3945,0.4094,93,1692,4007.0,7229.0,0,1751,1380,3956,3182,3932,682,1692,29,40,40,72,48,0,69,90,176,53,50,47,60,83,49,10,71,78,114,39,3956,563,149,1692,1751
06037123303,844200,1870,2277,51,114,62,72,579,32,0,48,27,295,99,1546,543,2842,0.4139,32,874,1782.0,4044.0,0,917,1529,2842,2651,2827,397,874,31,19,51,42,0,17,30,7,69,33,96,0,86,53,66,46,24,68,59,53,2842,150,133,874,917
06037123304,860600,1533,2676,74,138,85,95,1356,87,0,45,18,446,163,1936,689,4435,0.4874,63,1802,2439.0,6905.0,0,1868,1905,4435,4023,4402,659,1802,104,21,93,120,60,19,150,150,206,145,120,223,148,11,237,41,78,47,130,41,4435,258,165,1802,1868
06037123410,794500,1661,3038,60,11,59,34,1009,12,53,0,0,211,188,1724,981,3374,0.6037,47,1220,1343.0,4804.0,0,1272,1747,3469,3307,3442,407,1220,24,19,46,27,0,10,73,69,98,8,19,38,87,204,127,67,29,43,104,91,3469,163,48,1220,1272
06037123420,776200,1631,2650,52,66,106,22,1038,10,82,104,17,511,248,2677,899,4453,0.4687,111,1549,2791.0,7117.0,0,1640,2501,4453,3903,4435,603,1549,37,60,17,47,0,18,58,48,135,8,11,0,173,150,246,23,81,149,218,51,4453,324,187,1549,1640
06037123510,1023400,1655,4001,66,129,117,79,1212,73,37,0,38,389,188,2382,985,4535,0.5011,80,1601,2623.0,6582.0,0,1700,2134,4652,4468,4612,638,1601,61,26,111,0,28,21,30,88,122,15,79,111,136,68,190,210,53,158,119,136,4652,287,102,1601,1700
06037123520,856600,1871,2954,22,46,28,15,455,18,33,9,3,321,241,1411,398,2488,0.5369,52,776,1958.0,3537.0,0,841,1326,2488,2336,2462,397,776,27,101,29,20,16,6,24,63,39,7,24,6,15,45,64,70,93,144,38,30,2488,192,87,776,841
06037123601,821000,1906,2303,94,185,192,86,1114,56,116,131,13,819,213,3087,922,5379,0.4402,139,1933,4303.0,8143.0,0,2023,2173,5498,4851,5461,818,1933,5,41,124,38,46,22,125,39,115,60,36,120,281,211,191,159,103,61,258,47,5498,466,339,1933,2023
06037123602,1060700,1688,3136,46,46,51,61,739,8,43,8,50,462,77,1642,723,3069,0.5244,85,1201,2807.0,5634.0,0,1302,1006,3099,2579,3023,540,1201,88,15,78,21,8,7,24,177,127,27,42,34,104,37,110,30,86,117,158,43,3099,320,133,1201,1302
06037123700,801600,1857,2917,100,222,40,43,1000,104,104,17,29,737,135,2320,486,3827,0.4611,28,1737,4481.0,7671.0,0,1826,797,3827,3390,3825,654,1737,51,47,74,126,43,8,75,69,55,84,14,25,99,84,112,26,71,35,52,57,3827,497,212,1737,1826
06037123800,950600,1867,3082,32,153,64,83,1383,0,88,37,36,892,155,2881,775,5552,0.5111,165,2275,5088.0,9480.0,0,2370,1211,5552,4800,5501,1192,2275,125,102,94,17,71,0,49,177,42,133,40,28,62,37,204,26,121,109,286,71,5552,652,219,2275,2370
06037123901,956500,1878,2750,85,89,74,115,943,50,37,43,5,523,134,2394,1035,4360,0.5034,20,1466,3083.0,6794.0,14,1620,2264,4369,4069,4357,661,1466,60,45,109,10,41,19,64,49,66,55,71,26,148,109,304,48,113,78,124,16,4369,357,166,1466,1620
06037123902,1037600,2140,2417,69,145,70,44,665,28,40,63,39,435,217,1706,501,2758,0.4335,48,1100,2467.0,4889.0,0,1161,928,2758,2477,2708,521,1100,19,0,40,25,0,0,0,30,31,44,20,9,58,192,143,54,50,68,5,15,2758,307,128,1100,1161
06037124000,1316700,2042,2474,14,129,112,48,1150,33,43,98,44,1040,120,2441,803,4502,0.5716,40,2190,6505.0,10617.0,64,2298,456,4502,3806,4391,785,2190,55,274,39,32,63,126,33,80,62,68,117,91,75,39,89,82,128,118,140,62,4502,897,143,2190,2298
06037124102,1011900,1892,3121,66,168,143,86,1105,55,40,84,14,396,232,2336,1029,3634,0.4736,74,1501,2417.0,6337.0,12,1600,1346,3653,3204,3652,500,1501,137,28,34,8,2,20,3,32,82,23,9,9,68,234,126,39,109,54,44,118,3653,257,139,1501,1600
06037124103,889100,1623,1974,36,5,68,48,356,12,13,7,26,211,60,1059,228,1891,0.4261,32,567,1180.0,2357.0,0,596,1187,1891,1805,1875,378,567,10,7,10,17,9,19,22,23,24,19,12,22,44,9,92,29,58,25,93,78,1891,76,116,567,596
06037124104,866600,1729,-666666666,44,103,78,95,941,7,3,0,0,119,168,1596,561,2760,0.4724,48,1060,739.0,3430.0,0,1119,1821,2777,2561,2753,246,1060,0,21,37,11,4,47,51,44,38,11,22,60,54,109,112,62,57,24,69,14,2777,56,63,1060,1119
06037124105,750000,1727,3281,56,66,120,86,677,14,14,19,45,162,70,1327,361,2191,0.3988,74,839,812.0,2789.0,0,888,1292,2191,2002,2155,327,839,3,12,5,34,21,0,10,26,25,57,0,0,46,65,38,28,117,63,54,5,2191,112,46,839,888
06037124201,766000,1883,2711,36,26,165,115,580,113,40,43,21,505,76,1978,347,3436,0.4519,8,1085,2871.0,4853.0,0,1175,2221,3445,3289,3419,424,1085,5,9,16,55,34,6,36,25,33,47,15,33,81,210,125,54,106,40,86,0,3445,294,211,1085,1175
06037124203,938600,1883,2526,75,63,23,50,652,27,43,12,0,145,89,1239,192,2063,0.4078,53,797,837.0,3039.0,0,833,1168,2063,1744,2038,367,797,20,25,46,12,0,5,16,9,26,17,8,3,55,38,38,24,21,56,28,58,2063,106,33,797,833
06037124204,642000,1591,2337,93,96,78,79,876,0,36,9,0,164,56,1250,708,2473,0.469,113,1040,856.0,3524.0,0,1068,1342,2537,2223,2484,213,1040,87,43,0,0,12,0,56,40,74,27,0,0,145,98,74,0,63,68,65,30,2537,142,22,1040,1068
06037124300,828600,1791,2842,136,65,69,44,873,87,54,69,7,395,124,1750,205,3043,0.3906,38,1268,1890.0,4731.0,19,1437,1634,3094,2927,3044,504,1268,7,44,61,11,9,22,9,55,42,15,15,61,83,16,60,86,73,72,8,0,3094,205,125,1268,1437
06037124400,1050800,2236,2698,136,114,130,137,1093,82,38,22,26,546,171,2676,352,4419,0.4509,113,1639,3516.0,8077.0,0,1726,1536,4470,4169,4429,808,1639,26,35,12,71,68,45,23,37,50,57,26,80,121,91,131,115,126,135,83,52,4470,391,149,1639,1726
06037124500,1101200,2198,2725,27,50,44,23,538,52,17,19,13,718,113,1707,424,2728,0.5167,62,1256,4771.0,6856.0,0,1308,589,2728,2391,2701,469,1256,61,111,18,29,0,9,57,131,61,24,7,55,69,71,94,8,38,54,24,38,2728,657,61,1256,1308
06037124600,1335500,2454,3515,25,70,95,76,821,46,39,24,17,491,103,1707,106,2847,0.412,41,1312,3105.0,6620.0,65,1485,416,2849,2400,2849,580,1312,48,25,85,47,35,10,30,130,61,60,6,18,34,96,26,39,69,16,153,23,2849,406,85,1312,1485
06037124700,1331300,2214,3824,360,178,106,77,1509,140,75,57,47,1029,442,3163,453,5115,0.4771,65,2538,6881.0,12290.0,0,2642,509,5251,4314,5207,848,2538,45,35,191,12,25,15,37,58,244,90,58,55,139,34,0,29,101,70,185,56,5251,808,203,2538,2642
06037124902,907200,1814,2250,69,101,251,88,1267,24,13,33,40,239,137,1875,381,3123,0.4521,95,1506,1427.0,4906.0,0,1660,638,3129,2776,3129,459,1506,0,59,31,74,52,6,27,25,59,8,67,9,21,55,109,52,118,65,79,23,3129,146,93,1506,1660
06037124903,689100,2112,2886,191,110,44,91,1367,37,17,10,100,302,124,2238,545,3762,0.417,88,1669,1361.0,6471.0,19,1735,861,3964,3374,3895,602,1669,9,127,84,28,16,22,27,51,69,55,13,53,164,95,99,59,66,174,148,17,3964,179,98,1669,1735
06037125101,655400,1854,1799,193,261,230,128,1879,0,38,84,12,373,298,3016,622,4465,0.348,85,2252,1737.0,8072.0,0,2269,1071,4465,3867,4440,400,2252,28,44,19,0,27,0,0,0,19,83,84,73,57,71,78,20,0,51,113,18,4465,294,55,2252,2269
06037125102,1761700,2211,4001,49,31,10,75,484,12,100,32,36,444,113,1403,194,2053,0.469,8,928,3110.0,5033.0,14,928,238,2053,1669,2037,480,928,35,77,10,24,15,0,45,95,15,28,0,18,126,56,32,64,19,8,62,0,2053,325,119,928,928
06037125200,1104300,2304,2919,92,126,192,230,1437,43,62,57,37,543,293,2817,318,4203,0.4632,21,1980,3342.0,8555.0,20,2200,1163,4203,3427,4119,609,1980,14,18,30,18,0,19,35,73,103,24,0,82,64,164,147,38,138,106,23,61,4203,419,120,1980,2200
06037125310,1157500,1904,3736,100,438,145,194,1718,13,0,24,0,382,258,2854,492,4129,0.469,30,2100,2167.0,7142.0,10,2499,1248,4170,3774,4152,445,2100,48,1,85,0,0,9,19,20,41,34,5,27,85,83,0,0,140,194,35,28,4170,281,89,2100,2499
06037125321,561400,2136,2259,103,52,125,332,1345,24,27,0,0,104,134,1867,420,2840,0.3986,70,1449,361.0,4190.0,0,1506,881,2840,2275,2810,213,1449,0,9,24,64,0,0,0,25,37,26,0,18,0,35,85,116,39,22,100,13,2840,95,9,1449,1506
06037125322,-666666666,2290,-666666666,58,56,255,140,1543,0,0,0,0,0,157,1479,599,2090,0.5046,124,1543,-666666666.0,3736.0,22,1806,846,2090,1561,2090,153,1543,63,0,0,0,0,33,31,0,62,156,108,65,0,0,0,0,0,0,0,0,2090,0,0,1543,1806
06037125402,814800,2220,3213,30,217,349,176,1710,42,0,44,23,318,335,2881,300,3798,0.3695,40,2028,1861.0,7584.0,73,2255,952,3821,3319,3786,616,2028,0,0,69,0,20,0,17,0,17,44,39,37,111,52,64,25,0,0,19,69,3821,212,106,2028,2255
06037125403,485000,2235,2425,113,150,187,247,1463,0,0,0,10,63,233,2093,367,2594,0.3576,96,1526,233.0,4576.0,130,1593,844,2594,2007,2584,335,1526,0,0,0,0,7,52,0,8,17,10,37,11,10,27,13,16,18,10,16,28,2594,40,23,1526,1593
06037125404,-666666666,2677,-666666666,298,124,157,301,1753,5,0,0,0,5,340,2572,525,3001,0.3566,128,1758,,,49,1957,582,3001,2604,3001,157,1758,0,0,0,0,0,0,13,0,25,0,0,1,0,0,0,0,98,0,52,0,3001,5,0,1758,1957
06037125501,1041100,1898,3702,111,254,133,91,1460,19,16,7,0,188,224,1973,421,2969,0.5399,171,1648,1082.0,5684.0,12,1748,552,2969,2453,2886,348,1648,19,0,66,10,26,86,50,13,7,42,31,0,117,48,41,0,96,19,5,5,2969,153,35,1648,1748
06037125502,696900,2004,3303,186,129,223,238,1569,18,9,13,34,384,395,2745,620,3696,0.6045,80,1953,1830.0,7104.0,40,2137,851,3696,3146,3659,442,1953,29,145,40,0,0,0,0,66,156,27,89,0,67,0,70,31,45,36,48,22,3696,290,94,1953,2137
06037125600,1656300,2143,4001,113,124,37,78,722,48,40,60,29,572,50,1616,273,2990,0.5233,162,1294,4404.0,7126.0,0,1377,632,2990,2717,2916,472,1294,20,40,116,38,48,28,17,23,101,125,12,16,92,31,105,33,149,25,80,68,2990,521,51,1294,1377
06037127102,572800,1965,2080,43,47,43,147,997,32,140,68,0,599,234,3034,1357,5288,0.47,143,1596,3373.0,7318.0,0,1665,3543,5292,4929,5209,578,1596,51,11,10,43,0,18,69,94,62,60,22,93,170,138,115,61,192,185,173,218,5292,243,318,1596,1665
06037127103,561600,1699,1227,135,132,108,36,1068,30,10,12,0,260,98,2193,349,3354,0.3889,84,1328,1262.0,5249.0,44,1405,1798,3354,3006,3305,519,1328,12,16,43,6,0,11,46,100,0,28,6,23,84,92,161,52,124,22,55,68,3354,197,63,1328,1405
06037127104,733600,1766,1380,113,0,42,36,954,16,50,24,8,449,235,2448,906,4219,0.3649,104,1403,2452.0,5549.0,11,1449,2565,4327,3996,4327,742,1403,23,87,92,49,0,26,51,16,45,66,0,21,123,75,187,108,89,50,273,69,4327,335,83,1403,1449
06037127210,595300,1775,2185,101,152,200,71,1294,19,74,0,4,604,309,3304,474,5418,0.4448,80,1898,3298.0,7642.0,0,2020,3100,5434,4765,5403,637,1898,142,53,58,42,12,15,30,0,125,0,39,150,171,134,140,51,65,163,230,29,5434,326,235,1898,2020
06037127220,621400,1774,2560,101,87,72,91,1282,23,20,0,10,412,313,2567,1060,4750,0.5605,67,1694,2048.0,5720.0,0,1796,3350,4750,3977,4692,648,1694,6,32,72,113,29,23,36,38,247,70,17,25,269,73,250,51,30,186,112,78,4750,235,121,1694,1796
06037127300,705500,1877,2478,43,170,48,53,940,81,26,5,21,490,208,2608,319,4195,0.4767,53,1430,3161.0,6126.0,0,1455,2443,4301,3826,4279,498,1430,63,64,70,47,8,30,8,87,114,24,16,31,86,145,170,58,34,8,121,186,4301,207,261,1430,1455
06037127400,602500,1643,2164,137,75,178,138,1411,9,23,58,36,529,270,3165,966,5626,0.4312,64,1940,3055.0,7792.0,0,2027,4213,5638,5307,5577,957,1940,0,47,65,38,0,0,10,174,61,23,0,0,182,85,179,56,118,193,228,36,5638,290,211,1940,2027
06037127520,-666666666,1612,-666666666,95,175,162,191,1467,0,0,0,0,0,134,2512,1199,4868,0.3586,106,1467,-666666666.0,4304.0,0,1467,4038,4868,4365,4841,415,1467,71,10,58,67,0,0,98,42,88,48,23,0,156,221,216,161,74,206,263,98,4868,0,0,1467,1467
06037127603,620500,1768,2553,120,133,22,59,769,10,19,6,0,128,124,1597,734,2860,0.4024,38,897,675.0,3199.0,0,915,2311,2873,2562,2789,347,897,0,12,51,11,0,0,13,34,38,6,0,14,154,42,53,137,99,107,86,68,2873,64,36,897,915
06037127604,645800,1735,2481,149,102,56,200,1339,17,7,21,0,185,110,1675,764,3134,0.5073,48,1524,1282.0,4928.0,10,1557,1597,3151,2734,3138,357,1524,0,0,88,0,30,45,24,28,197,78,29,10,26,165,68,18,49,80,87,27,3151,140,23,1524,1557
06037127605,697700,1828,-666666666,39,182,138,95,911,0,7,30,8,279,112,1844,817,3682,0.4111,7,1190,1026.0,4181.0,0,1233,2532,3682,3263,3666,337,1190,12,59,28,12,0,6,0,0,33,12,48,5,102,117,349,12,50,120,268,62,3682,122,57,1190,1233
06037127606,796400,1815,1846,55,96,67,79,779,53,21,13,41,329,99,1813,814,3218,0.4481,33,1108,1820.0,4115.0,0,1170,1907,3218,2833,3175,412,1108,16,35,0,0,28,0,22,98,25,56,28,29,72,70,72,0,110,72,48,135,3218,210,94,1108,1170
06037127711,841200,1998,2116,70,81,68,27,782,56,59,31,0,403,252,1903,718,3231,0.5314,74,1185,2792.0,5574.0,0,1185,1714,3231,2964,3219,476,1185,42,31,23,21,15,36,0,29,74,19,31,25,40,110,192,70,68,35,59,76,3231,330,63,1185,1185
06037127712,851900,1695,-666666666,174,93,182,218,1330,11,27,14,0,236,112,2418,908,4034,0.429,49,1566,1470.0,5268.0,0,1644,2509,4047,3763,4030,507,1566,0,73,0,30,0,15,42,78,63,50,4,0,45,191,175,97,93,162,118,14,4047,132,104,1566,1644
06037127803,725500,1748,1968,147,193,33,136,1266,101,59,16,35,374,256,2606,1068,4927,0.4229,205,1640,2456.0,6308.0,0,1906,2822,5002,4032,4887,651,1640,47,34,54,37,28,78,65,9,94,71,79,111,211,193,143,23,54,176,95,107,5002,143,196,1640,1906
06037127804,657600,1829,2240,163,97,96,107,1257,82,44,25,44,395,268,2613,611,4428,0.4667,101,1652,2360.0,5982.0,0,1751,2325,4433,4041,4405,443,1652,38,33,81,0,61,21,47,24,65,94,32,20,360,83,127,41,51,88,123,137,4433,294,54,1652,1751
06037127805,1005000,1492,2000,52,64,102,83,948,12,0,11,0,196,160,1742,901,3244,0.4451,100,1144,1223.0,4592.0,0,1185,2322,3514,3341,3465,454,1144,31,12,129,19,37,72,25,92,11,19,82,48,121,145,117,39,49,123,51,58,3514,130,36,1144,1185
06037127806,832400,1774,2535,125,38,181,70,1033,51,20,22,24,259,134,2305,346,3729,0.3907,40,1292,1743.0,5091.0,22,1367,2480,3729,3190,3699,481,1292,12,64,88,41,0,0,49,20,18,39,0,0,44,56,115,21,150,61,113,45,3729,174,85,1292,1367
06037127910,726900,1685,3149,68,57,139,126,1213,54,0,68,22,361,248,2685,1227,4934,0.4437,141,1574,1993.0,6016.0,0,1677,3650,5072,4777,5072,640,1574,30,30,2,0,24,12,22,11,82,31,85,93,57,109,80,64,199,357,273,171,5072,151,173,1574,1677
06037127920,763500,1863,2140,48,136,97,13,878,90,45,18,23,633,282,2819,972,4385,0.4253,72,1511,3807.0,7069.0,11,1541,1885,4385,4080,4385,589,1511,56,0,62,31,7,10,67,40,39,83,43,33,62,71,97,115,88,141,129,45,4385,426,186,1511,1541
06037128101,870000,1809,2664,69,101,66,41,820,62,13,30,16,293,119,1675,298,2794,0.5349,102,1113,1839.0,5064.0,0,1205,1179,2823,2637,2823,385,1113,39,18,35,0,7,0,32,90,39,23,37,13,0,90,36,14,72,36,149,38,2823,215,78,1113,1205
06037128102,627700,1584,1603,66,256,143,100,1276,13,0,25,0,294,170,2827,697,4868,0.4165,39,1570,1597.0,5504.0,44,1666,3540,4892,4277,4881,767,1570,35,17,73,87,0,17,30,49,133,20,11,14,90,177,271,88,33,101,154,87,4892,157,56,1570,1666
06037128210,-666666666,1671,-666666666,57,137,172,205,1538,0,0,0,0,50,251,2765,1303,4989,0.4149,163,1588,254.0,5466.0,8,1648,3965,5000,4553,4904,518,1588,78,82,33,54,10,27,29,21,119,28,0,30,122,123,180,176,268,120,169,88,5000,18,32,1588,1648
06037128220,740700,1756,2750,39,93,164,70,927,0,50,1,7,313,82,1517,573,2990,0.4816,112,1240,1844.0,4783.0,0,1284,1451,2992,2719,2978,386,1240,22,36,77,28,14,0,0,53,28,20,29,47,95,90,94,27,102,12,5,86,2992,237,76,1240,1284
06037128302,710500,1680,1800,140,125,86,59,1130,0,19,17,12,320,276,2549,1389,4537,0.4639,9,1450,1618.0,4755.0,0,1610,3106,4559,4071,4481,510,1450,0,27,85,57,14,33,20,15,109,27,45,0,287,62,184,181,92,151,91,34,4559,229,78,1450,1610
06037128303,488500,1468,-666666666,50,105,149,177,1079,0,31,0,0,65,164,1832,1153,3385,0.4358,101,1144,294.0,3355.0,0,1198,2784,3432,3035,3354,381,1144,0,24,25,6,0,0,0,10,8,0,0,0,129,115,133,73,146,176,75,74,3432,44,21,1144,1198
06037128400,1046400,2196,2833,96,115,116,173,900,61,76,71,155,970,115,3001,332,4274,0.3889,84,1870,5804.0,9353.0,10,1923,1105,4274,3602,4250,777,1870,7,59,69,12,45,18,51,0,74,0,76,19,80,112,189,54,161,46,34,57,4274,755,196,1870,1923
06037128500,838300,1980,3331,217,82,155,45,1321,67,99,55,51,911,119,2924,371,4377,0.395,65,2232,5196.0,9409.0,19,2269,970,4401,3942,4401,804,2232,16,37,105,121,14,39,27,79,136,70,7,10,109,86,48,29,106,54,35,43,4401,725,186,2232,2269
06037128601,775900,1709,3039,124,344,93,142,1430,74,18,74,70,341,247,2915,666,4836,0.4526,83,1771,1806.0,7040.0,0,1826,2630,4842,4440,4797,681,1771,42,8,8,9,8,0,16,114,32,7,39,9,195,80,171,99,166,113,83,116,4842,231,110,1771,1826
06037128602,1192500,1942,3548,53,35,50,58,666,56,72,21,54,553,115,1636,370,2684,0.5121,62,1219,3884.0,6567.0,0,1292,590,2687,2434,2649,470,1219,17,114,57,50,10,10,13,109,59,11,27,31,141,99,82,33,66,13,45,34,2687,433,120,1219,1292
06037128703,609400,2368,2305,137,259,138,254,1406,24,0,41,46,243,507,2486,319,3469,0.4423,160,1649,1150.0,6240.0,0,1811,505,3576,2799,3476,310,1649,23,30,169,25,22,20,23,36,81,69,74,99,66,121,19,0,70,60,42,9,3576,202,41,1649,1811
06037128704,1181400,2054,3185,91,8,86,55,427,15,64,11,68,542,168,1635,171,2328,0.5175,8,969,3395.0,5310.0,0,1030,351,2328,2071,2328,407,969,9,51,14,32,9,14,36,5,127,16,32,0,34,39,37,32,16,10,19,107,2328,450,92,969,1030
06037128801,665200,2189,2992,173,64,138,146,1525,63,39,37,0,487,320,2785,451,3864,0.508,27,2012,2386.0,7525.0,0,2184,650,3864,3213,3824,487,2012,17,15,52,36,14,17,13,124,85,36,6,2,77,14,114,6,57,87,88,13,3864,371,96,2012,2184
06037128802,1157700,2150,3300,156,270,120,78,1508,79,87,78,0,604,165,2547,254,4317,0.4345,34,2112,3476.0,8900.0,0,2306,896,4317,3661,4286,667,2112,26,0,166,34,24,110,125,35,70,65,70,158,33,112,150,21,100,72,110,111,4317,549,55,2112,2306
06037128910,1219600,2143,3670,52,234,146,112,959,141,101,94,65,868,280,2740,346,4528,0.4602,81,1827,5574.0,9165.0,0,1999,1111,4528,3961,4465,752,1827,126,72,78,18,39,20,115,54,40,37,0,26,137,221,238,94,81,60,90,55,4528,560,288,1827,1999
06037131021,847000,1623,2927,16,93,95,61,759,6,62,5,9,226,92,1534,339,3237,0.4536,12,985,1376.0,3906.0,0,1041,1810,3237,3055,3237,462,985,5,5,31,6,47,34,24,47,40,40,0,25,77,139,114,110,51,234,174,54,3237,81,120,985,1041
06037131022,805900,1868,1887,44,103,70,35,750,48,10,30,21,252,91,1691,618,2874,0.4829,50,1002,1542.0,4114.0,0,1094,1693,2877,2562,2852,304,1002,61,68,35,9,0,0,0,50,0,57,0,49,66,83,68,7,90,31,43,48,2877,189,46,1002,1094
06037131023,650600,2061,1852,34,78,7,15,429,18,0,12,51,400,81,1507,328,2655,0.3978,12,829,2315.0,4013.0,7,829,1611,2655,2479,2641,394,829,6,33,15,16,12,6,68,30,36,38,7,25,76,79,27,64,69,61,41,24,2655,241,130,829,829
06037131024,698300,2230,1447,38,173,68,13,555,22,49,39,0,559,169,2301,555,3886,0.3888,138,1114,2953.0,5244.0,38,1148,2279,3894,3400,3859,584,1114,14,232,35,61,50,0,81,43,50,43,0,20,43,55,116,39,135,39,206,101,3894,224,316,1114,1148
06037131100,798600,3501,2544,0,0,8,7,189,119,114,50,109,887,103,1741,153,3004,0.3606,24,1076,5098.0,6135.0,35,1076,1331,3017,2658,3006,616,1076,0,60,56,39,4,24,47,57,96,31,25,7,31,83,95,27,42,59,83,115,3017,544,327,1076,1076
06037131200,713900,1970,3011,0,8,26,5,206,115,244,42,37,990,60,1941,262,3594,0.4387,21,1196,5980.0,6789.0,0,1225,1324,3681,3412,3621,698,1196,90,36,40,31,25,43,17,42,103,38,54,65,96,74,64,59,141,155,180,72,3681,581,389,1196,1225
06037131300,689100,1620,2164,35,0,28,0,230,149,35,22,114,939,196,2360,297,4298,0.3759,102,1169,5413.0,6700.0,0,1197,2763,4316,3880,4260,682,1169,21,119,53,58,7,32,50,44,87,50,18,63,80,83,175,121,90,219,131,103,4316,433,385,1169,1197
06037131400,698700,2072,2532,112,74,84,104,866,52,109,99,145,848,123,3097,599,5740,0.4542,71,1714,5082.0,8351.0,0,1916,2823,5895,5333,5870,746,1714,21,82,51,119,49,37,64,103,110,111,99,54,143,155,295,126,133,148,102,105,5895,414,371,1714,1916
06037131600,712800,1793,2668,3,53,15,20,277,13,76,85,97,1029,314,2469,688,4917,0.4046,63,1306,6227.0,7477.0,8,1481,2460,4942,4836,4916,911,1306,49,56,109,138,22,11,35,112,186,42,34,30,138,66,325,176,50,104,146,16,4942,502,408,1306,1481
06037131701,726800,1861,2935,31,58,178,95,941,95,144,38,55,926,145,2421,1023,4877,0.4712,56,1867,5259.0,8634.0,0,1867,2089,4877,4281,4782,750,1867,143,46,138,36,0,8,44,38,156,94,49,19,233,51,161,120,343,31,280,59,4877,734,164,1867,1867
06037131702,637600,2305,2075,27,24,12,39,438,20,61,31,47,772,126,1957,263,3602,0.4683,11,1210,4078.0,5853.0,0,1260,2116,3669,3128,3632,582,1210,85,20,66,28,7,89,33,13,65,19,43,21,77,28,147,35,94,220,156,4,3669,470,230,1210,1260
06037131801,614800,1573,1313,112,86,26,21,747,9,32,5,6,191,33,1521,503,2838,0.4144,22,938,910.0,3351.0,0,1077,1737,2879,2551,2873,447,938,0,50,29,15,5,24,16,45,40,41,22,72,86,195,133,6,99,82,130,30,2879,97,50,938,1077
06037131802,656000,1590,3129,13,0,5,37,199,18,91,51,44,607,92,1655,126,2337,0.4663,5,806,3541.0,4471.0,0,819,1165,2337,2026,2337,407,806,8,15,26,3,40,11,30,5,25,62,5,25,4,25,28,16,60,54,73,24,2337,323,284,806,819
06037131900,778900,2898,2326,11,57,33,0,256,108,130,93,38,1119,73,2188,154,3911,0.3161,57,1375,5958.0,7362.0,0,1427,1801,3959,3812,3940,830,1375,74,13,36,72,44,10,26,24,143,125,68,14,115,49,84,140,98,38,97,118,3959,590,461,1375,1427
06037132001,815000,2058,3000,35,50,43,82,450,30,99,63,44,742,72,1657,372,2714,0.5021,39,1192,4183.0,5950.0,0,1192,1044,2714,2630,2714,575,1192,19,74,62,56,11,60,21,77,45,66,14,43,25,79,30,27,39,17,90,82,2714,579,134,1192,1192
06037132002,847800,3003,2750,74,85,0,9,413,119,48,85,26,743,159,2128,174,3523,0.3674,50,1156,4628.0,7438.0,0,1165,1928,3585,3293,3578,648,1156,26,66,40,27,8,0,24,64,65,10,49,0,65,109,136,32,79,17,147,330,3585,526,180,1156,1165
06037132101,778700,1950,2647,105,47,15,32,856,76,117,32,54,741,149,2014,1271,4113,0.5204,46,1597,4630.0,7454.0,0,1693,2191,4113,3768,4059,569,1597,22,31,42,16,15,23,7,30,47,7,23,0,254,86,69,30,350,228,235,24,4113,557,165,1597,1693
06037132102,701700,2040,2326,61,0,156,49,1116,150,102,101,21,1026,189,3055,1135,4993,0.464,115,2142,5356.0,9300.0,36,2159,2292,4993,4630,4957,682,2142,15,105,123,26,25,81,52,129,156,95,74,64,222,92,51,50,212,229,66,124,4993,617,311,2142,2159
06037132301,787400,1586,-666666666,218,121,148,139,1200,0,12,0,10,158,114,2107,697,3558,0.4196,58,1358,846.0,4125.0,0,1482,1955,3616,3228,3503,537,1358,10,24,24,11,84,29,17,21,124,51,27,80,286,122,117,0,129,0,0,102,3616,115,33,1358,1482
06037132302,760400,1813,2384,5,88,44,52,434,94,52,44,59,514,123,1916,294,3142,0.3652,25,948,3005.0,4623.0,0,994,1659,3176,2921,3176,553,948,52,36,19,25,0,0,50,0,138,59,12,0,35,31,78,49,100,117,104,81,3176,322,192,948,994
06037132501,626300,2057,2161,104,116,10,85,689,29,32,13,30,619,125,2394,386,4241,0.4229,88,1308,3308.0,6247.0,0,1368,2635,4658,4264,4617,599,1308,14,204,72,46,33,69,43,64,101,47,69,214,110,107,153,30,75,256,100,0,4658,286,214,1308,1368
06037132502,587600,1733,2075,23,13,57,56,502,21,28,68,63,817,155,1629,527,3314,0.4658,51,1319,4160.0,6188.0,0,1355,1413,3398,3050,3353,500,1319,34,37,42,67,45,82,92,46,180,130,56,45,90,79,92,46,68,108,151,63,3398,472,336,1319,1355
06037132700,805300,1645,2951,21,81,76,95,716,140,236,23,46,980,199,2665,937,4890,0.4938,128,1696,5456.0,7949.0,0,1772,2682,4922,4443,4846,1015,1696,20,47,229,12,17,36,112,40,315,9,24,59,153,218,85,66,113,56,100,237,4922,634,304,1696,1772
06037132900,915800,2239,3298,25,26,71,110,537,99,171,64,64,768,34,1979,340,3877,0.4096,22,1305,4487.0,6243.0,4,1387,1094,3877,3360,3708,866,1305,36,58,67,29,59,13,41,28,97,98,69,27,212,26,145,35,186,96,55,153,3877,451,239,1305,1387
06037133000,630100,2300,2678,96,28,0,0,361,123,77,152,66,1025,158,2137,538,4032,0.3549,51,1386,5125.0,6873.0,9,1474,2371,4096,3595,4092,876,1386,34,217,72,0,21,104,76,86,15,18,70,43,97,21,44,38,150,36,117,32,4096,515,491,1386,1474
06037133101,818100,1822,2949,48,60,12,19,250,20,61,31,9,384,50,867,76,1709,0.4139,10,634,2204.0,3273.0,0,644,557,1709,1522,1653,355,634,13,31,17,13,54,0,28,19,7,35,39,16,53,52,60,13,109,19,24,13,1709,231,148,634,644
06037133102,847400,1769,2968,34,54,130,25,866,23,42,57,88,444,104,1961,621,3774,0.5321,123,1310,2712.0,5353.0,10,1355,1243,3926,3309,3917,513,1310,37,57,73,27,10,44,27,69,38,45,167,222,24,125,150,62,54,135,80,160,3926,234,210,1310,1355
06037134001,622300,1915,2742,33,46,28,85,521,4,109,45,31,386,157,2150,383,3455,0.3289,35,907,2137.0,3983.0,0,923,2353,3457,3215,3440,485,907,5,36,34,13,0,15,11,27,20,19,0,6,90,68,104,62,95,94,132,121,3457,96,204,907,923
06037134002,679300,1572,2645,43,71,77,88,710,27,206,29,26,507,199,2244,881,4022,0.4748,95,1217,2957.0,5126.0,0,1217,2482,4024,3747,4000,553,1217,34,114,62,22,5,32,94,11,80,52,25,29,181,85,114,30,206,78,68,84,4024,236,240,1217,1217
06037134101,829900,2168,3173,0,11,0,65,404,56,159,163,64,974,47,2341,1138,4646,0.4629,134,1378,6215.0,7918.0,0,1448,1583,4660,4379,4654,834,1378,61,19,79,62,35,8,14,11,127,72,74,28,120,205,173,83,64,140,38,145,4660,581,379,1378,1448
06037134103,679000,1882,1851,68,0,0,0,493,46,93,58,64,821,137,2048,1318,4080,0.4682,77,1314,4883.0,6580.0,22,1395,2103,4172,3811,4149,522,1314,38,68,113,146,21,53,52,128,122,154,86,108,160,27,235,187,49,30,88,98,4172,559,226,1314,1395
06037134104,809000,1836,2209,36,36,37,61,621,50,80,9,56,704,125,2158,717,4016,0.3916,66,1325,4563.0,6848.0,7,1391,1480,4076,3779,4076,723,1325,14,82,56,41,87,68,120,42,122,35,23,0,166,180,11,127,27,204,79,53,4076,512,111,1325,1391
06037134201,691600,2536,3012,17,19,36,14,226,74,135,50,169,1076,201,2594,309,4059,0.4196,8,1302,6402.0,7370.0,0,1374,1483,4062,3872,3992,744,1302,51,24,32,23,17,17,79,77,11,78,17,30,124,77,34,58,44,84,50,182,4062,639,365,1302,1374
06037134302,818500,3501,2836,33,8,26,46,317,156,62,83,28,1086,45,2245,609,4402,0.4134,85,1403,6356.0,8271.0,0,1403,1518,4411,3909,4411,647,1403,40,65,60,48,17,37,15,61,109,17,50,241,62,122,94,27,89,185,160,166,4411,658,352,1403,1403
06037134303,693100,2658,2117,168,131,70,9,633,152,127,19,69,1306,308,3481,386,5341,0.4474,79,1939,7117.0,10475.0,0,1969,1682,5455,5164,5432,767,1939,42,79,164,37,10,72,119,87,112,191,39,121,83,53,158,51,97,184,192,53,5455,890,343,1939,1969
06037134304,722200,1877,2511,0,36,40,40,343,36,69,25,38,576,152,1381,353,2667,0.4044,19,919,3682.0,5002.0,0,945,1097,2863,2269,2822,425,919,32,90,123,53,17,37,79,34,107,23,33,37,72,19,110,47,133,59,80,36,2863,397,171,919,945
06037134305,-666666666,1768,-666666666,65,190,97,24,1183,0,0,0,14,14,162,2104,605,3693,0.4198,60,1197,,,0,1212,3049,3693,3424,3641,457,1197,23,54,0,10,0,10,37,39,36,72,92,11,190,129,49,101,61,75,166,106,3693,0,14,1197,1212
06037134306,546600,1819,1448,43,92,119,24,1088,7,0,24,49,334,184,1898,468,3565,0.4054,141,1422,1602.0,5214.0,0,1461,1901,3699,3293,3643,708,1422,40,45,34,37,149,19,39,44,83,70,115,29,36,156,191,100,97,59,99,13,3699,235,99,1422,1461
06037134421,1050000,3501,3794,0,0,7,8,172,183,106,75,28,1410,260,2347,149,4401,0.4185,41,1582,9794.0,10823.0,0,1600,484,4401,4213,4396,1119,1582,34,152,141,71,23,42,20,58,138,86,44,53,52,143,142,85,152,92,43,153,4401,1028,382,1582,1600
06037134422,944400,3501,3016,80,56,14,40,384,246,164,82,27,1248,250,2748,254,5079,0.3726,24,1632,8874.0,11111.0,0,1716,781,5079,4476,4965,1120,1632,41,119,105,121,57,9,85,87,161,122,33,129,80,153,118,25,214,149,148,137,5079,850,388,1632,1716
06037134423,1042500,3501,2861,0,7,23,0,298,59,151,58,79,1043,153,1487,367,3417,0.467,60,1341,7585.0,8565.0,0,1373,513,3417,2893,3349,660,1341,10,126,121,31,21,81,35,180,90,83,25,201,160,138,79,58,87,58,43,85,3417,770,273,1341,1373
06037134424,1208900,3501,3861,0,0,22,0,104,77,120,73,40,945,135,1400,148,2803,0.4438,34,1049,7076.0,7714.0,18,1058,59,2835,2589,2778,764,1049,13,68,95,78,34,39,74,74,164,29,33,44,73,81,174,53,57,44,64,54,2835,712,233,1049,1058
06037134520,506500,1665,2162,136,182,158,90,1780,0,21,34,0,214,149,3029,1119,5178,0.3814,22,1994,828.0,6365.0,130,2176,3417,5178,4505,5108,729,1994,40,99,13,51,16,19,82,43,90,18,50,18,64,179,284,92,117,142,171,46,5178,108,95,1994,2176
06037134521,677100,1578,2660,65,48,89,47,664,3,0,51,0,99,90,1392,769,2703,0.4064,50,763,480.0,2707.0,0,772,2534,2736,2410,2707,255,763,21,0,38,0,13,0,5,37,24,21,0,5,146,96,140,55,107,100,170,56,2736,45,37,763,772
06037134522,578900,1645,-666666666,110,93,128,36,1152,56,0,4,3,282,120,2591,1053,4521,0.418,103,1434,1621.0,5330.0,0,1524,3201,4521,3649,4435,522,1434,1,15,18,19,0,0,16,27,8,24,0,96,218,115,122,101,147,223,91,45,4521,136,133,1434,1524
06037134710,641700,1737,1977,100,67,82,221,1288,3,25,0,62,290,157,2577,1581,5282,0.421,55,1578,1640.0,5974.0,0,1647,3506,5304,5019,5275,683,1578,35,43,61,36,3,35,22,15,52,29,36,32,157,244,248,85,314,234,171,74,5304,170,102,1578,1647
06037134720,654000,2173,2750,20,96,84,84,806,80,64,201,56,974,241,3334,733,5545,0.3958,78,1780,5878.0,8998.0,0,1807,2975,5545,4536,5512,873,1780,41,42,25,30,55,0,89,25,37,59,56,64,116,222,230,32,202,271,198,44,5545,565,344,1780,1807
06037134801,679200,2609,2691,31,0,35,8,272,62,138,105,79,860,63,1597,455,2933,0.4089,23,1132,4689.0,5984.0,0,1156,1365,2951,2728,2899,457,1132,22,50,76,24,0,0,61,16,74,97,29,26,71,28,109,10,52,68,89,19,2951,626,175,1132,1156
06037134802,578700,3485,2099,35,7,32,35,393,68,34,38,20,479,172,1512,981,3116,0.4668,80,872,2707.0,4884.0,0,914,1063,3123,2632,3004,441,872,22,80,0,31,4,56,17,56,44,32,19,86,182,47,162,65,71,56,98,44,3123,272,168,872,914
06037134901,898600,1402,3253,14,51,36,35,419,36,81,16,47,590,162,1615,200,2469,0.4407,18,1009,3705.0,5229.0,9,1056,767,2469,2362,2443,464,1009,63,33,22,53,24,0,58,44,116,15,29,21,111,31,73,46,87,52,21,0,2469,428,162,1009,1056
06037134904,802900,1557,2952,109,61,7,32,871,94,92,96,32,571,343,3009,591,4861,0.3797,83,1442,3373.0,6814.0,15,1528,2229,4866,4414,4796,716,1442,29,47,143,45,50,2,29,56,86,66,5,14,132,98,212,84,125,21,121,112,4866,285,146,1442,1528
06037134905,648100,3118,2989,415,270,196,219,2776,8,29,16,0,236,126,4222,996,6046,0.4536,447,3012,1039.0,9594.0,130,3310,791,6046,4843,6009,934,3012,58,77,31,7,25,5,15,11,0,21,50,11,221,84,54,98,218,0,33,97,6046,221,15,3012,3310
06037134906,-666666666,1947,-666666666,84,135,231,157,1146,0,0,0,0,0,115,2005,418,2933,0.3714,49,1146,-666666666.0,3753.0,0,1182,1926,2933,2321,2899,272,1146,8,9,85,28,0,0,0,39,26,0,22,0,0,102,18,28,135,28,118,67,2933,0,0,1146,1182
06037134907,-666666666,2614,-666666666,210,158,271,204,1910,0,0,0,0,0,400,2829,962,3806,0.3427,88,1910,-666666666.0,5644.0,181,2053,811,3854,2884,3854,483,1910,0,0,0,0,0,0,0,0,0,0,0,0,152,0,48,0,138,0,0,21,3854,0,0,1910,2053
06037135102,893200,3341,3100,59,54,49,45,291,149,74,77,77,993,82,2181,340,3845,0.4533,30,1284,7025.0,8512.0,0,1331,691,3848,3498,3815,844,1284,41,167,69,79,39,62,54,116,113,53,35,20,96,45,89,23,92,30,172,43,3848,742,251,1284,1331
06037135111,784400,2316,2706,20,87,93,41,622,83,83,33,0,620,128,2155,317,3807,0.386,142,1242,3810.0,6806.0,0,1334,1488,3807,3495,3807,550,1242,16,62,31,36,25,0,25,19,97,55,38,121,12,152,241,25,122,47,80,0,3807,462,142,1242,1334
06037135113,386000,2847,1300,68,293,54,61,1135,0,45,16,0,198,80,2042,439,2980,0.4377,72,1333,857.0,5320.0,0,1545,343,2980,2382,2955,399,1333,8,35,50,45,7,0,43,11,19,26,55,7,32,77,42,35,119,31,66,132,2980,158,40,1333,1545
06037135115,614200,2268,2604,231,216,96,181,1425,16,17,12,15,254,185,1953,219,3904,0.3539,77,1679,1247.0,5028.0,18,2142,459,3921,3258,3830,764,1679,16,16,26,41,14,15,97,30,30,25,42,16,182,155,111,19,258,204,39,70,3921,242,12,1679,2142
06037135116,-666666666,2098,1600,265,128,72,63,959,0,18,0,7,80,211,818,268,1507,0.4914,57,1039,393.0,2743.0,0,1039,237,1507,1413,1506,183,1039,0,0,98,3,22,66,16,41,111,47,16,125,8,33,23,0,19,4,6,6,1507,78,2,1039,1039
06037135201,921100,3182,3446,16,5,16,5,100,49,56,99,66,770,225,1461,443,2936,0.4511,32,870,5144.0,5558.0,5,935,476,2999,2693,2952,672,870,12,24,85,25,19,48,0,29,89,30,29,14,101,144,132,53,156,158,80,90,2999,481,248,870,935
06037135202,855100,3501,2962,17,37,29,36,437,119,121,140,59,1088,187,2360,419,4745,0.3867,33,1525,6939.0,8993.0,0,1550,486,4745,4347,4698,890,1525,74,8,97,56,56,53,20,69,45,16,65,59,110,163,102,103,81,224,269,171,4745,743,334,1525,1550
06037135204,836000,3501,2264,35,38,14,11,272,114,195,127,48,1407,235,2364,203,4665,0.383,57,1679,8081.0,9530.0,0,1679,894,4665,4153,4589,960,1679,20,19,44,66,71,37,13,142,49,79,13,82,300,105,136,61,87,103,16,121,4665,900,463,1679,1679
06037135205,1021900,3501,2817,7,12,18,19,160,52,17,75,54,610,62,929,170,1874,0.5967,18,770,4541.0,5272.0,0,781,54,1874,1594,1849,404,770,39,73,73,35,12,21,2,51,93,17,25,52,55,17,90,23,48,77,43,24,1874,525,85,770,781
06037137000,1154000,3501,3264,13,0,7,0,258,104,76,150,119,1476,164,2305,332,4815,0.4891,129,1734,10531.0,11925.0,9,1867,690,4823,4380,4823,916,1734,103,170,102,49,20,225,42,107,203,82,53,175,124,183,124,71,55,149,93,31,4823,1124,352,1734,1867
06037137103,605000,2740,2773,0,196,85,63,1288,101,167,0,75,1180,403,2897,902,5100,0.4504,235,2468,5297.0,10902.0,0,2600,697,5100,4590,4933,800,2468,124,26,136,113,60,0,67,206,76,128,41,59,147,76,24,0,231,65,2,103,5100,902,262,2468,2600
06037137104,915600,2163,3431,47,0,0,24,124,112,39,60,26,859,115,1294,230,2233,0.4287,8,983,4848.0,5501.0,0,1048,123,2233,2063,2206,419,983,64,31,95,74,14,47,106,107,23,37,19,20,36,31,82,46,22,77,19,0,2233,643,204,983,1048
06037137202,1031300,2253,3493,35,63,56,174,1013,37,48,8,18,379,317,1977,454,3342,0.5154,109,1392,2252.0,5987.0,6,1470,505,3368,2615,3323,555,1392,96,62,64,8,0,29,54,44,37,19,1,1,101,148,92,7,101,8,88,51,3368,259,101,1392,1470
06037137203,1110200,2351,3296,72,26,39,12,310,19,58,28,73,494,154,1530,249,2588,0.4339,42,804,3276.0,4815.0,0,858,767,2595,2331,2584,501,804,33,34,27,39,13,33,70,5,42,28,37,1,11,53,62,350,20,17,74,112,2595,268,226,804,858
06037137301,1310700,3501,3904,5,0,10,0,44,121,154,48,18,724,83,1136,33,2182,0.3474,6,768,5245.0,5538.0,0,829,121,2182,2141,2170,515,768,37,22,43,35,19,40,34,11,48,20,24,66,10,122,57,102,24,30,112,36,2182,518,195,768,829
06037137302,1216500,3501,3779,0,12,0,0,163,139,187,110,107,1393,151,2262,400,4564,0.4237,55,1556,10603.0,11790.0,0,1637,709,4564,3906,4530,1068,1556,105,114,75,72,54,133,55,72,142,98,59,122,85,221,135,64,127,89,117,142,4564,1087,292,1556,1637
06037137401,1048900,3072,3594,139,113,45,0,642,64,81,104,65,1048,123,2478,394,4596,0.4121,67,1690,6618.0,9079.0,215,1854,661,4673,4262,4608,923,1690,63,52,61,27,50,16,48,64,98,55,42,46,69,143,196,86,330,177,189,76,4673,681,341,1690,1854
06037137402,1250900,3175,3947,39,178,50,47,588,171,136,162,69,1481,344,2930,195,5821,0.4471,0,2069,9724.0,12294.0,0,2208,970,5905,5023,5845,1194,2069,41,166,100,60,50,110,93,26,160,80,126,84,171,212,167,133,360,312,175,52,5905,1006,475,2069,2208
06037137501,1610700,2597,4001,35,199,93,106,1265,114,6,50,42,716,294,2915,806,5478,0.5119,30,1981,5633.0,10583.0,0,2138,537,5495,4582,5380,963,1981,45,60,120,96,32,19,18,66,63,150,33,79,311,97,248,43,267,124,11,144,5495,569,130,1981,2138
06037137502,1038600,3270,3654,56,10,80,11,456,140,57,40,151,1295,113,2515,153,4450,0.4605,30,1751,8978.0,10738.0,0,1904,710,4582,3726,4552,1110,1751,19,149,119,32,78,38,17,112,66,34,102,115,160,153,174,42,66,53,187,62,4582,1027,220,1751,1904
06037137504,1731700,-666666666,4001,6,0,0,0,38,32,87,50,78,628,32,937,70,1889,0.4733,24,666,5082.0,5315.0,0,706,306,1889,1679,1879,415,666,2,19,65,58,19,54,6,34,83,31,24,32,44,58,85,29,37,141,33,19,1889,513,115,666,706
06037138000,1064500,3501,3803,50,12,30,44,280,197,244,89,50,1587,152,2462,157,4777,0.3698,44,1867,10356.0,12072.0,0,1952,315,4777,4255,4761,1148,1867,49,94,158,97,29,59,60,102,235,92,43,66,103,173,126,33,289,181,112,96,4777,1229,358,1867,1952
06037139001,906000,2401,3381,249,96,198,0,1217,30,126,112,164,1058,396,3013,470,5515,0.4102,87,2275,5738.0,10656.0,0,2361,877,5515,4550,5448,1043,2275,78,0,49,67,17,88,22,108,112,30,169,12,343,166,109,14,241,188,126,88,5515,605,398,2275,2361
06037139200,828200,2336,2622,37,202,56,185,1047,126,22,172,0,1263,172,3392,427,5758,0.44,13,2310,7430.0,11710.0,0,2430,874,5758,5485,5758,1288,2310,0,107,221,54,58,112,56,149,292,82,0,41,23,142,192,60,154,21,51,50,5758,933,330,2310,2430
06037139301,1125400,3501,3671,0,48,21,21,289,157,98,88,116,1187,94,2191,221,4040,0.4118,43,1476,8140.0,9604.0,0,1641,547,4137,3783,4075,800,1476,15,84,63,58,81,12,45,57,156,109,15,50,109,47,159,201,177,145,152,76,4137,841,316,1476,1641
06037139302,373600,2096,1599,129,161,326,158,1504,81,73,23,63,527,148,2933,854,5001,0.3605,179,2031,2126.0,6990.0,0,2064,1795,5001,4220,4994,566,2031,109,0,48,44,38,0,10,60,93,20,78,20,62,208,255,41,122,65,107,10,5001,297,223,2031,2064
06037139303,542400,1739,1979,68,173,135,44,1633,110,105,53,0,617,157,2813,323,4644,0.5495,56,2250,3027.0,8683.0,0,2300,1234,4807,4327,4767,713,2250,40,81,16,8,0,161,135,108,124,89,81,188,52,100,133,139,41,171,47,62,4807,526,89,2250,2300
06037139401,1058600,2083,3431,60,66,72,81,826,12,58,72,8,292,63,1480,162,2431,0.4921,53,1118,1730.0,4370.0,0,1203,430,2431,2079,2408,425,1118,24,47,22,74,36,10,74,22,99,13,20,108,79,12,42,56,42,119,21,42,2431,256,36,1118,1203
06037139402,1772400,3501,4001,8,0,0,0,50,51,64,39,25,905,58,1148,320,2832,0.4918,11,955,7721.0,7946.0,0,1035,223,2834,2662,2798,649,955,29,50,72,45,27,92,62,62,107,119,11,56,18,97,86,54,65,79,179,54,2834,724,173,955,1035
06037139502,1105300,2570,3990,55,77,18,71,486,50,22,107,14,691,85,1755,186,3315,0.4518,41,1177,4257.0,6080.0,0,1278,615,3315,2993,3308,734,1177,39,34,32,47,34,19,66,21,32,48,45,57,195,76,58,76,59,169,108,53,3315,444,247,1177,1278
06037139504,662300,1939,2250,40,71,223,68,1293,18,21,10,0,534,226,2195,581,3764,0.4886,83,1827,2664.0,7278.0,0,1946,440,3764,3642,3753,713,1827,19,9,29,86,37,27,9,52,131,96,130,105,87,65,22,41,116,97,107,31,3764,416,118,1827,1946
06037139505,448800,1748,2031,35,57,133,303,1217,49,0,0,61,327,241,1713,530,2512,0.4733,39,1544,1164.0,4750.0,0,1598,353,2512,1919,2432,354,1544,70,14,16,81,9,38,26,35,182,114,0,0,36,17,10,0,93,71,35,0,2512,196,131,1544,1598
06037139506,463300,2093,2022,10,37,34,104,671,75,83,55,17,832,27,1394,171,3109,0.4282,34,1503,3426.0,5662.0,0,1503,518,3109,2405,3066,502,1503,124,10,80,42,0,54,10,111,33,59,51,115,69,113,11,23,104,11,157,23,3109,676,107,1503,1503
06037139600,1501200,2236,2916,155,46,147,95,1015,94,15,178,49,1305,210,2598,357,5164,0.5739,16,2320,9408.0,13288.0,51,2466,353,5164,4851,5134,1152,2320,132,96,139,101,32,76,15,90,104,76,133,166,43,237,155,0,111,117,102,143,5164,1021,195,2320,2466
06037139701,1698700,2391,4001,51,50,35,0,544,143,116,62,148,1627,317,2487,686,5609,0.5425,50,2171,11886.0,14160.0,36,2376,352,5635,4905,5574,1257,2171,41,134,149,123,27,122,4,200,343,136,107,99,114,232,115,80,42,139,156,139,5635,1321,306,2171,2376
06037139703,2000001,3501,4001,0,4,0,14,40,82,60,23,38,885,90,1250,60,2552,0.453,7,925,6963.0,7229.0,7,983,53,2554,2467,2548,682,925,43,79,97,77,41,36,75,41,62,70,22,81,15,87,82,18,45,76,106,31,2554,759,78,925,983
06037139704,2000001,3501,4001,0,0,0,115,181,7,86,63,23,847,90,1278,195,2871,0.5311,13,1028,6795.0,7765.0,0,1102,99,2871,2748,2806,709,1028,22,37,113,38,122,16,16,89,63,23,21,26,105,87,89,53,80,143,211,21,2871,691,156,1028,1102
06037139705,2000001,-666666666,4001,0,0,0,0,78,254,181,71,48,1224,86,1892,80,4011,0.4096,0,1302,9854.0,10354.0,0,1345,20,4011,3587,4011,1017,1302,42,99,116,167,79,63,53,22,94,93,85,105,30,306,101,141,228,144,84,17,4011,976,248,1302,1345
06037139801,1788000,-666666666,4001,0,0,0,4,20,43,46,39,62,1214,165,1949,230,3514,0.5084,13,1234,,,11,1267,179,3514,3196,3504,882,1234,82,65,66,79,48,17,44,45,127,72,103,60,82,159,174,49,85,67,125,58,3514,953,249,1234,1267
06037139802,1690900,3501,4001,13,12,0,0,110,97,140,39,83,1290,84,1955,145,3832,0.4428,82,1400,10262.0,11197.0,0,1431,205,3832,3602,3832,1116,1400,40,30,78,127,53,95,97,48,161,88,92,30,80,143,177,87,44,61,73,161,3832,1110,180,1400,1431
06037141101,1069000,2291,2774,223,134,117,77,1700,34,23,42,21,652,269,2995,340,4691,0.5656,153,2352,4131.0,10265.0,0,2638,897,4691,4028,4558,634,2352,0,7,44,23,0,26,45,23,65,95,60,25,253,94,88,77,292,46,135,67,4691,435,217,2352,2638
06037141102,1566200,2313,3818,93,116,49,34,963,75,42,58,0,435,242,2021,204,2959,0.4935,66,1398,2545.0,6103.0,0,1507,377,2959,2724,2943,514,1398,30,48,50,16,9,0,7,56,98,11,28,33,99,60,86,62,20,38,17,43,2959,304,114,1398,1507
06037141201,1089800,2063,3983,222,282,348,141,1761,8,125,40,22,477,266,2981,382,3941,0.4618,37,2238,2752.0,9089.0,0,2361,837,3954,3469,3920,403,2238,55,16,26,0,20,0,31,50,0,27,40,24,74,32,82,34,110,90,42,21,3954,427,50,2238,2361
06037141202,930500,2460,3486,137,87,104,132,753,161,82,48,0,713,70,2004,195,3111,0.4569,41,1466,4169.0,6874.0,14,1551,321,3111,2806,3052,595,1466,123,37,101,19,0,13,23,33,45,100,36,15,77,9,62,73,46,41,24,25,3111,553,135,1466,1551
06037141303,595500,2317,2640,107,174,175,93,1293,16,0,26,8,283,236,2227,458,3055,0.4237,25,1576,1283.0,6162.0,0,1802,358,3055,2677,3024,524,1576,19,25,32,31,8,0,21,28,99,16,34,40,81,53,7,21,87,25,11,18,3055,234,49,1576,1802
06037141304,1375000,2335,4001,25,104,136,57,812,152,95,64,44,659,81,1962,316,2947,0.604,18,1471,4335.0,7257.0,11,1688,327,2947,2513,2947,516,1471,21,47,88,0,15,14,41,61,34,45,66,79,21,39,104,56,52,36,122,8,2947,600,47,1471,1688
06037141305,1163600,2102,3710,105,124,181,90,985,9,55,35,0,371,190,1931,288,2913,0.5465,70,1356,2560.0,5858.0,22,1472,717,2913,2579,2839,458,1356,47,58,25,9,18,24,9,34,21,22,33,0,247,0,23,8,92,35,95,27,2913,242,101,1356,1472
06037141306,1160400,2659,3500,162,117,78,103,1125,67,15,19,52,426,360,2275,50,3222,0.4537,9,1551,2543.0,6651.0,33,1668,588,3222,2794,3195,596,1551,10,0,69,0,42,10,19,12,48,0,61,33,95,90,124,44,96,30,67,0,3222,281,142,1551,1668
06037141400,1604300,2289,4001,54,96,5,93,919,142,74,85,27,1085,145,2434,443,4987,0.5566,101,2004,7951.0,11495.0,0,2111,1032,5021,4596,4961,928,2004,12,30,134,61,79,15,22,73,69,112,74,131,233,278,136,120,150,79,54,148,5021,890,195,2004,2111
06037141500,2000001,-666666666,4001,0,0,13,0,47,95,0,56,27,1086,30,1295,78,2887,0.5229,17,1133,9560.0,9988.0,0,1171,185,2887,2698,2776,634,1133,27,51,104,18,43,51,51,88,37,33,108,98,111,63,93,49,136,10,56,34,2887,1055,31,1133,1171
06037141600,1756000,3501,4001,70,0,0,10,235,111,139,72,39,1586,119,2499,250,4035,0.4809,12,1821,10852.0,12271.0,0,1971,461,4035,3732,4005,975,1821,21,96,186,102,8,16,77,51,154,93,58,25,122,111,107,87,32,46,104,144,4035,1437,149,1821,1971
06037141700,1747800,3501,4001,10,57,0,0,129,121,122,132,72,1074,297,1963,41,3086,0.4149,28,1203,7529.0,8337.0,0,1408,277,3086,2655,3050,790,1203,91,47,122,48,44,20,35,52,83,59,42,17,98,59,36,64,68,60,83,43,3086,977,88,1203,1408
06037143101,1663600,2202,4001,37,68,40,42,408,62,14,21,0,692,63,1149,56,2216,0.5844,0,1100,4865.0,6301.0,45,1186,190,2216,1879,2176,506,1100,114,7,77,12,29,0,18,12,55,25,60,80,60,145,63,0,0,81,52,0,2216,559,133,1100,1186
06037143102,842000,2453,3452,113,127,4,87,888,52,30,18,0,304,140,1698,161,2174,0.3941,54,1192,1543.0,4688.0,0,1216,428,2174,1619,2174,369,1192,0,28,7,19,10,0,0,39,40,21,0,6,124,0,81,30,19,0,0,37,2174,265,39,1192,1216
06037143200,937500,1959,3090,153,146,0,87,1489,63,22,76,104,625,320,3255,335,4215,0.5053,20,2114,3672.0,8707.0,98,2296,1239,4215,3201,4215,557,2114,48,32,19,52,15,0,13,0,29,0,58,0,0,19,48,30,82,135,0,73,4215,529,82,2114,2296
06037143301,912500,1961,2500,144,118,191,36,1305,35,11,96,0,278,182,2087,244,3273,0.4552,93,1583,1818.0,6302.0,0,1657,807,3273,2696,3195,393,1583,26,0,9,11,86,10,10,31,132,40,0,11,0,219,59,18,146,130,155,3,3273,224,54,1583,1657
06037143302,1404400,2153,3292,66,143,127,72,910,98,57,31,17,727,245,2081,220,3301,0.4686,57,1637,4796.0,8305.0,23,1711,435,3301,2948,3270,724,1637,11,54,126,22,28,44,21,164,97,19,71,21,139,138,60,0,45,106,65,32,3301,570,157,1637,1711
06037143401,1550900,2450,3743,174,129,99,225,1384,92,38,43,55,953,438,3411,395,5300,0.438,141,2337,5895.0,10856.0,0,2410,653,5300,4495,5232,988,2337,24,118,133,0,54,165,193,0,62,0,0,138,96,82,159,18,175,145,90,151,5300,636,300,2337,2410
06037143402,1173500,2282,4001,80,52,51,24,442,31,31,4,5,349,103,1164,33,1959,0.5857,11,791,2026.0,3853.0,10,832,153,1959,1662,1933,364,791,0,5,16,43,14,6,15,20,49,18,0,23,172,75,25,23,33,85,8,0,1959,190,159,791,832
06037143500,1504500,2732,4001,137,316,45,154,1368,120,337,76,77,1084,199,3187,199,5325,0.4688,43,2452,7124.0,12736.0,0,2638,499,5325,5014,5288,1060,2452,71,73,212,112,10,27,22,81,126,79,29,32,142,151,128,14,171,118,132,85,5325,834,250,2452,2638
06037143602,1075000,1862,4001,206,112,129,168,1370,78,32,123,0,967,279,2733,581,4554,0.5994,139,2337,6660.0,11849.0,0,2466,431,4816,4285,4795,699,2337,31,75,55,50,33,16,180,173,144,76,9,69,60,19,81,125,100,106,142,56,4816,884,83,2337,2466
06037143603,926600,2139,3045,33,100,143,143,952,59,28,42,15,423,111,1848,247,2452,0.4491,54,1375,2124.0,5308.0,0,1454,334,2452,1928,2405,345,1375,28,42,15,12,0,17,47,34,12,30,19,10,99,21,44,29,64,34,8,9,2452,284,139,1375,1454
06037143605,1081300,3338,3464,0,78,153,90,932,7,5,0,0,41,133,1544,191,1899,0.4279,23,973,247.0,2997.0,0,1114,236,1899,1112,1889,207,973,0,0,16,0,0,0,0,0,0,0,8,7,0,52,55,0,22,27,0,0,1899,41,0,973,1114
06037143606,701400,2372,2903,94,144,207,11,1002,11,0,0,6,29,97,1468,196,1759,0.4242,26,1031,164.0,3629.0,0,1062,174,1759,1261,1759,162,1031,0,19,0,0,9,0,28,0,0,16,20,0,40,13,12,0,28,12,0,0,1759,17,12,1031,1062
06037143700,1824100,1954,4001,118,8,43,38,492,219,34,92,189,1294,218,2312,218,3380,0.4951,78,1786,7960.0,9640.0,11,2087,442,3380,2856,3380,630,1786,23,52,146,22,62,0,92,51,25,74,10,25,198,61,20,0,57,37,16,51,3380,1148,138,1786,2087
06037143801,2000001,2837,4001,182,96,0,54,563,38,112,42,12,841,321,1931,244,3201,0.505,29,1404,5485.0,7846.0,0,1504,413,3201,2790,3147,774,1404,76,41,59,0,23,45,0,71,40,83,20,66,119,118,0,0,139,83,66,42,3201,645,182,1404,1504
06037143802,2000001,2522,3629,34,52,72,39,530,55,32,13,12,527,116,1338,136,2273,0.5223,119,1057,3821.0,6191.0,0,1165,86,2273,1780,2207,459,1057,32,130,95,54,7,50,9,109,48,47,28,27,7,72,58,38,103,19,27,43,2273,474,53,1057,1165
06037143901,1991100,3501,4001,17,0,38,0,179,136,180,21,53,1476,60,2146,129,4046,0.5114,41,1655,10859.0,11824.0,0,1796,345,4055,3685,4009,887,1655,24,42,249,53,28,17,58,81,68,57,49,44,52,134,120,80,120,136,175,64,4055,1326,150,1655,1796
06037143902,1826600,2514,3679,121,77,66,36,607,139,61,0,10,808,183,2010,325,3167,0.5727,18,1415,5980.0,8498.0,0,1535,590,3167,2787,3140,527,1415,29,30,112,30,10,39,118,19,27,73,53,43,31,47,132,95,84,82,131,28,3167,699,109,1415,1535
06037181000,1358300,1876,3425,58,18,219,24,580,134,292,135,54,1525,191,3231,450,5516,0.5286,75,2105,9215.0,11606.0,41,2418,1293,5588,4698,5449,1168,2105,152,121,63,91,10,83,12,50,153,145,92,90,138,299,199,48,141,271,70,88,5588,979,528,2105,2418
06037181300,1081800,2052,3370,45,93,37,60,412,104,138,66,96,914,174,2357,266,4053,0.4301,45,1326,5552.0,7321.0,0,1387,1424,4053,3544,4020,778,1326,48,88,79,32,29,7,59,209,51,65,23,48,97,119,140,32,203,44,97,64,4053,582,321,1326,1387
06037181400,1047400,1853,3036,145,195,134,88,974,68,35,77,80,684,212,2576,304,4366,0.5015,92,1658,3568.0,6786.0,10,1749,1611,4463,4015,4343,703,1658,15,24,52,62,21,44,37,29,107,141,35,107,328,107,140,37,38,61,185,72,4463,418,254,1658,1749
06037181500,1128900,2151,2334,39,9,12,7,411,115,70,38,32,935,65,2076,569,4014,0.4825,41,1346,5894.0,7686.0,0,1421,1478,4014,3738,4007,779,1346,38,201,45,53,76,13,34,162,108,63,61,22,58,141,55,24,121,110,114,70,4014,591,267,1346,1421
06037181600,1136200,1735,2276,35,132,13,56,594,20,40,20,10,494,101,2296,122,2624,0.4692,24,1088,2808.0,4708.0,11,1150,1385,4208,3075,4208,466,1088,27,46,25,27,17,22,20,12,35,15,61,27,54,20,61,67,34,34,78,156,4208,333,156,1088,1150
06037183101,962000,1939,2656,38,128,24,65,566,33,143,8,7,635,123,1819,498,2962,0.4989,78,1201,3546.0,5981.0,0,1314,1628,2962,2711,2895,544,1201,96,26,69,63,0,18,64,87,37,54,10,47,50,32,56,53,67,111,76,0,2962,337,280,1201,1314
06037183103,846200,1878,3407,50,274,264,173,1272,12,156,19,27,391,217,2548,381,4370,0.3918,78,1663,2132.0,6611.0,0,1694,2526,4424,3724,4311,770,1663,48,43,68,20,30,0,77,49,31,34,0,32,115,59,34,24,138,250,174,102,4424,140,251,1663,1694
06037183104,993200,1803,2360,64,12,47,9,309,57,49,45,41,474,58,1081,204,1929,0.454,41,783,2778.0,3979.0,8,823,909,1940,1770,1933,310,783,28,12,81,23,53,9,12,23,83,69,27,6,22,35,10,56,34,33,22,45,1940,287,176,783,823
06037183220,932700,1934,2853,24,78,59,9,448,48,25,39,120,622,132,1662,193,2845,0.4054,12,1070,2792.0,4370.0,0,1182,1229,2954,2739,2940,578,1070,46,66,12,46,14,14,13,58,59,61,34,31,58,122,64,19,61,42,60,81,2954,405,127,1070,1182
06037183221,974200,1848,2361,44,60,0,32,456,54,50,82,9,670,263,1972,326,3147,0.4508,95,1126,3474.0,5151.0,0,1156,1917,3192,2784,3187,460,1126,12,7,109,25,7,0,23,37,78,27,0,35,20,101,137,123,32,26,138,74,3192,340,330,1126,1156
06037183222,1023000,1408,3804,85,190,91,54,658,79,147,52,129,841,108,2021,383,3444,0.4796,93,1499,4041.0,6255.0,0,1562,1500,3459,3167,3402,439,1499,179,75,28,13,84,64,44,73,121,110,23,17,129,48,54,18,98,117,58,14,3459,475,320,1499,1562
06037183300,1051100,2084,2465,41,64,143,111,565,47,47,19,45,519,166,1848,249,3128,0.4133,121,1084,2944.0,4941.0,0,1170,1903,3140,2822,3071,552,1084,27,34,47,69,4,0,71,98,14,14,57,19,73,73,138,0,84,104,121,21,3140,343,131,1084,1170
06037183401,1013200,1903,1583,13,33,44,69,411,21,30,6,17,416,71,1556,315,2566,0.4412,82,827,2219.0,3953.0,0,859,1485,2592,2394,2579,531,827,76,47,45,21,8,19,11,25,75,45,25,93,45,49,87,19,50,26,74,6,2592,198,142,827,859
06037183402,1130500,1894,3000,154,89,66,47,790,21,48,59,32,310,179,2049,352,3064,0.4107,132,1100,1762.0,5102.0,17,1149,1370,3175,2639,3153,428,1100,5,41,47,20,21,6,32,63,30,44,21,44,57,43,31,23,152,40,55,46,3175,183,105,1100,1149
06037183510,993900,2025,2638,14,28,15,4,231,29,68,70,23,551,123,1432,140,2430,0.446,33,782,3015.0,3936.0,0,807,1577,2432,2269,2396,338,782,97,52,21,0,0,29,18,5,31,26,18,58,86,58,76,42,36,50,79,44,2432,316,206,782,807
06037183520,969000,1581,1857,100,67,67,68,729,40,0,70,32,414,205,2120,479,3430,0.5121,15,1143,2285.0,4616.0,0,1233,2800,3492,2980,3458,499,1143,5,0,184,6,31,8,67,6,74,51,5,25,91,34,92,112,61,135,95,37,3492,171,222,1143,1233
06037183610,1004000,2198,1855,55,65,67,32,655,41,0,50,14,309,168,1589,490,2823,0.4149,119,964,1854.0,4353.0,0,1034,1726,2826,2293,2770,265,964,9,42,12,0,25,0,25,7,81,46,81,44,136,12,31,71,103,42,48,24,2826,115,194,964,1034
06037183620,1109500,2032,3129,32,71,88,44,587,22,53,99,11,473,128,1983,392,3062,0.3788,65,1060,2489.0,4785.0,0,1079,1842,3067,2851,3026,423,1060,10,9,79,23,10,14,19,23,119,16,36,0,13,79,103,9,35,71,83,37,3067,271,196,1060,1079
06037183701,659400,1691,1975,157,38,98,140,911,68,52,6,29,393,178,2112,490,3445,0.3722,77,1304,1763.0,4824.0,0,1400,2445,3445,3166,3436,528,1304,91,82,0,53,0,13,11,56,63,11,25,20,65,102,87,16,30,141,150,4,3445,209,162,1304,1400
06037183702,1011800,1908,2781,31,69,73,57,498,122,20,57,31,588,123,1615,123,2991,0.5245,11,1086,3757.0,5619.0,22,1140,1595,3007,2342,2973,530,1086,51,36,96,33,7,25,8,37,67,38,30,33,177,69,134,42,68,36,36,18,3007,364,172,1086,1140
06037183810,1049000,1709,2164,199,88,109,139,1281,24,49,18,0,266,159,2382,869,4139,0.4327,64,1547,1733.0,5737.0,0,1636,3094,4139,3682,4090,423,1547,102,0,33,0,53,14,45,46,90,7,49,37,48,187,224,56,87,135,106,42,4139,200,66,1547,1636
06037183820,1076700,1513,1571,323,138,80,128,1112,37,9,0,10,209,284,2468,308,3561,0.4017,54,1321,938.0,4278.0,10,1321,2502,3573,3419,3519,508,1321,26,13,10,0,0,13,33,67,15,9,10,13,157,43,72,51,40,10,50,76,3573,71,118,1321,1321
06037185101,770800,1879,-666666666,98,143,42,35,667,12,43,36,0,370,276,1456,68,2355,0.4715,15,1037,1876.0,4142.0,0,1037,1224,2408,2102,2408,486,1037,0,57,61,85,22,17,0,23,66,116,51,46,68,75,46,0,19,13,0,0,2408,223,147,1037,1037
06037185102,1202700,3501,4001,52,0,11,6,340,133,59,32,58,1103,242,2054,306,3503,0.4497,33,1443,6297.0,7484.0,5,1520,891,3503,2754,3353,921,1443,10,41,134,39,23,6,7,75,81,57,6,69,162,95,62,18,127,31,33,20,3503,857,224,1443,1520
06037185202,1179800,1957,3085,39,127,34,66,766,52,76,86,0,796,193,2491,280,4099,0.6033,94,1562,4496.0,7345.0,0,1610,1686,4099,3779,4085,596,1562,52,70,90,67,0,11,0,35,39,52,32,0,99,202,42,30,186,63,111,62,4099,430,331,1562,1610
06037185203,939600,1821,-666666666,74,58,118,29,569,12,14,29,10,282,110,1483,329,2497,0.4549,42,851,1581.0,3838.0,0,916,1721,2497,2230,2457,339,851,0,28,43,8,22,0,20,31,25,31,12,39,54,58,57,10,82,106,59,6,2497,206,60,851,916
06037185204,1131500,-666666666,2985,0,8,23,0,192,53,49,49,52,530,83,1091,286,1888,0.4807,0,722,3493.0,4292.0,0,760,580,1888,1706,1862,361,722,33,32,61,10,32,15,31,42,63,19,29,16,43,46,42,4,45,33,52,33,1888,424,92,722,760
06037185310,843800,1701,1361,69,45,78,26,567,13,20,30,0,302,87,1573,574,2864,0.4796,27,869,1569.0,3697.0,16,909,2350,2871,2635,2848,306,869,45,19,51,15,25,6,44,27,60,40,6,42,55,162,115,48,84,53,45,46,2871,168,89,869,909
06037185320,748000,1200,2096,56,47,59,19,617,43,12,16,0,338,100,1462,660,2843,0.4379,26,955,1721.0,3499.0,0,974,2447,2871,2672,2865,474,955,11,8,54,11,39,10,48,17,52,6,32,32,52,78,37,32,73,98,100,66,2871,147,133,955,974
06037186100,983400,1816,2784,53,135,199,89,854,133,169,116,24,1008,198,2951,227,4631,0.4632,51,1862,5877.0,8989.0,15,1932,1714,4633,4366,4601,807,1862,98,17,67,19,25,15,105,99,90,79,45,22,176,138,138,34,93,77,159,30,4633,681,271,1862,1932
06037186201,1022200,1463,3793,42,48,64,80,771,122,55,49,25,541,48,1602,386,3342,0.4672,100,1312,2764.0,5266.0,28,1365,1108,3374,3167,3333,412,1312,33,28,44,72,51,124,9,112,68,66,78,36,313,61,62,8,83,14,8,27,3374,289,252,1312,1365
06037186202,980600,1976,2341,72,37,34,86,473,37,13,7,30,287,56,1213,255,1808,0.4013,7,760,1602.0,3311.0,7,817,668,1808,1366,1808,293,760,0,49,6,47,0,0,22,23,57,23,7,20,16,33,19,5,74,32,48,18,1808,181,91,760,817
06037186203,1129200,2983,3106,0,126,30,0,261,104,56,43,68,795,129,1754,240,2753,0.3911,12,1056,4529.0,5736.0,11,1076,1035,2753,2475,2717,686,1056,15,139,12,62,0,19,21,7,71,13,20,0,21,40,123,34,78,106,15,73,2753,655,140,1056,1076
06037186301,965500,1822,2432,15,72,89,41,618,82,4,35,0,258,194,1569,532,2675,0.4629,79,876,1478.0,3772.0,0,900,1658,2729,2539,2712,312,876,36,34,46,24,5,9,31,30,34,21,0,17,39,120,53,47,66,105,108,88,2729,140,78,876,900
06037186302,1128800,1970,2941,60,24,80,73,625,194,117,73,46,1277,186,2927,308,4719,0.4946,58,1902,7379.0,9898.0,0,2008,1683,4719,4267,4717,806,1902,60,91,186,42,9,51,109,48,152,50,39,31,57,30,79,39,88,181,72,61,4719,961,290,1902,2008
06037186401,700700,1754,1583,57,111,81,51,712,0,7,19,0,156,71,1514,652,2948,0.418,74,868,720.0,3108.0,0,920,2374,2948,2717,2915,439,868,41,30,45,43,0,7,22,30,59,0,6,21,107,44,119,104,78,90,78,97,2948,46,81,868,920
06037186403,822500,1749,1756,70,91,52,39,478,36,31,0,12,289,62,1407,228,2524,0.455,11,767,1535.0,3592.0,0,830,1623,2533,2322,2497,443,767,30,14,52,38,13,20,40,80,50,13,48,9,36,159,38,24,79,86,101,12,2533,147,111,767,830
06037186404,847800,2093,3439,56,60,81,61,587,20,12,31,22,189,203,1427,649,2528,0.4415,82,776,1028.0,3234.0,0,833,1618,2528,2288,2522,359,776,25,14,20,25,25,19,2,0,45,0,15,12,108,118,52,37,94,32,21,79,2528,96,93,776,833
06037187101,1146800,2174,3094,112,15,74,81,738,108,55,15,38,532,116,1897,181,3086,0.4206,116,1270,2964.0,5795.0,36,1361,1152,3114,2678,3114,432,1270,66,13,69,35,47,24,18,64,26,73,24,114,25,34,37,17,13,154,45,35,3114,356,176,1270,1361
06037187102,997400,1626,3190,68,29,181,129,1085,94,68,44,11,528,127,2644,917,4494,0.5169,67,1613,2798.0,6358.0,0,1689,1958,4494,4160,4475,661,1613,20,110,51,36,16,7,44,67,170,65,45,81,105,148,50,38,158,60,67,45,4494,270,197,1613,1689
06037187200,821600,2419,2164,9,78,91,43,658,52,30,20,7,417,147,1823,259,2908,0.4471,68,1075,2065.0,4295.0,0,1119,1614,2908,2633,2901,247,1075,17,24,27,45,0,0,35,45,91,17,52,84,39,61,79,37,0,31,57,63,2908,275,78,1075,1119
06037187300,1222300,2257,3523,106,162,106,101,1051,52,123,80,42,591,277,2580,296,3820,0.4822,42,1642,3257.0,7958.0,0,1740,940,3820,3191,3792,532,1642,7,85,34,33,10,17,37,77,62,54,34,19,106,89,106,50,60,62,40,19,3820,381,175,1642,1740
06037188100,1179300,2167,3026,295,119,141,141,1446,87,102,21,0,463,202,2530,555,3735,0.4754,91,1909,2758.0,7622.0,0,2027,1442,3756,3112,3756,609,1909,42,0,128,71,0,8,252,45,40,12,0,90,56,84,63,0,14,60,21,11,3756,328,135,1909,2027
06037188201,1185800,2289,3069,214,101,128,116,1294,8,51,54,35,359,195,2099,363,2834,0.5244,36,1653,2141.0,6157.0,30,1988,574,2839,1917,2839,300,1653,0,15,38,36,15,16,51,42,63,14,12,16,7,79,46,15,38,39,56,25,2839,295,64,1653,1988
06037188202,2000001,2440,4001,126,33,17,17,585,78,117,106,24,714,72,1994,199,3043,0.4808,22,1299,5186.0,7451.0,0,1345,350,3043,2222,3021,404,1299,107,113,40,41,0,37,26,12,71,13,38,50,80,50,22,104,177,25,0,25,3043,607,107,1299,1345
06037188300,1084400,2558,1954,68,144,215,27,754,91,24,46,36,600,111,2051,175,3227,0.3851,116,1354,3150.0,6141.0,0,1484,644,3228,2767,3228,527,1354,42,161,103,30,24,39,17,29,100,53,52,36,99,57,27,94,49,34,73,11,3228,432,128,1354,1484
06037189101,1075900,2358,-666666666,162,127,158,106,1017,9,16,35,16,242,160,1730,189,2461,0.3846,132,1259,1414.0,5116.0,15,1452,271,2461,1915,2461,335,1259,21,30,39,28,8,51,27,27,19,7,19,74,54,36,3,0,17,56,43,0,2461,182,60,1259,1452
06037189102,2000001,2156,3804,151,193,204,241,1558,9,0,44,0,391,337,2636,267,3797,0.4602,178,1949,2396.0,7737.0,0,2052,322,3797,3212,3776,532,1949,0,15,56,42,7,17,12,69,67,71,36,105,170,96,31,0,54,49,98,12,3797,282,109,1949,2052
06037189201,-666666666,1945,3688,240,203,127,125,1687,0,0,0,0,72,216,2017,466,2779,0.5282,122,1759,423.0,4900.0,0,2002,727,2779,2310,2730,273,1759,0,21,9,34,5,24,67,40,173,7,15,43,0,22,38,48,109,30,0,0,2779,72,0,1759,2002
06037189202,2000001,2354,4001,177,142,95,58,833,33,34,56,18,582,52,1937,172,3155,0.5021,47,1415,4627.0,7688.0,0,1516,390,3167,2896,3144,627,1415,27,15,98,17,27,29,33,43,47,32,6,31,176,28,104,28,117,102,35,10,3167,488,94,1415,1516
06037189300,2000001,1730,2749,15,0,9,0,123,64,152,31,27,1225,119,1591,353,2737,0.5882,4,1348,8365.0,9025.0,0,1564,142,2754,2508,2714,555,1348,24,116,70,6,53,6,128,29,56,43,31,1,117,94,43,7,105,36,14,26,2754,1067,158,1348,1564
06037189400,1989200,2684,4001,34,141,56,42,754,70,39,28,65,846,175,2130,294,3009,0.5215,60,1600,6053.0,9063.0,0,2101,325,3011,2619,3011,452,1600,35,36,36,29,26,26,23,46,60,46,10,27,52,78,0,132,11,81,9,0,3011,787,59,1600,2101
06037189501,1163200,1945,3294,16,128,145,54,1211,58,24,0,24,279,142,1607,255,2214,0.5371,36,1490,1732.0,6039.0,0,1746,185,2214,1818,2191,284,1490,50,43,81,22,0,9,12,42,24,0,0,14,72,0,0,62,53,30,17,12,2214,241,6,1490,1746
06037189502,1615400,1742,-666666666,199,75,42,69,1215,0,0,0,0,68,156,1388,402,1842,0.4916,30,1283,557.0,3899.0,23,1508,413,1842,1548,1842,158,1283,12,6,72,33,0,0,14,17,44,48,30,0,37,0,5,0,0,0,0,0,1842,68,0,1283,1508
06037189600,2000001,1993,4001,21,180,286,177,1284,49,80,61,37,760,156,2641,336,3658,0.4309,28,2044,4820.0,8830.0,0,2369,591,3658,3222,3639,586,2044,65,21,62,15,16,0,22,95,12,37,15,36,52,35,79,24,0,0,0,108,3658,563,197,2044,2369
06037189702,2000001,1962,4001,0,156,47,17,945,62,70,13,69,531,282,1813,206,2382,0.5608,200,1476,3600.0,6693.0,0,1769,293,2393,1855,2393,270,1476,9,56,65,15,15,42,37,12,40,77,15,56,27,0,31,53,0,0,17,0,2393,461,60,1476,1769
06037189703,1076900,2503,3390,38,49,9,24,443,22,0,85,25,612,33,1302,148,1993,0.4675,73,1055,3215.0,4586.0,0,1272,129,1993,1642,1975,228,1055,25,47,45,0,36,35,11,12,45,12,12,11,17,0,59,47,18,23,0,0,1993,481,131,1055,1272
06037189704,1735700,2343,3869,66,23,59,45,510,104,48,27,56,467,91,1399,288,2099,0.5177,22,977,3073.0,4436.0,0,1468,519,2099,1753,2099,415,977,0,53,14,44,0,5,0,0,9,59,0,138,75,46,55,23,55,38,39,0,2099,462,5,977,1468
06037189801,1072400,2341,1119,90,100,99,86,1136,27,9,9,0,363,73,1678,129,2192,0.5109,67,1499,1873.0,5854.0,0,1699,294,2192,1616,2192,214,1499,0,0,25,0,0,20,0,0,159,10,94,41,0,27,19,34,22,0,16,0,2192,339,24,1499,1699
06037189802,1223200,2253,4001,72,101,104,19,613,43,163,16,32,443,74,1259,283,1979,0.5304,112,1056,2692.0,4920.0,0,1184,403,1979,1634,1979,275,1056,0,16,92,32,0,39,0,39,132,61,0,0,0,42,0,42,0,0,75,0,1979,364,58,1056,1184
06037189903,632600,2303,2015,56,193,91,163,1119,25,7,13,12,528,162,1763,149,2191,0.4267,128,1647,1546.0,4649.0,0,1768,316,2191,1793,2191,254,1647,0,7,26,35,0,29,7,44,77,2,0,59,17,35,0,0,22,0,0,0,2191,364,164,1647,1768
06037189904,-666666666,2141,4001,123,158,134,145,1519,0,0,10,0,34,170,1903,536,2428,0.4564,73,1553,180.0,4255.0,11,1695,558,2432,1755,2398,282,1553,14,7,22,20,0,9,18,0,63,0,0,22,44,0,63,0,11,9,27,0,2432,34,0,1553,1695
06037189905,1574100,2151,4001,87,183,175,88,1236,21,24,29,0,188,195,1565,347,2406,0.5748,45,1424,996.0,4219.0,60,1571,577,2421,2078,2421,290,1424,34,73,39,27,23,0,41,15,84,53,14,31,54,161,159,1,27,0,12,15,2421,177,11,1424,1571
06037189906,1097200,2288,4001,210,216,151,145,1420,45,0,17,0,117,87,1916,310,2491,0.4788,88,1537,517.0,5057.0,12,1662,324,2491,1854,2491,271,1537,0,11,0,11,9,0,0,99,15,10,0,14,16,0,0,16,0,0,15,0,2491,76,41,1537,1662
06037189907,1041700,2201,3156,222,97,184,149,1286,0,10,16,0,113,194,1890,176,2543,0.3596,16,1399,437.0,4316.0,13,1547,521,2543,2018,2508,398,1399,8,9,28,29,19,0,23,10,0,0,33,15,18,31,0,0,161,150,12,0,2543,73,40,1399,1547
06037190101,-666666666,1737,-666666666,81,23,153,169,1200,0,0,0,0,0,96,1024,495,1597,0.4811,75,1200,-666666666.0,3301.0,0,1555,207,1599,1202,1599,55,1200,20,2,26,0,0,0,2,0,42,0,0,8,0,0,0,0,0,0,1,1,1599,0,0,1200,1555
06037190102,-666666666,2123,-666666666,62,305,149,109,1298,0,20,15,0,35,55,1930,286,2208,0.4002,48,1333,,,0,1657,606,2249,1715,2249,171,1333,10,14,0,0,22,0,8,0,63,0,16,0,0,0,0,0,0,0,0,0,2249,15,20,1333,1657
06037190201,-666666666,1677,-666666666,199,115,184,118,1567,0,0,0,0,0,246,2146,430,3234,0.4173,188,1567,-666666666.0,4253.0,33,1793,1901,3673,3004,3673,400,1567,0,5,23,53,0,0,16,0,63,0,52,20,0,29,170,86,132,188,30,4,3673,0,0,1567,1793
06037190202,-666666666,1882,-666666666,223,337,143,151,2061,0,0,0,0,25,275,2033,643,2720,0.4544,342,2086,,,64,2776,472,2720,2263,2720,328,2086,100,0,19,24,18,118,0,17,0,86,150,31,0,0,0,0,0,0,0,0,2720,25,0,2086,2776
06037190302,942700,1995,1958,85,112,21,126,1034,0,0,23,6,160,162,1697,383,2708,0.5596,63,1194,970.0,3757.0,0,1411,596,2711,2504,2691,390,1194,0,77,25,33,65,37,20,36,50,15,99,18,28,0,0,1,20,127,0,68,2711,105,49,1194,1411
06037190303,-666666666,1484,-666666666,307,85,118,7,1573,0,0,0,0,16,397,1925,575,2496,0.5078,160,1589,,,0,1815,336,2544,2186,2531,261,1589,0,64,40,0,0,0,13,25,27,0,79,31,24,38,14,0,0,12,12,96,2544,16,0,1589,1815
06037190401,-666666666,1750,-666666666,85,105,225,106,1620,0,0,0,0,6,193,2036,275,2738,0.4847,112,1626,,,0,1879,813,2784,2415,2713,307,1626,2,57,9,29,60,0,84,19,59,119,102,21,60,0,27,0,11,47,0,17,2784,0,6,1626,1879
06037190402,-666666666,1873,-666666666,148,130,251,99,1184,0,0,0,0,0,160,1716,410,2407,0.3766,119,1184,-666666666.0,3620.0,0,1352,473,2419,2024,2373,243,1184,78,23,10,0,0,28,14,29,29,16,0,62,0,0,27,0,142,36,0,17,2419,0,0,1184,1352
06037190510,-666666666,1743,-666666666,264,208,121,107,1725,0,0,0,0,0,219,2274,1204,3846,0.4803,170,1725,-666666666.0,4664.0,6,2178,1665,3884,3476,3823,559,1725,0,44,45,58,11,0,16,68,15,43,0,40,131,187,18,120,65,79,100,0,3884,0,0,1725,2178
06037190520,711200,1603,2286,116,257,161,90,1428,18,0,9,0,98,75,1835,760,3462,0.4807,111,1526,452.0,4620.0,15,1666,1269,3462,3165,3462,450,1526,0,0,86,40,16,65,80,52,113,31,13,54,158,147,55,15,49,131,19,9,3462,9,86,1526,1666
06037190701,-666666666,1242,-666666666,107,95,87,26,759,22,10,0,0,32,107,865,468,1643,0.487,35,791,,,17,1112,454,1643,1378,1643,131,791,27,15,86,15,12,12,28,54,0,28,18,5,10,0,0,9,0,90,30,9,1643,10,0,791,1112
06037190702,1309200,1957,4001,55,138,43,66,715,18,0,35,0,131,146,1118,140,1412,0.5855,26,846,686.0,2944.0,6,935,385,1412,1091,1412,143,846,0,24,3,35,0,0,14,0,19,21,16,23,0,12,0,0,4,0,17,0,1412,96,35,846,935
06037190801,1017900,1390,-666666666,150,183,176,185,1404,0,0,5,0,62,129,1677,784,2826,0.5728,26,1466,271.0,3838.0,24,1653,1279,3073,2421,3068,193,1466,16,110,57,18,44,76,9,19,135,85,10,86,0,39,37,27,5,60,30,9,3073,40,11,1466,1653
06037190802,963800,1783,2747,114,216,272,82,1486,9,14,28,10,177,129,2054,603,2922,0.4832,20,1663,1082.0,5123.0,174,1886,898,2973,2364,2973,182,1663,31,26,7,36,13,9,18,25,34,33,0,39,19,0,54,0,20,0,78,0,2973,140,37,1663,1886
06037190901,-666666666,1434,-666666666,92,186,143,140,1211,0,0,0,0,19,211,1884,1015,3389,0.4754,99,1230,,,0,1595,2409,3420,3103,3420,200,1230,38,6,35,66,0,0,45,39,31,91,0,36,5,74,189,38,0,122,93,9,3420,19,0,1230,1595
06037190902,1178200,1692,3067,280,268,62,108,1490,0,13,15,28,184,212,2513,638,3897,0.5365,28,1674,937.0,5761.0,74,1832,2540,3925,3671,3925,504,1674,59,52,69,0,12,0,66,63,35,0,19,8,46,0,7,148,20,27,211,96,3925,125,50,1674,1832
06037191000,-666666666,2379,-666666666,193,346,469,205,3179,0,0,16,0,68,398,3836,677,5335,0.4749,214,3247,,,57,4435,1513,5335,3858,5335,493,3247,80,0,52,0,35,42,11,11,61,12,35,44,78,53,3,0,169,0,101,85,5335,68,0,3247,4435
06037191110,-666666666,1495,-666666666,46,219,58,179,1083,0,13,0,0,20,77,1499,1497,3585,0.4979,43,1103,,,0,1250,1105,3808,3450,3805,217,1103,128,150,89,25,53,40,110,145,145,125,97,97,0,30,26,29,51,42,13,4,3808,13,7,1103,1250
06037191120,1219800,1436,1089,137,180,102,147,1476,0,0,0,5,93,349,2226,599,3553,0.4678,78,1569,560.0,4231.0,33,1700,1992,3776,3487,3776,334,1569,87,42,92,25,7,20,38,88,18,38,67,125,64,16,151,21,0,106,66,64,3776,81,12,1569,1700
06037191201,888200,1479,2336,120,183,145,89,1581,9,0,0,0,75,325,3789,1416,5521,0.4894,202,1656,417.0,4940.0,77,1988,1759,5722,5208,5722,506,1656,169,204,144,102,50,51,49,73,186,142,64,75,0,75,37,24,38,12,46,68,5722,27,19,1656,1988
06037191203,982100,1568,2944,122,83,62,3,860,0,48,0,0,108,129,1275,699,2010,0.5741,50,968,563.0,2808.0,24,1114,820,2010,1813,1969,284,968,23,29,40,23,22,18,31,24,119,30,31,28,41,37,55,22,14,0,45,60,2010,51,57,968,1114
06037191204,1116100,1682,1775,113,70,96,67,616,22,0,7,0,97,79,941,304,1522,0.4122,20,713,390.0,2078.0,4,856,699,1532,1379,1532,187,713,0,73,14,38,0,28,28,6,51,34,31,10,28,35,33,10,11,35,26,32,1532,46,29,713,856
06037191301,979200,1731,1965,77,134,85,118,781,0,14,29,0,177,134,1231,408,2077,0.4938,29,958,866.0,2980.0,23,1044,852,2077,1951,2077,285,958,9,19,43,50,5,24,20,30,45,89,38,27,30,18,24,15,14,11,60,20,2077,110,67,958,1044
06037191302,802100,1800,2681,93,145,87,9,836,0,6,0,11,83,122,1242,215,1754,0.4955,51,919,439.0,2652.0,0,1073,573,1825,1585,1825,325,919,99,42,19,0,9,3,17,0,16,5,4,22,0,44,14,50,0,0,12,5,1825,83,0,919,1073
06037191410,1108700,1362,-666666666,96,48,215,113,1245,31,11,0,9,118,156,2063,887,3231,0.5024,29,1363,619.0,3709.0,31,1495,2149,3363,2673,3347,312,1363,24,35,40,26,12,31,67,7,14,79,41,40,20,68,98,61,74,18,80,67,3363,92,26,1363,1495
06037191420,1187500,1802,2684,103,34,75,117,857,22,37,0,0,192,196,2158,380,3065,0.4346,106,1049,1036.0,3516.0,0,1162,1952,3065,2877,3043,368,1049,27,14,44,0,50,14,0,0,76,52,0,14,87,20,0,60,22,28,32,45,3065,67,49,1049,1162
06037191500,982100,1599,3344,143,223,207,50,1624,25,16,5,0,260,306,2807,1194,5489,0.4749,181,1884,1637.0,6678.0,12,1941,2974,5491,5029,5446,860,1884,20,119,56,43,8,9,90,59,60,92,41,56,66,190,181,139,83,106,190,132,5491,145,87,1884,1941
06037191610,-666666666,1749,3071,105,55,133,40,1307,0,4,25,0,110,139,2297,782,3653,0.4971,87,1417,528.0,4442.0,21,1541,1984,3653,3219,3653,362,1417,60,26,55,6,40,0,48,83,70,31,0,35,102,40,66,51,71,106,99,50,3653,72,38,1417,1541
06037191620,467500,1649,-666666666,80,150,56,100,894,13,0,0,0,39,117,1543,653,2627,0.4177,37,933,124.0,2457.0,0,1066,1535,2773,2332,2711,269,933,0,48,44,39,39,32,14,31,39,38,16,79,125,163,67,0,138,70,63,76,2773,33,6,933,1066
06037191710,629700,1309,2443,104,68,80,190,1112,0,0,0,0,99,89,1249,777,2569,0.5849,97,1211,612.0,3128.0,30,1415,2014,2569,2424,2543,305,1211,38,59,83,0,28,55,0,65,164,45,0,6,65,12,119,44,39,38,36,124,2569,62,15,1211,1415
06037191720,1304300,1322,-666666666,82,256,99,49,1283,0,0,0,0,119,151,2241,529,3390,0.4335,43,1402,449.0,3910.0,0,1518,2403,3408,3197,3408,271,1402,40,56,74,15,0,0,51,30,40,4,20,29,57,34,150,26,67,116,54,22,3408,93,0,1402,1518
06037191810,-666666666,1938,-666666666,198,50,143,120,1202,0,0,0,0,35,175,2100,288,2780,0.3987,34,1237,,,25,1349,1544,2780,2464,2760,300,1237,11,58,40,0,9,0,0,10,102,32,0,0,73,31,119,70,43,37,0,21,2780,35,0,1237,1349
06037191820,815100,2194,4001,269,166,245,101,1805,17,7,56,7,162,190,2831,491,3777,0.4531,150,1967,804.0,7121.0,0,2039,888,3777,3057,3731,403,1967,10,26,15,30,67,7,16,9,99,8,40,16,62,24,54,39,81,9,40,35,3777,101,61,1967,2039
06037191901,1550000,2111,3818,183,331,335,195,2396,0,10,0,35,56,294,3545,848,4307,0.4052,191,2452,327.0,7499.0,351,2823,906,4309,3486,4309,380,2452,11,0,11,0,0,0,0,63,0,16,0,23,110,33,1,16,35,0,67,34,4309,56,0,2452,2823
06037191902,1750000,2365,2457,57,68,44,104,882,81,15,33,10,650,251,1927,370,2813,0.6219,58,1532,3915.0,7177.0,21,1760,298,2813,2460,2787,521,1532,46,60,94,6,21,15,47,30,55,68,7,7,72,37,30,4,84,72,36,17,2813,538,102,1532,1760
06037192001,1660000,2182,3467,93,92,10,98,845,33,38,0,21,240,79,1384,366,1998,0.6318,21,1085,1534.0,4350.0,0,1407,321,2167,1637,2149,239,1085,20,40,37,60,10,11,43,28,20,36,23,67,52,20,0,0,30,13,15,8,2167,233,7,1085,1407
06037192002,1743400,2467,2354,68,54,20,36,638,40,91,55,10,770,118,1868,228,2598,0.5532,87,1408,4677.0,7337.0,15,1552,229,2611,2089,2611,421,1408,20,34,20,87,14,9,15,34,60,96,14,43,15,12,47,0,45,12,6,58,2611,689,67,1408,1552
06037192300,1250000,2301,3480,68,45,72,15,1071,18,60,17,67,430,148,1701,323,2640,0.5746,41,1501,2073.0,5924.0,0,1790,621,2642,2340,2612,482,1501,8,24,65,77,8,28,23,6,106,54,25,49,36,68,0,9,30,51,110,58,2642,220,210,1501,1790
06037192410,1619900,2243,3664,227,121,120,103,1213,170,28,42,27,736,157,2741,274,4285,0.5353,64,1949,4468.0,9501.0,103,2087,461,4285,3892,4285,714,1949,20,34,50,59,39,27,11,44,85,15,85,37,35,44,62,22,199,97,20,55,4285,596,140,1949,2087
06037192420,1002200,1871,3025,102,117,119,135,1238,30,11,26,0,171,90,2107,544,3360,0.4544,22,1409,754.0,5009.0,48,1527,1366,3360,3072,3345,500,1409,52,95,54,18,22,0,0,73,31,72,40,0,106,53,64,48,142,37,24,13,3360,69,87,1409,1527
06037192510,970800,1901,3597,108,55,118,32,1101,0,0,0,0,167,105,2324,745,3915,0.4345,32,1268,772.0,4112.0,0,1321,2400,3991,3682,3959,706,1268,45,85,7,13,0,0,80,55,43,61,45,42,363,73,142,19,81,0,47,127,3991,34,133,1268,1321
06037192520,925000,1806,1102,268,178,56,95,1474,10,0,0,0,157,420,3095,1047,4884,0.3679,28,1631,787.0,5682.0,28,1790,3177,4884,3953,4857,499,1631,57,25,33,43,0,0,60,49,89,17,47,32,59,165,64,30,229,125,96,58,4884,68,89,1631,1790
06037192610,1328700,1676,4001,162,88,82,103,1478,0,12,15,0,57,174,2270,1065,4103,0.4471,154,1535,407.0,4781.0,13,1703,2571,4106,3377,4097,449,1535,78,105,80,55,0,20,34,53,68,0,20,21,104,178,124,82,64,159,113,71,4106,10,47,1535,1703
06037192620,705900,1504,-666666666,115,183,72,87,1172,0,0,0,0,28,77,1615,917,3362,0.4259,55,1200,121.0,3534.0,0,1300,2176,3362,3210,3298,357,1200,45,31,37,10,0,38,29,90,35,79,0,10,130,106,196,80,62,157,120,107,3362,17,8,1200,1300
06037192700,910300,1760,3048,94,70,224,137,1128,0,33,0,0,115,224,1835,579,3065,0.4338,142,1243,687.0,4371.0,21,1392,1827,3070,2501,3070,258,1243,61,43,69,57,0,9,11,45,14,22,24,29,40,32,71,0,0,80,74,43,3070,79,26,1243,1392
06037194101,1932400,2042,4001,58,58,68,68,1234,79,42,71,10,594,273,2378,276,3273,0.5575,19,1828,3681.0,7932.0,9,2090,481,3273,2798,3259,508,1828,48,45,36,71,90,84,27,72,85,109,0,27,27,44,0,0,42,0,48,46,3273,561,11,1828,2090
06037194102,2000001,2206,4001,27,12,41,32,307,107,19,77,29,916,40,1536,240,2504,0.5661,10,1223,6480.0,7759.0,0,1675,328,2504,2218,2473,512,1223,59,21,37,15,54,23,0,36,56,45,42,49,23,15,47,36,140,19,47,17,2504,790,126,1223,1675
06037194200,2000001,2711,4001,0,23,84,44,420,43,113,93,101,1224,173,2219,68,3311,0.4813,92,1644,8168.0,9569.0,0,1960,179,3378,3128,3345,678,1644,0,54,163,88,0,14,31,88,0,108,0,17,84,43,136,44,36,25,33,28,3378,1046,116,1644,1960
06037194300,2000001,3501,4001,44,27,21,0,258,83,87,50,69,1136,94,1692,225,2887,0.5552,56,1394,7738.0,9183.0,0,1754,350,2887,2514,2813,588,1394,32,83,120,85,30,68,41,59,45,25,62,22,50,74,191,0,83,19,50,51,2887,947,189,1394,1754
06037194401,2000001,2432,4001,220,116,161,64,1244,17,0,11,0,241,179,1883,239,2457,0.4842,29,1485,1953.0,6318.0,0,1616,446,2613,2190,2613,262,1485,32,21,14,0,4,0,37,104,79,37,19,42,33,28,35,6,10,12,10,5,2613,241,0,1485,1616
06037194402,1243900,2639,3640,128,191,198,138,1465,16,118,21,9,751,172,2427,326,3071,0.4891,93,2216,3713.0,9121.0,0,2407,207,3071,2536,3071,173,2216,22,14,66,38,21,0,5,72,32,179,10,26,54,0,0,0,19,24,24,0,3071,659,92,2216,2407
06037194500,2000001,2410,3575,18,116,7,70,600,18,8,21,14,411,80,1287,136,2049,0.5715,36,1011,2603.0,5133.0,13,1144,125,2116,1795,2090,332,1011,46,78,49,47,6,18,13,0,33,15,0,51,40,32,37,12,76,40,32,29,2116,363,48,1011,1144
06037195100,2000001,1980,3738,28,62,70,140,653,162,183,71,136,1580,129,2599,256,4761,0.4551,59,2233,10857.0,13713.0,0,2432,806,4976,4406,4976,979,2233,64,49,112,61,45,87,0,42,142,54,58,66,89,207,35,62,181,82,144,44,4976,1223,357,2233,2432
06037195201,1613400,2070,2642,218,158,233,62,1173,24,7,76,0,437,240,1883,279,2813,0.4276,44,1610,2784.0,6561.0,13,1696,493,2813,2538,2804,415,1610,50,8,16,77,0,85,45,8,57,58,21,69,16,51,67,29,48,27,16,41,2813,337,100,1610,1696
06037195202,1598900,2842,3566,113,93,44,59,696,138,57,28,49,773,228,2257,220,3349,0.4307,28,1469,5236.0,8089.0,0,1549,639,3349,3099,3333,702,1469,32,46,2,9,47,43,6,58,45,24,33,20,96,40,17,16,53,79,114,107,3349,583,188,1469,1549
06037195300,1107100,1964,3359,159,152,111,90,1156,62,9,13,17,354,273,2077,429,2976,0.4759,155,1510,1842.0,5614.0,69,1715,829,2976,2431,2923,327,1510,25,32,6,57,0,28,72,0,31,26,39,0,84,52,35,7,87,25,31,37,2976,286,62,1510,1715
06037195400,1638000,2008,3630,147,163,132,194,1253,78,144,60,34,1065,332,3017,365,4343,0.5676,110,2318,5925.0,10577.0,0,2503,676,4348,3551,4249,694,2318,14,102,17,17,49,19,29,60,163,23,0,11,55,9,26,44,167,33,18,79,4348,903,136,2318,2503
06037195500,1097800,1776,3181,306,160,121,102,1398,33,133,72,23,1086,214,3145,338,5118,0.4446,174,2484,5740.0,11324.0,0,2577,1404,5138,4285,5084,607,2484,46,78,123,49,69,11,9,53,72,32,47,71,281,51,0,190,146,0,85,46,5138,721,347,2484,2577
06037195600,1011800,1253,2367,55,124,88,57,811,120,0,40,30,367,116,1703,650,2795,0.5,103,1178,1898.0,4361.0,0,1302,1379,2821,2296,2778,465,1178,113,32,8,23,15,0,12,90,57,35,28,1,53,26,45,8,58,80,24,25,2821,318,41,1178,1302
06037195710,1280000,1729,-666666666,83,107,85,147,1298,0,28,0,0,196,194,2317,1276,4127,0.5788,61,1494,929.0,5039.0,0,1539,2237,4274,3629,4197,339,1494,110,119,87,0,9,0,12,45,63,32,0,74,135,75,134,28,52,18,147,8,4274,130,53,1494,1539
06037195720,916700,2111,2083,93,69,117,86,695,6,6,6,27,168,93,1254,211,1694,0.4334,31,863,661.0,2794.0,41,991,544,1694,1401,1688,192,863,17,56,55,17,18,0,5,54,67,23,0,13,19,0,0,0,7,11,22,31,1694,120,44,863,991
06037195802,1066700,1876,3284,70,77,83,46,832,20,47,2,22,259,99,1801,429,2859,0.4561,40,1091,1281.0,3892.0,0,1124,1385,2865,2635,2865,356,1091,41,33,29,6,17,0,121,19,38,75,20,78,24,53,40,53,137,35,16,49,2865,108,125,1091,1124
06037195803,1143800,2021,3500,73,139,88,116,823,26,21,55,0,258,126,1611,294,2328,0.3776,44,1081,1302.0,4172.0,12,1209,816,2328,1976,2305,190,1081,11,37,31,32,50,18,34,54,19,30,9,0,120,41,17,40,15,12,22,0,2328,200,33,1081,1209
06037195804,1179900,1689,-666666666,184,157,142,14,860,7,29,0,8,222,99,1738,269,2555,0.4286,47,1082,1041.0,4013.0,0,1236,1406,2555,2400,2541,257,1082,0,0,45,0,37,52,12,58,42,0,21,69,30,18,57,21,31,100,4,31,2555,182,23,1082,1236
06037195901,1601200,2064,3675,164,156,87,81,1096,25,0,12,0,93,276,1749,383,2513,0.5169,122,1189,649.0,4365.0,0,1301,737,2566,2034,2566,347,1189,54,14,83,29,9,42,25,49,19,23,5,81,13,46,8,15,38,10,27,0,2566,51,42,1189,1301
06037195902,1170000,2120,2970,75,73,97,33,637,9,30,113,8,391,142,1383,84,1847,0.4149,25,1028,2063.0,4377.0,12,1191,193,1847,1487,1795,176,1028,0,8,20,39,0,10,0,12,11,32,0,0,211,49,42,0,7,0,14,0,1847,367,16,1028,1191
06037195903,1095600,2064,2500,110,114,50,74,708,30,6,37,10,162,98,1433,240,1970,0.396,68,870,843.0,3317.0,0,968,901,1970,1716,1960,213,870,8,55,13,16,0,0,24,41,13,0,28,8,24,18,39,20,7,18,7,7,1970,108,18,870,968
06037197200,890600,1914,1766,72,95,215,13,669,37,0,52,4,496,88,1990,160,3620,0.3669,75,1165,2589.0,5264.0,0,1229,1248,3639,3219,3620,604,1165,36,36,50,125,17,6,4,71,167,51,0,78,120,44,83,129,59,0,35,70,3639,223,228,1165,1229
06037197300,1177300,1993,3225,138,181,131,156,1218,83,75,47,41,606,248,2734,211,3734,0.4044,54,1824,3068.0,7040.0,7,1953,1195,3734,3438,3734,548,1824,156,30,10,60,47,0,81,22,89,12,25,29,47,66,25,20,52,19,80,11,3734,357,241,1824,1953
06037197410,1264000,2119,2796,81,176,125,27,759,18,123,189,0,942,301,2524,239,3805,0.4862,215,1701,5432.0,7967.0,0,1914,1211,3805,3256,3792,552,1701,25,25,53,75,8,32,0,49,71,77,35,27,188,0,61,32,30,69,74,63,3805,688,193,1701,1914
06037197420,1085000,2228,3147,173,182,142,69,1058,88,26,58,0,552,162,2393,320,3486,0.4661,112,1610,3170.0,6995.0,0,1660,1267,3621,3069,3575,338,1610,70,34,18,24,0,11,18,27,25,25,13,29,70,25,55,28,80,104,45,107,3621,473,53,1610,1660
06037197500,1200000,1726,2426,213,229,151,64,1596,0,24,7,15,204,153,2831,670,3991,0.4606,165,1800,1126.0,6825.0,0,1898,1907,3992,3619,3951,375,1800,9,43,38,49,8,0,8,35,44,33,26,59,64,45,83,70,92,33,65,0,3992,123,66,1800,1898
06037197600,894800,2182,1586,67,37,90,46,763,41,13,0,0,137,142,1366,614,2080,0.4412,63,900,803.0,4006.0,0,941,1135,2080,1638,2080,140,900,2,0,30,42,13,0,10,26,27,21,32,52,10,0,0,96,27,0,69,14,2080,129,0,900,941
06037197700,854700,2062,2726,219,85,89,89,1814,93,0,23,0,377,211,3076,800,4770,0.5358,53,2191,1729.0,7923.0,47,2238,1434,4780,4212,4709,534,2191,0,95,83,50,38,43,41,62,232,72,7,38,114,44,135,72,27,21,128,29,4780,257,120,2191,2238
06037199001,687500,1396,-666666666,87,85,6,125,633,0,0,0,0,66,83,1205,564,2307,0.404,63,699,190.0,2972.0,0,828,1466,2307,2167,2246,306,699,32,6,0,7,0,18,25,2,69,6,0,53,94,85,101,66,99,29,67,10,2307,5,50,699,828
06037199002,667200,1961,1720,51,41,74,162,816,0,42,15,12,320,178,1860,397,2866,0.4186,40,1136,1203.0,3779.0,0,1197,1577,2866,2723,2825,420,1136,30,32,6,8,14,66,41,0,55,64,5,13,33,66,65,101,22,36,49,53,2866,137,141,1136,1197
06037199110,714600,1632,1890,44,36,72,32,302,73,49,5,43,480,161,1195,356,2369,0.4305,73,782,2254.0,3462.0,5,822,1968,2369,2195,2349,386,782,7,23,43,62,13,18,13,50,89,50,17,45,116,25,84,31,25,42,55,60,2369,263,187,782,822
06037199120,675300,1350,2102,66,44,81,49,893,7,13,0,0,210,161,1815,1133,3375,0.4425,103,1103,1335.0,4780.0,0,1136,2215,3704,3312,3687,413,1103,18,70,80,0,18,74,48,29,51,75,42,102,110,105,185,60,92,101,12,89,3704,95,115,1103,1136
06037199201,-666666666,1412,486,154,131,53,91,959,0,1,0,0,231,122,1765,826,3592,0.5529,36,1190,830.0,4304.0,0,1241,2251,3592,3415,3575,426,1190,4,11,91,6,0,201,68,30,120,50,25,12,17,109,229,77,162,31,128,40,3592,201,27,1190,1241
06037199202,742600,1500,1780,54,77,30,56,387,13,47,59,35,506,119,1407,367,2443,0.474,61,893,2371.0,4010.0,0,934,1495,2450,2130,2439,300,893,86,20,52,13,29,5,46,28,109,90,11,15,44,18,53,34,57,50,100,66,2450,294,123,893,934
06037199300,940800,1469,2078,0,13,25,14,506,83,70,17,37,811,283,2517,452,3808,0.5316,118,1317,4437.0,6400.0,0,1342,1944,3839,3566,3797,718,1317,36,52,53,26,36,71,16,129,168,70,53,79,41,49,37,34,91,19,81,109,3839,462,345,1317,1342
06037199400,834200,1464,1787,100,68,62,15,1104,30,95,43,28,397,304,2180,1332,4373,0.487,66,1501,2214.0,6315.0,0,1551,2662,4373,3987,4325,606,1501,39,78,15,44,11,18,53,46,107,51,49,60,73,58,88,57,286,85,332,32,4373,254,104,1501,1551
06037199700,670100,1635,1989,59,61,98,56,1030,9,34,0,0,238,73,1662,525,2914,0.4658,54,1268,1253.0,4799.0,0,1268,1732,2936,2340,2911,294,1268,16,44,37,41,18,106,15,123,53,41,5,48,38,21,53,26,87,44,129,10,2936,172,56,1268,1268
06037199801,619800,1528,655,54,57,39,21,594,14,0,22,13,303,135,2048,666,3837,0.4861,54,897,1349.0,3455.0,0,927,2651,3842,3545,3785,455,897,56,15,2,8,15,0,3,33,48,24,24,42,247,103,44,86,69,165,250,19,3842,27,141,897,927
06037199802,578100,1488,834,88,22,59,38,424,24,0,6,0,171,70,1018,259,1975,0.3964,37,595,787.0,2430.0,5,629,763,1975,1954,1975,299,595,0,50,8,60,16,6,34,27,30,11,9,51,29,47,157,6,9,39,71,44,1975,54,99,595,629
06037199900,652900,1250,1932,52,35,57,52,721,10,11,0,8,158,109,1160,484,2291,0.5874,47,879,786.0,2849.0,0,902,1749,2295,2217,2295,249,879,33,42,48,33,19,0,57,0,18,40,111,37,45,102,114,44,20,71,51,44,2295,104,35,879,902
06037201110,833300,1482,2308,48,18,35,23,257,22,56,8,64,498,54,1273,203,2279,0.4155,36,755,3051.0,4107.0,0,818,1710,2279,2222,2279,298,755,18,115,21,28,15,22,40,12,40,4,56,33,38,36,27,35,37,57,75,52,2279,318,147,755,818
06037201120,824900,1657,2917,234,55,97,49,794,45,57,131,23,512,156,2469,521,3834,0.4361,39,1306,2906.0,6213.0,0,1374,2958,3843,3594,3809,568,1306,28,7,88,49,10,34,7,30,97,0,5,53,35,131,87,162,43,118,65,22,3843,304,152,1306,1374
06037201200,788500,1461,2034,27,52,31,26,331,15,57,21,30,434,75,1474,319,2677,0.4664,11,765,2354.0,3647.0,0,772,2143,2677,2469,2626,438,765,3,15,49,12,0,47,22,7,37,20,38,28,101,40,160,32,131,55,59,59,2677,212,177,765,772
06037201301,848600,1185,2155,66,32,59,15,553,52,105,64,0,520,191,1821,508,3261,0.4457,100,1073,3399.0,5439.0,0,1118,2047,3403,3149,3403,508,1073,43,48,78,10,95,56,50,33,52,111,47,82,51,158,54,0,47,68,61,40,3403,319,155,1073,1118
06037201302,631700,2276,2525,21,174,66,43,459,178,120,141,163,1492,153,2200,280,4080,0.4188,39,1951,6969.0,8731.0,0,2062,774,4083,3576,4071,679,1951,34,35,78,83,149,105,74,101,280,150,109,112,63,76,0,59,49,22,92,22,4083,1064,389,1951,2062
06037201401,687000,1639,2272,25,29,44,56,743,39,65,59,30,578,259,1943,1182,4162,0.5194,83,1321,3339.0,6443.0,27,1398,3205,4177,3947,4116,395,1321,47,39,41,73,8,55,30,61,89,0,51,30,128,53,220,117,165,92,54,166,4177,300,238,1321,1398
06037201402,784600,1828,1712,27,148,15,29,421,64,59,105,16,977,116,1895,565,4073,0.4565,57,1398,5566.0,7438.0,0,1458,3138,4113,3877,4065,750,1398,67,12,83,52,75,82,10,133,113,122,76,82,192,7,177,26,60,157,129,28,4113,492,478,1398,1458
06037201501,786300,1694,2112,195,21,65,147,875,140,102,33,10,688,206,2612,710,5415,0.3695,61,1563,3893.0,7689.0,0,1684,3914,5468,4939,5423,749,1563,46,176,90,11,57,85,29,157,59,55,47,141,268,166,155,70,100,121,328,67,5468,276,302,1563,1684
06037201503,734700,1442,1840,78,67,122,61,602,25,45,42,12,348,87,1615,263,3096,0.3793,64,950,1801.0,3872.0,0,997,2622,3133,2946,3111,316,950,31,60,48,5,21,4,3,54,77,62,5,18,60,62,70,86,61,48,100,105,3133,115,233,950,997
06037201504,760900,1327,2399,0,59,4,5,250,29,23,61,26,333,71,987,277,2047,0.4219,17,583,1827.0,2743.0,0,622,1556,2063,1979,2035,340,583,29,25,39,18,0,33,63,22,55,24,12,43,40,37,65,27,48,43,108,75,2063,154,116,583,622
06037201601,761800,1689,1796,29,16,12,22,237,34,29,41,35,453,215,1128,427,2310,0.4681,56,690,2327.0,3331.0,0,738,1763,2310,2178,2289,302,690,0,35,49,24,16,39,25,39,45,29,13,74,97,75,44,91,64,17,55,12,2310,278,150,690,738
06037201602,842600,1875,2247,41,86,37,3,350,45,46,49,40,383,72,1325,275,2753,0.402,63,733,2131.0,3601.0,0,789,2198,2766,2538,2761,352,733,17,49,34,99,41,5,5,8,113,63,35,40,71,126,83,47,38,75,100,70,2766,171,190,733,789
06037201700,755100,1623,2476,81,7,218,29,742,111,75,34,51,750,184,3023,451,4167,0.4238,128,1492,4161.0,6984.0,0,1588,3114,5128,4383,5095,577,1492,0,29,89,107,109,4,83,30,97,115,5,15,192,83,247,11,69,48,35,96,5128,422,313,1492,1588
06037203100,692200,1163,2870,95,164,167,91,1126,0,42,48,0,141,238,2231,812,4231,0.4167,166,1267,727.0,5423.0,0,1306,3975,4302,3993,4302,391,1267,1,20,19,39,0,11,82,40,44,123,24,10,30,132,146,220,70,205,196,106,4302,45,40,1267,1306
06037203200,615000,1693,2102,94,171,57,46,919,37,51,30,29,343,188,2161,1387,4973,0.4037,78,1262,1690.0,5292.0,0,1319,4722,4995,4335,4855,473,1262,41,64,28,33,0,21,0,98,48,43,27,41,368,202,157,122,186,315,271,87,4995,159,155,1262,1319
06037203300,649000,1514,1408,13,56,31,29,440,15,19,0,0,75,49,711,550,1496,0.45,23,515,334.0,2032.0,0,535,1376,2105,1576,2085,161,515,0,2,8,24,1,12,7,46,31,0,21,8,77,84,38,148,89,6,134,62,2105,38,27,515,535
06037203500,780500,1453,1788,90,82,77,70,659,5,12,28,15,266,147,1495,734,2819,0.5052,15,925,1637.0,4048.0,0,998,2142,2831,2646,2825,373,925,14,84,39,12,0,14,25,0,55,22,63,50,15,32,101,25,26,43,203,0,2831,182,78,925,998
06037203601,673600,1427,1293,16,98,47,41,713,20,16,6,0,114,148,1049,706,2613,0.4265,106,827,479.0,2941.0,0,854,2582,2664,2335,2650,168,827,102,32,0,20,0,32,33,29,0,10,38,82,94,122,74,56,103,58,61,49,2664,57,35,827,854
06037203602,863300,1848,1875,11,95,64,12,396,13,0,23,7,159,49,831,480,1964,0.4311,0,555,894.0,2297.0,0,571,1733,1964,1647,1845,216,555,17,21,14,22,22,11,6,32,24,35,40,23,229,13,0,55,122,19,88,20,1964,78,63,555,571
06037203710,793300,1523,2280,80,77,23,77,652,35,3,42,7,172,187,1871,747,3435,0.354,48,824,895.0,3422.0,0,852,3354,3457,3163,3424,283,824,14,46,41,7,7,0,30,38,22,17,81,14,155,107,166,65,125,125,75,43,3457,60,78,824,852
06037203720,662900,1429,2352,84,49,57,104,676,0,0,62,49,310,161,1755,877,3556,0.4034,119,986,1368.0,3677.0,24,1065,3378,3556,3372,3497,439,986,9,41,98,16,5,10,111,29,37,43,12,19,88,231,259,38,76,81,105,71,3556,117,103,986,1065
06037203800,525000,1242,1138,115,51,74,185,788,25,11,43,0,472,114,2416,1033,4817,0.4322,14,1260,2497.0,5551.0,0,1286,4610,4817,4539,4817,501,1260,44,0,174,29,13,0,21,112,121,0,28,15,97,111,263,72,122,143,77,126,4817,192,162,1260,1286
06037203900,641600,1360,2370,76,32,61,3,390,44,9,3,16,288,82,1384,551,2712,0.409,13,678,1844.0,3461.0,0,707,2640,2839,2663,2804,254,678,5,19,88,30,10,3,44,61,26,39,9,28,116,98,100,129,128,71,69,55,2839,152,113,678,707
06037204110,586100,1142,-666666666,37,82,37,75,489,0,0,47,46,327,63,1291,861,2863,0.3949,17,816,1815.0,3698.0,0,886,2699,2863,2734,2855,400,816,21,5,19,27,5,41,18,0,35,64,35,98,74,138,126,25,70,47,49,178,2863,133,119,816,886
06037204120,636700,1733,980,69,46,82,69,475,0,9,28,0,220,115,1311,181,2480,0.3297,43,695,1128.0,3199.0,0,726,2403,2480,2344,2480,272,695,21,7,0,24,47,0,30,17,40,19,8,60,30,119,43,140,112,76,29,42,2480,102,80,695,726
06037204200,576700,1440,1192,105,39,106,67,862,14,0,12,29,169,139,1548,1025,3284,0.4043,64,1031,995.0,3909.0,0,1104,3112,3317,3064,3229,251,1031,0,1,51,0,25,0,0,106,14,9,10,29,185,129,41,108,131,155,103,85,3317,77,49,1031,1104
06037204300,613600,1316,1600,82,104,149,153,1008,19,12,52,0,360,201,2153,1107,4780,0.4241,35,1368,1852.0,5483.0,0,1402,4681,4873,4367,4847,544,1368,57,59,13,97,65,25,168,5,219,28,96,106,53,211,250,45,70,192,112,78,4873,185,149,1368,1402
06037204410,632100,1439,-666666666,20,39,69,23,565,0,0,12,0,101,67,1101,658,2467,0.4578,18,666,558.0,2584.0,21,681,2278,2467,2315,2462,172,666,46,35,32,34,55,0,4,28,28,119,12,31,70,120,30,51,82,74,38,53,2467,52,38,666,681
06037204420,-666666666,1207,1087,165,114,82,59,833,0,0,0,0,35,246,1497,995,3091,0.4241,103,868,197.0,2979.0,0,997,2916,3101,2688,3073,245,868,3,11,23,1,13,0,19,22,9,70,12,47,163,91,118,113,41,89,110,53,3101,26,9,868,997
06037204600,578500,1653,1914,53,81,84,82,855,21,23,56,21,257,193,1772,792,3908,0.413,138,1112,1412.0,4930.0,24,1153,3639,3954,3046,3923,385,1112,39,35,37,31,44,35,49,107,18,18,10,66,44,224,180,24,249,93,261,100,3954,136,93,1112,1153
06037204700,615400,1289,1975,77,54,7,69,595,51,59,69,24,623,158,2167,1047,4472,0.4038,56,1218,3102.0,5345.0,0,1295,4262,4524,4305,4489,582,1218,17,120,9,53,10,34,25,29,33,68,16,35,105,179,170,173,128,205,183,41,4524,242,226,1218,1295
06037204810,630300,1478,832,84,69,61,91,966,18,22,34,23,403,78,1914,839,4932,0.3794,24,1369,2149.0,5892.0,0,1404,4733,4932,4471,4932,654,1369,32,97,97,8,6,57,70,68,117,27,0,39,183,220,300,171,189,145,144,100,4932,238,126,1369,1404
06037204820,600000,1737,1358,25,17,8,51,301,25,21,0,10,240,9,961,276,2066,0.364,14,541,1121.0,2427.0,0,559,1983,2066,1930,2048,223,541,44,7,0,8,5,47,1,19,41,20,30,47,70,128,53,94,49,73,78,51,2066,129,64,541,559
06037204910,720600,1240,1803,67,52,49,78,737,10,0,71,24,206,111,1330,874,3356,0.4599,67,943,1147.0,4107.0,0,968,3193,3356,3160,3303,304,943,31,82,110,16,11,34,62,23,48,73,63,26,174,40,165,65,105,67,169,156,3356,57,134,943,968
06037204920,592100,1418,1446,77,40,31,11,379,9,0,56,15,295,122,1076,371,2457,0.3866,46,674,1525.0,2884.0,0,701,2331,2459,2304,2429,275,674,34,16,26,56,0,6,38,21,24,25,59,101,40,135,87,122,93,32,71,50,2459,136,116,674,701
06037205110,-666666666,1625,-666666666,73,136,63,24,866,0,0,0,0,0,260,1726,894,3690,0.4271,31,866,-666666666.0,3195.0,0,895,3642,3690,3381,3659,387,866,26,20,13,5,0,0,17,36,23,9,9,0,66,170,159,126,183,167,182,134,3690,0,0,866,895
06037205120,622800,1335,2556,28,53,112,47,848,16,0,0,0,87,226,1432,1227,3409,0.4933,74,935,434.0,3980.0,0,935,3303,3409,3005,3339,351,935,32,13,51,22,10,0,47,22,95,17,52,19,113,63,134,6,156,110,260,148,3409,13,15,935,935
06037206010,807700,1306,-666666666,144,120,196,317,1389,20,0,40,0,108,331,2250,893,3490,0.4885,135,1497,686.0,5395.0,92,1670,1919,3490,3089,3423,328,1497,15,36,2,63,29,6,0,52,51,60,103,0,74,116,61,50,15,2,76,80,3490,26,68,1497,1670
06037206020,-666666666,2985,-666666666,37,34,76,21,245,0,0,0,0,0,12,375,57,440,0.2847,4,245,-666666666.0,746.0,0,249,3541,8179,4202,8179,74,245,31,45,15,14,0,0,0,0,0,5,0,0,0,0,0,0,0,0,0,0,8179,0,0,245,249
06037206050,-666666666,1099,-666666666,112,149,62,73,734,0,0,7,0,19,158,954,407,2171,0.5469,22,753,75.0,2639.0,0,800,1932,2290,1985,2239,162,753,7,33,58,50,21,41,39,13,26,42,31,128,67,15,130,53,96,77,60,121,2290,12,0,753,800
06037206051,967500,2760,3259,82,32,126,59,643,88,0,74,57,368,118,1361,68,1535,0.5772,0,1011,945.0,2217.0,68,1297,328,1535,1200,1504,154,1011,18,51,20,0,0,0,0,11,13,0,21,0,41,0,0,0,0,0,0,0,1535,111,257,1011,1297
06037206052,712700,2939,2893,200,255,106,164,1637,45,0,0,41,228,113,2672,408,3153,0.4336,63,1865,705.0,4443.0,77,2379,347,3153,1735,3132,463,1865,0,33,22,0,0,0,0,29,0,0,0,0,37,13,13,44,39,0,0,0,3153,164,56,1865,2379
06037206053,651000,1162,2723,38,157,55,57,926,6,36,28,25,151,103,1461,784,2853,0.5464,126,1077,854.0,3042.0,0,1156,2315,3057,2585,3031,224,1077,12,14,67,28,68,41,15,31,28,20,64,141,136,169,18,18,41,114,146,37,3057,51,65,1077,1156
06037206054,779400,1425,2643,146,75,62,59,599,0,0,0,10,30,131,1108,1002,2452,0.4817,64,629,144.0,2787.0,5,675,2063,2456,2220,2455,333,629,12,0,29,18,8,14,1,39,38,21,17,37,37,66,65,37,51,147,149,108,2456,10,20,629,675
06037206201,575300,2914,1547,115,175,247,65,1113,0,0,0,14,116,216,1340,502,2127,0.5153,75,1229,376.0,3132.0,0,1405,394,2127,1275,2127,221,1229,99,0,23,50,33,15,35,0,22,14,30,0,23,21,4,10,0,22,0,0,2127,77,39,1229,1405
06037206202,645800,575,2883,41,26,206,145,1017,9,14,42,29,119,0,557,721,1708,0.5873,39,1136,270.0,2218.0,0,1226,275,1711,1447,1698,194,1136,0,24,30,34,114,49,61,59,102,81,121,192,13,0,24,0,13,0,0,21,1711,91,28,1136,1226
06037206301,-666666666,346,-666666666,77,18,270,113,1185,0,0,0,0,35,220,534,1473,1991,0.4317,392,1220,,,49,1362,402,1991,1355,1991,0,1220,0,138,26,40,39,12,22,71,0,0,90,0,0,0,0,0,0,0,15,0,1991,22,13,1220,1362
06037206302,-666666666,-666666666,-666666666,9,0,231,95,660,0,0,0,0,0,271,608,1285,1904,0.594,280,660,-666666666.0,842.0,7,786,574,1904,1013,1904,0,660,28,32,57,0,0,0,12,31,11,0,0,23,0,0,0,0,0,0,0,0,1904,0,0,660,786
06037206303,-666666666,342,-666666666,0,15,87,58,543,0,0,0,0,7,309,673,1781,2397,0.5778,85,550,,,0,614,721,2430,1408,2430,0,550,61,88,70,31,0,41,60,32,0,0,0,8,0,0,0,0,33,0,0,0,2430,7,0,550,614
06037207101,587000,2196,-666666666,113,319,38,200,1744,0,0,0,0,30,78,2016,1017,3852,0.47,55,1774,89.0,4845.0,0,1955,465,3852,3119,3789,458,1774,8,0,74,6,49,30,19,10,113,73,27,181,133,207,71,71,73,37,40,13,3852,12,7,1774,1955
06037207102,-666666666,1684,-666666666,211,140,298,240,1575,7,0,0,0,7,158,1875,784,3340,0.4956,81,1582,,,109,1624,798,3340,2888,3325,417,1582,55,52,54,29,33,51,18,96,110,40,18,47,24,69,52,173,0,16,89,12,3340,0,7,1582,1624
06037207103,937500,1248,565,46,85,31,94,851,0,0,0,0,17,93,1227,542,2097,0.5817,47,868,63.0,2595.0,0,918,295,2112,1685,2112,282,868,25,54,44,51,16,17,20,78,88,30,54,14,30,31,67,39,7,32,16,33,2112,17,0,868,918
06037207303,-666666666,1625,-666666666,161,257,314,109,1835,0,0,0,0,23,185,1630,543,2359,0.5846,148,1858,,,7,2118,476,2359,1655,2359,82,1858,49,11,63,79,20,0,0,0,4,47,7,62,0,0,60,0,0,16,18,0,2359,12,11,1858,2118
06037207304,683800,821,3164,135,84,275,76,1613,0,17,0,0,51,212,1252,1033,2358,0.6671,225,1664,89.0,2676.0,0,1889,1194,2358,1868,2358,158,1664,44,47,45,11,10,0,0,94,51,0,0,0,0,42,62,0,28,54,0,60,2358,17,21,1664,1889
06037207305,540200,2022,3130,62,82,54,54,603,0,40,10,0,114,76,845,96,959,0.5202,14,717,159.0,1383.0,113,970,158,959,659,959,110,717,0,0,0,7,0,0,0,0,0,0,0,7,0,0,0,0,0,0,0,0,959,21,53,717,970
06037207306,699000,1669,2886,146,48,275,149,1509,43,11,0,0,173,162,1584,448,2166,0.5509,65,1682,414.0,2794.0,0,1885,379,2225,1724,2225,185,1682,37,13,69,9,19,0,0,0,56,29,0,0,0,0,0,0,0,13,0,0,2225,66,96,1682,1885
06037207307,-666666666,-666666666,-666666666,44,111,272,149,1082,0,0,0,0,0,141,885,630,1406,0.5699,163,1082,-666666666.0,1733.0,0,1312,236,1439,904,1439,41,1082,44,7,0,16,0,0,0,0,16,0,0,0,0,0,0,0,33,0,0,0,1439,0,0,1082,1312
06037207308,-666666666,2571,-666666666,154,99,64,99,762,0,0,0,0,0,171,1130,112,1229,0.3887,14,762,-666666666.0,1609.0,0,973,172,1229,809,1229,143,762,0,0,0,0,0,0,34,0,7,0,0,0,0,0,37,0,0,0,0,0,1229,0,0,762,973
06037207400,-666666666,3040,-666666666,29,50,112,80,858,0,0,0,0,0,91,1172,478,1683,0.5147,0,858,-666666666.0,2348.0,0,881,719,2273,1409,2262,98,858,7,14,32,0,0,0,0,2,69,0,0,14,35,0,12,4,119,0,0,18,2273,0,0,858,881
06037207501,700700,2579,3759,99,232,125,65,972,40,15,11,0,334,90,1620,232,2106,0.4409,24,1306,1304.0,3871.0,0,1648,551,2106,1651,2106,359,1306,8,32,12,0,11,25,47,22,12,27,11,0,26,70,0,0,0,15,40,36,2106,162,148,1306,1648
06037207502,-666666666,-666666666,-666666666,230,233,500,563,2563,0,0,0,0,0,186,1743,1580,3906,0.653,136,2563,-666666666.0,5177.0,56,2851,460,3906,2815,3894,516,2563,0,11,109,34,67,282,0,62,117,319,235,396,64,0,0,0,12,102,0,0,3906,0,0,2563,2851
06037207711,686100,3249,3832,172,320,165,38,1391,41,101,54,11,445,130,2349,203,2627,0.4235,51,1836,1044.0,4251.0,242,2568,237,2627,1640,2627,384,1836,0,33,0,0,12,0,0,12,0,0,0,0,0,0,0,10,0,0,0,0,2627,204,189,1836,2568
06037207712,698900,2745,2318,163,142,411,498,2827,0,21,23,108,336,322,3242,1196,4925,0.5096,73,3163,805.0,6042.0,31,3732,1006,4927,3183,4861,574,3163,29,56,162,0,0,70,0,0,43,0,66,337,108,58,0,54,220,0,0,0,4927,246,90,3163,3732
06037207901,954300,3004,3370,180,288,279,191,2322,75,26,0,0,267,111,2499,1172,3801,0.5997,40,2589,1015.0,6607.0,82,2840,267,3801,2127,3801,480,2589,0,72,0,22,82,0,99,0,78,54,27,111,0,0,0,0,0,29,28,0,3801,156,111,2589,2840
06037207902,1087200,2929,4001,355,551,398,606,3908,192,51,0,0,844,526,5889,1537,7325,0.4667,117,4752,2210.0,10544.0,0,5388,955,7354,5207,7069,1148,4752,0,0,49,0,0,0,0,50,86,0,0,0,71,0,0,0,261,43,13,0,7354,342,346,4752,5388
06037208001,-666666666,2330,-666666666,67,143,190,136,1263,0,0,0,0,0,8,2113,459,2581,0.4008,43,1263,-666666666.0,3347.0,13,1319,1243,2581,1982,2581,242,1263,0,0,0,7,0,0,0,0,0,7,0,0,0,31,15,0,36,0,59,0,2581,0,0,1263,1319
06037208002,712500,1415,2291,27,163,26,138,1095,0,45,0,12,176,114,2152,1242,4041,0.4692,91,1271,742.0,4336.0,73,1353,3417,4041,3710,4007,240,1271,55,36,43,46,0,0,45,13,88,70,29,9,220,68,52,65,102,381,77,72,4041,102,37,1271,1353
06037208301,-666666666,1509,-666666666,71,92,26,12,518,0,0,0,0,33,28,886,657,1693,0.4156,32,551,,,0,569,1511,1693,1531,1658,127,551,3,12,0,0,0,0,24,4,29,0,25,12,50,26,38,55,49,90,103,52,1693,0,0,551,569
06037208302,977300,1179,3015,211,173,128,310,1398,0,18,0,0,351,88,2170,1200,4715,0.4502,276,1749,1787.0,5745.0,0,1984,3127,4715,4284,4648,368,1749,11,108,36,16,0,42,159,60,29,63,56,44,134,188,157,84,177,227,168,65,4715,271,80,1749,1984
06037208401,-666666666,1444,-666666666,112,230,96,172,1324,0,0,0,0,21,126,1878,796,3826,0.4585,95,1345,,,0,1476,2306,3852,3311,3829,487,1345,24,35,23,110,67,14,60,32,7,50,68,85,178,123,162,31,113,123,112,42,3852,9,12,1345,1476
06037208402,832400,1885,1783,74,92,60,45,745,8,2,0,19,137,101,1397,423,2497,0.4879,29,882,763.0,3097.0,41,912,1740,2516,2353,2500,287,882,2,53,15,26,0,40,26,33,22,49,0,42,178,112,43,81,43,10,80,12,2516,65,50,882,912
06037208501,934300,1871,2260,112,73,78,45,807,3,0,0,0,87,142,1576,423,2455,0.4222,37,894,352.0,2873.0,71,1002,1085,2458,2291,2449,251,894,33,22,21,32,4,9,52,22,75,31,9,67,17,42,60,39,32,69,17,14,2458,46,38,894,1002
06037208502,1077800,1270,-666666666,33,67,182,183,1350,0,0,0,0,73,105,1916,782,3781,0.4447,123,1423,365.0,4113.0,0,1549,3194,3801,3596,3747,380,1423,20,86,4,40,43,0,17,181,70,43,21,20,64,100,138,38,170,57,110,96,3801,35,38,1423,1549
06037208610,932100,1742,1845,162,224,134,144,1313,11,42,14,0,161,231,2463,671,4277,0.4069,131,1474,911.0,5020.0,28,1556,2169,4277,3729,4200,567,1474,14,0,20,101,38,0,12,87,65,86,33,35,79,141,146,45,131,89,134,27,4277,75,53,1474,1556
06037208620,805900,1661,-666666666,130,180,214,160,1431,14,8,3,0,174,185,2328,645,3990,0.43,136,1605,1011.0,5014.0,34,1745,2091,4000,3567,3976,468,1605,11,96,28,44,3,0,9,31,81,40,16,50,115,126,37,78,73,140,127,36,4000,112,42,1605,1745
06037208710,480400,1836,1833,254,127,297,150,1774,0,44,14,0,300,264,3234,757,4895,0.438,144,2074,1076.0,6087.0,26,2252,1581,4895,4410,4895,830,2074,32,167,20,129,51,0,124,59,101,36,24,87,30,38,127,31,177,57,14,62,4895,180,120,2074,2252
06037208720,-666666666,1191,-666666666,195,58,172,94,1451,11,0,0,0,36,204,2106,1069,3406,0.4035,49,1487,,,0,1632,2685,3406,3073,3406,227,1487,42,0,44,27,0,49,22,16,57,14,28,0,43,110,140,9,23,84,138,101,3406,36,0,1487,1632
06037208801,-666666666,1411,-666666666,61,136,189,30,1346,0,0,0,0,18,136,1546,744,3120,0.4683,112,1364,,,0,1428,1584,3368,2774,3328,147,1364,26,62,34,63,28,12,17,109,103,42,39,118,123,0,166,7,13,27,72,77,3368,18,0,1364,1428
06037208802,-666666666,1459,-666666666,47,88,182,251,1380,0,0,0,0,0,115,1510,866,2772,0.5229,71,1380,-666666666.0,3657.0,53,1522,1563,2772,2314,2708,217,1380,67,0,20,26,0,13,8,45,103,0,48,19,75,306,42,0,102,18,58,0,2772,0,0,1380,1522
06037208902,-666666666,1491,-666666666,58,69,82,23,674,0,0,0,0,0,91,1358,1031,2318,0.366,34,674,-666666666.0,1426.0,0,715,2186,2399,2146,2393,195,674,0,5,5,8,18,5,0,0,17,10,5,40,44,53,162,74,93,93,101,89,2399,0,0,674,715
06037208903,-666666666,1396,-666666666,175,118,69,47,1079,0,0,0,0,0,111,2040,1699,3739,0.4402,62,1079,-666666666.0,2662.0,0,1191,3331,3819,3487,3808,257,1079,71,51,51,71,0,5,18,3,3,36,13,4,35,130,149,154,89,197,83,73,3819,0,0,1079,1191
06037208904,-666666666,962,-666666666,52,30,158,164,1328,26,0,0,0,39,35,1413,1992,3484,0.514,47,1367,94.0,2923.0,13,1427,2930,3590,3446,3570,273,1367,0,57,10,12,46,9,21,100,52,55,125,88,168,71,87,12,33,375,253,0,3590,13,26,1367,1427
06037209103,-666666666,1265,-666666666,53,112,133,66,1064,0,0,0,0,0,78,1463,1498,3226,0.3981,125,1064,-666666666.0,2274.0,0,1119,2818,3226,2961,3169,200,1064,25,25,18,0,6,0,44,9,24,15,41,20,148,129,103,45,105,251,135,109,3226,0,0,1064,1119
06037209104,-666666666,1036,-666666666,55,115,105,98,933,0,0,0,0,7,119,1275,858,2567,0.4989,76,940,,,0,1006,2021,2567,2317,2567,190,940,64,34,21,26,11,13,31,38,42,39,0,17,62,44,84,104,46,75,117,92,2567,0,7,940,1006
06037209105,-666666666,1288,-666666666,34,33,191,75,1001,0,0,0,0,0,75,1218,1555,3153,0.4155,30,1001,-666666666.0,2179.0,0,1072,2715,3153,3043,3051,152,1001,57,24,0,0,0,0,0,0,111,34,26,0,165,233,256,114,199,161,107,21,3153,0,0,1001,1072
06037209106,615700,1381,3618,59,71,167,75,1116,0,7,62,0,115,64,1504,643,2101,0.4935,52,1231,390.0,2622.0,22,1354,1054,2101,1554,2047,167,1231,23,0,61,10,38,16,31,54,10,69,38,0,46,0,67,15,17,35,0,0,2101,107,8,1231,1354
06037209201,675000,2654,4001,238,104,79,245,1928,0,11,36,0,133,91,2460,798,3298,0.4507,138,2061,301.0,5470.0,57,2416,574,3298,1866,3275,335,2061,76,0,9,0,0,50,0,17,0,0,48,0,23,0,42,0,0,37,29,0,3298,79,54,2061,2416
06037209202,-666666666,1424,-666666666,0,0,31,72,520,0,0,0,0,0,6,617,601,1410,0.4523,36,520,-666666666.0,1447.0,0,612,1092,1410,1279,1375,43,520,8,0,0,0,0,0,4,0,0,0,0,41,142,16,39,43,58,0,102,76,1410,0,0,520,612
06037209300,-666666666,1357,-666666666,143,211,155,183,2330,0,0,0,0,10,192,2569,2380,4934,0.5265,286,2340,,,21,2487,3073,4934,4136,4758,452,2340,0,59,68,0,22,20,0,42,19,14,0,0,146,92,203,132,302,51,132,21,4934,10,0,2340,2487
06037209401,-666666666,1136,-666666666,201,193,122,228,1540,0,0,0,0,7,129,1634,727,3370,0.4621,147,1547,,,0,1637,2165,3689,3059,3689,355,1547,170,82,70,28,14,8,70,89,30,77,91,130,0,145,68,45,74,79,193,108,3689,7,0,1547,1637
06037209402,-666666666,1169,1735,137,11,181,88,1214,17,14,0,0,66,29,2097,1144,3933,0.4275,159,1280,153.0,2272.0,11,1323,3709,4102,3649,4017,202,1280,18,79,31,15,6,26,0,55,31,24,21,30,96,127,202,74,147,285,64,29,4102,14,17,1280,1323
06037209403,-666666666,945,-666666666,51,176,39,219,1464,0,0,0,37,50,271,2118,1157,4596,0.4212,106,1514,,,0,1571,3549,4721,4527,4721,546,1514,201,73,50,51,43,14,57,57,94,53,88,68,69,308,169,124,100,173,387,56,4721,0,0,1514,1571
06037209510,808300,1424,-666666666,48,33,61,125,913,0,0,0,0,43,67,1305,693,2553,0.393,60,956,195.0,3038.0,0,997,1593,2656,2380,2648,220,956,10,39,35,17,4,10,19,67,78,34,0,55,13,66,205,53,33,64,44,15,2656,43,0,956,997
06037209520,-666666666,1227,-666666666,24,159,94,32,905,0,0,0,0,20,157,1343,742,2373,0.4454,63,925,,,0,988,1937,2373,2239,2356,182,925,26,9,18,0,0,0,49,27,23,22,1,22,48,125,135,9,46,28,93,70,2373,20,0,925,988
06037209810,-666666666,1063,-666666666,108,41,8,133,738,0,0,0,0,17,77,1061,826,2309,0.3823,43,755,,,0,774,2096,2678,2358,2636,248,755,0,24,50,64,12,38,24,39,124,21,82,100,54,13,100,58,35,76,33,27,2678,17,0,755,774
06037209820,858700,1099,2533,94,75,23,37,668,48,9,0,0,146,66,1271,427,2496,0.5072,62,814,934.0,2494.0,0,867,2244,2498,2297,2489,284,814,17,33,61,15,0,0,9,45,26,30,28,17,103,74,47,16,26,75,124,44,2498,48,69,814,867
06037210010,565000,1020,1655,115,69,142,137,1072,23,23,7,0,151,197,1568,1145,3111,0.5344,121,1223,462.0,3754.0,0,1248,2463,3192,2984,3182,381,1223,54,23,97,23,15,9,17,45,63,93,19,32,28,127,271,63,91,105,49,45,3192,73,71,1223,1248
06037211000,2000001,3501,4001,109,101,25,37,848,56,180,87,21,1321,302,3021,461,5311,0.5935,50,2169,11106.0,14466.0,0,2453,575,5313,4558,5288,1142,2169,131,44,162,58,13,25,201,77,131,55,77,79,59,74,92,108,175,122,126,52,5313,1107,201,2169,2453
06037211121,-666666666,2039,-666666666,36,154,101,115,915,0,0,0,29,87,202,1343,506,2315,0.3719,8,1002,522.0,3211.0,0,1103,1056,2318,1950,2318,250,1002,28,21,19,62,9,2,41,9,7,0,9,97,62,118,153,0,40,20,0,30,2318,87,0,1002,1103
06037211122,-666666666,1959,-666666666,85,96,96,77,1108,0,0,0,0,93,57,1569,744,2645,0.4752,140,1201,691.0,3399.0,0,1429,845,2645,2294,2635,260,1201,0,9,6,22,0,31,22,0,7,91,0,0,35,78,217,45,0,51,100,23,2645,64,0,1201,1429
06037211123,-666666666,2610,-666666666,202,64,171,119,1099,0,0,0,0,34,78,1114,335,1816,0.47,18,1133,,,0,1265,174,1816,1213,1816,235,1133,0,19,24,0,0,34,0,0,21,31,18,91,0,0,0,0,60,0,0,24,1816,34,0,1133,1265
06037211124,578800,1868,1784,92,258,172,128,1885,0,11,0,0,135,189,2781,573,4225,0.4621,90,2020,563.0,5555.0,0,2351,1463,4287,3913,4248,815,2020,28,208,39,55,0,11,52,36,65,0,45,52,78,32,111,21,154,75,72,19,4287,94,41,2020,2351
06037211201,663500,1623,1713,127,88,82,82,1021,6,0,0,0,83,96,1511,787,2694,0.4156,86,1104,397.0,3510.0,6,1128,1587,2694,2252,2673,290,1104,71,0,19,6,6,34,12,35,54,36,11,28,14,107,71,97,66,95,61,11,2694,67,16,1104,1128
06037211202,-666666666,1348,-666666666,59,126,132,51,1012,0,0,15,0,27,84,1476,428,2222,0.4477,67,1039,,,0,1106,1111,2254,1783,2243,227,1039,0,47,8,18,12,0,67,39,22,0,11,57,109,30,5,30,38,20,71,15,2254,12,15,1039,1106
06037211310,634100,1524,2701,67,126,166,58,1418,11,34,16,13,127,225,2287,941,3476,0.4647,105,1545,459.0,3847.0,53,1632,1795,3484,3000,3473,372,1545,51,27,3,34,0,14,51,2,38,20,0,44,123,159,89,52,0,77,115,48,3484,27,86,1545,1632
06037211320,-666666666,1462,1390,208,123,34,150,1156,0,0,0,10,42,134,1836,698,3253,0.4622,102,1198,209.0,3682.0,0,1337,1893,3253,2907,3253,341,1198,64,32,29,8,11,0,0,12,81,18,0,44,155,114,105,31,36,12,51,146,3253,10,32,1198,1337
06037211410,1339300,1554,3750,20,74,117,134,1023,0,0,11,0,103,59,1449,295,2846,0.4289,55,1126,692.0,3606.0,0,1299,1243,2913,2620,2913,542,1126,12,48,79,26,0,38,12,85,122,41,68,11,96,40,189,21,64,114,44,11,2913,77,26,1126,1299
06037211420,1008400,1704,1156,73,81,95,111,1082,7,2,0,0,177,140,2154,635,3464,0.4555,181,1259,1041.0,3947.0,0,1377,2034,3495,2940,3342,443,1259,93,17,29,45,27,20,55,24,29,76,7,39,72,120,76,62,122,102,91,37,3495,117,49,1259,1377
06037211500,2000001,1774,4001,99,82,152,73,1212,122,93,21,9,655,113,2426,179,3857,0.5624,125,1867,4417.0,8256.0,0,1996,796,3857,3441,3836,688,1867,84,46,28,33,26,38,55,36,89,53,16,71,146,67,51,37,30,140,9,49,3857,457,138,1867,1996
06037211701,899400,2086,2933,112,41,84,73,840,29,8,39,10,442,97,1522,324,2781,0.6903,23,1282,2977.0,5720.0,14,1345,362,2781,2516,2781,488,1282,30,10,10,66,46,0,77,11,56,50,63,214,51,142,13,76,10,42,86,0,2781,367,61,1282,1345
06037211703,602500,1621,-666666666,123,146,280,262,2018,32,8,15,14,164,109,2680,599,4564,0.3953,40,2182,537.0,5622.0,0,2284,1514,4564,4133,4513,587,2182,0,57,132,27,0,30,65,64,38,64,25,20,133,97,95,59,33,183,141,105,4564,8,99,2182,2284
06037211704,679300,1630,3077,146,159,168,196,1438,0,17,9,26,214,98,1773,462,2666,0.4683,15,1652,829.0,4390.0,27,1869,708,2668,2391,2659,393,1652,22,0,47,32,71,0,8,34,50,164,81,107,27,62,15,0,20,71,17,0,2668,156,58,1652,1869
06037211802,893800,1669,3671,144,150,95,210,1991,14,0,18,0,184,349,2948,945,4446,0.4716,161,2175,690.0,5684.0,0,2416,1814,4448,3828,4437,640,2175,41,63,106,27,45,17,0,100,38,78,47,39,30,5,111,64,43,155,7,82,4448,81,103,2175,2416
06037211803,539600,1817,-666666666,195,94,168,62,1666,0,10,0,0,75,237,2514,588,3635,0.4362,67,1741,299.0,4656.0,21,1849,1044,3635,3117,3624,498,1741,62,7,56,3,0,11,68,26,16,0,0,2,52,29,75,59,75,94,75,63,3635,66,9,1741,1849
06037211804,-666666666,1707,-666666666,130,144,119,146,1315,19,0,0,0,19,204,1659,1010,3192,0.4598,38,1334,,,0,1466,718,3194,2709,3194,506,1334,0,0,28,69,6,0,19,32,68,51,28,94,124,206,95,67,0,129,80,17,3194,7,0,1334,1466
06037211910,-666666666,1702,-666666666,233,106,211,117,1926,0,0,0,0,13,152,2397,644,3951,0.3647,83,1939,,,0,2172,2204,3951,3278,3951,520,1939,16,84,47,45,0,0,18,16,27,11,34,15,53,175,16,39,35,88,126,11,3951,8,5,1939,2172
06037211921,-666666666,1527,-666666666,112,74,40,0,916,0,0,0,0,6,33,1198,485,2001,0.4226,67,922,,,0,1019,729,2001,1757,1919,248,922,0,0,0,27,18,9,0,27,35,0,29,20,64,84,32,9,103,0,10,31,2001,6,0,922,1019
06037211922,-666666666,1524,-666666666,145,131,158,107,1361,0,10,0,0,10,215,1947,505,3353,0.3765,121,1371,,,0,1447,1736,3353,2706,3338,516,1371,22,31,14,0,0,0,10,22,85,3,0,0,86,77,58,40,43,100,35,86,3353,0,10,1371,1447
06037212101,697000,2033,1639,111,176,126,55,1415,6,0,9,0,161,112,1864,609,2741,0.534,113,1576,464.0,4019.0,30,1779,565,2741,2127,2698,307,1576,17,7,29,14,0,23,8,25,64,25,23,0,7,42,58,0,72,74,29,35,2741,128,33,1576,1779
06037212102,-666666666,1541,921,80,87,222,159,1247,0,0,0,0,44,111,1377,886,2934,0.439,137,1291,116.0,3308.0,0,1462,939,2955,2519,2915,392,1291,10,4,39,20,0,61,24,28,91,61,58,27,117,207,21,17,107,75,45,29,2955,11,33,1291,1462
06037212202,618400,1651,2640,146,100,86,158,1248,0,29,0,28,82,74,2132,963,3667,0.3935,10,1330,732.0,3957.0,105,1432,2531,3676,3400,3641,422,1330,28,15,69,0,0,0,89,16,17,0,47,29,64,158,58,92,36,71,157,91,3676,40,42,1330,1432
06037212203,-666666666,1435,-666666666,44,129,159,239,1477,0,0,0,0,13,121,1436,1025,2821,0.542,55,1490,,,0,1750,1566,2946,2598,2930,218,1490,14,0,12,46,30,24,0,23,18,60,73,178,126,15,56,119,0,50,52,60,2946,13,0,1490,1750
06037212204,1596900,1530,-666666666,147,188,129,128,1500,0,0,0,0,49,93,2109,1183,3720,0.4753,132,1549,310.0,3711.0,191,1658,2527,3720,3203,3599,536,1549,51,19,0,16,0,0,27,0,6,73,121,0,175,21,64,173,49,109,162,0,3720,29,20,1549,1658
06037212303,-666666666,1842,-666666666,144,160,105,72,1649,0,0,0,0,0,182,1827,1537,3827,0.5009,65,1649,-666666666.0,2972.0,0,1872,2328,3838,3341,3781,427,1649,32,11,0,0,0,0,11,0,21,0,0,0,108,126,141,0,218,190,114,140,3838,0,0,1649,1872
06037212304,-666666666,1491,-666666666,76,72,108,94,786,0,0,0,0,10,48,1032,441,1781,0.4188,6,796,,,12,976,1145,1781,1562,1763,188,796,0,10,17,9,10,0,7,18,40,16,5,19,45,51,46,42,39,31,98,31,1781,10,0,796,976
06037212305,-666666666,1407,-666666666,30,50,191,94,959,0,16,0,0,23,40,1373,783,2711,0.4132,80,982,,,0,1104,1943,2711,2449,2687,241,982,27,58,31,0,0,0,4,7,25,62,0,0,33,33,148,50,89,78,232,67,2711,0,23,982,1104
06037212306,552400,1798,2640,56,33,172,86,1079,0,18,0,0,49,91,1475,841,2816,0.4591,97,1128,196.0,3917.0,77,1271,1262,2816,2498,2803,385,1128,23,15,52,50,21,0,40,0,0,37,0,10,105,88,121,63,99,36,105,53,2816,31,18,1128,1271
06037212410,709500,1792,3278,71,191,223,144,1600,19,6,0,0,62,92,2641,852,4140,0.444,78,1662,254.0,4853.0,0,1905,2128,4226,3881,4181,308,1662,22,0,92,14,18,0,5,38,79,0,8,14,101,296,14,139,208,20,63,0,4226,54,8,1662,1905
06037212420,-666666666,1656,-666666666,45,151,65,106,1103,0,0,11,0,35,73,1663,616,2661,0.4351,58,1138,,,34,1248,1611,2661,2353,2607,335,1138,15,31,32,0,23,28,10,35,45,47,14,0,83,40,144,42,129,37,3,44,2661,11,24,1138,1248
06037212501,-666666666,1645,2150,58,55,125,55,890,0,0,0,0,32,39,1352,393,1890,0.5406,0,922,126.0,2805.0,0,1006,963,1890,1701,1890,190,922,12,15,6,0,0,0,39,10,0,66,0,0,27,14,95,23,28,0,29,11,1890,32,0,922,1006
06037212502,1075600,2023,3651,229,132,178,188,1642,11,32,0,0,60,102,2395,517,3282,0.4408,0,1702,278.0,3975.0,11,1850,1036,3282,2603,3246,383,1702,32,0,101,12,10,41,61,32,124,0,19,11,0,33,31,0,48,29,56,46,3282,60,0,1702,1850
06037212610,729700,1701,3395,133,249,169,165,1612,24,93,34,18,374,230,2747,595,4211,0.513,96,1986,1738.0,6855.0,71,2153,1685,4211,3660,4168,612,1986,83,13,18,35,54,58,48,106,39,99,57,41,45,124,126,48,15,0,52,51,4211,191,177,1986,2153
06037212620,953800,1678,2297,110,103,191,146,1625,21,46,8,9,164,118,2080,1063,3801,0.5956,126,1789,831.0,5384.0,0,1909,1346,3818,3358,3727,552,1789,43,28,67,109,25,7,21,49,138,72,3,0,166,49,121,19,52,96,55,51,3818,67,46,1789,1909
06037212701,1135400,1719,1706,30,36,61,72,553,15,2,4,18,293,36,1123,263,2198,0.5236,38,846,1903.0,3936.0,0,880,496,2317,2081,2302,404,846,11,49,80,55,45,9,37,36,61,71,43,103,42,78,118,7,10,44,42,63,2317,170,123,846,880
06037212702,1229800,1960,3824,10,58,95,41,718,35,65,96,25,664,166,2019,268,3289,0.5965,78,1382,4065.0,6928.0,12,1534,544,3389,3016,3389,673,1382,13,37,58,141,44,39,46,106,85,75,25,51,69,62,73,17,141,36,36,12,3389,456,202,1382,1534
06037212800,1360100,1642,2933,34,40,24,30,682,110,8,122,18,660,123,1972,227,3386,0.4415,29,1342,3607.0,6209.0,0,1546,1369,3386,3105,3346,602,1342,74,45,54,40,29,31,54,85,140,65,65,44,92,19,135,2,76,71,61,19,3386,430,184,1342,1546
06037212900,1312500,1490,4001,127,119,197,114,1328,0,0,0,11,80,123,2175,539,3674,0.5048,27,1408,553.0,4980.0,0,1522,1932,3684,3236,3684,530,1408,41,70,19,36,14,11,61,113,105,17,14,4,0,75,95,71,80,59,175,86,3684,74,6,1408,1522
06037213100,1239200,1652,3034,89,73,86,78,895,24,5,26,9,203,69,1588,547,2704,0.5515,58,1098,1363.0,4363.0,0,1118,501,2790,2438,2782,386,1098,27,14,39,31,15,11,47,25,60,63,43,60,68,44,113,15,42,23,50,0,2790,143,57,1098,1118
06037213201,764200,1622,3115,186,151,90,155,1590,10,0,6,0,112,261,2071,987,4079,0.4951,154,1702,497.0,5200.0,26,2102,2020,4079,3637,4053,596,1702,61,51,58,11,28,23,21,44,93,109,53,32,42,32,147,59,125,123,176,76,4079,70,42,1702,2102
06037213202,843300,1701,1900,103,84,213,134,948,11,16,16,19,250,151,2061,557,3631,0.468,46,1198,1181.0,4078.0,0,1328,2044,3675,3410,3660,523,1198,0,37,59,26,24,5,48,56,30,46,41,37,75,90,94,98,54,74,23,39,3675,160,83,1198,1328
06037213310,668600,1566,1432,13,139,99,30,773,19,0,35,0,175,67,1501,604,2519,0.4178,66,948,729.0,3405.0,35,1148,1403,2519,2343,2519,362,948,52,74,0,43,17,0,123,31,0,14,0,38,7,39,64,25,18,20,11,9,2519,115,60,948,1148
06037213320,1522100,1277,2044,135,52,89,34,848,0,0,0,0,93,24,1190,731,2405,0.5605,95,941,580.0,2904.0,40,1138,1371,2471,2328,2471,279,941,0,22,38,35,82,65,0,55,234,44,34,16,39,34,80,49,33,64,20,68,2471,71,22,941,1138
06037213401,773100,1437,1977,243,184,149,194,1596,0,27,0,8,49,94,2681,914,4530,0.3484,49,1645,191.0,4759.0,0,1802,3481,4573,4450,4530,568,1645,45,78,77,2,0,11,27,53,68,36,61,11,53,183,82,35,145,250,141,74,4573,14,35,1645,1802
06037213402,926100,1378,-666666666,113,144,131,113,1613,0,0,0,0,95,60,2244,1223,4474,0.454,58,1708,596.0,5591.0,38,1911,3225,4477,4092,4477,566,1708,0,51,73,45,24,0,89,30,56,109,56,13,96,74,77,63,70,218,86,78,4477,55,40,1708,1911
06037214000,2000001,2882,3076,29,69,49,21,647,50,61,28,42,593,137,1944,461,3950,0.4114,106,1240,4647.0,8131.0,0,1345,255,3950,3629,3939,710,1240,28,40,173,22,29,0,34,60,115,25,41,53,103,121,175,176,132,182,272,127,3950,426,167,1240,1345
06037214100,2000001,2767,4001,241,28,92,92,1209,51,43,28,30,581,176,2309,251,3787,0.5583,59,1790,4659.0,10126.0,0,1868,271,3787,3381,3687,704,1790,56,29,132,57,11,6,76,65,101,100,35,55,87,112,134,95,45,91,102,73,3787,523,58,1790,1868
06037214400,1428900,2671,-666666666,119,308,127,92,1622,0,0,8,0,83,383,2303,268,3008,0.4681,36,1705,159.0,6646.0,0,1997,380,3008,2488,2960,390,1705,0,0,0,17,5,14,0,48,9,5,5,7,37,17,17,11,49,72,61,6,3008,12,71,1705,1997
06037214501,-666666666,3374,4001,89,155,231,195,1642,0,0,0,11,35,103,2163,304,3477,0.4073,29,1677,167.0,5936.0,0,1876,409,3477,2558,3434,534,1677,0,10,39,33,10,5,9,6,145,19,0,9,44,208,162,13,83,88,86,0,3477,8,27,1677,1876
06037214503,-666666666,2902,-666666666,174,139,60,132,1565,0,0,0,0,0,242,1935,661,3504,0.433,56,1565,-666666666.0,5723.0,0,1640,418,3513,2996,3501,500,1565,60,24,64,14,21,21,47,48,96,65,18,19,83,134,181,13,56,82,42,38,3513,0,0,1565,1640
06037214504,-666666666,2722,523,203,142,228,40,1624,0,0,0,0,46,148,2390,655,3609,0.5321,47,1670,112.0,6140.0,0,1872,533,3609,2675,3564,515,1670,0,23,0,36,0,51,39,0,34,5,0,24,116,63,227,45,56,80,115,64,3609,24,22,1670,1872
06037214505,-666666666,3273,-666666666,57,59,98,114,916,0,0,0,0,0,132,1119,158,1581,0.4809,38,916,-666666666.0,3083.0,0,995,192,1581,1031,1577,301,916,0,13,0,22,6,0,6,6,28,16,50,0,48,34,45,10,14,11,6,0,1581,0,0,916,995
06037214600,2000001,2359,4001,82,152,100,126,1064,0,5,0,0,220,120,1560,210,2200,0.4899,19,1284,1561.0,5756.0,0,1457,188,2266,1808,2227,324,1284,45,20,24,29,12,47,0,67,17,20,35,65,89,0,10,25,0,17,15,21,2266,203,17,1284,1457
06037214700,2000001,2479,3500,64,70,39,116,785,35,80,40,10,502,189,1598,231,2422,0.5666,97,1287,3220.0,6791.0,0,1375,326,2517,2228,2505,480,1287,52,7,53,32,35,37,28,25,117,37,18,58,47,0,0,23,0,48,28,68,2517,381,121,1287,1375
06037214800,1659700,2295,2361,115,185,71,144,1136,19,10,0,9,333,148,1740,499,2827,0.5783,78,1469,2139.0,7077.0,0,1688,119,2880,2313,2817,315,1469,1,30,70,8,0,78,17,127,61,69,25,82,158,155,61,0,69,10,60,28,2880,304,29,1469,1688
06037214902,1150800,2643,4001,157,67,73,188,1186,11,9,30,12,346,22,1955,305,2514,0.4481,88,1532,1570.0,5880.0,9,1943,139,2569,2010,2495,393,1532,61,19,53,6,84,9,22,11,70,29,14,10,74,0,35,0,68,36,0,0,2569,334,12,1532,1943
06037214903,670200,2258,-666666666,59,157,31,0,888,23,0,0,0,213,37,869,390,1568,0.5682,0,1101,690.0,3487.0,0,1312,75,1568,1349,1568,177,1101,0,14,0,12,45,118,0,72,48,43,54,0,0,5,0,11,5,0,4,0,1568,122,85,1101,1312
06037214904,1242400,2536,4001,67,115,91,58,700,17,36,15,0,224,40,1220,34,1459,0.4413,9,924,1179.0,3581.0,0,1021,81,1459,1153,1459,213,924,0,19,15,9,0,24,0,0,85,0,1,1,0,33,70,0,0,0,0,0,1459,224,0,924,1021
06037215101,850000,2570,1942,194,238,116,269,1877,0,0,0,0,66,258,2433,404,3024,0.4719,98,1943,240.0,5653.0,82,2064,584,3024,2483,3002,333,1943,16,60,0,0,0,9,10,0,8,17,0,0,108,19,10,0,22,0,10,0,3024,36,30,1943,2064
06037215102,-666666666,2204,-666666666,336,332,221,418,2126,0,0,0,0,24,252,2666,396,3322,0.3882,35,2150,,,0,2328,478,3322,2589,3322,144,2150,33,0,10,0,0,0,27,0,0,20,0,0,0,0,0,112,0,0,144,0,3322,10,14,2150,2328
06037216100,1752500,2312,4001,58,30,59,33,454,68,24,35,14,567,80,1379,271,2393,0.5048,43,1021,4136.0,5982.0,0,1104,476,2393,2206,2393,525,1021,53,79,36,42,40,0,12,38,41,54,30,9,23,53,39,60,31,13,86,0,2393,459,99,1021,1104
06037216201,2000001,2747,4001,173,150,32,52,1137,26,29,21,0,325,108,1894,467,2591,0.5549,37,1462,2217.0,6404.0,21,1516,279,2591,1823,2591,359,1462,41,9,10,28,0,16,12,16,36,10,7,0,14,57,0,30,50,62,32,24,2591,256,69,1462,1516
06037216202,1778800,2175,2652,130,142,61,64,1177,18,58,0,7,268,115,1788,290,2525,0.4826,49,1445,1879.0,6125.0,0,1632,491,2525,2265,2507,291,1445,68,0,59,4,11,18,16,52,25,7,0,39,58,44,46,55,20,72,30,0,2525,242,11,1445,1632
06037216301,2000001,3036,3159,0,0,43,7,210,55,19,20,16,421,39,742,149,1414,0.4901,0,631,3014.0,4048.0,0,702,128,1414,1201,1397,269,631,37,16,182,64,0,5,21,34,42,29,35,81,22,49,15,6,24,4,9,0,1414,324,93,631,702
06037216302,956400,2328,3671,170,272,156,198,1461,31,29,26,32,283,66,2182,387,3158,0.4711,77,1744,1650.0,7033.0,14,1985,589,3158,2667,3135,498,1744,0,34,142,13,14,53,74,20,11,35,86,49,68,27,74,24,43,0,64,24,3158,229,43,1744,1985
06037216401,852100,2425,897,167,213,147,126,1705,0,0,0,0,87,138,2510,340,3590,0.495,76,1792,372.0,6160.0,60,2172,400,3660,3016,3609,337,1792,18,103,39,19,0,46,6,19,72,24,38,99,104,29,50,27,105,32,63,19,3660,65,6,1792,2172
06037216402,863800,2536,3369,106,120,93,132,1039,11,28,8,23,177,252,1678,235,2663,0.4029,43,1216,841.0,4975.0,0,1356,446,2663,2205,2614,307,1216,7,58,39,28,26,7,0,66,109,30,17,40,66,149,56,0,74,62,54,11,2663,131,46,1216,1356
06037216700,1397200,2259,2793,64,93,208,16,988,37,66,18,10,577,95,2089,294,3310,0.4944,55,1565,3655.0,7403.0,0,1732,596,3441,2979,3405,617,1565,11,23,69,43,23,14,39,47,97,87,67,57,49,61,13,14,94,44,63,11,3441,386,191,1565,1732
06037216800,2000001,2473,4001,162,99,102,89,948,44,41,20,15,477,184,2244,179,3333,0.4723,94,1425,3413.0,7835.0,6,1678,831,3333,2848,3255,589,1425,34,74,14,14,14,0,25,18,100,8,10,20,107,84,48,47,101,49,58,42,3333,357,112,1425,1678
06037216901,1209200,2417,3271,68,25,13,29,496,39,31,71,98,750,66,1640,265,2723,0.4718,104,1246,4655.0,6813.0,0,1428,377,2799,2406,2799,451,1246,61,25,47,33,65,46,48,116,45,27,38,88,36,41,0,58,38,48,120,17,2799,618,132,1246,1428
06037216902,1531300,1905,4001,67,149,125,24,944,12,37,11,0,185,174,1278,537,2106,0.5683,0,1129,1166.0,5163.0,0,1294,407,2201,1847,2198,201,1129,19,34,56,0,9,18,41,36,33,45,48,35,100,16,0,29,11,34,123,132,2201,169,16,1129,1294
06037217001,1724400,2401,2829,89,62,129,132,665,57,11,24,8,388,148,1577,141,2756,0.4523,99,1053,2691.0,5332.0,17,1152,389,2777,2449,2701,534,1053,13,38,51,23,35,28,40,26,13,61,11,37,142,73,87,17,109,127,117,20,2777,301,81,1053,1152
06037217002,1674400,2414,3000,132,341,146,180,1685,23,34,0,0,418,76,2839,427,4941,0.4883,104,2103,2415.0,8701.0,24,2332,580,4952,4655,4931,823,2103,43,59,163,97,0,14,29,46,80,76,37,58,56,140,207,53,193,155,298,53,4952,228,190,2103,2332
06037217101,1054900,1857,3394,122,48,86,0,751,0,36,4,9,174,451,1571,475,2674,0.4589,22,925,1028.0,3932.0,0,1041,1662,2674,2433,2646,381,925,9,62,4,6,3,0,49,4,24,0,5,4,106,44,202,147,63,36,78,0,2674,153,21,925,1041
06037217102,1248200,2124,2925,181,101,112,88,935,50,40,0,36,281,98,1928,544,2773,0.4463,36,1216,1634.0,5107.0,0,1357,672,2773,2113,2742,371,1216,52,81,59,0,0,0,51,31,108,29,19,12,133,60,0,0,29,0,24,67,2773,216,65,1216,1357
06037217200,1285500,1823,2824,132,168,137,170,1292,9,15,72,10,403,280,2452,687,3976,0.5514,10,1695,2496.0,7827.0,46,1880,1501,3976,3484,3920,527,1695,26,198,99,33,0,6,68,34,143,118,26,12,79,2,85,65,115,45,114,38,3976,340,54,1695,1880
06037218110,1030500,1675,3167,133,50,86,89,991,30,15,24,12,186,318,1732,674,3167,0.4544,33,1177,1222.0,4940.0,22,1348,1721,3167,2834,3155,257,1177,18,43,101,23,9,6,0,41,93,2,40,23,60,40,205,133,15,70,52,101,3167,132,38,1177,1348
06037218120,1051300,1247,958,171,91,188,23,1124,0,0,0,33,224,116,1647,1002,3553,0.4928,95,1348,1332.0,5512.0,0,1502,2383,3571,3374,3543,299,1348,39,76,66,54,13,0,49,63,57,28,4,56,154,126,154,49,139,147,83,44,3571,135,89,1348,1502
06037218210,915900,1640,3020,89,47,187,175,1057,49,0,18,0,198,149,2307,826,3896,0.4219,21,1255,1102.0,5006.0,0,1311,2952,4124,3713,4099,352,1255,43,41,90,6,43,13,0,6,60,32,5,24,70,45,65,142,42,139,165,23,4124,103,61,1255,1311
06037218220,1213000,1878,2332,83,69,116,52,1007,47,25,0,22,479,164,2383,436,4042,0.52,131,1486,3035.0,6792.0,0,1628,1765,4042,3837,4024,353,1486,60,23,29,25,52,67,98,29,86,60,22,87,116,112,71,13,139,77,72,25,4042,284,107,1486,1628
06037218300,1010300,1847,2453,90,319,110,63,1577,0,110,30,0,536,582,3318,991,4790,0.4225,132,2113,2829.0,9100.0,0,2281,1948,4811,4340,4802,664,2113,63,40,51,19,0,0,26,70,81,98,27,55,180,13,18,48,79,73,61,67,4811,306,177,2113,2281
06037218400,969600,2095,2621,109,148,83,85,885,105,31,62,23,460,107,2414,474,3996,0.4181,90,1345,2547.0,6130.0,16,1526,2462,3996,3403,3979,379,1345,34,28,52,22,16,36,6,111,33,41,0,0,122,118,216,113,88,51,35,56,3996,246,169,1345,1526
06037218500,1032400,1529,1635,87,44,56,48,753,28,8,11,16,215,130,1664,487,2739,0.5233,75,968,1210.0,4031.0,0,1045,1493,2739,2464,2730,217,968,19,51,10,0,9,0,11,60,29,62,36,45,29,31,80,61,44,109,83,59,2739,100,106,968,1045
06037218600,838000,1814,2472,46,47,40,43,677,23,0,103,10,419,70,1687,345,3077,0.4035,91,1096,2207.0,4521.0,0,1189,1366,3129,2914,3074,324,1096,16,65,54,17,14,9,7,9,99,72,19,40,109,93,52,32,79,124,81,72,3129,228,130,1096,1189
06037218701,1250000,1745,3083,4,11,30,46,472,18,53,0,54,344,100,1044,371,1880,0.4917,70,816,2363.0,4013.0,0,897,1005,1880,1740,1859,209,816,7,21,7,47,9,9,19,30,53,18,19,50,64,86,16,12,3,24,20,50,1880,304,22,816,897
06037218702,866500,1747,-666666666,50,36,48,110,624,0,41,9,0,219,179,1413,342,2705,0.4385,44,843,1345.0,3886.0,0,929,1554,2705,2352,2627,270,843,0,13,43,30,0,4,8,15,150,4,8,0,100,136,115,62,62,59,99,76,2705,189,24,843,929
06037218800,956300,1876,2231,48,25,73,58,715,0,35,29,8,224,49,1156,641,2690,0.4735,49,939,1258.0,4001.0,0,988,1356,2732,2546,2682,440,939,111,6,70,0,3,5,27,43,192,12,0,52,127,63,105,94,66,89,107,6,2732,124,42,939,988
06037218900,1358000,1685,1403,147,233,167,178,1832,89,6,0,0,304,437,2952,953,5444,0.4338,213,2136,2596.0,8831.0,0,2260,2661,5444,4541,5319,803,2136,57,162,113,34,0,0,121,182,7,51,0,0,362,229,223,55,88,114,88,54,5444,246,42,2136,2260
06037219010,923300,1432,2728,31,36,54,48,495,39,41,56,114,518,154,1895,360,3214,0.4269,71,1013,2856.0,4852.0,25,1042,1764,3214,3012,3194,542,1013,93,85,45,77,33,0,8,25,45,74,14,38,20,46,100,64,123,81,50,67,3214,247,196,1013,1042
06037219020,814900,1468,2320,6,65,17,46,570,75,75,25,26,720,162,1882,1249,4263,0.4891,100,1290,3502.0,5381.0,22,1454,2873,4326,3966,4188,388,1290,6,16,78,52,18,0,77,34,94,35,43,35,231,279,206,55,38,121,76,183,4326,321,280,1290,1454
06037219300,870000,1470,2330,194,97,142,93,1012,36,9,66,19,421,160,2048,669,3757,0.3861,36,1433,2086.0,5505.0,15,1515,2558,3772,3555,3772,465,1433,31,22,52,0,7,28,21,33,37,87,19,28,86,140,53,46,42,103,335,124,3772,255,124,1433,1515
06037219500,933000,1754,1518,9,78,8,64,305,48,35,20,18,505,47,1065,131,1965,0.4645,42,810,2983.0,4367.0,8,881,417,1965,1671,1939,276,810,20,9,39,12,22,26,22,14,113,38,37,81,47,58,78,35,45,53,44,39,1965,361,143,810,881
06037219700,925300,1593,2226,93,135,58,47,725,54,32,62,0,613,129,2343,740,4186,0.424,23,1338,3265.0,5898.0,0,1419,2742,4198,3842,4135,543,1338,21,46,52,17,0,0,7,149,88,16,15,16,64,55,160,87,190,52,149,54,4198,311,220,1338,1419
06037219800,721700,1477,2116,53,92,132,43,658,20,58,0,39,309,117,1734,321,3027,0.4117,41,967,1514.0,3920.0,12,1078,2336,3033,2878,2961,367,967,28,13,50,23,0,17,44,31,63,0,23,27,89,138,57,58,76,82,125,39,3033,157,131,967,1078
06037219901,771100,1667,2275,40,47,108,194,1229,3,32,0,5,397,109,2794,652,5206,0.4707,72,1626,2014.0,5960.0,51,1699,3852,5206,4682,5131,722,1626,5,3,29,39,52,10,25,10,39,3,6,26,136,239,390,215,121,168,153,42,5206,179,162,1626,1699
06037219902,1153800,2408,1984,62,98,54,79,865,10,80,71,30,498,257,2221,570,3509,0.4548,15,1363,2373.0,5509.0,559,1704,2263,3509,2858,3509,481,1363,9,63,0,0,28,15,31,16,84,34,15,68,61,142,65,87,41,25,117,0,3509,213,249,1363,1704
06037220000,925300,1641,3141,156,121,42,206,1488,151,57,68,146,722,435,2664,1136,4487,0.5722,41,2210,3813.0,9441.0,63,2339,1790,4505,3955,4505,431,2210,62,107,79,16,0,0,151,134,97,81,44,3,26,98,63,87,0,264,194,112,4505,518,134,2210,2339
06037220100,1078400,1316,2613,128,0,69,21,557,25,43,86,79,526,123,1254,363,2463,0.5359,13,1083,2796.0,4846.0,0,1152,728,2463,2389,2455,311,1083,7,12,35,23,36,47,14,57,36,45,0,160,51,12,85,32,72,66,114,82,2463,352,139,1083,1152
06037221110,1064700,1134,2799,191,34,202,86,932,0,9,0,0,123,175,1409,592,3037,0.4471,74,1055,1150.0,3056.0,0,1240,2450,3037,2868,3037,301,1055,28,0,106,29,20,0,50,0,79,159,16,8,35,40,58,79,80,104,68,109,3037,77,46,1055,1240
06037221120,982800,1401,-666666666,81,148,16,95,682,0,8,0,0,70,39,1272,867,2946,0.4836,99,752,360.0,2660.0,0,827,2722,2946,2898,2926,392,752,23,31,63,19,10,0,48,22,13,25,22,35,48,129,103,78,99,86,151,76,2946,15,36,752,827
06037221210,926100,1443,-666666666,59,58,116,63,672,40,0,6,22,197,118,1607,410,2933,0.4393,33,869,1273.0,3767.0,0,962,2209,2945,2825,2932,268,869,46,7,7,33,17,8,28,6,57,29,27,69,98,83,129,52,37,136,7,17,2945,103,62,869,962
06037221220,699300,1312,2321,66,100,62,77,746,48,18,6,0,185,106,1539,615,2690,0.4562,34,931,1063.0,3266.0,17,1011,2390,2752,2521,2736,379,931,71,24,19,17,53,0,73,3,14,15,56,5,60,38,52,22,31,117,63,65,2752,91,78,931,1011
06037221302,1105900,1207,3521,57,60,131,67,1037,47,24,0,0,138,58,1646,998,3231,0.5226,62,1175,1153.0,4538.0,9,1342,2189,3259,3119,3223,328,1175,44,26,53,19,0,0,43,36,57,23,69,82,28,50,133,55,126,51,120,98,3259,74,38,1175,1342
06037221303,1159700,1284,1526,60,65,90,14,616,9,6,5,9,101,90,1254,830,2480,0.4598,11,717,927.0,2888.0,0,783,1997,2531,2418,2507,250,717,5,26,10,7,17,29,10,42,32,0,37,32,100,115,133,24,74,76,35,68,2531,74,25,717,783
06037221304,796400,1530,3261,127,60,101,148,1036,0,44,30,0,101,182,1703,452,3632,0.4368,81,1137,540.0,4168.0,0,1219,2267,3707,3445,3599,365,1137,55,0,38,11,0,13,42,38,63,25,31,197,156,223,167,57,118,74,134,14,3707,101,0,1137,1219
06037221401,934500,1441,-666666666,9,135,82,218,1068,26,0,27,0,149,127,1552,450,2633,0.4461,28,1217,904.0,4412.0,0,1431,922,2965,2589,2959,375,1217,12,58,80,27,23,52,88,96,51,124,21,173,6,11,127,14,0,22,0,68,2965,88,61,1217,1431
06037221402,1257100,1234,2912,141,69,51,66,761,25,20,14,11,206,138,1241,615,2782,0.5105,84,967,1534.0,4101.0,4,1032,1235,2965,2623,2949,441,967,4,22,57,52,34,40,56,34,108,82,108,60,55,90,32,79,112,104,25,43,2965,91,101,967,1032
06037221500,880700,1178,2323,29,155,116,62,919,14,24,0,93,246,190,1873,1175,3505,0.4845,78,1165,1676.0,4612.0,0,1288,2339,3527,3131,3527,401,1165,0,83,92,45,72,24,32,26,80,85,33,100,78,144,62,68,108,97,56,20,3527,110,121,1165,1288
06037221601,873800,1195,1849,73,104,50,37,721,35,11,7,28,241,220,1988,795,3264,0.5267,20,962,1649.0,3898.0,42,1044,2444,3264,2991,3264,313,962,97,52,57,4,12,13,19,34,29,0,27,5,54,80,99,55,72,33,99,81,3264,108,101,962,1044
06037221602,646300,1238,1700,94,30,74,134,716,0,0,16,0,78,68,1308,406,2203,0.4193,21,794,396.0,2734.0,15,820,1858,2223,2080,2204,295,794,49,7,37,5,8,0,19,38,93,60,22,15,37,70,16,49,63,53,33,40,2223,35,43,794,820
06037221710,721600,1448,-666666666,70,63,93,90,767,8,0,10,0,122,285,1497,902,2642,0.5036,46,889,820.0,3807.0,0,1049,1979,2658,2127,2658,222,889,31,0,60,8,16,14,16,45,55,101,9,20,75,17,29,44,32,103,59,29,2658,81,32,889,1049
06037221810,967400,1654,4001,31,51,47,80,857,0,3,0,16,44,84,1401,993,2416,0.5731,34,901,242.0,2876.0,0,1027,1114,2433,1766,2427,163,901,0,0,41,26,23,3,0,24,3,0,10,11,61,45,19,13,22,25,13,80,2433,26,18,901,1027
06037221820,898800,1864,1088,30,55,31,46,889,0,0,0,0,80,283,1239,1108,2144,0.6037,12,969,648.0,3457.0,10,1181,657,2529,1200,2529,83,969,0,12,5,5,6,12,0,33,39,0,5,31,11,36,14,0,18,47,25,9,2529,47,33,969,1181
06037221900,-666666666,1414,-666666666,141,10,14,154,893,0,0,0,0,39,294,2044,1517,2565,0.5594,72,932,,,26,1032,968,4572,2995,4572,176,932,0,50,29,47,0,0,35,18,3,58,0,77,22,61,7,0,7,78,98,0,4572,33,6,932,1032
06037222001,886600,1237,1953,37,51,37,30,476,43,16,18,0,473,80,1569,507,2760,0.4464,89,949,2814.0,4462.0,6,1016,1828,2837,2700,2837,331,949,15,35,25,50,20,28,49,10,62,41,43,49,3,104,110,50,83,5,31,4,2837,282,140,949,1016
06037222002,689800,1460,2105,41,96,24,85,911,70,100,41,22,515,250,2275,889,4705,0.462,35,1426,2943.0,6118.0,0,1466,3317,4719,4189,4701,492,1426,92,44,92,4,0,0,73,70,46,71,53,85,82,160,214,203,138,161,135,54,4719,293,214,1426,1466
06037222100,889200,1743,2602,33,66,70,104,807,30,41,0,0,384,245,2001,592,4086,0.4545,118,1191,2311.0,5201.0,14,1210,2562,4086,3304,3967,422,1191,179,15,24,12,41,10,120,0,92,83,69,0,247,141,57,107,127,18,96,52,4086,214,131,1191,1210
06037222200,959100,1556,1444,162,68,47,75,1018,10,0,39,25,300,194,2180,583,3642,0.4638,71,1318,2352.0,6031.0,0,1406,2454,3642,3238,3642,535,1318,0,26,137,11,10,0,24,30,18,50,30,0,47,61,94,11,62,22,102,31,3642,273,27,1318,1406
06037222500,839100,1625,3087,32,208,178,86,917,5,16,51,51,312,145,2181,538,4189,0.3901,30,1229,2019.0,5647.0,11,1359,2942,4194,3901,4174,384,1229,3,0,67,17,0,19,33,28,129,63,27,0,97,157,184,75,86,37,316,94,4194,163,97,1229,1359
06037222600,799300,1655,2632,42,203,49,97,1363,16,19,58,18,258,360,2697,2030,5185,0.5086,105,1621,1270.0,7269.0,17,1857,2691,5268,3912,5252,324,1621,39,21,68,40,0,20,26,37,81,15,32,20,101,109,60,98,23,130,71,75,5268,9,208,1621,1857
06037222700,-666666666,1844,-666666666,21,19,6,21,177,0,0,0,0,0,253,1550,320,517,0.4446,0,177,-666666666.0,663.0,0,213,949,4316,1316,4316,16,177,0,0,0,0,0,0,0,0,0,0,0,0,0,0,0,9,0,0,0,47,4316,0,0,177,213
06037224010,-666666666,1831,-666666666,179,84,126,228,1706,0,0,0,0,0,66,1642,913,2955,0.5657,87,1706,-666666666.0,3096.0,0,1847,1477,2974,2093,2939,211,1706,105,54,48,25,27,22,0,101,61,62,0,14,61,21,97,0,59,32,46,41,2974,0,0,1706,1847
06037224020,-666666666,1203,-666666666,31,72,85,115,915,0,0,0,0,21,223,1289,1056,2807,0.5131,163,936,,,0,1022,2133,2816,2222,2684,175,936,0,0,2,6,0,0,2,21,21,0,0,0,125,107,192,87,184,69,105,66,2816,0,21,936,1022
06037224200,917600,1182,2266,92,95,45,138,677,15,27,0,0,75,54,1024,452,2167,0.4365,112,752,429.0,2490.0,0,823,1887,2174,2110,2174,260,752,28,15,0,14,32,0,42,0,0,43,0,17,30,45,79,134,40,81,65,40,2174,46,29,752,823
06037224310,947400,1271,742,58,62,100,26,512,0,0,0,0,76,136,974,373,1681,0.4172,11,588,538.0,1926.0,0,609,1211,1779,1528,1776,163,588,41,0,10,21,4,11,4,20,11,12,4,56,0,61,44,41,3,9,87,56,1779,27,37,588,609
06037224320,-666666666,1196,-666666666,73,152,61,74,1095,0,9,0,0,20,116,1744,1350,3585,0.5311,109,1115,,,0,1158,3319,3593,3360,3507,296,1115,19,9,115,0,0,75,17,65,46,18,98,66,26,101,47,47,134,284,126,6,3593,20,0,1115,1158
06037224410,875000,1449,2271,65,23,41,159,858,23,6,0,0,158,76,1519,1143,2662,0.5322,20,1016,1347.0,4628.0,0,1240,1468,2783,2070,2755,162,1016,16,13,37,0,0,110,57,22,44,0,0,60,95,103,0,56,50,54,38,37,2783,128,30,1016,1240
06037224420,1137500,878,2981,79,74,49,146,849,0,0,0,13,45,278,1209,693,1931,0.4746,34,894,161.0,2078.0,21,958,1772,2168,1876,2168,166,894,0,25,79,7,14,0,9,21,26,3,13,10,15,5,68,0,25,33,96,48,2168,26,19,894,958
06037224600,687500,1242,2100,60,79,33,80,664,25,0,8,7,112,185,1552,729,2939,0.3961,37,776,725.0,2822.0,0,833,2673,3078,2858,3053,292,776,19,19,17,24,5,20,45,7,59,27,17,42,81,73,124,80,82,108,80,52,3078,66,25,776,833
06037224701,-666666666,2139,-666666666,9,46,13,19,398,0,0,0,0,3,151,1017,341,794,0.6154,0,401,,,16,477,441,2463,1255,2463,52,401,0,5,0,0,0,0,5,4,0,0,0,0,11,0,0,14,4,0,0,0,2463,3,0,401,477
06037224702,-666666666,1919,-666666666,8,10,38,14,718,0,0,0,0,0,139,951,1262,1622,0.6724,16,718,-666666666.0,2140.0,0,1000,415,2508,813,2508,26,718,0,17,7,17,0,0,46,0,0,0,0,0,0,0,0,0,0,0,0,28,2508,0,0,718,1000
06037226001,743100,1138,2226,6,16,20,102,517,0,0,0,0,81,133,1003,684,1990,0.374,78,598,460.0,2208.0,0,609,1604,2027,1935,2027,172,598,7,0,12,28,10,0,0,11,0,24,9,11,76,122,123,68,26,67,13,15,2027,81,0,598,609
06037226002,619600,1604,2873,118,126,137,83,1042,17,0,58,9,167,118,1240,538,1821,0.5145,94,1209,384.0,1796.0,0,1405,706,1873,1375,1853,209,1209,15,18,0,0,30,0,0,0,22,29,0,0,0,0,17,13,34,64,0,70,1873,75,78,1209,1405
06037226410,499000,1355,-666666666,57,94,83,38,734,0,0,0,10,101,99,1618,1175,3561,0.4033,82,835,677.0,3219.0,0,869,3497,3561,3386,3561,337,835,0,27,46,37,10,39,24,22,64,45,0,6,173,221,223,87,43,158,92,169,3561,15,82,835,869
06037226420,611700,1345,1684,82,57,64,144,1048,0,26,0,14,259,293,2477,1332,5133,0.4499,144,1307,1449.0,5301.0,0,1307,4768,5225,4855,5135,670,1307,51,75,28,19,75,29,46,48,120,92,0,20,206,159,287,204,106,200,194,71,5225,71,110,1307,1307
06037226701,574200,1391,1669,14,25,92,0,420,47,0,7,14,190,76,1126,801,2518,0.4532,38,610,1129.0,2844.0,0,614,2437,2518,2309,2494,253,610,0,0,71,8,0,13,43,51,9,23,3,14,143,112,97,31,41,58,108,68,2518,46,75,610,614
06037226702,531000,1427,2211,109,113,49,35,577,0,117,19,0,290,354,2280,1100,3911,0.3954,192,867,1818.0,4062.0,44,883,3832,3993,3609,3992,256,867,46,23,0,14,60,8,39,0,64,5,0,0,89,56,216,53,86,184,120,73,3993,59,231,867,883
06037227010,471100,1257,2552,103,79,171,68,884,4,15,0,0,195,255,1871,1412,4250,0.3834,92,1079,1456.0,5068.0,37,1104,3968,4279,3685,4204,405,1079,0,0,193,14,0,0,4,0,81,20,0,20,51,262,168,94,127,126,187,43,4279,92,83,1079,1104
06037227020,593200,1670,1949,41,13,15,41,499,36,18,0,10,272,115,1752,588,3490,0.3454,31,771,1383.0,3713.0,0,798,3490,3506,3428,3485,349,771,64,50,23,25,23,0,64,76,49,41,0,0,154,115,106,128,127,40,186,83,3506,78,166,771,798
06037228100,543800,1440,2189,0,72,45,57,652,40,0,49,0,495,137,2288,1439,4278,0.4461,71,1147,2383.0,5517.0,0,1227,3944,4392,4238,4330,379,1147,13,187,44,0,0,0,96,92,0,47,13,50,126,105,228,134,135,113,118,151,4392,179,244,1147,1227
06037228210,536800,1441,1492,53,39,16,133,695,20,10,66,0,253,198,1968,799,3801,0.4257,101,948,1631.0,4522.0,0,994,3372,3801,3591,3693,296,948,38,52,10,23,18,11,19,61,33,8,73,14,89,98,69,174,184,112,193,70,3801,97,91,948,994
06037228220,574800,1665,2262,50,57,48,90,746,23,30,11,21,271,197,2122,1259,4470,0.457,112,1017,1562.0,5028.0,0,1042,4043,4470,4264,4442,332,1017,19,65,71,23,0,0,60,35,32,53,11,6,79,190,215,147,120,108,168,127,4470,61,119,1017,1042
06037228310,492300,1315,2373,124,65,28,81,828,33,54,24,0,290,284,2143,1390,4493,0.4981,216,1118,1792.0,4856.0,24,1135,4303,4493,4382,4463,496,1118,46,6,17,14,29,17,3,58,62,12,20,28,57,259,146,71,152,276,234,205,4493,52,195,1118,1135
06037228320,578900,1666,2638,52,76,109,33,616,0,16,14,0,133,82,1516,1051,3420,0.3619,29,749,787.0,3367.0,0,761,3303,3420,3285,3420,389,749,6,28,11,0,5,0,10,45,33,0,1,0,80,77,390,168,54,110,237,45,3420,67,40,749,761
06037228410,600300,1599,1801,57,26,91,17,573,15,6,2,0,143,68,1383,642,3083,0.6636,27,716,704.0,3017.0,0,739,2895,3096,3033,3077,272,716,32,40,51,7,0,21,22,19,56,40,0,0,87,167,163,103,6,77,150,96,3096,52,43,716,739
06037228420,757000,1634,2583,90,57,47,49,524,33,37,13,11,138,130,1568,647,2871,0.3888,40,662,749.0,3033.0,0,688,2790,2893,2726,2860,222,662,22,0,19,8,0,0,0,0,26,8,5,7,62,55,188,126,51,67,82,63,2893,18,63,662,688
06037228500,489500,1424,2268,7,30,80,45,943,19,19,0,25,237,270,2279,2041,4654,0.5219,152,1180,1206.0,5460.0,0,1238,3727,4836,4619,4752,418,1180,53,60,0,0,0,24,35,56,40,0,0,0,158,127,140,135,208,296,81,291,4836,88,101,1180,1238
06037228600,657000,1935,2773,20,0,178,28,725,70,0,52,0,348,109,2073,1172,4705,0.4285,113,1073,1819.0,5155.0,0,1173,4455,4734,4452,4683,551,1073,27,105,79,0,0,0,79,15,65,17,20,0,242,138,116,226,137,101,211,204,4734,69,209,1073,1173
06037228710,457000,1655,2277,17,89,66,60,659,0,55,26,20,337,104,2122,837,4062,0.3854,189,996,1747.0,4645.0,0,1053,3749,4104,3817,4016,377,996,8,14,10,16,0,0,31,43,12,15,7,26,156,108,155,37,168,190,189,158,4104,103,204,996,1053
06037228720,564100,1470,1597,114,43,40,28,788,34,0,50,11,351,293,2410,1324,4909,0.3912,109,1139,2118.0,5636.0,0,1139,4290,4909,4607,4837,649,1139,51,54,27,34,0,0,44,29,13,18,0,12,264,175,229,158,70,216,208,70,4909,128,188,1139,1139
06037228800,544600,1574,2691,89,0,55,101,779,92,20,35,58,461,182,2752,1326,5375,0.4163,66,1240,2384.0,6077.0,18,1311,4899,5375,4936,5331,530,1240,0,23,8,20,0,32,24,0,26,8,57,17,202,305,265,169,185,135,111,246,5375,77,178,1240,1311
06037228900,590900,1188,-666666666,88,65,93,71,790,31,0,0,0,126,159,1432,980,3187,0.5055,56,916,680.0,4168.0,0,916,2984,3187,3076,3129,315,916,0,9,12,83,0,0,47,0,70,107,15,0,74,141,73,157,67,100,92,136,3187,0,74,916,916
06037229100,566800,1657,2725,17,28,64,69,674,16,91,6,31,418,138,2173,1167,4549,0.4183,89,1092,2569.0,5697.0,0,1141,3942,4572,4361,4531,387,1092,0,6,28,0,3,6,33,29,127,37,10,46,81,196,275,145,203,110,147,112,4572,234,118,1092,1141
06037229200,679100,1600,2851,4,73,117,173,957,0,62,0,0,187,141,2122,1003,4548,0.3769,37,1144,971.0,4902.0,14,1229,4129,4550,4003,4544,547,1144,24,71,68,0,11,0,158,37,0,11,57,38,125,136,244,134,188,232,152,63,4550,28,128,1144,1229
06037229300,657400,1480,1903,140,104,113,64,1013,32,0,5,0,350,256,2667,1432,5707,0.4408,166,1363,1795.0,6293.0,24,1389,4968,5742,5551,5742,395,1363,11,29,63,16,10,0,30,25,21,22,0,2,317,311,194,257,115,188,307,226,5742,52,149,1363,1389
06037229410,591400,1658,2577,14,20,36,76,663,0,85,0,35,176,147,1839,879,3881,0.4183,71,839,850.0,3819.0,0,923,3555,3897,3611,3854,327,839,38,30,1,41,3,0,31,55,6,22,0,0,246,181,192,104,161,182,96,133,3897,28,7,839,923
06037229420,518400,1581,1987,64,29,154,82,765,24,61,0,0,239,226,2344,1228,4611,0.4391,96,1004,1344.0,4573.0,0,1038,4263,4611,4108,4579,446,1004,56,23,0,11,0,8,0,45,0,18,20,9,354,242,111,120,129,33,218,150,4611,59,103,1004,1038
06037231100,546900,1294,2007,59,56,65,42,583,0,25,10,0,75,286,1586,1292,3348,0.4224,52,658,452.0,2660.0,0,720,2475,3407,2684,3369,260,658,94,51,69,65,0,35,0,9,33,0,11,17,41,83,138,51,62,78,44,82,3407,34,18,658,720
06037231210,730800,1399,2667,86,185,108,120,1158,8,0,0,0,60,150,2035,1367,4254,0.4008,111,1218,216.0,4373.0,23,1304,2552,4261,3815,4199,387,1218,66,18,42,0,0,0,103,71,49,0,0,28,184,94,172,84,213,192,190,39,4261,28,6,1218,1304
06037231220,604800,1185,653,43,146,156,250,1268,0,0,0,0,99,246,1749,1075,4143,0.568,267,1367,521.0,5023.0,0,1439,2854,4143,3663,4076,431,1367,47,28,22,68,145,28,65,14,20,186,24,49,148,238,213,84,108,151,166,98,4143,36,35,1367,1439
06037231301,676400,1637,-666666666,27,63,54,27,565,4,17,27,18,227,253,1432,574,2565,0.3868,108,792,926.0,2885.0,0,847,1936,2570,2394,2564,246,792,9,21,5,24,5,0,9,43,45,56,12,0,34,100,16,61,116,69,103,64,2570,39,69,792,847
06037231302,808500,1479,2676,0,97,24,25,460,19,12,20,30,345,86,1444,352,2890,0.4119,75,805,2030.0,3797.0,0,881,1922,2890,2771,2862,360,805,18,16,44,0,33,63,12,8,55,26,0,35,168,42,151,112,118,67,51,34,2890,173,160,805,881
06037231400,712300,1438,2141,21,92,101,102,960,27,7,3,65,506,25,1996,1147,4480,0.53,46,1466,2777.0,6340.0,0,1572,3190,4480,4191,4408,399,1466,126,20,64,29,13,11,43,36,117,137,10,70,194,44,104,169,30,187,101,33,4480,257,160,1466,1572
06037231500,698400,1794,2274,72,98,53,91,566,65,106,47,79,938,305,2937,880,5003,0.4788,137,1504,5700.0,8019.0,0,1537,2825,5048,4825,5034,471,1504,13,34,93,19,95,0,71,127,112,105,45,45,18,140,108,171,183,69,114,80,5048,510,345,1504,1537
06037231601,754100,981,1951,17,30,62,44,495,25,35,4,33,249,70,1330,382,2230,0.426,157,744,1625.0,3785.0,0,795,1476,2230,2206,2230,186,744,11,26,41,51,15,0,21,15,32,17,22,19,5,34,45,34,86,15,10,8,2230,136,80,744,795
06037231602,670700,1555,3043,33,83,20,71,356,37,28,0,36,276,109,1075,284,1870,0.3943,41,632,1551.0,3149.0,0,662,1213,1870,1709,1864,299,632,21,0,23,5,4,5,64,31,20,26,33,0,0,39,8,71,33,41,55,0,1870,146,130,632,662
06037231603,712700,1490,-666666666,96,33,44,58,647,0,0,21,0,113,96,1283,937,2850,0.4286,99,760,626.0,3110.0,0,836,2278,2895,2539,2863,214,760,42,50,64,60,0,0,35,21,34,0,0,17,109,99,98,56,58,176,171,57,2895,8,105,760,836
06037231710,861400,1444,2856,147,120,85,131,1104,0,0,9,31,81,188,2181,1204,4026,0.4743,91,1185,489.0,5057.0,0,1286,3402,4026,3628,3961,504,1185,20,22,85,5,0,0,67,85,60,0,27,0,109,135,169,171,114,138,103,0,4026,31,50,1185,1286
06037231720,577700,1122,1898,111,71,96,94,1154,30,106,0,9,360,215,2655,1738,5174,0.4612,98,1514,1782.0,5865.0,11,1634,4564,5174,4533,5051,294,1514,31,18,195,50,41,6,45,65,88,28,24,60,227,220,226,188,192,170,74,35,5174,151,127,1514,1634
06037231800,629400,1476,2091,108,101,90,119,1171,44,8,0,40,201,171,2961,1292,5427,0.3887,111,1372,1252.0,5601.0,0,1425,5193,5469,5001,5388,554,1372,31,13,25,16,18,10,16,21,67,13,3,0,192,60,287,119,158,220,255,257,5469,97,82,1372,1425
06037231901,525000,1552,1968,39,128,39,20,522,23,11,0,8,263,179,2079,421,3341,0.3753,50,785,1225.0,3658.0,0,800,3107,3440,3363,3416,252,785,0,0,35,0,0,0,0,11,65,51,0,0,111,157,90,59,229,43,101,0,3440,26,183,785,800
06037231902,707100,1420,2242,20,81,80,63,608,0,14,0,27,175,111,1346,1436,3207,0.4057,64,783,947.0,3245.0,0,804,2933,3207,3127,3180,231,783,0,0,41,0,21,0,44,0,38,11,26,8,101,178,128,114,151,139,104,99,3207,27,119,783,804
06037232110,567200,1468,2176,53,58,101,53,621,3,24,22,74,224,140,1684,855,3438,0.4437,65,845,1350.0,3832.0,0,883,2924,3491,3136,3462,314,845,10,19,46,5,11,12,0,10,17,5,20,26,175,101,138,91,58,184,164,92,3491,72,137,845,883
06037232120,612300,1521,2136,88,204,39,117,1143,16,19,0,95,322,221,2139,1162,4807,0.3722,129,1465,1904.0,7769.0,0,1545,3810,4935,4706,4896,315,1465,20,56,12,18,0,0,0,0,18,33,11,0,235,220,171,186,164,276,238,131,4935,183,93,1465,1545
06037232200,677300,1515,2593,6,42,143,79,514,30,109,18,3,352,121,1800,611,3624,0.4175,103,866,2086.0,4226.0,0,898,2634,3765,3596,3697,352,866,8,24,103,23,34,11,54,63,131,34,42,11,52,125,105,129,134,99,141,62,3765,115,147,866,898
06037232300,628300,1625,2305,54,0,79,13,591,72,67,35,96,638,100,2504,809,4764,0.5259,165,1229,3695.0,5999.0,0,1234,3241,4766,4557,4726,530,1229,0,79,20,47,0,36,120,50,46,32,0,84,123,156,327,22,173,130,144,49,4766,238,307,1229,1234
06037232401,740800,1992,2267,69,30,42,23,562,33,51,15,14,507,161,1756,523,3542,0.3987,126,1069,3086.0,5342.0,10,1135,2199,3582,3332,3528,459,1069,13,42,66,7,0,14,36,165,0,7,0,0,125,42,73,48,89,77,121,191,3582,229,249,1069,1135
06037232402,633600,1007,1988,12,52,8,32,430,10,53,7,12,573,139,1550,872,3059,0.4543,69,1003,3248.0,5026.0,0,1041,1856,3098,3030,3080,274,1003,69,75,30,41,28,28,83,32,70,30,40,30,19,92,24,30,46,122,88,70,3098,298,227,1003,1041
06037232500,617100,1534,2831,53,68,37,166,819,142,106,28,59,650,184,2824,869,5388,0.4576,84,1469,3609.0,7347.0,0,1491,3558,5422,5125,5388,587,1469,30,53,49,36,26,41,19,34,106,23,76,46,107,135,147,363,148,72,234,64,5422,239,383,1469,1491
06037232601,629600,1444,2250,52,30,55,10,352,0,18,14,13,196,30,986,282,1688,0.4138,30,548,928.0,2372.0,0,584,1112,1688,1577,1681,161,548,18,0,11,0,0,0,0,75,19,0,0,46,94,21,81,20,0,102,32,74,1688,73,99,548,584
06037232602,666400,1735,1808,65,157,68,38,797,95,38,90,13,542,186,2263,1140,5524,0.4578,118,1339,3593.0,6998.0,0,1359,3679,5524,5344,5414,416,1339,38,31,3,4,23,41,0,79,103,52,122,0,104,258,210,128,221,364,145,101,5524,198,260,1339,1359
06037232701,709500,1598,2504,13,11,31,0,331,18,29,9,56,203,48,1139,467,2306,0.5019,89,534,1280.0,2856.0,0,565,1908,2348,2232,2307,244,534,6,16,15,23,32,18,22,13,32,21,19,0,126,90,40,46,24,102,157,51,2348,53,116,534,565
06037232702,632600,1524,2142,66,58,19,43,693,44,41,26,32,287,160,2188,1026,4414,0.401,83,980,1479.0,4656.0,33,1082,3862,4414,4224,4360,454,980,3,58,16,0,0,0,8,18,0,74,80,66,17,93,195,55,141,57,306,38,4414,28,162,980,1082
06037232800,589100,1158,2143,52,66,30,37,677,32,5,20,13,248,177,2084,956,4115,0.5221,73,925,1393.0,4215.0,0,970,3613,4184,4092,4163,290,925,46,58,31,7,0,7,16,33,0,23,0,27,87,159,120,92,238,152,215,67,4184,49,53,925,970
06037234001,1013800,2090,2714,17,71,57,36,383,34,80,48,20,612,39,1255,121,2512,0.4107,45,995,3643.0,5428.0,0,1073,412,2517,2317,2479,382,995,76,19,31,21,65,37,58,53,16,36,88,54,70,51,66,84,12,54,85,17,2517,393,219,995,1073
06037234002,802400,1852,2058,74,39,28,8,679,61,9,0,15,402,99,1486,463,2865,0.4601,41,1081,2201.0,5152.0,0,1081,1508,2896,2643,2859,393,1081,47,2,15,33,2,19,88,64,33,63,87,35,39,84,97,39,62,86,9,18,2896,320,60,1081,1081
06037234200,956600,1612,2180,33,23,86,0,434,127,81,82,22,706,110,1279,291,2605,0.476,11,1140,4398.0,6402.0,0,1189,586,2605,2419,2605,313,1140,3,9,5,81,24,0,2,129,166,35,9,108,44,25,66,33,63,15,111,102,2605,546,91,1140,1189
06037234301,1136700,1455,3572,8,21,0,159,683,0,17,37,8,329,212,1069,231,1779,0.545,58,1012,1855.0,4159.0,21,1066,70,1779,1519,1779,236,1012,0,15,35,50,0,17,16,28,69,63,36,9,29,0,0,0,141,0,44,0,1779,201,128,1012,1066
06037234302,707400,1666,1840,99,57,28,170,1273,0,9,0,12,102,115,1291,472,2459,0.4844,69,1375,451.0,5597.0,0,1522,185,2459,2177,2418,73,1375,24,0,103,21,0,43,13,31,62,44,56,12,84,168,30,0,81,67,89,0,2459,33,69,1375,1522
06037234501,852500,1612,2434,9,52,37,13,321,32,56,62,21,549,184,1355,204,2636,0.4592,34,870,3044.0,4192.0,0,979,878,2770,2632,2762,382,870,6,15,25,27,26,11,36,33,36,56,29,59,42,70,20,119,86,296,140,74,2770,378,122,870,979
06037234502,803000,1242,2322,62,32,81,7,764,18,9,0,0,350,256,1257,755,2550,0.5504,42,1114,1906.0,4965.0,0,1228,891,2601,2370,2601,233,1114,43,10,102,8,9,0,89,18,75,39,43,9,40,77,55,15,0,10,81,70,2601,229,98,1114,1228
06037234600,825100,1866,2032,13,36,18,26,523,105,143,72,29,1100,246,2283,706,4689,0.4859,146,1623,6357.0,8423.0,0,1868,1455,4694,4351,4657,588,1623,21,120,22,0,34,75,93,74,34,80,114,106,111,67,132,123,51,139,233,109,4694,597,454,1623,1868
06037234700,678400,1456,2802,53,59,23,48,505,14,136,90,40,760,190,1933,778,3835,0.4442,50,1265,4224.0,6175.0,0,1469,1227,3838,3402,3791,554,1265,9,55,98,69,17,8,24,89,142,53,47,35,66,184,166,100,153,100,131,30,3838,468,227,1265,1469
06037234800,674400,1768,2017,29,0,112,0,381,63,80,40,52,686,186,1700,268,3534,0.427,107,1067,3569.0,5058.0,7,1144,1694,3534,3357,3534,434,1067,37,55,20,33,0,0,43,50,16,38,83,46,60,111,66,103,185,192,152,26,3534,347,192,1067,1144
06037234901,-666666666,1050,-666666666,203,47,335,69,1165,0,0,0,0,37,315,1510,782,2896,0.4111,166,1202,,,0,1364,933,2916,2672,2916,123,1202,23,62,53,138,17,40,0,38,43,54,55,10,115,23,107,41,22,69,75,22,2916,37,0,1202,1364
06037234902,824400,1117,2266,113,17,168,138,1776,56,44,0,0,278,240,1995,1063,4384,0.5782,114,2054,2003.0,7917.0,0,2142,1915,4535,4279,4524,509,2054,54,232,106,15,19,16,79,17,36,109,42,31,67,103,242,38,63,120,200,160,4535,107,171,2054,2142
06037235100,886300,1944,2541,34,18,39,11,415,126,196,59,140,1350,255,2129,426,4027,0.4857,99,1765,7615.0,9471.0,5,1899,475,4032,3606,4011,597,1765,17,74,19,19,106,33,38,41,92,163,142,57,90,41,91,36,35,59,94,79,4032,1048,286,1765,1899
06037235201,607300,906,2031,10,7,19,0,329,22,43,143,84,638,86,1114,515,2849,0.4966,50,967,3525.0,4548.0,10,985,1135,2880,2749,2843,343,967,80,21,41,56,30,0,25,17,33,54,23,53,79,113,119,135,87,31,118,103,2880,328,238,967,985
06037235202,819300,1498,2298,45,17,141,126,1081,75,22,23,43,544,168,1627,1043,3887,0.5714,161,1625,3130.0,6826.0,0,1858,952,3887,3562,3831,300,1625,58,62,33,43,13,13,155,38,92,92,12,104,97,118,153,121,209,69,95,100,3887,406,95,1625,1858
06037236001,821100,3126,2333,47,46,94,19,438,68,115,135,148,1464,96,2437,263,4063,0.4099,32,1902,8229.0,9927.0,0,2171,376,4063,3569,4063,708,1902,29,227,86,61,138,66,110,108,121,59,52,182,50,46,183,100,26,0,150,20,4063,1055,409,1902,2171
06037236101,959700,1571,2258,46,33,78,121,813,117,11,29,35,460,12,1124,577,2606,0.5449,42,1273,2611.0,4673.0,22,1382,435,2606,2332,2563,318,1273,34,61,270,54,2,0,161,43,196,75,59,70,43,7,43,21,0,68,57,0,2606,279,167,1273,1382
06037236102,615800,1490,-666666666,142,124,174,76,1548,0,36,55,0,400,209,2198,1006,3510,0.4562,159,1948,1463.0,6747.0,17,2125,677,3510,3014,3510,259,1948,0,85,41,68,17,0,52,33,68,29,11,0,0,32,250,40,48,0,157,0,3510,324,58,1948,2125
06037236203,-666666666,1489,-666666666,50,66,79,119,1386,0,0,0,0,50,165,1577,1142,3590,0.4384,89,1436,240.0,5213.0,19,1646,1645,3615,3113,3572,468,1436,0,46,143,9,0,10,86,27,92,33,0,0,205,114,240,60,154,136,147,23,3615,40,0,1436,1646
06037236204,-666666666,1508,-666666666,77,113,116,165,1180,0,0,0,0,0,206,1821,486,3387,0.4175,92,1180,-666666666.0,4522.0,0,1397,1668,3387,3154,3349,251,1180,15,33,3,14,16,0,27,71,28,75,0,30,152,145,80,39,194,70,71,96,3387,0,0,1180,1397
06037236205,564500,1412,1420,44,59,135,15,1162,15,0,0,0,46,74,1473,1021,3070,0.4681,61,1208,179.0,4404.0,0,1423,1583,3070,2931,3011,348,1208,23,47,0,66,25,16,40,15,51,0,0,63,122,97,91,16,145,239,63,66,3070,31,0,1208,1423
06037236206,-666666666,1550,-666666666,13,252,246,74,1345,0,0,0,0,0,359,1905,458,2997,0.3683,124,1345,-666666666.0,4677.0,0,1416,1861,3175,2920,3175,243,1345,136,0,16,74,5,0,57,0,16,0,64,74,114,48,0,14,60,91,131,2,3175,0,0,1345,1416
06037236400,1084700,1858,3537,65,116,127,63,945,104,108,30,44,1036,41,2341,310,4334,0.4214,33,1981,6224.0,9791.0,0,2207,623,4390,4220,4369,651,1981,42,58,55,76,20,45,91,57,77,73,113,53,105,133,102,30,128,179,107,129,4390,802,200,1981,2207
06037237101,685900,1441,2190,36,77,41,54,709,32,0,29,0,253,239,1878,614,4000,0.4414,105,962,1326.0,4485.0,0,1028,3272,4136,3819,4097,217,962,43,30,79,9,0,0,17,18,69,28,6,14,119,208,175,88,256,288,221,64,4136,94,91,962,1028
06037237102,648300,1537,2403,3,85,130,50,746,10,9,63,29,255,115,1319,1163,3948,0.4556,35,1001,1317.0,4600.0,0,1055,2928,3970,3679,3913,350,1001,64,9,21,16,0,24,34,25,31,44,19,62,155,201,213,172,195,237,147,129,3970,101,72,1001,1055
06037237201,588900,1579,2020,74,106,56,48,573,8,10,35,8,365,141,1561,1000,3750,0.4491,116,938,1792.0,4548.0,0,1008,3006,3766,3551,3707,346,938,32,33,38,34,5,0,10,56,50,60,9,13,84,159,135,98,122,103,92,74,3766,133,109,938,1008
06037237202,595000,1837,2453,0,0,27,84,696,99,13,59,21,572,319,1981,1340,4364,0.5128,149,1268,3215.0,5791.0,0,1306,3054,4404,4126,4404,385,1268,73,37,56,35,0,46,77,0,49,14,0,17,119,235,165,96,88,232,131,207,4404,266,283,1268,1306
06037237300,626800,1857,2367,17,29,66,43,739,222,103,83,116,1082,50,3207,757,5664,0.3725,181,1821,6086.0,9275.0,0,1905,3105,5762,5406,5762,684,1821,59,46,42,5,9,0,65,173,201,70,52,47,104,170,214,152,65,46,287,253,5762,601,400,1821,1905
06037237401,509700,1727,2222,19,66,0,26,341,95,71,60,0,677,94,1890,1217,3869,0.4484,69,1018,3732.0,5389.0,0,1058,2987,3906,3753,3850,464,1018,70,36,46,15,6,35,70,49,12,16,21,17,214,149,167,102,57,159,119,93,3906,314,311,1018,1058
06037237402,577600,1458,2025,63,75,99,8,439,75,48,91,0,566,125,1839,114,3589,0.3354,120,1005,3185.0,4948.0,0,1038,2290,3618,3484,3592,416,1005,54,101,52,30,0,49,35,35,91,109,27,31,91,91,69,182,65,55,107,63,3618,254,271,1005,1038
06037237500,506500,1403,-666666666,14,84,21,53,647,0,0,8,0,113,72,1237,919,2703,0.433,27,760,461.0,2989.0,0,792,2195,2727,2597,2727,187,760,31,29,74,4,10,0,36,23,49,31,23,29,61,55,117,110,47,73,164,63,2727,8,59,760,792
06037237600,477300,1374,2083,74,105,108,167,917,15,20,7,0,256,311,2020,984,4092,0.4705,112,1173,1512.0,5462.0,0,1192,3092,4092,3841,4078,397,1173,24,72,69,36,108,0,29,117,53,40,91,7,89,166,119,150,126,70,42,27,4092,101,111,1173,1192
06037237710,703500,1643,2236,97,38,69,133,859,0,26,29,32,208,144,1779,1560,4346,0.4217,80,1067,1218.0,5184.0,0,1123,3063,4372,4282,4372,401,1067,0,37,0,0,0,0,20,106,29,33,0,42,145,203,406,84,60,108,114,211,4372,116,63,1067,1123
06037237720,497200,1492,1702,70,169,30,82,766,0,19,42,0,136,60,1642,795,3343,0.3971,55,902,741.0,3884.0,0,946,2915,3447,3241,3382,274,902,0,7,31,0,0,22,18,19,15,10,17,28,325,130,147,45,189,195,43,58,3447,76,22,902,946
06037237800,568200,1360,2383,0,18,37,65,421,0,20,85,81,754,214,1770,1067,4160,0.5346,18,1175,4618.0,6388.0,0,1337,2353,4160,3868,4066,454,1175,0,17,32,8,46,13,62,70,82,0,164,154,84,209,136,29,110,163,161,44,4160,377,299,1175,1337
06037237900,686300,1429,2693,0,19,157,0,444,61,59,66,16,905,306,1989,704,4040,0.4459,131,1349,5621.0,7434.0,0,1397,1113,4040,3626,3960,331,1349,166,34,30,37,88,0,72,24,88,13,77,31,140,233,62,15,154,45,227,49,4040,632,238,1349,1397
06037238000,656200,1595,2255,0,33,85,15,905,168,133,160,93,1314,199,2570,736,5430,0.4561,182,2219,7329.0,10824.0,0,2320,1385,5438,4952,5415,640,2219,104,51,74,43,0,92,43,110,77,134,115,73,257,6,217,72,69,168,251,0,5438,803,433,2219,2320
06037238100,678500,1192,2252,268,108,15,24,1370,247,122,6,53,690,166,2842,909,5174,0.5181,176,2060,3932.0,10697.0,0,2158,1541,5205,4882,5205,439,2060,51,25,43,7,29,25,64,135,70,104,43,29,87,136,220,67,123,268,51,34,5205,437,185,2060,2158
06037238200,619400,1251,2750,136,85,188,123,1490,146,100,49,18,718,371,2704,1280,6612,0.4727,54,2208,4369.0,10625.0,92,2417,1499,6827,6505,6789,572,2208,40,159,94,64,0,32,116,148,252,91,140,225,266,142,223,85,246,302,249,101,6827,486,139,2208,2417
06037238310,617900,1558,2424,178,64,48,89,1220,5,33,0,0,74,191,2699,1477,5049,0.4214,159,1294,497.0,5899.0,0,1390,4079,5102,4679,5038,325,1294,18,79,4,7,6,5,25,14,31,91,17,0,218,202,177,181,161,189,245,242,5102,0,56,1294,1390
06037238320,670700,1214,2262,46,96,140,33,1008,2,0,0,15,90,202,1423,1339,3489,0.5129,145,1098,461.0,4437.0,0,1123,2449,3513,3297,3449,252,1098,0,0,18,13,0,7,38,14,68,10,75,18,148,148,202,92,41,156,234,165,3513,71,17,1098,1123
06037238400,678800,1234,1999,31,10,51,36,540,271,100,94,29,1213,193,2081,610,4475,0.4872,71,1753,7201.0,9293.0,0,1838,937,4495,4217,4483,478,1753,27,57,189,28,79,55,9,77,267,124,118,57,143,38,202,65,130,88,78,14,4495,893,276,1753,1838
06037239201,584000,1330,2224,43,31,37,39,616,32,26,0,0,192,89,1569,857,3393,0.4859,67,808,994.0,3780.0,0,862,2876,3400,3112,3356,409,808,16,30,79,8,14,14,23,41,18,0,3,0,176,136,120,95,259,93,160,75,3400,49,100,808,862
06037239202,574500,1577,2023,129,30,236,59,998,34,0,0,58,224,196,2470,837,5373,0.3765,159,1222,1274.0,6041.0,0,1280,4776,5385,5220,5385,400,1222,20,182,32,0,0,4,43,0,0,0,26,33,165,320,391,196,127,249,277,133,5385,97,81,1222,1280
06037239310,592700,1550,1616,56,188,82,51,818,0,20,17,0,156,113,1944,924,3936,0.4173,58,974,788.0,4412.0,0,996,3631,4021,3736,3934,392,974,17,0,22,8,0,15,8,63,40,28,0,2,216,134,221,71,65,208,139,163,4021,43,113,974,996
06037239320,613900,1562,1844,42,53,72,42,533,2,0,79,18,278,150,1705,665,3105,0.4355,37,811,1509.0,3714.0,13,857,2737,3105,3053,3105,425,811,60,13,19,10,8,9,25,50,19,16,14,0,21,120,137,76,31,130,141,48,3105,87,168,811,857
06037239330,508200,1549,1598,25,152,55,36,550,9,0,39,0,188,130,1475,894,3106,0.4251,86,738,991.0,3566.0,0,749,2834,3119,3082,3095,312,738,10,5,38,24,4,49,28,4,49,42,8,5,159,183,177,47,19,139,85,58,3119,90,67,738,749
06037239501,549800,1525,2358,48,64,80,118,643,14,27,16,5,307,134,1693,807,3569,0.3867,128,950,1546.0,4471.0,0,1000,2460,3583,3381,3555,338,950,3,19,9,16,13,6,36,27,87,13,15,37,93,130,144,68,177,128,186,159,3583,103,161,950,1000
06037239502,524000,1666,1663,12,48,66,62,491,22,0,0,0,310,102,1716,635,3631,0.4028,66,801,1605.0,3841.0,0,895,3133,3691,3314,3652,305,801,6,0,33,10,0,1,46,71,26,21,23,13,145,188,211,106,123,177,158,137,3691,109,155,801,895
06037239601,473600,1355,1908,40,70,48,99,649,27,0,30,0,265,53,1689,771,3745,0.3947,106,914,1456.0,4412.0,0,977,2969,3753,3644,3728,397,914,24,64,0,10,0,24,19,42,0,27,7,57,166,199,135,90,121,141,132,88,3753,143,93,914,977
06037239602,589100,1456,1875,88,74,47,34,674,0,43,24,24,259,185,1563,1319,3731,0.3943,82,933,1780.0,4791.0,0,993,3033,3753,3547,3731,311,933,31,44,17,67,7,10,13,42,47,19,80,24,139,137,346,134,60,127,257,109,3753,75,127,933,993
06037239701,540500,1260,2255,34,18,74,0,697,0,9,66,61,394,200,1551,1329,3950,0.4615,159,1091,1880.0,4760.0,0,1148,3259,4021,3847,3964,328,1091,69,23,30,7,0,11,15,19,68,47,40,0,236,201,384,62,96,136,197,19,4021,119,216,1091,1148
06037239702,558100,1579,2106,16,85,126,96,810,14,0,34,6,293,136,2142,1316,4665,0.4525,45,1103,1634.0,5290.0,32,1195,3389,4687,4530,4663,364,1103,9,22,21,37,0,14,21,95,47,18,13,0,101,148,260,227,88,293,170,111,4687,133,61,1103,1195
06037239801,546900,1651,1823,26,66,25,27,545,58,10,0,57,430,134,1987,999,4058,0.4577,88,975,2546.0,5133.0,0,1020,3179,4174,3908,4083,419,975,62,65,37,31,0,0,7,44,66,15,5,14,142,94,155,101,133,122,221,123,4174,163,201,975,1020
06037239802,563300,1400,1903,106,0,78,82,897,85,68,10,17,431,314,2406,1182,5426,0.4482,122,1328,2401.0,6228.0,0,1361,4406,5426,5098,5372,414,1328,10,40,26,7,18,0,30,16,80,32,88,21,178,207,124,226,159,183,350,121,5426,152,223,1328,1361
06037240010,545300,1583,1823,39,44,142,12,845,0,0,5,0,190,217,1720,1353,3949,0.4562,92,1035,1035.0,4768.0,0,1068,3101,3962,3468,3950,247,1035,9,0,15,0,10,4,25,72,16,37,9,8,92,144,117,241,164,247,122,78,3962,90,64,1035,1068
06037240020,591900,1816,2334,0,45,63,30,753,48,102,59,23,554,189,2563,1274,5350,0.4004,157,1307,3002.0,6494.0,0,1345,4358,5366,4716,5315,352,1307,0,25,40,17,6,10,99,116,53,32,9,27,108,155,447,191,161,148,266,171,5366,127,349,1307,1345
06037240200,467400,1562,2531,89,32,37,56,982,13,22,97,80,503,386,2504,1925,5716,0.4512,120,1485,2839.0,7542.0,36,1514,4499,5737,5327,5691,504,1485,0,11,76,18,0,0,21,100,150,8,23,34,318,337,191,94,202,168,288,83,5737,87,294,1485,1514
06037240301,542200,1408,2161,66,171,50,32,608,17,10,18,15,279,187,1262,769,2846,0.4517,86,887,1508.0,3846.0,0,900,2199,2870,2583,2844,288,887,0,42,98,24,10,0,55,42,36,45,10,0,101,81,156,52,42,69,98,85,2870,109,144,887,900
06037240302,529500,1409,2422,0,0,46,33,396,0,77,9,47,295,358,1242,853,3013,0.4942,101,691,1517.0,3282.0,0,772,2451,3013,2822,3013,187,691,21,5,19,0,0,0,53,41,43,33,2,10,182,46,195,111,55,95,125,82,3013,130,94,691,772
06037240401,592900,1559,2563,62,116,31,105,1105,44,14,78,22,441,145,2340,1589,5886,0.44,88,1546,2417.0,7308.0,0,1642,4721,5911,5536,5781,637,1546,98,59,24,38,0,35,23,109,22,44,25,18,166,420,264,139,234,262,308,181,5911,82,163,1546,1642
06037240402,496700,1305,1972,0,15,34,26,582,76,54,0,0,540,307,1909,1049,3889,0.4393,93,1122,2702.0,5371.0,6,1139,2381,3904,3323,3860,419,1122,22,57,0,8,0,47,38,58,42,21,143,33,181,275,158,68,125,66,275,7,3904,264,123,1122,1139
06037240500,543900,1621,2099,71,153,77,164,1227,0,79,70,0,412,369,3072,2034,6309,0.5015,200,1639,2148.0,7689.0,0,1687,5121,6415,6124,6319,377,1639,16,82,37,13,0,0,10,4,121,23,54,32,157,171,253,376,321,213,277,175,6415,189,102,1639,1687
06037240600,493500,1739,1803,10,74,119,21,752,7,18,6,16,392,221,1701,913,4807,0.4251,108,1144,2159.0,5859.0,0,1222,3241,4807,4377,4729,393,1144,56,33,38,115,13,170,43,79,50,30,91,19,174,249,206,178,198,206,129,63,4807,166,156,1144,1222
06037240700,479400,1680,1860,59,106,19,22,822,70,139,64,59,830,298,3041,1209,6429,0.4333,110,1652,4325.0,8166.0,0,1733,5422,6429,5899,6393,614,1652,70,19,93,24,11,50,120,45,65,44,61,25,207,221,428,204,140,255,238,220,6429,319,285,1652,1733
06037240800,536100,1500,2028,12,68,50,70,573,12,94,53,48,504,199,2092,1179,4710,0.4446,136,1077,2771.0,5316.0,0,1101,3412,4749,4334,4663,406,1077,25,71,0,21,28,20,14,28,0,55,0,14,124,147,226,193,276,257,148,47,4749,218,135,1077,1101
06037240901,584300,1413,1931,7,12,15,0,150,29,8,65,26,387,113,962,715,2483,0.4848,15,537,1996.0,2668.0,0,599,2343,2503,2222,2477,307,537,0,25,2,3,0,11,17,14,60,24,4,11,72,96,223,123,45,55,113,53,2503,134,96,537,599
06037240902,475400,1438,2402,8,69,30,39,471,18,4,29,0,286,95,1487,1245,3598,0.6478,114,757,1407.0,3604.0,0,823,3067,3614,3068,3493,233,757,39,10,67,55,0,0,37,31,94,0,32,0,173,278,224,43,208,117,175,97,3614,112,94,757,823
06037241001,614100,1786,1522,148,48,35,31,516,47,74,84,0,585,148,2148,923,4446,0.4725,57,1101,3199.0,5529.0,0,1166,3180,4457,4359,4376,496,1101,10,0,0,58,2,0,17,241,0,22,0,166,320,116,176,3,175,106,137,104,4457,200,314,1101,1166
06037241002,599300,1833,2118,121,37,19,12,648,31,20,47,5,351,344,1922,963,3803,0.4291,161,999,1608.0,4642.0,24,1020,2477,3830,3632,3771,387,999,55,31,124,0,0,53,8,15,71,8,12,43,144,155,175,37,87,97,161,29,3830,145,71,999,1020
06037241110,492900,1761,2254,18,67,52,26,497,57,29,6,17,323,51,1700,519,3567,0.3451,27,820,1784.0,4042.0,0,858,2858,3585,3364,3478,326,820,20,24,12,28,3,0,36,66,58,16,0,6,172,184,132,125,165,131,196,80,3585,119,133,820,858
06037241120,633900,1403,1405,38,46,117,49,965,17,0,15,48,264,180,1806,1512,4243,0.4956,208,1229,1325.0,5347.0,0,1306,3302,4245,3965,4172,295,1229,156,49,44,35,0,18,29,48,50,43,9,0,48,294,214,92,165,156,261,95,4245,55,186,1229,1306
06037241201,555000,1833,2377,26,15,0,42,392,0,16,82,25,538,86,1483,629,3135,0.4452,66,930,3037.0,4590.0,0,945,1940,3147,3002,3147,258,930,15,28,10,26,43,13,7,55,29,30,17,14,108,202,184,91,53,56,100,70,3147,280,179,930,945
06037241202,564400,1492,1888,0,94,0,55,951,108,84,53,22,717,227,2061,1283,4753,0.5072,87,1668,4090.0,8286.0,0,1690,2860,4825,4537,4808,499,1668,37,23,7,0,30,0,11,193,70,39,96,57,214,172,87,36,141,218,65,115,4825,387,252,1668,1690
06037241300,599900,1297,2383,11,49,14,91,380,7,36,47,48,333,190,1154,565,2378,0.4641,52,713,2001.0,3359.0,0,743,1405,2378,2322,2363,313,713,11,25,21,5,0,10,6,0,26,38,27,43,85,100,112,45,95,96,71,68,2378,202,113,713,743
06037241400,544000,1652,2575,73,18,10,0,571,32,102,4,37,372,168,2055,519,3901,0.4715,62,943,2056.0,4408.0,7,989,2804,3901,3812,3846,349,943,24,82,21,0,10,5,86,14,18,34,5,37,152,104,211,90,80,107,228,163,3901,145,159,943,989
06037242000,622500,1600,2414,123,73,80,77,907,25,0,66,12,310,164,1840,905,4136,0.5937,92,1217,1913.0,6022.0,0,1217,2986,4161,3673,4090,377,1217,34,32,110,32,0,0,19,88,112,81,39,16,165,224,111,113,96,186,173,57,4161,104,131,1217,1217
06037242100,-666666666,1056,-666666666,74,124,91,35,686,0,0,0,23,23,109,734,1018,2402,0.4086,154,709,,,34,825,1888,2402,2170,2306,136,709,20,0,19,0,8,13,14,0,19,0,0,39,136,134,101,97,118,112,186,49,2402,23,0,709,825
06037242201,518100,1660,1379,5,83,48,35,556,32,33,75,48,462,231,1957,780,3922,0.4792,154,1018,2645.0,5171.0,17,1027,3577,4004,3871,3971,358,1018,62,29,73,13,51,15,35,74,50,40,12,0,156,151,304,76,136,164,113,75,4004,192,155,1018,1027
06037242202,450000,1147,1867,25,20,60,27,502,10,91,0,0,275,143,1136,754,2719,0.4681,128,777,1403.0,3293.0,0,777,1892,2729,2543,2657,285,777,36,33,8,15,8,0,44,17,56,20,0,28,110,112,43,52,140,88,134,70,2729,48,158,777,777
06037242300,476400,1380,1439,65,177,89,64,928,10,11,26,12,347,469,2440,1272,4813,0.4054,258,1275,2049.0,6276.0,0,1275,3757,4851,4400,4785,379,1275,31,45,3,0,72,0,22,17,12,65,24,29,96,201,242,75,164,107,344,154,4851,135,186,1275,1275
06037242600,-666666666,926,-666666666,52,14,196,95,1396,0,0,0,13,17,446,1538,2460,4714,0.5151,178,1413,,,0,1467,2906,4714,3931,4487,190,1413,2,0,0,0,0,0,47,55,0,0,0,0,243,469,335,26,342,269,319,75,4714,4,13,1413,1467
06037242700,543100,1324,2685,108,0,64,198,663,37,67,13,32,635,143,2097,866,4703,0.4285,64,1298,3682.0,6337.0,3,1336,3666,4723,4219,4565,327,1298,0,55,37,7,19,0,60,48,136,99,0,80,348,24,134,68,173,191,85,81,4723,228,243,1298,1336
06037243001,541700,2223,1758,0,18,42,19,371,17,11,65,7,362,248,1559,599,3246,0.3171,69,733,1848.0,3620.0,0,745,2843,3246,2896,3195,298,733,9,24,21,27,35,0,38,15,39,55,20,26,141,188,114,98,135,71,167,43,3246,107,174,733,745
06037243002,478700,2022,2245,14,72,24,0,183,9,20,0,83,429,39,1560,144,2721,0.2495,45,612,2132.0,3082.0,22,670,2507,2721,2672,2699,331,612,84,37,19,27,0,0,0,24,19,6,9,0,0,104,93,146,84,84,90,26,2721,95,191,612,670
06037243100,408400,1097,1059,62,163,37,85,1127,8,21,42,0,351,429,2174,2106,5045,0.4778,306,1478,1645.0,6394.0,0,1524,3582,5186,4715,5154,492,1478,38,47,34,30,41,33,33,5,121,30,34,32,268,254,222,217,202,138,231,166,5186,87,145,1478,1524
06037261102,2000001,3133,4001,0,0,0,14,129,91,129,19,9,1293,16,1764,229,3990,0.5187,45,1422,11175.0,12052.0,0,1774,188,3990,3799,3964,895,1422,22,170,121,62,96,34,14,85,119,101,45,65,100,184,280,177,43,8,72,129,3990,1073,220,1422,1774
06037261103,2000001,2363,3786,57,0,0,8,119,34,107,36,23,620,84,891,96,1695,0.4686,13,739,4664.0,5243.0,0,802,75,1722,1632,1701,392,739,21,19,47,48,31,15,83,62,20,28,52,20,8,47,27,37,74,28,81,32,1722,539,81,739,802
06037261104,2000001,3501,4001,24,0,0,35,180,75,32,0,7,534,39,953,136,1672,0.5657,0,714,3795.0,4956.0,0,770,70,1672,1453,1646,398,714,20,26,142,18,18,40,0,18,92,21,44,58,0,45,79,0,40,46,0,60,1672,438,96,714,770
06037261200,1990000,1805,4001,5,18,13,0,233,56,32,43,171,1444,169,2032,287,3857,0.477,31,1677,9542.0,10429.0,0,1848,447,3880,3512,3844,961,1677,35,97,118,121,26,56,106,146,49,138,31,39,57,70,72,43,6,121,188,24,3880,1095,349,1677,1848
06037262100,2000001,-666666666,4001,0,0,19,0,131,78,64,48,46,943,93,1468,98,2710,0.5726,40,1074,8248.0,9129.0,0,1439,64,2721,2482,2707,704,1074,102,93,141,90,29,40,37,65,123,53,56,42,97,43,57,121,102,49,91,80,2721,802,116,1074,1439
06037262200,2000001,2630,4001,40,151,31,23,581,58,106,124,42,1253,137,2369,257,4533,0.5724,114,1834,10124.0,12759.0,0,1978,306,4630,4211,4588,901,1834,83,123,87,81,84,50,53,91,120,58,31,135,78,158,86,50,123,203,119,175,4630,1029,224,1834,1978
06037262301,2000001,3501,4001,0,0,0,0,88,50,47,62,16,794,151,1389,142,2533,0.4865,23,882,6307.0,6756.0,0,974,224,2976,2500,2941,600,882,26,60,49,77,63,75,85,65,67,54,50,27,76,61,90,74,100,42,117,98,2976,675,110,882,974
06037262302,2000001,2431,4001,56,42,131,22,370,100,24,62,10,964,26,1261,239,2924,0.5521,9,1334,8455.0,9816.0,9,1512,120,2940,2606,2929,685,1334,0,10,73,78,83,128,50,9,191,102,30,67,19,60,164,59,60,61,82,148,2940,868,96,1334,1512
06037262303,2000001,-666666666,4001,8,0,0,0,38,49,62,95,25,997,55,1295,96,2824,0.527,0,1035,8282.0,8606.0,32,1184,100,2824,2430,2787,738,1035,14,108,86,110,31,55,26,39,110,40,19,33,82,111,117,78,111,113,116,55,2824,827,162,1035,1184
06037262400,2000001,3501,4001,14,0,0,0,136,73,64,33,30,945,12,1070,70,2893,0.5205,0,1081,8158.0,9112.0,14,1296,239,2893,2398,2770,807,1081,48,61,71,135,57,23,16,58,174,90,41,101,145,58,34,69,96,115,148,57,2893,802,143,1081,1296
06037262501,2000001,3501,4001,0,21,0,0,128,78,128,51,64,1234,55,1693,100,3726,0.5271,22,1362,9177.0,9981.0,92,1469,58,3732,3451,3707,799,1362,27,80,77,72,18,76,44,33,90,150,42,39,125,212,172,57,207,124,117,97,3732,1091,143,1362,1469
06037262601,2000001,3501,4001,13,13,0,0,82,149,119,59,39,1191,98,1480,182,3409,0.4875,48,1273,9381.0,10008.0,0,1303,135,3418,2941,3418,824,1273,13,110,154,116,48,48,38,102,171,163,63,47,102,126,110,56,38,143,143,35,3418,1045,133,1273,1303
06037262604,2000001,2779,4001,99,35,117,0,730,92,106,39,0,1492,57,2739,502,5884,0.5545,79,2222,10921.0,13582.0,0,2528,250,5884,5385,5789,1340,2222,72,132,141,106,49,83,165,142,130,148,112,137,163,226,340,55,129,201,262,165,5884,1190,302,2222,2528
06037262704,2000001,2993,3750,46,11,62,56,490,137,81,63,39,1089,95,1730,132,3595,0.5702,83,1579,7432.0,9488.0,0,1782,221,3595,3189,3494,813,1579,49,102,57,47,53,92,38,64,71,51,83,127,76,178,59,101,193,104,74,69,3595,945,144,1579,1782
06037262706,2000001,3501,4001,15,66,16,25,372,39,11,45,0,908,80,1479,100,3383,0.5612,16,1280,7136.0,9064.0,23,1493,110,3383,2876,3370,740,1280,78,66,126,82,16,11,71,98,77,57,48,46,41,132,139,106,69,119,332,115,3383,787,121,1280,1493
06037262802,2000001,2393,4001,10,0,0,6,204,165,48,15,50,1357,65,1562,262,3636,0.5849,81,1561,10477.0,11405.0,13,1719,113,3636,3458,3635,940,1561,101,87,76,98,65,137,76,112,166,90,56,111,18,186,136,37,31,115,125,130,3636,1237,120,1561,1719
06037264000,2000001,3284,4001,28,13,0,68,232,53,99,29,7,1022,117,1400,148,3083,0.5679,24,1254,7865.0,9304.0,20,1371,202,3083,2569,3083,801,1254,9,17,80,112,36,141,79,60,104,85,62,15,102,77,164,67,16,151,156,34,3083,897,97,1254,1371
06037264102,940800,2991,3560,135,188,100,46,1156,59,126,28,20,530,44,1883,241,2965,0.4866,30,1686,2711.0,6632.0,0,1870,255,2965,2488,2948,363,1686,44,58,78,89,6,32,80,34,53,83,28,33,25,17,66,60,58,145,8,20,2965,463,67,1686,1870
06037264103,992000,2722,3255,161,193,111,114,1155,48,105,20,31,468,125,2233,148,2748,0.3852,12,1623,1847.0,5868.0,0,1673,420,2748,2437,2701,410,1623,62,22,49,20,25,9,18,21,38,14,28,25,61,44,52,10,0,79,10,0,2748,289,161,1623,1673
06037264303,1111400,3038,4001,189,156,120,98,1244,64,54,50,28,334,42,2176,135,2702,0.3958,116,1578,1556.0,5910.0,0,1811,208,2702,2034,2702,466,1578,8,28,8,32,0,7,28,0,30,64,10,7,68,0,0,0,57,0,55,0,2702,254,80,1578,1811
06037264304,1109400,2709,3550,176,157,94,38,1159,25,27,0,0,148,34,1766,74,2264,0.4689,25,1307,767.0,4531.0,52,1559,160,2264,1723,2241,343,1307,15,105,0,4,0,0,0,0,14,30,14,9,28,19,12,0,25,5,63,0,2264,136,12,1307,1559
06037264305,1856100,3477,4001,114,140,63,53,903,94,27,19,53,984,127,2265,353,4526,0.5983,56,1887,6403.0,9871.0,0,2040,852,4526,3828,4323,559,1887,0,54,38,180,54,101,67,70,115,57,136,84,410,55,36,34,63,163,72,36,4526,829,145,1887,2040
06037264306,1357100,2951,4001,80,51,87,104,611,0,0,0,15,262,57,981,75,1694,0.4433,27,873,1539.0,3698.0,0,1123,152,1694,1425,1627,304,873,0,64,64,71,14,15,0,48,15,53,0,88,83,18,0,0,68,0,0,0,1694,239,11,873,1123
06037265100,2000001,3501,4001,5,62,22,10,540,0,0,46,7,723,18,813,277,2301,0.6715,0,1263,6280.0,7962.0,0,1554,76,2301,1920,2301,511,1263,64,48,79,99,15,67,18,67,226,43,15,392,0,0,9,31,0,71,103,13,2301,684,39,1263,1554
06037265201,1768800,3501,4001,5,28,12,0,248,41,29,20,11,540,169,1174,197,1979,0.6218,4,788,3415.0,4162.0,0,1162,224,2491,1897,2479,386,788,51,129,69,16,47,11,43,50,51,13,29,182,12,10,24,31,4,5,42,71,2491,373,167,788,1162
06037265203,2000001,3501,4001,63,83,23,19,681,23,19,26,17,356,26,961,286,1993,0.5275,81,1037,2214.0,4180.0,0,1502,75,1993,1412,1980,327,1037,44,55,74,12,40,80,131,11,71,8,46,26,25,86,45,39,0,12,3,0,1993,326,30,1037,1502
06037265204,764200,3217,3534,59,29,16,64,594,0,65,0,15,149,98,786,504,1439,0.62,84,743,427.0,2075.0,0,908,145,1466,816,1466,73,743,14,12,38,36,0,5,0,53,0,5,0,0,46,1,15,0,48,0,23,0,1466,98,51,743,908
06037265301,-666666666,-666666666,-666666666,0,0,0,0,0,0,0,0,0,0,1361,4624,0,0,-666666666.0,0,0,-666666666.0,-666666666.0,0,0,2656,12987,4356,12987,0,0,0,0,0,0,0,0,0,0,0,0,0,0,0,0,0,35,0,0,0,112,12987,0,0,0,0
06037265303,944400,2430,4001,38,24,83,37,1488,20,0,7,8,44,133,2261,2788,4468,0.6142,0,1532,196.0,5032.0,0,1831,771,4468,1778,4468,196,1532,0,23,43,0,0,0,0,15,50,9,0,0,10,0,0,8,44,0,0,0,4468,24,20,1532,1831
06037265304,-666666666,2367,-666666666,23,0,0,37,903,0,0,0,0,10,193,1482,1560,2118,0.5825,25,913,,,0,1146,474,3088,1014,3088,32,913,0,11,0,0,0,9,10,0,0,0,0,0,0,16,0,27,0,0,0,0,3088,10,0,913,1146
06037265306,796900,2151,4001,29,48,4,30,410,0,0,16,0,26,165,995,780,1217,0.5689,35,436,150.0,1313.0,0,512,541,1806,577,1806,0,436,4,0,0,0,0,0,0,0,0,0,0,0,0,0,0,17,0,0,0,0,1806,26,0,436,512
06037265307,-666666666,1974,-666666666,41,85,49,14,943,0,0,0,0,0,123,1420,648,1589,0.5926,122,943,-666666666.0,2935.0,0,1032,249,2407,1336,2397,67,943,0,18,0,0,0,0,0,0,22,0,0,0,15,3,16,0,10,3,0,10,2407,0,0,943,1032
06037265410,2000001,2646,4001,13,20,35,35,255,52,62,20,18,387,16,812,81,1726,0.4872,0,642,2881.0,3993.0,0,704,68,1726,1624,1713,336,642,10,19,57,24,12,4,65,16,41,21,34,10,53,57,71,72,54,44,36,57,1726,288,99,642,704
06037265420,2000001,3501,4001,11,37,11,30,221,40,9,23,0,390,47,721,104,1636,0.5144,15,611,2953.0,4197.0,0,714,71,1636,1466,1636,403,611,38,24,26,25,34,20,21,15,50,31,14,50,71,111,88,45,0,81,73,0,1636,319,63,611,714
06037265521,786200,2305,2879,110,55,106,95,1025,9,20,35,7,95,68,1184,252,1585,0.4883,0,1120,392.0,2692.0,0,1252,101,1585,1123,1547,145,1120,29,0,7,10,0,0,0,11,8,27,0,31,0,0,0,0,76,0,0,10,1585,95,0,1120,1252
06037265522,-666666666,2698,2277,59,14,39,99,869,18,55,19,0,162,17,1545,351,2312,0.4726,0,1031,770.0,3580.0,0,1223,447,2332,1412,2332,436,1031,0,10,10,23,44,10,2,0,90,25,0,9,60,31,10,40,93,31,44,11,2332,116,18,1031,1223
06037265523,951100,2999,-666666666,102,34,9,27,799,6,37,15,36,499,49,1660,136,2286,0.5198,0,1298,2890.0,5994.0,0,1497,309,2286,1537,2222,313,1298,5,5,53,20,8,17,23,21,23,54,0,0,54,50,0,6,35,41,9,22,2286,478,21,1298,1497
06037265524,1066300,3104,2988,75,171,132,91,987,44,0,19,0,371,61,1788,121,2768,0.4706,75,1358,1800.0,5693.0,0,1420,251,2768,2406,2753,449,1358,0,0,24,62,81,0,23,22,130,41,32,0,60,43,29,0,169,83,9,25,2768,279,82,1358,1420
06037265601,1536500,2569,2711,60,31,122,30,721,104,77,16,18,679,12,1664,350,3045,0.5554,10,1400,3872.0,6760.0,0,1579,134,3045,2432,3034,543,1400,40,58,26,23,35,138,37,70,169,45,48,149,74,41,80,8,87,66,8,24,3045,544,135,1400,1579
06037265602,1550000,3501,4001,27,37,6,28,575,93,50,19,0,1016,235,1685,511,3042,0.644,17,1591,5142.0,7665.0,0,2025,95,3057,2488,3013,624,1591,17,16,143,75,74,58,40,22,95,161,104,83,34,22,71,25,136,18,0,8,3057,931,85,1591,2025
06037265701,2000001,2250,3114,64,37,16,11,500,7,9,0,6,353,68,1093,107,1835,0.5109,0,853,2484.0,4269.0,0,914,292,1845,1524,1830,371,853,42,18,73,86,17,16,13,37,43,45,11,28,11,50,0,0,89,51,61,43,1845,273,80,853,914
06037265702,1418500,3003,4001,29,30,0,83,798,54,43,0,94,748,166,1276,338,3107,0.6198,8,1546,3866.0,7321.0,0,1814,195,3107,2679,3080,614,1546,93,31,11,167,125,8,74,64,56,31,135,233,155,144,117,0,177,25,0,0,3107,584,157,1546,1814
06037267101,1189400,2667,3628,109,28,111,82,853,85,14,35,23,495,68,1692,162,2891,0.4279,15,1348,3298.0,6198.0,8,1505,378,2891,2658,2891,593,1348,7,25,55,60,52,0,6,0,77,101,49,38,23,51,54,95,37,40,126,22,2891,396,99,1348,1505
06037267102,1222500,2867,4001,136,25,46,44,661,84,84,55,10,874,102,1711,361,2957,0.5702,25,1535,4920.0,7320.0,0,1644,171,2957,2669,2938,541,1535,22,53,45,0,18,17,38,8,25,153,29,123,101,46,70,26,62,73,38,19,2957,747,127,1535,1644
06037267201,989700,2729,2316,107,161,81,83,1053,47,24,44,11,349,82,1845,153,2832,0.4731,21,1402,1928.0,6002.0,13,1476,297,2832,2469,2767,444,1402,181,68,57,13,0,21,46,50,0,25,68,33,83,86,92,0,33,9,12,0,2832,251,98,1402,1476
06037267202,1158500,3053,3128,75,168,24,96,994,118,45,9,75,611,197,2472,440,3779,0.5085,25,1605,3274.0,7284.0,0,1859,96,3779,2875,3679,712,1605,0,16,81,91,38,58,22,125,81,40,30,62,185,86,118,40,88,12,9,16,3779,479,107,1605,1859
06037267300,748600,2236,2335,172,160,180,165,1922,70,0,0,0,219,442,3066,571,4054,0.4385,72,2141,887.0,6875.0,18,2524,899,4155,3476,4132,319,2141,44,54,73,39,0,64,55,0,64,16,0,15,173,23,179,0,0,0,23,0,4155,178,41,2141,2524
06037267403,882700,2369,2091,129,249,295,109,1705,8,26,18,0,154,504,2716,519,3559,0.4079,36,1859,680.0,6325.0,9,2056,578,3559,2942,3542,301,1859,0,47,28,19,0,76,17,9,85,18,22,89,10,0,51,0,17,10,25,22,3559,101,31,1859,2056
06037267404,920700,2445,1226,66,44,66,324,1504,20,0,0,10,273,209,2597,782,3547,0.4883,46,1777,1324.0,6356.0,59,1947,545,3547,2955,3532,443,1777,5,0,61,0,56,29,51,12,22,36,35,14,15,16,0,125,33,34,0,0,3547,235,38,1777,1947
06037267405,941600,2393,-666666666,212,109,123,105,1291,0,21,12,0,166,35,1868,254,2337,0.4547,122,1457,668.0,4895.0,67,1580,328,2423,1806,2396,174,1457,17,38,38,46,0,29,46,20,66,6,33,30,16,0,0,0,11,0,0,5,2423,118,48,1457,1580
06037267406,980600,2397,1710,86,177,47,146,912,0,24,0,0,194,67,1253,140,1899,0.4701,90,1106,785.0,3585.0,0,1143,395,1932,1450,1932,258,1106,8,7,22,8,12,20,30,45,35,36,75,12,18,2,11,9,32,0,11,0,1932,158,36,1106,1143
06037267502,1238600,2328,3102,205,150,150,107,1233,61,33,42,11,408,164,2285,321,3281,0.5153,44,1641,2148.0,6235.0,11,1790,861,3281,2646,3243,583,1641,25,24,82,52,0,8,39,54,54,0,51,30,19,44,82,0,146,12,34,22,3281,321,87,1641,1790
06037267503,1037500,2387,3250,63,88,103,91,1026,21,43,0,34,170,130,1773,378,2216,0.467,56,1196,692.0,4277.0,0,1243,411,2216,2002,2216,90,1196,18,0,11,0,0,0,24,20,36,0,6,0,41,0,143,0,0,0,0,50,2216,122,48,1196,1243
06037267504,879300,2359,3188,252,106,87,53,1635,29,36,64,46,254,88,2427,313,3568,0.4843,37,1889,1123.0,6083.0,144,1988,803,3568,2966,3487,622,1889,0,0,47,14,14,9,15,69,99,18,0,0,224,41,32,0,136,0,18,28,3568,189,65,1889,1988
06037267600,1188500,2582,1328,164,69,73,21,812,21,22,14,0,560,12,1404,275,2469,0.4178,32,1372,3123.0,6056.0,45,1434,592,2469,2121,2459,391,1372,5,82,141,51,9,0,105,32,126,45,71,101,23,64,65,19,15,28,8,7,2469,528,28,1372,1434
06037267700,1078000,2459,3022,247,176,74,185,1405,29,45,8,90,521,229,2672,293,3704,0.4689,60,1926,2391.0,6975.0,0,2125,353,3753,2883,3649,585,1926,37,38,15,21,9,30,19,47,5,28,28,59,108,16,28,16,109,43,61,0,3753,309,179,1926,2125
06037267800,1684900,3501,3101,115,56,101,31,829,97,152,45,14,867,42,1938,171,3480,0.4736,41,1696,5159.0,7894.0,137,1812,168,3483,2734,3454,638,1696,12,76,81,54,9,29,45,41,171,163,41,32,104,67,94,30,22,137,102,32,3483,651,207,1696,1812
06037267901,1585900,3501,4001,77,4,13,0,702,27,0,160,41,1188,95,1461,330,3106,0.5497,21,1890,7163.0,9926.0,0,2372,129,3106,2544,3090,528,1890,0,0,97,121,162,110,13,57,226,135,164,313,73,31,0,23,58,32,79,67,3106,1046,142,1890,2372
06037267902,1587100,3420,3674,64,147,237,99,922,86,60,26,62,781,120,2208,242,3609,0.4498,28,1703,4606.0,8248.0,0,1908,218,3609,2831,3557,642,1703,15,53,48,9,31,31,130,16,59,82,19,27,70,110,140,0,99,120,95,75,3609,601,174,1703,1908
06037269000,2000001,2301,3826,58,162,147,59,755,96,119,35,84,1330,110,2836,106,4754,0.5089,23,2085,10616.0,12770.0,12,2424,521,4867,4570,4851,1103,2085,125,37,206,119,27,57,20,77,88,74,56,222,149,87,121,78,161,93,91,74,4867,1116,214,2085,2424
06037269100,2000001,2950,2724,45,13,130,33,1171,10,9,25,25,419,179,1957,555,4264,0.5352,70,1590,2488.0,7353.0,0,2050,451,4264,3364,4107,796,1590,24,11,40,98,0,66,35,38,33,86,43,133,449,180,59,52,194,231,109,37,4264,274,145,1590,2050
06037269300,2000001,2727,3708,31,11,0,10,201,169,55,72,16,1227,171,1931,130,3771,0.5147,89,1428,9568.0,10424.0,0,1612,278,3771,3580,3742,1056,1428,74,84,51,111,44,49,44,38,151,85,126,41,139,191,120,65,68,129,94,27,3771,970,257,1428,1612
06037269500,2000001,-666666666,4001,38,0,0,0,61,175,87,80,74,1325,153,1824,19,4202,0.4638,0,1386,9955.0,10332.0,57,1493,339,4202,3740,4152,1080,1386,26,55,157,28,90,18,42,33,169,72,150,82,218,215,256,109,113,238,153,105,4202,1013,312,1386,1493
06037269601,840900,1639,2769,83,39,110,100,909,35,0,18,59,180,134,1966,332,3449,0.4099,85,1089,1156.0,4335.0,0,1198,1862,3465,3252,3386,394,1089,0,43,59,0,22,0,0,16,64,58,42,21,49,35,45,96,197,40,148,45,3465,87,93,1089,1198
06037269602,1221200,2026,1639,90,94,53,34,625,21,0,0,0,192,133,1401,474,2154,0.4134,17,817,1231.0,3572.0,0,1129,977,2217,1963,2217,274,817,45,0,47,27,0,9,24,53,15,3,26,20,70,0,31,6,40,13,105,36,2217,154,33,817,1129
06037269700,1353400,2047,2404,187,185,50,36,793,81,75,21,41,697,166,2308,298,3856,0.4719,27,1490,3986.0,7223.0,0,1708,920,3858,3591,3811,583,1490,40,49,39,0,43,25,23,49,89,84,20,91,55,155,23,31,113,182,116,80,3858,401,227,1490,1708
06037269800,1504700,2364,3469,177,140,123,76,1104,34,24,72,0,351,71,2165,313,3140,0.4354,55,1455,2121.0,5736.0,0,1729,835,3140,2717,3140,434,1455,34,62,10,23,0,0,0,66,23,10,0,0,59,61,42,15,34,106,179,0,3140,245,98,1455,1729
06037269903,953100,2260,2492,142,269,372,293,1836,9,0,11,0,91,235,2454,570,3242,0.4006,70,1927,377.0,5604.0,12,2120,1015,3487,2301,3487,275,1927,0,17,11,0,58,10,17,18,6,0,50,0,121,11,2,32,67,45,47,0,3487,45,15,1927,2120
06037269905,-666666666,2346,-666666666,253,159,201,150,1386,0,0,0,0,13,88,1825,177,2234,0.4064,37,1399,,,24,1625,346,2234,1593,2211,323,1399,0,7,7,18,0,19,0,46,32,7,6,7,23,61,0,0,10,23,30,0,2234,6,7,1399,1625
06037269906,831900,2572,3033,279,322,224,81,1512,19,0,0,33,78,62,2401,102,2985,0.3317,49,1590,302.0,5049.0,0,1733,469,2998,2484,2998,461,1590,0,9,0,16,13,0,11,54,36,26,25,15,37,12,85,0,28,20,48,10,2998,47,31,1590,1733
06037269907,889800,2193,1818,168,202,155,206,1286,11,7,0,0,66,137,1888,282,2553,0.3777,112,1352,246.0,4382.0,0,1510,227,2553,2064,2545,217,1352,25,0,73,19,0,7,27,14,44,6,32,0,0,51,19,21,8,42,22,17,2553,40,26,1352,1510
06037269908,-666666666,1867,-666666666,100,221,286,82,1298,0,0,0,0,15,19,1614,98,1916,0.3182,17,1313,,,0,1478,539,1916,1618,1916,191,1313,0,7,31,9,0,0,11,0,144,53,0,17,23,22,57,23,0,0,0,0,1916,15,0,1313,1478
06037269909,896200,1881,-666666666,128,311,220,63,1234,0,0,0,0,69,72,1570,99,1963,0.378,25,1303,283.0,3920.0,36,1428,678,2088,1845,2074,180,1303,0,16,5,28,9,0,165,0,24,33,0,19,17,0,49,43,5,6,48,0,2088,59,10,1303,1428
06037270101,359500,2373,860,187,231,21,169,966,0,9,22,1,200,16,1252,123,1796,0.3686,49,1166,608.0,3558.0,0,1268,113,1796,1449,1796,128,1166,26,0,16,0,0,0,30,35,16,0,0,0,8,23,64,0,0,0,5,0,1796,176,24,1166,1268
06037270102,878500,2122,3200,221,80,93,36,887,31,20,0,25,170,54,1672,224,2154,0.3916,39,1057,870.0,3349.0,0,1309,482,2154,1979,2154,248,1057,0,11,55,26,0,0,0,26,50,22,20,31,0,0,17,15,0,18,18,55,2154,78,74,1057,1309
06037270200,1244000,1847,3382,91,7,126,31,927,27,11,31,24,328,149,2052,478,3606,0.5338,83,1255,1965.0,5283.0,22,1381,1541,3606,3038,3554,555,1255,51,9,46,21,24,0,14,21,127,41,21,3,63,133,79,60,57,34,139,59,3606,198,91,1255,1381
06037270300,1793000,1488,-666666666,41,76,9,25,390,26,45,34,15,751,120,1460,213,2553,0.5334,48,1141,4824.0,6179.0,13,1254,925,2560,2067,2560,380,1141,13,41,29,19,32,14,18,9,47,30,42,28,71,53,71,61,71,13,96,54,2560,618,109,1141,1254
06037271100,1640800,1754,3388,26,16,33,17,362,68,40,65,37,534,66,1207,206,2277,0.6104,81,896,3268.0,4483.0,12,1039,451,2317,2146,2263,401,896,32,39,84,24,16,69,0,22,90,97,21,5,73,59,88,58,100,11,28,26,2317,371,156,896,1039
06037271200,997800,2508,3966,251,107,79,12,1076,46,12,0,10,161,13,1693,153,2495,0.4338,75,1237,877.0,4325.0,68,1375,795,2495,1702,2417,340,1237,0,36,22,21,0,0,0,27,67,55,0,15,102,93,0,0,80,70,25,0,2495,104,57,1237,1375
06037271300,1488600,2588,3731,121,22,54,80,972,123,84,30,118,1194,210,2864,525,5216,0.5504,51,2166,7027.0,10461.0,79,2208,860,5216,4392,5095,1064,2166,21,96,116,79,9,18,29,57,131,62,38,130,201,140,140,28,177,168,163,53,5216,850,344,2166,2208
06037271400,1770500,3501,2439,16,23,22,0,161,112,230,57,81,1211,44,1499,18,3201,0.44,0,1372,7344.0,8317.0,0,1490,245,3203,3075,3160,812,1372,83,70,78,37,53,45,116,30,71,195,77,88,27,96,105,17,50,151,107,53,3203,994,211,1372,1490
06037271500,2000001,2529,4001,67,111,53,54,565,26,49,27,8,755,78,1360,320,2910,0.5984,25,1320,5346.0,7450.0,49,1401,369,2928,2673,2877,617,1320,17,0,97,136,66,79,34,47,100,79,68,59,23,133,94,21,175,125,96,37,2928,673,82,1320,1401
06037271600,1803600,2243,2731,178,181,165,77,1448,65,48,16,28,613,109,3061,559,4707,0.5371,14,2061,4017.0,8867.0,0,2156,858,5370,3882,5183,1171,2061,8,36,114,6,72,31,0,45,88,107,17,30,174,113,33,23,178,88,53,47,5370,393,220,2061,2156
06037271702,1039100,2282,2019,147,221,146,49,1368,72,43,7,32,517,153,2835,450,3750,0.4592,62,1885,2654.0,7053.0,0,2115,949,4293,2922,4252,663,1885,43,0,66,0,0,0,28,50,30,74,105,28,98,148,64,16,65,42,36,20,4293,395,114,1885,2115
06037271703,1436800,2424,3011,62,192,184,22,908,34,66,13,65,444,55,1963,183,2754,0.3861,18,1352,2137.0,5476.0,16,1397,391,2754,2267,2718,383,1352,12,31,76,37,9,0,55,10,85,46,15,39,48,40,31,31,27,74,85,24,2754,246,198,1352,1397
06037271704,1660600,2644,3233,288,199,226,23,1048,76,72,81,20,343,101,1918,188,2974,0.3687,19,1391,2360.0,5648.0,11,1542,137,2982,2631,2954,617,1391,26,30,1,36,38,0,30,13,47,70,2,4,199,50,71,27,69,231,28,7,2982,283,60,1391,1542
06037271801,1057900,2156,2216,210,69,176,170,1496,9,53,0,36,187,115,2350,550,3368,0.4233,50,1683,1115.0,5527.0,8,2031,1421,3368,2921,3338,487,1683,11,21,0,10,55,26,19,34,90,4,25,23,50,0,143,33,82,10,59,31,3368,91,96,1683,2031
06037271803,806300,2134,-666666666,119,147,304,169,1534,7,8,16,19,101,117,2393,378,3177,0.4192,75,1635,347.0,4637.0,0,1778,922,3188,2745,3188,259,1635,16,82,21,0,0,0,49,7,0,32,22,0,0,54,91,61,34,39,0,42,3188,79,7,1635,1778
06037271804,1444100,2645,4001,144,53,26,0,807,4,9,0,5,229,168,1769,111,2293,0.3895,81,1036,1171.0,4156.0,0,1215,390,2293,1853,2278,282,1036,20,29,17,27,4,0,0,22,8,4,5,16,0,35,47,0,23,78,24,49,2293,118,111,1036,1215
06037271901,1725000,2564,1223,38,157,123,90,897,53,0,14,15,481,50,2110,202,3358,0.4135,97,1378,2855.0,5892.0,0,1428,993,3358,3011,3311,606,1378,83,41,54,34,8,35,44,0,51,8,80,25,46,163,58,129,50,30,86,14,3358,466,15,1378,1428
06037271902,2000001,1919,3183,111,120,176,89,1324,10,30,22,43,537,206,2485,323,3904,0.5292,34,1861,3696.0,7677.0,44,1965,1073,3987,3447,3932,661,1861,47,21,31,92,29,13,10,66,38,79,38,38,86,116,98,48,127,52,51,91,3987,426,111,1861,1965
06037272100,1723500,2672,3024,88,116,71,17,669,111,117,66,48,1188,135,2582,134,4441,0.538,42,1857,7352.0,9845.0,49,1981,1070,4441,3942,4414,782,1857,72,48,30,86,36,57,66,141,54,28,47,74,86,75,115,47,163,147,112,190,4441,878,305,1857,1981
06037272201,1532700,1997,4001,117,68,59,93,713,45,62,7,14,268,149,1330,178,2022,0.5233,49,981,1461.0,3890.0,16,1163,491,2022,1689,2022,330,981,18,10,25,20,10,27,41,55,20,27,19,21,7,65,105,0,8,95,25,6,2022,177,91,981,1163
06037272202,1090500,2126,2350,165,134,195,75,1242,88,10,47,0,321,85,2294,230,3034,0.5461,64,1563,1474.0,5399.0,0,1777,782,3034,2606,3034,308,1563,54,38,22,30,29,11,6,23,7,18,0,17,87,59,0,17,90,26,30,12,3034,256,56,1563,1777
06037272301,1647300,2364,3901,112,118,84,16,811,44,57,48,68,583,94,1894,207,3204,0.4783,38,1394,3870.0,7040.0,14,1493,521,3265,2545,3187,460,1394,74,128,33,24,15,0,60,45,121,0,15,47,80,47,47,38,209,48,35,94,3265,449,131,1394,1493
06037272302,1187500,1839,3400,245,152,310,151,1673,35,47,0,10,222,151,2450,352,3757,0.5206,43,1895,1225.0,6099.0,0,1941,1676,3779,3364,3772,465,1895,33,91,73,17,15,55,44,14,19,59,85,25,35,18,86,41,141,69,52,0,3779,168,54,1895,1941
06037273100,1969100,3454,3413,107,95,99,38,732,74,19,18,26,601,52,2043,294,3019,0.4762,34,1333,3434.0,6209.0,29,1522,461,3026,2513,3018,388,1333,7,52,40,6,19,14,30,33,42,72,23,15,140,21,107,59,48,58,16,54,3026,411,186,1333,1522
06037273200,1944000,3200,2973,112,103,147,70,950,17,11,15,31,490,113,1777,238,2778,0.4753,5,1440,2308.0,5632.0,17,1864,600,2778,2092,2698,447,1440,32,7,55,20,9,62,23,33,45,43,42,66,127,58,27,14,22,0,43,30,2778,309,157,1440,1864
06037273300,2000001,2408,3440,183,29,130,123,1122,44,74,25,3,343,308,1783,460,2857,0.5802,4,1465,1725.0,5682.0,0,1738,443,2857,2442,2844,496,1465,104,33,67,0,9,0,29,66,56,16,11,0,21,0,79,58,84,29,0,53,2857,285,58,1465,1738
06037273403,2000001,1992,4001,52,78,53,33,710,0,15,17,13,186,20,901,290,1348,0.6587,21,896,962.0,2823.0,0,1233,202,1360,1095,1360,103,896,0,27,0,35,5,17,0,0,32,12,46,69,2,0,5,17,0,22,0,0,1360,134,48,896,1233
06037273404,1587400,2220,2438,58,62,0,202,900,99,0,68,0,391,130,1288,137,1508,0.5425,66,1291,1715.0,3701.0,0,1423,26,1508,1190,1508,145,1291,0,16,49,0,0,0,0,0,21,0,0,14,0,0,0,0,0,0,0,0,1508,288,103,1291,1423
06037273502,2000001,2313,4001,211,63,322,90,1432,28,9,22,0,282,68,1906,208,2571,0.4802,52,1714,1672.0,6021.0,0,2074,174,2571,2213,2571,314,1714,11,41,48,18,30,0,42,10,20,28,0,0,26,24,48,50,25,11,21,28,2571,163,109,1714,2074
06037273600,2000001,3454,3507,43,54,52,36,515,74,26,11,20,636,91,1378,84,2131,0.5442,0,1151,3555.0,5495.0,0,1197,342,2138,1819,2138,359,1151,23,10,52,45,25,0,27,82,106,28,0,0,0,130,45,18,47,0,64,54,2138,541,95,1151,1197
06037273700,2000001,2639,4001,25,149,58,82,698,60,90,76,0,519,168,1792,118,2751,0.47,40,1217,3223.0,5869.0,8,1387,504,2751,2247,2682,437,1217,0,32,90,10,9,11,63,19,10,18,0,31,88,50,46,88,41,90,51,11,2751,340,167,1217,1387
06037273800,1682100,2522,2875,115,143,119,188,1068,4,20,26,9,418,158,2065,290,2945,0.5258,53,1486,2468.0,5806.0,12,1675,627,2945,2449,2889,437,1486,25,18,31,19,68,0,34,24,44,7,23,22,41,79,45,32,108,37,79,25,2945,267,143,1486,1675
06037273902,2000001,2681,4001,155,118,55,34,1313,167,75,106,15,1095,239,2607,675,4238,0.5209,115,2408,5931.0,10922.0,0,2701,322,4238,3472,4238,824,2408,20,65,61,100,121,142,89,48,110,84,36,22,0,152,76,57,0,84,110,20,4238,943,152,2408,2701
06037274100,1621000,3487,4001,54,92,105,120,1197,97,68,27,40,849,130,2417,416,4360,0.5074,14,2046,4402.0,8682.0,0,2620,425,4365,3940,4365,650,2046,19,39,55,39,38,43,98,39,22,81,57,13,223,251,35,11,119,148,70,0,4365,654,195,2046,2620
06037274202,1688500,2927,4001,116,57,144,105,1249,9,156,28,44,1004,318,2481,366,3858,0.5171,45,2253,5730.0,10605.0,0,3045,574,3858,3456,3796,714,2253,63,43,158,14,35,70,134,46,196,130,87,64,140,51,61,63,31,73,27,17,3858,886,104,2253,3045
06037275101,1164600,2250,1897,88,22,15,31,288,0,37,16,9,169,51,594,31,935,0.4429,67,457,877.0,1836.0,0,519,148,935,856,935,171,457,5,42,23,50,7,34,10,18,21,24,18,16,6,9,6,0,15,2,8,19,935,113,56,457,519
06037275102,1591000,1989,2716,63,231,61,142,871,46,94,62,0,463,104,2259,810,4043,0.4573,11,1334,2177.0,4926.0,97,1383,2671,4043,3706,3960,575,1334,9,26,30,45,19,0,12,60,36,9,11,1,135,173,128,97,177,191,184,56,4043,277,148,1334,1383
06037275200,1196400,2024,3060,179,267,127,101,1329,35,29,37,8,329,151,2530,206,3793,0.4346,42,1658,1643.0,6153.0,0,1751,1674,3793,3062,3771,504,1658,67,50,84,23,0,26,28,109,11,64,11,0,90,138,118,85,54,24,59,28,3793,219,110,1658,1751
06037275311,1426100,2097,1778,91,407,87,201,1483,58,63,69,46,1078,133,2570,423,4805,0.4825,122,2561,6722.0,11033.0,78,2643,1080,4805,4181,4740,928,2561,55,47,24,127,57,86,43,116,83,86,217,60,150,53,104,66,59,70,85,115,4805,875,175,2561,2643
06037275312,1180100,3501,3722,85,118,29,31,615,70,23,40,10,443,23,1500,49,2042,0.4312,0,1058,2648.0,4900.0,0,1105,102,2042,1351,1993,353,1058,14,31,0,0,27,10,11,35,35,23,14,19,67,13,0,0,66,21,9,0,2042,361,82,1058,1105
06037275313,1355300,2964,2898,36,39,51,39,462,151,99,154,75,1239,55,1762,584,3505,0.4507,19,1701,6217.0,7943.0,0,1823,890,3583,3176,3510,685,1701,14,74,89,101,78,7,72,40,137,55,110,90,146,4,0,8,74,50,27,16,3583,877,322,1701,1823
06037275400,1162800,3501,3679,168,297,81,37,1414,101,58,36,119,975,30,3112,488,4487,0.4715,21,2389,4167.0,8383.0,74,2676,600,4487,3686,4423,698,2389,0,48,57,63,0,11,45,104,66,77,0,63,114,165,22,24,137,120,94,0,4487,650,287,2389,2676
06037275500,1059600,1111,2875,132,100,218,172,1327,43,64,90,0,429,88,2214,1088,4974,0.5381,155,1756,2537.0,7612.0,0,1850,3323,5102,4887,5090,708,1756,46,20,118,53,10,15,39,125,103,20,138,26,200,189,286,40,164,352,143,37,5102,229,188,1756,1850
06037275603,1169600,2214,2634,36,79,21,28,515,113,66,40,21,703,63,1626,159,2778,0.4335,51,1218,3908.0,5880.0,0,1314,773,2778,2534,2766,536,1218,8,32,40,25,34,67,8,31,39,82,0,94,96,126,10,8,76,63,60,11,2778,541,155,1218,1314
06037275604,1191900,3501,4001,381,436,248,391,3350,223,65,307,103,1569,277,6501,628,10233,0.4341,193,4919,7036.0,18080.0,55,5451,1240,10392,8166,10095,2180,4919,90,66,69,111,55,114,0,91,170,62,146,134,418,182,134,44,660,416,279,99,10392,797,703,4919,5451
06037275605,1776900,3028,4001,139,147,134,158,1325,73,16,14,0,382,221,1815,439,2876,0.4613,10,1707,2256.0,6614.0,0,2030,568,2878,2588,2831,446,1707,0,32,0,9,8,34,14,0,172,50,0,30,85,27,0,10,82,10,0,29,2878,346,36,1707,2030
06037276000,1327400,3140,3173,223,190,117,106,1355,94,294,79,81,1594,279,4034,332,6608,0.4338,127,2949,10076.0,14822.0,0,3196,944,6682,5963,6650,1563,2949,61,114,174,89,41,0,134,103,281,107,25,78,204,222,107,50,159,105,297,35,6682,1212,343,2949,3196
06037276101,674300,2773,2174,113,353,143,164,1850,61,0,0,0,99,142,2652,285,3424,0.3807,242,1949,264.0,6082.0,0,2050,668,3424,2663,3363,381,1949,0,0,46,9,24,0,0,0,40,9,16,0,133,18,97,51,0,31,0,19,3424,71,28,1949,2050
06037276102,1184300,2525,2489,227,111,58,67,1181,77,21,13,73,472,184,2070,431,3365,0.4073,63,1653,2775.0,7217.0,17,1777,605,3365,2850,3323,315,1653,78,47,60,45,67,4,56,111,44,33,18,44,63,44,179,46,52,120,50,7,3365,350,122,1653,1777
06037276400,1626400,3501,2974,96,0,84,0,348,91,133,131,32,1125,95,2189,302,4433,0.3819,9,1473,7476.0,9593.0,22,1592,583,4448,3647,4419,867,1473,41,122,62,58,54,60,40,23,82,151,86,135,111,131,192,34,162,156,92,30,4448,737,348,1473,1592
06037276500,1368800,2539,3168,19,12,14,38,282,35,81,41,66,459,208,2551,417,2142,0.4634,20,741,2816.0,4233.0,13,767,1126,5508,3224,5482,394,741,34,43,33,47,6,14,30,5,52,50,33,61,10,46,30,30,113,33,31,85,5508,353,100,741,767
06037276601,1906600,2720,3900,173,77,26,44,693,78,138,46,5,1016,192,2371,251,4101,0.5281,72,1709,7688.0,10957.0,0,1844,672,4101,3698,4101,898,1709,16,47,55,101,19,104,52,86,86,76,80,56,41,151,153,84,82,129,85,41,4101,855,152,1709,1844
06037276605,802700,2917,2401,102,116,153,58,817,68,19,32,19,495,286,1584,101,2461,0.3389,31,1312,1905.0,5232.0,0,1386,322,2461,1790,2436,308,1312,0,166,19,53,25,0,176,20,19,65,32,0,39,40,8,0,25,0,0,0,2461,392,74,1312,1386
06037276606,889800,2759,3519,207,113,82,68,1056,92,54,184,45,787,54,2332,112,3384,0.4284,51,1843,3812.0,7646.0,0,1884,1115,3384,2538,3370,715,1843,44,27,15,13,30,4,91,55,76,36,38,96,182,0,0,0,0,0,38,9,3384,708,53,1843,1884
06037276607,1287700,2878,2809,55,144,46,53,1031,13,111,8,55,353,97,1923,571,2837,0.4524,63,1384,2325.0,5144.0,0,1576,300,2879,2240,2814,381,1384,0,21,17,20,0,0,21,32,34,6,2,0,31,53,0,12,215,40,26,17,2879,238,115,1384,1576
06037276608,641900,2309,2721,24,35,54,76,560,57,0,19,74,519,111,1318,228,1779,0.4783,0,1079,2236.0,3690.0,17,1184,339,1874,1493,1874,236,1079,32,14,20,36,0,32,6,41,26,34,21,11,0,100,0,17,0,24,36,0,1874,427,92,1079,1184
06037277000,1564900,3462,3343,0,48,99,106,605,150,158,41,22,1549,146,3031,419,6014,0.4578,12,2154,10605.0,13585.0,74,2354,1234,6014,5595,5990,1376,2154,71,111,227,52,22,0,45,117,155,43,65,85,101,205,182,131,56,214,133,136,6014,1156,358,2154,2354
06037277100,1119700,3501,3246,126,12,3,0,255,92,102,108,108,852,139,1718,155,3274,0.4003,0,1107,4912.0,6186.0,0,1175,487,3285,3023,3244,745,1107,17,15,71,11,23,25,11,36,134,27,40,69,348,80,30,44,191,61,11,27,3285,569,246,1107,1175
06037277200,511100,1925,2663,24,42,70,138,763,18,25,27,10,203,58,1049,221,1796,0.4273,35,966,832.0,3675.0,61,1195,505,1796,1499,1796,183,966,89,0,39,25,0,13,6,42,26,0,12,78,0,11,72,63,37,0,33,23,1796,180,23,966,1195
06037277400,-666666666,-666666666,-666666666,0,0,0,0,0,0,0,0,0,0,0,0,0,0,-666666666.0,0,0,-666666666.0,-666666666.0,0,0,0,0,0,0,0,0,0,0,0,0,0,0,0,0,0,0,0,0,0,0,0,0,0,0,0,0,0,0,0,0,0
06037278001,1088900,2595,2594,78,80,10,7,481,65,85,44,31,607,27,1406,342,2349,0.5161,6,1088,3472.0,5261.0,9,1299,710,2349,2193,2340,509,1088,19,76,23,9,10,9,19,9,53,34,28,95,35,51,67,75,59,58,16,24,2349,448,159,1088,1299
06037278102,1941900,2983,3868,183,126,61,53,781,43,17,61,18,650,97,2025,137,2973,0.4022,66,1431,4500.0,7656.0,0,1646,363,2973,2523,2930,752,1431,57,84,175,94,34,0,73,44,91,71,29,9,74,59,29,32,58,30,36,18,2973,510,140,1431,1646
06037291110,809400,1257,3568,188,43,175,59,1161,23,23,22,0,224,286,1965,965,4093,0.5022,126,1385,1439.0,5662.0,0,1509,2164,4192,3817,4111,322,1385,10,11,0,54,0,19,22,46,87,6,27,14,107,44,173,144,323,193,270,194,4192,156,68,1385,1509
06037291120,681800,1563,2511,101,47,43,32,442,15,13,35,0,180,104,1162,203,2025,0.4087,51,622,1034.0,2612.0,0,656,1407,2041,1920,1997,215,622,10,0,15,27,9,0,8,5,45,39,6,4,32,60,61,46,43,77,79,40,2041,92,73,622,656
06037291130,596900,1911,1778,90,0,79,21,323,26,81,55,35,668,160,1775,274,3217,0.4296,18,991,3331.0,4705.0,91,1058,1971,3233,3141,3220,472,991,25,24,56,30,18,29,48,45,70,44,66,51,61,104,98,88,113,77,58,17,3233,327,260,991,1058
06037291210,710400,1745,2596,59,208,65,36,844,41,70,44,55,865,75,2677,558,4760,0.4297,24,1709,4585.0,7705.0,0,1753,2095,4766,4433,4713,607,1709,113,85,20,0,26,38,55,48,120,56,65,19,124,82,134,34,134,120,63,74,4766,428,342,1709,1753
06037291220,698900,1431,2425,116,68,22,56,661,48,20,88,0,402,79,1486,601,2942,0.4364,90,1063,2264.0,4948.0,0,1094,1663,2942,2798,2936,443,1063,17,23,50,62,22,21,65,59,77,83,17,79,98,60,72,31,39,33,118,58,2942,279,109,1063,1094
06037291300,686100,1651,1880,9,26,74,0,239,196,61,45,40,881,85,1615,201,3019,0.4258,28,1120,5344.0,6288.0,0,1143,863,3025,2833,2942,596,1120,38,40,22,121,4,121,28,16,50,128,26,110,122,14,39,21,104,120,44,38,3025,554,302,1120,1143
06037292001,778800,1756,-666666666,39,136,101,124,1107,24,0,4,49,237,335,2233,1456,4422,0.4817,76,1344,1026.0,5106.0,0,1469,2638,4511,3898,4402,488,1344,77,91,46,52,28,0,40,55,35,25,47,15,141,85,209,205,163,179,123,107,4511,124,75,1344,1469
06037292002,796900,2450,2121,21,7,13,48,130,68,10,0,104,404,84,1012,212,1965,0.3476,0,534,2282.0,2914.0,0,545,1100,1968,1866,1954,269,534,27,7,32,17,23,17,42,9,10,31,11,33,60,132,27,17,42,162,54,11,1968,203,177,534,545
06037293203,851200,1474,2316,91,9,60,57,561,26,52,90,37,444,86,1622,396,2780,0.3911,17,1005,2254.0,3937.0,5,1236,1642,2785,2499,2712,444,1005,12,17,33,18,22,0,0,0,13,5,39,28,133,58,52,68,81,102,59,32,2785,156,275,1005,1236
06037293204,676700,1846,1180,0,66,55,45,586,61,17,35,0,417,109,1784,240,3694,0.3265,14,1003,2411.0,4554.0,27,1112,2408,3694,3670,3694,589,1003,15,56,45,0,28,94,26,64,0,0,32,44,219,61,198,9,59,256,50,446,3694,122,113,1003,1112
06037293205,458300,1839,-666666666,41,84,103,94,948,23,0,0,13,173,102,1886,411,3372,0.3863,109,1121,752.0,4517.0,0,1242,2196,3372,2919,3323,420,1121,29,33,0,0,20,0,13,24,32,21,0,3,156,134,59,33,99,65,53,59,3372,104,33,1121,1242
06037293206,810900,1810,-666666666,73,33,77,20,600,38,16,0,6,194,128,1433,621,2662,0.4438,85,794,1208.0,3717.0,19,808,1511,2696,2385,2696,262,794,6,42,31,16,11,15,21,45,37,0,10,5,58,117,58,39,46,103,88,55,2696,176,8,794,808
06037293301,701800,1769,2357,27,19,39,13,243,30,81,45,28,711,94,1232,84,2549,0.4879,68,954,3781.0,4672.0,12,1010,457,2556,2390,2556,550,954,19,9,77,68,28,2,51,91,132,117,27,16,21,84,43,87,32,90,92,72,2556,443,258,954,1010
06037293302,673600,2413,2437,46,83,15,38,543,19,102,38,34,1042,130,2447,394,4474,0.4974,10,1585,5826.0,8561.0,11,1677,2050,4496,4138,4453,937,1585,18,78,43,155,17,18,69,52,203,83,11,47,114,141,109,61,53,140,175,140,4496,740,275,1585,1677
06037293304,788700,1415,2174,121,100,50,255,1136,9,11,79,8,439,230,2726,696,4796,0.4655,14,1575,2243.0,5796.0,0,1648,3092,4796,4272,4720,732,1575,54,8,108,0,7,5,44,88,41,63,9,23,90,92,132,129,245,261,168,38,4796,164,204,1575,1648
06037293306,801500,1868,1664,36,58,5,9,230,33,35,23,26,645,179,1344,108,2414,0.3778,11,875,3741.0,4653.0,0,897,883,2424,2059,2418,425,875,35,41,35,3,16,32,29,41,44,12,25,48,55,100,97,7,98,25,28,26,2424,491,152,875,897
06037293307,498600,1480,2176,29,89,56,77,634,34,25,32,8,267,100,1471,374,2532,0.4595,20,901,1172.0,3464.0,0,947,1679,2532,2445,2532,363,901,40,7,63,27,6,0,0,18,22,30,8,0,145,42,184,4,44,89,108,23,2532,175,85,901,947
06037294110,603400,1717,1628,12,35,75,50,456,77,0,24,8,603,176,1783,635,3866,0.517,50,1059,3650.0,5280.0,0,1059,3300,3866,3702,3810,468,1059,67,52,69,7,34,9,67,45,78,20,20,18,106,194,212,41,42,213,119,33,3866,212,312,1059,1059
06037294120,618400,1642,1608,78,48,32,22,390,25,7,25,0,212,88,1212,509,2614,0.4396,19,602,1079.0,2604.0,0,602,2374,2618,2590,2614,330,602,30,31,16,30,5,5,22,49,14,56,15,0,101,90,117,111,51,141,67,17,2618,79,95,602,602
06037294200,636300,1228,1417,66,54,10,76,595,56,93,63,74,762,168,2410,666,4306,0.3616,20,1357,4176.0,6280.0,0,1455,3928,4306,4119,4282,623,1357,63,104,77,88,40,26,42,51,169,9,11,26,72,56,122,56,150,165,123,141,4306,325,346,1357,1455
06037294301,605900,1241,1584,0,0,18,0,120,37,53,37,42,519,52,1347,71,2798,0.3231,4,639,3019.0,3426.0,0,639,2453,2798,2708,2750,382,639,15,29,44,48,15,10,0,39,87,48,7,0,160,115,116,108,96,119,108,12,2798,163,188,639,639
06037294302,553900,1446,1400,66,24,46,133,587,65,60,46,9,659,106,2512,501,4490,0.422,124,1246,3519.0,5696.0,0,1258,3833,4490,4054,4420,652,1246,31,45,41,29,13,6,18,46,81,44,2,19,148,189,123,94,250,124,146,17,4490,361,257,1246,1258
06037294410,499000,1518,2113,128,91,152,108,923,100,69,41,46,709,386,2406,1038,5142,0.4664,181,1632,3637.0,7908.0,0,1715,2532,5142,4745,5054,684,1632,95,49,29,73,0,0,113,49,74,46,7,60,118,65,305,145,215,233,206,67,5142,468,241,1632,1715
06037294421,453200,1679,2286,83,62,52,45,607,11,25,39,42,357,68,1410,486,2694,0.3393,39,964,1477.0,3558.0,12,996,1738,2694,2476,2694,387,964,13,0,87,26,10,6,67,19,41,66,22,9,16,72,113,46,129,99,116,44,2694,209,106,964,996
06037294510,598400,1334,2511,26,130,37,56,692,71,16,43,22,425,51,1778,1042,4361,0.4118,110,1117,2386.0,4623.0,0,1191,3938,4361,4118,4331,672,1117,10,5,28,53,48,68,29,44,25,45,42,21,144,293,181,212,121,146,254,75,4361,87,274,1117,1191
06037294520,616500,1572,2359,14,60,60,40,587,18,17,48,11,309,163,1726,626,3563,0.4562,35,896,1753.0,3920.0,0,932,3369,3563,3454,3553,554,896,28,31,54,58,13,3,45,14,64,37,0,0,130,142,138,141,86,125,155,104,3563,87,177,896,932
06037294610,667900,1404,1488,119,6,205,38,783,50,71,19,0,412,395,2141,633,4359,0.452,36,1195,2070.0,4630.0,0,1204,4044,4359,3757,4268,700,1195,55,55,77,38,12,75,10,93,85,65,56,42,196,166,130,104,113,148,107,33,4359,106,213,1195,1204
06037294620,605700,1649,1864,22,124,82,0,629,11,103,0,8,429,96,2120,181,3860,0.3787,14,1058,2107.0,4916.0,69,1115,3409,3860,3604,3824,567,1058,41,59,81,8,41,19,57,61,65,47,16,19,68,85,156,114,9,60,100,127,3860,136,218,1058,1115
06037294701,479200,1303,1141,77,22,45,58,759,0,9,0,39,190,166,1266,870,2692,0.4645,31,949,955.0,3386.0,0,1000,2340,2692,2469,2660,286,949,29,41,33,56,4,11,20,19,42,70,17,40,83,75,140,64,90,55,38,43,2692,87,94,949,1000
06037294810,630300,1411,2669,57,61,49,72,870,21,0,20,0,120,78,1609,758,3750,0.4091,43,990,661.0,3600.0,0,1034,3607,3830,3303,3684,371,990,0,7,80,40,0,4,24,50,106,4,2,4,237,211,181,20,107,283,208,87,3830,36,54,990,1034
06037294820,404800,1296,-666666666,66,52,96,106,888,0,0,3,0,80,54,1349,1491,3275,0.4322,50,968,356.0,3148.0,0,999,3145,3275,2965,3224,390,968,11,0,37,3,21,7,23,25,40,0,21,7,199,209,206,121,102,141,98,70,3275,67,10,968,999
06037294830,577000,1446,2173,76,107,67,45,775,20,8,38,20,221,45,1675,732,3896,0.4125,47,996,1344.0,4037.0,0,1048,3474,3927,3762,3833,468,996,71,13,4,21,22,0,12,23,62,44,11,5,139,268,280,140,159,207,113,84,3927,69,136,996,1048
06037294900,528200,1356,1780,72,47,106,68,760,42,6,16,0,278,120,1678,1285,3993,0.5388,69,1038,1459.0,4667.0,0,1064,3381,4045,3806,3984,477,1038,0,0,120,36,15,0,13,18,100,16,29,47,139,158,262,62,171,183,221,148,4045,119,122,1038,1064
06037295103,710100,3145,2876,83,14,65,147,560,181,132,197,83,1561,126,2461,184,5081,0.4127,54,2121,8478.0,11237.0,0,2187,1446,5081,4418,4990,1117,2121,27,114,82,23,99,91,79,91,128,41,97,100,135,131,122,112,213,109,38,48,5081,1166,395,2121,2187
06037296210,613000,1219,2130,29,95,63,93,855,0,53,80,9,251,140,1708,619,3363,0.3911,67,1106,1390.0,4642.0,0,1124,2707,3365,3106,3325,448,1106,37,18,24,42,17,6,0,45,23,17,4,14,193,140,245,40,41,39,209,0,3365,135,116,1106,1124
06037296220,463200,1110,1825,212,116,302,165,1788,0,20,16,0,60,130,1828,983,4104,0.4736,206,1848,112.0,6534.0,55,2047,2528,4124,3465,4124,383,1848,0,88,34,27,152,26,248,39,132,45,40,83,68,50,202,91,0,150,80,84,4124,0,60,1848,2047
06037296300,653200,1811,3175,75,68,101,56,643,48,141,99,86,1308,167,2307,343,5091,0.4703,77,1951,7292.0,9901.0,0,2042,2071,5103,4571,4993,1018,1951,22,123,72,26,93,14,75,77,137,92,3,130,332,129,152,151,109,60,215,151,5103,1022,261,1951,2042
06037296401,841000,1668,1935,0,10,31,0,194,100,133,66,92,1113,95,1604,387,3178,0.4967,11,1307,6167.0,6899.0,0,1387,1057,3251,3066,3201,647,1307,50,45,103,42,129,21,85,71,138,95,89,92,82,122,0,49,133,20,45,82,3251,831,253,1307,1387
06037296402,806100,2298,3062,37,54,0,36,257,223,133,24,72,879,127,1665,74,3131,0.3317,42,1136,5062.0,6158.0,0,1198,1314,3175,2945,3079,735,1136,30,38,0,60,17,43,106,45,67,31,9,63,108,149,38,52,134,54,180,29,3175,582,288,1136,1198
06037296500,789400,1517,2184,213,44,83,21,811,50,33,61,57,479,57,1884,485,3736,0.4796,36,1290,2887.0,5392.0,0,1346,2970,3746,3330,3643,502,1290,66,57,29,60,10,0,10,74,76,41,0,23,203,132,132,15,108,170,133,74,3746,247,198,1290,1346
06037296600,718800,1494,-666666666,175,138,134,103,1731,47,24,20,0,409,275,2773,1370,5351,0.5334,147,2140,1926.0,7674.0,0,2194,3510,5368,4556,5305,585,2140,47,43,45,65,51,0,118,78,58,49,27,25,270,178,43,58,128,146,234,141,5368,263,142,2140,2194
06037296901,717800,1572,2366,157,89,189,42,1336,18,33,8,27,231,281,2375,676,4202,0.4309,189,1567,1177.0,6279.0,0,1669,3072,4202,3753,4196,509,1567,35,35,62,10,0,13,89,4,60,58,17,15,26,158,165,69,60,161,87,272,4202,148,83,1567,1669
06037296902,735700,1540,2912,177,104,56,47,1251,32,76,11,15,368,301,2789,855,4792,0.4543,131,1619,2218.0,6550.0,0,1684,3142,4792,4149,4724,595,1619,16,8,25,48,16,10,0,43,64,52,32,81,102,234,71,83,16,96,354,213,4792,220,102,1619,1684
06037297001,960900,3063,3686,14,4,20,0,184,98,65,33,43,436,37,871,179,1694,0.4041,0,620,2950.0,3766.0,0,626,410,1694,1531,1610,385,620,13,6,37,12,12,0,11,14,37,0,4,0,89,49,12,39,53,62,77,69,1694,333,103,620,626
06037297002,883900,2114,2533,213,210,56,19,894,110,123,95,53,869,85,2530,403,4508,0.3997,26,1763,5019.0,8727.0,0,1763,1669,4508,3626,4444,834,1763,9,30,74,66,51,113,57,77,62,114,40,38,28,67,69,26,326,284,347,0,4508,751,118,1763,1763
06037297110,685500,1327,3000,80,137,108,139,1215,17,24,61,44,362,244,2143,1516,4508,0.4389,141,1577,1969.0,6978.0,16,1674,3021,4584,4064,4584,458,1577,46,100,118,17,27,72,102,40,107,39,47,59,90,110,172,112,14,148,178,81,4584,187,169,1577,1674
06037297120,704600,1626,2489,64,25,77,100,732,45,90,49,17,381,123,1988,698,3506,0.4567,154,1113,1865.0,4722.0,35,1121,2241,3517,3229,3503,455,1113,61,45,140,13,0,0,67,50,29,51,49,0,103,98,76,59,42,74,68,89,3517,157,224,1113,1121
06037297201,657200,1699,2244,50,168,84,58,925,33,48,12,63,448,74,1830,552,3784,0.3972,40,1373,2229.0,5675.0,0,1469,2302,3964,3593,3956,450,1373,30,13,32,58,41,47,11,15,47,145,50,20,93,228,117,13,86,205,75,52,3964,359,69,1373,1469
06037297202,757300,1927,2637,114,91,207,71,1016,49,56,38,9,596,45,2178,441,4103,0.4523,84,1612,3476.0,7740.0,0,1737,1985,4112,3711,4066,504,1612,29,43,168,42,63,24,51,21,100,51,33,12,168,106,92,118,79,156,108,17,4112,465,123,1612,1737
06037297300,937500,3228,2622,9,29,91,33,391,37,18,8,41,415,60,724,82,2047,0.4725,7,806,2415.0,4651.0,24,885,673,2074,1689,2074,402,806,48,53,57,14,1,45,55,19,47,50,10,56,56,61,100,82,85,65,90,19,2074,358,45,806,885
06037297400,1063400,2164,3044,11,0,18,11,283,237,142,68,65,1478,128,1746,318,3607,0.4696,27,1761,8863.0,10071.0,0,1776,844,3607,3420,3607,858,1761,109,83,194,88,61,58,64,114,208,129,89,228,39,0,17,48,69,60,101,69,3607,1234,244,1761,1776
06037297501,906900,3083,2933,8,59,7,0,187,124,90,32,71,810,52,1565,133,2586,0.4417,0,997,4915.0,5739.0,0,1096,994,2586,2481,2580,525,997,26,109,68,57,39,17,58,61,27,69,21,62,6,83,57,40,26,30,24,14,2586,566,244,997,1096
06037297502,916000,1899,3491,101,40,44,36,499,67,118,30,46,543,99,1550,231,2602,0.4117,49,1042,2832.0,4824.0,0,1057,859,2602,2270,2575,485,1042,0,0,82,18,60,14,26,17,54,24,33,32,47,61,153,60,18,100,55,64,2602,463,80,1042,1057
06037297601,890900,2108,3084,72,65,69,99,1001,75,44,10,0,282,77,1649,77,3508,0.4822,0,1283,1609.0,6049.0,10,1370,1591,3556,2536,3482,576,1283,17,101,27,24,26,9,3,9,64,19,0,64,117,149,40,45,169,206,223,69,3556,233,49,1283,1370
06037297602,792300,1689,2128,89,185,170,121,1012,41,93,95,16,609,56,1912,456,3558,0.4333,21,1621,3061.0,7045.0,0,1832,1641,3575,3224,3575,617,1621,87,61,80,80,6,13,12,144,125,38,49,28,110,101,53,6,91,94,115,58,3575,405,198,1621,1832
06037300100,1398700,2400,2946,108,0,86,0,405,199,153,87,103,1802,328,3169,303,6469,0.3881,31,2207,11765.0,13821.0,0,2207,788,6511,5641,6376,1500,2207,197,33,325,96,58,24,134,38,50,162,94,119,170,329,357,125,151,241,177,48,6511,1188,586,2207,2207
06037300200,1133500,2092,2835,72,56,43,111,571,173,127,146,52,1370,261,2979,145,5550,0.4404,49,1941,8756.0,11224.0,0,1966,867,5550,4881,5434,1175,1941,211,46,75,67,22,67,203,163,98,132,55,80,223,224,185,94,231,118,83,35,5550,964,371,1941,1966
06037300301,1091800,3223,3229,60,20,0,13,261,224,224,166,67,1712,31,3063,212,5834,0.439,76,1973,9325.0,10562.0,0,2073,336,5834,5266,5790,1444,1973,29,76,149,49,31,77,115,131,63,57,97,139,222,75,268,56,86,316,291,215,5834,979,654,1973,2073
06037300400,999300,2788,3314,39,105,0,7,432,198,166,44,76,1401,236,2777,60,5792,0.4106,58,1833,8160.0,9912.0,0,2075,944,5810,5394,5702,1321,1833,87,59,129,81,12,0,37,45,85,120,20,49,288,358,239,135,285,161,238,202,5810,829,536,1833,2075
06037300501,1003200,2556,2917,0,0,65,8,412,29,79,89,91,598,74,1610,127,2903,0.4078,33,1010,3534.0,5261.0,0,1096,545,2911,2660,2911,524,1010,28,39,78,40,0,13,60,48,53,18,16,50,22,102,144,122,61,81,131,46,2911,297,283,1010,1096
06037300503,864700,2142,2910,133,281,45,157,1696,147,51,90,87,549,148,2633,578,4827,0.4542,95,2245,2796.0,9080.0,25,2317,894,4968,4475,4953,816,2245,78,25,110,0,41,48,94,99,198,50,45,56,159,270,295,34,126,85,298,97,4968,340,185,2245,2317
06037300601,718500,2347,2671,155,74,127,76,1315,134,9,165,53,817,234,3331,978,5826,0.4745,140,2132,4194.0,9221.0,0,2280,1053,5899,5351,5884,1170,2132,48,34,79,15,13,6,208,102,64,94,23,50,260,96,191,100,50,164,163,302,5899,426,346,2132,2280
06037300602,1107300,2616,2847,25,0,50,44,528,79,116,31,36,693,174,1685,192,3123,0.4188,41,1221,4609.0,6879.0,0,1302,537,3251,2992,3206,784,1221,19,51,41,175,14,114,37,64,80,133,21,48,104,129,29,51,97,85,64,102,3251,491,202,1221,1302
06037300701,1586100,2317,3468,31,50,13,0,397,107,146,84,127,1698,122,2701,636,5116,0.4836,78,2095,12418.0,14174.0,0,2176,365,5129,4584,5129,1194,2095,34,47,167,108,116,35,42,169,268,101,40,157,97,114,65,26,83,212,170,39,5129,1516,182,2095,2176
06037300702,1479400,3501,3533,0,0,78,0,306,113,42,60,239,1708,156,2334,167,5450,0.3906,53,2014,13298.0,15114.0,0,2253,419,5450,4997,5432,1340,2014,130,176,46,116,43,143,16,262,156,117,57,284,89,172,241,138,42,101,186,76,5450,1403,305,2014,2253
06037300800,1159300,2304,3374,116,244,196,266,1396,319,111,55,6,1309,534,3929,238,7104,0.4035,73,2705,9006.0,14358.0,0,3015,1186,7139,6540,7019,1177,2705,15,44,68,119,39,83,56,131,275,138,174,84,226,94,265,141,134,58,159,452,7139,970,337,2705,3015
06037300901,1398400,3402,2959,0,11,0,0,144,59,182,132,39,1901,185,2909,156,5475,0.4023,68,2045,13260.0,14105.0,0,2161,389,5475,5389,5448,1409,2045,62,250,259,66,201,83,239,86,182,83,151,89,115,103,236,20,54,115,67,99,5475,1464,338,2045,2161
06037300902,1296100,3501,4001,0,10,5,17,112,52,35,86,9,636,102,1168,75,2077,0.393,7,748,4474.0,5151.0,5,803,202,2077,1920,2071,494,748,5,20,13,103,55,15,0,46,70,64,35,19,18,11,51,66,36,35,104,73,2077,509,127,748,803
06037301000,1177600,2190,3826,118,111,112,153,1021,75,91,36,33,1008,110,3131,336,5502,0.4935,188,2029,6576.0,11011.0,0,2222,1044,5512,4819,5466,995,2029,34,62,225,10,40,63,43,26,72,65,69,121,300,90,95,72,232,179,177,34,5512,855,142,2029,2222
06037301100,1052300,2157,3225,82,66,137,259,1655,100,305,29,52,1130,172,3725,386,7089,0.5735,9,2785,7103.0,14436.0,0,2842,597,7113,5560,7016,1187,2785,80,141,220,95,112,11,17,246,272,180,70,67,265,69,136,114,142,147,126,281,7113,788,342,2785,2842
06037301203,743100,2082,1756,57,122,93,94,979,9,4,61,24,739,83,1841,614,3768,0.5822,7,1718,3968.0,8046.0,0,1900,331,3768,3287,3678,701,1718,51,91,150,121,14,84,40,38,137,164,80,109,97,81,43,17,121,68,52,8,3768,547,185,1718,1900
06037301204,670500,2313,-666666666,231,163,144,76,1799,20,35,24,0,366,140,2557,678,4602,0.4882,165,2165,1872.0,8182.0,0,2236,686,4705,4049,4615,813,2165,72,59,88,37,28,4,41,202,68,180,35,103,75,57,83,66,146,30,58,81,4705,314,52,2165,2236
06037301205,1164600,2474,2651,6,9,0,0,196,55,49,23,12,502,102,1075,82,2078,0.5072,21,698,3276.0,4105.0,0,698,125,2078,1905,2074,457,698,15,53,28,69,54,17,34,54,88,17,34,32,69,55,43,14,59,66,22,50,2078,349,143,698,698
06037301206,1050100,2123,1792,187,104,161,88,1414,0,17,37,0,477,349,3094,516,5510,0.4368,145,1891,2786.0,9017.0,0,1941,606,5510,4934,5486,858,1891,67,66,106,41,68,24,56,197,246,27,75,74,98,125,199,36,65,142,100,73,5510,382,70,1891,1941
06037301300,1676600,-666666666,3696,6,0,5,0,14,57,89,72,32,670,51,999,74,2047,0.4046,10,684,4919.0,5015.0,0,721,165,2047,1936,2038,516,684,23,10,46,27,9,7,45,32,35,40,22,20,14,50,82,47,79,111,124,54,2047,483,187,684,721
06037301400,1264000,3174,3538,8,0,0,5,138,167,99,100,46,1176,98,2068,127,3970,0.4666,48,1314,7844.0,8740.0,16,1329,557,3970,3674,3925,924,1314,10,41,86,102,78,23,56,40,99,41,68,78,76,78,155,84,111,76,155,88,3970,832,329,1314,1329
06037301501,1148100,2841,3148,5,12,0,0,93,64,22,40,21,465,71,949,73,1774,0.4769,5,558,2872.0,3373.0,0,610,234,1774,1674,1760,342,558,11,26,43,44,17,14,50,62,68,38,20,16,12,19,55,41,53,12,38,43,1774,275,173,558,610
06037301502,838500,2171,3015,215,236,120,177,2153,0,10,0,18,228,531,3741,1491,7329,0.4216,290,2381,1276.0,10453.0,0,2532,713,7329,6889,7229,1392,2381,55,84,60,116,50,30,145,156,231,0,62,82,201,197,314,46,125,332,243,50,7329,136,67,2381,2532
06037301601,867900,1860,-666666666,222,48,146,57,1966,40,0,24,0,281,274,2520,1193,5336,0.5096,199,2247,1362.0,8798.0,0,2322,1035,5388,4683,5351,865,2247,66,69,103,166,23,107,66,86,134,169,233,15,113,98,105,24,125,144,233,101,5388,231,37,2247,2322
06037301602,868300,1910,3064,124,125,103,78,1035,35,61,16,16,450,273,2192,388,3563,0.4578,47,1485,2600.0,6784.0,0,1731,1649,3657,3378,3611,408,1485,17,78,105,57,9,18,18,43,44,0,31,67,62,55,147,49,93,92,114,21,3657,306,133,1485,1731
06037301701,935800,1941,2507,98,41,5,38,514,45,66,12,21,489,116,1506,478,2661,0.5405,10,1003,2903.0,5077.0,0,1071,497,2661,2448,2578,446,1003,40,44,19,51,11,18,58,69,75,66,64,65,62,82,0,25,119,95,38,63,2661,274,200,1003,1071
06037301702,760800,2052,2616,122,69,222,65,1572,66,108,23,19,572,378,3400,1016,5929,0.4708,63,2144,3309.0,9968.0,0,2168,1458,6020,5378,5996,870,2144,19,138,82,90,0,23,98,72,194,38,83,86,121,186,171,64,105,177,121,41,6020,314,258,2144,2168
06037301801,561900,2381,1632,127,100,183,223,2095,35,137,0,0,516,158,3060,1321,5625,0.45,93,2611,2047.0,9504.0,0,2989,676,5625,4363,5625,921,2611,21,74,103,100,59,0,94,139,174,71,5,40,122,107,131,111,219,194,106,31,5625,388,128,2611,2989
06037301802,629000,2597,2106,196,209,270,122,2116,29,52,25,0,308,277,3191,1001,5403,0.4988,72,2424,1385.0,9015.0,0,2577,989,5403,4613,5367,588,2424,93,47,31,74,52,3,85,139,45,137,66,0,108,103,100,222,45,16,124,114,5403,199,93,2424,2577
06037301901,715000,2458,2146,94,136,110,16,1141,20,13,27,23,492,128,2028,490,3877,0.4665,58,1633,2027.0,6419.0,0,2095,306,3884,3669,3864,665,1633,32,121,14,45,61,78,44,46,185,108,11,63,134,63,93,101,136,52,39,95,3884,429,39,1633,2095
06037301902,770800,2257,2223,32,94,70,139,738,27,36,37,0,285,255,1497,694,3163,0.4241,24,1023,1669.0,4883.0,6,1207,238,3261,3053,3209,702,1023,0,67,113,51,34,153,25,97,43,28,21,88,174,22,107,64,42,24,157,19,3261,156,122,1023,1207
06037302002,599000,2033,1817,46,33,118,83,1443,29,25,41,13,372,376,2420,1090,3993,0.5142,81,1815,1646.0,6703.0,0,1911,923,4016,3207,3972,721,1815,18,70,22,91,0,43,96,67,63,37,20,39,84,142,107,10,138,34,110,0,4016,285,64,1815,1911
06037302003,632200,2059,1554,35,145,161,64,1389,20,74,0,0,128,29,1628,704,3718,0.4943,46,1517,515.0,6046.0,0,1613,385,3740,3020,3740,672,1517,15,59,110,72,30,43,58,37,52,66,54,83,151,100,65,0,88,142,57,51,3740,39,89,1517,1613
06037302004,613600,1998,2417,22,126,86,94,1275,0,20,41,0,282,351,2109,795,4184,0.4634,132,1557,1378.0,6292.0,0,1664,971,4184,3976,4164,612,1557,47,25,149,17,78,0,87,138,90,104,115,11,61,63,162,124,115,87,24,12,4184,111,98,1557,1664
06037302102,859800,2171,3093,204,120,117,81,1445,100,57,63,15,791,179,3089,508,5849,0.4849,22,2236,4637.0,10380.0,0,2605,1536,5866,4697,5775,1241,2236,204,28,121,60,18,29,120,64,185,49,28,41,236,133,103,76,206,188,133,19,5866,529,150,2236,2605
06037302103,746200,1911,2616,214,171,160,66,1700,33,31,32,7,282,191,2246,983,4993,0.4643,189,1982,1331.0,8480.0,0,2045,1356,4995,4478,4942,817,1982,30,62,101,225,30,49,95,115,227,65,95,99,24,121,107,40,231,140,95,67,4995,187,66,1982,2045
06037302104,648900,2029,2742,97,184,121,111,1161,0,15,29,48,216,132,2018,340,3391,0.3479,107,1377,1247.0,5804.0,0,1427,958,3521,3066,3383,540,1377,37,48,75,31,0,35,11,25,95,35,24,73,140,30,86,39,96,95,87,45,3521,159,34,1377,1427
06037302201,650400,1830,2571,110,107,183,171,1680,10,9,24,0,142,150,1752,758,3718,0.5287,92,1822,737.0,6195.0,0,1878,463,3718,3236,3645,607,1822,20,111,33,64,40,181,35,103,142,118,140,85,36,45,28,43,88,60,90,23,3718,83,50,1822,1878
06037302202,680700,1852,2250,115,127,150,103,1744,10,5,0,59,179,194,2452,1503,4924,0.5011,110,1923,999.0,7209.0,0,1974,1095,4924,4117,4904,693,1923,58,33,158,49,14,41,41,123,120,143,32,18,86,143,140,69,83,89,82,108,4924,36,131,1923,1974
06037302301,734300,2143,2400,72,71,87,70,1116,92,4,10,22,330,163,1908,600,3622,0.5119,95,1446,1518.0,5764.0,24,1516,932,3765,3449,3765,585,1446,58,30,116,94,45,68,50,60,63,148,65,57,91,91,70,46,35,86,71,67,3765,191,139,1446,1516
06037302302,910700,1868,2717,92,107,214,109,1784,0,12,0,28,58,192,2640,1015,5085,0.4564,67,1842,370.0,7440.0,0,1943,2461,5245,4621,5216,686,1842,90,193,101,62,19,0,10,83,48,68,57,93,125,114,182,87,147,241,71,80,5245,56,2,1842,1943
06037302401,682800,1957,2223,523,263,228,242,2614,10,85,0,0,196,367,4329,855,7585,0.4519,90,2810,1173.0,10774.0,12,2961,3278,7673,6436,7673,1224,2810,8,124,118,9,67,77,28,79,139,188,45,29,156,195,123,205,257,49,241,54,7673,98,48,2810,2961
06037302503,633200,1871,2703,101,79,68,88,1282,0,0,19,8,195,316,2011,755,3978,0.475,103,1477,918.0,5875.0,9,1539,839,3978,3776,3978,691,1477,72,92,86,63,6,83,13,54,92,142,47,98,6,55,67,100,49,64,123,82,3978,105,76,1477,1539
06037302504,561200,1827,1953,94,91,92,46,1182,0,0,67,0,182,90,1753,812,3519,0.4805,246,1364,843.0,5256.0,0,1364,1130,3519,3233,3519,507,1364,23,55,27,37,43,25,35,47,58,100,34,43,66,133,73,51,80,35,181,93,3519,73,60,1364,1364
06037302505,984400,1709,3000,213,75,134,137,1249,28,0,17,0,60,84,2219,645,3932,0.4059,51,1309,379.0,5492.0,0,1428,871,3972,3479,3951,672,1309,21,81,115,40,42,20,67,39,190,57,38,19,36,93,134,147,10,25,47,8,3972,60,0,1309,1428
06037302506,965400,1941,3432,60,17,66,93,785,88,60,18,16,358,72,1618,612,3277,0.4799,19,1143,2119.0,5246.0,0,1254,968,3385,3128,3363,625,1143,17,51,51,89,50,0,19,86,65,95,53,149,145,63,120,43,99,109,62,0,3385,212,138,1143,1254
06037310100,1366100,3501,2598,21,0,0,0,91,188,122,188,37,1817,198,2870,290,5530,0.5133,0,1908,13586.0,14135.0,0,2116,952,5535,5131,5514,1478,1908,81,73,153,229,90,60,112,144,227,242,219,78,63,45,112,0,187,252,115,157,5535,1419,398,1908,2116
06037310201,1054900,2467,3381,38,96,127,162,824,243,117,74,25,1185,124,2815,252,5082,0.439,156,2009,7503.0,10703.0,16,2138,851,5082,4598,5052,1005,2009,57,66,57,214,49,49,53,227,147,102,61,49,100,65,110,79,151,232,193,167,5082,909,276,2009,2138
06037310202,1120100,2221,2860,87,96,153,96,1087,44,98,88,48,784,212,2219,648,4718,0.4929,260,1871,4816.0,8910.0,30,2001,431,4718,4090,4709,942,1871,70,10,83,57,110,11,24,57,61,111,119,92,125,194,145,114,62,130,205,0,4718,551,225,1871,2001
06037310300,1181000,3501,3207,0,0,36,12,128,88,101,39,45,1000,83,1489,134,3002,0.3967,0,1128,6819.0,7488.0,0,1139,291,3032,2804,3009,830,1128,53,28,93,23,9,47,58,58,48,59,25,47,51,64,171,13,133,53,74,75,3032,777,223,1128,1139
06037310400,983100,2039,3084,67,101,23,124,572,86,56,39,15,704,61,1705,461,3636,0.474,32,1276,4571.0,7062.0,0,1389,683,3636,3350,3594,737,1276,7,79,55,35,21,43,60,92,107,59,13,38,41,195,95,6,211,101,83,43,3636,445,218,1276,1389
06037310501,947300,1872,3211,106,108,360,88,1402,23,14,0,7,181,166,2048,583,3690,0.5035,48,1583,1058.0,5723.0,0,1685,2082,3699,3265,3679,408,1583,0,15,57,10,0,0,55,71,8,53,9,97,117,234,135,8,150,107,154,93,3699,126,55,1583,1685
06037310601,671100,2128,3211,204,282,69,157,1877,174,14,84,114,606,236,3636,1146,6434,0.4341,123,2483,3057.0,8858.0,0,2589,1747,6498,5780,6358,1024,2483,183,6,64,12,25,64,57,51,75,40,39,59,299,163,332,87,239,113,133,135,6498,261,345,2483,2589
06037310602,1005300,2266,3009,43,65,47,39,637,13,61,29,15,539,181,1602,215,2735,0.4821,34,1176,3167.0,5457.0,0,1202,394,2735,2360,2726,475,1176,6,48,34,4,26,37,62,55,58,38,17,53,28,140,56,36,11,85,105,32,2735,351,188,1176,1202
06037310701,770400,1520,1632,66,110,301,54,1071,23,0,14,13,114,128,1062,840,2429,0.5514,322,1185,582.0,3740.0,0,1211,566,2429,2081,2376,369,1185,14,16,0,81,24,75,10,0,125,135,137,60,36,29,76,87,121,0,30,0,2429,82,25,1185,1211
06037310703,877100,2092,2534,167,95,89,350,1672,32,14,31,0,328,162,2630,667,5270,0.4248,217,2000,1657.0,6671.0,0,2140,1005,5270,4758,5148,907,2000,13,95,111,47,0,95,68,26,226,73,54,91,144,169,154,15,216,106,87,0,5270,172,140,2000,2140
06037310704,629200,1770,2474,197,84,155,173,1907,27,35,0,52,400,285,2277,882,4470,0.4282,237,2307,1480.0,7177.0,0,2379,984,4470,4152,4422,603,2307,66,99,161,99,0,174,32,15,75,95,44,189,155,20,283,9,22,96,30,10,4470,187,108,2307,2379
06037310705,702700,2026,3455,15,138,134,207,1263,39,0,10,15,90,52,1300,445,2530,0.5151,343,1353,289.0,4161.0,0,1433,53,2530,1877,2493,302,1353,27,13,0,23,40,47,52,59,40,108,125,52,78,47,0,0,0,0,86,93,2530,36,21,1353,1433
06037310800,1055700,1724,3478,43,76,124,149,1104,238,114,165,42,1128,176,3176,688,5121,0.6282,183,2232,7241.0,11188.0,62,2372,1122,5123,4343,5099,960,2232,156,30,137,20,13,41,117,105,69,55,53,59,53,159,100,311,39,17,50,60,5123,814,314,2232,2372
06037310900,1035400,1978,2819,120,16,80,31,639,209,271,143,97,1737,340,3713,397,6802,0.3965,100,2376,11146.0,13675.0,0,2576,2041,6810,6284,6788,1272,2376,35,0,219,78,76,2,58,23,187,170,79,30,186,213,174,114,209,160,178,97,6810,1085,541,2376,2576
06037311000,920600,2061,1958,43,163,64,37,720,52,31,55,105,746,114,2037,372,3740,0.4097,10,1466,4375.0,7093.0,14,1523,1267,3764,3530,3738,805,1466,8,39,61,72,13,0,54,28,96,60,72,18,52,204,146,54,98,59,195,27,3764,541,153,1466,1523
06037311100,903400,2144,2448,159,112,53,73,598,72,47,84,64,869,147,2172,455,3989,0.4039,28,1467,5086.0,7615.0,0,1522,1345,3998,3887,3998,692,1467,74,24,73,6,51,19,42,44,81,86,68,74,56,93,185,170,59,77,162,104,3998,525,304,1467,1522
06037311200,881300,2088,2280,56,121,45,103,691,72,69,61,0,588,96,1878,160,3156,0.3944,66,1279,3247.0,6000.0,0,1348,919,3171,2890,3129,456,1279,28,21,64,57,26,0,18,25,61,75,35,56,55,70,7,25,74,39,45,58,3171,448,121,1279,1348
06037311300,951500,2213,3104,207,35,72,42,669,69,211,73,124,971,91,2308,228,3915,0.3695,48,1640,5663.0,7938.0,10,1670,1105,3915,3546,3915,761,1640,7,54,50,38,23,10,28,32,62,49,69,22,161,169,83,74,64,38,50,121,3915,701,243,1640,1670
06037311400,1120200,2262,2917,124,53,37,23,450,38,90,20,36,528,91,1361,90,2320,0.4902,44,978,3243.0,5251.0,45,1063,425,2320,2189,2312,485,978,0,42,46,31,15,12,9,74,62,15,11,24,103,28,95,15,66,15,127,39,2320,397,116,978,1063
06037311500,1166500,2251,3190,182,144,147,195,1322,138,23,73,78,1004,288,3690,501,5963,0.4118,38,2326,6437.0,10919.0,0,2560,1314,5963,5110,5930,940,2326,65,96,67,9,7,42,30,14,140,72,24,19,243,86,144,111,125,161,95,134,5963,468,527,2326,2560
06037311601,1359400,2290,2432,10,96,111,33,516,75,24,0,11,448,80,1223,192,2937,0.4433,18,964,2917.0,4936.0,0,1149,1200,2947,2568,2947,533,964,8,48,8,4,75,0,16,5,0,9,34,8,28,0,12,205,274,282,175,8,2947,172,276,964,1149
06037311602,1000000,2490,2140,60,204,361,115,1980,2,3,81,0,450,356,2771,539,4546,0.4948,53,2430,2663.0,8982.0,0,2979,920,4546,3274,4525,613,2430,64,88,111,44,138,15,57,40,3,66,16,3,166,54,148,26,0,21,187,37,4546,360,90,2430,2979
06037311700,1084200,1947,2951,95,239,116,73,1232,130,78,125,84,1512,207,3541,451,5588,0.5018,48,2744,9306.0,13612.0,0,2996,1466,5852,5514,5852,1148,2744,152,48,239,58,37,35,180,79,99,111,133,145,34,233,142,42,12,249,138,0,5852,1116,396,2744,2996
06037311801,918800,1820,2697,141,110,132,27,974,29,25,44,17,356,96,1688,389,2922,0.3881,53,1330,1912.0,4806.0,0,1384,1066,2922,2643,2880,487,1330,40,0,66,31,0,0,76,14,39,15,40,45,62,150,61,118,79,75,64,22,2922,250,106,1330,1384
06037311802,1049300,2156,4001,160,191,112,179,1213,0,0,164,0,342,50,2730,209,4200,0.4423,131,1555,1878.0,6302.0,10,1737,1622,4200,3719,4200,441,1555,11,52,47,11,0,38,38,23,18,13,0,0,283,118,154,10,68,138,76,47,4200,232,86,1555,1737
06037320101,628400,2016,2202,8,0,0,65,173,30,150,13,85,768,187,1990,280,3355,0.4415,37,941,4559.0,5432.0,0,949,2978,3402,3236,3358,570,941,95,87,9,33,36,22,42,9,36,48,60,5,21,141,154,18,161,69,51,111,3402,397,311,941,949
06037320102,633300,1885,2301,5,18,41,8,243,35,65,52,49,680,184,2004,470,3637,0.4318,0,923,4018.0,5024.0,28,978,3515,3681,3578,3656,484,923,126,39,18,22,22,0,34,52,23,26,64,23,176,93,163,92,86,52,79,86,3681,239,379,923,978
06037320201,670300,1605,-666666666,108,88,122,103,838,0,0,7,50,173,144,1983,608,4058,0.4417,99,1011,988.0,3866.0,0,1134,3857,4058,3541,4008,406,1011,0,71,0,0,43,0,8,68,25,35,35,5,93,166,216,90,131,54,135,164,4058,67,34,1011,1134
06037320202,640000,1647,2102,0,26,28,27,341,117,125,69,47,1082,115,3239,436,5862,0.386,46,1423,6407.0,7658.0,0,1523,5445,6000,5230,5906,881,1423,49,97,193,45,0,23,106,51,176,16,28,16,132,209,151,50,153,155,218,42,6000,383,616,1423,1523
06037320300,614000,1660,1510,8,75,59,76,742,85,80,61,96,1198,258,3376,682,6561,0.4196,101,1940,6454.0,9555.0,0,2027,6058,6575,6116,6546,939,1940,18,79,118,101,72,35,70,57,189,81,105,50,148,358,282,115,75,309,291,30,6575,620,418,1940,2027
06037400205,1424400,3501,4001,0,0,0,0,64,69,28,161,57,779,66,1198,25,2375,0.4075,34,843,6319.0,6894.0,0,942,394,2478,2170,2478,588,843,35,51,48,10,19,9,20,165,90,9,46,35,7,72,161,144,53,72,83,11,2478,618,161,843,942
06037400206,1011600,3501,3610,11,29,0,15,187,157,85,237,54,1615,227,2939,96,5520,0.4078,15,1802,12222.0,13585.0,0,1828,1262,5525,5068,5471,1307,1802,99,98,145,110,48,37,98,79,115,75,79,101,17,151,182,158,83,287,135,56,5525,1146,469,1802,1828
06037400207,931800,3501,2967,16,14,0,0,215,156,150,125,152,1325,63,1917,116,4596,0.3726,9,1540,10129.0,11667.0,0,1602,1428,4627,4198,4627,1035,1540,47,89,110,70,42,45,47,111,222,92,84,24,100,147,324,98,0,106,311,133,4627,929,396,1540,1602
06037400208,1009500,-666666666,2417,0,0,0,13,22,87,49,6,47,487,15,611,0,1388,0.2901,5,509,,,0,509,212,1388,1321,1376,434,509,7,53,99,36,0,0,93,26,47,37,0,3,22,12,41,20,47,21,48,21,1388,421,66,509,509
06037400209,1020500,3501,3169,50,34,0,0,155,309,99,106,100,1523,62,2509,198,4574,0.4086,32,1678,11269.0,12419.0,0,1678,948,4581,4399,4581,1242,1678,30,86,202,71,50,58,113,82,147,32,29,87,95,76,103,75,75,47,128,164,4581,1287,236,1678,1678
06037400304,704800,2304,2312,91,150,116,187,1390,149,190,145,13,1554,85,4531,844,8164,0.3977,56,2944,10089.0,15592.0,0,2982,3231,8310,7375,8260,1423,2944,74,94,26,45,49,17,14,19,193,91,17,80,234,280,199,103,258,382,372,53,8310,1124,430,2944,2982
06037400402,1075600,2169,2307,9,132,10,28,383,89,61,70,10,932,420,2564,178,4185,0.4546,10,1315,6999.0,8639.0,0,1382,1248,4185,3634,4086,830,1315,81,27,62,41,18,0,77,45,79,55,68,44,27,84,91,119,251,111,118,56,4185,666,212,1315,1382
06037400403,832000,2234,2704,55,27,62,19,479,210,126,35,9,905,43,2049,416,4087,0.39,45,1384,6206.0,8245.0,0,1384,1831,4123,3985,4123,876,1384,24,121,87,57,19,0,103,59,86,47,16,22,127,213,136,54,122,49,217,119,4123,677,228,1384,1384
06037400404,1093900,3372,3544,0,16,18,0,105,90,79,160,152,1233,135,2105,62,4039,0.3984,0,1338,8999.0,9742.0,0,1432,664,4039,3562,4030,1062,1338,125,58,143,84,35,35,107,96,104,95,61,46,69,77,103,165,27,51,187,33,4039,1047,186,1338,1432
06037400501,1126700,1455,3098,0,0,15,17,44,35,56,56,8,612,39,890,64,1885,0.5257,0,656,5008.0,5348.0,0,746,319,1897,1672,1897,444,656,21,16,43,39,44,31,21,27,53,39,41,43,62,11,24,40,28,81,76,35,1897,499,104,656,746
06037400602,656700,1721,1938,81,128,118,145,684,147,57,22,91,777,199,2543,501,4374,0.3614,47,1461,4548.0,7310.0,0,1546,3425,4382,3832,4332,549,1461,34,15,83,28,38,43,56,55,42,20,75,10,162,78,193,54,101,81,193,82,4382,507,232,1461,1546
06037400603,566100,1846,1960,5,215,65,58,673,116,146,202,175,1258,199,2814,281,4947,0.3611,0,1931,6765.0,9597.0,0,1990,2447,4947,4459,4936,861,1931,32,67,112,49,45,2,121,89,69,63,22,11,57,158,58,130,152,147,125,10,4947,837,409,1931,1990
06037400605,652200,2072,2431,29,12,66,65,464,157,137,197,125,2015,214,3551,624,6181,0.4137,136,2479,12284.0,14323.0,0,2666,2311,7178,6164,7004,1131,2479,54,113,161,65,38,28,42,341,234,68,109,45,214,220,180,34,148,196,103,109,7178,1613,351,2479,2666
06037400801,742500,2292,2343,15,99,22,40,433,148,174,150,68,1504,171,3630,363,5710,0.4165,58,1937,9967.0,12086.0,0,1976,2249,6935,6071,6902,1223,1937,112,68,53,62,76,30,61,94,127,88,53,66,189,102,178,128,170,117,213,188,6935,1015,457,1937,1976
06037401001,907700,2930,2785,10,0,0,12,120,106,109,38,63,839,13,1129,89,2626,0.3947,14,959,5948.0,6644.0,0,959,782,2626,2496,2593,638,959,43,43,51,98,15,28,64,48,28,95,26,108,58,55,52,109,70,117,91,26,2626,627,208,959,959
06037401002,854800,2048,2741,63,152,98,172,894,109,34,51,39,684,113,2250,349,4313,0.4825,0,1578,4318.0,8013.0,0,1723,1610,4324,3709,4238,803,1578,41,60,40,24,32,54,57,64,95,51,64,88,125,159,101,27,155,136,91,153,4324,405,279,1578,1723
06037401101,830500,1829,2576,31,114,202,80,971,94,97,63,31,891,115,2716,437,5591,0.412,48,1862,5370.0,9460.0,0,1869,2854,5695,5185,5665,1042,1862,93,137,59,126,28,22,90,80,114,29,171,52,161,154,253,295,42,150,357,33,5695,473,401,1862,1869
06037401102,654800,2334,2459,197,146,79,19,806,97,68,54,71,534,101,2082,208,3991,0.347,27,1340,3137.0,6320.0,4,1395,1655,4073,3243,3972,674,1340,2,39,56,65,16,0,21,36,88,29,49,37,194,99,77,67,138,201,224,118,4073,249,263,1340,1395
06037401201,831500,2819,2692,17,35,38,24,171,100,93,85,46,884,57,1780,245,3602,0.451,17,1055,5968.0,6784.0,0,1088,1630,3612,3202,3518,597,1055,59,47,42,70,8,0,29,87,59,86,19,15,170,64,132,82,172,173,154,49,3612,591,248,1055,1088
06037401202,727800,2718,1664,84,40,0,26,240,49,214,98,55,1091,241,2186,274,4252,0.3327,6,1331,6635.0,7891.0,0,1331,2100,4344,4138,4318,742,1331,103,103,85,76,21,26,44,47,180,187,29,78,39,113,239,193,25,75,178,45,4344,565,479,1331,1331
06037401203,726900,2295,2243,39,28,41,52,458,97,213,79,97,1075,116,2494,620,4542,0.4013,75,1533,6562.0,8715.0,0,1579,2189,4757,4035,4709,781,1533,50,71,71,39,39,26,23,99,174,153,36,62,86,69,72,99,113,163,184,106,4757,611,443,1533,1579
06037401303,1037300,3501,3578,0,3,0,20,146,98,92,34,48,664,73,1244,90,2242,0.4174,19,810,4875.0,5943.0,0,814,596,2242,2151,2242,506,810,78,36,60,18,34,33,53,42,55,69,29,52,46,21,64,58,8,41,51,17,2242,531,124,810,814
06037401304,912000,1865,2904,0,14,0,13,92,82,201,167,120,1720,210,2480,322,4877,0.4327,13,1812,12191.0,12669.0,0,1912,1752,4939,4764,4919,1197,1812,108,67,205,74,112,15,100,107,65,211,51,127,155,128,213,92,67,167,51,85,4939,1410,310,1812,1912
06037401311,653900,2139,2201,111,115,160,7,877,122,268,149,33,1641,229,3706,680,6923,0.4056,40,2518,9808.0,13256.0,11,2527,2897,6923,6380,6821,1298,2518,111,47,118,63,47,39,51,102,113,163,55,121,187,122,62,18,409,192,419,143,6923,1057,454,2518,2527
06037401312,431200,1944,1727,0,11,65,0,303,88,132,70,35,1541,131,2280,210,4573,0.4876,115,1844,8737.0,10025.0,13,1878,1567,4712,4430,4668,658,1844,153,46,133,212,30,71,23,217,157,155,260,99,173,99,27,113,44,46,166,27,4712,1201,282,1844,1878
06037401500,600700,1952,1863,59,150,71,47,707,53,160,126,151,1179,416,3126,653,5763,0.3921,90,1886,7096.0,10171.0,71,2003,3341,6022,5188,5922,859,1886,50,106,76,69,37,15,18,104,127,26,28,90,321,251,92,80,319,115,124,214,6022,777,365,1886,2003
06037401601,290600,2257,1568,111,103,181,134,866,218,130,107,58,1467,83,2580,492,5419,0.4127,124,2333,8581.0,11990.0,0,2388,1757,5428,4792,5428,1119,2333,29,258,177,115,78,97,122,318,157,168,161,168,77,162,48,233,55,92,149,40,5428,1171,296,2333,2388
06037401602,679800,2142,2485,157,123,75,155,1170,133,39,46,56,953,294,3100,596,5568,0.4551,54,2123,5374.0,10513.0,0,2234,2294,5570,4901,5547,911,2123,10,79,103,55,5,2,162,154,67,54,37,82,28,125,238,94,62,182,349,36,5570,581,279,2123,2234
06037401705,848200,1969,2605,4,0,10,0,76,69,115,52,29,875,77,1519,233,2724,0.3831,23,951,6110.0,6468.0,0,951,1107,2784,2572,2758,529,951,26,69,95,27,8,5,56,53,75,97,19,21,65,32,207,35,35,96,48,48,2784,647,228,951,951
06037401706,616400,1875,2934,94,52,62,112,1033,87,70,70,74,677,201,2700,751,4525,0.4168,100,1710,4035.0,7757.0,84,1788,2270,4533,3498,4415,633,1710,25,41,40,30,13,37,23,35,54,81,22,59,273,137,91,16,140,170,201,68,4533,441,236,1710,1788
06037401707,555100,1895,2121,158,105,62,23,1192,113,143,163,114,1580,188,4139,1231,8295,0.4309,25,2772,8490.0,13203.0,40,2885,4969,8607,7855,8479,938,2772,26,276,90,67,6,66,176,78,242,159,191,204,361,326,291,77,334,0,39,165,8607,1004,559,2772,2885
06037401801,818300,2299,2416,143,48,51,21,422,106,130,87,91,1169,122,2439,112,4265,0.364,25,1591,8175.0,10331.0,0,1626,1221,4570,3916,4494,1062,1591,90,100,205,46,0,18,101,110,197,18,18,15,112,78,213,71,86,110,405,50,4570,890,279,1591,1626
06037401802,834200,2310,2135,9,36,54,0,209,156,87,167,71,1141,89,1781,174,3724,0.4009,16,1350,7919.0,9121.0,40,1408,914,3724,3460,3707,767,1350,26,57,135,105,7,44,0,135,109,79,30,148,41,87,121,85,48,137,287,44,3724,865,223,1350,1408
06037401901,-666666666,1850,-666666666,5,23,27,12,86,0,0,0,0,8,193,1905,5,215,0.2418,0,94,,,0,145,805,4095,2243,4095,44,94,9,0,0,0,0,0,0,0,0,0,0,0,9,0,4,18,6,5,0,20,4095,8,0,94,145
06037401902,982600,2091,2711,91,190,236,148,1779,143,65,95,17,1058,171,2953,292,5808,0.4204,18,2837,6733.0,13969.0,0,3059,1301,6101,4937,5987,1170,2837,0,142,76,136,126,134,107,21,170,260,348,360,222,98,72,126,84,82,64,31,6101,813,238,2837,3059
06037402001,642000,2098,2530,8,110,104,49,738,88,49,46,0,682,88,2120,641,3949,0.4738,56,1420,4030.0,7026.0,0,1437,1757,4125,3441,4125,599,1420,59,43,49,58,10,16,5,92,37,89,95,29,100,110,166,40,97,46,67,72,4125,359,323,1420,1437
06037402002,652200,1783,2193,21,86,33,47,686,110,91,83,28,880,39,2098,339,3836,0.4509,66,1566,5427.0,8226.0,0,1688,1405,3935,3512,3928,781,1566,19,45,58,36,58,17,29,88,229,182,81,124,52,57,90,33,53,145,62,82,3935,667,202,1566,1688
06037402101,591500,1850,1661,41,10,78,12,258,51,92,29,28,856,121,2388,772,4853,0.3998,33,1114,5043.0,6360.0,0,1114,3627,4856,4309,4777,713,1114,52,51,75,105,15,22,56,91,61,73,74,10,101,124,101,96,106,164,273,152,4856,364,316,1114,1114
06037402102,586500,1688,1871,23,73,26,97,416,271,131,51,97,932,296,2888,495,5017,0.3366,55,1348,6073.0,8003.0,0,1382,3557,5136,4775,5136,787,1348,17,69,108,37,34,56,85,46,74,47,48,39,125,81,211,53,305,176,112,77,5136,546,291,1348,1382
06037402200,664600,1589,1966,24,18,106,90,652,135,152,328,152,1497,195,3480,395,6569,0.336,39,2149,9355.0,12067.0,0,2231,4537,7069,6189,6932,1026,2149,66,142,187,21,66,104,110,132,202,147,79,101,442,232,57,0,168,169,203,94,7069,948,549,2149,2231
06037402301,541000,1863,1621,83,127,8,35,536,82,106,51,45,868,261,2842,986,5466,0.353,102,1404,5408.0,7749.0,0,1425,4052,5468,4610,5444,942,1404,74,48,100,26,21,40,71,68,59,20,65,53,120,222,202,111,269,150,230,128,5468,515,303,1404,1425
06037402303,488600,1535,1944,41,56,76,115,632,27,60,27,59,386,138,2017,598,3538,0.3847,14,1018,2257.0,4738.0,0,1092,3032,3779,3189,3745,439,1018,12,61,65,19,33,9,47,51,52,17,51,6,109,75,136,38,176,47,133,127,3779,201,127,1018,1092
06037402304,267900,1407,1022,66,64,122,68,750,10,26,0,13,293,51,1869,882,3942,0.4195,63,1043,1509.0,4527.0,0,1094,3550,3942,3735,3853,388,1043,50,67,32,5,0,7,15,5,27,39,31,29,177,163,181,61,122,193,166,74,3942,101,166,1043,1094
06037402403,429300,1472,1418,59,22,0,33,259,46,54,70,52,866,263,2632,377,4450,0.3622,28,1125,4850.0,6275.0,0,1185,3729,5226,4296,5187,659,1125,59,94,56,21,8,29,14,59,47,63,17,12,117,129,210,77,213,82,168,47,5226,379,373,1125,1185
06037402404,-666666666,-666666666,-666666666,0,0,0,0,4,0,0,0,0,0,149,732,0,8,-666666666.0,0,4,,,0,4,431,1642,740,1642,4,4,0,0,4,0,0,0,0,0,4,0,0,0,0,0,0,0,0,0,0,25,1642,0,0,4,4
06037402405,513600,2705,1685,13,0,13,0,73,56,48,71,18,503,99,1323,324,2428,0.3609,14,576,2922.0,3379.0,0,582,2042,2428,2151,2421,358,576,38,40,84,9,9,10,7,42,51,39,1,21,67,60,69,69,32,70,84,18,2428,189,232,576,582
06037402406,506200,1432,1345,38,54,77,6,404,59,63,77,49,893,111,2359,751,4601,0.4045,33,1297,4651.0,6064.0,12,1354,3512,4601,4245,4586,718,1297,10,14,106,12,21,6,31,33,228,30,8,27,75,41,205,41,90,200,434,134,4601,321,374,1297,1354
06037402501,409000,1404,1295,14,157,139,65,996,39,32,36,0,352,132,2212,707,4788,0.3821,132,1348,1833.0,5308.0,0,1432,4340,4856,4553,4856,716,1348,118,56,86,33,14,6,25,44,130,56,2,17,243,146,132,65,277,119,183,124,4856,155,131,1348,1432
06037402503,584800,1706,1430,136,39,97,87,705,11,63,52,12,413,186,1716,716,4303,0.336,187,1118,2391.0,5636.0,0,1150,3132,4330,4014,4247,583,1118,45,101,64,5,0,8,56,36,19,38,22,0,188,151,291,44,38,63,227,189,4330,194,94,1118,1150
06037402504,476600,1229,-666666666,0,75,8,8,452,29,17,26,7,351,50,1058,549,2289,0.4878,32,803,1913.0,3616.0,0,830,1667,2295,2164,2295,268,803,16,0,72,72,7,17,91,64,40,34,17,23,6,20,121,101,32,44,52,52,2295,240,83,803,830
06037402601,622700,1788,1317,34,62,14,58,390,41,62,33,0,336,35,1152,531,2777,0.43,25,726,2099.0,3905.0,0,781,2131,2854,2465,2787,319,726,0,9,4,33,9,22,23,17,37,37,22,66,180,87,130,79,78,76,13,51,2854,189,101,726,781
06037402602,639300,1144,2244,43,357,97,94,1163,44,167,101,104,747,388,2865,293,4838,0.4737,86,1910,5130.0,9713.0,0,1986,3015,4841,4393,4788,941,1910,18,17,42,53,9,55,89,70,19,0,156,68,151,122,80,86,182,89,78,167,4841,423,284,1910,1986
06037402702,546700,1525,2108,94,65,159,23,1028,54,22,16,50,401,149,2547,1626,4922,0.4147,97,1429,2006.0,5765.0,0,1570,4308,4937,4076,4864,475,1429,12,25,33,0,18,0,44,56,14,15,0,29,108,169,203,226,220,146,104,59,4937,134,230,1429,1570
06037402703,551500,2161,1765,0,10,42,11,379,78,190,26,23,878,95,2303,610,5401,0.3831,189,1257,4749.0,6562.0,0,1356,4165,5401,4747,5327,686,1257,31,60,49,60,51,31,0,40,48,70,6,65,136,406,118,52,285,229,321,325,5401,341,357,1257,1356
06037402705,558200,2218,1433,26,16,6,7,175,105,45,6,46,708,61,1621,282,3575,0.3554,47,883,4027.0,5039.0,0,932,2770,3596,3332,3573,495,883,51,82,42,55,15,7,19,71,86,33,10,1,49,179,203,7,39,115,177,116,3596,280,314,883,932
06037402706,585300,2378,1888,110,0,37,42,323,61,76,90,36,651,106,2011,644,3591,0.3955,94,974,3638.0,5131.0,0,1001,2818,3658,3347,3658,366,974,32,22,36,53,28,9,6,6,97,31,56,14,25,110,142,103,118,91,122,85,3658,359,225,974,1001
06037402801,493900,1480,1365,45,99,68,52,736,12,54,0,0,340,169,2179,587,4335,0.3544,83,1076,1679.0,4898.0,22,1098,3915,4335,4125,4294,463,1076,9,19,16,8,7,0,0,33,45,47,0,0,117,140,270,248,169,165,221,72,4335,131,150,1076,1098
06037402803,491400,1820,1657,34,27,71,5,366,51,42,32,0,391,142,1783,372,3458,0.3844,4,757,2237.0,3859.0,0,799,3189,3477,3118,3410,466,757,20,0,57,21,0,8,37,30,2,16,21,26,77,169,91,143,74,66,221,85,3477,49,260,757,799
06037402804,497400,1683,1752,23,105,61,60,714,26,5,0,47,269,157,1967,614,4093,0.3923,83,983,1515.0,4532.0,0,1033,3575,4145,3910,4123,609,983,15,33,47,0,0,12,0,10,32,0,0,14,122,93,307,142,66,146,286,110,4145,105,148,983,1033
06037402902,533500,1608,1489,110,119,83,85,811,66,32,94,29,969,84,3025,697,6619,0.3686,20,1780,5691.0,9210.0,17,1789,5033,6896,6432,6810,891,1780,44,102,162,29,72,8,55,58,197,86,150,60,200,312,380,132,225,272,152,188,6896,386,524,1780,1789
06037402903,509100,1711,1660,82,56,44,19,479,48,53,26,22,520,52,1799,550,3650,0.4375,32,999,3025.0,4922.0,35,1026,2712,3650,3408,3566,551,999,0,56,40,49,6,77,17,31,41,69,19,43,142,157,49,93,190,135,53,112,3650,192,304,999,1026
06037402904,498100,2290,1560,0,32,0,3,234,62,115,52,20,666,100,1838,563,3602,0.3913,13,900,3698.0,4834.0,0,918,2976,3615,3435,3572,533,900,100,19,81,6,16,22,24,63,31,13,11,0,156,127,107,151,141,151,197,63,3615,215,368,900,918
06037403000,490400,2345,1824,51,31,51,0,366,124,205,35,12,1221,91,3459,543,6936,0.3748,36,1587,7191.0,9135.0,65,1683,5328,6991,6644,6940,897,1587,10,107,150,53,32,30,19,168,201,51,58,70,114,239,185,119,111,192,310,224,6991,445,643,1587,1683
06037403305,855600,2764,2797,29,0,18,0,165,43,87,66,31,540,56,1195,217,2309,0.3843,22,705,3021.0,3863.0,0,705,173,2318,2004,2306,506,705,12,16,33,49,4,5,42,59,61,11,0,6,43,64,88,39,79,94,104,51,2318,274,259,705,705
06037403316,775800,2156,1855,0,22,117,59,724,263,240,129,55,1930,190,3513,701,6956,0.4415,66,2654,11369.0,14705.0,0,2721,1308,7007,6471,6955,1247,2654,62,144,204,46,20,71,125,188,342,160,95,143,210,75,239,86,170,255,208,75,7007,1148,782,2654,2721
06037403317,721800,2686,1840,43,14,58,28,267,80,122,125,26,1439,90,2486,271,5011,0.3856,98,1706,9177.0,10496.0,0,1778,1858,5152,4821,5131,1015,1706,68,156,93,82,102,22,71,86,142,75,122,175,57,166,161,81,121,164,153,72,5152,1011,359,1706,1778
06037403318,732700,2363,2086,19,12,37,49,432,299,183,135,120,1709,146,3128,391,5878,0.3769,152,2141,11020.0,13282.0,0,2281,1628,5909,5479,5909,1213,2141,56,118,170,153,39,105,233,159,163,227,84,103,97,60,221,83,83,145,71,103,5909,1181,511,2141,2281
06037403319,752900,2496,2008,78,41,39,30,578,51,156,53,53,1063,92,2292,546,4192,0.4364,73,1641,5867.0,8281.0,0,1741,808,4206,3693,4206,803,1641,39,51,95,20,34,15,35,92,149,86,33,47,58,16,80,75,79,109,84,131,4206,743,304,1641,1741
06037403320,1051800,2743,2304,45,11,70,10,225,144,189,183,25,1485,82,2662,430,5364,0.4655,52,1710,10562.0,11851.0,0,1804,642,5384,4973,5300,1270,1710,121,150,204,76,37,52,136,98,183,62,70,28,26,217,306,39,121,173,293,66,5384,983,502,1710,1804
06037403321,868400,2387,2498,28,0,10,11,379,147,91,140,85,1397,190,2957,721,5382,0.4669,29,1776,9643.0,11752.0,0,1793,1403,5392,5107,5375,1125,1776,63,80,160,29,142,129,47,155,219,80,65,147,174,68,39,46,66,196,241,42,5392,1018,372,1776,1793
06037403323,841000,2773,2126,30,0,60,33,418,111,75,84,54,1361,167,2880,305,5585,0.4162,19,1779,8482.0,10692.0,0,1833,900,5592,5035,5564,1269,1779,99,25,85,89,95,23,31,65,115,134,59,0,58,95,193,192,101,100,217,163,5592,932,339,1779,1833
06037403324,1004700,2430,2379,0,0,25,83,535,51,118,62,0,1603,139,3252,760,5947,0.5002,54,2138,11096.0,13104.0,0,2325,618,5947,5629,5921,1442,2138,131,217,269,78,61,32,110,282,193,135,38,110,105,156,55,64,50,131,211,129,5947,1072,450,2138,2325
06037403325,908500,2381,1968,19,45,30,8,386,132,78,120,28,1219,123,2331,431,4853,0.4662,14,1605,8154.0,10033.0,0,1659,728,4853,4149,4825,1036,1605,78,60,146,65,29,0,39,58,150,89,10,29,130,194,170,157,155,141,201,125,4853,849,341,1605,1659
06037403326,810800,3136,1455,15,20,18,0,171,44,43,15,38,519,47,1187,105,2328,0.3745,17,690,3268.0,4253.0,0,763,655,2328,2217,2311,500,690,43,72,49,16,5,29,34,80,53,54,5,31,9,51,22,46,131,96,66,71,2328,286,233,690,763
06037403327,723500,2379,2216,15,9,17,9,57,164,120,70,9,788,37,1426,37,2431,0.3133,16,845,4912.0,5249.0,0,884,772,2431,2356,2421,544,845,30,39,21,44,21,6,51,73,75,92,40,21,31,36,40,27,22,19,94,101,2431,622,155,845,884
06037403328,772200,2629,2269,53,55,30,46,400,127,157,62,70,1311,219,2820,444,5328,0.4177,52,1711,8209.0,10182.0,0,1767,1076,5333,5010,5310,1029,1711,11,161,91,81,10,28,88,47,74,45,23,91,178,192,86,72,149,160,174,72,5333,892,407,1711,1767
06037403401,862900,3195,2190,59,15,24,51,323,29,54,84,141,1098,94,2156,551,4911,0.3723,35,1421,6827.0,8918.0,0,1464,1131,4911,4366,4893,836,1421,36,163,67,138,56,27,55,132,149,107,53,30,163,247,205,30,117,195,178,111,4911,617,461,1421,1464
06037403402,858600,3501,2369,12,19,22,33,265,42,75,84,38,727,46,1636,182,3233,0.4299,12,992,4600.0,6227.0,0,1064,749,3243,2703,3207,665,992,72,45,94,41,30,34,81,107,69,51,9,36,76,106,100,75,87,67,52,90,3243,444,259,992,1064
06037403403,1137000,3501,2110,18,35,22,17,170,115,90,63,114,1459,58,2401,680,5177,0.4979,72,1629,10035.0,11239.0,0,1654,701,5177,4914,5166,1297,1629,133,215,236,53,33,38,161,257,143,80,40,33,57,141,221,68,191,94,141,78,5177,1128,317,1629,1654
06037403404,1110500,3501,2181,3,0,0,0,66,71,19,22,12,576,145,1014,215,2189,0.4728,14,642,4393.0,4961.0,0,705,374,2200,2058,2181,473,642,24,52,70,31,58,13,41,34,48,43,46,32,23,31,136,33,59,71,98,36,2200,440,118,642,705
06037403407,1454600,3501,3147,0,0,0,0,55,17,22,31,39,601,24,1211,138,2259,0.4294,3,656,4542.0,4932.0,0,798,277,2265,2048,2265,472,656,46,37,66,42,22,9,54,38,64,18,0,12,44,44,57,49,13,80,40,89,2265,392,209,656,798
06037403408,915000,3150,2073,7,20,43,32,258,91,169,80,87,1681,56,2977,412,6164,0.3811,59,1939,11071.0,12891.0,7,1990,1097,6164,5738,6131,1333,1939,117,155,252,176,39,38,129,180,250,182,53,110,40,114,225,44,124,239,138,62,6164,1207,406,1939,1990
06037403409,961600,2360,2450,30,35,50,15,338,107,117,25,39,917,58,1898,203,3894,0.3981,30,1255,6154.0,7759.0,0,1359,762,3897,3490,3891,920,1255,93,109,53,114,63,16,31,96,115,110,36,43,37,139,157,73,104,103,95,102,3897,614,293,1255,1359
06037403500,1125800,2219,3561,7,6,15,0,153,53,20,27,55,393,69,808,99,1438,0.4884,4,546,2981.0,3446.0,0,691,509,1438,1373,1432,292,546,25,63,57,24,6,6,30,53,29,19,11,122,38,7,29,12,23,0,1,1,1438,296,93,546,691
06037403601,872400,1920,2623,33,51,290,0,620,198,193,165,86,1532,415,3746,569,6562,0.3763,10,2152,11210.0,13774.0,0,2308,3893,6590,6341,6590,1179,2152,134,54,80,59,83,48,92,102,163,88,23,106,185,362,67,35,89,52,290,75,6590,1009,514,2152,2308
06037403702,773700,2182,2506,0,22,27,7,225,133,124,173,59,1072,63,2123,93,4181,0.3095,42,1297,6713.0,7959.0,0,1297,1737,4186,3891,4155,861,1297,15,87,123,46,45,35,30,45,114,88,14,29,105,150,118,96,124,111,156,28,4186,582,475,1297,1297
06037403703,714500,2150,2329,10,14,74,43,239,105,141,62,8,1271,154,2231,306,4762,0.4736,4,1510,8319.0,9213.0,0,1587,2037,4786,4423,4756,862,1510,65,148,102,72,39,23,41,122,74,194,54,131,40,182,137,32,161,196,136,64,4786,740,512,1510,1587
06037403721,696300,1760,2503,33,124,45,202,736,200,110,98,13,1072,255,2881,473,5567,0.3904,73,1808,6823.0,10182.0,0,1860,3184,5569,4884,5545,853,1808,79,169,69,62,49,67,125,56,177,108,16,109,249,193,93,126,66,116,113,56,5569,685,322,1808,1860
06037403722,652300,1781,2322,63,85,60,137,1012,97,47,84,43,621,165,2745,733,5435,0.4358,58,1633,4110.0,7980.0,27,1739,3583,5437,4974,5327,695,1633,19,53,56,63,27,19,33,65,51,64,59,31,162,209,262,43,330,125,277,77,5437,437,165,1633,1739
06037403801,627700,2108,2401,108,141,342,52,1067,115,219,41,77,1043,156,3280,536,5593,0.3842,61,2110,5601.0,9853.0,0,2152,3138,5605,4773,5551,1021,2110,42,45,53,33,8,38,18,53,93,29,38,38,103,227,251,47,153,144,163,51,5605,532,480,2110,2152
06037403802,548600,2076,1905,122,0,118,134,789,250,96,105,69,1318,229,3395,967,6215,0.4961,25,2107,7408.0,10676.0,0,2180,3618,6221,5658,6144,1061,2107,115,62,189,43,44,0,10,72,184,50,91,94,198,172,242,58,151,167,158,51,6221,721,542,2107,2180
06037403901,633400,2679,1922,25,6,64,53,304,92,51,53,38,556,90,1490,332,2965,0.3686,5,860,3235.0,4925.0,0,901,1285,2976,2912,2976,546,860,51,16,52,53,10,4,91,19,32,31,43,50,102,75,76,97,12,58,102,74,2976,351,205,860,901
06037403902,653800,2205,1830,6,46,128,55,470,61,74,157,41,1020,38,2250,595,4782,0.427,42,1490,6444.0,8236.0,0,1533,2733,5250,4669,5122,778,1490,94,56,67,49,42,36,53,80,98,47,54,74,179,201,107,51,298,180,292,149,5250,660,318,1490,1533
06037404000,656700,2207,2692,13,111,106,100,522,16,110,26,28,858,259,2788,215,4516,0.3493,92,1380,5184.0,7483.0,0,1380,2763,4547,3884,4460,639,1380,0,29,113,54,9,0,16,43,103,61,9,44,110,111,175,95,82,79,86,44,4547,441,397,1380,1380
06037404100,590900,2186,1886,57,37,11,69,470,175,113,118,70,1005,187,3162,606,6261,0.2962,59,1475,5993.0,8318.0,0,1475,5102,6307,5925,6307,909,1475,183,38,97,81,23,0,88,58,72,66,39,26,107,230,184,112,175,179,355,174,6307,408,434,1475,1475
06037404201,588000,1554,2196,42,9,83,90,506,128,53,54,37,556,100,1904,683,3527,0.4236,126,1062,3075.0,4872.0,0,1104,2803,3551,3096,3543,509,1062,0,2,29,52,15,0,7,66,41,42,38,23,161,113,114,57,99,125,170,59,3551,281,176,1062,1104
06037404203,607000,1730,1792,69,62,0,41,470,80,64,35,16,442,185,2254,376,3326,0.4074,16,912,2677.0,4763.0,0,932,2636,4165,3660,4130,443,912,36,25,63,21,19,6,31,22,19,13,64,9,61,38,181,77,85,92,113,62,4165,128,270,912,932
06037404301,639900,1792,1431,233,157,110,160,1175,65,0,39,0,407,138,3402,1385,6245,0.3871,78,1582,2344.0,7130.0,0,1644,5474,6257,5660,6142,575,1582,46,108,44,33,105,11,50,41,98,8,41,21,305,241,287,39,299,168,167,95,6257,155,164,1582,1644
06037404302,574500,2240,1924,34,38,21,0,256,9,61,39,10,387,54,1230,67,2412,0.3399,25,643,2209.0,3419.0,0,672,1826,2412,2115,2355,337,643,21,78,13,6,6,0,46,50,61,19,0,8,62,126,81,51,109,142,135,51,2412,214,151,643,672
06037404401,600300,1826,1602,37,70,96,45,511,10,24,63,58,592,81,1927,529,3871,0.3231,53,1103,2898.0,4980.0,0,1141,3135,3902,3611,3852,578,1103,5,19,62,106,37,15,45,2,43,91,19,40,144,160,243,110,154,51,19,62,3902,185,340,1103,1141
06037404402,654900,2268,2150,103,36,10,12,373,97,103,70,67,834,155,2585,271,4497,0.3532,51,1207,5324.0,6922.0,0,1270,3722,4624,4118,4595,660,1207,47,63,23,34,21,6,22,92,61,5,95,45,66,110,136,68,54,73,187,193,4624,443,346,1207,1270
06037404501,463400,1783,1150,0,17,92,49,360,7,48,15,13,398,57,1381,462,2598,0.4332,21,758,1905.0,3320.0,15,758,2366,2721,2310,2666,339,758,29,0,102,23,26,0,12,45,25,16,10,0,0,106,84,58,117,63,217,22,2721,110,181,758,758
06037404503,530300,1856,1636,27,0,33,41,201,35,38,70,8,652,106,1662,197,2969,0.3413,23,853,3623.0,4578.0,18,894,1975,2988,2774,2918,497,853,32,47,69,2,0,28,35,76,24,48,65,27,100,73,75,74,49,88,90,68,2988,316,260,853,894
06037404504,548700,1793,1426,20,125,321,79,931,22,29,9,16,512,146,2930,824,4815,0.3765,48,1443,2475.0,5710.0,0,1467,3420,4844,4435,4834,412,1443,53,100,25,10,20,57,29,78,101,80,57,27,76,145,259,150,88,116,44,72,4844,209,257,1443,1467
06037404600,645800,2083,1638,0,19,3,25,76,35,51,35,11,347,33,729,85,1346,0.3414,6,423,2156.0,2516.0,0,431,1248,1352,1297,1334,175,423,13,11,16,16,15,19,10,34,18,33,26,21,28,45,74,22,44,19,47,31,1352,192,133,423,431
06037404701,592100,2004,1849,62,72,44,49,517,141,66,133,68,871,159,2682,763,5700,0.3721,95,1388,4591.0,7152.0,0,1388,4429,5737,5411,5671,723,1388,69,60,111,67,12,0,20,99,180,31,51,150,268,131,320,60,57,121,206,56,5737,280,431,1388,1388
06037404702,548900,1883,1011,127,64,77,62,649,0,57,30,38,745,130,2385,703,4790,0.3984,74,1394,3766.0,6782.0,8,1402,3090,4792,4577,4728,737,1394,64,95,138,49,0,44,76,75,112,77,8,15,155,118,40,59,80,96,189,184,4792,380,270,1394,1402
06037404703,621100,1831,1513,51,52,24,25,406,67,12,7,31,313,112,1647,380,3196,0.4042,35,719,1680.0,3350.0,0,754,2488,3209,3027,3191,422,719,15,35,72,8,28,5,15,25,19,18,61,18,91,93,57,66,58,132,200,50,3209,76,161,719,754
06037404804,591800,1751,1834,60,40,57,50,542,82,37,48,0,527,134,2191,668,4158,0.3857,61,1069,2847.0,5544.0,0,1097,3126,4223,4019,4167,555,1069,53,56,63,34,52,37,6,60,50,32,97,17,146,100,245,50,143,88,221,166,4223,219,224,1069,1097
06037404805,608900,1612,1896,70,30,61,61,426,0,32,24,54,336,75,1455,484,2922,0.4269,25,762,1875.0,3617.0,0,766,2052,2922,2792,2887,348,762,16,35,32,8,6,55,14,44,83,35,58,11,186,26,121,19,56,120,85,35,2922,173,133,762,766
06037404806,540000,1775,1518,57,98,32,95,695,88,72,54,37,822,226,2633,716,5746,0.4229,58,1517,4407.0,7309.0,0,1536,4409,5842,5510,5792,616,1517,35,85,90,112,127,18,55,76,200,63,42,142,251,93,160,230,84,237,283,73,5842,392,319,1517,1536
06037404901,599800,2012,1669,33,0,98,19,466,91,50,16,47,845,202,2923,623,5363,0.4232,84,1311,4603.0,6786.0,0,1335,3931,5363,4950,5325,861,1311,40,150,95,15,15,0,82,66,59,95,69,18,38,113,167,75,135,45,53,122,5363,243,492,1311,1335
06037404902,597900,2333,1760,15,24,25,7,194,54,68,58,41,670,72,1560,330,3343,0.4049,56,864,3671.0,4642.0,0,873,2113,3343,3152,3328,415,864,16,36,72,42,18,10,38,51,115,49,64,5,51,101,115,51,60,91,174,89,3343,294,276,864,873
06037404903,593800,2048,2037,8,41,5,14,198,43,22,47,31,441,49,1324,257,2677,0.4351,41,639,2348.0,3285.0,0,639,1772,2677,2591,2677,368,639,41,0,7,13,26,26,13,59,22,39,21,28,114,91,105,35,84,118,86,70,2677,165,185,639,639
06037405001,582200,1611,1538,0,0,36,24,325,69,169,70,115,1063,189,2703,686,5344,0.3549,93,1388,5666.0,7315.0,0,1388,4189,5366,5294,5366,801,1388,34,72,132,56,24,16,111,106,92,68,22,18,157,52,157,196,70,86,128,83,5366,463,442,1388,1388
06037405002,562100,1794,1712,30,31,7,7,251,52,34,41,43,500,164,1666,346,3252,0.3917,24,751,2791.0,3820.0,0,761,2730,3271,3184,3239,456,751,48,65,6,84,5,17,23,25,101,45,30,36,27,37,76,152,189,61,59,77,3271,154,228,751,761
06037405101,585100,1687,1728,16,17,23,19,366,19,151,153,0,919,195,2393,1119,5269,0.4482,159,1285,4703.0,6633.0,0,1294,3424,5368,5182,5336,644,1285,35,117,91,63,57,29,44,66,120,51,7,84,23,406,338,145,133,115,174,41,5368,299,303,1285,1294
06037405102,552600,1769,1763,17,35,194,49,794,76,64,39,47,680,142,2427,581,4782,0.4286,0,1474,3279.0,6165.0,0,1494,3354,4850,4741,4829,728,1474,16,96,122,10,52,66,118,141,115,98,15,79,134,183,136,81,88,119,134,66,4850,329,232,1474,1494
06037405201,613000,1902,1686,31,54,112,34,697,32,46,37,73,787,160,2781,458,5381,0.3901,84,1484,4843.0,7549.0,0,1509,4240,5421,4867,5407,757,1484,18,43,101,47,7,12,33,61,143,20,32,34,241,200,300,123,93,126,154,77,5421,349,413,1484,1509
06037405202,613000,1678,2254,17,143,22,6,485,67,72,56,36,625,101,2308,339,4208,0.3802,89,1110,3144.0,5287.0,24,1217,3119,4208,4160,4208,626,1110,41,9,59,49,31,12,44,67,56,47,59,33,38,173,141,105,101,59,163,137,4208,264,299,1110,1217
06037405203,635600,2351,1745,5,45,12,46,252,21,16,50,17,472,107,1658,658,2975,0.4147,40,724,2852.0,4161.0,0,741,2101,3038,2864,2971,342,724,75,15,35,30,3,22,69,84,41,30,42,40,111,36,40,40,211,81,121,35,3038,202,179,724,741
06037405301,616400,1735,2238,0,55,114,81,513,13,83,47,20,432,162,1635,387,2977,0.4499,83,945,2543.0,4431.0,0,1000,1774,2977,2691,2977,374,945,27,18,7,18,54,10,46,39,68,27,34,12,58,60,155,94,24,72,165,106,2977,169,203,945,1000
06037405302,694700,1886,2213,54,187,22,23,704,80,98,43,77,893,124,2949,451,5659,0.3878,139,1597,5405.0,8571.0,0,1629,3811,5688,5275,5612,868,1597,75,13,108,88,31,28,20,122,122,74,47,10,148,205,93,58,221,216,254,105,5688,458,338,1597,1629
06037405400,609700,1784,2154,17,35,126,5,236,197,84,132,14,1012,79,2692,242,4983,0.3624,130,1248,6203.0,7265.0,0,1276,3665,5027,4792,5027,704,1248,17,197,36,17,32,35,47,161,77,33,53,14,166,135,168,110,175,74,77,29,5027,427,392,1248,1276
06037405500,691500,1866,2173,64,46,46,24,524,68,126,115,81,1267,185,3066,775,6207,0.4165,66,1791,7787.0,10128.0,0,1897,4328,6207,5371,6113,1025,1791,7,69,136,51,48,17,64,230,158,88,59,113,190,160,188,175,193,253,160,100,6207,636,560,1791,1897
06037405600,693700,1193,2178,82,49,23,61,563,216,97,73,40,1164,100,2879,639,5739,0.4201,139,1727,7085.0,9724.0,11,1761,3656,5748,5453,5720,829,1727,98,147,87,55,83,27,78,151,76,92,94,139,225,149,197,119,92,237,93,91,5748,531,570,1727,1761
06037405701,589600,2098,2234,0,68,59,33,444,132,75,27,93,604,173,2062,513,3637,0.3868,33,1048,3594.0,5445.0,0,1082,2179,3637,3094,3626,463,1048,55,76,39,27,39,10,67,63,65,13,0,8,73,58,227,114,40,234,116,11,3637,351,213,1048,1082
06037405702,594800,1803,2158,86,159,13,35,487,77,61,101,33,989,206,2973,501,5159,0.3746,72,1476,5640.0,7570.0,0,1560,3184,5159,4848,5108,847,1476,80,7,69,37,72,0,46,13,103,35,85,150,59,135,165,97,130,115,157,107,5159,440,493,1476,1560
06037405800,591900,2384,2142,36,20,146,75,446,93,69,95,50,1204,123,3166,367,5514,0.3846,96,1650,6847.0,8576.0,0,1699,3637,5514,5125,5492,850,1650,85,74,26,28,40,36,43,42,121,32,91,99,106,157,136,38,332,44,176,92,5514,625,534,1650,1699
06037405900,626300,1850,2264,29,25,15,54,356,143,77,27,28,914,82,2327,317,4212,0.4122,44,1270,5522.0,7183.0,34,1356,2786,4217,3969,4206,491,1270,13,38,77,65,38,8,38,15,61,43,36,41,94,78,99,17,248,59,144,47,4217,503,355,1270,1356
06037406000,644000,2405,2206,0,48,34,16,388,133,140,145,63,1149,118,3021,333,5135,0.3546,36,1537,6846.0,8895.0,0,1620,3318,5235,5002,5195,825,1537,16,89,63,146,10,21,50,46,102,135,68,59,122,199,165,120,119,190,147,31,5235,706,331,1537,1620
06037406101,630300,1692,2795,45,145,47,67,556,8,53,46,55,656,110,1994,91,3130,0.4569,90,1212,4000.0,6210.0,40,1267,2077,3206,2913,3206,480,1212,90,53,68,14,0,12,39,24,40,27,61,39,98,78,23,96,49,78,37,131,3206,402,254,1212,1267
06037406103,688900,1692,2114,422,144,102,188,1826,123,65,36,76,889,341,4711,847,7886,0.3951,57,2715,5042.0,11942.0,0,2821,4938,8008,7181,7904,1275,2715,52,68,13,227,73,53,69,97,169,111,123,47,153,257,260,318,231,57,163,196,8008,456,340,2715,2821
06037406201,771600,1525,2733,0,50,196,155,921,26,53,92,17,368,144,1710,676,3559,0.4527,4,1289,2423.0,5472.0,0,1327,2380,3655,3120,3636,586,1289,0,68,102,36,35,21,64,42,42,143,39,115,133,24,12,20,35,206,316,71,3655,117,198,1289,1327
06037406300,1067100,2178,2990,69,69,90,70,575,186,38,48,107,1362,90,2972,367,5730,0.5175,44,1937,10592.0,12879.0,0,2007,2238,5730,4758,5650,1080,1937,93,57,126,44,175,27,70,116,135,98,216,83,183,179,134,128,200,62,70,67,5730,1129,222,1937,2007
06037406413,779600,1935,2540,24,20,17,105,443,231,68,121,151,1663,428,3509,425,6398,0.4668,58,2106,10549.0,12782.0,0,2160,3315,6398,6206,6391,1063,2106,60,86,84,96,155,57,152,88,121,101,76,268,161,106,78,206,17,132,136,126,6398,1117,479,2106,2160
06037406500,679800,2596,2645,35,46,144,66,746,101,245,162,115,1326,404,4556,890,7712,0.3912,143,2072,7590.0,10599.0,0,2176,4367,7917,7831,7916,1244,2072,58,117,34,96,67,14,86,247,94,110,10,93,199,635,182,67,161,211,80,203,7917,587,661,2072,2176
06037406601,751000,2686,2200,35,70,22,10,292,129,160,83,87,1247,206,2716,354,5029,0.4171,131,1539,7781.0,9150.0,0,1539,2273,5037,4813,5011,841,1539,43,66,93,87,53,26,54,106,57,59,143,157,159,57,173,67,44,151,243,47,5037,741,423,1539,1539
06037406602,752200,1598,2047,45,133,10,35,359,39,132,52,14,903,124,2338,554,4676,0.4161,88,1262,5190.0,6872.0,0,1262,3168,4676,4555,4637,815,1262,23,94,74,27,8,203,29,50,148,60,90,85,75,139,102,83,62,86,105,78,4676,450,363,1262,1262
06037406701,718900,2551,2202,25,34,11,53,362,37,37,22,29,550,134,1836,197,3191,0.377,41,912,3761.0,5389.0,16,966,2193,3198,2833,3181,422,912,29,96,93,60,17,9,22,63,37,76,15,36,57,58,156,24,69,31,118,58,3198,283,256,912,966
06037406702,664600,2392,1708,87,26,148,181,1345,25,120,47,33,823,338,3560,605,6851,0.4057,189,2168,4977.0,10428.0,155,2358,3706,7019,6311,6966,893,2168,91,33,101,91,88,31,81,70,148,20,79,213,315,73,320,114,297,292,176,117,7019,499,294,2168,2358
06037406801,684200,2666,2083,47,96,23,93,390,144,104,54,60,901,190,2305,422,4801,0.361,29,1291,5493.0,7442.0,0,1335,3118,4972,4645,4863,690,1291,145,37,89,56,102,50,39,121,108,100,58,74,76,256,148,81,175,120,98,96,4972,397,468,1291,1335
06037406903,581000,1614,2209,77,15,51,132,818,209,34,158,41,1311,201,3463,1227,7245,0.45,64,2129,7948.0,11171.0,0,2175,5890,7307,7070,7240,1162,2129,74,111,151,27,153,45,68,111,212,134,151,125,206,160,474,102,128,307,217,199,7307,677,559,2129,2175
06037407001,583700,1913,1929,39,37,29,41,256,68,70,111,38,990,193,3097,498,5934,0.3888,39,1246,5922.0,7056.0,0,1300,5030,5934,5822,5883,774,1246,22,93,181,47,21,22,146,119,168,124,37,29,196,210,86,68,78,208,208,76,5934,438,387,1246,1300
06037407002,608300,2188,1658,16,14,0,0,78,60,65,58,31,639,131,1662,245,3359,0.354,40,717,3880.0,4305.0,0,773,2832,3372,3176,3324,448,717,39,53,55,56,41,19,22,29,94,21,29,44,124,111,141,94,67,92,39,22,3372,217,322,717,773
06037407101,567500,1712,1479,44,77,43,45,460,80,26,12,29,621,14,2086,672,4315,0.3943,43,1081,3319.0,5114.0,0,1089,3776,4315,4036,4303,468,1081,30,20,76,56,16,29,42,31,61,60,32,10,89,102,180,48,152,164,114,144,4315,278,234,1081,1089
06037407102,614900,2090,1983,75,0,39,71,284,97,36,122,94,989,75,2603,393,5415,0.3466,153,1273,5740.0,7120.0,0,1329,4500,5415,4969,5335,703,1273,60,148,110,36,47,67,1,136,39,77,41,20,142,180,216,69,82,148,83,138,5415,425,467,1273,1329
06037407201,548700,-666666666,1723,77,13,7,25,304,86,47,40,14,501,145,1806,264,3417,0.3993,85,805,2866.0,4369.0,0,805,2881,3425,3333,3417,361,805,43,13,47,60,7,0,49,13,37,0,36,22,38,137,193,88,52,65,153,36,3425,134,269,805,805
06037407202,612800,2064,1125,35,0,15,8,80,93,34,0,29,652,13,1555,434,3027,0.4428,129,732,3725.0,4183.0,0,786,2371,3082,2817,3062,510,732,69,108,36,10,132,41,55,162,42,36,24,20,87,73,112,56,65,94,49,65,3082,177,420,732,786
06037407301,613200,2633,1840,0,19,7,40,226,54,100,65,28,691,123,1893,241,3743,0.4051,36,917,4093.0,5361.0,0,948,2623,3752,3532,3726,506,917,22,49,147,50,4,43,29,90,11,48,52,77,119,88,114,58,87,147,121,11,3752,317,339,917,948
06037407302,579900,2702,1533,0,0,0,72,158,58,53,20,8,626,90,1514,565,3593,0.4107,8,784,3558.0,4356.0,0,784,2908,3593,3333,3542,469,784,0,57,40,62,26,21,62,25,126,51,5,26,33,203,364,177,120,146,126,38,3593,268,261,784,784
06037407400,707900,3125,1516,5,17,0,4,74,61,11,54,29,436,78,949,51,1848,0.3312,6,510,2745.0,3126.0,0,566,1184,1848,1686,1848,333,510,48,11,76,16,55,12,5,22,46,72,0,13,29,82,68,25,17,62,73,69,1848,179,249,510,566
06037407501,605600,1948,1138,12,35,25,39,405,86,6,10,42,553,96,1869,410,4241,0.3479,0,958,3357.0,5165.0,0,1004,2938,4241,4114,4198,612,958,56,34,27,21,45,25,39,98,106,62,69,12,106,257,183,81,104,119,185,70,4241,225,247,958,1004
06037407502,616300,2126,1304,19,56,43,29,324,58,50,26,0,513,150,2275,272,3866,0.4504,23,837,3126.0,4733.0,9,856,3297,3905,3796,3897,481,837,51,0,39,46,14,60,45,40,49,70,34,47,15,99,146,51,33,89,164,124,3905,157,267,837,856
06037407601,551900,1743,1785,20,150,113,76,737,73,62,0,0,340,157,2235,318,4203,0.3683,5,1077,1847.0,4647.0,12,1077,3281,4203,3404,4098,577,1077,0,49,44,22,66,22,49,11,53,40,12,12,196,115,188,74,89,228,96,42,4203,106,154,1077,1077
06037407602,614200,1900,1979,100,17,16,42,335,64,117,99,42,691,278,2163,435,4026,0.3411,71,1026,4046.0,5571.0,11,1039,3087,4026,3579,4026,543,1026,67,31,37,37,22,8,31,126,31,56,17,19,5,56,182,130,59,144,192,83,4026,290,303,1026,1039
06037407701,620400,1593,1848,0,108,55,29,582,0,82,44,56,499,186,2239,534,4389,0.42,13,1081,3025.0,5357.0,0,1140,3404,4418,4240,4365,654,1081,50,26,33,19,48,41,79,66,33,68,59,74,190,209,80,171,43,59,125,102,4418,203,242,1081,1140
06037407702,577100,2184,1584,42,8,82,0,400,119,96,179,50,1321,228,3633,426,6530,0.3477,63,1721,7488.0,9596.0,0,1781,4866,6536,6369,6520,974,1721,13,31,35,104,46,28,0,114,73,172,70,79,48,239,229,186,112,199,177,66,6536,605,563,1721,1781
06037407801,580100,1792,1596,24,4,0,0,176,54,76,53,61,890,233,2666,476,5134,0.4703,75,1066,5181.0,6054.0,0,1077,3235,5148,5039,5141,608,1066,88,12,102,3,41,24,78,40,146,50,70,46,77,60,311,28,178,57,94,62,5148,312,388,1066,1077
06037407802,620200,2506,2217,18,27,45,8,183,47,93,88,47,558,77,1843,181,3177,0.3049,40,741,3304.0,4414.0,0,770,2359,3207,3005,3197,444,741,3,34,38,44,16,30,17,87,69,24,24,20,58,129,85,65,43,78,74,62,3207,187,336,741,770
06037407901,652500,2315,1778,0,0,9,0,110,112,67,68,96,777,54,2321,222,4312,0.3822,57,887,4862.0,5520.0,10,908,3163,4317,4089,4297,558,887,27,60,125,36,17,0,26,66,94,42,49,15,73,156,328,57,19,117,125,98,4317,277,374,887,908
06037407902,583300,2173,1455,6,0,0,0,139,65,3,4,13,380,48,896,123,1619,0.3689,7,519,2245.0,3058.0,0,555,733,1632,1600,1632,249,519,10,8,42,23,48,7,28,31,47,18,19,11,0,0,36,23,12,31,38,31,1632,212,152,519,555
06037408003,674900,2280,2274,28,62,51,7,263,134,84,56,37,971,99,2377,481,4668,0.3761,56,1234,6500.0,7665.0,0,1307,2970,4687,4525,4681,740,1234,129,11,151,17,106,16,49,172,88,200,33,11,87,108,142,93,47,88,231,56,4687,528,413,1234,1307
06037408004,482100,2126,2269,57,16,80,6,396,68,12,61,18,461,38,1312,341,2406,0.4372,4,857,2520.0,4077.0,0,885,1000,2414,1981,2341,361,857,0,58,32,22,16,8,48,14,54,31,41,138,109,54,63,8,48,8,16,28,2414,285,171,857,885
06037408005,843100,2291,1983,122,58,142,13,499,130,123,51,77,1240,132,2856,306,5337,0.3772,12,1739,8705.0,11751.0,0,1746,2435,5367,4959,5358,808,1739,26,76,110,40,26,46,42,117,117,85,43,82,164,99,182,66,82,148,212,70,5367,917,279,1739,1746
06037408006,662500,2047,2413,92,67,37,16,633,31,28,11,40,433,95,1983,339,3827,0.4191,100,1066,2687.0,5427.0,0,1066,1459,3878,3531,3838,592,1066,31,46,51,44,0,0,126,30,105,27,43,0,157,63,235,69,139,98,133,66,3878,263,153,1066,1066
06037408133,774900,2105,2431,109,108,212,110,1004,125,83,81,15,727,71,3168,473,5985,0.3958,93,1731,4597.0,8370.0,0,1731,3278,5988,5326,5892,851,1731,58,12,44,70,44,12,27,105,124,80,53,68,197,118,123,184,299,339,190,73,5988,402,303,1731,1731
06037408134,668900,2587,2549,59,0,19,14,145,108,100,31,17,715,67,1456,294,2598,0.3992,49,860,4383.0,5163.0,0,887,870,2641,2404,2641,416,860,36,53,99,18,32,31,70,70,134,63,18,59,70,39,8,14,18,35,44,24,2641,548,147,860,887
06037408135,683600,2241,2328,20,45,208,17,662,14,125,95,58,707,155,2470,833,4331,0.4893,6,1369,4161.0,7591.0,0,1396,1284,4336,3168,4247,659,1369,73,57,43,76,0,14,83,65,196,27,8,48,104,140,141,58,161,26,160,40,4336,483,211,1369,1396
06037408136,631900,2706,1928,16,33,32,40,183,124,125,69,11,828,143,2032,289,3718,0.3057,23,1011,5003.0,6012.0,0,1011,1740,3718,3379,3659,658,1011,23,28,36,88,44,45,46,38,52,108,22,39,16,65,132,40,97,31,142,100,3718,377,409,1011,1011
06037408137,562500,2281,1137,60,185,67,115,797,112,22,18,16,623,92,2294,502,4099,0.3918,24,1420,3366.0,6660.0,0,1500,1754,4099,3661,4093,663,1420,6,43,42,32,42,10,89,35,101,98,12,34,32,118,86,110,21,133,176,99,4099,350,263,1420,1500
06037408138,210700,1851,1213,40,68,23,0,256,118,91,0,50,990,77,2421,291,4798,0.3504,77,1246,5578.0,7089.0,0,1325,4367,4889,4847,4873,621,1246,80,36,51,22,11,38,67,123,145,78,14,65,127,137,165,49,155,111,173,48,4889,463,447,1246,1325
06037408139,612500,2938,1556,33,21,8,7,136,77,69,53,51,707,214,2270,545,4342,0.3571,27,843,4028.0,4865.0,0,846,3843,4478,3981,4380,537,843,52,54,92,35,45,16,18,66,61,78,32,43,174,207,114,105,151,142,80,117,4478,224,249,843,846
06037408140,543400,1577,1621,49,73,15,15,263,47,39,28,15,530,104,1910,378,3384,0.3703,38,793,2887.0,4410.0,0,852,3183,3409,3182,3407,331,793,10,26,10,72,24,1,25,50,56,41,32,10,127,35,178,142,51,72,153,79,3409,146,293,793,852
06037408141,575500,1856,1827,35,37,0,8,218,99,41,61,37,792,325,2151,884,4014,0.3612,8,1010,4587.0,5685.0,0,1032,3314,4075,3954,3991,480,1010,47,29,59,67,11,0,36,52,144,98,30,42,121,129,128,110,0,20,212,201,4075,353,305,1010,1032
06037408212,693100,2650,1415,50,44,8,9,279,91,49,32,31,1100,129,2171,469,4748,0.4232,56,1379,6516.0,7900.0,0,1388,1788,4750,4385,4692,899,1379,82,74,57,225,62,38,86,60,253,129,53,38,74,247,195,60,66,92,113,144,4750,682,256,1379,1388
06037408213,548600,1896,1573,79,99,102,62,798,7,135,143,30,994,289,3193,786,5724,0.4163,84,1792,5281.0,9249.0,0,1834,2003,5787,5443,5769,967,1792,131,64,184,30,68,47,141,87,107,66,45,71,122,156,93,82,140,131,173,68,5787,670,313,1792,1834
06037408301,593500,1797,2031,10,83,26,26,462,104,51,150,31,1043,410,3388,910,5852,0.3879,19,1505,5774.0,7826.0,0,1570,5151,5923,5669,5895,820,1505,153,53,29,45,93,14,44,157,36,92,32,22,126,82,161,142,85,136,197,118,5923,363,544,1505,1570
06037408302,636000,2452,1815,29,23,18,12,265,111,54,20,143,757,129,1618,302,3350,0.4166,0,1022,4754.0,6073.0,0,1070,2661,3350,3157,3264,604,1022,22,79,15,72,45,66,26,40,61,16,112,17,110,18,110,44,87,105,118,52,3350,442,300,1022,1070
06037408303,753500,2367,2409,0,40,0,7,135,165,66,89,48,1143,73,2068,237,4087,0.4208,103,1278,7515.0,8345.0,0,1278,3224,4228,3971,4074,798,1278,19,52,105,57,50,0,30,106,157,136,19,21,244,96,149,29,122,67,108,89,4228,755,274,1278,1278
06037408401,623500,1754,2125,22,35,60,36,443,70,9,165,28,784,106,2335,515,4315,0.4237,82,1227,4452.0,6349.0,0,1276,2771,4352,4123,4324,564,1227,40,115,84,80,8,52,108,30,185,33,82,128,127,123,148,78,53,65,50,33,4352,274,462,1227,1276
06037408402,753800,2604,1468,13,113,0,10,287,90,86,52,16,1645,101,2972,714,6169,0.3632,104,1932,10891.0,12580.0,13,1994,3314,6286,5838,6277,942,1932,166,93,250,90,63,90,86,160,222,186,224,68,80,75,153,65,132,202,252,118,6286,1075,511,1932,1994
06037408503,903800,3500,2743,29,13,16,7,220,196,139,126,68,1771,197,3341,321,6911,0.4071,93,1991,12417.0,13945.0,0,2072,2554,6923,6734,6908,1464,1991,122,166,244,70,90,111,72,109,230,147,58,106,127,227,183,91,286,301,116,122,6923,1230,479,1991,2072
06037408504,741200,2266,1350,76,133,114,46,668,97,25,11,57,778,205,2933,523,5418,0.4281,71,1446,5025.0,7973.0,15,1568,2866,5418,4957,5291,694,1446,63,6,154,31,37,20,13,127,72,66,69,75,173,170,120,77,238,201,147,70,5418,408,308,1446,1568
06037408505,940400,2978,2946,26,0,19,15,180,62,38,37,17,539,49,1065,330,2367,0.5514,23,719,3487.0,4508.0,0,768,873,2373,2212,2373,436,719,18,50,48,71,16,51,29,51,61,61,73,41,43,64,93,40,79,33,62,65,2373,366,146,719,768
06037408623,804000,2301,928,57,57,0,19,321,35,56,23,13,669,62,1507,211,3117,0.4057,9,990,3943.0,5631.0,0,1045,445,3117,2697,3095,591,990,5,97,68,69,37,63,59,59,37,89,65,67,60,119,73,86,128,86,47,4,3117,490,133,990,1045
06037408624,804000,2159,1368,35,11,0,11,172,113,47,74,64,875,18,1487,344,3052,0.4297,29,1047,5801.0,6711.0,0,1112,753,3054,2932,3054,579,1047,45,27,119,59,17,35,19,91,122,52,51,105,16,55,134,74,10,12,98,7,3054,548,317,1047,1112
06037408625,857600,2988,1973,10,15,8,0,219,138,116,54,104,1077,51,1907,250,3873,0.3748,47,1296,7301.0,8601.0,0,1313,1436,3873,3772,3873,906,1296,62,27,20,190,60,21,20,162,5,185,67,41,52,133,184,91,58,57,95,66,3873,789,281,1296,1313
06037408626,915800,2211,2375,12,109,32,27,467,34,69,49,120,940,114,2049,308,3778,0.4912,41,1407,6392.0,8242.0,0,1637,632,3778,3452,3762,914,1407,56,100,112,64,38,61,91,111,80,109,145,48,99,29,23,86,52,23,128,12,3778,736,197,1407,1637
06037408627,919700,3364,2209,7,23,6,12,122,33,73,15,44,743,92,1399,250,2626,0.4534,20,865,5065.0,5913.0,0,917,548,2626,2484,2611,617,865,16,66,125,44,47,46,28,93,82,62,53,26,7,79,35,40,34,66,37,47,2626,517,224,865,917
06037408628,800700,1945,1409,53,101,38,84,680,122,44,21,30,1209,70,2652,674,5591,0.4239,114,1889,7275.0,9929.0,0,1930,1536,5591,5133,5479,906,1889,65,100,175,46,35,50,148,74,154,96,168,92,105,164,142,93,174,164,166,76,5591,840,328,1889,1930
06037408629,849400,2500,1423,41,7,0,10,155,23,28,47,42,793,151,1614,398,3069,0.4157,48,948,5050.0,6037.0,0,1008,1020,3069,2923,3054,511,948,55,30,94,27,63,28,41,36,147,87,90,51,103,58,54,73,96,32,37,18,3069,498,290,948,1008
06037408631,642300,2206,2228,53,8,14,73,337,91,221,82,56,1106,165,2627,834,4975,0.3817,131,1443,6732.0,8668.0,0,1483,2457,5014,4639,4980,863,1443,69,78,48,25,62,38,24,102,89,91,7,71,33,179,77,62,67,162,270,62,5014,629,356,1443,1483
06037408703,1153000,3501,2873,25,19,0,0,122,98,210,98,64,1664,285,2813,595,5514,0.4845,71,1786,12018.0,12920.0,0,1908,844,5547,5079,5478,1293,1786,53,194,117,102,41,59,112,137,206,75,48,111,204,138,148,77,104,15,63,101,5547,1205,459,1786,1908
06037408705,741500,2154,1909,14,72,45,55,481,118,27,116,47,1367,170,2703,600,5476,0.4561,29,1848,7787.0,10301.0,0,1887,979,5540,5309,5503,994,1848,67,195,81,155,53,30,50,94,87,137,88,93,189,176,384,88,78,97,117,42,5540,889,396,1848,1887
06037408707,1012300,2295,2294,3,21,48,0,177,215,154,73,75,2015,225,3284,366,6480,0.4819,84,2192,13762.0,14614.0,0,2332,731,6507,5813,6483,1563,2192,90,134,190,161,95,79,216,80,226,133,48,31,92,66,57,190,79,103,335,94,6507,1540,409,2192,2332
06037408722,662200,2570,1114,0,13,0,40,208,71,97,57,57,1066,147,2165,584,4227,0.3673,26,1274,6020.0,7186.0,0,1315,1161,4244,4031,4237,790,1274,55,87,231,57,29,12,19,168,186,70,13,101,129,82,60,39,67,95,74,88,4244,572,377,1274,1315
06037408724,890600,1707,-666666666,234,202,251,144,1569,0,0,7,0,32,143,3039,804,5435,0.3507,209,1601,199.0,5686.0,0,1635,3766,5435,4906,5411,784,1601,17,60,43,30,0,20,26,29,50,10,11,9,208,272,76,113,303,230,231,114,5435,25,7,1601,1635
06037408725,668200,1891,1783,41,51,119,81,858,106,26,124,41,1083,125,2825,752,5848,0.4544,60,1941,6655.0,10110.0,27,1973,1840,5854,5504,5833,814,1941,96,131,185,88,38,155,226,140,171,142,88,56,38,51,130,164,176,142,153,79,5854,587,447,1941,1973
06037408800,573500,1789,1653,89,165,152,67,1608,0,47,0,0,209,299,2689,859,4604,0.5001,67,1817,1113.0,6094.0,0,1985,3189,4759,3709,4716,494,1817,16,21,58,22,0,14,0,38,11,0,0,25,208,77,161,44,153,98,115,27,4759,61,68,1817,1985
06037408900,738800,2146,1642,87,38,192,27,871,169,135,79,24,1444,127,2605,478,5450,0.4898,88,2315,9205.0,13476.0,15,2530,1951,5529,4973,5529,1158,2315,77,86,92,262,168,102,126,185,394,204,268,125,105,50,161,92,70,76,194,77,5529,1117,314,2315,2530
06037409000,491000,2145,1483,34,195,274,113,1200,65,397,81,0,1059,234,4107,1623,7435,0.3813,113,2259,5128.0,9899.0,0,2389,5732,7610,6635,7588,1257,2259,171,42,147,48,25,31,68,79,95,75,23,72,236,149,113,85,181,403,237,122,7610,621,270,2259,2389
06037409100,618400,2035,1811,17,102,54,59,564,118,44,50,56,885,184,2848,915,5543,0.4306,64,1449,5763.0,8893.0,0,1449,3415,5576,5080,5540,710,1449,15,83,107,39,19,81,19,150,65,62,40,48,74,224,159,167,180,225,80,93,5576,491,287,1449,1449
06037430003,857800,3160,2672,8,36,9,0,165,180,260,54,44,1469,110,2755,158,4848,0.3704,3,1634,9481.0,10510.0,0,1647,1757,4848,4582,4813,1168,1634,15,70,131,111,56,15,81,45,221,165,49,78,165,134,135,32,15,126,159,86,4848,1100,288,1634,1647
06037430004,657200,2130,2202,50,38,71,13,417,5,107,161,49,715,78,1712,192,3277,0.3994,13,1132,4329.0,5764.0,0,1197,1556,3331,3055,3331,549,1132,45,86,90,12,23,35,19,88,98,67,67,89,123,69,174,80,31,38,48,17,3331,442,238,1132,1197
06037430005,724200,3189,1790,31,186,21,36,417,140,72,49,70,905,320,2217,190,3822,0.4094,25,1322,5337.0,7863.0,0,1406,1760,3822,3367,3749,703,1322,68,104,68,88,27,32,70,54,103,118,54,49,55,146,47,15,166,98,0,72,3822,544,318,1322,1406
06037430101,599500,1474,1656,166,71,161,129,1188,78,46,41,115,815,43,2394,702,4879,0.4843,181,2003,4584.0,8692.0,105,2072,2445,5018,4530,4970,657,2003,33,29,137,52,98,54,54,171,158,142,160,285,111,82,136,49,45,134,90,56,5018,442,337,2003,2072
06037430102,622000,2102,1810,145,38,9,53,542,61,45,55,30,701,177,2510,461,4902,0.3535,53,1243,4008.0,6629.0,0,1302,3571,4902,4309,4795,574,1243,15,129,25,17,103,0,67,77,24,103,111,72,200,75,157,130,218,97,168,101,4902,302,307,1243,1302
06037430200,1812500,3501,4001,25,5,0,5,181,36,15,12,26,294,32,484,45,988,0.5421,4,475,2260.0,3063.0,0,560,128,1041,901,1041,231,475,13,10,18,25,17,79,14,23,12,17,72,106,14,23,4,12,5,16,21,0,1041,263,26,475,560
06037430301,1125400,3085,3151,51,26,75,39,255,126,178,53,92,1452,71,2320,238,4694,0.3815,24,1707,9820.0,11125.0,0,1754,1102,4694,4334,4671,1106,1707,61,107,103,53,39,33,18,83,177,75,53,73,126,59,221,102,68,144,163,127,4694,1006,425,1707,1754
06037430302,984100,1839,2327,120,104,81,53,856,91,97,40,18,1347,92,2512,434,4850,0.4629,32,2203,8544.0,12171.0,0,2488,1148,4859,4253,4822,980,2203,72,127,72,74,32,37,14,133,124,103,163,21,107,208,113,85,222,41,64,51,4859,1059,268,2203,2488
06037430400,1651000,2051,2698,9,44,27,20,248,71,84,120,13,1163,34,2170,150,4267,0.4543,9,1411,8198.0,9488.0,0,1544,775,4267,4038,4267,1081,1411,7,150,149,143,25,56,71,212,76,41,6,94,41,37,256,122,38,155,136,86,4267,758,396,1411,1544
06037430501,1250000,2181,3231,158,6,53,25,419,213,164,101,105,1328,104,2709,162,4513,0.3948,22,1747,8834.0,10577.0,0,1895,595,4526,4205,4508,947,1747,36,55,130,126,32,17,62,61,206,145,33,25,121,55,104,142,78,83,41,103,4526,1097,231,1747,1895
06037430502,1117800,2075,2851,197,234,73,303,1609,74,139,60,66,1355,66,3511,368,6444,0.5165,86,2964,8852.0,15863.0,51,3218,1260,6494,5655,6475,1360,2964,140,102,146,134,52,28,29,182,173,177,162,168,265,149,170,57,93,213,277,41,6494,928,427,2964,3218
06037430600,2000001,3103,2638,128,2,0,0,239,15,49,80,24,1187,87,1766,319,4282,0.4391,10,1426,8809.0,10381.0,0,1579,405,4291,4009,4255,854,1426,59,170,95,92,23,63,91,51,114,34,83,69,153,123,59,68,63,73,335,56,4291,913,237,1426,1579
06037430701,1625900,2067,2009,65,78,146,46,788,55,78,56,68,1100,78,2393,283,5013,0.4459,78,1888,7767.0,11364.0,14,1974,1123,5074,4612,5064,1127,1888,86,106,148,83,57,176,78,93,95,125,61,246,161,128,179,66,61,192,201,61,5074,853,247,1888,1974
06037430721,1272500,1785,3315,62,105,33,89,635,87,69,24,38,701,226,1634,356,3226,0.4494,161,1336,4431.0,6682.0,0,1405,544,3303,3085,3262,657,1336,64,98,34,57,44,12,88,56,111,12,57,91,26,108,99,61,59,65,139,103,3303,508,181,1336,1405
06037430723,719900,2129,2202,129,117,27,182,1173,107,83,31,94,682,225,2709,369,5075,0.4321,18,1855,3364.0,8369.0,0,1953,1465,5075,4487,5050,753,1855,28,56,8,112,10,28,13,18,78,137,24,45,148,70,144,205,60,73,306,109,5075,393,263,1855,1953
06037430724,701800,2338,-666666666,241,201,205,54,1458,0,54,27,37,420,143,2555,460,4958,0.3793,58,1878,1960.0,7311.0,0,2147,930,5018,4083,5018,775,1878,0,68,134,46,0,25,35,18,34,148,17,28,58,139,337,88,89,222,147,75,5018,249,144,1878,2147
06037430801,937200,1906,2513,159,140,148,12,1222,196,102,121,19,1097,280,3635,856,7191,0.4354,0,2319,6442.0,11402.0,50,2421,1733,7235,6518,7235,1132,2319,16,104,107,44,0,0,65,57,156,0,0,64,249,202,301,108,176,462,339,178,7235,571,514,2319,2421
06037430802,1305000,2032,3257,4,8,12,7,223,53,76,41,71,1071,132,1823,252,4008,0.462,57,1294,7122.0,8235.0,0,1375,302,4008,3747,3998,963,1294,46,63,97,45,26,46,77,27,82,87,87,79,19,112,113,77,14,123,169,101,4008,622,432,1294,1375
06037430803,1245300,2366,1891,55,58,35,85,576,82,58,75,71,1238,70,2331,274,5063,0.4582,60,1814,8955.0,12157.0,16,1931,967,5079,4495,5000,1149,1814,126,116,178,114,78,113,113,96,163,65,115,80,61,219,140,48,130,153,105,38,5079,1018,204,1814,1931
06037430901,748400,1890,2502,119,60,120,46,1020,48,112,23,9,521,131,2419,450,4159,0.4466,93,1541,3060.0,7050.0,0,1597,2355,4169,3646,4150,566,1541,22,30,93,29,12,8,7,23,40,66,96,59,197,38,143,123,11,175,132,11,4169,298,195,1541,1597
06037430902,807400,2257,2089,166,159,139,91,1264,75,82,15,36,610,156,2763,289,4979,0.3596,87,1874,3426.0,8956.0,35,1997,2199,5111,4041,4993,679,1874,51,56,52,14,17,67,31,40,103,106,41,67,83,198,159,50,363,89,107,114,5111,481,122,1874,1997
06037431002,865500,1236,1455,11,10,37,16,423,54,43,11,21,823,79,1662,260,3056,0.5525,0,1246,4889.0,6366.0,0,1290,1189,3072,2604,3063,539,1246,28,101,31,33,10,50,5,97,97,79,20,61,108,59,87,113,81,54,26,3,3072,604,219,1246,1290
06037431003,811400,1965,2628,157,99,86,35,1149,0,96,12,15,457,60,2189,1240,4754,0.3911,40,1606,2586.0,7708.0,0,1689,2587,4754,4416,4692,687,1606,60,28,30,29,8,0,135,0,43,14,14,16,166,254,132,120,232,265,221,42,4754,285,172,1606,1689
06037431004,788400,2024,2140,113,185,66,70,847,106,35,12,22,407,191,2071,139,3343,0.4477,104,1254,2358.0,6109.0,0,1310,1668,3343,2929,3307,530,1254,8,48,17,67,0,21,10,83,24,44,40,6,66,75,63,73,89,75,157,124,3343,348,59,1254,1310
06037431100,729000,2078,2155,211,127,107,252,1354,220,137,99,87,1114,210,4116,782,7319,0.4172,29,2468,6546.0,11901.0,15,2517,3791,7321,6819,7230,916,2468,45,86,75,47,24,13,53,193,101,52,14,105,390,201,307,251,49,120,284,168,7321,595,336,2468,2517
06037431200,658900,1863,1680,49,89,65,54,507,36,122,132,87,1047,191,3188,421,6261,0.3393,46,1554,5717.0,7910.0,18,1554,4806,6459,5878,6353,901,1554,24,91,46,123,62,21,50,61,115,42,24,47,276,279,226,209,139,100,253,101,6459,465,458,1554,1554
06037431300,863800,2196,2509,74,23,39,7,315,84,32,54,37,537,116,1536,204,2569,0.4069,31,852,3343.0,4790.0,0,914,951,2620,2395,2554,501,852,39,64,89,18,25,0,100,36,73,18,12,26,126,84,74,35,65,119,6,9,2620,381,156,852,914
06037431400,854400,1560,1773,0,11,86,55,363,104,61,43,28,925,61,1834,341,3770,0.4475,76,1288,5544.0,7330.0,11,1392,1334,3770,3476,3753,559,1288,103,37,161,94,41,72,79,105,196,104,32,61,17,198,59,67,129,107,115,72,3770,562,295,1288,1392
06037431501,687200,1605,1488,5,81,115,74,689,50,87,28,66,819,28,1870,386,3785,0.4469,53,1508,4396.0,7341.0,5,1519,1208,3874,3385,3783,789,1508,56,54,132,59,47,45,51,103,126,122,78,75,170,45,137,59,77,66,127,23,3874,548,227,1508,1519
06037431502,853400,2305,2291,63,37,117,0,575,74,22,44,76,870,52,2490,550,4475,0.4667,55,1445,5462.0,8371.0,0,1477,1396,4531,3951,4506,778,1445,42,84,102,82,0,5,18,64,118,115,37,109,68,88,91,78,142,107,53,55,4531,537,327,1445,1477
06037431600,1510800,2159,2593,38,0,16,25,322,60,92,7,49,1011,59,1793,209,3860,0.5274,38,1333,6900.0,8452.0,0,1492,464,3913,3596,3899,815,1333,38,85,112,73,37,72,76,46,76,54,51,166,62,131,94,37,134,103,151,63,3913,772,239,1333,1492
06037431701,2000001,2039,3834,67,33,0,96,663,55,39,38,199,1419,91,2838,382,6323,0.5313,37,2082,10900.0,14629.0,52,2314,180,6323,5824,6107,1297,2082,0,267,88,211,12,315,33,52,51,113,250,50,217,203,176,64,374,220,157,75,6323,1084,335,2082,2314
06037431800,871100,2004,-666666666,86,58,37,109,859,37,99,71,13,939,25,2402,273,5071,0.431,12,1798,5319.0,9185.0,15,1982,647,5324,4491,5324,924,1798,139,58,181,186,20,65,29,158,246,47,73,311,130,141,209,63,40,162,135,140,5324,669,242,1798,1982
06037431900,1018600,1775,1239,16,48,53,103,646,23,16,32,49,662,227,2181,301,3688,0.4242,43,1308,3890.0,6588.0,10,1476,524,3688,3436,3624,488,1308,5,18,122,71,50,15,0,77,197,19,56,46,71,78,66,84,91,47,144,74,3688,377,223,1308,1476
06037432001,938800,1910,1494,21,13,4,34,163,36,36,29,0,475,84,1018,82,1930,0.5091,47,638,2973.0,3720.0,0,651,338,2261,2145,2261,463,638,55,47,52,26,21,44,0,59,106,34,127,93,16,23,18,24,59,84,36,43,2261,314,161,638,651
06037432002,984500,1815,1878,62,82,112,34,587,143,64,108,23,1194,210,2626,611,5416,0.4529,81,1781,7529.0,9861.0,0,1876,1026,5416,4735,5387,1014,1781,142,108,109,95,29,42,51,151,66,62,95,73,176,327,201,33,89,155,163,124,5416,747,414,1781,1876
06037432101,884700,2754,2317,17,101,48,18,277,90,162,75,41,1113,121,2634,307,4702,0.3201,48,1390,6781.0,8158.0,0,1438,746,4756,4362,4692,762,1390,33,85,73,0,65,44,82,86,111,28,85,93,138,185,221,53,86,171,123,54,4756,676,329,1390,1438
06037432102,936000,2492,2223,2,30,11,35,257,124,68,142,68,1461,156,2682,347,5463,0.4352,35,1718,9163.0,10442.0,0,1816,679,5479,5000,5419,1058,1718,63,67,130,23,72,56,24,82,200,67,72,116,191,184,340,143,67,181,192,112,5479,918,476,1718,1816
06037432201,713000,1953,1645,43,53,25,232,529,88,69,28,36,861,106,2825,390,4573,0.3753,27,1390,4898.0,7317.0,0,1469,575,4693,4447,4684,657,1390,29,73,69,203,41,30,49,76,140,47,115,102,85,78,73,190,81,142,16,30,4693,427,396,1390,1469
06037432202,778900,1726,1323,44,91,66,0,475,49,18,37,38,669,144,1873,283,3524,0.4127,0,1144,3939.0,6085.0,0,1238,1029,3544,3431,3537,543,1144,44,42,103,44,39,122,62,34,156,97,26,40,54,77,119,19,62,72,58,34,3544,354,306,1144,1238
06037432300,635800,2221,1652,58,75,50,34,447,62,77,27,27,692,75,1888,362,3946,0.3775,74,1139,4016.0,5787.0,0,1139,1960,3960,3630,3953,569,1139,40,85,57,110,11,63,71,63,43,63,37,58,210,181,191,106,81,202,104,86,3960,351,307,1139,1139
06037432401,686300,1949,1752,39,134,106,51,590,10,29,51,5,463,85,1867,521,4130,0.3605,67,1053,2388.0,4896.0,0,1066,2586,4217,3994,4176,508,1053,119,58,21,58,0,45,72,90,59,37,45,50,162,115,193,135,143,194,69,158,4217,243,200,1053,1066
06037432402,661300,1672,1321,85,195,69,58,1077,23,35,118,0,542,111,2610,996,5350,0.3941,189,1619,3083.0,7271.0,0,1673,3170,5378,4966,5271,618,1619,43,29,115,90,40,27,99,94,55,39,46,66,193,177,215,177,145,116,125,156,5378,262,159,1619,1673
06037432501,614500,1772,1667,124,52,119,38,652,57,23,51,17,650,77,2039,605,4021,0.4752,102,1302,3502.0,6137.0,0,1358,2274,4199,4047,4134,564,1302,52,117,85,42,33,14,9,147,149,151,42,85,119,43,66,22,95,171,27,21,4199,386,216,1302,1358
06037432502,717700,2089,1929,11,66,44,39,261,150,5,36,53,696,142,2467,207,4273,0.4239,118,957,4003.0,5425.0,0,957,2796,4310,4147,4310,541,957,34,83,60,85,11,0,115,61,93,43,0,25,260,123,85,28,85,82,57,64,4310,205,445,957,957
06037432601,655900,1779,1999,87,145,39,101,1040,13,44,38,42,779,187,3099,1426,6453,0.4615,207,1819,4730.0,9047.0,0,1892,3834,6453,6292,6443,878,1819,42,277,89,65,42,42,0,99,103,126,29,36,131,179,324,222,65,287,186,143,6453,416,288,1819,1892
06037432602,678700,1942,1754,14,8,39,0,394,18,22,32,81,762,137,2231,660,4459,0.4203,71,1156,4518.0,6409.0,0,1166,2383,4461,4344,4461,591,1156,8,130,141,42,43,65,80,119,152,22,38,185,184,104,168,93,8,114,143,131,4461,377,355,1156,1166
06037432700,620200,1475,960,103,115,155,54,921,57,0,34,16,506,145,2438,939,4575,0.387,89,1427,2774.0,6490.0,0,1551,3107,4592,4264,4477,574,1427,61,17,66,7,52,11,28,163,32,60,8,26,76,249,137,151,156,120,78,183,4592,274,203,1427,1551
06037432801,526900,916,722,41,34,79,28,600,18,18,7,0,244,26,977,657,2296,0.5053,94,844,1194.0,3127.0,0,904,1455,2307,2227,2307,316,844,28,25,46,35,68,85,56,18,107,51,93,134,50,52,67,26,28,64,31,59,2307,71,144,844,904
06037432802,531800,1679,803,88,179,165,118,1305,12,14,0,0,184,340,2698,1279,5365,0.4085,155,1489,851.0,6406.0,44,1559,4213,5389,5047,5348,333,1489,20,17,96,120,0,42,18,9,132,32,9,25,225,155,77,164,209,167,187,41,5389,56,122,1489,1559
06037432901,799400,1692,1464,56,14,113,88,717,35,84,24,12,494,82,2321,758,4236,0.3974,20,1211,2796.0,5716.0,27,1308,1560,4265,4168,4265,705,1211,43,44,60,20,36,38,69,84,87,31,34,62,82,83,141,60,30,65,247,132,4265,157,291,1211,1308
06037432902,733600,1737,1080,49,29,3,16,261,26,24,5,33,540,122,1470,266,2907,0.4914,29,801,3030.0,4223.0,5,903,921,2993,2913,2993,453,801,70,27,81,68,39,43,80,64,51,88,64,38,91,48,105,127,13,64,89,29,2993,212,287,801,903
06037433103,581900,1639,1232,58,119,125,167,1055,73,19,38,15,814,262,3488,861,6628,0.3983,177,1869,4164.0,8271.0,0,1925,3533,6702,6334,6628,1016,1869,108,118,149,95,36,15,90,169,113,127,68,57,181,180,197,124,97,74,163,161,6702,399,270,1869,1925
06037433200,632400,1464,1680,86,6,118,68,807,68,51,58,31,851,247,2988,877,5994,0.4135,81,1658,4924.0,7584.0,40,1804,3961,6089,5773,6037,970,1658,43,238,32,46,41,37,145,62,130,105,65,93,140,136,91,133,170,233,203,193,6089,390,378,1658,1804
06037433302,604200,1555,-666666666,68,41,74,40,405,0,0,7,0,105,73,967,37,1837,0.532,12,510,444.0,1992.0,0,516,1106,1837,1506,1837,248,510,14,45,13,0,0,15,0,26,25,26,6,6,57,64,40,32,48,35,36,13,1837,60,27,510,516
06037433304,622500,1570,-666666666,34,130,75,0,888,52,21,0,0,303,144,1635,903,3836,0.5306,63,1191,1637.0,4897.0,0,1207,2589,3999,3549,3999,421,1191,75,35,118,32,24,40,26,31,75,58,47,66,50,87,331,136,58,175,184,73,3999,158,123,1191,1207
06037433305,621600,1729,2050,69,173,164,150,1077,7,14,7,0,176,132,2068,770,4538,0.3801,167,1253,996.0,5246.0,0,1275,3440,4570,4172,4519,542,1253,69,112,137,14,8,108,41,52,38,46,77,92,138,72,191,107,191,54,128,89,4570,62,109,1253,1275
06037433306,595200,1691,1594,86,45,58,26,414,0,26,50,0,367,63,1403,541,2904,0.4326,90,781,2148.0,4002.0,0,832,1623,3056,2767,3041,274,781,20,38,54,53,0,51,17,39,104,41,19,58,64,72,107,39,17,127,125,58,3056,220,147,781,832
06037433307,555400,1986,1722,10,75,53,0,410,18,16,0,16,392,61,1401,502,2738,0.4161,125,802,2069.0,3955.0,0,818,1629,2738,2682,2709,390,802,41,32,53,48,39,22,35,74,67,32,39,15,48,56,215,89,84,6,175,46,2738,166,212,802,818
06037433402,681700,1582,1625,142,125,6,75,827,0,66,11,6,364,197,2519,579,4549,0.4001,73,1191,1950.0,5398.0,0,1196,3222,4616,4499,4616,494,1191,0,94,108,0,56,0,64,66,116,96,39,17,17,79,197,122,57,127,176,103,4616,113,251,1191,1196
06037433403,613300,1494,1875,101,72,112,57,944,29,10,41,0,299,36,2271,1057,4860,0.3688,89,1243,1487.0,4622.0,0,1243,3652,4860,4415,4836,598,1243,109,114,16,32,0,14,33,65,70,33,0,36,242,164,253,57,118,161,267,144,4860,53,199,1243,1243
06037433505,729500,1612,1730,93,121,72,51,738,29,0,0,0,373,250,2196,512,3981,0.4989,39,1111,1916.0,4911.0,11,1156,2486,3981,3574,3913,569,1111,16,43,34,82,0,27,62,211,58,25,14,3,7,77,107,63,129,77,103,33,3981,93,253,1111,1156
06037433506,491500,1467,1145,72,35,80,130,810,28,18,0,15,253,240,1511,966,3537,0.4512,92,1063,1137.0,4150.0,72,1106,2839,3579,3385,3568,344,1063,21,53,94,24,6,16,25,0,63,76,10,44,59,73,199,156,51,82,76,152,3579,69,137,1063,1106
06037433601,713300,1662,1095,60,58,92,0,783,31,29,11,48,541,79,2298,307,4873,0.3995,77,1324,3087.0,6501.0,0,1366,1652,4873,4485,4799,752,1324,60,25,97,81,70,134,136,51,142,79,63,138,60,99,148,68,68,112,23,69,4873,200,281,1324,1366
06037433602,660200,1801,1216,54,57,17,52,449,19,41,38,0,395,129,1224,593,2730,0.5029,78,844,2048.0,3800.0,0,883,757,2730,2461,2689,472,844,32,29,30,98,45,19,82,46,148,55,15,15,19,30,153,65,56,27,33,52,2730,171,183,844,883
06037433803,611400,2029,1724,5,35,7,44,221,57,80,20,14,635,98,1475,773,3240,0.3571,71,856,3584.0,4617.0,5,888,2156,3240,3111,3215,502,856,38,57,31,37,75,7,58,35,116,55,90,57,89,28,153,94,51,86,66,112,3240,257,329,856,888
06037433804,430500,2063,1694,22,58,90,20,651,8,50,101,0,384,145,2143,1702,4542,0.4137,141,1035,2036.0,4669.0,0,1048,3801,4581,4012,4444,475,1035,39,31,53,15,26,0,47,22,34,81,12,30,333,137,178,106,320,104,149,138,4581,244,86,1035,1048
06037433901,620800,1733,1444,140,80,133,0,957,11,17,11,33,401,90,2772,1145,5401,0.3729,152,1358,2245.0,6174.0,15,1373,3628,5401,5025,5378,666,1358,36,24,45,72,0,31,35,70,36,26,29,42,57,149,160,77,222,68,294,131,5401,130,215,1358,1373
06037433903,579400,1663,764,142,9,46,43,816,28,75,24,6,647,108,2304,1468,5422,0.4333,117,1463,3483.0,6727.0,0,1546,4681,5432,5050,5314,670,1463,8,80,43,40,27,37,89,28,53,48,21,119,272,89,182,137,252,112,258,88,5432,348,222,1463,1546
06037434001,574800,2080,1193,21,52,29,24,360,31,14,29,15,676,292,2294,689,4408,0.3437,89,1036,4029.0,5987.0,4,1106,3475,4531,4127,4476,555,1036,12,48,69,48,33,0,30,68,59,31,34,92,170,122,162,85,294,134,206,148,4531,295,242,1036,1106
06037434003,574800,1794,1158,94,67,54,72,545,31,44,5,29,390,94,1888,519,3642,0.4024,32,935,2029.0,4239.0,0,979,3214,3704,3362,3681,405,935,24,30,47,62,5,13,53,70,34,51,18,19,185,98,106,105,41,105,149,89,3704,123,173,935,979
06037434004,597100,1496,1583,60,44,11,6,298,51,46,24,0,424,73,1536,366,3136,0.4084,44,722,2131.0,3412.0,0,722,2400,3136,2928,3122,446,722,68,73,7,23,33,131,41,50,124,31,44,64,104,114,73,36,59,73,149,21,3136,89,291,722,722
06037434100,612200,1771,1850,109,35,62,46,700,160,43,70,62,883,152,2909,889,5908,0.3933,59,1583,4780.0,7717.0,0,1643,4336,5919,5546,5875,791,1583,53,36,187,16,32,37,80,58,114,76,77,133,118,113,254,149,167,145,168,257,5919,283,499,1583,1643
06037460001,2000001,2302,3215,11,0,0,7,52,22,30,61,55,601,31,991,33,1853,0.4801,7,653,4686.0,4914.0,0,653,150,1853,1758,1848,509,653,56,54,36,24,26,54,31,39,40,33,62,34,86,71,69,45,18,43,43,10,1853,532,69,653,653
06037460002,1195100,2379,3326,7,40,0,24,187,164,93,44,61,914,64,1491,65,2748,0.3599,18,1101,6139.0,7306.0,0,1149,433,2748,2623,2740,710,1101,80,72,99,7,49,72,55,90,84,70,36,23,26,85,33,64,41,106,53,29,2748,758,149,1101,1149
06037460101,1290300,2215,3033,0,11,19,69,192,153,157,139,17,2149,272,3122,187,5650,0.5011,36,2341,16084.0,16877.0,0,2444,626,5650,5378,5619,1460,2341,63,89,277,68,62,219,41,130,221,228,212,14,145,126,54,103,66,133,24,23,5650,1922,227,2341,2444
06037460200,1175000,2220,3491,29,15,49,56,336,320,142,116,142,1583,331,3195,567,5835,0.377,81,1919,10594.0,12149.0,0,1965,1627,5841,5523,5790,939,1919,7,5,91,117,162,45,23,45,47,273,138,74,188,167,140,2,188,198,245,126,5841,1178,334,1919,1965
06037460301,1089200,3228,3025,64,77,15,0,251,117,97,78,62,1218,162,2690,211,4643,0.3959,78,1469,7670.0,9025.0,0,1631,841,4779,4231,4750,883,1469,36,96,50,37,84,27,60,145,135,52,40,24,189,137,191,16,145,150,263,72,4779,830,324,1469,1631
06037460302,824300,2543,2258,15,41,70,66,445,140,120,8,99,1206,341,2379,253,4366,0.4438,6,1651,6614.0,8860.0,0,1665,1714,4399,4028,4357,570,1651,83,0,40,51,0,35,84,218,116,20,51,49,119,52,203,145,90,42,129,70,4399,748,413,1651,1665
06037460401,1067500,2357,3134,33,0,9,12,137,22,28,25,10,235,67,677,74,1093,0.3851,0,372,1542.0,2201.0,0,397,280,1093,890,1086,208,372,20,13,13,20,4,0,22,14,19,9,0,15,20,65,11,11,20,14,34,23,1093,179,56,372,397
06037460501,2000001,3501,3498,0,15,13,0,108,203,129,36,64,1637,161,2186,152,5237,0.442,15,1745,12834.0,13404.0,0,1911,252,5249,4756,5225,1314,1745,141,69,79,65,109,28,96,114,160,83,92,70,132,230,284,181,42,214,220,184,5249,1272,356,1745,1911
06037460502,2000001,3501,3630,0,53,11,0,123,186,91,103,84,1353,89,2270,95,4802,0.3765,55,1476,10040.0,10766.0,0,1558,247,4810,4666,4810,1187,1476,47,89,140,47,24,0,51,64,80,68,44,36,39,261,240,154,189,110,221,254,4810,898,436,1476,1558
06037460601,1971700,2530,4001,52,41,4,49,350,100,204,109,114,1356,120,2509,170,5244,0.4733,12,1706,10041.0,11608.0,0,1907,713,5244,4720,5205,1332,1706,72,133,152,97,71,21,66,125,242,82,0,34,172,180,254,117,161,155,226,109,5244,873,447,1706,1907
06037460700,2000001,2468,4001,43,0,0,8,155,145,68,57,73,1321,59,2027,303,4791,0.5005,9,1476,10907.0,11834.0,25,1683,580,4791,4042,4771,1235,1476,35,93,121,100,93,53,105,121,101,134,16,113,28,179,245,231,67,133,376,69,4791,975,346,1476,1683
06037460800,2000001,3420,4001,40,0,0,10,76,60,76,122,69,1106,63,1289,35,2792,0.4319,34,1182,8193.0,8593.0,0,1361,277,2792,2365,2780,879,1182,43,32,140,133,55,61,44,82,122,125,54,66,29,34,13,48,73,104,113,36,2792,930,176,1182,1361
06037460900,882200,2182,2446,70,151,33,28,814,115,95,115,39,1119,166,3543,1329,6267,0.4432,40,1933,5878.0,9459.0,18,2007,3388,6394,5519,6291,767,1933,24,56,27,56,76,19,33,140,89,58,96,9,257,108,141,59,246,299,139,167,6394,647,423,1933,2007
06037461000,891600,2025,2654,34,42,32,53,328,220,77,39,96,1275,258,3061,551,5406,0.3988,92,1603,7636.0,9256.0,19,1654,2865,5493,5165,5454,697,1603,31,50,139,61,37,26,73,156,105,26,62,50,96,133,235,69,191,127,191,142,5493,655,531,1603,1654
06037461100,1037000,1943,3007,7,38,42,47,563,117,117,135,100,1212,97,2346,537,5153,0.4556,37,1775,7585.0,10221.0,6,1826,2018,5153,4708,5123,903,1775,36,69,124,60,44,125,94,139,140,126,165,224,91,148,142,91,180,182,53,73,5153,877,259,1775,1826
06037461200,1154600,3036,2762,33,19,14,0,231,186,76,85,74,1448,73,2261,109,4309,0.4559,65,1679,9867.0,10883.0,12,1838,877,4320,3990,4264,1111,1679,78,146,112,63,47,99,54,56,137,187,44,64,106,91,171,71,50,148,64,23,4320,1184,253,1679,1838
06037461300,1015000,1796,2414,157,69,85,59,855,89,101,82,54,1623,81,2989,673,5887,0.5339,172,2478,9330.0,12995.0,0,2564,912,6027,5707,5999,1070,2478,80,157,150,113,69,157,224,115,169,113,83,155,116,35,38,92,138,210,152,39,6027,1336,254,2478,2564
06037461400,1043200,1947,2427,65,69,80,168,690,84,54,9,31,536,113,1522,277,2669,0.4869,23,1226,3034.0,5595.0,0,1385,852,2695,2350,2672,508,1226,90,30,33,11,16,18,9,69,80,8,14,108,92,76,59,56,63,51,66,27,2695,464,63,1226,1385
06037461501,1026300,2233,3031,58,21,70,28,570,52,106,55,27,723,22,1840,390,3559,0.4001,57,1293,4397.0,6629.0,5,1366,1399,3559,3285,3522,480,1293,45,52,47,45,0,11,58,83,205,76,74,34,97,69,82,15,132,150,85,107,3559,470,253,1293,1366
06037461502,814200,1844,2296,46,59,80,86,855,116,30,82,75,876,207,2573,973,5382,0.4933,83,1731,4788.0,7893.0,0,1871,3230,6056,5411,6056,504,1731,56,80,109,111,31,86,117,169,136,159,100,277,96,158,95,102,111,90,139,129,6056,494,265,1731,1871
06037461600,885200,2081,2800,91,185,17,78,1179,92,23,42,53,546,291,2784,728,5153,0.4842,59,1725,3267.0,8610.0,0,1873,2180,5161,4906,5138,615,1725,22,61,71,28,40,65,34,65,95,40,87,56,75,97,234,224,83,68,304,124,5161,319,192,1725,1873
06037461700,986400,2536,3050,0,0,19,14,70,103,66,8,31,549,53,703,56,1323,0.5259,4,619,3762.0,4103.0,0,685,264,1344,1214,1319,297,619,61,25,58,16,30,8,42,42,103,44,38,31,46,41,13,14,29,43,21,0,1344,521,28,619,685
06037461901,834000,1679,2429,92,157,208,107,1386,10,46,31,9,342,149,2444,1425,4658,0.461,189,1728,2084.0,6795.0,0,1787,3025,4658,4100,4629,582,1728,11,62,67,0,26,9,60,9,103,36,24,0,244,83,316,192,85,81,148,7,4658,192,102,1728,1787
06037461902,1013900,2251,1125,106,157,156,133,1194,0,0,0,0,66,56,1193,579,1999,0.55,44,1260,378.0,3597.0,56,1599,416,2004,1426,2004,228,1260,23,0,34,34,10,27,62,20,9,28,3,28,25,0,0,2,11,0,0,9,2004,55,11,1260,1599
06037462001,948300,1862,2875,67,181,145,0,936,0,93,12,0,327,123,2408,766,4243,0.4433,42,1263,1943.0,5433.0,0,1311,3004,4303,3913,4261,632,1263,14,28,18,10,9,58,109,52,27,55,58,0,252,192,162,0,164,136,107,65,4303,154,132,1263,1311
06037462002,803000,1456,2800,4,76,106,46,934,6,26,0,9,182,51,1783,1399,3577,0.5268,74,1116,883.0,4408.0,0,1284,2509,3577,3254,3544,325,1116,0,51,50,6,0,0,23,56,36,38,130,6,131,170,156,66,33,118,151,81,3577,50,80,1116,1284
06037462100,911400,1961,2436,132,159,146,95,984,128,93,37,88,730,145,2830,346,4678,0.4473,81,1714,4166.0,8065.0,0,1874,2607,4710,4378,4702,717,1714,25,0,104,48,0,30,41,47,78,90,30,72,66,105,139,160,46,138,171,104,4710,395,335,1714,1874
06037462201,745500,1784,2489,208,111,219,223,1807,22,21,17,0,101,160,2100,1140,3579,0.5108,63,1908,516.0,6262.0,0,2049,1529,3615,3268,3602,289,1908,22,30,104,58,23,79,16,32,123,34,62,224,165,48,16,49,24,48,96,16,3615,52,49,1908,2049
06037462202,654000,2726,3696,165,285,104,146,1506,30,5,12,4,287,118,2267,490,3117,0.441,69,1793,1165.0,6105.0,48,2058,700,3206,2110,3186,347,1793,19,12,18,36,21,9,66,7,36,30,14,14,54,20,0,0,55,46,0,53,3206,238,49,1793,2058
06037462301,732600,2001,2750,237,218,148,142,1391,47,80,75,32,348,72,2550,443,3924,0.3314,75,1739,1710.0,6992.0,7,1921,2050,3924,3397,3924,510,1739,26,14,42,0,38,19,18,40,60,22,25,21,104,39,114,52,67,48,84,57,3924,241,107,1739,1921
06037462302,666900,2055,2842,197,195,134,167,1307,15,35,22,15,309,41,2337,619,3377,0.4223,59,1616,1441.0,6070.0,0,1731,1334,3377,2670,3331,323,1616,17,14,41,24,7,27,9,34,50,42,25,37,25,110,66,71,81,28,24,0,3377,259,50,1616,1731
06037462400,1168400,2277,2962,79,115,84,33,537,84,92,54,26,885,24,2268,498,3865,0.425,33,1422,5418.0,7701.0,23,1597,1375,3870,3570,3857,780,1422,94,53,92,31,10,16,14,91,135,5,47,42,127,102,133,58,32,138,58,27,3870,620,243,1422,1597
06037462500,1033000,2618,2283,144,46,57,48,561,122,234,252,106,2102,38,3502,177,6410,0.3619,33,2663,13823.0,16264.0,0,2823,1453,6482,5871,6421,1348,2663,123,146,69,111,142,19,158,169,125,38,115,57,157,265,148,150,74,152,136,50,6482,1719,355,2663,2823
06037462600,1250000,2628,3261,54,46,38,27,280,100,131,18,27,664,171,1270,215,2382,0.4311,12,944,4705.0,6041.0,0,960,543,2392,2175,2354,496,944,47,56,70,16,9,52,46,32,20,82,43,14,72,74,127,26,26,42,166,38,2392,555,101,944,960
06037462700,944800,1825,2172,226,114,213,199,1685,51,96,63,57,798,480,3576,1013,5668,0.4739,162,2483,4542.0,10815.0,0,2600,2167,5755,5070,5738,1003,2483,124,61,165,14,87,0,116,31,148,0,46,0,28,16,319,58,146,227,75,151,5755,563,187,2483,2600
06037462800,998200,2204,1417,78,105,51,130,720,24,21,6,47,416,70,1761,378,2919,0.4285,81,1136,2629.0,5417.0,0,1209,1006,2919,2499,2839,446,1136,9,87,45,27,9,29,30,11,48,85,0,15,150,0,69,0,99,28,111,0,2919,325,91,1136,1209
06037462900,905400,2264,2160,92,25,19,98,284,156,69,43,49,1146,68,1979,210,3654,0.4806,42,1430,6463.0,7899.0,0,1524,1232,3654,3324,3591,715,1430,68,18,76,84,19,206,15,133,85,29,8,125,220,50,29,45,93,126,36,69,3654,766,380,1430,1524
06037463000,1310800,2797,3279,51,105,106,0,529,67,30,25,5,576,23,1352,226,2691,0.4627,82,1105,3436.0,5388.0,0,1245,613,2726,2294,2659,636,1105,38,21,45,70,8,70,23,47,21,42,24,64,35,53,131,12,104,98,24,53,2726,424,132,1105,1245
06037463103,1002700,2038,2763,58,62,75,15,557,86,225,117,47,1479,69,2830,364,5567,0.4784,29,2036,8860.0,11218.0,41,2322,1945,5607,5035,5515,994,2036,51,88,164,49,118,19,171,109,105,185,78,60,129,141,174,109,219,133,173,26,5607,1026,395,2036,2322
06037463200,1237000,2156,2067,69,34,56,35,638,77,45,44,50,862,195,1937,322,3225,0.4863,17,1500,5542.0,7994.0,0,1561,1030,3262,2804,3230,630,1500,36,9,80,58,33,56,59,17,103,164,69,113,37,60,116,71,73,23,32,32,3262,689,163,1500,1561
06037463300,1209200,2127,3559,39,43,71,34,352,97,71,5,17,501,43,1219,132,2014,0.4871,21,853,3171.0,4601.0,6,939,363,2014,1871,1976,425,853,21,17,28,82,14,22,38,21,86,29,22,5,79,9,53,65,30,56,71,16,2014,388,97,853,939
06037463400,1171800,2268,2925,247,266,0,75,1387,72,83,89,13,1163,111,3572,525,5869,0.5537,120,2550,6865.0,12248.0,0,2903,1539,5869,5149,5851,1050,2550,9,99,67,75,13,21,32,114,170,54,38,29,147,267,72,20,194,127,32,17,5869,888,243,2550,2903
06037463500,765800,2247,2191,346,271,114,141,1858,25,50,36,58,625,234,3711,566,5181,0.4522,35,2483,3228.0,9823.0,69,2919,1368,6173,4439,5994,842,2483,67,0,84,68,112,18,13,33,94,37,79,68,156,45,31,48,303,79,38,38,6173,543,74,2483,2919
06037463601,671900,2310,2530,169,387,503,311,2864,105,11,83,88,634,127,4268,725,6192,0.4334,49,3498,2526.0,12639.0,0,3758,1074,6245,4941,6161,842,3498,58,27,127,186,29,83,0,0,187,92,138,236,148,0,0,95,81,113,123,0,6245,539,80,3498,3758
06037463602,653700,2788,2585,288,395,387,263,2780,135,33,51,69,644,192,3612,1029,5811,0.4265,63,3424,2644.0,11369.0,42,3804,915,5896,4773,5813,985,3424,32,0,71,117,71,91,59,27,127,249,114,74,76,33,0,88,228,58,33,0,5896,540,104,3424,3804
06037463700,1868100,3064,3625,168,291,187,80,1192,41,41,36,48,583,44,2109,188,3429,0.458,11,1775,4959.0,9245.0,0,2115,532,3429,2668,3423,655,1775,0,47,114,76,92,49,42,45,97,139,24,94,25,75,27,68,6,87,76,21,3429,572,11,1775,2115
06037463800,1587400,2657,3593,9,7,51,0,168,140,94,77,52,1358,40,2109,98,3962,0.4917,20,1526,9535.0,10489.0,0,1665,768,3993,3595,3981,887,1526,61,41,101,113,46,27,19,95,192,52,58,62,89,182,233,46,164,15,86,55,3993,1005,353,1526,1665
06037463900,1332600,3384,2829,55,106,59,74,709,59,18,45,23,713,89,1615,147,2940,0.4576,23,1422,4770.0,8067.0,0,1727,442,3115,2426,3041,598,1422,36,107,88,42,38,89,29,44,191,148,122,129,103,16,31,29,27,26,48,25,3115,639,72,1422,1727
06037464000,1248100,2341,3221,90,213,214,83,923,104,149,161,79,1507,305,3257,212,5297,0.5127,58,2430,10512.0,14264.0,51,2768,853,5348,4980,5334,1111,2430,34,92,85,56,71,56,24,73,80,216,65,157,140,126,70,97,92,51,179,128,5348,1332,175,2430,2768
06037464101,2000001,2422,3651,7,0,0,0,37,58,50,8,49,759,11,888,52,2223,0.39,10,796,6345.0,6645.0,0,858,40,2223,2154,2216,516,796,52,49,53,21,36,39,33,35,57,70,84,55,45,75,110,27,6,139,78,13,2223,619,129,796,858
06037464102,2000001,3501,4001,109,34,0,0,360,18,0,50,7,777,63,2266,413,4381,0.5179,0,1137,6479.0,9181.0,24,1440,411,4381,3420,4365,857,1137,55,43,129,81,13,42,23,59,224,115,7,40,51,172,201,99,182,88,106,114,4381,706,53,1137,1440
06037464200,2000001,3501,3233,12,9,26,14,260,116,96,73,136,1614,155,2471,247,5675,0.4865,18,1874,11491.0,13142.0,0,2065,431,5675,5239,5665,1242,1874,113,141,128,49,88,10,98,114,220,164,23,166,113,269,277,237,168,105,95,131,5675,1187,366,1874,2065
06037480002,1106700,3501,2685,9,27,29,11,229,68,96,33,92,1102,202,2003,366,3779,0.4471,30,1331,6952.0,8224.0,0,1331,619,3843,3554,3805,910,1331,55,59,70,103,177,134,43,42,91,71,32,51,27,47,91,69,101,145,95,73,3843,840,225,1331,1331
06037480011,948600,1906,2478,142,150,56,52,999,77,69,83,90,756,187,2616,887,5161,0.4446,23,1755,4506.0,8800.0,0,1903,1803,5220,4326,5180,755,1755,55,106,44,22,32,29,43,166,60,40,43,0,151,131,242,129,143,103,245,166,5220,382,340,1755,1903
06037480012,1015000,1834,1185,35,97,170,90,813,96,30,15,80,844,107,2416,461,4712,0.4346,72,1657,5511.0,8403.0,0,1809,926,4751,4177,4740,875,1657,57,87,120,48,26,42,40,88,125,97,49,146,60,141,188,58,25,195,102,187,4751,483,333,1657,1809
06037480101,1058000,2156,1760,15,66,116,32,578,9,20,109,7,732,103,1978,481,4039,0.5107,26,1310,4620.0,7136.0,0,1366,918,4106,3824,4069,762,1310,108,51,77,83,23,26,55,92,156,65,67,51,155,132,154,77,207,89,96,16,4106,471,226,1310,1366
06037480102,940100,2463,1682,88,36,69,0,466,91,31,65,36,819,119,2025,338,3885,0.4199,37,1285,5097.0,7248.0,0,1446,806,3957,3665,3943,787,1285,43,93,97,49,32,26,86,67,112,67,44,49,68,89,109,86,134,87,53,22,3957,546,251,1285,1446
06037480201,1102200,2843,2797,7,18,18,0,159,160,54,83,65,1111,63,1853,100,3646,0.4035,10,1270,7657.0,8370.0,0,1364,1116,3744,3666,3744,789,1270,23,92,71,49,31,60,32,101,81,66,29,123,51,20,128,89,57,96,206,30,3744,781,307,1270,1364
06037480202,1085900,2296,2691,10,3,34,53,236,54,83,76,22,812,65,1462,136,2712,0.432,28,1048,5121.0,6330.0,4,1127,611,2712,2601,2709,590,1048,46,61,19,87,32,104,67,123,74,61,44,51,19,57,64,54,63,40,86,57,2712,591,216,1048,1127
06037480302,823000,1855,2624,200,72,143,51,925,171,54,29,32,686,116,2245,496,3992,0.4985,32,1611,4132.0,7690.0,0,1774,1541,3992,3613,3928,803,1611,55,28,96,63,43,64,118,47,176,61,71,91,168,41,100,59,96,100,95,30,3992,500,179,1611,1774
06037480303,647000,1917,2422,81,279,166,92,1291,23,28,44,7,276,346,2816,316,4426,0.332,39,1567,1472.0,6505.0,0,1615,1415,4426,3920,4345,756,1567,99,25,83,23,9,0,50,33,74,56,71,43,185,132,44,50,131,126,47,46,4426,130,146,1567,1615
06037480304,650000,1779,2476,79,291,119,148,1365,74,15,18,22,420,101,2458,446,4043,0.5267,77,1785,2061.0,6915.0,0,1982,1346,4145,3693,4114,675,1785,35,126,117,26,70,17,105,63,104,60,86,72,19,43,39,54,79,23,47,152,4145,228,177,1785,1982
06037480400,941400,2117,3318,144,218,15,258,1270,137,67,53,67,1173,132,3169,729,5889,0.4606,116,2443,7233.0,12052.0,10,2495,1855,5893,5157,5813,995,2443,79,27,120,84,30,16,45,89,160,97,52,152,46,244,293,0,189,27,109,129,5893,865,224,2443,2495
06037480500,1809900,2165,3403,56,171,149,23,787,112,125,40,31,1359,234,3072,132,5298,0.537,51,2146,10176.0,13435.0,0,2348,959,5301,4955,5273,1088,2146,67,97,85,60,125,0,86,166,85,127,26,83,116,147,160,174,128,194,72,79,5301,1077,282,2146,2348
06037480601,1196200,2311,3122,168,132,204,257,1424,56,17,9,29,262,99,2353,294,4044,0.4173,41,1686,1439.0,6992.0,0,1686,1212,4044,3356,3984,712,1686,37,0,19,8,20,0,28,29,41,21,0,27,171,100,130,70,83,141,237,173,4044,187,38,1686,1686
06037480602,1592600,2235,3616,272,179,81,153,1215,72,55,31,55,540,78,2670,81,4153,0.434,74,1755,3624.0,8303.0,0,1831,639,4302,3976,4278,917,1755,18,13,36,16,22,38,50,44,45,22,29,106,204,121,109,89,37,112,87,134,4302,396,141,1755,1831
06037480702,1672800,2449,3380,63,59,18,37,472,156,144,73,71,1179,168,2369,140,4501,0.4441,10,1651,7762.0,10146.0,0,1817,1092,4501,3954,4459,1093,1651,70,44,109,79,45,52,36,86,156,48,25,68,218,198,265,70,66,119,189,95,4501,868,299,1651,1817
06037480703,1466000,2250,3639,125,60,50,19,570,86,131,63,30,772,88,2336,366,4074,0.4551,53,1342,4768.0,7271.0,0,1354,730,4074,3786,4016,720,1342,117,54,7,16,40,19,26,50,71,72,51,0,157,73,129,51,38,164,194,101,4074,401,343,1342,1354
06037480704,1078700,1986,3218,165,452,108,168,1359,51,64,39,53,474,66,2365,324,4057,0.4151,43,1833,2845.0,7936.0,0,2004,774,4075,3535,4075,617,1833,53,20,44,26,59,0,19,56,60,90,30,7,78,190,202,136,79,64,145,42,4075,302,159,1833,2004
06037480802,800800,1439,2598,44,17,36,11,283,72,97,110,18,815,106,1752,476,3154,0.5204,24,1098,4113.0,5183.0,0,1109,1542,3220,3124,3220,573,1098,1,68,66,48,0,52,31,49,160,80,87,65,35,42,75,48,0,82,30,97,3220,423,278,1098,1109
06037480803,862100,1808,1839,31,41,51,42,400,56,8,75,42,734,158,1768,350,3008,0.4063,10,1134,4555.0,6452.0,0,1244,1378,3027,2805,3008,638,1134,42,71,60,17,18,56,43,73,47,84,25,39,64,68,65,60,30,20,58,97,3027,496,200,1134,1244
06037480804,665400,1818,2006,94,162,190,107,1294,91,60,91,9,541,74,2606,421,4675,0.4076,47,1835,2706.0,7581.0,0,2022,1855,4675,4335,4653,890,1835,74,39,57,33,55,9,44,63,154,59,132,43,193,71,86,40,102,156,67,51,4675,360,133,1835,2022
06037480901,831600,1676,1956,126,157,116,21,1249,25,9,43,6,352,116,2152,767,3876,0.4726,62,1601,1925.0,6613.0,0,1747,975,3901,3080,3856,643,1601,46,81,73,3,12,31,43,102,37,71,50,65,38,48,41,23,89,103,54,97,3901,235,108,1601,1747
06037480902,618000,1793,1193,161,86,53,78,1078,0,16,0,15,309,98,2047,989,4012,0.4434,64,1387,1616.0,5682.0,0,1523,1560,4012,3748,4005,497,1387,23,50,41,0,42,47,8,69,42,45,79,55,135,136,45,100,56,80,306,42,4012,181,115,1387,1523
06037480903,849000,1584,2186,101,27,25,14,589,62,34,17,11,507,69,1503,421,2835,0.419,32,1096,2540.0,4626.0,27,1158,822,2873,2641,2849,460,1096,43,75,90,38,39,4,25,38,117,31,28,45,91,29,25,91,130,105,53,32,2873,313,155,1096,1158
06037481001,783200,1776,2273,86,77,110,179,1118,24,56,0,8,550,124,2064,689,4302,0.4414,78,1668,2783.0,7374.0,15,1793,1292,4582,4280,4558,577,1668,5,245,159,54,40,106,89,128,106,82,104,266,10,0,94,53,85,167,213,53,4582,354,156,1668,1793
06037481002,676900,2078,1955,225,142,136,186,1459,69,105,64,0,608,223,3076,654,5746,0.4162,166,2067,3077.0,8806.0,0,2281,2410,5748,4759,5714,851,2067,113,14,97,79,34,121,57,50,132,98,62,95,250,129,104,113,105,165,214,12,5748,380,214,2067,2281
06037481101,819900,1755,2608,142,125,60,87,1079,97,14,24,59,377,135,2199,547,3994,0.4473,41,1456,1980.0,6054.0,49,1580,1367,4275,3812,4174,599,1456,46,50,100,28,52,52,49,29,72,86,82,116,96,52,149,33,230,80,137,117,4275,224,83,1456,1580
06037481102,677700,2035,1103,146,134,215,100,1175,0,9,8,0,91,131,2185,403,3502,0.376,20,1266,437.0,5065.0,0,1433,1512,3603,3158,3573,547,1266,50,8,31,69,28,7,11,48,42,31,30,32,162,107,128,134,40,97,88,27,3603,78,13,1266,1433
06037481103,807400,1628,1486,200,47,31,41,727,88,39,74,81,1149,149,2975,879,5276,0.4403,31,1876,6253.0,9249.0,0,2031,2053,5315,5243,5315,828,1876,19,79,79,20,46,76,81,85,50,76,89,185,57,25,90,121,182,226,48,93,5315,746,300,1876,2031
06037481201,834300,2224,869,94,100,53,8,729,30,44,0,35,495,171,1893,685,3908,0.3618,36,1224,2827.0,6007.0,9,1276,1293,4000,3707,3956,714,1224,104,71,103,36,0,26,44,52,90,14,44,26,86,78,124,53,136,193,134,105,4000,319,168,1224,1276
06037481203,815900,1804,2605,86,121,40,203,1070,78,82,41,41,842,248,3747,512,6768,0.4148,58,1912,4894.0,9116.0,23,2062,2608,6768,6325,6645,922,1912,14,78,263,105,96,13,104,165,143,49,38,56,249,78,315,147,263,181,266,51,6768,441,293,1912,2062
06037481300,798900,1583,1288,17,41,4,101,304,51,20,42,10,530,32,1399,196,3072,0.3942,42,834,3080.0,4437.0,0,867,761,3072,2979,3016,489,834,39,74,99,79,22,52,66,83,104,21,15,61,73,68,40,67,124,78,104,38,3072,268,234,834,867
06037481401,753600,1802,1167,166,135,121,12,1001,4,34,41,53,709,252,3136,846,5399,0.4357,59,1710,4091.0,8209.0,7,1844,1071,5433,5188,5427,939,1710,200,99,111,49,22,65,40,90,93,21,56,67,132,52,174,79,150,81,94,97,5433,398,248,1710,1844
06037481403,843500,1710,1520,61,80,49,0,471,78,0,14,5,411,153,1638,560,3113,0.4438,27,882,2169.0,3968.0,0,947,504,3132,2909,3065,401,882,18,106,23,24,7,15,5,147,70,30,83,18,86,54,175,8,11,65,25,68,3132,202,114,882,947
06037481404,913900,1979,1272,73,39,39,11,602,18,59,21,39,597,118,1973,402,3867,0.4329,47,1199,3442.0,6187.0,0,1278,711,3867,3681,3833,605,1199,51,114,77,54,43,10,62,94,87,87,111,112,88,15,215,108,44,87,85,67,3867,367,150,1199,1278
06037481500,818300,2102,1118,27,29,30,90,480,44,79,36,32,1063,38,2067,520,4325,0.4443,39,1543,5977.0,7916.0,0,1620,881,4336,4232,4300,777,1543,71,77,159,83,34,56,34,80,220,90,105,83,89,61,141,152,81,122,38,46,4336,641,422,1543,1620
06037481603,800200,1688,-666666666,68,61,104,66,685,49,43,7,14,551,163,1954,346,3558,0.37,89,1236,3218.0,5812.0,0,1285,727,3580,3333,3524,529,1236,64,72,44,33,12,9,72,44,63,63,26,13,92,49,72,0,146,171,106,42,3580,296,209,1236,1285
06037481604,755900,2053,1831,118,107,113,87,848,36,37,25,3,581,133,2255,339,4175,0.5489,88,1429,3025.0,6401.0,15,1509,1602,4183,3399,4145,774,1429,64,63,107,39,58,18,23,67,158,92,0,70,121,199,121,65,161,22,78,63,4183,304,256,1429,1509
06037481605,778800,1712,1513,34,163,56,50,649,25,0,30,0,376,27,1530,373,2811,0.3701,36,1025,2146.0,4682.0,5,1074,1021,2811,2739,2789,362,1025,5,1,62,62,8,20,43,49,168,55,33,37,55,180,43,95,61,52,29,43,2811,187,174,1025,1074
06037481606,803800,1853,2656,216,65,158,44,1274,21,108,0,69,365,127,2301,782,4916,0.4629,55,1639,1906.0,6962.0,0,1757,1553,4916,4528,4913,922,1639,24,67,121,121,90,0,62,150,131,136,67,14,85,169,162,47,136,74,153,18,4916,142,190,1639,1757
06037481711,623600,1784,1542,85,43,106,121,1071,24,30,0,0,342,217,2334,598,4183,0.441,38,1413,1680.0,5504.0,8,1518,411,4397,4097,4397,713,1413,65,88,115,79,44,113,89,85,64,101,103,182,36,152,57,42,54,73,73,79,4397,145,190,1413,1518
06037481712,647400,1695,1304,79,100,26,118,1255,0,5,112,0,485,263,2526,1141,5182,0.4675,107,1740,2717.0,7242.0,0,1793,644,5182,4973,5131,951,1740,57,23,84,99,24,198,71,31,79,74,81,133,67,143,174,138,98,66,117,170,5182,288,192,1740,1793
06037481713,805800,1831,1442,94,84,33,30,645,0,7,30,0,327,172,1494,466,2727,0.4686,23,972,1614.0,4239.0,0,1172,460,2727,2053,2711,480,972,36,15,24,67,64,0,8,38,73,80,6,70,49,78,34,34,25,41,40,84,2727,162,121,972,1172
06037481714,703500,1497,1174,46,31,53,59,666,23,8,16,0,325,60,1081,841,2595,0.6304,63,991,1613.0,3951.0,6,1020,334,2595,2258,2589,493,991,12,6,73,48,42,81,62,60,23,103,78,176,56,12,84,61,78,32,51,23,2595,188,117,991,1020
06037481800,837500,2073,1362,6,15,0,8,110,88,82,28,30,726,36,1181,89,2276,0.4106,27,836,4072.0,4617.0,0,942,395,2282,2186,2254,417,836,40,62,56,37,53,61,7,83,75,75,58,52,30,61,38,5,19,97,63,23,2282,523,159,836,942
06037481901,887200,1969,1779,73,86,11,60,579,146,122,82,102,1403,150,2981,359,5529,0.4049,60,1982,8348.0,10746.0,0,2022,2906,5562,5254,5495,1032,1982,40,65,98,101,40,29,54,63,185,205,118,81,70,187,312,81,92,132,144,125,5562,912,418,1982,2022
06037481902,815400,2032,2574,39,67,30,51,494,23,49,75,31,616,101,1775,349,3319,0.4151,14,1110,3415.0,5415.0,0,1178,1490,3319,2853,3290,489,1110,67,60,43,35,38,47,46,38,62,79,4,17,87,85,142,57,21,103,70,40,3319,331,228,1110,1178
06037482001,946000,3188,1835,8,0,0,6,124,34,76,56,14,799,18,1044,109,2647,0.5036,5,923,5080.0,5764.0,0,991,429,2647,2413,2628,524,923,54,56,51,5,48,118,35,64,60,70,87,91,140,43,43,38,19,97,66,113,2647,528,271,923,991
06037482002,913000,2129,1869,87,210,62,148,1071,46,185,109,22,1584,294,3472,645,6816,0.4458,213,2655,9399.0,13501.0,0,2754,2072,6821,6124,6715,1167,2655,42,170,135,89,168,70,75,107,177,151,163,149,38,253,137,109,100,101,195,143,6821,1051,497,2655,2754
06037482101,821100,1787,2103,121,135,48,74,750,56,67,41,39,793,105,2445,559,4517,0.4669,49,1543,4524.0,7212.0,0,1633,1183,4525,4124,4504,767,1543,49,96,122,88,41,87,83,80,102,144,96,56,110,54,50,21,102,132,127,62,4525,473,239,1543,1633
06037482102,908000,2506,1496,47,47,15,38,233,27,44,25,60,882,85,1624,238,3264,0.4391,56,1115,5385.0,6600.0,0,1155,942,3295,3070,3284,557,1115,79,74,71,141,25,70,76,107,91,127,24,59,64,37,25,90,30,149,23,94,3295,631,218,1115,1155
06037482201,742100,1763,1781,57,65,23,104,745,32,13,0,48,600,71,1640,727,3830,0.5114,164,1345,2966.0,5748.0,0,1457,826,3857,2992,3841,701,1345,11,54,29,99,35,63,10,20,105,148,98,72,43,102,113,37,73,183,72,12,3857,275,325,1345,1457
06037482202,654000,2024,1210,124,224,81,88,1265,13,24,37,9,461,95,2787,716,5431,0.4485,180,1726,2516.0,7597.0,0,1788,1336,5441,5093,5324,817,1726,77,139,168,28,17,19,118,133,154,67,61,101,97,298,105,156,110,60,209,73,5441,313,139,1726,1788
06037482301,763500,1807,1069,75,117,62,112,773,52,51,7,4,569,169,2510,702,4855,0.4421,103,1342,2935.0,6233.0,0,1491,824,4855,4725,4855,757,1342,28,101,45,56,29,42,20,122,71,24,72,200,48,116,196,129,97,77,105,154,4855,299,186,1342,1491
06037482303,784600,1833,1505,53,96,91,150,878,87,40,17,14,528,151,2307,828,4758,0.4755,119,1406,2772.0,6241.0,7,1494,1449,4766,4376,4707,641,1406,80,84,141,44,38,49,93,178,193,111,0,61,94,73,150,138,53,148,95,30,4766,182,290,1406,1494
06037482304,726900,1513,1344,75,39,68,15,602,23,0,0,0,150,50,1346,582,2819,0.4093,68,752,767.0,3108.0,3,901,1502,2877,2751,2846,281,752,54,14,26,18,17,26,18,44,48,46,17,66,62,78,128,123,61,93,41,16,2877,39,53,752,901
06037482401,757100,1660,2025,175,38,28,25,719,29,28,25,10,294,128,1842,474,3647,0.4046,51,1013,1574.0,4455.0,0,1023,1470,3647,3540,3643,634,1013,84,31,85,53,31,45,56,56,85,51,48,22,51,25,161,95,81,82,49,75,3647,109,95,1013,1023
06037482403,853200,1521,1144,26,25,71,59,615,0,51,27,4,277,53,1455,743,3254,0.4446,31,892,1530.0,3882.0,0,939,1200,3254,3162,3244,566,892,2,12,67,64,10,78,0,22,150,71,30,68,120,68,24,85,40,31,205,70,3254,73,180,892,939
06037482404,683800,2592,-666666666,0,21,0,49,310,0,49,145,21,924,75,1734,124,3365,0.3593,20,1234,5636.0,7295.0,0,1234,227,3429,3388,3429,768,1234,7,57,87,23,13,10,29,113,147,29,37,60,0,90,78,354,11,0,78,47,3429,527,397,1234,1234
06037482502,640500,1743,699,37,51,28,30,469,15,6,14,4,367,54,1462,765,3518,0.399,18,836,1955.0,3929.0,5,937,892,3520,3400,3520,509,836,46,33,108,61,25,49,67,59,89,58,13,33,91,135,104,117,81,56,131,47,3520,110,198,836,937
06037482503,672200,1946,994,53,80,72,50,530,69,0,0,10,512,42,2026,666,4007,0.4419,28,1042,2684.0,5028.0,0,1108,793,4007,3825,4007,572,1042,60,74,55,28,35,31,139,29,44,12,11,131,151,69,123,191,75,54,129,65,4007,240,220,1042,1108
06037482521,626200,2140,1353,18,46,32,27,387,21,101,5,114,1109,173,2796,385,5157,0.3957,43,1496,5898.0,7847.0,0,1539,1441,5385,5154,5368,774,1496,148,110,117,130,60,56,180,108,145,76,124,171,175,99,106,42,192,77,107,55,5385,556,366,1496,1539
06037482522,497600,2037,1510,43,59,57,45,453,142,87,34,7,1086,105,2116,210,4064,0.351,80,1539,5876.0,7716.0,0,1539,1893,4165,3811,4137,643,1539,63,60,87,36,61,125,188,61,123,78,18,160,41,67,94,39,114,90,82,39,4165,702,336,1539,1539
06037482600,878700,2175,1892,91,11,11,0,615,188,124,100,64,1564,52,3134,303,6377,0.4213,110,2179,8963.0,11768.0,0,2449,1340,6377,6039,6309,1425,2179,73,137,96,77,180,159,36,69,239,126,68,227,70,62,100,113,165,176,210,55,6377,943,599,2179,2449
06037482701,832600,1768,1556,39,25,68,41,558,127,62,41,28,808,21,1935,454,3817,0.4125,46,1366,4586.0,6630.0,0,1435,2165,3856,3687,3849,428,1366,44,99,74,69,16,96,14,35,69,108,42,129,46,129,192,139,71,102,51,81,3856,515,287,1366,1435
06037482702,781700,2091,2074,12,7,46,4,243,71,58,29,21,600,35,1264,182,2377,0.4062,29,843,3303.0,4313.0,0,875,786,2392,2198,2377,416,843,31,67,47,47,31,19,35,47,26,30,13,78,42,26,37,30,139,37,10,76,2392,373,198,843,875
06037482801,784400,1687,875,53,74,28,55,436,37,19,40,37,882,143,1839,496,3826,0.4064,12,1318,5288.0,7223.0,0,1397,1906,3826,3676,3815,663,1318,47,42,80,67,49,0,61,56,67,54,81,151,109,86,92,87,30,205,149,88,3826,542,322,1318,1397
06037500100,1167700,3501,3008,0,0,0,0,43,158,125,55,24,1101,22,1908,70,3671,0.4244,11,1144,8503.0,8803.0,0,1211,949,3687,3104,3682,874,1144,53,57,98,80,136,50,48,86,105,109,27,28,35,73,132,20,77,58,183,93,3687,916,147,1144,1211
06037500202,1150800,2173,3384,0,0,39,35,209,202,65,55,63,1293,141,2121,168,4808,0.4536,24,1502,10305.0,11277.0,0,1660,1836,4919,4581,4848,1092,1502,24,120,108,15,173,92,9,153,117,68,65,88,46,114,226,117,168,55,208,91,4919,943,348,1502,1660
06037500203,894600,3229,2419,0,14,39,34,121,191,90,41,67,1154,68,1837,105,3976,0.3672,37,1275,7338.0,7971.0,0,1275,2068,4156,3701,4156,749,1275,46,50,57,27,57,67,34,78,87,33,106,217,218,110,104,42,154,144,56,164,4156,725,393,1275,1275
06037500204,943000,1151,2719,33,0,93,0,141,137,70,41,101,816,6,1159,125,2356,0.5258,0,957,5401.0,5708.0,0,995,290,2361,2280,2361,512,957,24,28,125,41,23,19,31,54,126,73,6,28,85,32,76,0,52,109,9,16,2361,653,149,957,995
06037500300,908300,1688,1842,39,8,0,18,172,103,139,107,27,973,38,1488,113,2691,0.3647,27,1145,6666.0,7326.0,0,1175,1488,2691,2501,2687,775,1145,7,16,204,62,97,0,120,64,39,69,96,0,44,29,54,0,18,53,76,0,2691,805,150,1145,1175
06037500402,661800,1410,2139,106,0,19,36,612,43,0,21,155,637,61,2365,338,4651,0.4694,84,1249,3261.0,5241.0,0,1263,4046,4660,4604,4660,503,1249,85,72,43,26,106,4,50,20,80,81,97,19,14,120,300,140,64,43,210,44,4660,125,411,1249,1263
06037500403,643400,1944,-666666666,0,0,0,0,20,126,96,20,98,1053,117,1592,806,3828,0.4437,57,1073,6015.0,6142.0,0,1105,2918,3841,3399,3824,634,1073,77,36,68,31,8,34,51,46,24,41,47,143,251,158,164,163,48,103,279,25,3841,535,399,1073,1105
06037500404,626000,2156,2181,46,0,38,0,237,86,94,31,32,985,131,2523,250,4364,0.3944,19,1222,5650.0,6722.0,0,1277,3832,4401,4256,4339,700,1222,115,86,47,90,40,6,49,103,93,99,49,41,124,127,218,13,75,88,101,75,4401,440,466,1222,1277
06037500500,342700,1731,1204,11,6,48,0,301,64,66,26,26,563,91,1218,289,2810,0.433,13,864,2662.0,4091.0,0,874,2648,2820,2676,2811,437,864,15,16,43,32,17,28,27,11,77,42,59,48,50,50,83,116,32,17,185,104,2820,230,242,864,874
06037500600,603400,2441,1859,43,23,12,59,360,84,66,64,22,845,54,3103,458,5845,0.3945,34,1205,4553.0,6186.0,0,1272,5660,5857,5616,5829,831,1205,0,72,44,81,11,5,24,72,39,62,56,74,172,227,177,148,60,60,220,278,5857,180,436,1205,1272
06037500700,569600,1913,1763,61,50,59,25,436,57,70,95,117,1330,186,3119,767,6311,0.4021,42,1766,7204.0,9131.0,0,1827,6064,6413,5982,6337,1000,1766,25,97,145,80,0,235,19,51,159,122,121,219,116,183,170,79,107,194,109,217,6413,709,521,1766,1827
06037500800,617600,1860,1881,54,7,0,20,264,31,93,112,31,998,73,2269,282,4634,0.4173,59,1262,5698.0,6790.0,0,1320,4496,4717,4172,4555,715,1262,22,56,100,68,81,45,53,50,101,83,33,110,115,189,80,30,417,128,31,25,4717,388,431,1262,1320
06037500900,617300,1369,2230,81,16,73,268,870,82,114,68,12,920,92,2542,973,5167,0.4957,40,1790,4999.0,7629.0,9,1880,4711,5256,5123,5256,644,1790,61,122,117,85,20,16,158,59,249,143,31,149,83,111,97,159,31,204,182,48,5256,341,534,1790,1880
06037501001,594900,1911,2112,7,20,21,96,220,54,59,61,32,504,27,1495,370,2980,0.3048,7,724,2798.0,3928.0,0,752,2832,3015,2877,2995,365,724,22,5,42,46,30,13,33,60,13,29,19,16,86,94,49,164,77,52,118,44,3015,181,259,724,752
06037501002,626000,2199,2158,11,6,0,62,219,273,173,57,50,1095,153,2367,138,4587,0.3786,8,1314,6469.0,7373.0,0,1359,3682,4598,4373,4570,860,1314,66,52,39,58,27,14,33,67,131,103,40,44,95,126,131,145,12,199,120,71,4598,548,484,1314,1359
06037501200,662500,2011,2445,11,41,50,115,509,112,121,98,116,953,186,2672,341,4953,0.3249,15,1462,5304.0,7785.0,0,1462,3686,4982,4320,4937,786,1462,22,11,0,100,33,6,32,107,174,72,46,52,166,193,202,151,122,137,121,129,4982,486,380,1462,1462
06037501301,654200,1775,2278,67,12,40,0,219,159,54,80,35,867,93,1443,112,2978,0.3529,23,1086,4737.0,5602.0,0,1111,2102,2978,2869,2961,431,1086,25,67,58,37,14,11,14,45,130,47,0,170,17,0,94,22,51,124,100,6,2978,532,285,1086,1111
06037501302,696500,1865,2538,31,234,61,83,771,95,29,0,25,793,256,2229,350,4534,0.4799,20,1564,4280.0,7674.0,0,1609,3425,4534,4339,4520,749,1564,18,98,60,55,26,58,0,114,202,19,13,63,116,264,227,24,115,94,63,39,4534,459,228,1564,1609
06037501400,637400,1849,2868,107,7,90,65,611,81,100,64,56,499,76,1808,313,3443,0.3976,27,1110,2488.0,4882.0,69,1243,2789,3443,3116,3443,487,1110,6,50,41,17,17,7,14,58,53,25,23,26,99,59,114,62,178,208,75,38,3443,289,124,1110,1243
06037501501,825900,2313,2713,24,12,6,18,133,110,84,58,53,647,25,1024,79,1963,0.3303,0,780,4270.0,4907.0,12,865,1023,1963,1792,1915,399,780,41,58,77,37,17,16,36,63,69,52,20,25,60,33,11,43,58,36,41,29,1963,539,108,780,865
06037501503,824600,1770,1647,272,211,144,135,1486,75,10,0,0,434,260,3080,912,5403,0.4002,7,1920,2961.0,8215.0,0,1999,4103,5418,5054,5334,443,1920,159,32,87,0,29,0,55,22,101,56,9,81,95,74,150,73,168,278,157,179,5418,297,132,1920,1999
06037501504,580800,1579,1209,166,176,149,116,1254,6,23,20,0,166,56,1332,638,3289,0.4584,52,1420,889.0,5014.0,11,1514,2353,3317,3072,3291,541,1420,16,10,75,52,73,96,38,45,154,46,107,117,69,83,88,19,132,254,80,14,3317,129,37,1420,1514
06037501600,968300,1848,3531,43,70,140,16,808,122,207,176,105,1382,164,3801,747,6765,0.4357,51,2190,9489.0,12782.0,0,2252,4186,7339,6332,7200,1298,2190,160,58,81,31,101,0,76,63,33,59,33,17,245,121,277,187,150,360,179,265,7339,945,399,2190,2252
06037501700,874800,1801,2608,81,41,49,48,482,83,164,19,61,861,49,1795,358,3770,0.4573,11,1343,5221.0,7319.0,0,1418,2385,3793,3386,3782,730,1343,62,116,39,56,28,29,31,55,49,32,21,176,45,264,106,76,101,142,56,47,3793,562,299,1343,1418
06037501802,741500,1945,2226,63,53,83,92,575,46,75,8,63,655,123,1706,295,3183,0.3874,27,1230,3619.0,5712.0,0,1272,2051,3219,2820,3173,565,1230,94,12,30,53,29,27,28,14,27,31,48,109,136,78,187,49,64,116,70,44,3219,368,261,1230,1272
06037501803,645600,1696,1881,20,138,214,193,1201,30,10,7,35,211,159,2506,648,4583,0.3895,55,1412,942.0,4918.0,0,1461,3465,4690,3963,4502,558,1412,47,0,51,30,4,15,0,50,33,53,8,30,120,208,176,156,283,269,173,38,4690,98,103,1412,1461
06037501804,580100,1568,2100,52,80,54,62,584,3,6,5,18,154,64,991,336,2063,0.5286,60,738,827.0,2806.0,11,838,1728,2133,2011,2122,270,738,6,30,25,13,12,12,0,58,33,52,34,19,70,81,59,38,78,64,62,7,2133,87,52,738,838
06037501900,668400,2563,1998,21,0,27,23,255,85,59,82,128,1067,60,2137,219,4309,0.3815,18,1322,6173.0,7488.0,0,1334,2744,4330,4188,4309,864,1322,61,21,80,56,58,6,83,90,74,42,38,16,107,121,137,97,111,67,191,92,4330,601,437,1322,1334
06037502003,635100,1713,2100,6,16,6,4,299,59,67,48,30,405,127,1421,493,2651,0.3874,28,704,2206.0,3486.0,0,772,2324,2675,2546,2666,435,704,9,40,26,4,5,9,15,35,30,2,26,28,56,84,193,75,55,25,86,98,2675,130,235,704,772
06037502004,641500,2007,2130,60,33,27,40,402,38,56,51,41,539,37,1582,399,3662,0.392,11,941,2993.0,4961.0,0,1037,3205,3695,3487,3662,579,941,49,26,40,30,41,9,26,29,67,66,58,8,46,251,184,164,139,58,135,47,3695,214,282,941,1037
06037502005,631400,1846,2348,0,68,36,32,340,63,164,67,21,837,39,2098,244,4392,0.3357,20,1177,4916.0,6569.0,0,1247,3412,4392,4281,4308,654,1177,24,66,26,16,14,53,18,23,77,106,43,6,159,191,216,138,61,191,91,91,4392,404,345,1177,1247
06037502100,619500,1367,1961,41,48,7,33,396,103,83,238,168,1412,88,2443,642,5128,0.4543,0,1808,7229.0,8719.0,247,1808,3793,5339,4684,5243,917,1808,63,61,88,98,12,67,86,107,74,90,29,221,125,90,74,89,229,176,256,27,5339,831,519,1808,1808
06037502200,614600,1844,2161,10,145,139,121,694,197,139,112,89,1203,186,4010,459,7093,0.3469,43,1897,6656.0,9533.0,0,1905,6141,7093,6607,7023,1268,1897,110,164,110,0,64,26,112,123,134,87,48,26,153,196,188,89,226,311,124,89,7093,555,455,1897,1905
06037502303,616400,2135,1655,42,81,17,102,705,128,30,13,39,1219,112,3428,1314,8163,0.367,151,1924,6502.0,9531.0,0,2104,7533,8229,7432,8066,867,1924,59,54,192,64,146,166,32,54,164,216,29,182,213,248,251,245,382,297,142,147,8229,483,462,1924,2104
06037502401,619300,1808,1648,68,45,32,120,449,86,66,51,103,906,183,2701,332,4911,0.3787,60,1355,4968.0,6842.0,0,1363,4590,5074,4725,4993,764,1355,59,70,16,39,6,11,59,73,48,123,34,102,186,277,109,81,108,157,253,164,5074,518,241,1355,1363
06037502402,630600,2375,2213,37,26,6,11,146,68,54,102,46,843,123,1800,248,3425,0.3822,17,989,4735.0,5517.0,0,989,3234,3470,3298,3452,595,989,48,55,61,45,78,38,58,124,111,63,45,40,7,67,72,28,127,89,144,38,3470,449,323,989,989
06037502500,610800,1827,2207,61,22,52,69,466,108,97,109,34,656,76,2040,481,4048,0.4412,26,1122,3406.0,5352.0,0,1161,4043,4255,4001,4202,456,1122,35,29,87,111,19,14,90,44,64,36,25,30,154,212,105,65,83,209,193,59,4255,246,278,1122,1161
06037502602,663600,1860,2030,52,32,33,99,701,109,65,15,39,602,115,2300,278,4136,0.3881,41,1303,3617.0,6012.0,0,1331,3601,4178,3871,4040,535,1303,50,32,46,10,38,25,36,104,78,17,40,0,146,79,40,71,135,148,117,86,4178,309,241,1303,1331
06037502603,656500,1817,2487,20,0,0,0,71,56,53,108,40,714,177,1813,217,3329,0.3561,71,785,4663.0,5092.0,0,794,2986,3329,3137,3297,451,785,23,53,23,61,7,42,16,72,195,39,20,49,26,29,189,23,126,20,151,85,3329,419,215,785,794
06037502604,663400,2103,2199,0,0,21,17,85,80,98,31,69,1030,80,1805,212,3667,0.4535,5,1115,5201.0,5649.0,0,1121,3301,3682,3565,3656,758,1115,35,75,78,30,29,26,37,72,87,68,15,44,88,93,142,77,49,186,49,34,3682,468,483,1115,1121
06037502700,582800,2007,2147,19,164,220,112,715,95,292,63,19,1379,259,4046,589,7440,0.532,91,2094,7389.0,10334.0,0,2107,6461,7569,7157,7558,922,2094,86,56,123,26,15,164,31,94,217,69,102,55,185,265,233,104,176,236,191,134,7569,624,620,2094,2107
06037502801,648900,2354,2411,24,14,31,41,177,88,168,123,110,1640,84,3314,447,6449,0.388,21,1817,9517.0,10427.0,0,1878,5090,6449,6086,6358,1187,1817,57,98,44,81,83,9,51,102,156,174,49,48,211,75,269,88,191,163,214,147,6449,837,646,1817,1878
06037502901,606100,2716,2205,7,144,9,19,256,234,45,134,35,1306,105,2983,375,5457,0.3785,62,1562,7625.0,8941.0,0,1562,4610,5457,5287,5433,871,1562,126,25,61,47,25,68,72,40,74,34,84,120,99,143,79,75,176,179,291,49,5457,617,627,1562,1562
06037503000,625000,1433,1757,81,36,191,13,700,113,44,19,0,660,319,3108,597,5594,0.3761,18,1360,3550.0,6446.0,70,1444,4700,5594,5310,5532,820,1360,44,50,16,22,0,0,6,87,6,25,10,8,282,122,149,137,153,151,170,65,5594,88,324,1360,1444
06037503103,631400,2322,1913,0,125,72,35,385,178,13,58,80,864,245,2827,549,5578,0.3603,17,1249,4653.0,6880.0,0,1304,4619,5595,5337,5457,868,1249,71,34,53,52,8,28,50,40,107,117,82,10,283,288,120,124,151,69,123,135,5595,259,438,1249,1304
06037503104,585500,1494,1867,7,0,11,13,137,33,57,83,32,536,45,1157,123,2302,0.3512,23,673,2674.0,3254.0,0,688,2046,2344,2322,2344,390,673,13,8,22,47,56,5,36,0,45,43,16,0,35,93,133,64,176,44,40,75,2344,239,229,673,688
06037503105,671900,1845,2854,132,40,18,44,375,85,81,93,90,590,52,1756,88,3392,0.2875,7,965,3465.0,4891.0,45,1014,2447,3394,2998,3352,530,965,0,37,84,16,1,19,71,93,54,27,0,9,66,84,224,206,167,106,61,47,3394,303,240,965,1014
06037503106,661800,1806,2108,42,28,112,66,427,106,100,57,6,720,55,2137,478,3961,0.4131,30,1147,4145.0,5959.0,0,1188,2948,3961,3747,3912,632,1147,23,89,33,0,0,65,86,60,10,37,16,88,78,109,168,93,164,46,93,183,3961,301,378,1147,1188
06037503201,701300,2434,2703,0,0,12,0,107,127,75,108,43,927,61,1873,454,3872,0.3885,0,1034,5335.0,6045.0,0,1080,2951,3878,3643,3855,633,1034,13,51,103,58,16,4,43,15,138,38,31,88,120,118,119,97,28,168,49,146,3878,456,353,1034,1080
06037503202,661200,1300,2419,97,22,65,29,430,193,133,96,11,840,51,2154,618,4170,0.3881,12,1270,4881.0,6509.0,0,1351,3367,4217,3905,4141,670,1270,66,74,43,80,9,13,93,33,55,62,60,30,184,136,181,53,17,129,124,48,4217,368,426,1270,1351
06037503301,650000,2178,1846,0,31,47,36,126,146,51,114,75,923,20,1926,136,3436,0.344,9,1049,5484.0,6142.0,0,1106,2378,3436,3298,3410,734,1049,12,110,23,25,15,9,12,44,49,45,0,71,34,54,184,68,82,75,90,39,3436,525,371,1049,1106
06037503302,678200,1826,2281,55,201,78,98,933,101,123,71,58,845,98,2996,764,6039,0.3854,0,1778,5117.0,8738.0,0,1827,4404,6070,5386,6036,847,1778,78,102,102,63,57,19,60,47,67,23,36,14,349,177,232,116,227,158,140,136,6070,356,408,1778,1827
06037503401,703800,2373,2313,132,16,100,70,654,151,201,116,91,1539,284,3818,242,7110,0.3501,46,2193,8493.0,10995.0,0,2312,4482,7145,6898,7123,1084,2193,58,55,239,84,13,128,125,110,84,29,74,208,82,108,415,215,20,230,402,118,7145,777,704,2193,2312
06037503402,707700,2135,2175,67,58,39,52,365,34,115,56,31,914,53,1994,259,3786,0.4353,47,1279,5427.0,7291.0,0,1350,2267,3845,3682,3823,636,1279,62,27,58,47,17,18,86,41,66,68,17,41,52,167,139,29,88,235,140,47,3845,661,253,1279,1350
06037503501,630100,1752,2573,165,34,153,99,822,163,269,55,106,1138,172,4139,166,6913,0.4108,82,1960,6652.0,10228.0,0,2029,5227,6913,6442,6811,931,1960,28,28,121,22,44,40,74,0,51,39,59,63,204,202,199,134,89,390,238,144,6913,591,357,1960,2029
06037503502,643500,2681,2656,0,0,0,23,211,109,162,83,45,831,76,1837,99,3818,0.3577,28,1042,4906.0,5977.0,0,1185,2637,3842,3687,3842,708,1042,45,4,45,27,18,0,21,82,63,46,17,50,140,199,129,45,161,192,150,173,3842,400,379,1042,1185
06037503601,703300,1889,2314,8,12,0,78,326,220,157,54,55,912,91,2146,234,3936,0.3833,96,1238,6100.0,7323.0,0,1257,2504,4140,3703,4117,774,1238,6,26,66,125,34,54,59,84,51,147,23,96,33,170,194,59,96,57,190,45,4140,588,284,1238,1257
06037503602,943800,2225,2881,19,27,0,14,151,88,124,89,99,1038,77,2008,244,3784,0.3638,45,1189,7152.0,7945.0,0,1208,1528,3786,3355,3726,924,1189,77,90,52,68,91,15,46,96,78,51,40,56,79,41,115,79,78,63,258,37,3786,657,360,1189,1208
06037503701,742200,1668,2613,63,10,129,35,697,173,209,88,50,944,93,2457,179,4884,0.3644,35,1641,5588.0,8013.0,0,1651,2348,4896,4345,4883,994,1641,17,55,128,70,39,76,42,127,88,88,106,40,54,175,117,79,100,220,149,50,4896,497,440,1641,1651
06037503702,758900,1788,2050,20,122,143,42,627,155,110,39,19,1079,77,2773,254,5158,0.3741,54,1706,6602.0,8906.0,0,1780,2880,5165,4924,5147,1195,1706,28,43,99,45,17,62,42,98,80,88,27,63,117,121,113,278,172,125,220,86,5165,646,406,1706,1780
06037503704,856700,1623,2673,21,35,86,19,595,138,34,141,108,1362,111,2157,233,4363,0.5046,44,1957,7717.0,9070.0,8,2031,1023,4365,4094,4365,1185,1957,76,183,180,287,92,141,108,169,283,180,189,173,45,82,79,38,0,61,40,50,4365,1067,262,1957,2031
06037503705,871800,1190,3038,12,0,20,0,162,72,39,13,75,903,22,1337,137,2928,0.3868,9,1065,5806.0,6431.0,0,1117,464,2928,2533,2861,584,1065,50,58,67,18,31,27,12,132,134,61,86,44,152,60,58,41,0,29,147,48,2928,701,165,1065,1117
06037503801,703700,2739,2360,31,69,11,37,342,73,145,20,58,877,146,1885,464,3718,0.3542,69,1219,5350.0,6862.0,0,1219,1792,3718,3393,3691,740,1219,20,30,77,49,55,7,115,88,71,46,36,63,57,207,26,114,77,121,112,27,3718,521,311,1219,1219
06037503802,745900,2538,2000,71,59,71,143,521,166,87,93,103,1236,83,2944,130,5186,0.382,44,1757,6955.0,9506.0,18,1757,2059,5186,4778,5176,917,1757,110,117,74,62,61,24,50,54,52,57,137,61,128,127,147,86,48,65,158,190,5186,715,460,1757,1757
06037503901,771600,2732,2863,11,7,29,11,83,67,53,59,45,623,38,1280,70,2212,0.3248,3,706,3922.0,4390.0,0,727,866,2217,2122,2212,455,706,13,30,41,40,43,11,4,46,73,14,22,43,32,69,104,16,18,82,73,45,2217,376,240,706,727
06037503902,748400,2556,2758,39,17,7,22,198,92,117,227,14,1326,74,2484,225,5065,0.3489,17,1524,7785.0,8906.0,5,1524,2540,5065,4879,4975,1069,1524,80,20,74,66,125,18,91,47,106,69,56,55,284,217,238,80,137,32,116,101,5065,720,555,1524,1524
06037504001,706400,1658,-666666666,15,63,13,31,445,73,82,114,60,995,100,2375,341,3350,0.4429,34,1440,5750.0,7006.0,0,1507,1864,5141,4211,5121,541,1440,27,72,43,55,3,147,24,50,149,61,77,153,114,137,51,66,80,54,58,102,5141,820,140,1440,1507
06037504002,721300,-666666666,2274,17,96,37,0,231,110,115,221,87,1265,59,2557,325,5050,0.3462,23,1496,7932.0,9035.0,0,1522,2825,5331,4780,5270,1014,1496,71,74,82,51,25,68,10,0,90,135,75,7,53,97,285,111,109,149,266,111,5331,670,520,1496,1522
06037504101,653000,1723,1898,30,58,37,95,502,71,100,47,58,909,222,2600,511,5061,0.3788,105,1411,5892.0,8097.0,0,1472,3536,5068,4618,4998,754,1411,41,117,65,55,17,60,146,99,62,67,64,112,94,287,129,14,168,212,146,83,5068,467,387,1411,1472
06037504200,649300,1807,2940,84,189,119,317,1622,111,31,70,82,773,166,3249,1230,7081,0.4806,116,2395,4444.0,11041.0,0,2532,4858,7160,6743,7160,1113,2395,64,23,141,211,86,84,199,87,243,157,55,57,87,189,339,177,212,96,211,92,7160,405,328,2395,2532
06037530005,843600,-666666666,1284,8,49,0,0,268,106,47,64,44,1051,33,1742,72,3428,0.4356,29,1319,6939.0,8884.0,0,1439,1138,3430,3128,3377,698,1319,35,132,158,31,86,164,38,124,85,146,72,90,35,40,51,122,94,59,21,43,3430,842,202,1319,1439
06037530006,708600,1948,1245,207,134,99,159,1190,38,41,43,8,460,259,2459,435,4644,0.3924,131,1650,2729.0,6982.0,0,1724,2881,4698,4430,4664,698,1650,18,6,74,73,0,103,36,98,111,69,24,55,152,146,87,37,105,109,156,44,4698,298,130,1650,1724
06037530007,806000,2067,2078,58,30,22,18,538,150,103,124,136,1658,220,3207,518,6453,0.4206,42,2196,11420.0,13536.0,0,2238,4492,6453,6093,6435,1057,2196,62,69,81,131,140,90,128,121,199,116,88,161,84,100,275,105,206,100,185,149,6453,1168,482,2196,2238
06037530101,570300,1634,1218,109,151,145,165,1245,85,32,0,0,463,356,2499,1453,4895,0.5111,159,1708,2529.0,7251.0,12,1772,4076,5163,4889,5117,519,1708,87,73,110,47,24,108,21,60,116,100,146,225,52,104,119,22,122,278,166,77,5163,298,148,1708,1772
06037530102,661900,1526,2056,72,47,134,97,995,128,47,33,16,653,121,2061,543,4699,0.467,19,1648,4020.0,7587.0,0,1697,3830,4817,4349,4726,676,1648,12,28,183,122,13,56,71,105,139,101,82,225,38,114,134,175,177,79,143,9,4817,321,288,1648,1697
06037530202,645300,1788,2400,28,0,36,63,372,173,248,44,9,923,145,2410,355,4107,0.4157,39,1295,5751.0,7412.0,0,1380,3833,4133,3981,4133,585,1295,51,76,76,65,15,0,62,100,142,26,21,81,77,143,94,48,24,75,140,77,4133,520,326,1295,1380
06037530203,636000,1834,804,58,12,40,67,778,2,0,0,14,198,129,1424,696,2803,0.449,103,976,1067.0,4226.0,0,1005,2307,2803,2596,2796,338,976,2,49,42,3,50,0,38,43,58,44,7,59,49,55,149,99,120,77,78,48,2803,161,37,976,1005
06037530204,626100,1771,2518,74,168,92,68,853,25,11,38,12,327,82,2211,495,3727,0.3204,27,1180,1887.0,5441.0,0,1236,3477,3735,3249,3723,436,1180,42,28,95,0,22,24,4,32,51,48,9,53,58,125,167,57,37,56,114,128,3735,152,156,1180,1236
06037530301,590900,1334,1111,41,9,78,6,368,24,12,0,13,210,28,966,251,2100,0.3715,12,578,1140.0,2628.0,0,602,1948,2100,2088,2100,291,578,19,13,8,21,19,22,9,75,36,49,41,32,15,126,28,28,40,66,85,47,2100,80,79,578,602
06037530302,581400,1479,2001,175,55,88,85,1166,34,102,44,81,747,143,3298,896,6189,0.4294,36,1913,4031.0,8533.0,0,1958,5875,6189,5670,6110,816,1913,96,59,85,104,34,10,70,49,88,84,112,21,283,169,170,90,171,159,48,237,6189,312,388,1913,1958
06037530400,620700,-666666666,-666666666,69,77,91,25,795,33,34,0,0,391,107,1140,1081,3567,0.577,113,1186,2110.0,5372.0,0,1245,2737,3576,3271,3545,533,1186,38,36,257,52,83,0,27,207,118,140,102,62,58,281,120,70,142,66,41,84,3576,250,133,1186,1245
06037530500,594700,1409,1904,153,95,45,78,659,18,8,82,13,465,185,1888,473,4001,0.3566,55,1124,2421.0,5020.0,0,1143,3639,4001,3829,3973,412,1124,19,64,60,9,28,8,94,8,90,55,57,56,127,168,131,100,76,81,155,52,4001,197,220,1124,1143
06037530603,662700,1489,1868,31,34,120,68,552,110,81,52,6,625,273,2510,585,4386,0.3817,62,1177,3629.0,5904.0,0,1267,3770,4439,4155,4386,543,1177,4,42,70,37,37,12,23,46,160,20,48,40,146,74,143,78,82,150,135,92,4439,274,279,1177,1267
06037530700,613800,1422,1469,15,50,17,16,313,36,17,17,21,236,118,1181,334,1998,0.4347,12,549,1187.0,2423.0,0,588,1875,2070,1937,2057,280,549,9,38,18,11,0,6,21,12,31,41,0,19,38,66,44,41,73,73,66,17,2070,57,103,549,588
06037530801,653600,1645,1348,98,117,98,68,752,73,49,26,26,553,222,3021,850,5903,0.3904,55,1305,2862.0,6161.0,0,1423,5047,5914,5746,5897,651,1305,65,29,47,50,50,3,0,81,67,36,27,20,143,160,128,217,131,140,238,231,5914,185,274,1305,1423
06037530802,633500,1821,2039,17,30,45,59,355,39,64,29,26,486,132,1559,442,3217,0.3853,21,841,2443.0,4076.0,0,892,2853,3224,3024,3188,418,841,25,19,41,19,13,17,6,61,54,12,16,32,104,119,157,122,60,117,40,32,3224,195,222,841,892
06037530901,653000,1611,1484,60,118,44,19,673,39,3,4,13,253,65,2141,656,3851,0.4616,0,926,1488.0,4482.0,0,950,3889,3954,3862,3949,508,926,15,26,11,4,4,17,13,28,8,18,26,28,54,127,258,189,85,137,181,129,3954,68,103,926,950
06037530902,522500,1218,1258,35,44,178,139,774,59,0,61,0,381,105,1417,1010,3712,0.458,62,1155,1743.0,4688.0,0,1215,3577,3745,3391,3684,389,1155,39,16,59,36,12,15,41,52,113,99,22,149,100,112,204,73,165,72,175,207,3745,193,76,1155,1215
06037531000,616700,1332,1276,83,112,52,59,624,53,36,31,47,548,123,2281,353,4602,0.4426,38,1172,2964.0,5889.0,0,1332,4518,4609,4531,4609,685,1172,14,38,49,0,36,29,15,15,41,52,41,108,96,117,218,92,99,117,221,129,4609,245,249,1172,1332
06037531101,621500,1733,1014,109,135,47,10,776,0,24,0,26,314,264,2397,650,4509,0.366,70,1090,1992.0,5302.0,0,1199,4501,4525,4236,4488,425,1090,21,41,30,59,65,0,35,24,28,71,0,36,148,72,262,144,120,77,151,106,4525,181,92,1090,1199
06037531102,713000,1301,1507,41,11,92,81,580,12,27,23,7,206,26,1206,579,2378,0.45,36,786,1070.0,3434.0,0,837,2369,2428,2369,2420,263,786,28,28,26,25,4,29,33,57,38,64,14,48,51,40,114,27,55,63,123,16,2428,118,46,786,837
06037531201,640100,1554,1932,217,87,160,115,948,0,58,0,32,186,23,1959,403,4153,0.338,33,1134,1016.0,4776.0,0,1215,4145,4180,3894,4180,498,1134,30,44,55,47,138,0,48,61,14,154,0,27,60,175,225,82,40,187,192,123,4180,16,159,1134,1215
06037531202,667300,1250,-666666666,125,134,121,116,953,0,32,18,19,230,190,1971,989,4493,0.3868,20,1183,1174.0,4678.0,0,1195,4368,4493,4279,4442,518,1183,47,81,90,0,0,6,85,85,27,11,47,28,68,287,284,182,156,147,91,186,4493,109,71,1183,1195
06037531301,593600,1420,1844,124,207,102,81,1037,51,39,8,0,337,96,2464,981,5335,0.396,56,1374,2109.0,6045.0,14,1466,5300,5450,5079,5414,717,1374,62,60,88,4,47,8,85,76,13,41,17,53,271,273,247,116,68,295,216,287,5450,128,169,1374,1466
06037531302,609600,1544,-666666666,106,55,137,92,861,81,8,22,44,494,87,2450,1351,5587,0.4211,34,1355,2902.0,6217.0,0,1421,5475,5648,5343,5557,706,1355,0,89,33,44,1,39,0,18,88,32,20,6,449,303,410,103,63,195,120,134,5648,203,174,1355,1421
06037531502,638800,1379,2240,26,32,66,67,613,29,0,25,0,175,213,1436,665,3209,0.4054,40,788,866.0,3338.0,0,788,3091,3209,2973,3149,308,788,0,20,26,26,0,0,23,33,21,35,4,27,175,114,215,52,62,104,212,61,3209,66,49,788,788
06037531503,666400,1399,2027,51,190,66,19,558,25,5,24,0,239,31,1232,325,2440,0.3728,68,797,1282.0,3383.0,6,827,2367,2445,2306,2431,174,797,29,13,10,39,21,20,7,12,32,32,24,41,16,92,130,69,25,86,13,26,2445,135,96,797,827
06037531504,702700,1554,2134,143,29,78,38,697,38,54,32,29,292,113,1923,911,3990,0.4174,24,989,1563.0,4309.0,0,1104,3978,3990,3836,3963,371,989,12,13,61,10,0,12,32,99,23,42,7,16,180,148,243,151,47,233,195,77,3990,97,126,989,1104
06037531602,576400,1577,1551,65,113,120,54,706,8,0,20,12,266,31,1851,728,3719,0.3854,103,972,1413.0,4366.0,0,1116,3707,3747,3468,3662,340,972,0,35,101,12,10,29,58,122,72,37,0,38,139,88,169,9,154,110,78,64,3747,99,100,972,1116
06037531603,586100,1336,1790,150,29,69,22,629,24,0,4,31,306,85,1709,469,3456,0.4168,36,935,1595.0,4091.0,0,969,3383,3483,3355,3483,411,935,28,25,63,35,0,16,33,38,44,11,5,40,103,153,125,29,68,175,152,77,3483,105,150,935,969
06037531604,637600,1418,1324,64,74,59,53,572,5,20,8,0,234,106,1355,772,3065,0.4544,75,806,1329.0,3544.0,0,846,3050,3065,2887,3007,280,806,12,28,55,0,60,11,46,28,31,15,26,28,63,130,173,47,38,137,139,96,3065,86,135,806,846
06037531701,584400,1448,1481,124,92,98,71,832,54,45,44,21,538,197,2513,1176,5398,0.4115,77,1370,2949.0,6521.0,0,1431,5290,5398,4868,5350,668,1370,39,44,138,14,36,53,0,17,146,53,7,51,76,209,104,42,163,296,242,204,5398,191,319,1370,1431
06037531702,655600,1379,2115,130,60,33,100,864,22,27,87,9,470,88,2497,471,4832,0.3605,95,1334,2667.0,5205.0,0,1413,4683,4832,4409,4686,483,1334,30,30,97,0,13,110,34,50,76,36,36,51,77,126,165,130,146,174,80,135,4832,213,151,1334,1413
06037531800,571500,1389,1403,196,48,48,40,1046,15,62,0,21,299,48,2637,538,4508,0.3564,0,1345,1627.0,6105.0,0,1378,4356,4508,4134,4477,545,1345,75,10,81,17,8,7,43,49,31,19,37,22,59,58,66,107,61,220,296,121,4508,127,148,1345,1378
06037531901,547700,1394,1861,137,136,126,335,1181,82,23,75,21,625,91,3661,761,6632,0.463,73,1806,3003.0,7382.0,0,1845,6573,6664,6060,6593,975,1806,56,27,62,90,10,0,55,59,97,22,20,96,200,124,313,133,169,135,121,240,6664,203,289,1806,1845
06037531902,562500,1483,-666666666,44,133,35,37,632,43,67,11,11,425,145,2188,521,3958,0.354,47,1057,2192.0,4763.0,0,1105,3932,4014,3759,3998,585,1057,8,41,98,12,17,9,31,72,41,28,125,30,174,117,212,21,45,123,52,84,4014,170,162,1057,1105
06037532001,614700,1233,2002,56,47,33,65,675,26,0,115,53,315,138,1325,327,3133,0.4592,24,990,1697.0,4421.0,0,1015,2837,3133,2989,3086,496,990,68,38,84,68,23,46,12,76,50,109,68,57,90,46,23,74,150,126,60,41,3133,131,165,990,1015
06037532002,485000,1726,1762,108,90,48,47,561,26,47,32,0,501,121,1930,339,3330,0.3541,10,1062,2657.0,4886.0,0,1077,3045,3348,3006,3309,572,1062,5,26,103,10,38,0,17,45,77,51,40,16,75,54,237,44,75,82,126,86,3348,259,204,1062,1077
06037532101,581200,1693,2187,79,72,124,203,1385,29,88,84,23,592,311,3614,1073,7203,0.3985,129,1977,2973.0,8755.0,0,1998,6717,7260,6931,7056,804,1977,122,143,81,72,32,23,23,116,94,91,37,10,176,395,240,268,444,287,155,119,7260,305,171,1977,1998
06037532102,625300,2190,2043,48,25,0,52,283,55,87,59,52,686,77,1938,312,3632,0.3707,58,969,3605.0,4938.0,0,993,2733,3655,3277,3551,503,969,24,29,58,70,37,14,22,23,103,31,66,27,88,106,131,42,123,38,81,110,3655,299,312,969,993
06037532200,622500,1785,1734,178,251,76,95,1198,54,52,6,8,516,155,3590,1055,6333,0.3864,94,1714,2956.0,8013.0,0,1826,5875,6445,6091,6399,620,1714,53,55,40,48,42,20,26,65,36,119,0,26,151,261,229,99,337,216,188,166,6445,303,139,1714,1826
06037532302,522100,1442,1460,0,52,26,31,349,0,58,49,53,811,46,1843,776,4565,0.3652,86,1160,4173.0,5821.0,0,1173,4463,4622,4370,4582,668,1160,41,25,175,64,36,0,58,65,83,31,23,24,76,232,192,179,30,236,223,203,4622,165,488,1160,1173
06037532303,630600,1381,1564,147,65,47,13,680,97,28,33,51,602,176,2068,522,4111,0.4055,48,1282,3507.0,6030.0,0,1282,3833,4111,3930,4033,593,1282,69,133,129,88,4,48,122,33,76,78,54,51,177,60,78,13,83,153,90,36,4111,341,181,1282,1282
06037532304,604700,1375,2094,0,16,78,67,612,8,35,18,52,440,81,1753,812,3961,0.5018,42,1052,2380.0,4623.0,27,1071,3232,3968,3505,3942,407,1052,68,78,75,71,33,53,81,43,55,114,108,19,76,74,189,24,92,82,71,63,3968,134,218,1052,1071
06037532500,530300,1427,1990,33,57,32,40,667,39,34,0,0,457,123,1853,665,3705,0.443,56,1124,2760.0,5110.0,0,1179,3323,3736,3519,3681,512,1124,78,59,0,38,17,60,46,25,88,26,34,35,64,170,82,142,175,186,88,78,3736,247,201,1124,1179
06037532605,597000,1443,2354,94,217,142,107,1030,11,7,0,39,219,192,2241,1010,4431,0.4352,9,1249,1540.0,5777.0,0,1291,4237,4431,4323,4370,726,1249,38,47,216,37,23,26,26,68,77,62,24,32,106,68,141,120,154,110,117,206,4431,85,101,1249,1291
06037532606,638900,1380,2952,136,187,81,46,1165,0,0,23,0,70,202,2126,744,3968,0.4207,40,1235,303.0,4185.0,0,1273,3898,4052,3919,4052,313,1235,54,87,29,34,8,24,35,96,51,11,56,58,53,152,234,149,89,57,93,71,4052,17,32,1235,1273
06037532607,628300,1240,2450,42,241,58,69,1169,65,20,0,0,239,206,2517,937,5150,0.4334,162,1408,1227.0,5893.0,0,1447,4967,5150,4675,5079,678,1408,74,82,103,11,31,3,96,43,56,58,25,79,142,149,199,266,168,110,155,121,5150,48,110,1408,1447
06037532700,-666666666,1356,979,55,60,89,80,525,68,0,0,0,183,127,1658,637,3128,0.3722,22,708,998.0,3606.0,0,722,3076,3128,2847,3128,315,708,10,11,31,42,6,18,42,19,53,21,13,13,102,139,133,95,56,31,163,81,3128,23,118,708,722
06037532800,493200,1431,1598,56,84,35,45,638,0,15,25,24,328,131,1778,1220,4291,0.4295,101,966,1573.0,4552.0,10,1010,4121,4291,3914,4208,511,966,55,23,52,42,0,0,0,73,85,8,15,2,173,185,310,85,204,163,142,182,4291,111,127,966,1010
06037532900,377000,1319,1418,63,197,63,117,1277,16,16,0,84,331,255,2688,2183,6247,0.3911,102,1608,1772.0,6696.0,0,1665,5719,6247,5989,6104,561,1608,57,62,76,18,26,51,43,64,48,10,80,18,137,393,273,152,293,258,161,293,6247,137,143,1608,1665
06037533001,473700,1312,-666666666,126,139,22,80,672,42,11,23,28,440,288,2001,650,4368,0.3579,106,1112,2514.0,5546.0,0,1173,4176,4368,4262,4362,347,1112,45,32,61,33,0,60,60,14,50,47,29,168,77,136,149,37,126,228,153,64,4368,142,251,1112,1173
06037533002,478500,1265,1691,18,38,18,35,346,0,8,0,12,236,95,930,507,2217,0.4476,22,582,1468.0,2935.0,0,612,2176,2217,2066,2217,379,582,8,7,66,14,0,5,26,55,16,17,0,6,25,82,90,47,62,54,96,31,2217,125,55,582,612
06037533103,467300,1480,825,67,46,63,37,657,0,2,0,1,113,58,1398,590,3141,0.4234,61,770,657.0,3240.0,0,792,3160,3189,2893,3136,322,770,29,51,36,29,0,5,26,40,40,40,26,26,122,190,195,88,120,72,133,80,3189,42,40,770,792
06037533104,522700,1345,1917,165,123,137,111,1113,0,29,34,0,168,142,1931,889,4221,0.4221,91,1281,853.0,4488.0,0,1321,4101,4307,4035,4263,425,1281,64,13,62,35,41,32,0,79,83,70,38,4,72,111,282,163,198,150,167,119,4307,94,61,1281,1321
06037533105,595300,1644,-666666666,73,41,17,38,579,0,0,0,11,73,169,1398,363,2476,0.4652,44,652,332.0,2683.0,0,667,2460,2476,2199,2470,249,652,0,12,0,0,3,14,21,17,28,0,13,3,33,41,113,31,51,129,59,66,2476,9,53,652,667
06037533108,564800,1417,1776,72,86,167,122,1006,22,11,27,27,294,345,2649,878,4751,0.3613,44,1300,1510.0,4972.0,0,1393,4594,4758,4244,4713,492,1300,32,58,49,16,36,15,40,84,63,77,0,18,102,145,146,194,84,145,138,178,4758,136,96,1300,1393
06037533201,474200,1370,1600,44,75,56,97,440,27,26,27,15,222,160,1204,321,2157,0.3942,49,662,1227.0,2723.0,0,674,2154,2157,2055,2133,259,662,10,24,34,12,23,24,33,46,33,37,10,0,69,50,66,20,26,76,90,19,2157,125,71,662,674
06037533204,597600,1562,1926,73,185,81,44,707,69,30,21,0,338,218,2144,548,4081,0.3625,61,1045,1816.0,4722.0,0,1074,4030,4099,3903,4060,437,1045,2,35,88,59,8,0,41,45,46,34,0,11,231,173,148,177,57,166,98,98,4099,152,134,1045,1074
06037533300,640500,1587,2170,57,41,60,37,632,6,12,4,48,214,53,1504,685,3061,0.3885,16,846,1054.0,3302.0,0,878,3024,3061,2921,3007,321,846,13,25,4,20,0,19,0,14,28,11,0,20,172,106,191,123,144,133,102,84,3061,73,129,846,878
06037533401,539900,1567,1056,144,84,229,31,921,9,28,0,0,252,79,2232,755,4534,0.3669,55,1173,1257.0,4767.0,0,1198,4495,4534,4153,4487,560,1173,27,86,0,51,58,10,24,46,46,0,63,25,85,225,345,143,59,128,73,65,4534,27,186,1173,1198
06037533402,535600,1267,-666666666,57,159,129,45,792,35,0,0,9,199,63,1777,963,3988,0.4141,26,991,1065.0,4205.0,0,1001,3970,3988,3791,3911,583,991,12,31,59,26,4,0,7,35,84,0,25,17,155,148,177,110,162,180,198,115,3988,31,168,991,1001
06037533403,619100,1313,598,66,0,45,44,425,20,31,8,3,321,50,1188,199,2350,0.3373,33,746,1529.0,3066.0,0,761,2214,2507,2394,2499,343,746,6,94,75,107,43,10,11,132,23,59,23,50,64,127,80,31,17,55,55,12,2507,86,102,746,761
06037533501,471000,1447,-666666666,49,75,91,23,583,0,30,19,12,213,173,1565,390,2796,0.367,42,796,925.0,2688.0,0,796,2781,2796,2546,2779,398,796,0,16,0,20,7,26,0,0,18,32,12,6,82,98,113,98,86,101,83,70,2796,61,89,796,796
06037533504,561300,1469,1502,89,56,85,146,706,42,22,14,0,239,87,1868,726,3791,0.3964,61,945,1266.0,3756.0,0,967,3821,3879,3674,3859,399,945,18,23,66,0,27,47,51,102,74,39,34,55,83,182,121,91,136,127,122,75,3879,56,100,945,967
06037533601,677100,1539,2571,121,144,92,71,1001,0,12,14,0,160,107,2083,674,4202,0.3819,23,1161,751.0,4448.0,0,1177,3989,4227,4171,4203,515,1161,27,70,30,48,0,19,42,37,74,0,50,37,114,261,197,98,75,136,126,39,4227,61,60,1161,1177
06037533602,531300,1383,1762,30,164,60,173,1059,22,0,10,38,282,221,2070,877,5081,0.3401,51,1341,1390.0,5407.0,0,1381,4397,5081,4897,4946,710,1341,35,103,57,43,91,0,61,25,120,68,0,0,429,132,271,99,294,128,207,233,5081,138,27,1341,1381
06037533603,642300,1460,2291,33,129,101,134,1283,125,0,9,80,405,380,2730,1825,6314,0.4656,112,1688,2053.0,6543.0,0,1788,5915,6314,6077,6233,672,1688,66,25,61,58,54,53,24,8,64,138,19,58,203,296,271,145,310,229,288,174,6314,74,200,1688,1788
06037533701,496400,1381,1895,40,115,80,55,521,23,51,5,16,308,137,1421,297,2904,0.4639,20,829,1672.0,3409.0,0,837,2796,2909,2773,2890,350,829,23,23,117,0,25,5,20,71,135,37,5,27,70,125,140,118,62,69,79,22,2909,155,96,829,837
06037533702,630500,1360,1805,94,54,56,20,619,27,17,20,6,273,169,1863,932,3664,0.3949,81,892,1406.0,3797.0,0,912,3662,3678,3500,3639,409,892,11,7,32,33,0,18,0,38,35,28,29,38,47,86,189,85,170,160,139,75,3678,67,129,892,912
06037533703,637600,1738,1964,34,46,19,103,545,22,36,11,43,333,201,1827,704,3827,0.4157,30,878,1586.0,3885.0,0,878,3836,3916,3792,3884,436,878,0,53,20,19,21,11,62,19,64,66,22,10,133,93,113,125,165,162,226,48,3916,105,128,878,878
06037533803,625000,1648,1886,114,70,190,48,1119,76,90,14,16,475,97,2519,1801,5630,0.4223,76,1594,2436.0,6675.0,0,1627,4830,5723,5321,5704,737,1594,11,69,92,0,44,55,81,97,67,81,34,72,58,283,178,250,113,172,325,102,5723,113,190,1594,1627
06037533804,447100,1726,618,106,52,34,23,653,21,0,21,9,402,109,2055,557,3666,0.3445,48,1055,1622.0,4165.0,0,1080,3568,3666,3538,3637,348,1055,24,40,55,0,10,8,51,0,46,80,19,8,35,82,72,56,78,36,220,156,3666,83,216,1055,1080
06037533805,613900,1585,1628,72,35,74,56,744,30,15,0,22,319,0,1895,721,3883,0.4836,34,1063,1866.0,4644.0,0,1063,3756,3883,3738,3854,558,1063,34,42,79,0,7,5,61,13,60,11,18,29,67,188,94,112,199,110,102,120,3883,178,117,1063,1063
06037533806,-666666666,1731,928,37,11,109,84,568,41,3,0,10,312,161,1820,542,3307,0.3503,26,880,1198.0,3482.0,0,930,2975,3307,3018,3282,282,880,52,16,80,0,0,59,37,48,40,31,24,31,25,90,148,63,139,83,122,139,3307,91,127,880,930
06037533901,566100,1670,2026,105,147,61,66,1194,39,9,9,0,188,97,2493,1218,5170,0.3849,44,1382,1063.0,5787.0,0,1418,4816,5170,4988,5083,591,1382,20,23,35,51,0,12,30,48,44,38,11,38,89,210,80,234,204,316,279,122,5170,57,77,1382,1418
06037533902,594700,1823,1625,88,123,4,94,732,4,0,23,13,290,133,2185,618,4339,0.4002,16,1022,1497.0,4721.0,0,1036,4225,4339,4224,4300,483,1022,16,77,12,39,27,12,38,34,35,62,25,6,97,126,180,174,130,77,220,30,4339,123,161,1022,1036
06037534001,598400,1450,1193,156,144,184,38,1087,12,27,35,0,249,200,2601,1297,5143,0.3511,94,1336,1291.0,5676.0,0,1353,5126,5154,4972,5062,590,1336,56,70,57,0,27,0,49,45,9,57,105,0,111,180,297,78,204,222,113,176,5154,8,203,1336,1353
06037534002,487200,1870,569,170,45,45,0,748,16,16,13,0,230,93,1829,516,3847,0.4001,24,978,1141.0,4679.0,0,985,3666,3982,3762,3932,421,978,37,79,67,30,12,4,17,90,47,60,34,47,180,83,226,82,149,159,136,47,3982,111,86,978,985
06037534101,-666666666,1472,-666666666,8,92,61,12,281,0,6,3,0,188,37,895,276,1898,0.4199,0,469,862.0,2123.0,0,469,1808,1898,1765,1891,259,469,8,0,15,44,7,0,12,13,48,0,11,0,37,71,81,35,14,91,71,57,1898,64,62,469,469
06037534102,470100,1582,2625,93,184,100,64,1246,9,49,0,0,230,231,2619,1719,5807,0.4162,125,1476,1212.0,5880.0,0,1513,5720,5860,5554,5835,474,1476,31,97,34,80,0,0,56,0,108,51,37,0,79,334,332,92,327,118,217,198,5860,68,162,1476,1513
06037534201,534400,1693,777,80,63,60,83,749,13,0,0,0,242,38,1610,793,3967,0.3769,52,991,1115.0,4105.0,0,991,3971,4097,3908,4077,428,991,35,32,25,35,46,15,46,13,50,63,50,26,130,146,314,197,57,225,162,104,4097,90,86,991,991
06037534202,551100,1653,947,67,120,44,139,943,0,8,44,0,286,189,1981,1380,4717,0.4364,88,1229,1483.0,4932.0,0,1327,4631,4875,4654,4838,588,1229,24,24,88,51,0,11,76,39,79,32,50,26,165,233,205,128,129,183,178,145,4875,55,206,1229,1327
06037534203,-666666666,1568,1417,31,62,98,98,699,19,17,21,6,166,40,1403,504,3236,0.4292,58,865,958.0,3574.0,0,865,3155,3286,3029,3286,294,865,5,31,31,6,9,13,20,24,80,68,18,38,168,85,262,56,8,138,130,79,3286,12,114,865,865
06037534301,607800,1636,-666666666,21,70,108,142,998,0,0,0,0,80,212,1707,1456,4028,0.422,81,1078,425.0,4509.0,0,1116,3896,4028,3799,3991,437,1078,27,70,53,25,0,0,78,50,26,39,0,31,144,199,218,68,84,159,313,206,4028,36,44,1078,1116
06037534302,671200,1830,1813,83,69,129,92,841,21,5,0,0,75,128,1783,1103,3823,0.3701,32,916,467.0,4258.0,0,916,3729,3835,3544,3794,442,916,0,39,11,38,0,12,45,0,23,38,71,11,140,166,175,181,122,115,136,46,3835,22,44,916,916
06037534403,602300,1726,1540,39,49,109,55,763,0,10,10,0,86,102,1384,1126,3311,0.4709,33,849,394.0,3544.0,15,859,3198,3311,2974,3298,504,849,26,37,117,58,4,0,92,50,33,29,0,0,109,75,123,92,136,112,106,37,3311,35,32,849,859
06037534404,509200,1407,766,21,110,59,14,666,12,0,0,16,245,145,1608,646,3118,0.4665,73,911,1086.0,3737.0,0,979,3075,3118,2981,3037,299,911,27,37,28,23,6,0,25,38,45,25,0,15,106,103,74,65,142,99,135,36,3118,102,99,911,979
06037534405,-666666666,1775,-666666666,52,75,45,175,745,0,5,0,0,164,121,1781,1002,3887,0.3557,30,909,887.0,4066.0,0,951,3813,3925,3657,3790,358,909,53,22,21,13,13,10,18,86,27,50,8,45,219,103,192,85,61,124,202,22,3925,64,100,909,951
06037534406,440900,1578,-666666666,93,67,204,125,1102,0,11,12,0,37,211,2104,876,4087,0.3937,172,1139,231.0,4905.0,0,1139,4108,4108,3787,4090,260,1139,12,0,41,34,28,13,37,0,12,18,16,0,72,159,298,31,199,183,135,92,4108,0,23,1139,1139
06037534501,557500,1665,-666666666,102,25,240,75,904,65,56,22,0,426,483,2588,832,5428,0.389,5,1330,2182.0,5910.0,0,1330,5314,5441,4901,5334,530,1330,13,23,15,74,6,116,26,47,155,24,65,0,280,177,213,263,175,86,233,95,5441,174,132,1330,1330
06037534502,592700,1380,2070,67,24,27,0,370,107,20,22,11,523,42,1684,493,3187,0.4027,18,893,2750.0,4161.0,0,961,2980,3187,2884,3178,474,893,9,59,37,26,35,34,41,21,56,34,22,9,72,124,86,101,48,225,62,8,3187,215,194,893,961
06037534700,549700,1585,1869,47,13,37,0,323,80,40,63,100,663,183,1993,363,4135,0.3729,67,986,3915.0,5267.0,0,1017,4078,4165,3887,4125,554,986,15,56,75,16,71,6,60,82,127,53,31,39,126,116,170,88,105,111,152,51,4165,129,435,986,1017
06037534802,590000,1450,1935,14,44,23,23,296,17,39,5,12,328,38,1324,298,2455,0.4309,30,624,1798.0,3085.0,0,647,2406,2466,2348,2425,315,624,30,22,43,35,4,9,9,15,23,46,8,31,52,111,108,34,49,92,39,31,2466,117,156,624,647
06037534803,563900,1422,1522,48,28,55,20,667,0,150,68,6,511,239,2249,483,4431,0.4364,18,1178,2848.0,5267.0,0,1206,4397,4517,4231,4490,629,1178,12,32,118,5,0,26,46,47,129,67,52,32,120,148,190,193,87,73,196,24,4517,243,145,1178,1206
06037534804,585200,1388,1143,30,16,97,45,534,41,37,25,27,464,211,1991,1127,4278,0.3754,108,998,2726.0,4824.0,0,998,4261,4298,4170,4255,546,998,58,74,74,28,46,10,62,29,144,26,65,51,112,197,214,66,182,113,293,70,4298,118,272,998,998
06037534900,528600,1661,1109,103,256,39,33,971,14,34,0,55,401,393,3300,682,6133,0.4856,56,1372,2150.0,6952.0,0,1403,6106,6133,5484,6067,702,1372,11,40,124,10,27,17,18,40,116,60,16,8,148,151,283,170,173,182,275,121,6133,80,234,1372,1403
06037535001,533400,1574,2013,33,80,44,120,639,19,29,32,0,275,178,1721,1149,4166,0.4053,69,914,1468.0,4415.0,0,925,3946,4166,3694,4110,394,914,38,15,19,8,22,3,24,31,96,0,36,29,88,220,185,107,196,257,194,117,4166,58,97,914,925
06037535002,543200,1244,1227,33,95,86,39,618,8,9,13,9,284,168,1720,1037,3637,0.4261,40,902,1610.0,4108.0,31,944,3508,3665,3526,3638,283,902,10,15,63,17,19,0,50,34,25,19,0,24,157,128,163,51,134,176,171,175,3665,91,156,902,944
06037535101,559400,1643,765,89,148,209,44,1251,41,41,22,29,694,408,3518,1018,7937,0.3405,60,1945,3748.0,9383.0,0,2030,7257,7981,7382,7824,1043,1945,103,126,79,14,22,13,20,79,60,17,12,72,185,316,370,135,386,207,369,240,7981,253,292,1945,2030
06037535102,573600,1697,2028,54,14,42,32,620,39,47,90,0,439,198,2242,811,4506,0.4024,68,1059,2138.0,5153.0,0,1115,4005,4522,4063,4446,390,1059,22,65,54,27,0,0,15,39,50,5,10,1,233,276,236,182,210,34,184,113,4522,96,211,1059,1115
06037535200,522100,1665,1995,24,55,36,95,586,86,55,35,119,664,318,2892,697,5745,0.3192,71,1250,3534.0,6153.0,0,1309,4846,5799,5536,5740,667,1250,130,27,32,2,0,11,61,20,24,0,24,15,114,301,206,122,209,244,349,141,5799,110,317,1250,1309
06037535300,486000,1221,2050,39,0,42,143,533,86,22,100,54,799,105,2366,1577,5818,0.4275,173,1332,4494.0,7015.0,0,1407,5612,5818,5647,5733,699,1332,39,93,31,47,18,41,77,113,55,32,28,46,322,229,298,170,220,161,159,199,5818,253,388,1332,1407
06037535400,372700,1646,1359,12,40,54,34,419,60,17,31,15,323,106,1357,1032,3388,0.4135,58,742,1702.0,3713.0,0,765,3099,3388,3366,3388,379,742,39,21,57,8,31,0,34,34,40,36,0,25,156,189,129,52,65,157,116,112,3388,79,165,742,765
06037535501,651700,1336,2297,93,73,55,106,690,23,77,50,25,267,68,1517,593,2966,0.3812,83,957,1588.0,3894.0,0,988,2899,2966,2785,2937,390,957,69,40,0,10,0,0,31,26,24,13,37,25,117,108,151,74,48,158,110,55,2966,155,94,957,988
06037535502,574600,1424,1678,267,75,33,26,929,72,56,32,23,405,151,2679,731,4937,0.4028,38,1334,2215.0,6378.0,0,1372,4756,5003,4635,4956,682,1334,11,35,100,35,3,11,45,93,74,162,8,8,147,158,156,119,104,77,218,72,5003,219,170,1334,1372
06037535503,592600,1354,2236,49,41,16,33,368,37,108,34,18,316,157,1462,215,2495,0.3563,19,684,1809.0,3059.0,0,704,2376,2495,2311,2481,385,684,17,46,26,21,10,24,8,16,79,44,0,5,36,161,102,53,37,95,77,65,2495,82,214,684,704
06037535603,640500,1582,1855,74,96,78,76,759,42,9,42,6,266,164,1796,686,3735,0.3967,68,1025,1571.0,4394.0,22,1071,3466,3754,3433,3691,402,1025,0,57,26,0,22,9,27,57,38,27,31,59,212,165,97,126,62,120,155,98,3754,111,123,1025,1071
06037535604,626300,1340,1885,88,154,38,15,598,51,52,56,11,483,211,2273,459,4227,0.3762,28,1081,2609.0,4862.0,0,1091,4196,4242,3885,4225,582,1081,106,78,36,20,13,0,52,82,14,71,22,19,42,35,150,107,100,152,188,114,4242,160,218,1081,1091
06037535605,630900,1322,1277,58,140,104,139,787,33,24,29,0,383,300,2176,397,4658,0.3525,71,1170,1691.0,4515.0,0,1191,4577,4658,4389,4658,538,1170,26,33,52,37,10,9,35,69,64,140,11,26,240,143,218,75,86,114,337,66,4658,54,247,1170,1191
06037535606,593800,1411,1725,29,54,28,54,286,32,21,0,30,197,141,939,133,1899,0.365,12,483,1025.0,2035.0,0,496,1875,1899,1631,1880,246,483,7,23,12,27,3,6,24,0,12,26,11,5,89,92,128,32,41,49,66,76,1899,72,77,483,496
06037535607,590500,1684,2057,44,0,105,56,371,80,7,0,97,695,95,2179,616,4611,0.4262,53,1066,3688.0,5132.0,0,1066,4496,4611,4324,4547,628,1066,31,84,80,51,6,0,69,105,72,24,31,31,87,126,319,82,92,67,139,165,4611,256,277,1066,1066
06037535701,627000,1497,1898,50,156,115,115,954,79,48,107,40,575,239,2993,785,5757,0.3947,58,1529,3389.0,6507.0,0,1558,5121,5757,5611,5744,715,1529,98,139,54,45,12,9,52,43,133,42,25,48,189,172,186,51,119,113,160,105,5757,199,230,1529,1558
06037535702,660700,1412,1677,158,118,88,127,1035,22,12,34,0,393,129,2830,833,5699,0.3626,97,1428,2114.0,5674.0,0,1454,5614,5756,5348,5663,594,1428,12,121,64,30,0,19,94,14,171,65,14,38,167,140,157,191,121,313,101,77,5756,92,216,1428,1454
06037535802,599400,1617,1375,108,124,75,49,771,74,61,20,7,796,151,3304,312,6316,0.3581,82,1567,4125.0,7100.0,0,1626,6115,6316,5960,6217,858,1567,29,14,155,74,20,32,32,82,194,97,19,40,178,298,270,131,149,212,144,96,6316,210,368,1567,1626
06037535803,648100,1561,1500,24,58,46,69,675,20,0,18,2,312,56,1584,800,3549,0.3877,65,987,1640.0,4133.0,0,987,3496,3549,3325,3500,476,987,91,12,89,25,27,10,46,82,7,42,6,21,174,141,153,0,104,48,309,119,3549,99,194,987,987
06037535804,616700,1532,1995,162,48,69,0,939,118,0,65,0,558,244,3460,1082,6041,0.4056,110,1497,3079.0,6604.0,0,1525,5975,6041,5818,5954,470,1497,114,57,57,81,0,0,69,22,174,18,0,0,102,210,192,109,263,125,352,154,6041,119,348,1497,1525
06037535901,603900,1734,1854,54,7,82,35,833,22,135,17,95,867,130,2979,1227,6051,0.3974,152,1700,4721.0,8269.0,0,1700,5852,6051,5864,5973,915,1700,17,145,79,49,0,0,43,89,202,63,41,80,135,203,175,211,44,198,273,44,6051,380,345,1700,1700
06037535902,613300,1297,1576,22,77,40,9,420,60,100,110,66,1030,247,2958,256,5714,0.3337,63,1450,5465.0,7368.0,10,1510,5429,5735,5610,5719,892,1450,90,31,119,65,23,41,150,78,72,46,50,62,87,108,329,173,116,128,167,117,5735,307,523,1450,1510
06037536000,604900,1393,1778,81,59,78,30,751,13,34,21,14,269,156,1752,749,3177,0.4321,57,1020,1547.0,4083.0,0,1057,3078,3182,2960,3182,362,1020,34,30,7,53,11,20,17,37,113,31,8,41,53,136,41,90,57,80,164,85,3182,106,106,1020,1057
06037536102,557000,1906,1240,0,0,15,21,245,149,30,109,47,829,46,1667,424,3405,0.3916,0,1074,4485.0,5720.0,0,1101,2620,3405,3111,3397,425,1074,20,73,127,42,18,10,11,94,81,96,31,16,113,66,62,28,148,80,56,147,3405,508,224,1074,1101
06037536103,582300,1613,1719,37,105,90,68,759,114,92,61,35,693,182,2791,347,5092,0.3465,67,1452,3965.0,6476.0,0,1509,4909,5162,4797,5075,836,1452,65,100,63,46,0,11,37,98,98,100,38,20,223,131,179,161,96,137,168,74,5162,286,342,1452,1509
06037536104,630600,1636,2201,44,80,179,41,698,44,61,21,64,410,193,1924,371,3481,0.3673,52,1108,2293.0,4932.0,0,1137,3134,3481,3262,3418,498,1108,0,20,47,48,19,0,17,32,49,23,54,0,76,60,124,33,127,147,182,115,3481,153,239,1108,1137
06037536201,609300,1589,2023,12,50,56,55,333,37,23,71,21,667,87,1785,791,3559,0.5466,34,1000,3619.0,4738.0,82,1051,3223,3559,3334,3470,534,1000,0,10,55,45,0,0,54,11,37,14,32,32,33,91,59,143,132,67,161,116,3559,192,414,1000,1051
06037536202,604300,1205,2090,18,102,160,9,614,43,109,20,101,600,139,2245,313,4214,0.4146,86,1214,3349.0,5525.0,0,1236,3992,4214,4091,4202,616,1214,27,122,32,69,33,0,37,103,81,105,36,46,51,93,169,123,125,78,145,67,4214,262,279,1214,1236
06037540000,546700,1605,1943,46,36,226,9,799,31,69,23,38,768,258,3201,1557,6619,0.4182,93,1567,3757.0,7110.0,0,1623,6373,6734,6250,6653,856,1567,34,116,63,3,19,10,22,101,149,63,35,8,174,361,330,154,273,290,304,181,6734,266,285,1567,1623
06037540101,528400,1811,1597,17,68,99,31,499,130,82,72,18,1035,317,2982,1149,6266,0.3736,93,1534,6142.0,8057.0,0,1534,5627,6345,6147,6328,793,1534,8,59,78,179,7,18,44,23,223,80,73,23,302,155,246,106,96,233,117,63,6345,374,515,1534,1534
06037540102,580600,1659,2012,53,44,27,22,310,120,26,56,87,1003,210,3124,495,5599,0.3859,14,1313,5611.0,6838.0,10,1381,5002,5652,5128,5652,694,1313,78,61,84,71,0,10,76,36,67,68,7,7,147,202,113,110,56,176,207,170,5652,373,340,1313,1381
06037540201,490600,1465,1103,31,37,78,30,452,5,0,0,0,98,107,990,538,2236,0.469,46,550,335.0,2040.0,22,563,2195,2269,2062,2243,284,550,35,0,2,14,3,0,21,16,44,0,15,28,138,100,111,77,67,139,135,43,2269,13,66,550,563
06037540202,607100,1684,1748,31,213,139,124,1154,9,56,26,44,443,307,3266,1115,6831,0.3516,96,1597,2283.0,6693.0,0,1605,6455,7196,6765,7055,891,1597,87,85,96,42,70,13,61,81,96,55,9,100,355,204,283,86,218,380,65,214,7196,141,160,1597,1605
06037540203,497200,1505,2155,76,87,81,80,910,34,69,27,32,349,228,2407,1109,5026,0.4118,159,1259,2036.0,5427.0,0,1350,4567,5075,4665,5075,470,1259,15,61,29,9,12,11,26,78,69,51,28,17,121,148,330,138,61,213,320,104,5075,83,221,1259,1350
06037540300,498700,1715,1690,54,4,24,80,451,41,163,12,0,742,197,2245,200,4419,0.3526,85,1193,3604.0,5419.0,0,1193,4359,4429,3992,4361,516,1193,28,48,36,24,0,31,51,23,60,17,20,20,150,201,341,114,49,173,139,30,4429,268,391,1193,1193
06037540400,520200,1155,1917,31,19,25,36,206,35,43,26,22,252,67,895,403,1906,0.4063,4,458,1216.0,1953.0,0,486,1742,1906,1886,1897,228,458,0,15,0,7,9,0,8,0,0,4,8,19,0,60,78,26,55,118,154,87,1906,84,95,458,486
06037540501,619000,1530,2154,36,0,0,18,384,42,35,66,131,567,83,2222,670,3961,0.425,30,951,3177.0,4787.0,0,984,4305,5455,4388,5428,398,951,12,79,67,44,0,16,59,47,12,59,0,12,92,52,194,157,120,180,142,29,5455,175,275,951,984
06037540502,682500,1626,2425,108,235,97,174,1461,59,0,57,27,208,450,3157,1437,6747,0.4229,229,1669,1067.0,6616.0,0,1686,5858,6765,6358,6680,659,1669,27,80,41,26,0,39,60,39,24,0,0,50,229,342,467,206,367,234,313,80,6765,83,48,1669,1686
06037540600,558700,1585,2184,16,49,45,131,800,23,0,92,46,399,478,1799,1328,4395,0.5025,269,1199,2300.0,5537.0,0,1199,3227,4395,3928,4292,464,1199,61,33,67,36,0,69,37,40,27,73,55,55,254,179,221,15,65,265,158,161,4395,133,119,1199,1199
06037540700,604800,1659,1963,86,27,82,11,503,69,36,5,96,455,178,1350,285,3128,0.3759,74,958,2557.0,4977.0,0,1002,1968,3205,2738,3173,267,958,0,42,52,25,0,44,10,71,19,17,11,0,122,127,107,41,174,241,145,19,3205,202,220,958,1002
06037540800,576200,1395,1931,18,108,14,0,529,17,47,79,219,976,233,2592,703,5475,0.4531,124,1505,5654.0,7989.0,0,1624,2519,5514,4968,5346,664,1505,34,41,23,20,11,0,50,21,85,19,3,57,360,278,102,135,169,195,400,23,5514,415,504,1505,1624
06037540901,568600,1715,1792,46,26,53,77,477,70,126,101,37,736,197,2397,502,4704,0.399,126,1213,3894.0,6229.0,0,1242,3675,5169,4823,5141,516,1213,7,11,227,51,34,31,40,107,67,38,20,35,155,211,157,85,6,324,167,50,5169,357,271,1213,1242
06037540902,599700,1549,1997,63,40,58,65,634,70,57,27,20,864,162,2316,955,4161,0.5074,63,1498,5187.0,8047.0,0,1563,1998,4281,3957,4281,452,1498,70,33,28,27,15,0,54,26,57,35,76,22,190,186,52,48,174,86,225,85,4281,566,249,1498,1563
06037541003,549800,1101,1436,58,0,27,29,272,54,16,205,18,1139,270,2259,456,4528,0.4351,123,1411,6784.0,7963.0,0,1449,1364,4650,4311,4546,603,1411,35,74,65,85,25,35,15,65,80,239,124,80,272,75,68,123,47,101,53,73,4650,550,445,1411,1449
06037541100,602200,1158,1981,6,41,116,8,318,47,43,53,12,650,286,1595,466,3095,0.4516,143,968,3557.0,4831.0,0,1011,1532,3108,3002,3108,275,968,25,0,48,0,34,5,39,42,17,132,6,59,59,230,149,102,45,113,93,32,3108,349,185,968,1011
06037541200,603000,2027,2358,9,138,47,0,439,214,189,88,211,1401,87,2649,418,6052,0.3739,145,1840,7682.0,9845.0,0,1922,2277,6074,5848,6044,735,1840,23,117,58,39,25,12,96,112,51,147,62,148,168,384,130,121,402,157,177,108,6074,664,609,1840,1922
06037541300,572700,1679,2288,0,0,34,35,244,127,112,156,156,1203,198,2971,447,5536,0.3387,56,1447,5905.0,6847.0,0,1500,4024,5545,5374,5501,677,1447,29,41,104,26,0,33,40,32,103,52,24,51,69,121,170,206,240,245,206,102,5545,452,430,1447,1500
06037541401,468400,1611,1846,39,16,52,147,691,32,33,23,22,284,172,1565,501,3378,0.3862,175,975,1555.0,4530.0,6,990,2726,3414,2867,3401,393,975,68,9,37,18,14,0,11,29,43,114,3,4,124,51,139,78,109,236,99,46,3414,108,122,975,990
06037541402,437100,2131,1649,50,25,0,123,339,97,0,42,20,486,76,1710,415,3218,0.4038,27,825,2294.0,3968.0,0,893,2724,3218,3218,3218,441,825,66,0,0,34,18,20,0,22,65,9,0,0,101,14,47,140,98,48,153,144,3218,154,278,825,893
06037541500,464500,1455,2048,47,114,108,60,908,35,76,69,54,496,323,2686,544,5105,0.4119,68,1404,2770.0,6635.0,0,1437,4251,5105,4875,5105,583,1404,11,16,37,16,37,0,0,24,27,48,37,32,126,196,170,107,88,130,284,114,5105,171,252,1404,1437
06037541603,451200,1295,1733,74,46,51,21,430,8,48,38,49,271,98,1465,491,2718,0.3161,84,701,1331.0,2876.0,0,722,2588,2821,2632,2778,296,701,9,23,65,7,2,0,18,9,51,26,10,22,66,122,157,63,95,138,145,31,2821,46,195,701,722
06037541604,491900,1614,1972,91,38,51,105,921,93,6,0,42,434,236,2337,1133,5197,0.4574,112,1355,2102.0,5557.0,0,1429,4611,5223,5082,5187,693,1355,78,63,85,23,43,25,58,91,43,67,104,0,258,159,186,140,223,173,221,146,5223,139,207,1355,1429
06037541605,480400,1774,1643,113,111,45,17,747,51,85,23,34,767,162,2420,652,5060,0.369,100,1514,3854.0,7130.0,0,1567,3754,5060,4713,4975,686,1514,93,16,133,12,0,11,67,29,105,58,12,76,102,146,78,169,138,130,203,40,5060,366,296,1514,1567
06037541606,627100,1398,1910,38,23,153,19,514,14,45,0,9,111,123,1121,1089,2783,0.4861,62,625,670.0,2767.0,0,637,2258,2783,2678,2767,242,625,14,0,80,9,0,0,47,17,0,7,3,0,92,99,194,97,74,136,250,55,2783,27,39,625,637
06037541700,563800,1490,2163,78,35,28,18,417,99,94,29,67,966,284,2802,692,5527,0.3912,115,1383,5596.0,7526.0,0,1408,4696,5571,5445,5522,700,1383,45,19,102,72,38,26,128,36,154,112,64,32,129,191,276,132,167,68,120,115,5571,310,475,1383,1408
06037541801,543300,1644,2194,110,125,58,48,655,17,26,44,55,468,286,2337,1643,5623,0.3476,89,1123,2219.0,5066.0,0,1165,4539,5648,5441,5614,530,1123,37,28,9,0,6,0,125,51,138,0,0,36,244,222,221,158,399,340,403,117,5648,133,139,1123,1165
06037541802,597000,1729,2115,15,21,0,39,316,0,0,53,11,933,303,2733,484,5049,0.3509,9,1249,5020.0,6342.0,0,1289,4195,5114,4933,5015,836,1249,19,63,56,10,27,10,14,60,68,30,10,0,153,227,86,86,112,142,91,63,5114,225,445,1249,1289
06037542000,573400,1507,2129,27,27,44,25,370,173,19,52,67,799,214,2761,597,5241,0.3434,97,1169,4618.0,6078.0,0,1258,3736,5241,5119,5214,537,1169,43,28,89,0,49,0,66,0,119,10,12,0,159,129,275,197,136,100,311,195,5241,243,358,1169,1258
06037542103,595000,1551,1569,52,31,32,52,401,20,44,29,7,406,145,1544,364,3226,0.4047,38,807,2019.0,3668.0,0,819,2866,3288,3240,3250,380,807,52,61,34,23,5,23,37,14,8,42,5,30,50,50,139,138,79,84,167,172,3288,136,99,807,819
06037542104,488900,1716,1739,13,41,104,32,415,88,0,23,28,464,87,2043,463,4037,0.4685,74,879,2310.0,3968.0,11,899,3711,4050,4023,4033,504,879,76,20,22,6,19,0,16,30,7,35,18,0,205,92,111,119,75,159,107,124,4050,73,207,879,899
06037542105,532300,1584,1197,0,117,45,61,677,67,30,20,10,468,304,2421,1033,5033,0.5285,64,1145,2468.0,4906.0,0,1197,4573,5047,4977,5016,496,1145,42,140,13,31,8,19,0,23,29,85,34,21,130,203,309,112,117,185,271,124,5047,86,272,1145,1197
06037542106,491300,1302,1720,10,26,160,24,457,19,58,10,5,292,103,1067,645,2294,0.4336,13,749,1252.0,2935.0,0,761,1977,2319,2219,2304,182,749,23,0,64,0,38,0,50,43,17,46,41,0,47,107,75,82,44,59,95,97,2319,112,120,749,761
06037542200,541500,1694,1710,0,28,35,22,383,163,74,87,30,1095,127,2838,1727,6859,0.4741,111,1478,6010.0,7607.0,0,1498,4901,6879,6649,6844,615,1478,0,53,71,46,48,26,85,62,75,45,90,76,186,187,419,99,324,332,259,216,6879,438,409,1478,1498
06037542401,590500,1830,2002,7,56,0,0,284,74,19,99,55,866,125,2065,603,4307,0.4128,102,1150,5103.0,6268.0,0,1237,2709,4370,4179,4266,507,1150,10,14,72,38,68,16,30,62,127,64,23,35,131,98,224,133,82,74,204,21,4370,405,328,1150,1237
06037542402,573800,1498,1807,35,118,37,0,404,38,95,45,28,548,151,2095,374,4023,0.2686,56,952,2991.0,4792.0,4,952,2821,4023,3906,3974,469,952,0,1,17,19,111,0,0,14,25,161,9,11,67,108,221,37,162,209,162,74,4023,191,265,952,952
06037542501,579100,1431,2128,54,149,91,27,641,54,34,25,89,632,11,2060,864,4333,0.3893,58,1273,3486.0,6221.0,0,1273,2233,4368,4298,4329,562,1273,13,41,82,11,12,0,44,71,77,80,26,7,133,190,316,79,214,59,268,31,4368,385,169,1273,1273
06037542502,538200,1348,1988,111,202,75,53,822,37,13,52,33,488,97,1982,1225,4573,0.4061,152,1310,2486.0,5097.0,22,1351,3452,4573,4189,4377,369,1310,48,72,72,20,0,20,14,56,13,58,40,20,375,179,250,88,364,96,109,43,4573,231,194,1310,1351
06037542601,495300,1423,2032,53,111,24,16,557,74,0,11,23,230,139,1609,789,3306,0.4167,53,787,1230.0,3459.0,0,838,2918,3306,2989,3213,376,787,6,78,39,20,5,0,33,16,4,10,28,3,125,126,123,58,183,92,96,46,3306,71,122,787,838
06037542602,487400,1383,2053,31,56,91,37,778,70,116,11,25,597,199,2662,777,5249,0.4166,92,1375,3141.0,6379.0,0,1446,3818,5249,4920,5196,516,1375,53,61,80,24,0,14,141,47,94,0,10,28,203,175,218,135,185,226,292,168,5249,241,202,1375,1446
06037542700,569200,1772,1757,38,161,0,22,425,70,39,56,90,927,163,2904,854,5717,0.3503,137,1352,4635.0,6412.0,0,1418,4878,5732,5342,5692,717,1352,89,50,38,29,10,2,24,35,191,53,23,64,282,229,240,217,57,162,213,96,5732,383,275,1352,1418
06037542800,468400,2307,1788,8,27,9,15,208,64,72,64,55,740,47,1277,277,3230,0.3749,37,948,4041.0,5189.0,0,982,1558,3230,3182,3220,325,948,11,43,10,9,69,23,63,29,92,5,46,150,195,129,171,106,121,34,186,29,3230,326,261,948,982
06037542900,459100,1588,1782,19,14,12,59,260,79,34,49,40,524,135,1948,318,3530,0.3959,14,784,2600.0,3867.0,0,805,3064,3535,3249,3515,440,784,0,11,25,23,13,0,27,44,37,7,0,19,162,96,182,157,36,91,110,52,3535,127,324,784,805
06037543000,586000,1911,1941,38,0,2,15,375,127,40,62,53,920,157,2411,357,4204,0.3978,29,1295,4826.0,6484.0,0,1295,2291,4204,3857,4187,507,1295,60,90,14,17,20,16,16,99,89,14,2,40,171,29,192,34,163,176,258,79,4204,487,370,1295,1295
06037543100,567800,2086,2073,0,76,48,0,290,112,150,60,36,1514,265,3007,1296,6613,0.4343,140,1804,8789.0,10227.0,0,1855,4105,6692,6368,6595,836,1804,39,151,67,30,28,99,49,60,113,74,35,152,167,232,266,45,198,394,295,220,6692,748,564,1804,1855
06037543201,579200,1733,1896,41,0,9,26,264,47,75,31,10,580,113,1891,496,3525,0.4424,93,844,3241.0,4389.0,0,899,2541,3525,3474,3514,399,844,21,47,9,4,5,16,30,27,37,43,31,70,78,172,188,35,67,142,82,14,3525,273,234,844,899
06037543203,500800,1968,1854,136,20,20,34,781,25,13,4,19,343,192,1657,1358,4078,0.4715,59,1124,1560.0,4916.0,0,1200,3014,4081,3801,4042,399,1124,48,10,42,12,27,0,59,37,96,52,0,10,242,376,128,153,137,107,170,109,4081,98,121,1124,1200
06037543304,694000,2485,2318,74,65,0,0,316,280,177,153,48,1789,274,3456,555,6783,0.4384,68,2105,11654.0,13811.0,0,2173,877,6788,6474,6720,990,2105,72,119,163,80,87,159,39,111,152,134,120,93,207,215,165,116,0,90,129,166,6788,1230,559,2105,2173
06037543305,192500,1222,1304,0,0,0,20,169,69,88,0,12,1042,131,1907,509,3767,0.3337,33,1211,6033.0,7225.0,11,1250,2301,3803,3424,3779,548,1211,128,60,130,127,33,0,46,22,107,21,22,0,135,90,192,140,173,118,33,109,3803,650,343,1211,1250
06037543306,641700,2550,1918,81,45,32,70,357,104,27,178,96,1447,151,3740,159,6821,0.3695,80,1804,8465.0,10386.0,0,1836,2060,6821,6513,6750,1114,1804,114,86,178,91,109,73,64,106,324,56,25,72,177,67,392,47,226,79,118,108,6821,736,639,1804,1836
06037543321,660700,-666666666,2400,124,0,52,0,457,106,191,175,98,1583,213,2995,763,5772,0.4557,55,2040,9384.0,11908.0,10,2079,580,5789,4680,5789,876,2040,50,140,142,101,37,74,295,193,224,76,70,65,65,0,112,93,47,285,264,57,5789,1140,404,2040,2079
06037543322,710900,3391,2135,13,0,49,0,136,244,233,199,84,2041,191,3406,487,6859,0.354,120,2177,14253.0,15218.0,0,2242,891,6951,6469,6921,719,2177,98,90,81,22,148,13,40,235,105,330,86,156,0,81,279,63,123,170,215,67,6951,1600,425,2177,2242
06037543400,693200,2191,2051,4,2,3,4,147,126,153,71,51,837,70,1755,360,3599,0.3879,40,984,5115.0,5891.0,0,1013,2067,3599,3420,3578,501,984,4,98,85,46,17,35,33,90,155,86,28,53,77,185,178,59,51,64,172,35,3599,423,338,984,1013
06037543501,591700,1648,1848,192,232,24,22,869,120,87,94,13,1076,164,3182,893,6298,0.365,152,1945,5741.0,8715.0,0,2175,2166,6326,6104,6286,707,1945,79,8,224,130,25,124,41,121,201,115,87,29,102,147,286,70,142,55,178,164,6326,612,399,1945,2175
06037543502,669600,1815,2396,100,11,24,62,483,244,208,53,39,1204,201,3067,345,4548,0.3766,0,1687,5658.0,7329.0,0,1790,2157,4550,4269,4520,818,1687,111,76,30,11,27,18,59,77,35,27,22,4,84,82,193,73,48,26,145,33,4550,630,504,1687,1790
06037543503,710600,1818,2149,99,105,51,9,619,137,83,125,69,1310,49,2926,284,4840,0.3671,27,1929,7239.0,9616.0,17,2093,1790,5329,4662,5306,954,1929,59,126,329,66,76,52,76,69,334,47,71,135,81,0,89,81,180,70,43,29,5329,923,370,1929,2093
06037543601,634100,1766,1980,24,61,77,79,363,76,74,86,62,739,143,2158,422,4503,0.3582,80,1102,4329.0,5862.0,0,1174,2279,4531,4439,4491,740,1102,54,191,51,27,55,22,93,56,65,91,36,67,72,215,57,109,28,120,231,144,4531,288,412,1102,1174
06037543603,-666666666,1144,1453,0,0,0,0,189,112,134,80,17,1320,51,1446,217,3761,0.454,31,1509,7614.0,8574.0,56,1640,945,3795,3594,3795,885,1509,94,137,79,96,179,43,105,107,179,238,150,66,35,64,40,62,36,65,109,76,3795,968,352,1509,1640
06037543605,632800,2195,1933,28,82,11,7,314,120,143,210,41,1246,157,2539,261,4179,0.3992,0,1560,5845.0,7136.0,37,1640,1310,4184,3692,4140,816,1560,100,84,83,81,57,0,67,105,188,29,54,0,74,168,151,0,55,159,54,56,4184,724,449,1560,1640
06037543606,575100,1618,958,0,115,83,80,547,20,43,38,14,810,144,1856,332,3786,0.374,44,1357,4298.0,6371.0,19,1376,1302,4051,3496,4038,616,1357,34,41,79,107,72,41,70,88,103,93,84,167,90,127,19,51,327,112,207,61,4051,495,219,1357,1376
06037543607,666700,2191,2538,11,7,0,8,145,143,154,59,53,1179,206,2286,492,4922,0.4002,69,1324,7032.0,7874.0,0,1382,1767,4986,4620,4964,862,1324,78,91,174,84,32,86,110,48,140,88,103,81,104,129,100,107,87,91,83,83,4986,645,469,1324,1382
06037543701,618800,2801,2223,0,26,8,20,144,85,67,90,34,564,124,1602,145,3015,0.3443,16,708,3339.0,4003.0,26,727,1554,3040,2818,2988,464,708,65,31,38,40,3,3,44,83,48,36,25,4,170,92,90,64,17,96,127,45,3040,175,346,708,727
06037543703,701000,1752,2756,35,117,27,19,379,51,110,107,40,728,249,2336,224,4201,0.4758,28,1107,4710.0,6187.0,0,1168,2403,4207,3799,4190,675,1107,13,44,62,39,37,15,71,74,90,71,37,9,83,47,129,76,193,76,106,123,4207,320,385,1107,1168
06037543704,641500,2169,2397,10,37,0,0,225,88,41,32,69,627,100,1664,158,2936,0.4632,45,852,3381.0,4389.0,0,886,1619,2936,2704,2892,610,852,23,45,68,10,28,2,9,77,60,21,26,23,32,43,115,11,35,128,84,115,2936,252,348,852,886
06037543705,612800,1813,1838,35,40,19,23,348,98,66,64,11,609,140,1711,249,3177,0.3839,23,957,3326.0,4863.0,0,994,1774,3194,3126,3194,468,957,49,17,55,63,12,68,11,102,27,27,0,0,40,129,118,115,52,85,88,62,3194,255,321,957,994
06037543801,593700,-666666666,1548,137,20,0,26,274,130,91,65,73,1045,112,2351,278,4465,0.3958,19,1319,5595.0,6814.0,0,1381,1649,4470,4324,4427,732,1319,78,43,150,29,28,72,33,109,150,53,38,64,96,80,74,64,117,66,211,161,4470,540,379,1319,1381
06037543803,612200,-666666666,-666666666,0,34,78,86,615,32,40,60,36,870,106,2211,585,4214,0.5608,49,1485,4641.0,6843.0,88,1689,1569,4272,3804,4206,901,1485,78,0,95,34,28,79,62,52,121,17,45,77,43,116,111,80,97,186,256,133,4272,482,321,1485,1689
06037543804,786400,1813,2697,77,0,26,20,307,68,28,0,155,552,127,1904,1000,4561,0.4328,17,859,3541.0,5181.0,16,880,1226,4563,4122,4563,494,859,28,58,101,49,40,147,145,73,121,60,34,194,32,104,27,267,4,36,136,55,4563,192,219,859,880
06037543903,600700,-666666666,1754,23,25,68,0,297,102,147,74,44,794,144,2236,294,4125,0.3419,12,1091,4562.0,5800.0,0,1254,2112,4127,3802,4102,679,1091,72,29,100,24,33,17,24,49,100,63,61,45,55,139,183,51,82,36,114,79,4127,239,429,1091,1254
06037543905,471200,2193,1407,32,56,26,61,587,66,51,32,21,466,192,2267,475,4390,0.3645,10,1053,2313.0,5308.0,0,1092,3409,4479,3836,4409,386,1053,8,16,29,36,17,0,43,90,64,0,44,28,164,144,243,105,204,130,200,122,4479,227,205,1053,1092
06037544001,605700,1899,1150,26,58,12,5,259,91,49,36,44,958,131,2294,336,3968,0.3741,38,1217,5266.0,6660.0,0,1246,2515,3968,3841,3932,626,1217,15,35,69,23,24,56,58,35,136,10,28,35,21,53,125,201,88,121,57,108,3968,536,379,1217,1246
06037544002,627600,2000,2174,30,54,11,0,246,73,127,35,34,596,180,2083,150,3835,0.2965,45,842,3028.0,4044.0,0,849,2775,3835,3414,3800,470,842,14,54,48,44,7,8,17,84,48,32,11,58,338,181,101,53,88,109,92,44,3835,254,201,842,849
06037550101,619700,1647,1646,22,0,26,0,108,76,50,23,168,867,155,1868,501,3958,0.4643,49,975,4640.0,5180.0,0,1048,3277,3958,3536,3915,725,975,53,25,91,75,0,135,54,25,39,65,0,185,95,143,113,98,163,199,159,89,3958,279,490,975,1048
06037550201,658400,1627,2404,49,61,48,15,311,24,98,30,18,466,111,1560,323,2918,0.3384,33,777,2662.0,3953.0,0,777,2259,2923,2764,2906,477,777,20,17,55,36,15,16,10,32,44,28,25,20,75,176,152,77,63,91,111,79,2923,204,215,777,777
06037550202,625200,2189,1823,41,73,0,27,339,59,63,79,84,1078,87,2644,273,5095,0.3441,58,1417,5790.0,7304.0,0,1424,4083,5095,4649,5026,735,1417,141,52,40,44,37,23,71,65,133,36,37,15,129,225,112,164,45,195,175,58,5095,410,519,1417,1424
06037550301,631600,2279,1834,28,25,56,44,415,157,52,72,0,663,80,2175,201,4187,0.3425,134,1078,3563.0,4952.0,0,1089,2836,4309,4064,4241,526,1078,6,24,64,15,23,31,7,60,70,111,63,66,245,124,42,0,396,62,146,122,4309,174,368,1078,1089
06037550501,736400,1878,3087,14,52,18,32,549,42,77,84,5,555,71,2059,413,3752,0.4434,51,1104,3479.0,5717.0,0,1137,2872,3864,3646,3829,587,1104,46,6,24,70,0,16,45,11,93,29,0,32,213,11,194,218,20,223,212,106,3864,366,173,1104,1137
06037550502,1087300,2579,2303,0,21,16,9,221,186,112,33,0,1025,122,2383,64,4141,0.4401,32,1246,7136.0,8641.0,54,1335,2662,4141,3815,4100,770,1246,76,54,55,74,43,35,14,47,68,93,19,132,93,47,135,56,86,51,153,67,4141,670,262,1246,1335
06037550601,681000,1831,2577,171,208,109,35,894,69,91,44,197,1037,250,3296,637,5985,0.4181,164,1931,6271.0,9669.0,0,1990,4601,5993,5641,5961,1090,1931,41,58,108,28,12,32,54,45,99,53,51,71,24,162,125,56,333,346,338,57,5993,535,431,1931,1990
06037550602,817500,2609,2420,24,0,42,21,271,40,122,22,34,905,8,2016,318,3830,0.4988,8,1176,5385.0,6792.0,35,1222,2645,3830,3352,3819,595,1176,34,45,59,82,23,13,69,40,101,69,53,40,77,110,168,128,130,147,48,8,3830,523,300,1176,1222
06037550700,690100,2080,2445,67,128,103,67,538,191,37,231,14,1494,288,3949,592,6800,0.3658,63,2032,9026.0,10972.0,0,2110,4704,6803,6567,6803,968,2032,72,37,113,142,16,70,130,224,36,159,65,66,225,208,111,85,186,217,135,67,6803,807,618,2032,2110
06037550801,793700,1649,2258,11,55,21,107,627,134,260,18,36,940,55,2132,321,4773,0.3668,5,1567,5961.0,8501.0,0,1642,3582,4773,4461,4693,919,1567,49,91,90,67,108,51,111,149,74,143,13,118,68,78,111,46,327,102,84,137,4773,573,342,1567,1642
06037550802,745300,1539,2560,0,73,61,0,287,13,22,54,10,287,69,1040,191,1938,0.3887,30,574,1905.0,3042.0,0,653,1620,1938,1839,1911,268,574,33,15,17,43,28,8,15,15,6,7,17,29,37,68,104,49,31,67,4,47,1938,215,48,574,653
06037550901,794900,1859,2865,183,205,82,127,1105,79,73,46,18,327,276,2743,829,4716,0.4334,31,1432,1964.0,6248.0,0,1475,3220,4742,4374,4651,655,1432,47,49,26,4,10,1,0,77,12,54,34,88,127,124,108,155,80,159,244,38,4742,143,168,1432,1475
06037550902,827600,2008,2132,101,341,137,140,1294,51,186,36,10,608,295,3095,372,5564,0.3915,76,1902,3607.0,8758.0,0,1945,3924,5570,4673,5507,748,1902,35,10,97,33,57,24,42,68,36,121,21,13,220,174,173,168,183,27,194,163,5570,350,258,1902,1945
06037551001,830900,2245,2647,12,9,30,32,264,78,42,66,35,629,88,1464,109,3237,0.377,55,893,4090.0,5335.0,0,1081,2401,3237,2939,3237,604,893,78,0,78,26,0,13,0,29,144,101,0,48,38,156,92,108,93,97,90,30,3237,264,350,893,1081
06037551002,841200,2154,2071,14,157,0,63,439,45,64,48,58,975,137,2131,244,4346,0.5886,38,1414,6251.0,8048.0,0,1437,3188,4346,3941,4280,676,1414,62,155,137,42,0,64,46,146,22,62,27,250,60,161,74,89,176,123,6,167,4346,583,319,1414,1437
06037551101,398400,1720,2143,110,111,107,93,775,50,12,10,0,494,109,2008,540,3950,0.3653,37,1269,2607.0,5645.0,0,1311,2924,3950,3468,3904,567,1269,41,0,81,11,0,0,14,25,225,14,35,29,108,184,72,35,238,96,70,149,3950,274,191,1269,1311
06037551102,1051300,1797,3413,176,127,154,195,1750,0,0,0,0,134,94,2949,883,5489,0.3528,135,1884,812.0,7095.0,0,1884,4559,5551,5037,5492,571,1884,0,10,54,37,35,0,0,9,56,25,0,0,137,155,183,89,138,331,188,313,5551,101,33,1884,1884
06037551201,713000,1891,1456,6,34,44,71,620,95,24,41,78,575,123,1757,246,3506,0.4344,128,1195,3373.0,5655.0,0,1219,2461,3541,3343,3541,631,1195,40,95,69,40,24,11,12,16,206,41,50,42,60,69,150,68,40,132,200,91,3541,348,156,1195,1219
06037551203,675300,2056,2350,30,23,17,10,347,216,0,56,27,755,218,2301,536,4111,0.4214,55,1102,4478.0,5965.0,0,1129,3266,4111,4036,4099,580,1102,150,10,0,0,54,48,160,49,22,12,50,48,43,124,328,90,42,123,167,54,4111,239,506,1102,1129
06037551204,648300,1684,1724,17,134,28,139,662,0,59,35,43,433,84,1678,419,3288,0.4183,25,1095,2366.0,5076.0,0,1095,2709,3465,3221,3423,351,1095,92,123,98,35,26,9,43,89,124,28,24,9,50,63,9,41,153,24,119,59,3465,170,216,1095,1095
06037551300,482800,1883,1698,133,200,196,146,1554,33,57,0,11,278,183,3128,777,5479,0.3641,26,1832,1314.0,7486.0,0,1952,4308,5670,5236,5586,675,1832,44,43,92,32,91,0,44,105,126,60,24,94,116,274,219,94,119,105,108,104,5670,138,116,1832,1952
06037551401,674400,1751,2702,93,28,121,88,725,84,87,0,15,607,183,2335,384,4011,0.4175,29,1332,3404.0,5775.0,0,1332,3381,4011,3933,3955,582,1332,21,51,5,24,24,10,105,66,63,43,0,30,119,165,111,37,139,139,153,10,4011,322,236,1332,1332
06037551402,729400,2098,2484,11,76,31,61,582,64,72,78,80,858,176,2356,486,5067,0.3991,67,1440,5199.0,7710.0,0,1459,3941,5067,4945,4972,630,1440,48,27,75,29,50,9,47,56,134,84,28,42,168,288,173,128,142,235,58,67,5067,433,373,1440,1459
06037551501,688200,2055,2529,206,47,21,0,670,87,105,80,76,777,100,2391,355,4653,0.3766,62,1447,4471.0,7066.0,0,1517,3525,4713,3854,4648,730,1447,68,30,31,23,8,16,53,95,121,27,22,2,90,80,90,66,112,287,202,132,4713,306,448,1447,1517
06037551502,827500,1902,1875,140,30,82,80,695,110,122,28,0,718,28,2267,146,4424,0.3949,62,1413,4306.0,7224.0,0,1413,3450,4517,4315,4517,740,1413,53,35,100,49,11,138,33,22,116,60,63,67,208,130,109,59,76,133,270,101,4517,373,325,1413,1413
06037551700,709500,1809,2202,41,90,39,47,554,106,51,60,52,1175,119,3038,702,6286,0.406,53,1729,6725.0,8935.0,0,1729,5238,6286,6054,6263,944,1729,94,121,44,80,143,69,127,83,221,54,84,59,132,179,249,93,21,182,234,172,6286,582,521,1729,1729
06037551801,626400,1836,2163,35,63,49,62,377,54,175,40,54,586,66,1907,63,3315,0.3526,57,963,3413.0,4964.0,0,981,2553,3315,2914,3280,521,963,16,0,47,20,6,5,12,39,34,23,57,41,54,231,59,52,117,160,46,26,3315,367,145,963,981
06037551802,659800,2018,1544,18,23,86,193,853,58,60,10,0,539,178,2364,346,3776,0.3416,133,1392,3627.0,6775.0,0,1392,2898,3803,3458,3786,514,1392,13,180,62,50,0,11,71,79,56,53,51,37,83,54,157,90,22,55,76,208,3803,340,176,1392,1392
06037551900,613600,1874,1934,0,16,11,0,198,65,200,77,76,1204,137,2826,599,5124,0.3912,45,1402,6360.0,7206.0,0,1402,3376,5324,5109,5226,830,1402,4,283,42,36,12,0,74,133,110,44,21,44,190,188,31,210,72,221,169,80,5324,453,627,1402,1402
06037552001,619400,2270,2173,15,68,10,14,273,104,81,77,108,734,62,1825,182,3760,0.3389,47,1007,4091.0,5352.0,0,1024,2671,3853,3654,3842,571,1007,11,24,69,0,38,22,6,71,37,29,37,85,133,177,139,86,105,146,120,26,3853,272,385,1007,1024
06037552002,594400,2121,2086,33,113,133,50,533,37,61,106,29,430,125,1974,215,3334,0.3362,68,963,2245.0,4201.0,0,989,2301,3391,3228,3364,379,963,0,106,29,19,0,9,33,46,37,30,37,32,186,101,148,48,92,56,58,54,3391,123,258,963,989
06037552100,594100,1294,1910,22,92,101,41,658,109,56,145,88,1136,108,2712,438,5400,0.4298,129,1794,5976.0,7957.0,0,1861,3699,5405,5166,5297,930,1794,57,119,113,79,75,105,49,67,68,87,127,85,128,81,218,231,124,79,114,93,5405,483,471,1794,1861
06037552200,611800,1842,1802,115,88,85,87,1271,12,24,7,0,327,121,3008,1476,6115,0.3861,107,1598,1678.0,6677.0,41,1638,4752,6115,5771,6072,664,1598,30,6,29,45,7,0,0,68,111,52,35,29,312,256,378,100,183,232,435,130,6115,161,139,1598,1638
06037552301,569000,2542,2073,40,71,33,45,334,129,52,188,87,877,48,2135,328,4445,0.3427,23,1211,5275.0,6878.0,0,1211,3067,4548,4373,4548,720,1211,28,20,106,12,11,14,64,22,111,28,41,77,68,144,222,193,82,219,0,141,4548,454,353,1211,1211
06037552302,627000,1766,2015,18,49,97,27,563,229,7,20,36,773,47,2193,552,4019,0.4323,11,1336,4056.0,6162.0,12,1336,1781,4024,3817,4007,768,1336,65,45,109,48,47,47,52,53,162,93,37,29,95,8,28,60,33,80,144,74,4024,318,286,1336,1336
06037552400,593600,2167,1551,0,5,0,20,65,53,17,29,55,469,21,1071,162,2295,0.3694,58,534,2685.0,3016.0,0,574,1922,2318,2106,2314,246,534,5,29,28,14,18,14,34,14,20,37,18,14,69,51,132,80,116,46,116,48,2318,138,279,534,574
06037552601,575800,1923,1843,11,10,77,0,364,144,38,82,20,797,316,2621,590,5176,0.5169,74,1161,4627.0,6318.0,0,1161,4576,5187,5042,5142,468,1161,20,12,91,9,59,0,163,43,32,41,37,120,248,78,292,54,39,244,169,156,5187,218,320,1161,1161
06037552602,651200,2137,1744,94,59,88,7,445,123,49,38,20,562,68,1907,324,3512,0.3146,65,1007,3138.0,5065.0,0,1018,1922,3520,3357,3500,553,1007,84,51,57,57,9,40,50,21,82,43,41,12,158,64,67,98,36,131,60,74,3520,346,148,1007,1018
06037552700,632100,2642,2241,35,0,44,8,405,197,80,199,63,1238,121,3279,339,6506,0.3598,102,1643,7023.0,8809.0,0,1691,4378,6593,6138,6456,863,1643,88,155,67,95,16,68,119,154,54,67,28,121,217,176,166,56,279,195,154,49,6593,516,552,1643,1691
06037552800,627200,2006,2320,99,14,38,42,426,151,157,66,109,1255,253,3414,281,6273,0.3719,93,1681,7109.0,8951.0,0,1713,4903,6332,6083,6299,1030,1681,66,60,65,25,9,0,29,129,116,86,42,9,216,161,270,177,163,221,216,56,6332,516,667,1681,1713
06037552900,627000,1867,2225,96,63,115,42,802,64,119,117,85,1160,154,3377,1119,6540,0.3908,5,1962,6573.0,9966.0,0,1962,3955,6565,5975,6433,881,1962,23,126,57,12,0,42,126,34,100,61,29,140,223,48,217,226,316,102,150,150,6565,638,366,1962,1962
06037553000,617100,2578,2261,6,88,0,0,122,157,252,36,14,1010,355,2665,368,5090,0.3142,110,1132,6073.0,6711.0,0,1188,3520,5107,4950,5059,623,1132,63,144,39,90,7,0,35,131,56,121,17,15,136,98,55,165,417,188,22,153,5107,417,493,1132,1188
06037553100,770700,2256,2383,139,76,109,54,858,79,152,33,130,967,488,3490,685,6253,0.3596,46,1825,5725.0,9903.0,18,1963,3334,6255,5865,6210,851,1825,59,166,84,99,16,26,67,109,119,61,0,0,212,138,160,299,123,216,89,100,6255,566,310,1825,1963
06037553201,704100,2230,1989,31,10,37,3,356,91,42,71,12,592,187,2233,301,3695,0.4047,17,948,3445.0,5244.0,5,990,2544,3708,3294,3647,470,948,19,41,72,59,13,1,55,57,36,46,19,27,156,13,100,44,42,87,111,59,3708,263,299,948,990
06037553202,669400,2491,2106,36,27,11,14,345,38,18,63,106,572,123,1774,237,3449,0.3652,34,917,3158.0,4982.0,0,951,2534,3459,3297,3459,597,917,18,37,58,0,15,32,65,9,116,25,60,110,24,131,197,55,74,135,112,60,3459,211,224,917,951
06037553300,654100,1288,2013,0,50,19,0,186,82,149,42,58,805,41,2174,216,3713,0.3702,20,991,4172.0,5004.0,8,991,2612,3829,3703,3807,694,991,31,30,31,9,6,0,25,2,64,61,20,12,37,123,153,42,76,179,66,132,3829,270,426,991,991
06037553400,605000,1946,1606,130,21,5,52,459,47,70,31,0,559,79,2009,133,3461,0.3902,45,1018,3047.0,5087.0,0,1076,2787,3472,3340,3458,479,1018,72,59,52,7,0,28,21,115,45,21,0,20,38,73,103,86,35,32,128,93,3472,263,229,1018,1076
06037553502,432500,1593,1175,108,57,98,28,716,30,67,16,0,420,63,1866,182,3526,0.5941,29,1136,1526.0,4104.0,0,1208,2483,3629,3408,3602,380,1136,136,26,39,29,20,25,12,27,27,17,54,81,92,106,173,42,138,95,229,32,3629,128,221,1136,1208
06037553503,519600,1686,1909,37,39,7,97,522,42,46,10,41,303,49,1501,488,3004,0.3753,32,825,1631.0,3635.0,0,839,2734,3013,2887,2964,332,825,56,34,0,30,28,0,26,36,49,30,17,18,102,20,109,47,96,137,45,58,3013,113,119,825,839
06037553504,527100,1701,1871,69,21,76,37,445,138,67,130,12,863,184,2492,440,4626,0.354,52,1308,4276.0,6130.0,0,1308,3815,4626,4232,4605,698,1308,16,43,29,54,7,24,41,94,110,59,6,44,189,143,127,112,157,213,46,51,4626,321,396,1308,1308
06037553601,478300,1697,2002,95,70,68,27,743,35,62,52,19,525,54,2179,681,4485,0.3569,74,1268,2700.0,5614.0,0,1291,3982,4518,4425,4508,511,1268,19,39,44,0,0,47,20,88,22,39,11,7,86,107,146,178,85,160,416,125,4518,225,210,1268,1291
06037553602,576600,2279,1890,19,125,148,95,924,26,106,35,42,463,146,2624,202,5026,0.3252,25,1387,2688.0,6183.0,0,1417,3797,5026,4646,5020,552,1387,25,51,28,27,24,6,46,25,28,29,6,0,190,89,333,107,153,356,254,52,5026,105,225,1387,1417
06037553701,419600,1613,1319,101,66,75,23,517,12,98,6,0,411,77,1903,518,3913,0.3508,68,928,2244.0,4347.0,0,933,3603,3925,3518,3900,538,928,30,42,26,25,11,25,8,12,11,35,29,11,153,107,308,78,109,23,165,62,3925,139,209,928,933
06037553702,545700,1672,1867,85,71,47,31,616,44,136,17,50,639,74,2173,583,4474,0.3595,49,1255,3485.0,6180.0,0,1255,4312,4614,4498,4577,598,1255,45,107,0,15,0,8,44,7,41,48,8,16,134,61,179,89,137,330,257,143,4614,304,245,1255,1255
06037553801,561400,1858,-666666666,68,20,30,81,714,39,0,0,22,292,189,1836,1292,4013,0.4225,105,1006,1634.0,4438.0,0,1006,2985,4124,3904,4091,461,1006,31,5,20,26,29,21,38,5,3,24,11,29,136,174,305,92,123,117,157,27,4124,127,128,1006,1006
06037553802,340000,1646,1308,114,159,85,77,1035,77,77,9,104,1012,235,3350,952,6645,0.4232,64,2047,5000.0,8719.0,47,2047,5104,6654,6416,6576,1004,2047,69,82,90,35,59,0,41,108,157,41,99,8,206,117,235,90,91,299,256,153,6654,400,506,2047,2047
06037553901,589000,1609,1690,107,143,83,70,787,109,42,42,61,809,102,3134,767,6301,0.3524,31,1596,4596.0,7877.0,14,1655,5379,6492,6070,6405,892,1596,221,77,77,98,5,10,116,126,48,59,148,39,191,231,171,214,110,301,155,88,6492,309,292,1596,1655
06037553902,275000,2077,1630,99,58,198,132,1104,40,44,21,56,488,311,3525,801,5925,0.3526,96,1592,2470.0,6989.0,43,1626,5064,5925,5348,5855,665,1592,56,31,11,47,35,10,58,18,60,23,49,0,148,297,376,166,188,147,145,223,5925,205,153,1592,1626
06037554001,650800,1720,1902,8,177,29,117,498,100,54,65,60,751,100,2362,327,4330,0.3429,28,1249,4519.0,6768.0,0,1308,2399,4342,3885,4317,673,1249,168,71,32,56,7,5,9,70,219,45,15,18,139,95,138,88,152,194,112,32,4342,399,280,1249,1308
06037554002,639500,1804,2136,88,92,118,134,1126,55,78,51,19,594,346,3050,1066,5739,0.4357,71,1720,3415.0,7850.0,0,1729,4018,5739,5241,5739,796,1720,60,32,40,37,18,49,70,36,138,25,41,18,74,208,134,148,237,182,181,185,5739,204,327,1720,1729
06037554101,674500,1548,2194,67,61,71,40,636,43,13,0,0,293,74,1833,787,3540,0.4554,35,929,1498.0,3888.0,0,998,2591,3540,3071,3499,429,929,0,0,9,0,0,0,52,7,19,60,7,4,83,251,180,76,89,101,248,43,3540,72,136,929,998
06037554105,629800,1707,2721,135,87,158,138,1397,0,69,0,0,95,167,2058,1278,4280,0.4267,189,1492,453.0,5392.0,0,1603,2696,4280,3768,4216,563,1492,9,0,12,17,7,0,14,7,104,60,5,30,268,179,97,17,249,83,285,39,4280,9,64,1492,1603
06037554106,683400,1721,1653,135,42,96,60,725,67,62,53,23,552,122,2081,622,3938,0.4101,60,1277,3242.0,6038.0,0,1308,2219,3943,3758,3930,593,1277,43,30,28,73,8,12,23,40,6,1,69,24,116,32,94,161,118,137,174,73,3943,363,178,1277,1308
06037554201,647500,2126,1938,54,63,5,74,426,88,173,34,0,646,75,1906,218,3474,0.3643,24,1072,3633.0,5425.0,0,1085,2297,3521,3302,3423,501,1072,85,12,45,23,61,10,40,6,11,96,42,30,57,30,98,53,182,89,188,7,3521,265,338,1072,1085
06037554203,675000,1394,1457,103,35,66,33,912,19,22,39,20,347,131,1977,669,3811,0.4671,31,1259,1936.0,4689.0,0,1259,2314,3914,3545,3889,608,1259,55,29,126,21,18,6,29,35,74,25,25,24,43,78,190,183,77,120,192,166,3914,117,194,1259,1259
06037554204,613000,1534,2778,199,215,142,75,1521,70,28,0,7,246,438,2594,804,4772,0.4448,103,1767,893.0,6219.0,0,1774,3414,4821,4544,4798,632,1767,20,40,14,65,22,16,0,193,133,76,26,97,92,105,121,126,154,143,205,133,4821,114,72,1767,1774
06037554301,569100,1935,1443,53,57,73,75,595,63,26,0,0,446,99,1789,434,3402,0.3688,35,1041,2354.0,4475.0,0,1070,2554,3418,3287,3377,396,1041,43,23,26,14,0,0,17,48,26,24,18,19,51,250,118,32,32,104,162,76,3418,181,197,1041,1070
06037554302,-666666666,2083,1036,154,149,57,106,812,10,30,0,0,274,131,2069,270,4119,0.3533,54,1086,1180.0,4696.0,0,1150,2472,4268,3815,4173,299,1086,0,45,30,43,0,37,36,31,33,19,11,18,188,145,141,134,97,153,230,98,4268,150,95,1086,1150
06037554403,-666666666,1822,912,246,176,116,98,1274,53,47,57,25,508,205,2820,631,5454,0.4011,134,1782,2415.0,7510.0,0,1908,3220,5592,5091,5592,631,1782,19,37,75,50,0,56,68,97,138,48,52,20,82,249,294,137,148,192,236,134,5592,246,199,1782,1908
06037554404,689400,1747,1635,173,133,93,182,1007,0,46,37,19,306,81,2234,736,4362,0.3974,97,1313,1575.0,5740.0,0,1366,2641,4423,4061,4392,586,1313,63,49,93,14,11,0,31,111,122,33,40,14,97,98,194,38,48,115,85,200,4423,158,113,1313,1366
06037554405,730800,1622,2807,69,130,108,97,1188,63,0,42,43,238,176,1874,559,3573,0.4806,21,1426,1405.0,5535.0,0,1465,1555,3573,3041,3538,461,1426,57,18,11,114,4,22,128,175,11,108,44,9,116,32,63,34,158,93,172,67,3573,137,101,1426,1465
06037554406,826400,1856,2686,107,71,138,106,784,108,155,16,53,791,181,2400,246,4606,0.3513,5,1575,4820.0,7972.0,0,1581,1637,4771,4277,4693,786,1575,42,61,94,75,35,33,49,107,139,177,92,51,134,214,32,97,214,127,157,60,4771,438,278,1575,1581
06037554511,972600,2968,1194,179,42,19,0,387,96,122,32,39,763,162,1894,184,3746,0.3912,28,1150,4964.0,7262.0,0,1150,248,3746,3390,3735,725,1150,56,63,63,129,23,45,52,46,95,105,51,42,133,79,156,97,32,44,62,75,3746,486,218,1150,1150
06037554512,932700,3221,2079,58,152,113,82,674,364,219,45,11,1606,100,3470,361,6428,0.4384,187,2280,11065.0,13180.0,0,2338,1223,6428,5760,6418,1471,2280,83,63,150,200,144,53,19,127,240,157,207,37,39,147,300,70,53,118,148,59,6428,1077,521,2280,2338
06037554513,784100,2943,2079,6,66,0,60,193,67,80,28,5,619,38,1138,109,2473,0.384,10,812,4013.0,5114.0,0,812,240,2473,2325,2459,545,812,24,37,107,46,56,10,23,64,124,65,62,26,28,92,87,16,46,53,99,27,2473,420,187,812,812
06037554514,881300,2510,2104,130,106,13,26,555,84,95,87,32,1026,76,2152,255,4564,0.4081,37,1581,6457.0,9251.0,0,1581,1052,4564,4188,4564,829,1581,81,168,99,43,108,64,24,45,146,151,66,78,42,142,151,88,91,98,265,56,4564,637,341,1581,1581
06037554515,835800,3263,968,20,0,44,20,156,116,77,65,26,995,57,1342,313,3328,0.4203,57,1151,6368.0,7334.0,0,1176,394,3328,3026,3276,784,1151,50,48,156,155,79,87,15,65,179,244,32,52,140,83,120,64,34,74,68,37,3328,669,230,1151,1176
06037554516,989300,3059,1856,26,56,0,0,215,104,130,30,28,979,87,1633,133,3632,0.3821,24,1194,6573.0,7796.0,0,1224,240,3632,3329,3623,787,1194,40,68,95,101,42,68,125,47,153,132,55,63,35,231,104,93,71,35,148,61,3632,741,236,1194,1224
06037554517,946000,2636,2390,93,60,48,33,533,181,82,64,7,863,82,2435,579,4774,0.4945,35,1396,5924.0,8396.0,0,1421,766,4774,4003,4747,894,1396,65,52,123,97,41,33,89,74,111,57,72,30,105,196,203,86,100,191,161,80,4774,539,293,1396,1421
06037554518,897200,3380,1726,0,31,21,0,300,178,96,92,34,1256,130,2446,266,5033,0.3764,99,1556,7858.0,9634.0,0,1604,541,5042,4653,4941,1175,1556,27,119,158,96,44,36,89,61,222,81,29,44,121,126,273,117,142,66,166,117,5042,714,506,1556,1604
06037554519,950300,3501,2411,21,4,0,0,117,54,135,108,56,1064,82,1437,277,3243,0.4464,20,1181,7186.0,7917.0,0,1262,149,3243,3041,3231,691,1181,50,59,158,141,63,248,41,31,154,231,109,58,31,95,69,20,48,64,65,26,3243,779,251,1181,1262
06037554521,882000,2439,1636,42,78,82,63,605,98,132,51,71,1346,200,2964,196,6044,0.3693,33,1951,9096.0,12213.0,0,1975,1359,6125,5220,6030,1344,1951,93,162,239,101,128,26,75,166,321,132,109,192,196,146,152,232,139,99,197,56,6125,1001,339,1951,1975
06037554522,922500,3014,2157,96,52,43,0,269,128,106,103,96,1242,146,2515,159,4977,0.3325,50,1511,8026.0,9704.0,0,1511,990,4985,4483,4959,1122,1511,73,57,186,129,44,37,76,113,240,92,51,71,159,274,132,73,49,93,175,43,4985,742,487,1511,1511
06037554600,604400,2212,1669,61,57,29,22,469,21,117,43,43,782,126,2058,409,3943,0.4712,30,1251,4443.0,6649.0,12,1311,1722,3968,3768,3939,596,1251,53,100,75,8,25,13,49,80,32,57,64,37,145,151,86,116,127,91,106,20,3968,464,311,1251,1311
06037554700,594200,2353,1710,32,0,36,19,173,99,39,82,50,776,143,2349,293,4170,0.4032,33,949,4483.0,5451.0,0,985,3379,4170,4046,4170,631,949,19,137,23,69,40,19,16,24,93,55,25,41,39,65,163,78,127,119,132,64,4170,264,377,949,985
06037554801,634800,1833,1300,32,10,49,0,256,66,29,20,13,496,143,1471,269,2884,0.3955,32,752,2847.0,3952.0,0,776,2033,2884,2431,2836,468,752,46,96,64,21,28,22,65,36,76,2,49,31,48,95,83,34,150,82,48,30,2884,218,196,752,776
06037554802,832200,1965,2460,43,94,111,32,761,141,49,14,29,975,275,2980,354,5501,0.376,59,1736,6464.0,9605.0,0,1810,1172,5920,4964,5866,980,1736,61,107,116,117,80,79,82,127,124,59,51,66,162,112,112,84,158,162,155,67,5920,621,309,1736,1810
06037554900,726100,2582,2151,34,193,96,75,1014,37,78,93,0,877,336,3561,758,7173,0.3874,275,1891,5167.0,10597.0,0,2071,2309,7240,6725,7240,1048,1891,37,72,120,91,30,25,57,78,164,133,118,88,0,173,343,75,254,194,260,361,7240,562,241,1891,2071
06037555001,742000,1776,1893,94,29,128,39,706,90,76,102,38,864,77,2747,614,5359,0.401,27,1570,5059.0,8215.0,0,1570,2629,5359,4847,5262,801,1570,38,15,36,88,49,45,51,54,67,105,32,210,224,158,121,83,204,145,226,42,5359,454,377,1570,1570
06037555002,638200,2025,1911,91,98,32,70,760,84,65,40,42,452,99,2197,259,3808,0.3803,21,1212,2578.0,5853.0,0,1231,1691,3808,3567,3808,541,1212,0,46,61,44,13,22,116,97,45,64,58,21,74,147,116,59,76,135,71,19,3808,234,218,1212,1231
06037555105,618500,2655,1886,91,50,261,130,1022,85,151,74,0,745,317,3635,307,6136,0.3231,103,1767,4393.0,8987.0,62,1869,2687,6136,5597,6092,657,1767,54,63,75,50,0,34,115,141,55,44,56,28,119,218,187,86,90,141,272,97,6136,359,283,1767,1869
06037555106,478800,1563,1444,26,57,66,165,596,67,14,25,53,385,9,1285,105,2698,0.3699,14,981,1787.0,4195.0,30,1032,1253,2698,2518,2611,352,981,53,16,34,93,31,81,85,0,11,100,12,76,129,66,37,70,140,43,100,0,2698,195,151,981,1032
06037555107,655100,2089,2405,41,142,42,86,640,157,72,143,88,1213,217,3018,442,5422,0.3978,115,1853,6726.0,9581.0,34,1896,1963,5422,5032,5353,909,1853,46,87,68,53,14,27,50,80,142,111,24,141,83,64,113,196,144,174,61,186,5422,572,572,1853,1896
06037555202,931700,3404,2702,10,35,0,13,144,136,199,58,77,993,118,1864,168,3689,0.3476,10,1137,6607.0,7596.0,47,1170,980,3689,3432,3615,564,1137,27,66,60,20,48,29,33,31,78,43,90,83,108,84,159,21,91,204,97,176,3689,610,383,1137,1170
06037555211,494500,1689,1689,65,90,81,46,809,118,31,0,30,637,141,2713,1576,5509,0.4208,34,1446,3421.0,6750.0,0,1511,4799,5509,4965,5461,688,1446,65,61,31,147,12,78,31,93,70,53,22,66,105,257,306,108,164,149,202,223,5509,396,166,1446,1511
06037555212,573800,1847,1240,66,100,154,21,690,65,35,118,8,748,195,2790,794,5583,0.3399,83,1438,3863.0,6719.0,0,1503,4380,5609,5157,5487,628,1438,44,38,78,64,3,14,74,43,162,51,49,35,98,342,172,105,494,130,153,107,5609,343,312,1438,1503
06037555300,610700,2278,2173,6,0,17,0,128,64,152,125,64,927,71,2025,706,4535,0.3786,40,1055,5046.0,5704.0,0,1055,2970,4819,4348,4800,610,1055,129,74,191,13,69,139,18,96,109,44,0,30,89,113,209,77,68,65,87,50,4819,372,504,1055,1055
06037570001,783800,1836,2139,26,55,0,20,282,98,91,155,34,1230,339,2816,399,4722,0.3899,21,1512,7498.0,8777.0,0,1581,1701,4746,4316,4730,864,1512,30,41,106,96,50,9,66,42,140,20,39,18,44,170,128,78,93,97,183,111,4746,729,387,1512,1581
06037570002,755600,1744,2530,13,60,9,5,124,72,66,27,67,668,71,1315,84,2523,0.3683,28,792,3897.0,4429.0,7,815,995,2523,2287,2501,516,792,45,25,53,14,5,22,14,33,51,46,33,1,41,48,146,78,61,85,50,46,2523,354,286,792,815
06037570003,719600,2313,2180,7,37,0,86,186,117,61,111,118,1138,155,2233,146,3836,0.3837,67,1324,6647.0,7454.0,0,1324,1309,3836,3664,3825,685,1324,26,41,62,79,15,0,10,71,122,37,36,8,48,134,53,27,45,114,77,59,3836,728,355,1324,1324
06037570100,726600,2291,2414,0,26,20,43,225,88,60,33,40,506,61,1355,500,2884,0.3731,80,731,3261.0,4333.0,0,764,996,2966,2551,2871,434,731,12,29,48,22,13,49,18,35,36,57,40,5,121,67,74,15,138,63,15,31,2966,240,225,731,764
06037570202,596400,1708,2206,51,50,13,23,695,118,45,71,228,1029,173,3472,1376,6799,0.4679,97,1724,5667.0,8537.0,0,1777,4331,6850,6259,6742,727,1724,36,44,108,56,0,29,10,149,33,31,37,1,327,172,195,154,159,323,337,130,6850,289,574,1724,1777
06037570203,604900,1741,2060,121,71,35,109,1001,56,27,31,16,279,183,2135,696,3926,0.4336,44,1280,1576.0,4805.0,0,1315,2681,3926,3619,3926,405,1280,15,17,22,16,32,0,18,9,78,31,0,0,101,246,111,114,8,166,102,89,3926,107,127,1280,1315
06037570204,599000,1595,1878,188,73,16,100,842,117,34,53,12,460,152,2390,313,4357,0.3797,82,1302,2299.0,5285.0,0,1368,2879,4557,4205,4557,688,1302,34,64,46,15,55,17,67,140,136,58,6,63,157,100,52,42,140,146,128,121,4557,163,249,1302,1368
06037570303,530000,1578,1982,52,57,158,122,801,55,10,0,36,479,133,2235,714,4052,0.3703,235,1280,2336.0,5070.0,0,1309,2468,4052,3753,3998,463,1280,9,19,50,0,21,0,22,80,0,36,0,0,113,178,103,22,258,92,122,157,4052,216,196,1280,1309
06037570304,562500,1490,1252,172,135,114,93,1146,17,22,46,18,413,73,2616,1023,4881,0.3947,175,1559,2021.0,5760.0,0,1559,3235,4881,4418,4763,461,1559,0,31,82,1,26,30,53,58,14,30,20,11,259,194,174,189,93,179,86,81,4881,139,201,1559,1559
06037570305,116300,1760,1122,66,96,66,147,1088,21,0,0,0,494,140,2486,1253,4896,0.399,189,1582,2451.0,5953.0,0,1582,3286,4896,4338,4814,535,1582,0,0,98,36,13,31,23,48,69,23,0,0,167,253,150,40,276,72,123,213,4896,172,267,1582,1582
06037570306,583700,1686,2931,44,24,50,7,331,40,55,59,14,557,14,1945,552,2963,0.3772,6,888,2966.0,4221.0,0,888,1682,2963,2720,2944,445,888,7,35,31,14,0,16,36,25,77,6,7,0,93,54,48,10,72,66,63,99,2963,283,223,888,888
06037570402,621400,1692,2011,45,33,17,21,248,113,50,74,36,710,117,1579,389,3353,0.4944,108,958,3811.0,4687.0,7,991,1529,3353,3149,3305,529,958,17,14,78,17,24,16,34,44,92,25,15,27,152,151,33,158,98,134,130,141,3353,260,410,958,991
06037570403,490500,1400,-666666666,95,81,58,63,685,28,87,19,6,376,198,1851,906,3865,0.3639,108,1061,1818.0,4263.0,0,1160,3184,3865,3692,3865,468,1061,37,51,33,10,0,7,15,69,47,21,0,23,31,65,245,115,123,182,109,151,3865,168,189,1061,1160
06037570404,604300,1660,2095,14,29,20,36,259,33,99,31,54,642,255,2114,855,4005,0.4167,48,901,3690.0,4930.0,0,912,2802,4005,3785,3958,507,901,43,21,23,5,18,7,9,44,71,40,18,12,120,102,212,59,116,198,52,174,4005,272,278,901,912
06037570502,604300,1901,2247,190,64,57,58,1096,143,109,32,60,888,140,3123,855,6150,0.3955,102,1984,4521.0,9627.0,0,1998,3035,6184,5783,6076,852,1984,29,84,42,66,27,47,39,110,240,47,139,10,154,140,240,90,145,227,196,156,6184,461,305,1984,1998
06037570503,619900,1718,1929,73,88,15,10,458,0,66,10,84,688,68,1776,424,3752,0.3115,33,1146,3122.0,4920.0,0,1168,2624,3752,3711,3752,488,1146,9,133,15,5,0,0,72,57,174,18,0,71,109,123,133,110,168,40,240,157,3752,260,257,1146,1168
06037570504,602600,1471,2014,5,4,88,24,239,132,79,67,106,739,101,1703,544,3210,0.3909,22,978,3802.0,4688.0,0,982,1914,3210,2944,3129,506,978,18,43,36,59,1,0,15,46,42,40,35,46,83,31,70,0,205,32,202,43,3210,295,405,978,982
06037570601,611500,1765,1786,92,114,154,105,947,26,70,74,65,662,197,3082,781,5873,0.3434,170,1609,3239.0,6935.0,0,1654,4027,5893,5285,5847,671,1609,55,31,90,30,10,29,28,45,83,83,19,28,172,164,296,251,150,229,188,97,5893,179,289,1609,1654
06037570602,629100,1803,2175,71,82,49,17,836,50,135,98,78,872,401,2973,926,5610,0.4312,118,1708,4824.0,7940.0,17,1802,2098,5639,5156,5623,728,1708,69,76,85,128,8,0,124,113,74,155,0,0,78,131,266,214,142,171,81,194,5639,521,271,1708,1802
06037570603,323400,1860,1208,20,179,264,0,1353,24,35,35,54,360,159,2318,1730,5524,0.398,167,1713,1904.0,7237.0,0,1793,1643,5566,4547,5508,376,1713,4,42,15,35,13,0,0,61,41,0,15,0,77,295,406,217,210,273,281,269,5566,144,149,1713,1793
06037570701,782000,2205,2599,64,268,211,63,1242,61,248,87,194,1291,178,3883,379,7372,0.386,95,2533,8444.0,13120.0,0,2586,2016,7372,6424,7302,1303,2533,19,48,63,75,34,76,70,265,157,149,157,0,135,548,299,87,126,269,145,65,7372,782,398,2533,2586
06037570703,779700,2838,2032,24,0,0,5,124,134,120,75,49,839,109,1609,198,2952,0.497,19,963,5176.0,5921.0,0,980,1123,2952,2765,2888,579,963,55,21,51,76,19,0,30,28,74,71,27,40,119,88,53,46,109,48,63,24,2952,510,295,963,980
06037570800,755200,2373,2392,17,25,62,37,279,176,232,139,110,1391,143,2751,225,5290,0.3604,25,1670,7597.0,8909.0,0,1708,1761,5313,4842,5232,1069,1670,17,93,19,98,24,23,42,117,38,68,27,61,273,68,245,101,233,179,218,106,5313,766,479,1670,1708
06037570901,825300,3090,2576,0,23,16,29,135,196,159,178,65,1670,204,3061,335,5661,0.408,84,1805,9845.0,10675.0,0,1831,2115,5661,5322,5629,1074,1805,103,75,77,76,47,49,89,65,122,78,88,42,148,261,108,33,126,171,157,101,5661,990,650,1805,1831
06037570902,824100,2661,2409,62,60,33,0,345,93,102,95,79,855,32,1916,122,3385,0.3503,17,1200,5182.0,6902.0,0,1200,966,3385,3130,3385,708,1200,23,34,95,28,9,140,44,67,63,28,8,30,78,106,57,34,34,25,88,87,3385,580,267,1200,1200
06037571000,784700,2836,2345,9,27,23,13,222,242,232,104,146,1609,125,2760,248,5598,0.3417,49,1831,10077.0,11381.0,0,1938,1500,5598,4979,5543,1128,1831,47,58,140,24,27,35,63,163,92,50,93,53,216,181,235,51,228,84,292,51,5598,967,614,1831,1938
06037571101,782600,2725,2791,20,21,9,29,218,118,217,167,132,1452,17,2653,272,5034,0.3655,35,1670,8774.0,9921.0,0,1680,1713,5034,4593,4939,1146,1670,50,48,117,162,26,22,49,30,69,49,19,48,244,133,165,32,154,102,142,126,5034,869,534,1670,1680
06037571102,851600,2775,2693,34,7,43,63,214,165,169,119,17,964,82,2086,220,3603,0.3875,48,1178,5996.0,7414.0,11,1220,1320,3617,3165,3574,828,1178,6,58,43,27,26,25,73,57,67,55,20,30,158,150,86,73,113,98,50,40,3617,645,299,1178,1220
06037571201,931500,1749,3141,157,35,46,67,445,191,47,203,62,1041,53,2102,174,3819,0.3769,8,1486,6868.0,8442.0,0,1486,1190,3819,3199,3727,830,1486,100,94,106,72,24,86,55,75,51,110,0,70,58,37,131,96,119,78,18,173,3819,638,392,1486,1486
06037571202,884500,1900,2228,38,54,143,33,656,59,43,86,92,877,101,2023,160,3903,0.3969,133,1533,5654.0,7966.0,0,1755,1103,3903,3630,3848,814,1533,32,24,116,47,81,8,65,49,65,185,26,23,55,89,124,166,126,68,219,0,3903,523,354,1533,1755
06037571300,856100,2175,2226,6,18,0,20,175,163,62,155,64,1365,119,2450,234,4813,0.3419,43,1540,8806.0,9688.0,0,1582,1716,4818,4447,4702,917,1540,53,53,44,14,62,31,31,130,176,30,59,108,223,196,169,18,250,69,136,153,4818,863,429,1540,1582
06037571400,781200,2059,1980,48,122,8,89,632,112,137,171,33,1096,130,2705,253,4977,0.3745,130,1728,6673.0,9672.0,0,1728,1900,4987,4446,4890,1033,1728,67,28,156,55,36,15,106,35,71,72,58,58,196,151,173,40,204,141,111,97,4987,605,468,1728,1728
06037571502,722500,1872,1910,134,94,32,52,864,106,129,64,41,953,236,2975,269,5096,0.4117,137,1817,5061.0,8273.0,0,1888,1861,5096,4331,4958,652,1817,41,38,53,181,12,12,79,154,179,85,58,49,293,169,74,97,84,258,75,59,5096,544,378,1817,1888
06037571504,744300,1738,2308,60,141,44,110,832,149,238,45,20,1202,128,2810,604,5029,0.4377,184,2034,7157.0,9375.0,10,2120,1508,5045,4594,5032,826,2034,93,63,80,40,16,46,37,85,110,19,40,27,106,92,168,168,45,48,282,108,5045,688,431,2034,2120
06037571505,666300,1962,2922,55,106,34,0,460,37,66,122,10,493,117,1468,290,2889,0.4238,36,953,2750.0,4528.0,0,953,1480,2889,2767,2889,433,953,17,29,43,41,23,11,53,57,41,81,13,18,110,178,64,21,64,62,48,5,2889,245,201,953,953
06037571600,572900,647,2250,92,62,104,100,821,0,0,5,0,17,121,846,752,2182,0.4273,65,838,75.0,3433.0,0,860,642,2182,1998,2149,110,838,11,4,3,15,26,25,14,34,51,9,23,29,40,118,203,40,58,75,96,155,2182,12,5,838,860
06037571701,600000,1656,921,53,126,80,11,1077,0,17,45,6,666,346,2983,1793,6166,0.491,103,1743,3438.0,7673.0,17,1776,4532,6239,4911,6062,521,1743,31,25,78,0,71,0,0,143,52,73,0,51,397,296,344,181,273,91,315,199,6239,358,215,1743,1776
06037571703,625400,1214,2321,32,51,59,101,586,45,16,29,97,484,124,1616,809,3309,0.4974,53,1070,2444.0,4432.0,0,1095,1967,3430,3213,3420,416,1070,18,121,43,20,17,21,28,145,89,78,18,25,38,27,146,63,45,101,186,143,3430,260,137,1070,1095
06037571704,473400,1754,1441,47,41,110,84,714,30,74,38,42,518,213,2158,744,3817,0.3948,54,1232,2316.0,4980.0,0,1232,2445,3817,3686,3808,523,1232,12,54,5,23,28,6,23,74,18,11,0,25,17,177,286,126,120,84,56,78,3817,271,161,1232,1232
06037571800,1212900,2272,3286,45,37,86,0,465,58,156,57,26,783,94,1766,192,3174,0.4649,75,1248,5588.0,7308.0,0,1330,767,3240,2986,3221,618,1248,57,90,71,23,33,17,38,58,156,53,91,44,40,179,50,33,77,117,175,24,3240,630,145,1248,1330
06037571900,949600,1857,2935,301,50,151,34,1102,212,90,98,0,1190,134,3110,363,5971,0.4115,0,2292,7783.0,12997.0,0,2413,1267,5971,4647,5971,1136,2292,81,77,169,75,27,34,50,62,115,38,26,52,132,195,360,101,157,187,206,106,5971,933,257,2292,2413
06037572001,898300,1929,2553,48,13,110,133,685,245,148,160,123,1635,58,3688,282,6221,0.3945,34,2320,9403.0,12470.0,0,2375,1528,6254,5672,6239,1279,2320,22,66,59,29,88,37,87,54,77,59,86,39,112,177,202,45,187,320,133,171,6254,1073,544,2320,2375
06037572201,711500,1583,2358,0,72,119,55,644,60,131,101,199,1282,377,2852,805,5487,0.4443,148,1926,6889.0,8674.0,0,1980,2072,5629,5157,5602,863,1926,111,38,154,103,43,102,38,34,189,116,106,299,81,30,168,40,33,33,123,65,5629,741,463,1926,1980
06037572202,797100,1725,2349,37,64,0,38,373,55,36,74,14,686,154,1646,468,3093,0.5006,55,1059,4367.0,5919.0,0,1113,1496,3372,2946,3372,446,1059,38,66,81,41,18,25,29,20,95,49,20,60,129,83,65,14,100,97,71,7,3372,411,258,1059,1113
06037572301,561200,1814,1852,33,50,55,34,394,35,57,62,17,543,96,1954,738,3765,0.4079,31,937,2985.0,4596.0,0,978,2579,3809,3471,3780,484,937,11,43,22,34,21,7,30,33,77,31,33,6,67,135,102,46,89,116,175,44,3809,217,240,937,978
06037572500,417400,1115,1987,10,221,283,75,1059,46,21,42,45,508,85,1296,769,3700,0.5015,47,1567,2769.0,6617.0,0,1581,1520,3700,3498,3676,410,1567,71,66,221,11,0,38,46,76,160,74,73,97,66,0,155,53,69,413,17,135,3700,309,181,1567,1581
06037572600,591400,1473,1809,24,91,0,8,284,148,142,36,0,938,175,2633,300,4991,0.3892,46,1222,5337.0,6331.0,0,1288,2392,5005,4846,4990,730,1222,63,37,107,21,51,26,24,22,171,114,67,3,89,136,82,167,99,153,229,69,5005,435,377,1222,1288
06037572700,603100,1803,1782,56,20,102,30,487,76,93,68,92,909,195,2863,781,5290,0.395,71,1396,5228.0,7084.0,0,1396,1878,5290,5116,5240,848,1396,83,54,116,67,12,0,95,68,65,101,69,122,68,96,279,13,70,134,236,212,5290,443,330,1396,1396
06037573002,796400,1583,2479,34,136,97,179,920,52,40,12,0,114,152,1511,181,3245,0.3621,50,1034,564.0,3940.0,20,1146,2271,3288,3013,3256,281,1034,35,10,9,0,9,11,67,11,148,40,16,31,110,115,144,86,0,76,190,61,3288,49,25,1034,1146
06037573003,690300,1872,2225,42,23,38,15,343,34,49,49,13,289,98,1012,322,1698,0.3936,49,632,1662.0,2971.0,0,662,655,1723,1597,1723,265,632,6,15,34,9,5,0,8,39,45,18,0,5,43,30,49,53,53,16,79,19,1723,177,94,632,662
06037573004,721800,1616,2423,189,152,69,189,1438,31,32,32,61,197,267,2697,1004,4878,0.4429,102,1635,1063.0,6352.0,0,1713,3122,4878,4112,4760,597,1635,0,10,19,63,0,0,22,48,19,18,18,17,168,214,68,224,147,61,291,14,4878,104,73,1635,1713
06037573101,665600,1785,2348,50,107,178,32,1115,11,45,50,15,292,323,2522,393,4451,0.3754,104,1407,1659.0,6001.0,0,1491,2373,4531,3893,4511,578,1407,32,60,51,38,6,36,71,92,59,0,34,72,68,292,201,117,92,116,141,138,4531,158,130,1407,1491
06037573102,823400,1649,3091,0,26,152,35,458,21,81,68,36,590,85,1629,527,2865,0.4041,15,1048,3500.0,5289.0,0,1048,1436,2891,2845,2891,444,1048,20,33,40,7,0,0,28,102,53,0,0,17,113,90,65,56,61,54,80,27,2891,430,100,1048,1048
06037573201,625900,1637,2021,39,56,129,120,877,31,68,35,0,299,128,1956,858,3844,0.3975,45,1176,1575.0,4808.0,0,1374,2620,3844,3510,3818,459,1176,10,14,58,14,25,19,41,0,43,66,6,25,67,138,179,81,55,76,165,16,3844,97,109,1176,1374
06037573202,628800,1687,2071,73,71,72,169,1065,67,46,64,39,628,276,3378,800,6670,0.5327,88,1693,3439.0,7735.0,0,1774,3502,6678,5974,6635,711,1693,3,19,266,112,0,0,139,86,157,93,54,25,470,82,202,187,221,158,123,94,6678,229,308,1693,1774
06037573300,505600,1663,2261,112,52,108,0,749,6,24,0,11,240,143,1543,1189,3799,0.4246,63,989,1319.0,4277.0,0,1057,2120,3840,3321,3834,324,989,48,38,36,0,0,24,11,18,50,21,0,12,76,278,291,102,104,98,190,56,3840,144,85,989,1057
06037573401,750000,1807,1773,44,39,28,48,295,34,43,22,6,234,41,774,352,1505,0.4463,18,529,1161.0,2451.0,0,580,622,1505,1444,1483,207,529,35,49,20,20,0,13,26,10,4,28,6,0,64,14,44,5,99,0,92,48,1505,117,106,529,580
06037573402,722800,1756,2541,335,323,189,155,1708,130,40,20,18,1007,268,3827,499,6949,0.3894,128,2715,5414.0,11766.0,0,2967,3074,7000,6077,6882,1081,2715,69,37,124,18,84,0,0,173,105,28,29,109,332,269,129,73,130,56,334,63,7000,797,206,2715,2967
06037573403,721600,2296,2648,27,108,11,22,254,142,224,48,58,1178,45,2119,196,3058,0.3907,0,1432,6591.0,7733.0,0,1490,678,3058,2873,3058,574,1432,12,34,35,45,46,16,20,84,27,104,53,0,0,10,100,0,0,7,117,55,3058,985,193,1432,1490
06037573601,874900,2192,2523,43,79,21,0,231,268,146,198,112,2159,153,3186,481,6353,0.3949,75,2390,12833.0,13968.0,0,2487,1504,6353,5988,6326,1331,2390,60,50,304,95,81,59,83,124,303,123,50,78,299,363,158,0,160,132,94,30,6353,1631,528,2390,2487
06037573700,848500,2646,2647,44,14,25,38,233,138,192,261,86,1526,146,3003,199,5406,0.3174,11,1759,9181.0,10568.0,6,1759,2024,5423,5038,5359,1275,1759,84,23,87,68,9,58,71,95,87,61,36,34,160,250,322,73,331,221,111,64,5423,855,645,1759,1759
06037573800,873700,2896,2407,11,14,53,11,157,182,158,56,136,1350,102,1999,212,4155,0.3907,13,1507,8296.0,9130.0,0,1587,1070,4155,3915,4044,894,1507,24,31,159,52,17,11,73,126,120,47,23,254,176,139,129,39,214,88,73,62,4155,977,369,1507,1587
06037573902,1047900,1882,2600,0,24,19,6,104,58,102,126,20,822,12,1238,184,2212,0.3815,47,926,5741.0,6164.0,0,933,406,2212,2052,2212,482,926,49,22,67,27,37,71,11,28,89,79,48,48,7,72,91,25,11,42,59,33,2212,662,147,926,933
06037574000,933300,3107,2472,0,26,33,16,124,127,191,258,152,1833,54,2623,274,5108,0.3482,15,1957,11355.0,12097.0,0,2027,970,5108,4696,4994,1159,1957,110,86,74,74,66,99,99,120,118,183,84,94,146,128,219,37,125,167,145,116,5108,1367,444,1957,2027
06037574100,883700,3011,2283,34,56,57,93,387,271,135,117,73,1421,114,2618,83,5136,0.3436,13,1808,8183.0,10174.0,0,1892,1246,5151,4866,5151,1140,1808,77,98,156,56,32,20,81,223,177,67,12,50,118,263,209,79,123,78,152,87,5151,980,441,1808,1892
06037574201,861300,3147,2792,10,0,8,39,222,109,104,82,93,863,85,1733,83,3265,0.3851,25,1085,5260.0,6599.0,0,1139,547,3265,3111,3255,750,1085,24,41,87,19,0,36,0,75,61,37,29,50,67,202,117,197,38,21,127,73,3265,522,331,1085,1139
06037574202,841100,2072,2743,28,80,42,42,354,80,58,11,14,402,4,1077,109,1906,0.4673,61,756,2402.0,3870.0,0,770,785,2229,2053,2229,305,756,42,24,74,16,5,39,38,39,47,22,37,74,75,11,63,20,28,41,44,11,2229,270,118,756,770
06037574300,896000,2173,2791,213,179,117,21,853,149,143,104,49,1370,566,3371,237,6633,0.3573,137,2223,8580.0,12862.0,26,2286,1991,6677,6051,6634,1608,2223,34,82,61,116,73,40,27,57,87,239,24,75,413,175,119,110,143,98,432,140,6677,768,602,2223,2286
06037574400,899700,3170,2661,23,7,16,45,239,151,194,224,98,1792,38,2819,212,5555,0.3753,56,2031,10933.0,12246.0,0,2031,1010,5555,5213,5457,1264,2031,124,53,73,76,29,88,56,38,215,135,13,47,148,108,223,153,219,121,252,61,5555,1267,510,2031,2031
06037574500,901400,3165,2654,70,15,52,16,253,270,279,153,164,2095,150,3515,130,6698,0.409,39,2348,13454.0,14893.0,0,2405,1362,6744,6425,6681,1429,2348,93,139,101,39,62,143,118,202,361,106,162,100,120,235,179,164,194,147,115,208,6744,1495,585,2348,2405
06037574602,983000,3118,3563,0,6,14,0,72,37,29,19,37,508,9,599,4,1267,0.5455,9,580,3550.0,3867.0,0,599,197,1267,1061,1259,317,580,5,9,16,19,10,57,0,12,48,40,60,63,23,25,31,14,27,48,5,11,1267,432,76,580,599
06037574800,1232300,1725,2710,68,163,20,50,652,132,73,8,46,912,62,1712,366,3159,0.5551,14,1564,5572.0,7806.0,0,1643,567,3182,2783,3171,512,1564,20,38,79,54,41,28,9,78,53,74,53,35,91,104,152,8,133,49,35,0,3182,820,63,1564,1643
06037574901,955800,2685,2821,72,161,60,0,447,149,134,76,52,1008,82,2196,405,3949,0.3882,17,1455,6115.0,8180.0,0,1463,846,3949,3148,3862,882,1455,45,78,62,57,35,17,29,67,72,45,11,27,84,68,119,65,129,111,122,34,3949,775,221,1455,1463
06037574902,713400,2335,2767,136,121,235,181,1542,33,83,26,78,421,99,2700,1268,4807,0.4512,58,1963,2075.0,8488.0,0,2032,1563,5507,4109,5470,487,1963,24,6,35,7,7,15,29,6,59,22,16,10,162,75,130,85,52,108,109,66,5507,216,205,1963,2032
06037575001,805300,2210,2308,122,100,145,37,1110,85,71,75,22,706,194,2643,557,4225,0.4631,134,1816,3565.0,7351.0,0,1915,1466,4225,3539,4133,664,1816,12,11,97,39,0,0,26,0,76,16,34,24,148,83,91,168,124,15,205,20,4225,449,257,1816,1915
06037575002,795300,2152,2867,128,231,129,129,1311,22,108,44,27,621,128,2789,588,4185,0.4529,86,1932,3166.0,8390.0,12,2150,1348,4554,3787,4424,809,1932,28,130,126,19,21,23,135,78,95,38,52,74,245,32,110,34,72,37,113,19,4554,549,70,1932,2150
06037575101,531300,1755,2326,79,47,121,206,1154,22,32,13,54,356,129,2147,980,4262,0.3867,75,1510,1707.0,6498.0,14,1636,2102,4279,3772,4216,405,1510,43,0,18,6,43,16,39,11,69,0,30,8,190,208,112,57,265,124,177,49,4279,261,75,1510,1636
06037575102,618600,1770,1247,120,97,30,80,1029,54,22,0,13,290,176,2199,1042,4238,0.4268,77,1319,1294.0,5364.0,0,1367,3225,4250,3980,4221,512,1319,15,28,37,29,12,0,41,9,69,28,61,0,195,134,218,52,131,142,152,34,4250,113,100,1319,1367
06037575103,447400,1767,1786,257,124,219,206,1796,16,70,14,42,372,210,3339,673,5077,0.383,46,2168,1287.0,7760.0,0,2243,2614,5107,4508,5051,430,2168,92,1,101,14,0,0,28,37,9,73,31,20,179,184,195,64,93,73,158,54,5107,220,133,2168,2243
06037575201,588500,1644,1583,53,128,34,98,996,12,31,16,10,246,181,1942,1098,4335,0.4159,83,1242,1218.0,5069.0,0,1424,2160,4335,4198,4318,426,1242,45,59,40,0,87,47,10,142,47,72,8,31,175,67,109,107,109,125,200,148,4335,85,119,1242,1424
06037575202,659300,1598,2548,67,57,121,28,877,21,27,25,0,297,128,1838,853,4177,0.542,152,1174,1815.0,4993.0,0,1210,2600,4177,3823,4152,535,1174,113,64,89,12,0,0,37,0,80,41,11,117,143,108,211,112,97,102,151,119,4177,131,124,1174,1210
06037575300,576800,1348,-666666666,97,131,94,167,1200,0,10,8,0,139,53,1679,1131,4029,0.4761,105,1339,745.0,5064.0,0,1407,2761,4064,3577,3984,476,1339,13,0,65,73,13,42,80,11,107,78,55,0,129,39,193,52,300,250,92,190,4064,92,22,1339,1407
06037575401,337000,1448,1616,106,121,111,73,1208,29,0,0,0,41,305,2187,1017,4208,0.4506,165,1249,173.0,4065.0,0,1349,3261,4259,3230,4251,369,1249,69,34,25,23,3,17,0,35,26,3,38,8,89,231,214,74,33,134,182,86,4259,12,0,1249,1349
06037575402,359500,1609,1884,102,64,56,15,921,25,26,103,16,218,116,2003,676,3728,0.3923,69,1139,783.0,4127.0,7,1205,2864,3750,3361,3688,422,1139,20,43,24,27,0,8,8,18,58,0,18,0,42,162,280,72,140,149,116,50,3750,155,63,1139,1205
06037575801,791700,1504,2325,20,72,85,59,745,9,10,0,0,25,109,1169,549,2241,0.458,55,770,147.0,2737.0,0,815,1478,2241,1883,2186,145,770,0,16,13,2,3,0,15,20,38,6,2,0,24,136,139,40,81,47,42,28,2241,25,0,770,815
06037575802,564900,1613,1848,48,187,82,170,1228,71,10,52,6,486,140,2569,808,4444,0.389,160,1714,2529.0,6535.0,0,1785,3399,4450,4001,4425,535,1714,11,72,53,27,0,0,77,68,12,28,7,0,109,148,129,72,72,130,162,204,4450,339,147,1714,1785
06037575803,418800,1098,-666666666,87,121,41,314,1180,0,8,9,0,117,127,975,1109,2496,0.4648,15,1297,445.0,4120.0,0,1350,1061,2527,2063,2452,286,1297,23,84,54,30,23,32,40,185,116,148,114,38,21,62,23,34,98,66,9,32,2527,87,17,1297,1350
06037575901,401200,1676,1909,27,153,121,70,977,143,52,91,18,576,259,1888,1227,3530,0.4846,148,1553,2315.0,6215.0,0,1632,1501,3530,3302,3530,411,1553,31,0,25,0,26,29,24,26,66,48,0,11,29,117,251,119,123,109,77,41,3530,468,94,1553,1632
06037575902,431200,1818,1806,148,343,344,318,2855,41,0,77,31,502,89,3679,705,4710,0.4635,145,3357,1607.0,8064.0,70,3748,1625,4869,3178,4710,375,3357,36,61,69,28,0,0,0,43,65,36,4,14,18,17,77,0,176,0,24,100,4869,397,105,3357,3748
06037576001,497200,2794,2112,470,577,438,249,2877,134,23,78,133,1073,299,4753,403,5937,0.4287,141,3950,3554.0,11981.0,147,4679,1404,6005,4774,5991,801,3950,31,7,155,23,40,0,53,119,36,39,0,19,32,0,112,0,37,14,46,136,6005,746,327,3950,4679
06037576200,800100,1588,3540,176,135,268,210,2725,79,38,16,146,475,355,3563,952,5168,0.4632,60,3200,1762.0,8988.0,0,3478,2272,5190,3918,5148,385,3200,73,221,24,0,28,17,72,49,37,62,25,0,42,67,177,62,55,0,55,24,5190,371,28,3200,3478
06037576301,624000,1699,2319,137,81,178,252,1708,95,35,69,17,240,170,2443,1535,4710,0.4671,71,1948,1156.0,7468.0,27,2115,2441,4756,4117,4689,580,1948,27,81,50,57,9,47,161,101,37,79,11,18,74,101,216,55,57,181,134,54,4756,181,35,1948,2115
06037576302,534600,1428,2109,140,71,57,62,898,15,25,36,0,184,81,1445,674,2866,0.404,121,1082,1084.0,4072.0,0,1274,1767,2986,2755,2972,215,1082,5,30,61,10,66,8,13,39,61,38,9,33,98,124,96,57,37,78,57,126,2986,96,52,1082,1274
06037576401,448800,1647,-666666666,127,143,140,102,1186,0,0,0,0,103,186,2152,1098,3933,0.3989,176,1289,424.0,4667.0,0,1325,2954,3933,3808,3887,353,1289,44,116,0,13,0,0,61,32,0,0,0,42,169,103,167,96,160,106,196,146,3933,25,44,1289,1325
06037576402,611100,1747,2008,78,76,92,108,1091,0,26,29,25,252,259,2009,878,4180,0.4143,78,1343,1057.0,5153.0,0,1382,2960,4256,3441,4215,411,1343,18,9,57,0,9,15,79,26,54,11,13,51,130,152,250,93,212,201,138,56,4256,154,72,1343,1382
06037576403,571800,1830,2273,202,106,130,53,1144,0,37,10,11,188,285,2793,917,4788,0.375,38,1332,1052.0,5522.0,0,1430,2918,4814,4260,4814,490,1332,0,0,37,32,0,0,0,14,56,30,0,9,144,215,266,129,26,160,113,26,4814,110,46,1332,1430
06037576501,542900,1765,2821,142,93,181,156,1287,31,0,5,11,154,117,1624,630,2724,0.4623,108,1441,737.0,5003.0,0,1619,1066,2805,2294,2797,229,1441,10,18,21,11,0,0,17,106,22,39,7,21,144,75,63,57,79,76,121,94,2805,130,21,1441,1619
06037576502,520100,1784,2022,180,199,349,203,1752,49,51,49,0,350,247,3025,800,4997,0.3998,226,2102,1668.0,7642.0,0,2250,2345,4997,4334,4879,396,2102,47,18,12,18,0,6,214,23,27,6,19,0,155,77,16,89,152,108,44,171,4997,297,53,2102,2250
06037576503,615100,1743,2793,237,107,171,148,1375,58,58,17,0,252,89,2449,575,3685,0.386,69,1627,1127.0,5967.0,0,1806,2028,3919,3252,3891,406,1627,22,24,52,24,28,14,1,13,48,23,19,49,98,35,163,117,45,83,4,0,3919,201,51,1627,1806
06037576601,673800,1821,2015,154,190,111,178,1769,75,78,93,34,740,180,2773,699,4167,0.4244,82,2509,3206.0,9097.0,0,2985,1564,4193,3014,4193,442,2509,16,47,21,38,37,0,55,100,129,91,0,28,94,147,0,14,12,61,71,52,4193,624,116,2509,2985
06037576602,688500,2033,3031,226,402,93,297,2355,132,50,42,49,479,176,3546,522,4581,0.4179,64,2834,2147.0,10038.0,0,3127,1206,4601,3343,4576,521,2834,95,72,70,0,42,0,70,63,42,41,11,5,25,0,17,0,25,0,88,32,4601,375,104,2834,3127
06037576700,735800,1946,2868,216,185,79,197,1405,98,63,63,25,833,178,2801,358,4029,0.4319,94,2238,4743.0,9590.0,0,2361,1325,4163,3322,4064,805,2238,62,189,70,0,51,0,26,75,113,79,45,63,167,55,0,0,111,19,71,8,4163,726,107,2238,2361
06037576801,647600,1813,2632,296,138,140,82,1584,15,50,19,0,358,115,2258,781,3760,0.442,117,1942,2002.0,7907.0,0,2107,1297,3760,3171,3681,588,1942,35,35,74,16,0,8,19,50,32,17,71,27,135,26,113,26,51,110,0,0,3760,320,38,1942,2107
06037576802,799900,2043,2515,226,271,98,153,1416,19,135,91,35,473,140,2881,372,4320,0.3677,48,1889,2375.0,7849.0,0,1951,1609,4426,3914,4423,577,1889,54,73,163,16,43,11,53,29,80,6,37,63,52,50,138,101,41,83,104,91,4426,371,85,1889,1951
06037576901,790000,1653,2035,119,140,260,123,1465,48,31,47,6,301,173,2830,1187,5138,0.403,41,1766,1534.0,7189.0,17,1945,3272,5152,4627,5074,621,1766,41,59,8,7,0,4,68,25,7,4,24,0,57,215,140,53,197,179,64,75,5152,164,130,1766,1945
06037576903,642300,1717,2533,211,202,145,144,1302,9,10,22,19,165,144,2497,692,4018,0.3788,58,1467,763.0,4924.0,11,1523,2124,4018,3457,3958,415,1467,16,68,0,20,37,3,12,78,67,42,0,26,87,41,129,38,164,110,64,89,4018,125,30,1467,1523
06037576904,836200,1779,3140,92,69,66,56,860,38,47,22,0,305,102,1788,735,3070,0.5094,118,1165,1673.0,4769.0,0,1260,1286,3098,2463,3064,398,1165,3,46,36,0,13,0,45,34,38,32,11,0,44,65,157,13,136,61,13,72,3098,230,75,1165,1260
06037577000,715500,1869,2805,446,340,395,138,2647,59,43,17,196,646,213,4814,1185,6826,0.4224,82,3293,3418.0,12524.0,0,3451,2542,6993,5847,6973,891,3293,5,25,155,63,16,18,28,197,31,36,9,69,78,132,101,115,47,61,46,55,6993,426,191,3293,3451
06037577100,1016300,1952,2163,428,333,211,414,2572,123,91,58,188,969,466,5238,892,7368,0.4027,80,3541,5744.0,15984.0,0,3625,2095,7452,6063,7384,1071,3541,38,65,79,146,65,55,98,50,80,164,5,30,215,45,83,372,62,177,89,45,7452,900,69,3541,3625
06037577200,1194700,1993,3068,409,542,158,236,2475,73,155,65,73,780,163,4529,445,5836,0.3983,69,3255,4924.0,13311.0,0,3601,1281,5893,4993,5870,901,3255,17,44,83,98,67,11,32,46,106,94,42,15,61,0,27,72,145,61,31,0,5893,704,76,3255,3601
06037577300,1202200,2014,2564,561,551,355,276,2783,185,98,60,81,973,99,4637,215,5935,0.3143,35,3756,5313.0,15380.0,0,3926,1004,5935,5052,5822,685,3756,8,46,206,54,34,0,42,60,139,19,38,20,231,52,52,131,0,0,40,31,5935,840,133,3756,3926
06037577400,1205200,2096,2604,95,254,64,56,817,73,26,20,0,609,50,1659,171,2764,0.4783,12,1426,3844.0,6698.0,0,1722,428,2807,2479,2807,531,1426,17,75,93,79,20,34,39,19,144,38,29,17,29,20,72,62,69,80,55,10,2807,549,60,1426,1722
06037577501,1451200,1991,3693,60,112,35,51,607,30,83,37,107,1095,92,1711,295,3333,0.5023,14,1702,7146.0,9514.0,0,1949,471,3333,3041,3326,680,1702,118,54,79,148,88,22,70,136,110,183,47,50,0,0,114,45,75,19,31,69,3333,1005,90,1702,1949
06037577504,2000001,2138,3756,22,42,19,27,429,51,42,34,0,332,0,912,104,1372,0.5449,9,761,2216.0,3637.0,4,857,117,1372,1215,1372,224,761,0,39,87,38,9,8,7,42,64,21,4,4,0,0,19,40,0,17,31,39,1372,303,29,761,857
06037577602,857100,2816,1679,70,93,70,32,507,44,88,19,10,1104,62,1613,204,3229,0.4468,20,1611,6540.0,8504.0,0,1643,485,3229,2902,3194,643,1611,22,31,125,132,109,24,59,88,160,133,102,38,91,19,18,44,18,66,65,66,3229,937,160,1611,1643
06037577604,812800,3306,2608,14,18,5,22,116,59,15,49,18,696,16,830,59,1655,0.4388,11,812,3390.0,3874.0,0,875,250,1655,1505,1649,366,812,13,31,76,55,30,12,79,60,106,110,8,27,12,12,20,40,13,15,4,0,1655,572,108,812,875
06037577605,1289700,2472,3131,56,16,175,96,510,78,95,111,67,1540,93,2220,186,4661,0.509,32,2050,10384.0,12830.0,0,2155,780,4661,3952,4651,1054,2050,84,95,240,154,28,68,100,135,316,139,0,65,151,205,100,45,171,173,116,52,4661,1294,211,2050,2155
06037577606,1357800,2424,3320,64,68,147,167,1022,79,37,114,9,572,64,2152,335,3869,0.4964,0,1594,3391.0,7718.0,0,1769,1077,3875,3565,3804,631,1594,76,20,45,52,18,76,8,36,66,58,18,56,0,141,126,61,346,150,135,31,3875,375,191,1594,1769
06037577700,615100,1747,1956,11,106,83,7,456,54,22,50,105,783,230,2549,319,4562,0.3693,146,1239,4408.0,6560.0,0,1265,2454,4681,4553,4657,622,1239,10,47,76,57,19,20,22,73,132,35,41,94,122,160,163,84,183,118,153,28,4681,436,240,1239,1265
06037577800,643600,2359,2171,6,73,21,60,215,179,193,83,27,1149,169,2251,155,4666,0.3502,38,1364,6309.0,7253.0,0,1394,3460,4666,4374,4666,715,1364,77,56,41,0,17,67,48,31,94,43,75,119,118,242,283,89,127,220,47,111,4666,608,386,1364,1394
06037577900,575100,1943,2317,39,198,175,125,1350,152,145,74,103,1013,102,2671,569,5278,0.4242,24,2363,5537.0,10301.0,0,2485,1640,5598,4921,5533,650,2363,21,163,141,103,46,149,13,195,198,106,88,231,77,115,183,239,151,103,28,73,5598,729,261,2363,2485
06037578000,636300,1518,1683,169,68,88,102,1103,61,93,41,0,447,209,2309,1875,5360,0.5147,83,1550,2198.0,5979.0,20,1691,3408,5360,4589,5237,591,1550,159,33,124,102,28,11,22,78,95,78,19,13,86,172,258,242,91,123,98,128,5360,239,128,1550,1691
06037578100,-666666666,-666666666,-666666666,0,0,0,0,0,0,0,0,0,0,42,383,8,12,-666666666.0,0,0,-666666666.0,-666666666.0,0,0,504,2249,1157,2249,0,0,11,0,3,6,18,14,0,0,0,0,0,0,0,0,0,43,0,0,0,17,2249,0,0,0,0
06037599000,902800,2088,3650,133,37,39,175,768,30,0,0,0,410,0,1891,270,3243,0.3465,0,1178,2396.0,4842.0,0,1822,2091,3258,3071,3258,620,1178,48,0,64,30,19,71,34,88,85,1,30,3,70,67,136,97,161,66,164,33,3258,250,128,1178,1822
06037599100,-666666666,1721,-666666666,12,0,0,10,53,0,0,0,0,0,4,337,95,482,0.6431,0,53,-666666666.0,443.0,0,149,238,723,594,723,31,53,0,56,0,0,0,0,0,14,0,0,0,0,15,0,0,13,0,26,0,13,723,0,0,53,149
06037600100,612000,1555,2532,82,139,142,102,1688,112,62,88,49,444,237,3577,1325,7163,0.4772,86,2132,2361.0,9124.0,0,2238,4889,7184,6840,7045,908,2132,33,111,120,0,0,18,0,134,94,18,95,45,227,129,293,240,150,291,301,287,7184,135,266,2132,2238
06037600201,609600,1378,2932,24,206,91,53,983,0,61,36,0,333,397,2309,1347,5050,0.4861,208,1316,1651.0,5455.0,27,1389,3539,5151,4614,4981,406,1316,11,28,100,65,11,14,59,0,39,27,46,5,231,173,387,162,214,208,191,195,5151,143,80,1316,1389
06037600202,617000,1233,2214,127,67,58,144,1664,74,0,20,110,614,257,2786,1906,6835,0.4771,197,2278,3514.0,10662.0,0,2395,4339,6923,6290,6878,414,2278,125,0,115,171,59,0,166,57,91,79,156,79,411,234,319,83,312,220,278,211,6923,315,245,2278,2395
06037600302,612400,1603,1468,43,24,69,26,382,28,45,11,97,604,124,1237,229,2686,0.4125,8,986,3496.0,4980.0,24,1055,984,2701,2510,2687,341,986,0,35,35,123,30,10,28,60,67,77,61,61,71,167,119,28,40,75,135,13,2701,395,209,986,1055
06037600303,609800,1373,2508,26,152,23,48,1122,9,0,8,0,135,283,1672,1313,4178,0.5372,165,1257,640.0,5378.0,0,1343,2846,4178,3912,4120,354,1257,26,0,31,14,0,0,30,64,9,36,0,10,150,229,320,171,139,180,88,82,4178,34,31,1257,1343
06037600304,465700,1544,1586,106,48,45,131,898,53,6,29,14,170,250,1854,796,3856,0.3972,172,1068,857.0,4366.0,0,1121,2883,3946,3690,3863,293,1068,29,15,14,28,21,0,16,8,58,19,21,11,115,254,203,100,190,188,109,68,3946,47,69,1068,1121
06037600400,669100,1206,2173,17,125,96,115,812,97,159,72,21,683,226,1896,1365,4189,0.5108,128,1495,4345.0,8139.0,0,1576,827,4208,3936,4170,471,1495,76,20,64,53,21,77,54,1,131,116,83,11,67,147,166,118,123,116,141,0,4208,476,162,1495,1576
06037600501,818200,1722,2207,0,26,32,0,309,52,61,69,29,566,73,1261,258,2476,0.4763,64,875,3978.0,5138.0,0,897,419,2510,2363,2490,381,875,29,18,76,64,83,45,19,4,62,128,69,12,152,37,86,22,45,76,76,0,2510,445,113,875,897
06037600601,790700,1820,2375,83,16,18,23,357,105,31,35,12,493,57,1200,333,2381,0.4445,26,850,3464.0,5052.0,0,958,242,2594,2478,2578,333,850,21,22,17,30,19,58,7,36,42,65,76,52,0,58,151,0,16,100,145,33,2594,364,105,850,958
06037600602,740400,1750,-666666666,60,66,42,119,680,0,0,0,0,35,82,1322,375,2567,0.501,29,715,201.0,3055.0,0,783,2146,2693,2569,2677,124,715,0,17,0,18,7,0,4,6,14,7,10,149,160,137,90,93,65,88,125,38,2693,0,22,715,783
06037600702,834800,1789,2745,126,22,0,47,534,118,92,142,45,1057,102,2599,465,4599,0.4454,55,1591,7031.0,9778.0,0,1700,1110,4638,4495,4626,630,1591,46,47,71,20,31,0,55,81,120,23,51,80,113,129,108,149,164,83,102,89,4638,879,178,1591,1700
06037600703,672200,2000,2577,3,11,12,0,94,61,7,148,123,654,108,743,156,1623,0.3863,12,748,3772.0,4217.0,0,948,11,1623,1539,1616,192,748,5,14,29,31,30,15,43,46,63,37,61,77,11,13,24,36,59,40,43,0,1623,574,80,748,948
06037600704,797100,2135,2389,0,37,165,28,704,111,51,46,13,480,167,1444,185,3019,0.4626,5,1184,3254.0,5816.0,0,1247,323,3027,2858,3027,330,1184,72,21,89,68,32,12,3,61,96,82,58,12,0,62,150,24,89,84,125,44,3027,376,86,1184,1247
06037600801,788400,2157,2677,103,49,0,48,332,126,93,119,7,881,138,1756,228,2866,0.3812,25,1213,5471.0,6618.0,0,1350,202,2866,2656,2846,401,1213,28,99,49,43,37,61,36,59,43,9,26,61,64,48,96,58,56,44,82,95,2866,648,188,1213,1350
06037600802,794200,1603,3267,49,55,62,86,700,24,32,48,45,461,133,1333,219,2450,0.4024,21,1161,2808.0,5646.0,0,1254,398,2458,2193,2414,271,1161,18,82,63,18,42,41,53,174,12,64,51,21,4,24,32,9,123,65,34,12,2458,244,217,1161,1254
06037600902,644700,1632,3104,266,36,256,236,2040,22,68,20,0,369,346,3904,462,6229,0.37,264,2409,1812.0,9474.0,0,2699,1997,6382,5847,6253,317,2409,58,43,94,50,16,19,92,73,263,91,25,136,288,160,223,94,121,238,193,49,6382,154,72,2409,2699
06037600911,852600,2193,1611,37,119,6,40,624,57,44,25,35,416,55,2203,444,3535,0.4109,82,1040,2571.0,5262.0,0,1114,2232,3542,3034,3521,481,1040,65,0,75,38,0,15,70,44,42,40,11,0,107,162,97,98,40,66,88,34,3542,244,150,1040,1114
06037600912,762500,1601,1180,48,101,7,66,620,103,24,88,29,848,128,2521,580,4813,0.3395,52,1468,4605.0,7270.0,0,1524,3560,4813,4345,4794,659,1468,66,78,48,55,36,0,17,19,142,44,40,20,173,87,174,99,125,115,186,57,4813,453,304,1468,1524
06037601001,1051600,1573,3673,70,71,180,202,905,5,11,0,100,183,70,915,368,2047,0.5313,20,1088,1319.0,4464.0,6,1149,959,2160,1830,2071,272,1088,5,21,48,63,12,46,22,69,42,16,99,75,218,32,0,0,0,0,118,0,2160,152,31,1088,1149
06037601002,667700,1740,-666666666,137,239,232,111,1591,37,24,13,34,384,279,2767,985,5022,0.4811,163,1975,1812.0,7311.0,0,2154,2000,5022,4584,4981,552,1975,0,59,46,17,15,37,18,109,57,72,49,38,80,109,86,157,208,133,178,15,5022,192,131,1975,2154
06037601100,714300,1755,1935,127,145,166,232,1824,0,29,0,18,282,407,3769,1581,7076,0.4595,85,2106,1456.0,7249.0,67,2169,3450,7199,6320,7077,824,2106,68,34,78,73,59,28,43,39,131,90,9,56,162,287,102,356,300,310,206,151,7199,52,195,2106,2169
06037601202,730500,1854,1996,11,39,43,29,478,13,61,25,69,615,75,2040,297,3845,0.4159,40,1093,3397.0,5407.0,0,1093,3307,3845,3775,3845,531,1093,16,79,56,68,21,104,106,38,100,20,28,65,16,77,145,49,40,60,155,87,3845,319,253,1093,1093
06037601211,619900,1671,2241,136,69,31,88,832,26,18,54,3,260,106,1685,320,2968,0.4702,83,1092,1299.0,4396.0,0,1243,1525,2996,2427,2838,396,1092,10,30,41,10,27,74,15,36,37,7,12,102,142,72,101,43,123,54,60,73,2996,162,98,1092,1243
06037601212,583900,1508,1908,56,260,183,255,1484,12,72,38,0,466,41,3033,292,5054,0.3906,185,1950,2026.0,7267.0,0,2049,3306,5054,4646,5014,651,1950,0,21,40,21,0,0,166,123,83,40,38,16,96,72,111,74,122,102,205,38,5054,238,190,1950,2049
06037601301,921400,1850,2454,34,35,43,0,295,39,38,38,54,441,115,1173,77,1888,0.4616,6,736,2555.0,3773.0,0,777,648,1888,1803,1883,338,736,16,22,47,6,12,0,31,25,93,16,26,12,96,51,62,16,31,43,69,24,1888,270,150,736,777
06037601302,604000,1873,2360,279,147,239,50,1879,83,143,94,91,687,259,4279,1088,6513,0.4091,135,2566,3174.0,10701.0,0,2913,2223,6513,6179,6459,659,2566,97,10,80,45,0,0,39,108,109,40,71,0,281,91,71,159,169,126,334,89,6513,370,317,2566,2913
06037601303,572200,1776,2285,66,249,118,300,1921,44,20,56,24,204,424,3231,1117,5465,0.4171,100,2125,906.0,8450.0,0,2204,1471,5465,4828,5453,543,2125,18,33,17,50,32,0,19,23,225,76,23,29,86,51,194,153,72,106,310,108,5465,75,122,2125,2204
06037601401,731400,1532,1950,114,242,71,200,1381,26,30,20,42,388,380,3054,1686,6594,0.3939,52,1769,1911.0,6914.0,29,1927,3100,6594,5475,6483,453,1769,163,83,128,190,51,52,28,61,92,66,36,31,96,175,291,204,397,123,123,25,6594,178,146,1769,1927
06037601402,716800,1622,1941,43,157,30,31,683,29,32,44,31,615,175,2390,1007,4450,0.3886,44,1298,3213.0,6304.0,33,1411,3922,4450,4405,4409,756,1298,10,81,80,36,17,39,39,70,64,11,0,57,117,222,114,68,43,264,98,47,4450,220,263,1298,1411
06037601501,595100,1431,2017,149,106,69,71,817,28,17,0,0,163,82,1897,857,3630,0.3711,37,980,954.0,3722.0,0,1050,3184,3640,3410,3523,553,980,52,62,44,0,0,11,40,15,17,40,11,36,174,242,211,67,159,88,62,19,3640,60,85,980,1050
06037601502,810700,1436,2616,82,58,73,55,570,5,32,22,0,340,269,1720,551,3423,0.3887,8,910,1510.0,3675.0,6,961,3168,3423,3179,3417,498,910,36,23,174,30,22,0,27,178,52,25,26,12,68,78,44,25,152,85,114,97,3423,33,239,910,961
06037601600,658600,1336,1464,95,112,33,37,924,0,94,50,0,361,39,2397,278,4067,0.4352,6,1285,1724.0,4570.0,0,1319,3623,4067,3791,3988,709,1285,14,11,119,7,0,0,123,15,41,27,0,35,68,134,103,42,144,180,44,109,4067,133,134,1285,1319
06037601700,581400,1563,2212,103,38,105,32,1092,33,60,9,13,232,108,2732,1168,5263,0.4208,54,1324,1171.0,5421.0,0,1351,4447,5263,4873,5222,658,1324,41,36,27,9,0,2,44,10,10,36,0,0,119,294,379,185,128,60,201,170,5263,40,90,1324,1351
06037601801,718500,1679,1534,55,61,104,24,573,22,8,21,0,299,75,1627,562,2993,0.4343,51,872,1825.0,4143.0,0,887,2838,3049,2685,3018,463,872,9,30,49,25,0,9,25,38,38,13,21,27,149,178,121,53,52,97,69,33,3049,171,119,872,887
06037601802,681600,1493,1648,93,71,57,0,606,31,68,0,18,326,119,1850,282,3454,0.3706,23,932,1644.0,3843.0,0,987,3104,3454,3258,3408,448,932,31,22,9,65,23,0,13,51,65,77,17,0,119,135,209,35,109,77,72,145,3454,106,162,932,987
06037601900,814100,1590,1394,55,117,72,139,900,0,0,0,72,421,300,2140,976,4393,0.38,54,1321,2205.0,5667.0,0,1380,3280,4452,4292,4417,673,1321,43,30,9,71,15,0,35,9,121,54,21,27,43,113,82,67,124,306,155,85,4452,191,188,1321,1380
06037602002,668700,1787,1912,55,25,113,54,550,19,43,32,22,283,96,1529,394,3036,0.3863,68,833,1577.0,3542.0,0,898,2382,3036,2743,2992,374,833,41,32,55,7,0,0,16,41,34,18,16,5,112,84,135,37,81,116,120,65,3036,107,112,833,898
06037602003,753300,1808,1917,117,19,133,53,755,37,30,10,78,438,150,2125,657,4183,0.3831,46,1193,2341.0,5502.0,0,1282,3684,4220,3967,4171,608,1193,56,149,56,21,0,0,17,6,9,28,40,96,73,211,191,136,123,186,86,72,4220,189,163,1193,1282
06037602103,705400,1761,1188,131,102,134,106,1421,13,0,14,0,444,264,2636,1890,5288,0.4402,95,1865,2446.0,7090.0,0,2041,3839,5476,5053,5476,804,1865,84,23,7,80,94,28,53,96,133,35,17,104,110,161,230,52,116,101,321,187,5476,138,306,1865,2041
06037602104,692200,1804,2138,122,170,144,119,1312,24,32,32,14,442,300,3097,730,5646,0.4137,57,1754,2535.0,7800.0,0,1815,4019,5646,5380,5587,633,1754,22,26,94,19,56,0,78,27,71,71,24,52,226,268,229,60,152,176,312,148,5646,250,171,1754,1815
06037602105,656700,1550,1938,126,140,155,107,1268,6,21,23,0,158,273,2153,928,3855,0.4223,152,1426,801.0,4910.0,0,1486,2245,3880,3472,3880,455,1426,0,40,0,5,12,7,14,15,74,103,9,16,141,124,125,64,66,121,230,49,3880,30,121,1426,1486
06037602106,654800,1624,1713,154,389,211,220,1943,48,12,34,23,362,92,3267,815,6171,0.3738,45,2305,2234.0,8864.0,0,2305,3684,6197,4795,6049,826,2305,21,59,50,96,26,16,23,20,79,119,0,27,455,163,73,105,152,126,114,122,6197,172,136,2305,2305
06037602201,903500,3171,2403,81,119,125,75,668,178,44,40,40,934,101,2498,349,4489,0.3619,51,1602,6009.0,7968.0,0,1805,1920,4494,4025,4367,838,1602,37,95,26,71,15,24,28,32,92,7,51,169,182,196,160,40,145,109,80,16,4494,573,335,1602,1805
06037602202,744100,1736,-666666666,74,33,169,157,722,39,0,0,15,286,86,1512,143,2866,0.3446,52,1008,1508.0,4027.0,0,1008,1689,2882,2451,2806,268,1008,0,22,16,104,0,39,41,19,74,20,5,45,66,67,0,35,79,41,43,31,2882,66,163,1008,1008
06037602301,868500,1723,2462,36,92,9,36,499,88,215,64,95,1488,179,3386,609,6878,0.4494,60,1987,8460.0,10556.0,0,2072,3498,6878,5967,6792,1286,1987,51,48,146,92,42,36,138,132,129,173,84,38,165,304,85,67,282,399,160,211,6878,633,701,1987,2072
06037602302,1124600,3497,3698,59,42,47,32,247,199,239,90,193,1609,222,2742,308,4796,0.3966,82,1856,9122.0,10258.0,14,1935,814,4796,4062,4739,1127,1856,99,35,110,57,18,9,75,28,20,58,44,38,265,217,124,78,200,216,124,50,4796,1074,526,1856,1935
06037602402,866000,1920,2580,168,221,61,34,1129,100,89,97,57,941,337,4177,292,7136,0.4261,0,2070,5657.0,10574.0,0,2131,5100,7194,6701,7147,979,2070,117,2,148,48,46,7,37,151,53,29,66,20,203,219,89,107,236,235,114,267,7194,492,317,2070,2131
06037602403,886600,1689,2550,144,155,79,185,1237,37,41,23,55,307,195,2593,627,4266,0.3782,69,1544,1824.0,6230.0,0,1653,2982,4266,3601,4255,536,1544,64,51,13,28,36,8,34,51,45,93,0,22,112,176,169,53,100,35,136,86,4266,212,72,1544,1653
06037602404,931800,1768,2114,102,147,214,109,1415,42,14,31,11,442,527,3031,1424,5867,0.4158,106,1857,2656.0,8246.0,0,1994,3930,5932,5015,5774,683,1857,52,22,48,40,31,19,19,53,88,20,139,9,269,271,345,156,243,130,48,110,5932,270,140,1857,1994
06037602504,818200,1617,1917,179,180,124,130,1660,45,0,0,0,160,131,2904,1205,4849,0.3591,79,1820,841.0,6500.0,0,1910,2802,4849,4324,4748,459,1820,30,31,85,8,6,0,9,9,25,0,0,7,126,78,270,98,63,157,192,221,4849,51,90,1820,1910
06037602505,600700,1652,2850,131,281,143,116,1530,14,0,0,20,86,176,2456,1111,4589,0.3719,48,1616,462.0,4857.0,0,1658,2962,4704,3968,4592,606,1616,11,0,99,19,0,0,13,3,13,0,0,10,233,158,219,149,285,216,155,51,4704,72,14,1616,1658
06037602506,599600,1736,2241,173,118,283,54,1562,41,0,0,13,181,187,2106,1099,4012,0.4749,103,1743,970.0,6379.0,23,1796,1957,4012,3462,3965,451,1743,9,78,26,24,0,0,0,40,73,36,0,24,192,47,183,127,103,134,202,125,4012,86,86,1743,1796
06037602507,584200,1745,2109,214,304,60,139,1712,0,12,14,0,176,169,2399,416,4561,0.3391,106,1888,1006.0,7618.0,18,2048,1877,4678,4050,4534,539,1888,28,20,35,19,51,22,100,15,60,29,28,18,270,169,332,10,94,224,61,30,4678,99,73,1888,2048
06037602510,820400,1676,2656,131,152,74,34,1099,0,34,24,0,154,213,2051,704,4004,0.5119,44,1253,840.0,4531.0,0,1253,2287,4004,3642,4004,461,1253,0,29,10,0,0,13,0,18,45,19,0,0,79,267,325,136,42,284,303,71,4004,68,64,1253,1253
06037602511,802600,1696,-666666666,92,166,23,191,1396,0,0,0,10,108,65,1984,827,4229,0.4678,108,1504,496.0,5436.0,0,1541,1699,4229,3844,4125,239,1504,0,20,8,0,37,0,0,160,135,33,8,0,164,102,177,131,102,314,157,377,4229,39,56,1504,1541
06037602512,610900,1856,1330,5,65,64,0,294,17,14,25,16,289,129,988,350,1889,0.4538,10,583,1625.0,3069.0,0,629,949,1889,1521,1889,194,583,17,10,17,9,33,0,27,0,54,37,20,0,41,58,121,47,0,35,105,20,1889,165,76,583,629
06037602513,618800,1751,1832,69,34,7,44,449,20,0,0,0,35,20,705,403,1391,0.4172,43,484,170.0,2153.0,0,498,591,1428,1282,1428,99,484,3,8,0,0,0,0,0,0,29,0,0,14,62,62,52,31,86,78,90,0,1428,15,20,484,498
06037602601,756100,1656,2539,61,0,57,54,606,68,104,188,162,1060,189,2433,335,4982,0.4145,165,1666,6952.0,8987.0,62,1735,1415,4989,4155,4956,866,1666,31,65,73,47,39,27,83,61,170,79,57,46,67,236,131,169,93,105,282,74,4989,640,420,1666,1735
06037602602,685200,1824,2111,12,6,95,32,513,22,49,3,31,537,91,1244,286,2521,0.4307,48,1050,2936.0,4961.0,35,1106,737,2659,2203,2659,287,1050,46,15,56,29,32,6,1,23,103,171,184,58,0,167,26,13,78,52,49,23,2659,278,253,1050,1106
06037602700,709200,2334,2039,12,67,9,6,236,81,197,22,91,1048,162,1943,268,3540,0.3597,9,1284,6843.0,8226.0,25,1311,638,3545,3364,3545,524,1284,35,121,35,52,29,10,78,57,171,103,67,155,48,11,62,60,21,28,156,43,3545,823,225,1284,1311
06037602801,359400,1379,-666666666,48,35,149,154,995,23,12,0,47,361,144,1870,783,4112,0.4727,40,1356,2049.0,6215.0,0,1374,2489,4200,3763,4200,392,1356,49,18,12,8,13,14,45,150,16,6,27,38,252,205,164,74,99,188,214,85,4200,258,39,1356,1374
06037602802,704300,2500,2281,0,69,0,0,150,183,86,176,72,1137,344,2170,182,4436,0.3644,33,1287,7234.0,7950.0,0,1287,1287,4438,3904,4393,499,1287,29,21,48,24,15,17,155,77,62,70,83,54,168,123,146,132,145,90,140,71,4438,600,483,1287,1287
06037602900,572400,1277,1465,61,12,191,32,598,76,162,34,29,758,194,2571,550,4221,0.2875,16,1356,3580.0,5979.0,0,1367,3155,4256,3906,4174,708,1356,72,107,85,16,20,38,44,88,45,35,5,41,100,66,152,216,109,77,102,70,4256,351,347,1356,1367
06037603004,614000,1698,2019,101,26,43,42,527,7,7,25,23,104,69,1040,83,1695,0.4053,6,631,540.0,2193.0,10,676,722,1797,1503,1767,249,631,28,22,21,15,8,6,4,21,28,10,8,54,92,43,17,19,48,79,0,61,1797,62,42,631,676
06037603005,526700,1832,2196,202,125,60,109,1379,112,33,88,44,667,172,3642,720,6465,0.4618,155,2046,3574.0,9761.0,0,2075,3368,6471,5927,6300,729,2046,67,11,99,54,10,0,52,49,82,41,0,13,153,220,178,0,291,271,346,46,6471,475,149,2046,2075
06037603006,676900,1591,1563,59,51,112,24,473,7,22,20,11,372,7,1121,155,1970,0.466,6,845,1955.0,3795.0,0,860,696,1970,1704,1944,332,845,16,51,35,13,7,0,42,27,58,10,24,52,83,104,25,37,50,22,20,5,1970,284,54,845,860
06037603007,713900,1826,2618,60,38,12,214,705,47,191,19,19,474,70,1755,543,3471,0.486,106,1179,3022.0,6281.0,0,1336,1071,3471,2773,3427,509,1179,78,61,47,9,0,58,38,38,9,98,17,14,169,122,135,120,20,194,74,75,3471,350,124,1179,1336
06037603008,552500,1252,-666666666,56,185,226,19,704,0,58,0,14,486,85,1801,394,3679,0.4094,13,1190,2507.0,4733.0,0,1204,2482,3833,3508,3803,442,1190,37,57,75,34,23,9,48,48,168,19,57,73,137,209,58,61,35,310,117,120,3833,306,97,1190,1204
06037603101,634300,1961,2247,57,226,81,20,1090,97,46,65,40,527,151,2858,887,4857,0.4265,34,1617,2890.0,7042.0,0,1664,2105,4878,4482,4815,676,1617,14,132,26,50,64,18,43,56,45,69,16,36,171,165,314,20,94,107,119,104,4878,309,170,1617,1664
06037603102,617600,1872,811,142,84,20,140,866,0,31,10,0,378,159,1719,272,3297,0.4553,124,1244,2077.0,5428.0,0,1367,1473,3412,3103,3391,498,1244,23,67,129,43,86,62,68,54,48,47,31,56,38,84,58,24,85,63,100,61,3412,283,80,1244,1367
06037603200,673900,2266,1103,58,0,63,32,453,79,63,31,20,838,57,1743,219,3332,0.3971,95,1291,5160.0,7095.0,0,1362,1067,3340,2937,3284,770,1291,67,185,92,48,74,6,29,130,124,67,64,113,76,39,26,8,61,137,103,7,3340,642,179,1291,1362
06037603301,791400,1705,1593,141,87,132,31,945,51,25,0,7,445,91,1587,448,3259,0.4079,41,1390,2556.0,6032.0,0,1593,1245,3441,3221,3434,480,1390,49,53,85,71,0,63,33,55,162,225,52,72,80,89,76,50,66,8,90,133,3441,354,70,1390,1593
06037603302,671800,1799,1477,59,60,118,53,658,28,111,50,6,926,148,2557,341,4246,0.3743,37,1584,4395.0,7215.0,83,1744,1777,4281,3667,4251,766,1584,67,58,49,153,60,66,71,70,98,33,59,119,93,66,33,50,103,101,91,44,4281,541,204,1584,1744
06037603400,701500,1650,2011,64,135,85,65,582,156,145,17,90,869,114,2186,392,3846,0.3866,53,1451,4667.0,6759.0,15,1567,1611,3846,3590,3813,556,1451,55,44,69,8,24,34,43,40,65,31,161,68,34,138,152,20,194,134,30,42,3846,562,257,1451,1567
06037603500,665800,1987,2274,49,11,46,11,293,71,30,92,32,593,44,1579,326,2924,0.411,10,886,3141.0,4383.0,7,921,1493,2934,2706,2920,474,886,28,27,39,76,23,9,26,42,49,34,35,2,26,99,88,67,89,81,30,77,2934,306,208,886,921
06037603600,721400,1585,2179,10,67,0,36,291,143,74,77,125,1176,28,2205,559,4171,0.4322,41,1467,7048.0,8104.0,0,1467,1814,4187,4029,4157,737,1467,44,40,140,74,32,23,50,46,181,84,45,9,63,76,134,124,108,89,48,72,4187,776,334,1467,1467
06037603702,799500,2483,1818,26,50,7,12,205,181,99,100,115,1474,76,2268,323,4712,0.383,8,1679,8825.0,9931.0,0,1725,1486,4776,4459,4734,983,1679,62,66,223,72,33,22,61,172,139,146,14,201,126,88,153,41,125,119,45,44,4776,991,457,1679,1725
06037603703,847800,3501,2465,16,14,15,1,63,42,42,71,79,803,25,1312,73,2576,0.329,48,866,4636.0,4955.0,0,866,1185,2589,2281,2582,559,866,74,39,56,49,6,12,44,32,76,39,15,51,11,48,150,67,71,0,67,84,2589,500,296,866,866
06037603705,519300,1816,2552,15,89,28,125,594,10,32,0,53,315,64,1438,196,2637,0.4235,35,909,1817.0,4205.0,0,945,1077,2637,2400,2598,374,909,0,11,18,0,8,0,6,52,59,18,0,8,97,120,85,52,181,40,119,69,2637,255,17,909,945
06037603706,524000,1720,-666666666,92,101,135,201,1000,0,16,0,0,47,85,2087,505,3550,0.2764,44,1047,223.0,3622.0,0,1133,3030,3550,3181,3499,324,1047,0,40,26,29,0,35,35,0,52,16,8,2,89,56,172,180,164,69,79,18,3550,24,10,1047,1133
06037603801,817800,1709,1924,94,37,84,179,990,49,21,26,63,532,293,2873,906,4874,0.4056,58,1522,2653.0,6193.0,0,1575,2987,4874,4366,4867,746,1522,85,107,123,26,0,9,36,0,25,29,12,11,111,135,156,122,62,133,105,178,4874,169,223,1522,1575
06037603802,682100,2006,2154,115,72,67,34,634,132,14,26,59,575,191,2166,440,4008,0.4075,95,1209,3171.0,5654.0,0,1209,2286,4020,3778,4020,544,1209,59,10,63,12,19,16,123,28,50,40,20,33,238,192,123,60,85,87,223,45,4020,319,200,1209,1209
06037603901,648400,1889,2241,152,41,68,72,636,61,43,101,43,654,26,2258,188,3805,0.3021,57,1290,3387.0,6020.0,0,1290,2496,3807,3587,3807,580,1290,81,29,74,33,30,19,46,44,50,100,24,16,54,103,105,36,183,61,84,44,3807,384,241,1290,1290
06037603902,752600,1958,-666666666,62,98,30,57,647,0,17,15,0,500,321,2155,254,3483,0.3803,0,1147,2556.0,5035.0,0,1190,2614,3486,3211,3475,466,1147,0,49,48,75,13,0,8,24,81,0,16,10,109,46,39,109,104,71,187,70,3486,377,123,1147,1190
06037604001,687800,1871,1560,153,66,78,109,820,57,19,27,39,395,404,2693,441,4512,0.3545,53,1215,1884.0,5562.0,0,1364,3438,4617,4062,4606,407,1215,15,55,52,8,17,0,53,46,36,19,34,20,169,85,217,163,139,132,88,156,4617,259,109,1215,1364
06037604002,755200,2012,2098,100,71,150,78,1083,102,49,0,10,418,181,2350,629,3783,0.4324,75,1501,2043.0,6472.0,0,1606,2057,3783,3224,3772,414,1501,44,34,69,49,0,0,29,57,32,14,28,0,86,116,64,95,33,110,168,140,3783,244,140,1501,1606
06037604101,824500,1778,2432,18,104,39,180,808,4,14,88,21,334,195,2533,413,3853,0.3333,84,1142,1722.0,4983.0,0,1211,3079,3875,3541,3875,538,1142,37,19,31,17,0,0,22,27,10,13,30,41,83,59,55,158,113,99,143,97,3875,118,154,1142,1211
06037604102,714500,1463,1934,88,26,91,10,530,12,16,35,29,323,20,1234,530,2629,0.3677,29,853,1729.0,3886.0,0,903,2039,2651,2329,2597,510,853,5,44,41,26,48,2,11,22,57,41,37,2,145,40,43,74,66,256,128,22,2651,217,98,853,903
06037604200,694500,1703,2178,51,58,176,60,838,106,85,88,9,811,342,3513,734,5825,0.3794,25,1649,4629.0,8369.0,0,1698,3956,5837,5397,5742,696,1649,44,67,61,47,11,5,171,29,46,135,25,54,151,171,318,47,204,136,188,51,5837,368,319,1649,1698
06037609900,766800,1623,2300,23,69,17,14,299,35,0,17,8,304,71,800,292,1494,0.396,40,603,1775.0,2889.0,0,656,921,1731,1629,1731,234,603,43,22,50,39,14,14,38,46,60,28,28,55,41,0,21,43,42,15,28,15,1731,224,66,603,656
06037620001,1665400,2239,4001,138,107,74,53,840,142,104,64,58,849,58,2270,68,4204,0.4572,51,1689,5910.0,8987.0,11,1760,1011,4209,3331,4145,816,1689,11,53,73,33,12,20,38,12,51,48,31,63,55,169,209,92,170,68,207,73,4209,602,247,1689,1760
06037620002,1278100,2591,3650,87,169,71,84,936,14,87,90,24,537,130,2053,291,3368,0.4732,60,1473,3408.0,7241.0,0,1658,562,3408,2974,3408,585,1473,20,31,76,39,18,18,43,17,35,55,49,37,24,54,213,60,41,86,108,72,3408,414,123,1473,1658
06037620101,1159900,2637,2481,149,190,173,66,903,125,199,89,75,1177,136,3142,166,5411,0.4062,94,2080,7478.0,10930.0,0,2309,1227,5411,4760,5389,1097,2080,47,113,89,172,14,20,54,74,208,45,0,66,39,220,85,99,89,361,127,102,5411,902,237,2080,2309
06037620102,1726400,2689,4001,350,246,168,29,1413,47,68,0,38,470,206,2896,209,3835,0.4207,21,1883,3622.0,8939.0,0,1950,701,3835,3270,3815,666,1883,21,43,57,81,7,19,42,52,25,76,18,25,64,75,76,22,20,65,95,105,3835,398,72,1883,1950
06037620201,1976000,3205,4001,86,102,80,25,631,30,11,0,6,254,39,1057,105,1546,0.4938,36,885,1512.0,3863.0,29,957,81,1548,1244,1499,294,885,13,19,4,44,6,0,10,7,17,5,16,16,26,87,12,16,34,3,67,6,1548,187,59,885,957
06037620301,2000001,3501,4001,0,19,9,0,293,213,160,125,118,1194,49,1836,117,4223,0.4897,32,1487,8760.0,10161.0,9,1596,486,4223,3655,4174,1050,1487,36,7,125,69,61,16,42,36,175,68,37,31,122,177,221,117,78,295,131,148,4223,909,285,1487,1596
06037620303,2000001,3501,3993,56,110,37,52,613,241,100,73,27,1170,128,2013,258,4645,0.5396,0,1783,9163.0,12127.0,8,1949,299,4653,4139,4645,996,1783,42,18,54,73,48,89,36,127,40,84,38,97,132,253,230,116,140,184,198,116,4653,932,211,1783,1949
06037620305,2000001,3501,4001,198,350,27,10,1033,151,96,37,61,1354,134,2978,118,6013,0.4515,34,2387,9402.0,13964.0,45,3137,294,6038,5684,6038,1280,2387,52,38,133,103,79,28,40,44,25,154,81,96,19,101,441,49,74,345,282,250,6038,1045,309,2387,3137
06037620400,1918600,2852,2948,145,57,76,62,625,34,67,186,35,1362,108,2368,96,5204,0.4471,28,1987,9307.0,12087.0,0,2092,460,5218,4858,5218,1193,1987,85,191,94,64,66,0,192,83,47,59,75,132,263,81,289,80,12,367,137,183,5218,1079,283,1987,2092
06037620501,1198100,2723,3728,50,187,21,125,801,120,173,222,28,1342,183,3305,320,5808,0.346,52,2143,8334.0,12481.0,21,2143,961,5808,5460,5788,1273,2143,135,55,96,82,16,6,162,148,54,22,30,19,207,221,207,135,235,312,137,47,5808,966,354,2143,2143
06037620521,1151000,2304,4001,130,103,191,51,955,120,63,58,13,842,247,2785,200,4586,0.4527,6,1797,5207.0,9242.0,8,1866,1028,4586,3800,4486,839,1797,38,22,66,8,10,17,30,54,48,40,17,0,378,196,128,22,157,199,188,21,4586,556,281,1797,1866
06037620522,1227700,2784,2635,127,87,70,84,752,74,75,169,43,1078,48,2564,199,4577,0.4201,29,1830,6561.0,9929.0,8,2054,851,4616,3815,4490,834,1830,93,95,124,32,8,13,36,55,56,56,125,7,216,136,134,120,183,213,179,31,4616,793,284,1830,2054
06037620601,1016900,2452,2679,166,369,77,95,1349,171,11,111,40,945,230,3479,497,6157,0.4407,119,2294,5799.0,11548.0,35,2426,990,6165,4979,6061,1220,2294,27,41,112,77,48,54,25,37,143,105,13,58,231,132,205,157,276,404,199,39,6165,605,340,2294,2426
06037620602,1009600,2322,3497,143,54,35,41,514,178,349,55,242,1590,304,3310,327,5846,0.3757,83,2104,9885.0,12242.0,0,2204,496,5846,5524,5767,1206,2104,132,115,147,226,13,34,61,38,226,22,36,0,226,122,126,197,68,153,191,90,5846,1117,473,2104,2204
06037620701,1235600,2375,3497,303,157,132,45,1369,89,283,213,27,1541,165,4386,215,7112,0.4336,57,2910,8997.0,15383.0,37,2958,1038,7125,6107,7033,1362,2910,123,15,135,18,17,50,39,137,154,145,17,8,328,167,158,210,386,258,144,33,7125,1175,304,2910,2958
06037620703,1432000,3109,3605,87,44,46,0,254,127,162,99,25,946,90,1916,51,3637,0.327,49,1200,5659.0,6890.0,0,1272,443,3637,3355,3607,811,1200,65,0,79,34,18,26,10,33,25,12,12,14,203,128,61,92,210,151,135,120,3637,474,472,1200,1272
06037620704,1332400,2327,3360,45,31,92,18,353,70,147,89,108,829,105,1954,101,3817,0.44,10,1182,6037.0,7716.0,10,1302,341,3817,3614,3779,740,1182,20,29,86,6,31,0,58,71,41,41,37,13,88,108,52,111,90,290,370,64,3817,496,333,1182,1302
06037620801,2000001,2750,4001,13,34,0,0,169,135,55,88,56,1151,128,1826,132,3951,0.4529,21,1320,8692.0,9529.0,40,1448,205,3966,3423,3862,1002,1320,69,106,75,19,48,19,53,121,58,34,44,20,90,149,97,96,283,75,191,168,3966,792,359,1320,1448
06037620802,2000001,2259,3908,263,56,27,0,559,107,16,31,63,794,30,2081,118,3479,0.4616,7,1353,5789.0,7876.0,0,1408,317,3479,3196,3420,998,1353,92,10,82,27,0,36,23,30,112,14,10,44,159,268,22,64,23,94,37,10,3479,551,234,1353,1408
06037620901,2000001,2971,4001,23,13,8,0,147,137,44,69,25,907,38,1231,105,2677,0.4675,19,1054,7139.0,8155.0,19,1137,394,2677,2444,2652,593,1054,28,26,126,38,25,43,58,50,111,19,16,44,58,77,144,155,47,36,113,80,2677,771,136,1054,1137
06037620904,2000001,3501,4001,57,12,59,54,443,85,18,13,20,624,67,1289,209,2782,0.4622,47,1067,4256.0,6774.0,37,1221,103,2782,2370,2782,605,1067,10,25,42,49,28,25,56,23,43,30,38,0,86,42,67,58,9,198,120,92,2782,483,141,1067,1221
06037621001,1918600,2572,3782,87,56,40,86,815,92,152,55,60,1226,133,2452,369,4546,0.5317,34,2041,7692.0,10603.0,67,2193,440,4552,4107,4552,910,2041,47,34,95,112,28,11,38,64,100,109,20,45,120,156,129,103,59,110,182,113,4552,989,207,2041,2193
06037621005,2000001,2828,4001,120,171,131,172,1213,140,74,62,0,1293,96,2581,169,4729,0.5105,40,2506,8978.0,13227.0,0,3063,281,4749,4054,4749,1161,2506,107,188,72,66,171,26,29,54,168,57,0,34,86,41,96,167,71,135,115,34,4749,1109,156,2506,3063
06037621102,1826300,3112,3514,87,137,42,32,464,50,97,79,27,775,105,1979,184,3369,0.4151,34,1239,5079.0,7057.0,9,1307,352,3390,2844,3358,673,1239,103,84,46,17,0,3,16,100,30,6,23,19,79,124,139,93,71,183,71,38,3390,527,242,1239,1307
06037621104,2000001,2875,4001,131,258,358,173,1903,164,148,46,32,1233,290,4086,300,6557,0.4541,24,3136,7853.0,13855.0,0,3891,825,6557,5856,6537,1003,3136,33,36,176,29,0,0,23,60,51,67,113,19,210,357,175,101,31,362,121,60,6557,877,356,3136,3891
06037621201,1233000,2638,3250,174,142,197,117,1331,662,55,85,49,1610,285,3845,407,6976,0.4251,14,2941,9873.0,15759.0,24,3015,1161,7095,5820,7079,1215,2941,84,63,209,105,41,38,46,83,153,101,114,161,177,224,293,56,265,90,174,117,7095,1350,255,2941,3015
06037621204,1045800,2725,3022,76,146,81,184,1205,84,51,57,49,545,93,1777,124,2729,0.4969,11,1750,2516.0,5823.0,0,2226,244,2729,2060,2729,456,1750,37,37,89,22,40,66,0,58,66,34,76,106,27,0,10,0,34,41,128,26,2729,441,59,1750,2226
06037621301,1246600,2761,2453,103,113,113,100,865,183,99,248,68,2075,164,3522,401,7177,0.4735,73,2940,12254.0,15888.0,22,3088,900,7177,6561,7068,1382,2940,38,100,197,48,86,35,135,155,216,174,84,48,273,201,185,214,259,323,154,115,7177,1494,581,2940,3088
06037621324,1436700,2683,3035,140,146,173,89,1348,49,80,25,35,626,135,2236,306,3497,0.4671,43,1974,3523.0,9129.0,0,2262,241,3497,2919,3473,622,1974,39,119,74,51,24,13,30,35,29,50,28,84,65,0,189,0,22,0,175,17,3497,515,111,1974,2262
06037621326,2000001,2629,4001,139,117,156,65,1373,38,10,11,0,365,67,2033,155,3072,0.4799,56,1738,1975.0,7381.0,8,2017,386,3098,2621,3067,551,1738,80,44,107,32,7,0,38,60,86,24,26,43,28,35,3,83,74,0,120,2,3098,277,88,1738,2017
06037621400,1604700,2440,3153,174,102,117,44,845,130,97,89,99,899,45,2429,177,4618,0.3898,51,1744,6049.0,9422.0,0,2004,645,4618,3881,4573,1019,1744,65,46,76,152,13,17,48,49,141,72,52,52,187,161,194,41,74,78,276,54,4618,634,244,1744,2004
06037650001,914300,2227,1865,24,35,101,121,806,144,162,100,100,1537,116,3105,789,6020,0.4526,45,2343,8917.0,11677.0,0,2489,1352,6024,5310,5982,1236,2343,79,36,154,86,103,115,36,53,198,280,60,149,106,59,202,77,275,123,190,122,6024,1122,333,2343,2489
06037650003,888600,1820,1970,36,114,74,134,739,63,21,118,21,479,338,1769,308,3004,0.4513,37,1218,3159.0,5299.0,0,1310,736,3032,2706,3032,409,1218,36,64,57,11,0,17,124,55,159,12,13,21,42,200,56,36,15,61,37,74,3032,302,177,1218,1310
06037650004,826200,1867,2708,131,86,114,111,948,60,20,66,91,550,206,2352,552,4377,0.4066,42,1498,3160.0,6521.0,0,1606,1413,4386,3869,4338,791,1498,61,45,114,20,0,34,21,0,211,29,20,77,169,116,152,85,91,48,136,9,4386,277,253,1498,1606
06037650101,904900,3245,2678,8,30,49,19,410,246,182,97,48,1577,103,2600,343,5075,0.4058,25,1987,8802.0,10585.0,0,2211,812,5080,4866,5080,1025,1987,64,30,214,49,54,73,54,155,133,43,91,127,49,158,299,148,82,103,89,26,5080,1093,404,1987,2211
06037650102,866000,3025,2458,22,14,60,43,226,64,80,18,21,505,101,1244,79,2166,0.3653,30,731,2795.0,3919.0,0,753,628,2166,1976,2156,433,731,22,10,23,5,18,6,28,20,53,80,0,19,53,68,45,44,36,27,87,48,2166,240,241,731,753
06037650200,906500,2813,2842,80,24,32,7,397,197,288,158,113,1415,90,3065,221,5903,0.3469,95,1812,8190.0,10074.0,0,1884,1731,5921,5355,5850,1157,1812,68,34,90,52,96,23,49,87,158,98,43,62,235,309,176,64,161,227,164,36,5921,708,690,1812,1884
06037650300,889500,1972,2504,94,170,383,37,1492,39,94,118,0,1076,257,3965,651,7659,0.4309,18,2568,6405.0,12008.0,0,2568,2181,7894,7437,7789,1445,2568,118,156,118,54,71,76,119,108,189,118,73,59,22,124,174,225,262,538,254,195,7894,597,406,2568,2568
06037650401,1011100,2302,3288,21,74,30,0,225,171,240,126,103,1301,249,2501,286,4473,0.3498,37,1526,8133.0,9224.0,0,1550,814,4473,4258,4412,973,1526,90,156,54,27,25,76,121,49,27,37,38,62,118,76,142,127,91,31,101,33,4473,838,412,1526,1550
06037650501,1105800,2982,3413,0,7,0,32,122,148,154,107,29,820,14,1370,52,2779,0.3205,32,942,5182.0,5795.0,0,977,387,2779,2631,2756,657,942,67,55,56,17,17,38,34,49,59,24,29,58,194,98,85,22,16,90,83,64,2779,661,151,942,977
06037650502,1219300,2403,2523,103,43,63,0,397,149,163,94,69,1244,64,2086,85,4206,0.406,26,1641,8016.0,9519.0,0,1689,770,4214,3712,4170,961,1641,48,124,161,33,29,31,107,96,158,22,65,96,107,136,129,56,68,160,65,24,4214,906,338,1641,1689
06037650603,1303800,1893,1909,96,50,61,71,478,96,123,49,17,1009,101,1714,338,3735,0.4877,28,1487,6734.0,8446.0,0,1563,274,3742,3308,3734,816,1487,38,59,97,48,49,69,41,100,88,71,43,187,66,103,106,15,101,157,63,79,3742,807,202,1487,1563
06037650604,769200,1857,-666666666,196,213,639,217,2467,0,13,0,0,210,193,3305,799,5311,0.4392,118,2677,1011.0,8283.0,49,2931,1391,5393,4521,5393,647,2677,29,22,60,28,66,56,17,63,114,124,56,31,106,379,177,100,21,53,110,34,5393,154,30,2677,2931
06037650605,1059600,2193,1708,162,128,57,78,713,38,10,6,11,283,15,1463,95,2762,0.3937,48,996,1847.0,4450.0,0,1037,372,2762,2216,2724,526,996,28,21,36,25,0,0,21,30,32,33,34,45,165,42,87,101,107,118,85,32,2762,230,53,996,1037
06037650606,979200,2043,-666666666,229,159,224,105,1517,13,31,0,7,154,126,2355,336,3695,0.408,83,1671,764.0,5442.0,0,1881,769,4217,3178,4217,515,1671,0,61,61,67,47,20,36,64,129,83,18,155,39,125,118,88,85,92,77,20,4217,68,86,1671,1881
06037650607,1066300,2661,2230,53,119,134,120,835,0,40,0,0,269,180,1615,67,2680,0.3222,26,1104,1669.0,4797.0,0,1192,186,2680,2349,2661,419,1104,30,41,14,16,12,25,36,9,0,31,59,20,42,86,64,113,98,60,77,13,2680,172,97,1104,1192
06037650701,1071700,3501,2262,13,39,14,5,159,172,55,58,0,817,23,1276,84,2555,0.4032,0,976,4422.0,5160.0,0,1033,432,2555,2202,2538,577,976,53,43,80,54,15,27,29,44,46,52,41,88,100,140,65,10,13,96,121,79,2555,503,297,976,1033
06037650702,1121700,3501,2379,13,15,0,88,221,210,111,92,104,1394,121,2402,87,4605,0.3806,13,1615,8247.0,9416.0,0,1654,723,4605,4170,4586,1097,1615,20,97,78,38,19,46,90,110,127,85,40,92,163,162,135,86,118,99,113,45,4605,879,502,1615,1654
06037650801,896100,3390,2433,144,71,39,91,668,167,21,23,127,859,105,2009,215,3864,0.3709,0,1527,4549.0,7709.0,0,1637,421,3864,3186,3864,816,1527,32,17,129,48,44,31,96,58,114,125,39,33,103,190,135,0,76,147,89,35,3864,635,196,1527,1637
06037650802,679800,3354,1437,71,39,61,106,520,66,100,16,21,824,83,1508,365,3629,0.3788,0,1344,3654.0,5924.0,0,1516,260,3629,3299,3592,700,1344,60,0,17,14,52,13,0,13,171,97,25,48,97,273,260,62,117,86,164,56,3629,703,103,1344,1516
06037650901,894300,1868,2540,222,131,73,96,1158,144,149,76,65,1101,92,2997,394,4963,0.4075,0,2259,5847.0,10059.0,0,2632,1253,4963,4086,4963,968,2259,110,56,34,48,93,32,13,185,158,80,76,124,41,132,105,145,34,30,222,70,4963,726,348,2259,2632
06037650903,896800,2167,3136,53,102,72,241,1126,14,164,63,6,624,322,2628,446,4691,0.4151,53,1750,3109.0,7820.0,0,1789,2458,4701,4063,4494,829,1750,48,36,31,37,12,0,78,0,61,57,64,0,392,71,153,36,123,83,206,21,4701,423,176,1750,1789
06037650904,780000,2366,2656,127,101,29,0,465,47,50,60,52,443,49,1353,141,2457,0.3533,16,908,2134.0,3948.0,0,1090,212,2457,2172,2411,582,908,38,4,61,12,0,28,32,54,0,21,15,10,239,91,46,39,119,73,32,19,2457,251,184,908,1090
06037651001,987200,1839,1910,51,0,57,23,495,171,104,66,96,1507,115,2865,214,5272,0.5383,18,2002,9687.0,11668.0,0,2069,1354,5272,4961,5233,1052,2002,108,130,75,132,41,71,147,18,122,192,96,166,115,97,221,63,83,53,144,81,5272,1087,388,2002,2069
06037651002,1057800,1815,3176,65,89,92,71,722,177,157,26,94,1042,168,2627,251,4790,0.4709,124,1764,6672.0,9065.0,0,1847,1042,4797,4046,4757,975,1764,100,90,116,139,33,38,33,98,128,98,141,69,40,62,128,142,77,158,176,52,4797,725,307,1764,1847
06037651101,1199600,2463,3025,85,152,50,46,705,137,99,42,78,1042,28,2181,200,4560,0.4524,11,1747,7271.0,10254.0,0,1747,591,4678,4177,4678,1035,1747,48,68,55,144,58,34,56,158,62,96,77,189,52,152,214,80,71,251,43,78,4678,837,205,1747,1747
06037651102,911300,2115,1614,93,61,40,49,756,28,47,80,57,1024,92,1901,391,4059,0.4446,36,1780,5448.0,8087.0,0,1901,345,4059,3568,3968,911,1780,55,86,59,105,79,83,32,59,107,155,85,141,151,102,125,71,155,105,30,25,4059,794,228,1780,1901
06037651201,1203900,3501,2980,10,0,14,0,266,223,143,111,37,1394,88,2095,571,4621,0.4605,26,1660,8601.0,10201.0,0,1798,715,4621,3895,4606,1236,1660,97,68,89,91,87,51,38,121,110,95,97,26,74,132,321,276,116,61,141,65,4621,1078,266,1660,1798
06037651221,1194000,2024,3257,86,106,140,86,973,64,63,32,20,456,194,2073,245,3511,0.4342,47,1429,3063.0,6722.0,0,1556,760,3614,3447,3614,651,1429,21,62,32,19,31,35,35,56,18,22,46,80,24,107,157,51,92,170,218,52,3614,302,154,1429,1556
06037651222,1093100,2622,3094,201,453,178,37,1854,119,56,43,58,556,194,3634,139,6221,0.3381,32,2410,3455.0,10931.0,0,2688,1088,6221,5019,6221,1239,2410,26,25,42,21,30,21,111,22,14,112,9,54,27,280,495,158,199,223,131,189,6221,264,292,2410,2688
06037651302,1611000,2951,3347,95,43,0,15,565,179,119,162,115,1673,163,2930,213,5793,0.4129,125,2238,10972.0,13245.0,0,2575,646,5816,5071,5799,1529,2238,26,80,283,78,113,27,94,130,249,96,45,126,111,150,194,41,97,189,347,25,5816,1215,458,2238,2575
06037651304,1392500,2229,1690,50,203,121,116,1166,86,112,20,0,1303,115,2434,293,5015,0.5179,77,2469,8226.0,12569.0,0,2674,552,5015,4567,4892,1053,2469,38,88,104,0,18,173,89,88,203,100,48,118,138,97,184,106,140,111,104,60,5015,1056,221,2469,2674
06037651401,1074600,1249,1655,57,52,39,13,552,19,34,22,9,658,0,1116,326,2418,0.541,0,1210,3747.0,5437.0,14,1293,245,2418,2188,2418,510,1210,13,50,128,45,40,32,26,49,174,195,21,53,52,59,84,22,54,34,74,30,2418,459,183,1210,1293
06037651402,1117600,2262,2191,101,127,150,47,985,99,114,104,98,1043,25,2470,241,5405,0.4179,20,2028,6314.0,9945.0,9,2271,780,5451,4925,5451,1034,2028,57,70,130,60,25,78,56,232,154,49,38,145,195,147,174,104,42,222,342,129,5451,696,347,2028,2271
06037670001,740700,2019,2337,64,16,56,19,505,119,77,80,24,751,16,1796,113,3392,0.4453,28,1256,4197.0,6278.0,0,1328,1344,3479,3329,3429,791,1256,22,132,34,30,107,39,32,95,111,37,89,16,64,56,112,122,132,79,122,93,3479,477,274,1256,1328
06037670002,841700,1773,2233,90,116,60,90,877,33,23,22,33,468,95,1572,395,3259,0.5114,6,1345,2656.0,6515.0,0,1392,1351,3259,2874,3177,562,1345,54,63,80,74,10,22,15,54,161,28,38,0,124,76,65,26,183,9,95,11,3259,369,99,1345,1392
06037670003,826400,1928,2297,55,0,131,34,972,7,63,156,58,1257,57,3568,370,6001,0.3883,85,2229,6628.0,10343.0,0,2304,1220,6008,5476,5973,1138,2229,219,48,226,34,24,22,162,144,148,69,8,65,128,165,59,164,171,132,124,180,6008,636,532,2229,2304
06037670101,808500,1948,2254,24,101,182,54,599,75,107,38,12,555,69,1752,1123,3612,0.441,116,1154,2940.0,5860.0,0,1212,1342,3663,3350,3647,518,1154,27,46,131,80,32,23,75,50,97,28,34,47,137,147,67,49,197,107,177,172,3663,314,213,1154,1212
06037670102,626000,1976,2594,155,174,92,110,1096,32,99,22,15,426,135,2387,474,4000,0.4084,50,1522,2177.0,6357.0,25,1617,1720,4000,3638,3991,628,1522,12,83,59,15,0,62,93,57,86,13,6,16,175,143,94,122,76,87,69,57,4000,320,94,1522,1617
06037670201,1965000,3316,3434,20,52,6,23,286,69,102,108,59,1124,152,1537,72,3641,0.455,11,1410,7825.0,9427.0,97,1573,436,3647,3153,3625,907,1410,32,87,53,168,56,68,83,56,71,145,89,100,95,192,80,56,76,249,65,42,3647,869,255,1410,1573
06037670202,1697900,3501,4001,6,21,9,4,72,102,81,68,53,733,103,1298,37,2553,0.3661,0,805,5064.0,5502.0,0,889,346,2559,2166,2530,639,805,29,23,72,68,20,38,25,53,53,32,51,48,65,129,143,44,63,92,38,57,2559,440,291,805,889
06037670324,2000001,3292,4001,15,12,31,25,260,53,92,109,136,1837,111,2358,164,5485,0.4936,20,2097,13200.0,14420.0,0,2259,137,5485,5004,5447,1223,2097,25,106,138,92,110,100,171,129,133,117,92,207,214,107,235,83,65,512,141,66,5485,1434,370,2097,2259
06037670326,2000001,3501,4001,0,17,0,0,73,142,68,93,34,1280,8,1493,43,3237,0.5701,7,1353,10998.0,11625.0,0,1412,220,3237,3048,3237,881,1353,42,108,69,69,121,84,94,53,150,86,77,98,50,33,131,64,11,46,100,115,3237,1229,51,1353,1412
06037670328,2000001,3222,4001,21,8,0,0,158,149,88,101,126,1424,103,1738,131,4325,0.4404,0,1582,11106.0,12165.0,0,1712,271,4325,3914,4325,1149,1582,74,44,117,107,151,70,24,57,148,117,67,144,82,71,245,221,85,96,211,65,4325,1093,307,1582,1712
06037670405,1251000,3059,3828,17,42,23,8,267,58,76,87,68,845,50,911,170,2640,0.5049,33,1112,5304.0,6224.0,0,1254,84,2711,2476,2700,578,1112,17,2,70,72,76,136,48,45,71,84,135,220,38,54,71,42,11,188,111,57,2711,622,217,1112,1254
06037670406,2000001,3501,3786,0,7,10,27,47,30,55,9,18,550,54,717,122,1702,0.5298,0,597,4041.0,4326.0,0,650,50,1712,1615,1698,431,597,20,31,41,29,53,27,28,70,32,103,33,27,14,35,74,22,6,83,79,43,1712,433,111,597,650
06037670407,1203700,2977,3075,123,128,232,32,957,59,59,83,212,1334,187,2294,302,5849,0.457,119,2291,8859.0,12599.0,0,2439,667,5849,5395,5849,1244,2291,43,35,240,62,147,30,66,66,229,38,144,165,182,115,227,202,25,358,290,166,5849,1053,281,2291,2439
06037670413,1587400,3501,3047,59,12,10,44,416,100,219,102,29,1277,179,2207,139,4805,0.3862,0,1693,8535.0,10719.0,18,1809,354,4814,4268,4799,1110,1693,102,41,68,84,71,44,26,61,111,150,77,98,103,261,200,131,75,136,305,44,4814,963,306,1693,1809
06037670416,2000001,3285,3706,81,77,33,81,570,94,135,67,50,987,169,1846,202,4101,0.4841,34,1557,8190.0,10880.0,0,1707,267,4101,3374,4070,1064,1557,78,43,133,124,79,81,62,85,81,133,74,80,325,117,124,201,57,81,84,32,4101,841,146,1557,1707
06037670417,1589800,3501,2061,11,26,23,3,151,53,93,67,11,889,45,1201,73,2780,0.424,0,1040,6095.0,6973.0,10,1059,100,2780,2605,2764,673,1040,43,65,37,75,47,115,38,40,41,89,122,61,53,76,128,80,45,100,88,27,2780,704,185,1040,1059
06037670418,1549600,3501,3534,7,15,16,9,129,143,128,110,32,1378,76,2030,157,4426,0.4095,12,1507,9573.0,10504.0,10,1619,642,4438,3789,4378,1122,1507,126,91,46,39,98,110,20,14,70,124,83,146,109,122,192,174,72,83,170,60,4438,1050,328,1507,1619
06037670500,2000001,3501,4001,28,0,3,0,45,63,39,21,18,538,22,634,105,1449,0.4965,0,583,4579.0,4936.0,0,674,108,1511,1474,1511,433,583,11,41,57,76,30,32,28,32,78,50,14,42,0,49,29,7,36,24,63,53,1511,454,84,583,674
06037670603,2000001,3501,3637,0,8,8,0,50,37,27,59,6,606,59,1002,38,1737,0.4399,15,656,4452.0,4732.0,0,708,205,1856,1654,1848,504,656,62,101,31,10,109,10,72,83,0,61,92,38,8,46,139,40,16,9,32,36,1856,489,116,656,708
06037670604,1604200,3501,3610,10,36,14,51,231,113,173,89,222,1903,67,2420,274,4953,0.459,0,2134,12631.0,13683.0,0,2457,390,4953,4444,4953,1315,2134,85,82,311,112,51,117,84,102,173,80,127,112,34,101,137,54,152,113,233,25,4953,1589,314,2134,2457
06037670701,1094400,2759,3015,0,38,32,0,171,294,298,105,128,1907,91,3082,254,6460,0.3797,0,2078,12508.0,13435.0,0,2224,1491,6486,6062,6422,1367,2078,84,163,303,98,104,53,142,77,125,176,64,186,187,110,165,97,314,69,213,126,6486,1430,451,2078,2224
06037670702,1697300,3501,4001,49,0,0,8,143,259,193,130,121,1879,147,2872,164,5891,0.4378,11,2022,13768.0,14498.0,0,2212,813,5891,5665,5853,1563,2022,125,285,147,83,62,215,362,88,102,48,94,56,29,242,120,57,59,57,140,128,5891,1461,375,2022,2212
06037700101,1739100,2197,4001,505,284,492,116,3252,0,72,0,0,244,184,4065,715,5536,0.4999,236,3496,1035.0,11257.0,0,3760,625,5536,4250,5504,728,3496,15,100,63,20,99,47,56,142,165,10,108,63,124,14,0,0,62,8,28,10,5536,162,82,3496,3760
06037700102,1121000,1966,3929,134,215,507,166,2249,199,0,0,0,406,406,3242,742,4457,0.5604,182,2655,1494.0,9545.0,0,2877,594,4505,3022,4480,371,2655,143,0,19,227,18,21,0,78,67,0,76,203,0,36,97,0,68,58,14,19,4505,300,89,2655,2877
06037700200,955700,2125,2886,593,286,412,299,3791,250,17,0,23,390,481,5568,742,6694,0.4889,174,4181,1700.0,15513.0,0,4679,1731,6694,5452,6694,708,4181,82,21,258,0,70,45,19,0,139,71,0,0,28,29,93,0,0,0,0,0,6694,310,80,4181,4679
06037700300,794000,1926,2866,522,393,250,165,2756,104,50,84,76,1271,340,4152,513,5541,0.5399,184,4027,5392.0,15164.0,0,4280,669,5541,4747,5541,484,4027,22,30,133,47,68,72,83,131,153,31,43,52,0,0,0,17,16,0,35,55,5541,1196,42,4027,4280
06037700400,1837200,2116,3989,270,443,190,236,2291,48,57,80,0,531,133,3340,505,4486,0.4676,132,2822,2921.0,10690.0,0,3311,276,4486,3970,4486,519,2822,23,137,79,35,74,12,103,47,93,28,221,42,37,14,16,0,50,16,0,0,4486,457,74,2822,3311
06037700501,1186200,2117,3815,189,132,203,81,1434,34,58,91,42,968,272,2660,588,4190,0.5724,67,2402,4171.0,9298.0,0,2826,297,4190,3183,4165,619,2402,83,146,151,15,22,93,64,83,181,8,0,72,39,71,30,31,158,51,63,0,4190,826,142,2402,2826
06037700502,825100,2209,3550,150,197,326,173,2098,56,128,84,23,798,260,3072,796,4138,0.467,96,2896,2855.0,9072.0,15,3582,541,4138,3187,4105,274,2896,0,62,16,36,61,0,0,0,175,170,17,15,0,0,0,0,57,0,0,0,4138,582,216,2896,3582
06037700600,2000001,3501,4001,0,0,0,0,127,93,67,8,16,1534,63,2083,259,5117,0.5744,0,1661,14354.0,15251.0,0,2091,280,5117,4752,5048,1207,1661,57,44,193,217,48,155,113,120,114,109,98,92,146,27,137,214,28,48,247,266,5117,1090,444,1661,2091
06037700700,2000001,3501,4001,0,49,42,0,170,46,0,0,87,1000,0,1509,140,3121,0.5503,0,1170,9362.0,10772.0,0,1303,58,3121,2873,3103,793,1170,35,85,114,108,50,96,22,7,232,93,30,69,18,122,145,166,70,69,88,33,3121,888,112,1170,1303
06037700801,1706000,2583,4001,121,78,127,105,1475,95,81,0,20,854,207,2043,736,4072,0.6112,70,2329,6289.0,11257.0,0,2864,234,4072,3596,4072,754,2329,84,15,51,79,67,202,190,131,120,211,0,221,0,100,114,58,0,19,22,17,4072,733,121,2329,2864
06037700802,1818200,2761,3674,235,201,91,15,1302,44,22,36,10,578,275,2157,577,3962,0.4864,97,1880,3173.0,8684.0,0,2227,257,4015,3316,3989,707,1880,26,89,184,53,28,62,123,136,61,136,29,94,46,107,70,92,15,45,138,71,4015,441,127,1880,2227
06037700901,2000001,3501,3680,31,48,147,46,774,0,56,29,6,726,115,1901,362,4072,0.5943,0,1500,5021.0,8755.0,0,1636,236,4072,3139,3958,743,1500,80,22,127,27,27,20,59,64,112,52,44,6,27,27,400,90,131,166,295,115,4072,598,109,1500,1636
06037700902,2000001,2634,4001,254,156,174,350,2661,26,109,147,0,512,384,3802,408,6483,0.4981,148,3173,3113.0,12994.0,37,3471,689,6483,5327,6439,1096,3173,78,55,124,38,14,174,171,36,59,123,61,319,112,84,147,37,202,132,369,48,6483,414,78,3173,3471
06037701000,2000001,3027,4001,180,307,224,49,1758,71,46,180,0,792,313,3149,400,5075,0.5373,125,2550,7155.0,14933.0,15,2953,237,5075,4420,5048,1171,2550,173,43,258,94,44,125,36,253,133,44,94,69,110,38,73,90,0,17,157,79,5075,760,32,2550,2953
06037701201,2000001,2709,4001,6,62,41,6,228,86,72,24,29,1261,135,1580,263,3682,0.5409,10,1489,11471.0,12771.0,30,1658,165,3699,3380,3660,1012,1489,47,50,132,111,77,96,45,152,106,113,80,83,89,136,145,31,159,72,91,88,3699,1203,58,1489,1658
06037701202,1651200,3065,3143,65,79,135,75,980,95,26,82,47,793,82,1941,337,3314,0.5088,8,1773,4235.0,8558.0,0,1983,174,3314,2500,3236,552,1773,13,46,47,100,55,0,55,71,38,40,107,60,254,10,48,33,83,60,46,34,3314,707,86,1773,1983
06037701302,1085500,2368,1995,189,287,95,241,1997,28,32,51,13,828,134,3206,477,4645,0.4682,14,2825,3578.0,10861.0,0,3091,230,4645,3898,4551,675,2825,74,55,15,128,28,31,14,20,57,200,24,169,59,126,0,82,105,73,0,32,4645,675,153,2825,3091
06037701304,2000001,2471,4001,242,131,100,42,1244,131,12,81,9,1442,85,3477,362,5930,0.6141,90,2686,10462.0,15459.0,15,3464,1032,5930,5007,5899,1215,2686,29,160,190,94,116,46,115,100,281,142,19,63,92,220,216,83,360,82,82,114,5930,1205,224,2686,3464
06037701402,1529000,2476,1536,558,357,438,230,3387,0,56,28,7,589,218,4213,1454,7304,0.5186,115,3976,2522.0,15981.0,0,4385,1812,7371,5930,7371,1206,3976,76,40,91,59,42,56,120,145,150,40,183,345,37,66,276,0,46,0,66,194,7371,404,157,3976,4385
06037701501,1229400,2277,3719,438,257,195,116,1989,0,16,34,0,532,207,2991,501,4842,0.4928,0,2521,2685.0,9778.0,0,2963,203,4842,4137,4786,994,2521,54,94,143,174,0,23,56,50,91,101,97,102,163,0,35,37,131,157,56,38,4842,331,134,2521,2963
06037701502,1067900,2215,2825,227,193,321,62,1742,53,20,54,0,218,159,2486,179,3190,0.4705,157,1960,965.0,6519.0,0,2249,846,3788,3041,3788,419,1960,23,111,69,21,84,24,9,59,113,95,69,139,0,0,64,27,15,23,37,0,3788,183,26,1960,2249
06037701601,2000001,2633,4001,89,52,190,40,746,141,152,57,0,1011,90,2301,160,4112,0.5063,43,1757,6868.0,10002.0,9,1887,426,4112,3624,4053,1001,1757,18,99,192,98,28,15,93,72,93,72,21,14,28,167,132,150,90,143,189,18,4112,779,232,1757,1887
06037701602,1082400,2146,3418,191,169,103,148,1380,74,63,86,19,600,251,2574,615,4335,0.4931,32,1980,2874.0,7663.0,0,2077,958,4507,3948,4466,633,1980,39,11,51,57,18,83,44,70,128,68,83,81,115,106,194,21,157,156,114,157,4507,430,170,1980,2077
06037701701,1120700,2166,3471,167,197,179,94,1325,23,42,60,24,368,65,1850,239,3303,0.4889,48,1693,1819.0,6662.0,34,1903,709,3303,2946,3294,594,1693,21,46,131,25,21,11,39,88,50,116,53,29,37,92,53,0,150,62,27,18,3303,279,89,1693,1903
06037701702,1148700,2288,-666666666,220,145,148,106,1487,32,22,0,0,160,228,2090,586,3102,0.4779,33,1647,755.0,5886.0,13,1969,369,3102,2636,3088,374,1647,42,107,93,37,0,63,17,34,45,29,10,52,80,50,11,20,14,19,50,11,3102,118,42,1647,1969
06037701801,1246200,1863,3071,195,227,98,180,2032,13,28,56,27,649,139,3331,703,5971,0.5119,59,2681,3467.0,10917.0,15,2964,2496,5971,5215,5929,782,2681,27,17,90,90,79,0,242,78,270,43,148,98,64,184,123,48,126,113,139,98,5971,443,206,2681,2964
06037701802,1204500,2123,3874,185,162,191,111,1811,43,68,0,0,485,211,2576,1036,4964,0.4889,102,2296,2441.0,8505.0,35,2378,1325,5048,4599,5018,590,2296,92,45,248,20,76,0,38,117,148,110,39,31,74,27,78,9,49,130,94,106,5048,262,223,2296,2378
06037701902,-666666666,3210,-666666666,259,220,406,382,3360,0,0,0,16,70,172,3671,1284,5484,0.6187,136,3430,334.0,9322.0,78,3964,422,5484,4528,5452,730,3430,53,18,101,39,22,16,13,36,35,140,32,128,41,26,62,19,106,40,0,26,5484,70,0,3430,3964
06037702002,1255400,2477,2250,305,224,168,84,2805,28,21,39,0,495,354,3723,633,5999,0.5878,124,3300,2513.0,11817.0,0,3641,766,6037,5330,5928,664,3300,41,54,151,85,172,15,85,75,184,141,20,149,315,94,38,146,138,14,51,39,6037,379,116,3300,3641
06037702102,1823700,2203,2372,304,289,158,225,2821,13,41,19,85,780,269,3759,620,5616,0.4729,176,3601,3967.0,12427.0,0,4242,479,5641,4861,5641,557,3601,15,158,124,131,60,109,51,40,209,170,51,105,50,26,66,58,52,42,120,16,5641,536,228,3601,4242
06037702201,1808600,2344,3136,67,95,125,58,1440,80,101,22,17,648,197,2346,413,3996,0.5526,87,2088,3800.0,9297.0,0,2414,730,3996,3484,3996,708,2088,46,29,76,99,51,30,16,104,41,119,135,6,0,50,28,29,183,223,57,0,3996,504,144,2088,2414
06037702202,2000001,2327,3576,137,79,14,106,914,55,74,63,41,900,152,2165,200,3937,0.478,68,1814,5561.0,8875.0,13,1916,529,3937,3642,3937,738,1814,11,14,86,22,92,86,19,45,116,81,150,65,60,201,126,84,7,61,103,39,3937,701,182,1814,1916
06037702300,2000001,2227,4001,91,106,158,183,1408,161,191,105,76,1528,133,3738,438,6726,0.5492,85,2936,9840.0,15221.0,55,3229,1362,6801,6148,6724,1267,2936,89,259,116,47,39,54,106,59,149,46,44,134,210,95,208,176,234,191,235,108,6801,1106,414,2936,3229
06037702400,1495200,2769,2912,162,226,61,72,1399,78,81,60,34,693,175,3012,437,4731,0.4762,49,2092,3938.0,9155.0,93,2296,1473,4758,4201,4710,953,2092,11,41,129,45,29,20,27,97,74,67,0,44,103,75,103,72,115,235,25,18,4758,412,273,2092,2296
06037702501,1647700,2722,-666666666,124,372,93,45,966,117,32,115,20,1226,191,2396,252,4701,0.546,134,2192,7123.0,10545.0,0,2433,496,4727,4290,4681,960,2192,39,84,44,13,20,27,51,79,167,33,48,199,141,47,198,0,157,65,214,127,4727,873,353,2192,2433
06037702502,704400,2676,2268,81,43,56,48,660,229,311,58,132,1589,202,2501,355,4280,0.4578,69,2249,7814.0,9961.0,0,2299,704,4280,3839,4280,770,2249,17,53,90,55,76,16,63,180,102,137,92,118,194,56,68,0,59,173,114,68,4280,1254,298,2249,2299
06037702600,1223200,2545,3239,62,38,76,40,539,246,253,156,51,1985,15,3111,206,5941,0.5493,71,2524,11340.0,13346.0,0,2643,942,6053,5737,6011,1295,2524,76,128,150,79,13,24,263,202,138,165,167,137,233,191,214,49,177,299,125,62,6053,1468,505,2524,2643
06037702700,1527100,2317,3603,11,28,17,60,267,162,98,45,103,1018,135,1777,64,3349,0.4277,5,1285,5979.0,7044.0,0,1389,570,3349,3131,3335,853,1285,31,70,106,46,10,33,96,28,109,18,34,0,113,82,282,51,43,72,78,92,3349,791,227,1285,1389
06037702801,1173500,2599,4001,97,151,45,56,1048,163,190,92,35,1019,73,2740,477,5537,0.4799,26,2067,5460.0,9337.0,0,2308,954,5564,4995,5546,1029,2067,0,80,103,77,14,31,28,153,125,77,15,196,423,269,258,0,126,169,152,14,5564,554,452,2067,2308
06037702802,1257100,2367,2588,38,162,113,84,648,45,25,27,16,362,22,1345,124,2228,0.4692,30,1010,1929.0,4403.0,7,1084,673,2266,2084,2263,379,1010,22,76,43,26,19,3,4,21,28,25,39,42,37,16,31,18,99,111,33,3,2266,223,127,1010,1084
06037702803,1630600,2748,3222,57,139,41,84,812,27,34,63,0,400,129,1836,181,2854,0.4544,124,1212,2188.0,5060.0,23,1316,1008,2941,2590,2859,521,1212,29,35,75,38,13,0,19,50,20,33,51,25,70,47,138,47,92,54,66,76,2941,310,90,1212,1316
06037702900,470600,3501,4001,659,820,680,374,4788,0,85,0,30,381,830,7334,72,8844,0.3708,38,5169,1632.0,16672.0,402,7177,899,8844,5787,8728,1438,5169,43,71,103,19,2,42,85,0,84,41,1,53,116,92,106,103,421,46,0,48,8844,381,0,5169,7177
06037703002,1561900,3089,2948,178,82,73,112,999,295,132,114,59,1815,203,3988,685,7366,0.476,45,2814,13130.0,17754.0,0,3088,993,7434,6681,7324,1258,2814,131,150,52,153,146,49,92,140,311,235,104,82,347,229,257,36,98,348,143,81,7434,1426,389,2814,3088
06037703003,623700,2748,2303,168,183,81,276,1618,76,81,293,43,1491,327,3832,467,6055,0.4143,189,3109,6530.0,12071.0,0,3336,620,6055,5100,5923,1159,3109,77,59,69,25,0,18,53,184,111,142,93,136,140,67,181,52,266,191,44,148,6055,1027,344,3109,3336
06037703100,1048700,1759,2813,156,219,210,25,911,229,130,282,128,1752,314,3472,809,6063,0.3919,62,2663,11445.0,15037.0,0,2692,617,6069,5525,5991,1272,2663,78,97,258,157,225,58,123,224,156,19,221,131,205,120,81,28,78,110,90,0,6069,1504,248,2663,2692
06037703200,1210300,1936,3077,50,43,128,77,802,230,129,68,107,1478,306,2952,273,5632,0.4508,15,2280,10761.0,14396.0,0,2383,167,5675,5289,5675,1040,2280,24,87,84,14,51,74,113,123,54,70,89,281,26,182,243,42,126,231,95,43,5675,1139,339,2280,2383
06037800101,1381700,3256,3583,0,30,13,0,141,144,186,97,91,1724,300,2901,116,5715,0.5748,36,1865,12690.0,13694.0,0,1955,352,5715,5146,5701,1442,1865,85,56,188,117,44,102,53,85,187,133,67,41,123,282,239,156,164,75,233,115,5715,1201,506,1865,1955
06037800103,1308900,3501,3422,0,0,0,0,149,113,84,74,49,1019,189,2147,304,3682,0.46,81,1168,6982.0,8055.0,0,1322,517,3682,3235,3682,697,1168,50,54,63,38,127,0,0,155,92,96,36,20,59,121,117,102,22,77,13,58,3682,805,155,1168,1322
06037800104,1718800,3501,4001,66,65,0,0,441,57,121,52,52,1075,142,1940,179,3921,0.5074,0,1516,6440.0,8367.0,0,1772,308,3921,3351,3898,885,1516,27,43,149,183,0,22,9,95,100,60,59,18,124,108,58,117,184,93,76,153,3921,877,198,1516,1772
06037800202,2000001,3501,4001,0,19,16,0,154,257,69,143,0,1858,164,2851,395,5943,0.5098,5,2012,14830.0,15817.0,74,2141,225,5943,5618,5943,1559,2012,126,198,81,31,140,67,149,80,57,134,43,36,146,66,309,110,113,183,245,130,5943,1530,328,2012,2141
06037800204,1661300,3453,3207,0,0,12,0,294,133,37,95,148,1364,126,1688,215,4101,0.51,7,1658,10139.0,11514.0,0,1817,216,4162,3512,4155,949,1658,17,34,202,56,101,53,11,50,274,37,87,150,95,137,205,116,128,26,200,106,4162,1240,124,1658,1817
06037800205,885600,2836,2972,149,93,87,91,996,173,77,52,25,643,161,2401,739,3997,0.4518,72,1639,4214.0,7957.0,20,1682,610,4003,2689,4003,623,1639,22,75,76,15,23,14,52,80,47,6,0,29,98,74,142,63,46,106,104,52,4003,482,161,1639,1682
06037800206,2000001,3333,4001,10,37,6,0,114,67,98,81,34,1044,61,1446,259,3590,0.4447,14,1158,10419.0,11350.0,0,1192,202,3590,3224,3573,927,1158,46,88,47,91,34,46,11,84,94,46,47,6,16,115,125,67,36,190,152,91,3590,955,89,1158,1192
06037800324,958200,3501,2951,52,15,0,0,282,337,294,76,46,2123,104,3111,241,6380,0.4279,9,2405,13914.0,15436.0,0,2416,608,6421,6220,6399,1499,2405,55,23,329,135,61,32,33,114,157,86,86,73,12,280,332,123,194,192,280,223,6421,1540,567,2405,2416
06037800325,1312000,3501,3208,30,12,69,23,322,164,128,47,38,1122,101,1727,270,3703,0.5311,51,1444,7962.0,9545.0,0,1534,260,3703,3459,3684,792,1444,34,32,113,63,81,94,11,126,102,67,73,75,61,116,65,83,54,110,142,186,3703,944,170,1444,1534
06037800328,1643400,3501,4001,7,0,0,0,74,22,35,11,25,323,36,624,63,1267,0.4929,22,397,2866.0,3376.0,0,397,175,1267,1212,1254,274,397,0,19,20,9,15,0,9,4,23,11,20,0,10,26,40,26,59,64,96,14,1267,243,65,397,397
06037800333,651900,3083,2471,55,29,156,0,647,53,18,47,11,309,72,1109,202,2103,0.4667,60,956,1690.0,4309.0,0,1157,115,2188,1535,2188,371,956,12,0,71,28,17,42,4,11,104,13,8,63,38,109,30,32,25,111,23,79,2188,229,80,956,1157
06037800334,1067100,1825,3285,0,42,0,44,164,71,149,75,42,1075,185,1794,374,3477,0.4151,0,1239,7517.0,8162.0,0,1326,926,3502,3240,3502,879,1239,35,70,69,50,61,25,69,62,108,59,82,104,66,68,44,85,0,161,158,60,3502,883,179,1239,1326
06037800335,1352100,2894,2948,36,11,16,0,257,146,86,101,171,1491,119,1978,308,4289,0.4903,33,1748,10584.0,11754.0,32,2025,681,4296,4004,4295,958,1748,143,98,137,125,54,123,86,77,270,110,81,70,30,104,242,159,9,170,64,23,4296,1239,252,1748,2025
06037800336,1119600,3136,3800,11,12,0,0,91,94,83,115,193,1111,98,1845,116,3947,0.4933,40,1202,8452.0,8878.0,0,1230,809,3947,3436,3877,795,1202,19,27,46,78,45,21,51,72,72,68,37,44,218,116,134,249,20,106,313,17,3947,835,276,1202,1230
06037800337,887700,3182,2621,63,144,25,110,1053,32,35,88,159,673,467,2210,729,3410,0.4905,104,1726,3650.0,7670.0,0,1847,542,3419,2789,3419,441,1726,45,25,15,22,0,10,9,126,42,9,26,71,118,135,62,112,10,50,69,40,3419,533,140,1726,1847
06037800338,1539300,3501,4001,21,0,99,0,261,279,187,149,44,1777,94,3484,268,6407,0.4014,28,2038,14060.0,15784.0,0,2076,644,6411,5470,6355,1481,2038,101,177,166,57,115,20,97,140,94,51,97,87,211,236,149,27,120,126,195,196,6411,1310,453,2038,2076
06037800406,2000001,3501,4001,7,40,0,0,112,16,48,27,28,590,43,867,140,1801,0.5315,8,702,4289.0,4982.0,37,1001,207,1948,1589,1948,415,702,41,30,79,47,31,35,0,36,107,53,19,21,58,85,42,60,20,82,15,33,1948,468,95,702,1001
06037800410,1773000,3250,4001,0,9,9,0,109,19,37,40,16,409,178,1658,108,1215,0.4937,12,518,2848.0,3560.0,8,743,451,3647,2488,3626,305,518,27,50,37,34,13,5,6,64,49,20,15,4,35,40,42,48,0,47,48,41,3647,372,37,518,743
06037800411,2000001,3501,4001,0,6,5,5,172,40,42,17,32,720,89,1439,149,2475,0.543,3,892,4867.0,5770.0,0,1002,317,2475,2066,2475,518,892,74,59,48,53,48,14,28,69,55,60,37,34,15,48,38,101,47,81,59,79,2475,588,129,892,1002
06037800412,2000001,3500,3580,14,32,13,0,250,125,32,32,39,1186,189,1444,595,3686,0.5128,33,1436,7701.0,9158.0,37,2152,338,3688,3235,3674,789,1436,61,184,234,33,38,10,97,32,80,68,34,34,43,125,388,173,71,24,73,131,3688,804,374,1436,2152
06037800504,2000001,3501,4001,105,34,0,0,352,35,0,11,59,582,21,854,383,2009,0.6524,28,934,3834.0,5254.0,0,1546,161,2024,1577,2024,362,934,17,46,106,65,49,50,89,59,112,30,35,27,31,0,12,27,15,0,23,13,2024,534,48,934,1546
06037800506,2000001,3501,4001,60,40,12,0,321,82,268,24,0,1012,67,1576,149,3037,0.4935,36,1333,6676.0,8266.0,0,1703,240,3037,2840,3026,849,1333,48,79,117,48,88,92,75,35,160,128,57,35,64,97,99,7,38,59,36,33,3037,899,113,1333,1703
06037900102,243200,2074,525,0,0,0,8,109,15,0,14,8,164,16,275,61,605,0.4386,0,273,826.0,1415.0,0,440,339,633,559,626,113,273,16,11,25,15,11,23,12,5,10,14,8,21,17,4,0,0,21,13,0,4,633,90,69,273,440
06037900103,277500,1255,1476,0,36,53,6,545,71,115,90,109,1231,190,2121,989,6507,0.4561,80,1776,7455.0,10363.0,0,1811,3931,6581,6288,6511,855,1776,74,54,146,84,10,0,104,153,76,146,12,13,213,262,478,150,130,329,561,180,6581,593,534,1776,1811
06037900104,292300,1450,1544,0,108,0,56,456,118,118,135,143,1335,168,2309,846,6910,0.3786,36,1791,8359.0,10947.0,0,1901,4772,6910,6564,6869,876,1791,40,38,114,56,60,13,77,16,39,60,12,37,193,242,420,411,402,251,547,13,6910,648,596,1791,1901
06037900301,398800,1665,2038,36,0,12,0,316,141,89,32,47,711,200,1981,630,3965,0.4091,98,1027,4736.0,6869.0,0,1062,2027,4678,3636,4624,581,1027,22,41,73,28,28,13,12,32,46,13,22,12,70,253,377,163,91,211,117,58,4678,433,227,1027,1062
06037900501,323100,2019,1772,46,109,10,12,723,266,302,133,84,1435,370,3392,726,7910,0.4399,144,2158,9026.0,13157.0,18,2221,4249,7963,7520,7963,1247,2158,172,153,108,33,10,67,77,198,187,46,50,27,171,310,375,130,21,264,411,177,7963,620,770,2158,2221
06037900504,462400,1856,1758,31,51,109,176,832,117,114,200,31,1197,272,2773,1047,6551,0.3742,42,2029,8992.0,13793.0,0,2059,3456,6592,5971,6559,940,2029,111,45,150,40,37,0,25,112,155,50,30,33,114,251,455,168,123,210,465,222,6592,860,322,2029,2059
06037900505,365500,1641,1852,29,0,73,51,452,35,54,44,69,798,157,1839,1076,4354,0.4245,64,1250,5570.0,8152.0,0,1375,2634,4404,4251,4378,589,1250,109,23,46,12,34,22,67,47,60,61,63,21,40,131,251,114,114,197,147,89,4404,501,270,1250,1375
06037900506,366500,1606,1843,70,77,47,16,611,90,136,98,83,823,260,2129,705,5050,0.3985,116,1434,5415.0,8135.0,0,1521,2485,5072,4863,5017,803,1434,37,70,78,10,36,33,42,71,80,11,11,27,310,285,197,152,48,256,233,24,5072,478,295,1434,1521
06037900508,422400,2242,1881,28,19,0,29,211,129,115,110,8,848,67,1657,782,3716,0.4091,47,1059,6021.0,7533.0,0,1128,1894,3716,3419,3635,621,1059,29,54,16,0,46,21,24,35,53,0,8,51,264,145,163,104,142,176,158,115,3716,568,229,1059,1128
06037900509,109100,1360,882,123,71,47,11,602,36,56,46,27,670,187,1917,880,4527,0.3963,29,1272,4315.0,7229.0,0,1292,1881,4527,4240,4478,495,1272,0,0,47,9,0,10,0,31,71,19,37,52,89,315,213,12,154,342,185,156,4527,253,350,1272,1292
06037900510,471100,1788,2059,0,6,29,67,491,29,55,12,15,586,88,1303,728,4002,0.4613,59,1077,3739.0,6777.0,0,1077,1786,4043,3840,4032,459,1077,0,44,28,11,82,0,84,70,0,137,20,46,57,261,114,142,121,327,379,164,4043,300,286,1077,1077
06037900602,106000,1303,877,59,50,99,14,585,52,33,56,21,1140,171,2148,510,5283,0.3847,203,1725,6763.0,9849.0,0,1793,3188,5449,4859,5350,660,1725,36,94,11,42,9,17,11,42,52,12,138,0,239,409,332,205,115,251,325,111,5449,638,381,1725,1793
06037900606,351400,1465,1458,256,33,5,101,1018,113,59,65,0,447,134,1753,599,4661,0.3698,63,1465,2743.0,7733.0,0,1579,2212,4676,4308,4662,427,1465,0,30,0,10,9,10,83,77,73,8,54,62,157,49,227,279,165,96,154,125,4676,227,190,1465,1579
06037900607,334700,1739,1626,53,9,9,33,477,85,95,115,124,698,145,1814,685,4933,0.3837,45,1175,4551.0,7280.0,0,1341,3243,4953,4705,4817,605,1175,22,93,54,1,79,0,66,18,25,9,99,13,194,280,242,54,96,223,357,112,4953,353,271,1175,1341
06037900608,366400,1938,2045,0,55,39,40,328,59,202,77,20,790,156,1480,575,3903,0.3585,76,1118,4825.0,6820.0,0,1171,2568,3930,3467,3909,476,1118,9,46,58,17,19,21,18,55,142,13,27,76,151,116,250,129,69,120,338,80,3930,324,390,1118,1171
06037900609,348300,1335,1384,139,0,36,53,577,56,228,98,72,875,107,1877,1292,5163,0.4187,103,1452,5402.0,8299.0,35,1562,2597,5163,5069,5112,689,1452,83,66,39,11,22,11,43,49,44,66,0,38,124,298,211,200,204,111,374,150,5163,390,389,1452,1562
06037900610,71200,730,744,0,70,10,44,156,0,0,16,10,1008,69,1003,253,3313,0.3281,34,1164,5091.0,5888.0,0,1199,2275,3313,3200,3313,537,1164,0,55,182,37,37,0,28,39,212,19,0,11,0,91,170,50,97,245,129,104,3313,565,368,1164,1199
06037900611,415800,2088,1770,73,0,0,13,98,50,127,58,71,1084,121,1908,523,4435,0.546,29,1182,7147.0,7899.0,0,1182,2755,4435,4216,4343,544,1182,15,13,0,0,0,25,12,39,0,0,29,17,14,203,98,46,199,138,375,74,4435,534,524,1182,1182
06037900701,349300,1401,1459,78,28,94,105,787,70,87,25,21,698,150,1655,1064,4823,0.4155,122,1485,4292.0,8680.0,0,1669,2463,4844,4632,4810,576,1485,20,79,79,30,15,21,84,121,70,65,36,37,104,121,210,103,102,180,297,122,4844,422,259,1485,1669
06037900703,292000,1505,1363,299,102,199,136,1751,70,48,43,0,439,188,2354,884,4845,0.4435,139,2190,2528.0,9374.0,0,2258,1587,5172,4434,4943,406,2190,81,58,40,79,35,48,106,176,147,114,52,39,92,114,167,78,327,73,196,13,5172,329,110,2190,2258
06037900704,-666666666,1685,-666666666,169,253,176,134,1558,0,0,0,0,17,84,1730,425,3390,0.3371,85,1575,,,0,1737,1150,3395,2691,3289,230,1575,17,10,53,20,0,0,46,8,11,13,7,0,215,104,139,39,273,62,113,0,3395,0,17,1575,1737
06037900705,336500,1558,1494,236,56,61,186,1403,48,1,28,0,497,160,1857,896,4006,0.49,102,1900,3053.0,8066.0,0,2275,1325,4011,3704,3910,487,1900,15,25,82,1,117,30,61,82,101,166,42,51,121,11,34,185,85,160,145,71,4011,430,42,1900,2275
06037900804,331300,1773,1854,46,23,46,16,541,46,37,45,21,501,70,1257,937,3341,0.4447,16,1042,2798.0,5726.0,0,1134,2244,3558,3324,3486,469,1042,13,6,40,36,30,15,11,36,54,20,20,35,169,150,121,66,314,178,103,109,3558,236,219,1042,1134
06037900805,315300,2080,1784,95,0,60,78,387,65,120,33,110,1197,83,2240,503,5535,0.3323,177,1584,8132.0,10249.0,0,1694,2887,5956,5072,5913,878,1584,254,95,85,51,70,100,48,48,125,66,93,136,150,439,290,209,128,179,160,116,5956,666,321,1584,1694
06037900806,344700,887,1550,110,340,105,84,1857,17,22,0,0,186,175,1582,1499,4316,0.5692,218,2043,873.0,7165.0,0,2192,1395,4342,3650,4194,217,2043,53,93,135,51,46,10,43,201,71,186,79,6,431,94,173,0,61,166,60,116,4342,101,85,2043,2192
06037900807,432100,2159,1707,39,63,0,61,316,43,146,54,38,908,201,2027,272,4197,0.3911,32,1224,5900.0,7983.0,0,1262,1184,4197,3825,4057,816,1224,144,89,32,32,23,0,56,40,36,16,11,12,353,29,125,21,0,220,125,269,4197,657,231,1224,1262
06037900808,318500,1673,1808,15,30,10,65,523,74,174,23,280,834,20,1781,1402,5036,0.3934,153,1357,5350.0,8143.0,0,1390,2804,5047,4762,5010,515,1357,45,19,63,5,15,5,4,29,35,59,28,18,26,248,444,240,273,23,319,167,5047,454,367,1357,1390
06037900901,428000,1819,1577,0,80,20,0,583,69,49,51,0,412,120,1225,659,3229,0.5397,0,995,2704.0,5806.0,9,1093,1378,3252,3217,3252,488,995,0,14,9,9,36,0,0,23,5,42,35,18,227,79,219,74,188,235,158,42,3252,246,166,995,1093
06037900902,427700,-666666666,1852,10,11,18,10,59,33,9,48,0,507,48,626,61,1388,0.5035,6,566,3363.0,3621.0,0,691,441,1388,1358,1385,245,566,40,68,44,60,6,0,16,33,23,51,26,9,33,36,38,12,6,36,49,35,1388,426,46,566,691
06037901003,-666666666,-666666666,-666666666,0,0,0,0,0,0,0,0,0,0,0,0,0,0,-666666666.0,0,0,-666666666.0,-666666666.0,0,0,1380,3394,2352,3394,0,0,68,58,0,6,5,0,0,0,0,0,0,0,0,0,9,101,0,0,0,0,3394,0,0,0,0
06037901007,458900,1783,2048,3,0,11,14,78,16,36,51,40,634,46,868,135,2045,0.3812,9,712,4732.0,5159.0,0,747,635,2104,1856,2022,443,712,32,51,56,37,3,2,24,52,39,14,4,48,114,82,56,45,33,68,20,51,2104,559,71,712,747
06037901008,390600,2068,1812,158,15,65,44,513,84,7,114,36,568,138,1516,207,3261,0.3557,45,1081,3607.0,6508.0,8,1111,1233,3268,2549,3253,613,1081,29,94,13,0,17,0,17,5,71,2,25,21,0,143,149,75,115,47,214,140,3268,324,222,1081,1111
06037901009,495900,2096,1963,102,72,8,36,649,108,91,152,68,1249,81,2538,1090,5874,0.4732,49,1898,9221.0,12703.0,0,1949,2390,5874,5290,5715,1036,1898,100,64,202,10,23,0,67,38,83,60,73,53,187,158,447,167,263,154,181,265,5874,1082,119,1898,1949
06037901010,450000,1652,1825,17,82,40,79,684,101,86,112,35,1162,206,2472,1590,5452,0.4469,53,1846,7694.0,11499.0,0,1999,2474,5502,5134,5383,778,1846,57,70,58,87,13,22,38,15,109,88,12,26,137,190,266,117,233,212,109,90,5502,817,303,1846,1999
06037901011,470600,2048,2001,260,127,64,170,963,47,152,170,15,1072,198,2548,631,4859,0.3774,72,2035,7136.0,11476.0,0,2076,1563,4859,4454,4859,847,2035,92,51,85,166,59,26,156,144,264,120,20,49,127,104,20,147,0,48,50,28,4859,881,191,2035,2076
06037901012,558100,2664,2564,0,0,33,9,181,310,422,116,80,1525,161,3458,380,6365,0.3018,45,1706,12987.0,14369.0,31,1756,2838,6365,5816,6266,992,1706,24,45,0,88,16,0,18,60,23,0,15,59,125,52,373,101,169,317,404,294,6365,1182,316,1706,1756
06037901013,504900,2349,2685,121,0,16,0,307,87,217,127,63,920,16,1565,210,3378,0.3259,97,1227,7109.0,9439.0,0,1357,1348,3378,3034,3378,688,1227,92,77,54,24,9,7,49,50,90,21,9,16,55,95,109,28,76,165,150,69,3378,783,119,1227,1357
06037901014,483500,2086,2188,56,33,69,31,375,304,84,128,94,1099,152,2508,490,4938,0.3787,140,1474,8157.0,10203.0,12,1522,1946,5054,4788,5001,933,1474,25,90,30,38,37,81,34,53,46,25,104,58,170,118,212,19,135,122,89,116,5054,693,397,1474,1522
06037901101,402000,2524,1936,135,65,14,18,591,171,107,255,16,1146,160,2786,517,5689,0.3982,80,1737,7166.0,10195.0,0,1900,2109,5689,5279,5637,796,1737,29,25,130,23,47,18,37,101,293,29,65,27,136,71,240,185,195,247,310,126,5689,800,318,1737,1900
06037901102,458600,1596,2122,7,149,14,19,544,189,223,142,22,1409,87,2499,560,5412,0.4386,194,1953,9641.0,12283.0,0,2117,1906,5412,5066,5346,849,1953,12,120,68,69,27,90,87,57,78,113,35,114,115,98,227,16,336,167,41,121,5412,1051,358,1953,2117
06037901209,308100,1199,1154,13,17,1,0,138,36,44,0,16,288,22,476,183,934,0.436,14,426,1606.0,2414.0,0,634,377,951,872,951,138,426,31,11,38,32,23,0,16,1,63,10,3,8,9,14,51,16,9,0,6,13,951,249,39,426,634
06037901210,380000,1833,2014,10,0,7,19,89,132,50,15,43,559,79,895,80,1616,0.3732,2,648,2782.0,3277.0,0,712,243,1637,1540,1637,327,648,13,21,52,19,23,11,36,27,38,14,42,0,59,61,25,11,42,67,1,18,1637,342,183,648,712
06037901214,469200,3137,1744,25,10,15,0,283,207,58,182,24,1217,67,2251,516,4925,0.3378,30,1500,7947.0,10087.0,0,1500,1514,4927,4667,4873,909,1500,26,12,123,0,12,3,24,155,40,50,72,68,59,87,428,129,141,57,293,121,4927,837,366,1500,1500
06037901215,575400,1133,2370,44,19,0,60,681,138,70,45,53,824,103,1455,696,3518,0.5053,0,1505,5501.0,7579.0,0,1555,1481,3596,3259,3575,521,1505,25,73,54,19,31,16,53,100,137,221,54,119,73,123,172,132,142,0,127,76,3596,519,248,1505,1555
06037901216,556200,-666666666,2542,0,0,60,0,60,77,64,28,33,800,146,1447,176,2602,0.4081,35,860,,,58,923,854,2602,2432,2586,618,860,76,23,23,0,6,0,107,5,35,21,0,14,246,35,232,8,8,47,34,6,2602,556,237,860,923
06037901217,670700,-666666666,2544,4,0,0,0,4,139,61,23,22,561,11,742,69,1536,0.3371,0,565,,,0,707,285,1536,1297,1493,415,565,52,18,16,28,35,12,63,31,36,47,25,39,37,41,31,24,101,41,26,11,1536,448,113,565,707
06037901218,653100,-666666666,3045,0,0,0,0,0,164,72,118,32,724,25,1113,9,2404,0.2677,9,724,5917.0,5917.0,3,771,564,2404,2330,2404,621,724,40,32,70,37,22,0,122,12,19,42,31,13,36,144,78,58,0,24,54,103,2404,505,219,724,771
06037901300,375900,1567,1784,0,4,23,38,189,4,16,43,46,299,116,566,543,1862,0.5192,84,488,1879.0,2805.0,0,663,1181,1862,1732,1862,158,488,5,20,53,2,12,8,8,30,52,5,43,5,72,106,124,30,9,110,152,42,1862,139,126,488,663
06037910002,349400,1713,1256,15,58,0,12,593,190,100,92,58,1427,83,3029,1184,7158,0.4071,78,2020,9072.0,13140.0,0,2219,5279,7197,7080,7138,1094,2020,134,151,74,19,18,35,108,124,18,37,0,129,259,274,364,120,230,329,449,186,7197,934,434,2020,2219
06037910210,568100,2692,2640,37,86,61,17,267,236,149,153,141,1963,38,3398,136,7166,0.342,58,2230,15150.0,16712.0,0,2315,2568,7166,6522,7092,1690,2230,65,23,81,0,20,42,39,135,216,41,10,21,191,240,470,183,290,140,320,182,7166,1439,502,2230,2315
06037910211,794100,3501,3368,7,0,45,0,76,62,106,16,10,390,52,842,74,1751,0.36,41,466,3122.0,3791.0,0,524,401,1751,1643,1732,279,466,32,7,15,5,76,12,22,27,86,18,0,5,36,34,173,65,8,26,132,26,1751,334,39,466,524
06037910212,639000,-666666666,2713,9,31,0,0,333,143,43,15,33,774,103,1549,417,3322,0.5027,56,1107,5160.0,7279.0,0,1217,1152,3322,3164,3312,687,1107,33,98,46,163,13,0,11,70,138,29,26,30,58,26,151,65,15,165,154,32,3322,532,194,1107,1217
06037910213,683100,2734,1847,0,0,25,0,83,52,7,65,37,381,31,785,59,1464,0.3765,21,464,2596.0,3303.0,0,516,716,1464,1362,1408,323,464,16,12,46,20,21,7,0,18,24,34,0,0,0,40,0,37,89,53,60,8,1464,286,67,464,516
06037910214,498900,2635,2324,70,25,0,29,316,129,213,101,90,1280,145,2823,262,5541,0.35,44,1596,9059.0,11296.0,5,1649,2831,5593,5033,5506,927,1596,60,75,44,11,33,19,44,50,116,25,46,0,147,100,227,254,126,194,274,146,5593,838,400,1596,1649
06037910215,404900,1599,2176,27,172,51,23,726,235,153,63,59,1340,195,3353,214,6934,0.4019,180,2066,10081.0,13832.0,0,2110,3508,6943,6317,6855,1260,2066,3,128,114,73,7,34,37,39,116,80,45,8,228,467,345,114,74,305,196,247,6943,824,516,2066,2110
06037910216,500200,2333,2517,0,38,0,0,286,162,158,102,115,1103,75,2293,530,4985,0.3954,23,1389,8568.0,10574.0,0,1466,2073,5164,4761,5087,794,1389,32,34,115,0,19,0,41,53,30,30,15,8,313,394,54,92,410,372,214,93,5164,758,334,1389,1466
06037910217,555600,2367,2800,9,0,0,0,177,229,186,157,29,1476,253,2610,669,5624,0.4102,56,1653,10861.0,12293.0,0,1713,2965,5678,4944,5590,1101,1653,12,60,64,0,14,0,23,56,96,18,39,45,368,282,349,124,166,293,247,89,5678,974,489,1653,1713
06037910218,456400,1879,2047,45,0,30,86,507,96,100,117,91,944,92,1972,567,4263,0.4268,52,1451,5791.0,8684.0,15,1565,1697,4263,3993,4219,689,1451,9,70,172,24,8,27,82,40,97,117,79,25,76,115,84,101,141,112,105,143,4263,632,248,1451,1565
06037910301,524400,1218,2033,10,28,10,0,415,280,101,48,31,1199,180,2018,460,4410,0.3825,72,1614,8134.0,9972.0,0,1719,1499,4413,4061,4413,822,1614,40,11,163,21,73,89,102,26,125,24,30,111,32,180,132,56,31,282,280,21,4413,815,382,1614,1719
06037910302,548000,2361,1551,64,49,0,14,211,256,153,30,127,1812,312,2900,380,6392,0.3863,44,2023,11685.0,13036.0,0,2147,2957,6396,6033,6380,1295,2023,32,18,163,275,112,13,118,154,150,138,113,0,298,211,207,48,75,175,188,205,6396,1073,656,2023,2147
06037910401,504000,2246,1984,213,33,87,235,1174,121,82,25,76,888,263,3119,447,5839,0.4022,55,2062,6217.0,11787.0,57,2180,2863,5995,5250,5961,1050,2062,19,119,133,44,67,0,57,113,76,40,168,0,136,101,310,172,100,315,112,132,5995,654,165,2062,2180
06037910404,408600,1768,2081,107,26,65,52,623,64,0,26,86,616,247,2089,564,4396,0.3533,58,1239,4022.0,6919.0,0,1239,2419,4405,3848,4331,544,1239,54,102,53,0,20,0,55,22,0,46,13,11,217,281,145,105,232,63,238,117,4405,374,188,1239,1239
06037910405,354100,1461,1634,87,114,179,60,1271,4,51,12,15,405,146,2303,1828,5851,0.4467,216,1676,2632.0,8827.0,11,1797,4124,5851,5087,5785,515,1676,30,17,27,33,7,25,0,28,93,26,0,0,259,278,367,204,309,217,278,130,5851,170,182,1676,1797
06037910501,316300,1304,-666666666,174,143,263,138,2046,0,5,0,0,77,186,2307,1970,5713,0.452,208,2123,314.0,8107.0,0,2318,3084,5719,4894,5675,416,2123,82,7,58,21,50,9,31,67,0,36,91,14,266,550,176,131,360,373,152,121,5719,62,0,2123,2318
06037910502,313800,1412,1643,115,20,54,16,830,12,49,33,40,502,281,2022,1146,4266,0.4224,122,1332,3121.0,6861.0,0,1383,3480,4301,3528,4175,671,1332,44,8,77,4,0,124,13,72,14,47,20,0,54,106,169,148,276,207,203,12,4301,301,114,1332,1383
06037910504,349800,2149,943,42,40,68,73,413,128,119,32,0,704,159,1758,354,3973,0.3383,134,1117,4097.0,6319.0,0,1231,2633,4032,3851,3998,431,1117,7,102,55,29,0,53,20,14,67,53,88,0,289,167,212,6,127,53,30,191,4032,381,280,1117,1231
06037910505,402200,2082,1673,0,18,26,10,206,29,56,72,47,655,218,1448,190,3172,0.3218,50,861,4238.0,5510.0,0,898,2429,3172,3072,3145,459,861,15,37,39,3,31,29,26,26,13,57,41,26,45,183,116,29,38,263,142,74,3172,340,279,861,898
06037910601,332600,1832,1490,0,103,0,70,514,99,154,72,110,1169,183,3101,886,6454,0.352,130,1683,7032.0,10216.0,0,1725,5144,6495,5975,6480,846,1683,40,96,45,32,17,2,30,105,77,36,25,48,121,317,361,224,68,216,254,120,6495,446,621,1683,1725
06037910602,308200,1701,912,58,46,39,184,898,55,21,17,28,620,116,1996,1200,4670,0.4539,41,1518,3482.0,7612.0,0,1528,2945,4670,4046,4595,455,1518,0,65,60,50,89,36,8,57,54,67,61,17,143,298,47,112,264,239,352,102,4670,315,181,1518,1528
06037910605,388900,1510,1360,62,52,17,34,409,5,55,32,47,929,126,1789,1172,5001,0.3817,92,1338,5168.0,7437.0,0,1406,3655,5113,4613,5033,599,1338,14,70,58,21,0,59,53,77,146,10,46,19,227,169,341,205,125,309,189,61,5113,287,570,1338,1406
06037910606,384300,1641,1458,87,3,35,20,253,43,17,55,28,493,65,1192,580,3172,0.3694,53,746,3034.0,4595.0,0,790,2513,3239,3148,3222,466,746,19,70,33,3,33,9,88,34,48,17,15,11,195,106,180,95,55,127,180,101,3239,200,240,746,790
06037910607,394400,1571,1779,43,37,132,24,633,110,29,10,30,529,47,1748,1084,4171,0.5019,76,1162,3351.0,6316.0,0,1162,3085,4225,3947,4051,644,1162,18,73,48,44,16,17,66,64,85,8,9,0,108,109,179,82,326,12,367,57,4225,266,241,1162,1162
06037910608,364800,2022,1356,31,0,27,128,386,46,64,25,70,653,65,1786,578,3969,0.3502,17,1039,4209.0,6550.0,0,1093,2950,4023,3639,3954,464,1039,7,64,50,40,5,30,14,40,370,10,52,6,120,234,101,104,98,121,156,61,4023,356,180,1039,1093
06037910706,450400,1924,2268,0,22,0,31,302,208,196,116,211,1404,272,2973,606,6773,0.3693,113,1706,9451.0,11291.0,0,1706,4940,6824,6326,6797,1018,1706,83,41,41,34,24,9,152,60,148,21,8,37,122,185,385,349,316,347,307,185,6824,583,743,1706,1706
06037910707,389400,1517,2114,15,52,63,76,776,107,71,68,119,776,178,2395,949,5192,0.4235,231,1552,5131.0,9228.0,0,1632,3415,5192,4682,5122,533,1552,103,38,71,14,15,35,126,81,42,52,0,34,70,185,343,145,293,186,275,101,5192,421,302,1552,1632
06037910709,515300,2767,2374,0,2,0,0,73,54,62,8,39,423,54,910,101,1712,0.388,2,496,2899.0,3424.0,0,496,847,1712,1571,1688,335,496,38,14,40,25,24,0,39,6,55,90,19,35,52,42,90,8,9,16,13,51,1712,270,124,496,496
06037910712,386000,2098,1779,3,0,61,18,116,95,29,142,91,708,89,1565,413,3246,0.3191,11,824,4942.0,5697.0,0,861,2309,3251,3125,3226,420,824,28,54,95,40,10,25,74,26,57,54,29,2,74,86,96,148,55,63,140,49,3251,412,259,824,861
06037910713,370200,1904,1818,0,34,18,14,292,61,118,158,32,1308,205,2859,1710,7058,0.3608,133,1600,8350.0,10400.0,0,1600,5435,7157,6328,7011,944,1600,155,125,82,15,37,8,29,87,143,56,0,16,393,204,450,316,313,281,220,106,7157,393,726,1600,1600
06037910714,363500,2367,1837,0,26,5,6,162,126,59,65,135,836,73,1915,371,4052,0.3446,67,998,5180.0,6285.0,0,1028,3194,4052,3736,3982,670,998,23,31,15,25,8,0,50,15,23,25,13,0,184,156,163,104,155,185,173,89,4052,388,362,998,1028
06037910715,396600,1836,1705,24,0,17,0,385,219,84,108,106,1500,468,3372,1011,6988,0.3768,111,1885,8778.0,10766.0,0,2026,5262,7006,6547,6988,1161,1885,74,158,41,58,9,0,70,64,55,58,28,10,223,316,342,54,396,104,348,30,7006,665,713,1885,2026
06037910716,424700,2132,1674,47,0,25,12,336,169,90,161,115,1426,231,3250,826,6277,0.3843,105,1762,9349.0,11665.0,0,1785,4453,6277,5803,6203,1088,1762,47,18,91,57,68,0,20,92,55,57,18,15,483,136,330,18,87,290,184,243,6277,882,451,1762,1785
06037910717,424800,2047,2292,0,0,0,16,115,80,81,55,42,440,109,1143,101,2277,0.296,5,555,3014.0,3829.0,11,621,1810,2277,1954,2277,436,555,27,71,12,0,10,0,17,32,30,7,13,0,44,91,88,30,131,120,57,0,2277,236,167,555,621
06037910718,417900,1920,2164,23,0,0,0,105,134,84,13,34,1174,152,2839,315,5536,0.3575,91,1279,7025.0,7763.0,0,1350,4657,5536,5331,5536,826,1279,21,12,24,67,0,43,82,130,35,46,62,13,49,122,284,146,56,160,277,253,5536,559,444,1279,1350
06037910719,476700,1934,2378,0,0,159,0,299,95,39,128,1,733,150,2226,634,4546,0.2973,23,1032,5364.0,7406.0,0,1032,2969,4546,4490,4546,767,1032,0,0,0,23,0,13,132,0,0,21,71,1,148,237,323,188,131,39,181,125,4546,426,307,1032,1032
06037910720,347200,1250,1283,65,0,43,13,482,92,71,65,109,1029,318,2469,1166,5269,0.4872,97,1511,6534.0,8691.0,0,1627,3737,5320,5270,5310,781,1511,0,119,127,56,32,14,73,63,72,152,38,162,123,149,241,124,236,275,221,141,5320,608,242,1511,1627
06037910721,418300,1469,2182,0,73,59,0,583,8,78,60,47,463,153,1538,625,3823,0.3308,28,1046,3222.0,6997.0,6,1046,1994,3823,3344,3695,329,1046,50,52,0,11,0,4,10,16,15,14,0,44,167,340,78,149,132,484,157,32,3823,262,184,1046,1046
06037910804,714200,1690,2894,0,0,0,0,73,95,133,115,143,993,10,1448,173,3060,0.3625,42,1066,6967.0,7367.0,0,1133,1084,3060,2744,3016,711,1066,149,79,165,15,0,0,10,93,80,0,15,13,90,3,73,102,53,172,68,67,3060,733,229,1066,1133
06037910807,657300,2780,2615,42,19,30,32,307,277,228,149,58,1591,115,3096,742,5880,0.3667,91,1898,11055.0,12662.0,0,1927,1636,5954,5377,5867,1284,1898,150,44,73,69,35,25,138,103,103,66,23,21,131,138,264,251,143,316,173,80,5954,1141,450,1898,1927
06037910808,635300,2350,2536,0,0,8,8,38,199,87,66,19,1108,51,1865,78,3918,0.3335,29,1146,7491.0,7683.0,0,1146,1752,3918,3602,3899,823,1146,57,42,81,45,22,9,43,86,151,106,9,16,155,52,65,40,27,144,315,99,3918,632,391,1146,1146
06037910809,1255100,-666666666,3552,0,0,0,0,29,63,45,10,14,636,62,1014,148,2297,0.454,43,665,5694.0,5893.0,0,697,503,2297,2100,2275,528,665,38,14,94,52,31,4,45,52,90,28,18,48,51,107,111,41,47,17,70,33,2297,531,91,665,697
06037910810,841900,3501,3511,0,0,0,0,63,127,120,72,69,755,57,1306,108,2849,0.3625,12,818,5662.0,6108.0,0,846,598,2849,2534,2844,604,818,22,75,38,13,6,9,21,84,20,0,38,24,28,161,236,67,54,146,48,74,2849,481,197,818,846
06037910814,845900,1778,2514,0,24,0,0,81,50,110,175,22,1182,52,1455,290,3098,0.4003,16,1263,8595.0,9181.0,0,1368,896,3108,2840,3068,672,1263,67,83,60,57,67,94,37,42,76,145,70,48,26,60,106,21,50,21,48,23,3108,983,176,1263,1368
06037910815,679900,-666666666,2459,41,8,0,0,160,107,96,158,63,1579,62,2302,579,4978,0.471,62,1739,10538.0,11270.0,0,1921,1762,5152,4866,5082,974,1739,119,136,168,83,24,9,69,131,153,48,12,16,134,127,129,30,199,140,129,37,5152,1091,358,1739,1921
06037911001,373200,995,1625,0,0,0,0,199,123,54,169,54,1191,136,1299,477,3546,0.4274,0,1390,6856.0,7828.0,0,1757,1357,3546,3304,3522,760,1390,84,72,93,168,46,36,85,95,212,114,14,63,105,54,47,11,111,161,19,59,3546,928,228,1390,1757
06037911100,360200,1464,1278,88,38,95,65,941,132,83,25,46,1124,224,3102,1537,7331,0.4391,84,2065,7143.0,11917.0,0,2076,6152,7331,7040,7286,1317,2065,24,66,114,6,48,0,178,105,79,39,32,0,232,206,307,188,172,275,477,199,7331,536,466,2065,2076
06037920013,750900,3501,2761,21,18,0,0,258,155,261,265,79,2169,113,3626,1136,7870,0.4454,67,2427,14614.0,16634.0,132,2427,1879,7870,6938,7765,1608,2427,136,46,78,102,84,36,44,210,123,283,64,46,280,219,263,269,255,283,756,73,7870,1520,649,2427,2427
06037920015,861900,3501,3195,0,0,0,0,69,339,263,232,16,1911,164,3477,80,6373,0.3259,22,1980,13776.0,14280.0,0,1980,1343,6383,6125,6364,1491,1980,58,73,83,58,15,0,149,83,92,44,23,0,41,197,280,190,140,146,179,286,6383,1398,487,1980,1980
06037920016,865100,1936,3500,66,17,0,26,287,132,200,152,49,1306,60,2336,108,4982,0.3844,17,1593,10099.0,11231.0,0,1657,1583,5004,4371,4909,1304,1593,30,30,221,66,36,8,6,71,95,58,0,53,55,237,83,169,198,146,316,219,5004,931,375,1593,1657
06037920017,678900,2314,3048,83,9,0,0,267,121,241,94,52,1070,77,2095,86,4249,0.3874,110,1337,6514.0,7889.0,0,1419,1530,4261,3790,4216,1083,1337,75,38,71,40,14,9,34,51,80,50,28,16,72,103,216,72,87,168,161,96,4261,568,471,1337,1419
06037920018,695400,3194,2405,14,0,0,0,51,67,74,104,9,656,28,1127,143,2058,0.3174,38,707,3894.0,4190.0,0,707,533,2058,2011,2050,475,707,18,31,21,16,23,19,31,41,44,11,5,18,37,24,89,52,62,46,53,36,2058,441,204,707,707
06037920020,713800,2338,2571,0,0,25,40,247,254,206,59,103,1670,125,3348,174,5944,0.4247,159,1917,11002.0,12279.0,0,1972,2002,5993,5415,5966,1266,1917,56,128,154,112,38,50,149,33,206,82,98,37,134,158,109,78,151,240,152,139,5993,985,650,1917,1972
06037920028,649200,3177,3072,5,33,69,16,386,278,272,498,160,2189,154,4352,20,8700,0.3134,48,2575,14539.0,16951.0,77,2575,3289,8740,7951,8650,1957,2575,54,29,80,47,0,0,112,87,64,111,18,0,202,562,491,348,176,448,194,139,8740,1362,794,2575,2575
06037920029,500400,2320,1802,21,81,0,17,388,86,215,7,25,865,71,1753,181,3733,0.3716,60,1253,5364.0,7099.0,41,1294,1688,3741,3349,3668,806,1253,119,169,92,48,0,0,61,158,59,29,17,14,184,86,134,85,73,40,130,108,3741,604,237,1253,1294
06037920030,653100,2369,3054,4,91,96,15,451,180,162,156,181,1571,291,3313,423,5712,0.3733,84,2022,10364.0,12321.0,78,2095,2270,5754,5165,5714,1138,2022,27,34,74,97,30,0,144,58,60,0,43,16,253,243,123,92,201,240,182,146,5754,1065,497,2022,2095
06037920031,483200,2081,1861,15,0,0,57,308,146,160,151,95,2343,116,2709,794,6069,0.4742,7,2651,12871.0,14486.0,0,2651,1799,6117,5882,6117,1039,2651,37,37,166,209,47,89,39,187,307,408,211,196,23,136,297,12,109,208,199,150,6117,1827,483,2651,2651
06037920034,836800,2239,3498,0,38,30,35,214,205,69,86,123,1115,98,2464,332,4265,0.4116,40,1329,7532.0,8436.0,97,1329,1681,4318,3656,4284,859,1329,36,29,7,39,18,6,6,22,8,67,39,34,179,125,185,27,122,123,140,158,4318,620,404,1329,1329
06037920035,551000,2377,1949,0,0,208,10,692,226,190,145,78,1735,173,4522,1234,8980,0.3789,124,2427,10115.0,13649.0,19,2460,5260,8980,8189,8944,1369,2427,19,66,20,127,85,41,19,188,72,26,41,116,588,214,702,0,307,242,296,208,8980,755,820,2427,2460
06037920038,-666666666,1734,1355,9,157,33,49,451,0,6,32,13,398,135,1502,436,3098,0.3136,113,849,1835.0,3560.0,0,869,2448,3098,2704,2991,514,849,0,62,70,4,0,33,0,19,42,15,18,5,110,94,198,35,143,42,188,102,3098,100,214,849,869
06037920039,758500,3060,2295,4,0,0,6,37,65,32,32,14,497,45,881,116,1615,0.3918,6,534,3357.0,3597.0,0,547,757,1615,1527,1602,321,534,22,6,37,22,6,11,41,18,15,25,54,5,15,53,67,16,59,65,16,27,1615,317,180,534,547
06037920040,703300,2706,2551,23,6,0,13,170,33,91,44,135,844,142,1748,87,3270,0.3573,55,1014,5708.0,6736.0,0,1036,1425,3270,3162,3217,693,1014,18,96,83,37,0,0,78,27,35,33,29,42,80,158,156,92,50,61,151,72,3270,663,177,1014,1036
06037920041,621500,2904,3173,136,41,20,9,575,67,58,16,65,381,95,1625,217,3066,0.3373,60,956,2102.0,4638.0,200,1037,1225,3072,2490,2979,510,956,7,36,14,20,17,0,19,17,16,10,23,3,271,105,111,50,105,100,226,68,3072,188,193,956,1037
06037920042,588900,2614,2285,50,211,174,68,1049,283,215,90,60,1383,376,4429,427,6838,0.3565,84,2432,8071.0,12460.0,0,2583,2942,6840,5727,6627,1278,2432,28,54,103,80,8,23,54,136,108,181,23,46,106,68,233,133,363,57,44,93,6840,883,475,2432,2583
06037920043,874900,3500,3630,32,36,11,46,378,275,221,208,127,2110,246,4352,616,8504,0.404,100,2488,14540.0,16841.0,137,2599,2563,8603,7741,8535,1706,2488,58,41,96,54,45,24,118,55,110,114,58,23,502,316,312,331,201,264,336,193,8603,1191,874,2488,2599
06037920044,655200,2746,2567,0,40,16,0,176,81,95,54,38,694,79,1435,212,2606,0.3581,20,870,4138.0,5191.0,0,870,1037,2626,2365,2592,516,870,15,38,45,43,0,0,3,19,70,22,14,10,119,97,68,65,65,65,106,87,2626,425,245,870,870
06037920045,769900,3387,3053,21,33,0,0,174,232,161,72,46,1287,151,2376,140,4441,0.4074,34,1461,8775.0,9853.0,0,1461,1246,4441,3992,4362,1169,1461,64,55,71,78,36,0,45,30,150,34,7,0,105,201,130,86,79,123,223,214,4441,914,373,1461,1461
06037920046,378500,2062,2123,93,41,57,133,554,128,61,14,71,701,252,2169,157,3605,0.3829,42,1255,3136.0,5213.0,0,1291,2275,3605,3015,3532,453,1255,9,24,64,63,0,8,9,32,35,53,39,21,198,73,79,31,136,23,138,54,3605,363,270,1255,1291
06037920047,-666666666,2328,737,115,263,300,61,1820,9,0,0,0,133,246,3595,1827,7009,0.367,70,1953,541.0,7678.0,0,2181,5014,7009,5512,6815,759,1953,22,0,91,29,0,0,15,47,69,9,9,0,159,362,497,68,507,241,257,237,7009,75,58,1953,2181
06037920048,566800,1799,2171,43,30,18,68,365,186,74,196,16,1395,95,2658,582,5502,0.3776,60,1760,8377.0,9787.0,0,1830,3252,5502,4926,5414,889,1760,55,42,215,27,35,44,52,40,138,62,7,149,259,162,169,177,171,212,265,88,5502,816,507,1760,1830
06037920049,879900,3501,3571,25,0,11,3,138,162,221,132,260,1610,130,3270,466,6052,0.3535,22,1748,12273.0,13103.0,21,1772,1438,6133,5821,6133,1426,1748,55,88,59,45,40,46,21,49,82,23,6,48,144,118,317,78,91,293,244,248,6133,1216,394,1748,1772
06037920050,362400,1762,1497,4,39,0,0,143,31,43,20,7,357,72,436,206,961,0.5015,30,500,1902.0,2473.0,0,568,138,1024,881,1018,178,500,72,23,39,21,3,5,14,24,9,0,3,0,14,0,6,28,7,18,30,16,1024,305,39,500,568
06037920102,611900,1586,2142,32,78,13,13,723,128,69,83,61,974,261,2449,344,4656,0.4053,43,1697,5839.0,8604.0,0,1845,1375,4734,4142,4610,832,1697,80,107,42,58,23,89,200,14,73,42,47,26,160,37,156,126,48,170,242,86,4734,494,442,1697,1845
06037920104,736600,3501,3050,0,0,13,0,59,95,142,47,52,785,166,1390,153,2866,0.3474,0,844,5226.0,5584.0,0,873,854,2897,2694,2839,627,844,22,51,29,25,0,4,26,19,32,56,4,9,154,193,135,110,100,23,151,47,2897,405,376,844,873
06037920106,533400,1686,2012,0,34,17,5,194,191,40,92,32,822,112,1770,195,3576,0.3544,26,1016,4758.0,5673.0,0,1052,2078,3576,3435,3571,609,1016,0,66,92,35,11,0,25,4,65,19,9,11,85,212,180,93,65,92,288,45,3576,409,373,1016,1052
06037920109,776200,2403,2833,22,27,27,19,574,141,140,204,128,1346,49,2358,319,4619,0.4248,17,1920,8876.0,11532.0,20,1971,713,4646,4321,4625,1119,1920,98,64,95,45,26,13,53,13,148,62,0,153,164,58,83,46,160,138,53,53,4646,1038,297,1920,1971
06037920110,918000,2782,2972,47,56,10,111,390,66,121,19,72,613,154,1729,193,2891,0.3452,8,1003,4678.0,6239.0,0,1003,632,2891,2533,2891,694,1003,21,26,25,4,0,18,85,18,28,5,9,31,79,36,68,65,50,37,163,74,2891,536,71,1003,1003
06037920111,663900,3011,2133,0,23,54,9,224,94,95,135,34,811,77,1389,126,3065,0.3012,13,1035,5054.0,6165.0,0,1047,697,3065,2925,3049,689,1035,23,40,112,44,6,25,17,111,76,16,13,56,26,245,46,34,120,142,71,37,3065,555,256,1035,1047
06037920112,779300,1810,2709,0,73,11,19,489,167,144,79,55,1038,139,1782,326,3881,0.403,27,1527,7068.0,9456.0,0,1589,966,3927,3500,3927,843,1527,28,95,185,77,71,36,63,69,133,48,92,61,125,94,183,46,42,139,193,69,3927,769,262,1527,1589
06037920114,804000,2877,3342,138,103,156,67,933,157,101,177,15,1178,198,3248,365,5311,0.3848,51,2111,7563.0,11054.0,0,2349,1087,5358,3724,5229,1004,2111,46,15,28,43,0,26,37,37,69,16,40,0,164,45,100,83,287,124,198,67,5358,852,326,2111,2349
06037920115,813600,2296,2887,55,105,57,49,710,85,140,76,31,1026,91,2262,120,4044,0.4389,39,1736,6379.0,8980.0,0,1736,757,4048,3534,4018,740,1736,27,60,47,32,17,10,219,91,59,65,121,6,61,102,31,72,67,143,134,15,4048,780,215,1736,1736
06037920116,686800,3501,2861,10,0,0,8,76,139,302,118,69,1499,90,2726,275,4949,0.3697,52,1575,9566.0,9912.0,0,1599,1578,4949,4470,4845,1210,1575,65,74,88,53,23,0,31,76,87,37,35,8,215,166,153,101,152,190,179,11,4949,979,465,1575,1599
06037920118,730300,3158,3023,11,32,27,9,174,246,132,252,73,1696,162,3151,105,6248,0.3457,25,1870,11776.0,12684.0,0,1870,2829,6248,5669,6149,1383,1870,108,33,38,78,40,19,53,57,188,75,24,9,229,276,153,119,165,316,194,276,6248,1052,575,1870,1870
06037920119,863300,3501,3701,3,0,4,0,11,90,55,37,24,479,6,986,94,1813,0.29,5,490,3634.0,3723.0,0,490,610,1813,1638,1772,378,490,10,24,41,15,3,0,8,56,17,30,4,23,92,78,40,97,24,40,89,50,1813,301,148,490,490
06037920120,926500,3501,4001,33,8,22,0,92,263,138,64,30,935,62,2210,192,4045,0.369,54,1027,7315.0,7793.0,0,1054,769,4045,3794,4045,937,1027,38,29,43,0,0,54,0,57,55,28,0,21,38,244,293,141,47,165,258,135,4045,610,279,1027,1054
06037920121,802100,3263,3821,92,107,101,6,787,306,533,210,124,2483,275,5879,409,10865,0.3803,74,3270,16582.0,21212.0,0,3304,2196,10967,9482,10802,2266,3270,44,36,89,135,28,24,0,80,169,56,78,7,446,457,432,503,506,376,722,240,10967,1416,1055,3270,3304
06037920200,-666666666,-666666666,-666666666,0,0,0,0,0,0,0,0,0,0,0,0,0,0,-666666666.0,0,0,-666666666.0,-666666666.0,0,0,2609,4186,2033,4186,0,0,4,3,10,22,0,0,0,0,0,0,0,0,0,0,0,0,0,0,0,0,4186,0,0,0,0
06037920303,-666666666,3035,3736,29,63,28,32,323,20,34,23,4,333,79,1069,101,1564,0.4589,9,656,2280.0,3427.0,19,679,91,1564,1370,1536,350,656,45,20,36,11,0,0,11,28,24,43,10,0,7,20,65,16,76,22,6,32,1564,259,74,656,679
06037920312,875500,2031,3140,71,77,66,110,1033,95,103,110,37,1151,247,3128,563,6312,0.4403,75,2184,8018.0,11276.0,0,2327,3204,6398,5789,6330,1246,2184,0,130,221,44,37,4,71,222,215,86,149,64,296,89,149,127,517,430,144,97,6398,728,378,2184,2327
06037920313,814700,3279,2733,0,0,15,0,124,295,254,142,34,1402,50,2788,141,5017,0.3625,15,1526,9155.0,9866.0,0,1673,1951,5021,4421,5000,969,1526,56,22,133,52,64,28,33,49,107,73,50,67,216,177,218,48,216,97,131,79,5021,814,540,1526,1673
06037920314,793500,2654,2507,84,19,12,46,288,73,48,79,53,717,136,1465,335,3158,0.3436,35,1005,5156.0,6336.0,0,1031,993,3158,2758,3158,668,1005,53,51,30,35,13,15,4,69,27,11,1,51,184,123,92,89,0,131,147,81,3158,514,189,1005,1031
06037920322,824200,1902,2584,16,38,9,13,212,69,97,38,39,755,90,1076,265,2597,0.4985,18,967,5099.0,6054.0,0,1019,804,2597,2302,2562,556,967,50,47,26,42,12,47,14,110,43,118,37,19,83,106,104,22,53,64,28,73,2597,529,166,967,1019
06037920326,918400,2492,3568,199,57,90,179,1395,237,202,53,113,1200,328,3683,199,7191,0.4263,220,2595,8444.0,14504.0,163,2679,1690,7191,5859,7154,1622,2595,14,134,104,63,66,23,45,128,162,145,103,74,226,122,184,152,174,336,284,68,7191,826,323,2595,2679
06037920328,1099100,2745,4001,59,58,51,22,421,71,65,39,7,435,72,1057,313,1967,0.4973,0,856,3350.0,4561.0,10,954,262,1967,1532,1955,443,856,15,21,37,29,4,37,7,4,32,25,40,15,21,76,102,12,55,35,106,33,1967,331,104,856,954
06037920329,659900,2728,2243,83,92,120,149,1094,243,44,94,120,1610,309,3843,504,6154,0.412,15,2704,9449.0,14077.0,0,2781,1412,6169,5207,6101,1264,2704,35,70,55,40,84,41,51,111,162,73,21,59,148,85,55,74,97,116,107,68,6169,1112,498,2704,2781
06037920330,822600,2260,3008,30,27,88,0,455,60,146,63,211,1248,27,1370,294,3406,0.4912,62,1703,8295.0,9746.0,0,1770,410,3454,3052,3448,810,1703,86,52,98,191,60,37,57,80,255,154,76,133,25,82,173,20,82,0,50,52,3454,1109,139,1703,1770
06037920331,690900,3143,2711,40,9,41,0,288,102,142,47,32,933,81,1607,316,3545,0.3608,28,1221,5676.0,7184.0,0,1258,650,3564,3017,3538,804,1221,42,42,80,25,20,7,119,38,106,35,83,16,171,105,70,60,183,110,59,50,3564,625,294,1221,1258
06037920332,747800,2277,2453,0,6,40,11,109,45,65,19,24,481,60,1104,132,1690,0.435,28,590,3181.0,3628.0,0,605,661,2062,1669,2041,339,590,5,13,39,29,7,4,13,32,51,21,34,12,43,40,67,35,35,46,61,10,2062,292,169,590,605
06037920334,671300,2477,2608,48,79,63,74,748,190,152,187,149,1614,286,2915,505,5421,0.4553,66,2362,10404.0,12834.0,0,2510,1108,5943,5167,5943,960,2362,69,122,76,92,13,169,79,82,179,155,93,225,183,85,105,93,142,147,235,25,5943,1257,338,2362,2510
06037920338,1028700,3501,3719,0,9,0,127,206,203,210,196,81,1528,278,2716,349,5749,0.3397,31,1734,11057.0,12383.0,0,1746,1072,5749,5009,5731,1328,1734,51,65,129,24,0,70,0,103,101,25,73,16,146,217,264,126,233,289,277,146,5749,1060,440,1734,1746
06037920339,1183000,3003,4001,132,103,147,130,1270,138,210,148,29,1668,361,4366,472,8917,0.4346,38,2938,12912.0,18778.0,24,2982,2000,8917,7539,8789,1891,2938,22,16,34,71,53,12,20,63,70,52,26,7,353,285,135,251,185,234,663,627,8917,1150,518,2938,2982
06037920340,680300,2077,1709,28,44,20,44,375,19,51,14,37,366,118,1371,457,2830,0.4007,5,741,2281.0,3850.0,0,781,1811,2830,2612,2763,450,741,47,17,13,9,5,4,17,21,53,4,14,25,141,87,112,69,127,137,169,74,2830,232,79,741,781
06037920341,600800,1964,-666666666,66,120,91,72,756,0,0,0,0,47,27,1716,496,3004,0.3788,25,803,281.0,3211.0,46,851,2392,3004,2721,2946,322,803,0,21,5,0,30,0,13,0,10,0,3,14,78,53,143,60,61,218,161,172,3004,22,25,803,851
06037920342,469000,1955,2177,56,51,38,85,568,34,15,85,0,311,141,1799,286,3131,0.3938,0,879,1609.0,3750.0,0,879,2850,3131,2979,3124,463,879,13,4,21,10,25,0,0,39,0,17,0,0,142,164,164,126,28,74,97,186,3131,120,191,879,879
06037920343,518300,2357,2686,11,39,70,148,714,97,91,20,33,488,46,2539,470,4087,0.4344,42,1202,2673.0,5682.0,0,1262,2524,4087,3308,4013,505,1202,19,41,63,15,0,0,31,12,24,39,0,0,110,109,203,132,151,10,252,223,4087,134,238,1202,1262
06037930400,650600,-666666666,1859,6,10,20,15,97,9,17,0,23,279,60,611,162,1143,0.4723,27,376,1736.0,2326.0,5,557,559,1309,1151,1298,189,376,23,31,51,10,19,0,13,5,15,0,17,23,11,26,0,26,0,33,34,23,1309,177,90,376,557
06037980001,-666666666,-666666666,-666666666,0,0,0,0,0,0,0,0,0,0,0,0,0,0,-666666666.0,0,0,-666666666.0,-666666666.0,0,0,0,0,0,0,0,0,0,0,0,0,0,0,0,0,0,0,0,0,0,0,0,0,0,0,0,0,0,0,0,0,0
06037980002,-666666666,-666666666,-666666666,0,0,0,0,0,0,0,0,0,0,0,0,0,0,-666666666.0,0,0,-666666666.0,-666666666.0,0,0,0,0,0,0,0,0,0,0,0,0,0,0,0,0,0,0,0,0,0,0,0,0,0,0,0,0,0,0,0,0,0
06037980003,-666666666,-666666666,-666666666,0,0,0,0,0,0,0,0,0,0,0,0,0,0,-666666666.0,0,0,-666666666.0,-666666666.0,0,0,0,0,0,0,0,0,0,0,0,0,0,0,0,0,0,0,0,0,0,0,0,0,0,0,0,0,0,0,0,0,0
06037980004,-666666666,-666666666,-666666666,0,0,0,0,0,0,0,0,0,0,0,0,0,0,-666666666.0,0,0,-666666666.0,-666666666.0,0,0,0,0,0,0,0,0,0,0,0,0,0,0,0,0,0,0,0,0,0,0,0,0,0,0,0,0,0,0,0,0,0
06037980005,-666666666,-666666666,-666666666,0,0,0,0,0,0,0,0,0,0,0,0,0,0,-666666666.0,0,0,-666666666.0,-666666666.0,0,0,0,0,0,0,0,0,0,0,0,0,0,0,0,0,0,0,0,0,0,0,0,0,0,0,0,0,0,0,0,0,0
06037980006,-666666666,-666666666,-666666666,0,0,0,0,0,0,0,0,0,0,0,0,0,0,-666666666.0,0,0,-666666666.0,-666666666.0,0,0,0,0,0,0,0,0,0,0,0,0,0,0,0,0,0,0,0,0,0,0,0,0,0,0,0,0,0,0,0,0,0
06037980007,-666666666,-666666666,-666666666,0,0,0,0,0,0,0,0,0,0,0,0,0,0,-666666666.0,0,0,-666666666.0,-666666666.0,0,0,0,0,0,0,0,0,0,0,0,0,0,0,0,0,0,0,0,0,0,0,0,0,0,0,0,0,0,0,0,0,0
06037980008,-666666666,-666666666,-666666666,0,0,0,0,18,0,0,0,0,0,13,29,64,73,0.2796,13,18,,,0,18,64,73,69,73,0,18,0,0,5,0,0,0,0,0,0,0,0,0,0,13,0,0,0,13,13,0,73,0,0,18,18
06037980009,-666666666,-666666666,-666666666,0,0,0,0,0,0,0,0,0,0,0,0,0,0,-666666666.0,0,0,-666666666.0,-666666666.0,0,0,3,5,3,5,0,0,0,0,0,0,0,0,0,0,0,0,0,0,0,0,0,0,0,0,0,0,5,0,0,0,0
06037980010,-666666666,791,-666666666,0,0,0,0,64,0,0,0,0,9,1,64,61,143,0.537,0,73,,,0,73,53,143,136,143,48,73,4,28,5,0,4,0,0,4,4,5,0,0,0,0,0,0,11,0,0,0,143,9,0,73,73
06037980011,-666666666,-666666666,-666666666,0,0,0,0,0,0,0,0,0,13,0,40,3,101,-666666666.0,0,13,,,0,13,52,101,89,101,13,13,3,5,6,0,0,0,0,0,6,0,0,0,0,0,0,0,0,0,0,0,101,0,13,13,13
06037980012,-666666666,-666666666,-666666666,0,0,0,0,0,0,0,0,0,0,0,0,0,0,-666666666.0,0,0,-666666666.0,-666666666.0,0,0,7,20,13,20,0,0,0,0,14,0,0,0,0,0,0,0,0,0,0,0,0,0,0,0,0,0,20,0,0,0,0
06037980013,-666666666,-666666666,-666666666,0,0,0,0,0,0,0,0,0,0,0,0,0,0,-666666666.0,0,0,-666666666.0,-666666666.0,0,0,0,0,0,0,0,0,0,0,0,0,0,0,0,0,0,0,0,0,0,0,0,0,0,0,0,0,0,0,0,0,0
06037980014,-666666666,-666666666,-666666666,0,0,0,0,6,0,0,0,0,4,0,4,40,40,0.0359,0,10,,,0,10,0,40,40,40,0,10,0,0,0,0,0,0,0,0,0,0,0,22,0,0,0,0,0,0,0,0,40,4,0,10,10
06037980015,-666666666,1212,-666666666,41,72,73,69,505,10,0,0,0,10,15,639,253,1095,0.443,31,515,,,0,557,498,1111,809,1102,79,515,4,0,1,0,0,0,0,0,0,31,0,5,58,65,27,14,16,2,14,4,1111,0,10,515,557
06037980016,675000,1325,1313,12,23,21,6,93,0,0,0,0,7,10,125,8,371,0.2777,0,100,52.0,445.0,0,106,335,371,367,371,39,100,4,7,0,4,2,4,5,3,35,4,0,2,5,27,20,9,13,21,35,6,371,5,2,100,106
06037980017,-666666666,1318,-666666666,13,0,0,0,24,0,0,0,0,0,21,143,627,997,0.6028,0,24,-666666666.0,125.0,0,35,338,1362,875,1355,24,24,88,78,135,115,35,36,0,19,10,0,0,45,7,15,0,15,11,16,0,0,1362,0,0,24,35
06037980018,-666666666,-666666666,-666666666,0,0,0,0,0,0,0,0,0,0,0,0,0,0,-666666666.0,0,0,-666666666.0,-666666666.0,0,0,0,0,0,0,0,0,0,0,0,0,0,0,0,0,0,0,0,0,0,0,0,0,0,0,0,0,0,0,0,0,0
06037980019,1103300,-666666666,2339,0,0,0,0,10,0,9,0,0,27,14,50,14,75,0.3945,0,37,,,0,37,0,75,75,75,10,37,5,4,0,0,0,5,5,0,0,0,0,0,0,0,5,0,0,0,0,0,75,9,18,37,37
06037980020,-666666666,-666666666,-666666666,0,0,0,0,0,0,0,0,0,0,0,0,0,0,-666666666.0,0,0,-666666666.0,-666666666.0,0,0,0,0,0,0,0,0,0,0,0,0,0,0,0,0,0,0,0,0,0,0,0,0,0,0,0,0,0,0,0,0,0
06037980021,-666666666,-666666666,-666666666,0,0,0,0,0,0,0,0,0,4,0,12,1,16,-666666666.0,0,4,,,0,4,4,16,15,16,0,4,0,0,0,0,0,0,0,0,0,0,0,0,0,0,0,0,0,0,0,0,16,0,4,4,4
06037980022,-666666666,-666666666,-666666666,0,0,0,0,0,0,0,0,0,0,0,0,0,0,-666666666.0,0,0,-666666666.0,-666666666.0,0,0,0,0,0,0,0,0,0,0,0,0,0,0,0,0,0,0,0,0,0,0,0,0,0,0,0,0,0,0,0,0,0
06037980023,-666666666,-666666666,-666666666,0,0,0,0,0,15,0,0,0,15,0,30,0,47,-666666666.0,0,15,,,0,15,0,47,0,47,15,15,0,0,0,0,0,0,0,0,0,0,0,0,17,0,0,0,0,0,0,0,47,15,0,15,15
06037980024,-666666666,-666666666,2774,0,0,0,6,31,3,5,0,4,49,0,117,27,205,0.3719,0,80,290.0,433.0,0,98,80,205,179,205,43,80,0,0,11,0,0,0,0,0,0,10,0,5,0,6,20,0,0,0,31,0,205,46,3,80,98
06037980025,-666666666,2667,-666666666,13,11,29,0,220,0,0,0,0,0,29,241,6,442,0.3345,23,220,-666666666.0,869.0,0,220,20,442,414,435,31,220,47,0,10,4,14,0,0,5,18,0,0,0,0,12,0,0,7,0,0,60,442,0,0,220,220
06037980026,-666666666,-666666666,-666666666,0,0,0,0,0,0,0,0,0,0,0,0,0,0,-666666666.0,0,0,-666666666.0,-666666666.0,0,0,9,15,4,15,0,0,0,0,0,0,0,0,0,0,0,0,0,0,0,0,0,8,0,0,0,4,15,0,0,0,0
06037980028,-666666666,-666666666,-666666666,0,0,0,0,0,0,0,0,0,0,0,0,0,0,-666666666.0,0,0,-666666666.0,-666666666.0,0,4,0,0,0,0,0,0,0,0,0,0,0,0,0,0,0,0,0,0,0,0,0,0,0,0,0,0,0,0,0,0,4
06037980030,-666666666,-666666666,-666666666,0,0,0,0,0,0,0,0,0,0,0,0,0,0,-666666666.0,0,0,-666666666.0,-666666666.0,0,0,0,0,0,0,0,0,0,0,0,0,0,0,0,0,0,0,0,0,0,0,0,0,0,0,0,0,0,0,0,0,0
06037980031,-666666666,-666666666,-666666666,4,0,0,0,4,0,0,0,0,3,0,12,0,12,0.2966,0,7,,,0,7,341,970,721,970,4,7,33,35,16,9,0,0,0,0,0,0,0,0,0,0,0,0,0,0,0,0,970,3,0,7,7
06037980033,-666666666,-666666666,-666666666,0,0,0,0,0,0,0,0,0,0,6,6,6,11,-666666666.0,0,0,-666666666.0,-666666666.0,0,0,6,14,3,14,0,0,0,0,0,3,0,0,0,0,0,0,0,0,0,3,0,0,0,0,0,0,14,0,0,0,0
06037980034,-666666666,-666666666,-666666666,0,0,0,0,0,0,0,0,0,0,0,0,0,0,-666666666.0,0,0,-666666666.0,-666666666.0,0,0,0,0,0,0,0,0,0,0,0,0,0,0,0,0,0,0,0,0,0,0,0,0,0,0,0,0,0,0,0,0,0
06037980035,-666666666,1482,860,7,9,0,31,91,0,0,0,0,98,24,319,17,574,0.3687,6,189,421.0,780.0,0,192,514,642,611,629,86,189,8,8,1,2,9,26,0,4,0,21,0,21,18,8,20,20,26,2,11,0,642,38,49,189,192
06037980036,736700,1434,2197,4,0,0,0,28,37,21,0,0,89,0,263,39,606,0.1857,0,117,508.0,605.0,0,117,180,606,595,600,107,117,0,5,5,18,0,0,24,23,0,39,0,0,6,36,19,16,6,6,70,42,606,15,74,117,117
06037980037,-666666666,-666666666,-666666666,0,0,0,0,0,0,0,0,0,0,0,0,0,0,-666666666.0,0,0,-666666666.0,-666666666.0,0,0,0,0,0,0,0,0,0,0,0,0,0,0,0,0,0,0,0,0,0,0,0,0,0,0,0,0,0,0,0,0,0
06037980038,-666666666,-666666666,-666666666,0,0,0,0,0,0,0,0,0,0,0,0,0,0,-666666666.0,0,0,-666666666.0,-666666666.0,0,0,0,0,0,0,0,0,0,0,0,0,0,0,0,0,0,0,0,0,0,0,0,0,0,0,0,0,0,0,0,0,0
06037980039,-666666666,-666666666,-666666666,0,0,0,0,0,0,0,0,0,0,0,0,0,0,-666666666.0,0,0,-666666666.0,-666666666.0,0,0,0,0,0,0,0,0,0,0,0,0,0,0,0,0,0,0,0,0,0,0,0,0,0,0,0,0,0,0,0,0,0
06037990100,-666666666,-666666666,-666666666,0,0,0,0,0,0,0,0,0,0,0,0,0,0,-666666666.0,0,0,-666666666.0,-666666666.0,0,0,0,0,0,0,0,0,0,0,0,0,0,0,0,0,0,0,0,0,0,0,0,0,0,0,0,0,0,0,0,0,0
06037990200,-666666666,-666666666,-666666666,0,0,0,0,0,0,0,0,0,0,0,0,0,0,-666666666.0,0,0,-666666666.0,-666666666.0,0,0,0,0,0,0,0,0,0,0,0,0,0,0,0,0,0,0,0,0,0,0,0,0,0,0,0,0,0,0,0,0,0
06037990300,-666666666,-666666666,-666666666,0,0,0,0,0,0,0,0,0,0,0,0,0,0,-666666666.0,0,0,-666666666.0,-666666666.0,0,0,0,0,0,0,0,0,0,0,0,0,0,0,0,0,0,0,0,0,0,0,0,0,0,0,0,0,0,0,0,0,0
