GEOID,B25077_001E,B25064_001E,B25088_001E,B25070_004E,B25070_005E,B25070_006E,B25070_007E,B25070_001E,B25091_005E,B25091_006E,B25091_007E,B25091_008E,B25091_001E,B23025_005E,B23025_003E,B17001_002E,B17001_001E,B19083_001E,B19057_002E,B19057_001E,B25022_002E,B25022_001E,B25034_002E,B25034_001E,B03003_003E,B03003_001E,B07001_017E,B07001_001E,B11001_003E,B11001_001E,B01001_020E,B01001_021E,B01001_022E,B01001_023E,B01001_024E,B01001_025E,B01001_044E,B01001_045E,B01001_046E,B01001_047E,B01001_048E,B01001_049E,B01001_003E,B01001_004E,B01001_005E,B01001_006E,B01001_027E,B01001_028E,B01001_029E,B01001_030E,B01001_001E,B25014_003E,B25014_004E,B25014_001E,B25001_001E
06037101110,627500,1573,2601,76,105,21,60,711,57,53,52,34,840,177,2272,342,3927,0.4219,78,1551,4657.0,7114.0,0,1652,1082,4014,3478,3970,715,1551,93,171,25,71,29,0,107,143,64,56,47,34,59,52,105,120,82,82,95,0,4014,544,282,1551,1652
06037101122,861600,3214,2647,0,8,33,9,344,113,117,124,73,1039,220,2294,277,4133,0.4138,49,1383,6598.0,8496.0,0,1427,362,4164,3965,4125,738,1383,41,36,119,65,31,114,87,111,117,63,90,35,58,96,85,69,70,83,157,47,4164,682,346,1383,1427
06037101220,645300,1487,2628,94,40,157,95,767,91,122,54,16,582,247,1952,557,3481,0.4727,110,1349,2802.0,5598.0,9,1372,1463,3481,3183,3469,649,1349,21,74,94,40,45,0,34,50,66,77,29,39,98,88,105,11,37,101,109,47,3481,339,212,1349,1372
06037101221,550400,1685,1904,65,34,164,66,1077,38,0,66,15,347,79,1841,357,3703,0.4359,68,1424,1586.0,5099.0,0,1549,1204,3756,3540,3756,635,1424,76,59,117,0,0,154,15,49,106,17,112,28,99,52,114,45,55,106,120,103,3756,196,109,1424,1549
06037101222,-666666666,1782,-666666666,215,28,56,7,897,0,7,0,0,31,164,1393,447,2808,0.4983,96,928,,,0,1006,1295,2808,2593,2808,493,928,0,54,34,59,0,28,100,41,37,0,64,42,28,134,20,15,0,109,184,22,2808,24,7,928,1006
06037101300,818400,2430,2664,38,67,22,17,291,108,124,80,180,1134,147,2025,246,4024,0.3812,91,1425,6554.0,7754.0,0,1517,608,4071,3815,4057,806,1425,32,214,83,22,48,54,130,101,136,130,56,93,22,156,60,51,96,161,118,75,4071,758,343,1425,1517
06037101400,707500,1592,2319,0,24,19,0,332,61,80,91,139,955,155,1824,194,3474,0.413,79,1287,5340.0,6460.0,0,1522,881,3490,3218,3401,587,1287,67,40,89,114,22,13,50,134,82,41,25,4,123,43,66,118,206,21,31,0,3490,527,384,1287,1522
06037102103,832200,2179,3032,27,25,6,47,269,9,21,5,13,402,71,814,241,1834,0.4179,65,671,2160.0,3375.0,17,788,88,1834,1718,1807,316,671,6,24,19,23,10,0,19,10,57,27,28,25,86,22,56,43,53,163,40,23,1834,186,201,671,788
06037102104,668200,3206,2098,0,24,62,20,275,49,62,94,47,1029,104,1896,207,3814,0.4216,30,1304,5618.0,7006.0,0,1393,461,4033,3550,3998,740,1304,0,35,141,124,31,0,31,90,238,56,10,9,124,43,122,16,56,144,74,224,4033,597,432,1304,1393
06037102105,617800,1871,2676,33,18,56,0,232,18,56,16,38,325,29,850,71,1610,0.3999,6,557,1862.0,2768.0,0,575,1087,1610,1515,1575,340,557,9,27,56,5,5,15,36,16,60,8,6,18,23,17,71,12,105,61,15,34,1610,169,150,557,575
06037102107,895200,2169,3120,0,0,12,70,280,91,90,41,48,922,119,1726,464,3459,0.4628,86,1202,5839.0,7394.0,0,1248,886,3577,3307,3546,511,1202,9,61,188,16,31,34,37,87,75,12,57,178,31,89,94,1,32,46,57,77,3577,712,169,1202,1248
06037103101,726700,2783,2566,9,0,0,23,115,116,180,45,10,852,146,1689,91,2726,0.3661,26,967,4879.0,5554.0,0,985,753,2726,2511,2615,557,967,65,31,49,35,14,5,61,23,56,42,11,22,129,131,41,8,65,34,30,40,2726,523,329,967,985
06037103102,599300,1614,2169,13,0,37,170,459,190,93,91,134,1172,289,2442,382,4520,0.4464,52,1631,6221.0,8127.0,0,1740,1089,4550,4031,4535,760,1631,48,49,43,58,43,50,114,93,132,179,34,29,129,71,91,143,45,66,109,20,4550,729,407,1631,1740
06037103201,645700,1672,2403,138,69,51,54,1051,43,74,63,40,526,233,2323,434,4172,0.4986,11,1577,2608.0,6864.0,0,1656,1594,4291,4048,4286,626,1577,125,9,138,13,110,17,0,55,113,73,0,27,140,61,46,39,62,84,131,67,4291,236,241,1577,1656
06037103202,822100,-666666666,3252,0,0,12,0,12,66,51,21,51,623,12,1052,46,2005,0.3606,0,635,,,0,680,471,2010,1809,1998,363,635,144,102,41,9,69,6,15,37,33,42,42,20,78,0,0,25,62,68,86,11,2010,429,165,635,680
06037103300,1048900,2750,3265,0,0,0,0,77,106,124,95,75,1161,159,1782,237,3811,0.4312,114,1238,7938.0,8298.0,0,1390,477,3816,3456,3744,758,1238,56,72,63,74,25,52,18,52,188,68,48,51,33,163,250,112,55,158,156,56,3816,739,385,1238,1390
06037103401,692100,1990,2286,2,28,30,11,127,84,56,77,61,833,139,1355,104,2391,0.4198,20,960,4675.0,5206.0,0,1067,276,2391,2039,2305,399,960,61,56,78,39,73,38,11,126,89,46,56,24,86,11,106,0,189,54,13,0,2391,612,221,960,1067
06037103402,748200,1455,2074,13,81,73,15,341,81,98,72,35,1002,60,2053,236,3768,0.3583,92,1343,5661.0,6974.0,0,1477,607,3829,3610,3741,769,1343,41,100,99,59,6,36,97,75,102,57,69,27,176,94,58,0,110,56,170,65,3829,719,249,1343,1477
06037104103,630400,2273,2492,7,32,8,0,120,121,125,51,26,745,167,2094,194,4127,0.3485,56,865,4711.0,5417.0,0,886,3070,4281,3915,4255,530,865,63,151,31,58,30,37,36,40,45,77,97,96,185,72,82,105,40,99,132,76,4281,348,305,865,886
06037104105,459300,1506,2041,0,57,65,21,730,107,104,76,21,859,220,2646,1405,6193,0.4086,157,1589,4519.0,8027.0,0,1621,5327,6195,5677,6158,785,1589,151,5,53,24,44,0,19,88,68,136,13,92,180,248,351,224,200,213,309,191,6195,302,488,1589,1621
06037104108,586900,1699,1753,6,76,158,29,770,47,65,51,25,499,124,2408,705,4962,0.4734,122,1269,3078.0,5673.0,0,1346,4435,4962,4783,4917,498,1269,45,15,126,8,29,13,23,100,44,67,39,61,168,298,189,71,152,202,52,57,4962,127,313,1269,1346
06037104124,623700,1848,2758,21,23,42,21,301,47,95,84,19,1009,301,2089,481,3942,0.467,12,1310,6135.0,8038.0,7,1376,1867,4006,3737,3957,623,1310,29,51,24,62,17,0,41,105,133,109,0,29,270,72,79,36,33,60,37,47,4006,663,339,1310,1376
06037104201,606000,1878,2042,26,0,14,15,186,75,37,66,55,685,123,2256,529,4636,0.4918,17,871,4180.0,4993.0,0,901,3893,4636,4410,4593,492,871,40,81,124,28,28,0,39,34,78,35,0,64,105,165,178,109,176,54,77,113,4636,307,226,871,901
06037104203,489100,1479,1976,29,0,112,74,471,85,131,46,20,653,223,2457,1047,5158,0.4234,21,1124,4109.0,6021.0,0,1155,4852,5182,4927,5103,591,1124,21,46,70,76,13,14,0,70,87,42,58,31,92,226,220,38,219,212,172,155,5182,146,387,1124,1155
06037104204,525500,1450,2108,57,9,0,13,233,57,70,54,24,482,81,1580,426,3338,0.4242,27,715,2895.0,4002.0,15,744,2854,3691,3373,3667,416,715,37,29,49,17,16,19,31,46,13,66,31,43,78,54,111,132,171,82,117,54,3691,192,214,715,744
06037104310,588600,2662,1947,0,20,41,9,159,61,66,58,18,768,163,2356,342,4361,0.3681,41,927,5059.0,5881.0,0,958,4081,4392,4299,4336,497,927,91,32,32,23,6,16,126,116,89,27,24,16,48,65,200,76,96,106,158,78,4392,333,304,927,958
06037104321,604900,1155,1457,35,59,32,25,492,10,40,37,0,328,112,1285,662,2890,0.4071,14,820,1676.0,3358.0,0,887,2747,2890,2463,2846,284,820,33,10,37,68,0,8,200,9,29,17,21,0,64,178,87,38,46,26,141,25,2890,52,157,820,887
06037104322,582100,1106,2088,3,10,10,23,145,19,62,11,19,300,0,862,91,1787,0.3496,60,445,1765.0,2172.0,0,460,1634,1787,1523,1721,282,445,9,7,55,0,0,3,10,40,52,10,38,0,27,79,40,37,96,36,24,23,1787,70,222,445,460
06037104401,604600,1488,1986,20,35,21,25,287,29,0,31,8,320,69,1356,694,2977,0.4114,29,607,1838.0,3046.0,0,665,2829,2977,2874,2931,338,607,29,45,38,16,9,13,26,62,83,22,24,0,55,86,157,148,86,90,111,63,2977,77,148,607,665
06037104403,573700,1839,1656,10,11,12,26,145,20,36,39,12,392,89,1286,373,2308,0.5139,10,537,2160.0,2905.0,0,605,2202,2352,2228,2320,266,537,48,30,41,36,0,24,36,76,75,16,47,46,106,172,31,40,21,35,45,19,2352,168,149,537,605
06037104404,580600,1650,2272,56,57,0,17,398,56,35,20,15,358,152,1651,545,3293,0.4069,38,756,2050.0,3675.0,0,765,3196,3323,3236,3272,336,756,35,41,71,18,0,0,65,22,25,71,16,26,113,74,145,110,43,108,121,148,3323,143,111,756,765
06037104500,543900,3043,1857,0,11,0,0,124,82,31,14,20,502,68,1516,1061,3266,0.4288,53,626,2772.0,3484.0,0,647,3228,3301,3122,3294,345,626,27,16,55,16,24,1,14,33,48,44,30,1,197,93,108,49,123,169,207,83,3301,172,204,626,647
06037104610,595800,2007,2170,18,7,23,4,215,71,30,28,51,425,28,1427,268,3065,0.4052,21,640,2172.0,3116.0,0,716,3035,3122,2883,3106,355,640,48,26,73,14,9,17,20,40,73,0,49,18,72,102,86,84,128,99,177,104,3122,74,184,640,716
06037104620,581400,1645,2415,52,0,38,19,281,20,21,27,32,441,88,1725,614,3475,0.396,53,722,2678.0,3788.0,0,722,3435,3528,3241,3473,479,722,13,49,55,27,27,24,14,45,74,46,17,20,109,95,40,59,154,91,201,96,3528,121,186,722,722
06037104701,612400,1349,2083,78,51,135,65,708,10,0,41,31,201,146,1608,898,3875,0.3841,108,909,1073.0,4583.0,0,953,3837,3891,3789,3882,414,909,44,6,25,50,18,22,6,39,32,25,8,13,160,167,299,164,32,149,180,104,3891,54,86,909,953
06037104703,549500,1676,1813,107,64,22,81,417,0,0,21,8,176,83,1063,389,2298,0.4183,53,593,795.0,2340.0,6,670,1994,2298,2205,2298,227,593,6,18,13,18,5,7,12,11,60,18,18,0,59,118,97,89,31,55,145,34,2298,109,41,593,670
06037104704,310900,1864,1636,17,75,14,74,424,34,38,50,23,774,89,1979,1077,4492,0.404,25,1198,4287.0,5921.0,0,1262,3533,4567,4226,4479,492,1198,41,24,31,63,90,23,33,58,35,61,16,0,142,237,177,73,190,178,274,162,4567,337,230,1198,1262
06037104821,527300,1665,2229,65,87,35,83,475,7,36,10,3,277,126,1639,578,3311,0.3829,83,752,1499.0,3562.0,0,772,3170,3431,3349,3405,327,752,25,19,31,15,16,0,0,86,43,22,35,49,75,120,149,31,89,182,86,91,3431,52,174,752,772
06037104822,635700,1946,2007,33,25,61,16,430,27,20,16,0,214,135,1153,633,2461,0.4487,49,644,1184.0,2797.0,0,659,2298,2461,2144,2453,272,644,34,6,28,13,16,16,23,27,22,73,38,41,52,120,65,52,89,112,110,77,2461,67,109,644,659
06037104823,603100,2721,1734,6,0,31,16,196,23,34,73,36,497,115,1401,862,3362,0.3932,82,693,2593.0,3591.0,0,729,2904,3362,3240,3330,362,693,0,0,0,74,24,14,22,0,27,47,58,15,238,90,160,148,46,168,161,63,3362,201,129,693,729
06037104824,598600,1205,1953,36,0,0,0,105,15,92,82,0,405,36,1273,123,2657,0.3018,70,510,2761.0,3232.0,0,510,2575,2657,2524,2657,228,510,168,0,0,18,16,10,7,13,57,3,0,41,123,55,215,82,78,99,41,24,2657,109,264,510,510
06037106010,678900,2320,3085,19,11,18,71,207,84,100,54,37,693,87,1810,185,3573,0.3382,34,900,4084.0,5140.0,13,941,2422,3578,3376,3530,594,900,14,30,56,24,19,32,29,51,86,44,22,32,168,97,100,86,214,32,156,80,3578,350,238,900,941
06037106020,625900,1855,2500,55,58,3,0,305,152,100,120,48,978,246,2359,864,4571,0.3728,14,1283,5907.0,7375.0,0,1328,3706,4576,4297,4533,710,1283,20,138,46,103,0,16,99,132,70,126,67,18,80,55,172,83,70,80,126,27,4576,468,399,1283,1328
06037106111,587900,-666666666,1827,0,0,0,0,73,145,59,59,69,1295,180,2544,249,4854,0.3619,39,1368,7703.0,8281.0,8,1445,2707,4859,4571,4838,884,1368,104,115,138,20,30,35,39,83,78,16,78,27,69,225,161,90,106,131,96,108,4859,674,498,1368,1445
06037106112,619000,2671,2413,34,76,0,0,216,123,99,77,140,1178,86,2830,730,4993,0.3549,26,1394,7176.0,8602.0,0,1431,3575,5125,4748,5082,791,1394,41,57,100,44,61,78,38,133,115,64,39,43,105,129,114,118,18,138,223,141,5125,655,443,1394,1431
06037106113,641000,1817,2412,17,0,25,0,181,38,122,79,62,836,149,1978,209,3772,0.3151,0,1017,4930.0,5893.0,0,1047,2916,3871,3728,3821,702,1017,55,27,71,44,10,12,14,43,86,66,13,61,109,51,209,145,31,98,149,109,3871,324,412,1017,1047
06037106114,485900,2013,2116,70,61,102,81,814,162,58,109,28,891,166,3378,1486,6800,0.4306,176,1705,5095.0,8716.0,21,1803,5573,6800,6057,6759,857,1705,47,4,186,23,0,40,10,175,28,0,6,43,197,244,331,221,332,236,231,227,6800,326,487,1705,1803
06037106403,636600,1362,2111,16,0,10,0,223,62,47,44,23,647,92,1838,278,3657,0.4294,56,870,4119.0,5244.0,0,883,3233,3701,3596,3669,498,870,45,18,8,49,14,12,2,25,87,50,11,14,117,111,207,87,115,126,159,100,3701,304,267,870,883
06037106405,468900,1684,1829,27,53,150,117,482,39,103,90,49,708,259,2335,878,4263,0.3771,121,1190,3891.0,6291.0,46,1222,3083,4340,4117,4330,544,1190,51,44,57,33,29,9,62,43,10,40,1,0,152,123,290,48,109,156,46,49,4340,349,351,1190,1222
06037106406,466700,2561,2234,29,15,105,45,421,93,32,157,58,1424,120,3905,251,6524,0.4306,35,1845,7845.0,9957.0,0,1984,4583,6534,5839,6508,678,1845,77,17,74,29,48,89,67,73,253,100,14,40,197,85,247,29,136,176,244,89,6534,708,604,1845,1984
06037106407,355400,1876,1606,22,18,80,112,680,0,6,11,6,132,91,1001,717,2185,0.4275,64,812,620.0,3545.0,5,915,1843,2352,1927,2337,256,812,30,17,22,9,23,32,28,18,75,42,61,85,67,146,87,89,36,89,103,24,2352,69,51,812,915
06037106408,469700,1703,2031,75,67,83,71,824,0,61,4,23,176,95,1625,1198,3690,0.3956,86,1000,973.0,4097.0,0,1080,3445,3733,3205,3626,347,1000,7,5,1,24,4,0,9,41,37,21,0,0,150,152,261,100,325,165,175,39,3733,132,33,1000,1080
06037106510,675200,2363,3104,7,33,21,22,371,78,117,176,204,1259,286,3126,844,5463,0.3721,12,1630,7648.0,9567.0,0,1716,3309,5717,4938,5612,999,1630,3,0,113,49,0,22,83,42,84,43,9,63,176,180,334,170,129,167,150,206,5717,675,421,1630,1716
06037106520,642300,1889,2091,22,100,0,23,419,113,87,80,36,1002,154,2774,841,5521,0.4201,43,1421,5917.0,8094.0,10,1497,4758,5545,5358,5508,744,1421,56,46,58,54,15,52,11,76,139,102,40,27,124,276,127,158,135,171,115,99,5545,466,413,1421,1497
06037106603,909800,3501,3355,13,11,0,0,142,172,44,108,48,1043,88,1814,217,3540,0.4292,14,1185,8015.0,9010.0,0,1200,1050,3544,3351,3538,765,1185,98,62,143,43,50,39,44,89,53,58,39,32,39,123,99,87,88,95,114,100,3544,845,195,1185,1200
06037106604,666200,1781,1956,0,9,142,113,725,94,10,0,26,516,54,2106,452,4010,0.4462,75,1241,3365.0,6411.0,0,1258,3489,4010,3555,3900,700,1241,71,38,61,8,47,93,73,36,47,24,30,76,130,80,144,26,114,0,55,168,4010,312,163,1241,1258
06037106641,926800,3273,2696,0,0,0,0,88,75,70,69,22,658,81,1205,134,2176,0.4731,6,746,4575.0,5146.0,0,782,116,2197,2105,2169,484,746,23,13,41,71,30,6,12,15,108,48,19,24,131,54,62,40,52,41,66,30,2197,454,179,746,782
06037106642,863100,2966,2822,11,0,8,33,119,230,57,88,51,1028,120,1777,275,3413,0.3696,0,1147,6561.0,7364.0,0,1194,728,3442,3381,3428,706,1147,31,25,89,86,18,30,19,25,65,72,63,47,102,99,69,30,48,129,124,89,3442,648,338,1147,1194
06037106643,1066500,3501,4001,0,11,68,0,94,82,130,22,128,1259,109,2114,73,4306,0.4297,28,1353,9663.0,10220.0,0,1468,470,4306,3959,4232,1057,1353,69,136,124,29,27,33,75,76,324,27,17,14,94,126,98,45,186,95,0,93,4306,934,317,1353,1468
06037106645,963200,-666666666,2961,0,0,0,0,112,180,92,96,27,1134,193,1790,191,3769,0.4505,23,1246,,,0,1300,923,3769,3586,3718,809,1246,50,67,68,90,22,60,31,76,144,87,47,82,63,151,171,82,172,206,85,88,3769,796,289,1246,1300
06037106646,701400,1950,2674,34,0,8,0,150,39,96,101,72,813,130,1451,187,2900,0.3676,45,963,5232.0,6184.0,0,996,802,3011,2790,2941,528,963,38,7,75,65,12,54,28,41,57,72,39,123,79,79,72,54,104,64,84,44,3011,552,256,963,996
06037106648,540700,1368,1841,43,18,78,38,684,26,38,45,14,487,33,2240,726,4581,0.42,70,1171,2675.0,5733.0,0,1198,4328,4581,4313,4539,615,1171,84,64,54,47,42,5,85,26,53,66,34,24,144,151,182,175,167,225,68,114,4581,189,265,1171,1198
06037106649,641100,2571,2435,0,6,12,0,94,72,41,51,61,547,96,1292,198,2776,0.4111,20,641,3326.0,3875.0,0,681,1916,2776,2524,2746,383,641,16,48,71,11,12,0,33,33,55,28,37,134,93,90,89,54,13,107,67,45,2776,242,217,641,681
06037107010,613200,1870,1897,0,26,26,16,240,48,38,35,49,520,84,1678,119,3110,0.3857,26,760,3035.0,4016.0,8,793,2859,3177,2989,3137,382,760,13,68,78,24,0,9,67,14,82,26,3,50,44,102,107,77,64,46,81,112,3177,211,256,760,793
06037107020,569700,1823,2432,20,15,26,39,373,117,59,88,48,778,185,2070,970,4610,0.4157,32,1151,4354.0,6110.0,0,1231,4044,4610,4257,4528,591,1151,59,33,118,25,30,0,36,70,46,19,31,54,323,207,147,246,75,143,206,114,4610,268,417,1151,1231
06037108101,896300,3501,2750,6,28,0,7,97,133,98,86,26,665,61,1155,103,2274,0.3546,4,762,4621.0,5177.0,0,787,524,2274,2155,2256,542,762,50,29,55,63,26,32,16,25,92,63,51,52,71,87,68,13,46,61,14,4,2274,502,156,762,787
06037108102,865400,3220,3198,0,24,0,0,140,111,92,54,45,1045,130,1746,571,3592,0.4344,16,1185,7203.0,8028.0,0,1221,430,3596,3503,3596,688,1185,39,10,93,43,68,115,7,64,119,69,83,71,40,52,171,74,37,123,166,80,3596,780,217,1185,1221
06037108103,1030300,3501,3542,0,0,0,27,86,93,80,142,18,890,91,1623,166,2968,0.437,0,976,6906.0,7520.0,0,1028,250,2968,2724,2823,772,976,5,64,91,86,60,55,31,54,100,44,49,37,33,0,82,58,143,45,16,47,2968,681,204,976,1028
06037108104,933400,3501,2681,0,29,17,0,114,34,47,22,19,439,10,611,32,1738,0.3653,10,553,2941.0,3681.0,0,596,167,1738,1401,1734,434,553,18,41,60,35,15,17,12,53,57,21,29,23,150,40,83,26,88,28,71,20,1738,334,73,553,596
06037108202,1241300,2761,4001,51,0,76,180,966,254,242,266,175,2288,124,5288,300,9246,0.4381,41,3254,16413.0,19875.0,299,3607,745,9302,7989,9165,1960,3254,51,0,285,78,24,0,286,169,197,134,24,76,274,585,294,153,173,325,318,234,9302,1651,637,3254,3607
06037108203,851500,3501,2978,26,36,22,32,356,85,91,53,53,800,52,1630,147,3170,0.4017,26,1156,5078.0,7159.0,0,1200,265,3170,2770,3170,777,1156,71,130,72,77,54,22,28,114,103,89,60,17,19,26,168,96,19,91,99,100,3170,611,179,1156,1200
06037108204,896800,-666666666,2907,0,0,0,0,35,81,84,150,22,616,13,900,37,1780,0.3384,5,651,3744.0,4022.0,0,651,89,1780,1498,1767,377,651,6,51,52,17,7,0,0,47,36,21,52,4,60,130,32,16,45,91,44,32,1780,397,219,651,651
06037109100,559900,2513,1603,0,25,17,15,232,39,87,26,14,618,90,1160,211,2348,0.475,25,850,3522.0,4349.0,40,930,1287,2675,2404,2647,355,850,44,98,47,47,22,113,29,54,96,75,110,269,54,47,41,43,48,42,13,23,2675,418,178,850,930
06037109200,699500,2898,2652,9,45,24,6,158,45,28,77,146,865,41,1719,150,3161,0.3772,71,1023,5187.0,6075.0,0,1123,1213,3161,2810,3137,477,1023,22,87,35,22,19,40,16,25,57,34,40,54,130,99,155,76,76,0,79,0,3161,506,314,1023,1123
06037109300,694600,3417,2671,0,6,17,7,76,53,64,137,24,828,75,1642,173,2850,0.4153,25,904,4922.0,5352.0,6,971,1402,2864,2679,2864,551,904,25,61,20,28,44,0,11,65,85,75,19,20,94,86,107,45,106,43,99,33,2864,485,313,904,971
06037109400,491700,2520,1125,17,18,9,0,308,91,80,0,22,826,41,2281,181,4170,0.3809,47,1134,4730.0,5979.0,0,1171,3255,4175,3975,4158,571,1134,26,52,23,73,45,48,31,61,52,124,69,22,70,119,71,72,24,172,32,185,4175,424,288,1134,1171
06037109500,627500,2150,1563,38,28,0,26,329,62,40,7,17,661,180,2119,534,3634,0.4014,91,990,3814.0,5229.0,10,1015,3352,3699,3509,3680,542,990,42,31,40,33,0,0,18,37,59,7,103,22,62,76,164,112,67,61,173,30,3699,317,275,990,1015
06037109601,649100,3501,2386,8,0,12,34,159,68,264,36,152,1151,214,2749,254,4831,0.3419,94,1310,6683.0,7451.0,0,1342,3000,4831,4385,4792,652,1310,48,98,58,56,31,25,35,54,108,73,44,94,94,62,113,127,167,157,75,38,4831,538,489,1310,1342
06037109603,644800,1662,1935,10,35,67,54,480,13,75,4,25,762,107,2046,540,3900,0.4826,53,1242,4307.0,6111.0,0,1242,2796,3900,3600,3843,542,1242,64,74,37,8,99,8,21,68,61,52,67,12,69,135,121,43,282,58,77,60,3900,433,231,1242,1242
06037109604,638400,1288,2682,9,7,14,19,169,74,61,101,77,705,77,1753,248,2900,0.3712,48,874,3904.0,4391.0,0,922,2073,2900,2794,2895,501,874,49,42,37,25,20,5,58,62,18,48,23,116,95,84,39,60,39,68,112,47,2900,342,313,874,922
06037109700,703600,2282,2599,15,63,30,19,392,17,122,72,86,1000,202,2263,335,4273,0.4136,10,1392,6105.0,8141.0,0,1460,1600,4333,4172,4319,777,1392,120,80,49,21,27,18,80,136,123,117,36,75,174,92,123,39,63,96,203,43,4333,551,437,1392,1460
06037109800,675200,2066,2607,47,7,77,10,389,65,57,149,95,1135,165,2282,440,4569,0.3844,51,1524,6468.0,8284.0,0,1524,2490,4584,4398,4565,871,1524,80,29,83,82,19,157,55,108,267,61,60,97,158,93,181,54,24,149,120,59,4584,684,400,1524,1524
06037111100,687200,2301,3018,21,54,87,10,315,65,40,30,68,609,89,1719,159,3075,0.3972,84,924,3641.0,5056.0,0,980,1328,3076,2716,3036,457,924,56,25,49,16,21,37,15,69,54,20,33,81,88,52,97,66,107,63,64,37,3076,365,199,924,980
06037111201,800300,2507,2663,7,24,23,0,139,103,41,18,70,903,148,1665,218,3251,0.4733,10,1042,5996.0,6726.0,0,1099,1529,3256,3133,3240,618,1042,24,39,75,77,43,25,14,36,38,61,33,89,146,47,109,86,57,29,78,83,3256,629,255,1042,1099
06037111202,729300,2655,2826,38,273,62,13,733,23,117,80,69,1185,346,2688,540,5481,0.4077,94,1918,7486.0,11034.0,0,2010,1614,5670,5150,5597,1106,1918,59,45,143,35,32,53,9,52,104,162,113,82,173,117,183,57,83,104,178,121,5670,759,366,1918,2010
06037111204,984100,3501,3413,0,22,19,21,187,156,150,237,127,1624,143,2916,98,5600,0.3581,44,1811,12525.0,13566.0,0,1889,1094,5600,5205,5552,1361,1811,78,136,190,145,95,68,75,153,193,104,57,74,135,52,132,156,112,83,187,163,5600,1173,451,1811,1889
06037111205,751500,2253,2818,25,105,191,0,628,64,157,66,71,705,134,2374,305,3879,0.41,0,1333,4167.0,6580.0,0,1361,1167,3879,3625,3862,610,1333,27,27,108,75,20,33,57,57,77,21,30,13,69,167,270,88,61,119,147,60,3879,472,233,1333,1361
06037111206,878700,3501,2614,0,8,24,34,116,76,166,201,73,1303,118,2317,253,4354,0.3746,21,1419,8976.0,9624.0,0,1505,826,4363,4077,4341,937,1419,114,51,154,52,21,30,154,37,180,106,21,94,101,104,142,85,178,58,97,127,4363,967,321,1419,1505
06037111302,891600,1920,2315,43,23,130,35,883,60,58,61,38,866,145,2861,514,4763,0.4498,69,1749,5626.0,8498.0,0,1832,1292,4880,4521,4819,811,1749,17,79,74,46,73,27,62,55,157,103,44,104,58,111,78,133,92,100,107,54,4880,642,201,1749,1832
06037111303,756400,2494,2928,0,29,44,16,558,62,74,93,54,878,256,2284,340,4685,0.395,52,1436,4953.0,7478.0,0,1483,1238,4712,4328,4698,927,1436,24,21,54,67,59,49,46,87,55,53,45,58,172,113,134,219,154,86,118,140,4712,606,257,1436,1483
06037111304,386400,1482,2769,95,45,71,85,1274,0,0,0,40,57,35,1945,959,3106,0.444,7,1331,197.0,3647.0,0,1440,1524,3106,2385,2992,450,1331,0,50,15,51,8,0,37,92,43,0,0,0,61,0,0,48,200,52,19,28,3106,40,17,1331,1440
06037111401,738400,2389,2434,6,33,23,16,245,119,20,11,19,429,26,1257,76,2293,0.3208,52,674,2833.0,3843.0,0,674,770,2293,1944,2284,362,674,36,45,0,48,13,24,12,119,68,12,9,9,81,89,51,30,77,21,24,136,2293,213,195,674,674
06037111402,683600,1569,-666666666,35,80,397,97,1681,23,42,41,0,494,305,3149,985,6041,0.4591,141,2175,3012.0,8260.0,0,2175,2622,6146,5537,6115,862,2175,32,43,110,75,55,77,114,92,75,102,122,235,164,127,212,35,14,329,245,26,6146,364,117,2175,2175
06037113101,844600,3501,2830,0,22,0,0,102,81,49,28,80,1049,113,1768,364,3524,0.403,51,1151,7461.0,8102.0,0,1186,640,3525,3296,3496,726,1151,23,52,44,90,83,19,96,69,115,151,43,205,113,44,138,53,48,83,32,60,3525,761,288,1151,1186
06037113102,1193500,3501,4001,0,10,0,0,64,125,76,112,5,923,44,1248,142,2773,0.4665,20,987,7213.0,7749.0,48,1035,508,2784,2458,2784,724,987,8,21,99,59,74,22,15,77,68,82,24,49,33,112,135,68,32,35,89,6,2784,714,209,987,1035
06037113211,669100,2818,2458,0,109,21,34,374,103,174,33,49,1225,115,2180,253,4213,0.4013,39,1599,7987.0,10694.0,0,1694,714,4248,3964,4235,989,1599,22,78,75,159,51,27,92,62,120,139,76,93,83,112,7,156,28,110,38,251,4248,949,255,1599,1694
06037113212,691200,2297,2152,36,37,54,5,398,13,89,68,8,572,186,1703,87,2771,0.3797,0,970,3552.0,5269.0,0,992,882,2888,2714,2871,374,970,12,22,93,64,83,18,34,70,58,35,43,61,76,76,47,97,77,69,38,39,2888,492,75,970,992
06037113213,692300,2200,2763,81,61,144,36,584,151,72,184,84,1121,93,2958,216,4955,0.3637,70,1705,6830.0,9371.0,0,1727,1657,5087,4697,5024,982,1705,72,43,51,60,34,43,102,137,125,31,68,61,105,185,93,79,96,195,208,89,5087,715,350,1705,1727
06037113231,912000,2740,2323,20,0,0,0,103,93,66,36,41,728,99,1289,135,2160,0.4392,12,831,5192.0,5750.0,0,869,182,2161,1918,2161,585,831,0,25,22,60,47,13,29,47,96,37,54,36,64,35,51,37,49,14,117,6,2161,583,115,831,869
06037113232,884400,2156,3356,10,0,39,22,243,172,159,130,124,1256,175,2610,377,4470,0.3775,26,1499,8526.0,9785.0,0,1541,920,4596,4254,4571,845,1499,105,88,110,59,71,23,107,27,132,78,66,68,43,105,13,163,147,95,59,53,4596,871,378,1499,1541
06037113234,524000,1894,1392,174,62,132,82,902,23,58,25,92,735,316,2865,887,5653,0.4882,40,1637,4091.0,7299.0,0,1716,3354,5653,4873,5613,637,1637,9,110,114,83,8,35,53,53,166,89,52,37,186,272,291,67,244,140,161,88,5653,485,232,1637,1716
06037113235,596800,2673,1703,8,31,23,27,184,9,13,32,42,463,97,1034,75,1727,0.4929,19,647,2663.0,3507.0,0,702,514,1727,1681,1727,299,647,4,38,45,41,8,0,35,35,77,19,5,6,28,47,63,45,31,37,19,12,1727,355,90,647,702
06037113237,916500,2048,4001,80,49,34,32,460,88,69,178,29,1100,66,2370,303,4725,0.4236,6,1560,7854.0,9626.0,0,1672,1343,4725,4302,4605,986,1560,44,65,105,93,51,29,61,52,214,91,61,137,115,81,156,157,259,84,0,66,4725,643,436,1560,1672
06037113238,524800,1794,2789,73,63,147,78,1066,34,30,28,8,384,98,2422,589,4547,0.4411,73,1450,1952.0,5911.0,0,1519,2619,4547,4117,4547,565,1450,83,87,32,91,24,0,14,56,13,0,18,58,118,192,108,86,14,176,337,54,4547,236,90,1450,1519
06037113239,-666666666,1737,-666666666,60,12,42,106,660,0,10,0,0,230,142,1358,330,2343,0.4093,22,890,1175.0,3644.0,0,890,1144,2343,1908,2302,239,890,30,15,30,31,23,33,28,21,25,19,79,87,0,97,27,116,41,11,47,57,2343,144,86,890,890
06037113301,1048900,2970,3449,0,155,24,131,907,34,27,94,56,731,254,2637,581,4826,0.4635,9,1638,5493.0,9167.0,158,1835,895,4830,4151,4707,857,1638,12,36,112,56,17,107,57,7,67,91,62,159,114,176,48,85,130,63,153,73,4830,504,227,1638,1835
06037113303,739400,2641,2529,35,34,14,19,194,87,49,113,119,1090,101,2007,255,3729,0.4256,61,1284,6851.0,7724.0,0,1284,1102,3774,3344,3745,686,1284,15,116,89,50,11,40,80,68,131,66,37,126,117,56,125,83,176,72,24,55,3774,702,388,1284,1284
06037113322,847900,2228,3032,19,150,32,11,356,81,144,144,59,1156,131,2384,146,4562,0.369,45,1512,7797.0,9297.0,0,1546,1091,4584,4500,4584,881,1512,85,137,80,16,57,33,38,156,101,80,49,183,54,115,116,162,95,140,118,42,4584,881,267,1512,1546
06037113323,582800,1718,2611,205,129,26,176,1026,101,7,43,0,473,127,2252,311,3619,0.4008,32,1499,2803.0,6223.0,0,1551,1525,3619,3200,3535,456,1499,69,22,55,18,0,0,28,62,95,17,9,18,71,28,75,16,121,124,113,149,3619,376,89,1499,1551
06037113324,438800,2013,2313,129,79,282,62,868,16,0,45,0,124,40,1244,170,2771,0.3582,15,992,616.0,3246.0,0,1043,1466,2771,2748,2759,510,992,14,0,0,16,4,0,14,4,0,16,83,5,170,182,214,9,165,276,0,0,2771,99,25,992,1043
06037113423,650000,1870,2760,4,19,45,27,256,79,150,47,52,610,155,1516,503,3077,0.415,29,866,3567.0,4632.0,0,866,1834,3077,2773,3043,450,866,11,43,55,12,31,10,9,11,11,16,67,19,78,175,0,79,212,199,82,50,3077,301,302,866,866
06037113424,672100,2454,2492,6,18,49,35,357,79,160,36,19,716,96,1832,273,3319,0.3525,7,1073,4687.0,6146.0,19,1335,1511,3346,2946,3312,539,1073,79,60,28,39,31,65,63,41,44,76,30,95,163,299,61,22,34,0,21,59,3346,451,229,1073,1335
06037113425,567700,2126,2148,30,131,216,166,1335,0,2,0,22,35,189,2738,371,4499,0.2861,62,1370,144.0,5151.0,0,1370,3210,4499,3767,4412,643,1370,21,85,18,13,0,3,35,2,1,17,0,0,175,135,111,151,91,143,214,128,4499,33,2,1370,1370
06037113426,686300,2050,2381,14,39,56,22,396,41,53,6,19,335,79,1130,496,2322,0.4997,0,731,2071.0,3858.0,0,731,1160,2322,2223,2315,375,731,0,13,16,21,52,19,22,72,40,45,70,54,90,53,30,23,14,22,43,79,2322,160,152,731,731
06037113427,450300,1700,2050,60,98,65,151,680,0,0,0,48,271,64,1499,337,2328,0.3976,74,951,1561.0,3858.0,0,989,1188,2360,2026,2355,263,951,0,0,44,10,0,0,0,0,41,14,4,0,23,73,159,36,139,143,77,0,2360,209,62,951,989
06037113428,650000,3501,2483,0,22,0,50,137,98,87,73,77,950,297,2676,423,4198,0.511,24,1087,6302.0,6931.0,0,1105,1660,4222,3924,4186,737,1087,63,36,30,28,33,66,30,93,41,21,21,69,123,65,243,48,127,102,23,70,4222,450,400,1087,1105
06037115101,1023300,-666666666,3161,0,22,38,36,261,141,99,127,69,1534,158,2425,517,4655,0.4885,28,1795,11683.0,13121.0,0,1963,1015,4678,4441,4678,1021,1795,81,81,151,61,60,68,95,126,171,176,0,71,0,95,83,78,46,133,271,60,4678,1206,322,1795,1963
06037115103,-666666666,-666666666,-666666666,0,0,4,0,8,0,0,0,0,0,106,1053,4,26,0.1736,0,8,,,0,22,844,2725,1419,2725,4,8,0,0,0,0,0,0,0,0,0,0,0,0,0,0,0,11,0,0,0,19,2725,0,0,8,22
06037115104,604300,1917,2094,165,40,101,143,1454,39,21,17,30,522,290,2611,1073,4301,0.5391,38,1976,3356.0,7233.0,0,2256,991,4327,3304,4327,520,1976,98,39,40,12,34,32,43,24,35,6,63,56,111,72,62,36,0,20,115,49,4327,401,121,1976,2256
06037115202,711600,1993,2504,100,111,64,43,1202,96,58,92,62,867,366,4088,1272,5988,0.4442,128,2069,5324.0,9911.0,0,2138,3011,6010,5193,6010,825,2069,112,39,115,94,25,7,60,91,44,104,15,49,90,43,37,27,57,113,120,7,6010,550,317,2069,2138
06037115203,945500,1758,3132,85,70,92,15,728,21,0,27,12,308,23,1535,389,2236,0.5193,11,1036,2639.0,5005.0,0,1189,1134,2236,1874,2218,403,1036,0,93,27,0,0,23,13,136,86,13,14,24,0,50,69,0,48,0,53,35,2236,257,51,1036,1189
06037115204,801400,1851,1935,288,60,51,80,1039,36,85,6,39,536,140,2269,355,3771,0.3798,11,1575,3149.0,6560.0,0,1780,1011,3806,3593,3719,516,1575,38,68,75,53,9,0,12,40,70,26,86,42,214,59,47,14,92,34,71,65,3806,290,228,1575,1780
06037115301,847200,2266,2601,43,166,80,29,763,72,47,104,94,814,40,2272,334,4466,0.4346,47,1577,5444.0,8164.0,0,1749,1130,4511,3812,4486,895,1577,99,34,87,66,23,88,38,73,102,108,57,65,176,154,158,67,95,64,125,62,4511,597,207,1577,1749
06037115302,689300,1742,2465,55,41,61,56,679,38,55,61,0,375,115,2146,699,3912,0.3736,56,1054,2359.0,5152.0,0,1078,2947,3912,3708,3865,534,1054,14,12,38,35,4,6,41,16,75,36,3,26,119,113,222,90,178,100,128,69,3912,208,145,1054,1078
06037115401,751200,1783,2866,63,48,137,120,1290,75,95,29,38,657,145,2988,951,5821,0.4906,37,1947,4361.0,9016.0,0,2037,2570,5847,5461,5790,1024,1947,112,50,86,33,52,35,43,98,60,135,70,41,168,136,211,184,118,123,298,154,5847,374,221,1947,2037
06037115403,717600,1577,3472,71,55,155,83,816,16,41,33,6,243,166,2038,870,3477,0.4203,18,1059,1575.0,4368.0,0,1093,2212,3477,3191,3440,545,1059,35,9,47,5,5,6,26,43,30,0,13,25,117,180,98,82,187,160,80,26,3477,129,113,1059,1093
06037115404,710500,2281,2580,7,45,72,70,504,31,28,17,35,347,155,1607,355,2813,0.4363,5,851,1977.0,4047.0,8,890,1202,2830,2449,2817,422,851,13,24,41,18,15,3,9,39,34,11,15,11,55,35,133,60,69,54,178,32,2830,170,164,851,890
06037117101,598800,1574,2605,0,70,39,17,468,154,127,95,129,997,119,2754,640,5252,0.3766,59,1465,5371.0,7126.0,0,1522,2056,5252,4682,5232,758,1465,23,31,14,44,21,20,21,97,32,43,0,11,101,185,160,203,97,242,216,161,5252,485,471,1465,1522
06037117102,600900,2523,2317,9,7,34,5,152,66,77,80,23,650,81,1403,269,2481,0.3833,36,802,3490.0,4151.0,0,861,1505,2504,2391,2504,393,802,40,25,54,55,26,10,19,20,122,48,13,19,49,22,109,58,11,53,50,52,2504,316,276,802,861
06037117201,685000,1448,1933,66,91,0,108,904,0,31,0,46,315,193,2238,1046,4098,0.4812,123,1219,1595.0,4845.0,0,1278,2830,4250,3587,4246,474,1219,14,55,19,22,0,21,0,75,37,56,42,112,69,99,191,102,153,32,133,185,4250,115,163,1219,1278
06037117202,689800,-666666666,2583,5,24,23,28,324,58,31,96,65,599,244,1374,251,2807,0.4657,79,923,3646.0,4648.0,0,951,1148,2853,2625,2843,412,923,36,17,121,46,46,36,26,62,137,42,34,62,85,62,124,42,75,41,48,44,2853,312,245,923,951
06037117301,766800,3501,2774,8,0,88,25,291,91,56,24,51,810,152,1954,152,3632,0.3485,60,1101,5085.0,6795.0,0,1130,1412,3632,3168,3616,605,1101,48,31,52,16,29,70,85,47,65,35,37,40,126,73,82,65,121,120,83,48,3632,483,327,1101,1130
06037117302,789800,1818,2496,25,9,48,51,333,158,114,68,76,1260,171,2705,305,4953,0.3679,52,1593,8098.0,9434.0,0,1705,1447,4957,4519,4922,985,1593,46,48,48,49,65,83,28,110,120,131,10,135,73,89,390,95,119,193,58,95,4957,747,484,1593,1705
06037117303,798400,1755,2430,0,12,0,28,166,118,161,97,47,1012,98,2093,524,4423,0.3805,61,1178,6491.0,7552.0,0,1205,2417,4428,4243,4353,819,1178,116,29,147,7,17,29,30,202,140,54,30,55,91,107,101,55,233,74,174,23,4428,479,524,1178,1205
06037117404,784000,3250,2654,10,8,22,27,307,94,161,81,42,1082,227,3123,445,5542,0.4216,52,1389,6820.0,8192.0,0,1396,2564,5548,4660,5493,866,1389,179,125,62,32,42,7,86,84,45,18,68,31,148,167,102,25,280,136,106,205,5548,521,527,1389,1396
06037117405,368000,1600,1813,16,61,73,78,787,0,5,0,31,68,101,1709,1133,3137,0.3822,40,855,293.0,3297.0,0,909,2886,3176,2913,3158,281,855,0,0,33,6,9,0,0,35,26,0,1,2,55,143,107,151,97,124,167,106,3176,25,43,855,909
06037117407,-666666666,1558,-666666666,60,204,42,69,1003,0,0,4,0,4,172,1684,1005,3559,0.347,105,1007,,,0,1027,3349,3566,3364,3546,420,1007,57,6,13,0,0,0,40,49,19,0,0,0,237,188,119,142,129,222,91,75,3566,4,0,1007,1027
06037117408,593300,1500,1719,43,53,98,29,616,11,9,0,6,102,62,1161,948,2404,0.4138,62,718,534.0,2263.0,0,735,1817,2404,2275,2389,278,718,0,25,21,13,6,6,42,16,17,0,9,11,79,181,88,83,77,64,90,112,2404,32,48,718,735
06037117510,419400,1937,2321,103,140,46,69,901,43,16,0,39,134,92,2124,610,3776,0.5305,77,1035,705.0,4138.0,0,1129,3048,3807,3142,3760,488,1035,10,8,30,40,12,12,20,12,19,32,32,0,220,135,163,101,139,138,50,120,3807,77,40,1035,1129
06037117520,498200,1732,1864,50,103,63,86,970,15,3,0,5,101,169,2182,1714,4570,0.5064,73,1071,576.0,4178.0,0,1107,3819,4571,4279,4495,382,1071,0,5,61,12,0,7,25,0,68,0,0,18,304,241,207,44,158,130,228,126,4571,33,60,1071,1107
06037117530,477400,1542,2179,120,141,107,73,1393,22,60,49,16,318,244,3164,1672,5963,0.4775,116,1711,1960.0,6712.0,0,1748,4424,5963,5471,5875,804,1711,38,16,69,47,27,43,57,89,39,81,0,57,120,160,183,229,268,263,199,137,5963,227,72,1711,1748
06037119001,606700,2665,2103,33,0,41,21,175,27,71,118,69,845,131,2720,403,4462,0.3377,52,1020,4794.0,5686.0,0,1033,3113,4462,4125,4411,646,1020,41,46,60,60,89,0,37,39,148,62,11,37,156,142,57,102,87,78,140,26,4462,203,488,1020,1033
06037119003,599700,1758,2406,39,0,44,13,212,57,82,50,97,632,97,2049,280,3830,0.3504,29,844,3281.0,4096.0,0,873,3473,3895,3752,3895,539,844,67,15,66,69,49,0,35,13,63,55,37,0,78,77,25,117,44,202,177,83,3895,151,222,844,873
06037119004,640500,1651,3065,0,5,9,7,222,53,36,19,0,493,155,1373,157,2768,0.4256,0,715,3193.0,4093.0,0,795,2257,2768,2676,2768,351,715,19,30,26,9,6,28,47,34,24,36,10,92,45,86,88,13,186,134,94,36,2768,163,311,715,795
06037119201,609600,2646,2116,42,6,0,0,162,41,54,142,54,712,267,2260,664,4387,0.3944,25,874,3738.0,4597.0,0,903,3819,4412,4242,4391,531,874,59,30,41,33,38,43,29,71,44,53,63,53,69,85,232,45,165,68,122,102,4412,207,231,874,903
06037119202,577500,2038,2379,13,31,64,29,340,41,50,66,28,794,103,2348,962,4766,0.3311,3,1134,4296.0,5507.0,0,1150,4149,4766,4658,4716,580,1134,85,0,63,102,28,15,39,30,87,93,91,34,116,90,159,186,155,185,126,35,4766,329,246,1134,1150
06037119310,402000,1407,2180,20,9,34,80,448,101,71,36,36,784,152,2360,453,3779,0.4436,41,1232,3665.0,5292.0,0,1265,2360,3931,3481,3931,464,1232,33,21,86,65,27,14,64,85,117,94,34,55,62,131,127,63,69,121,98,15,3931,277,438,1232,1265
06037119320,525100,2020,2377,118,79,93,60,842,18,10,87,0,441,295,2663,336,4475,0.4035,46,1283,2506.0,5495.0,0,1283,3197,4475,4112,4475,649,1283,0,79,31,26,0,0,49,45,25,15,78,27,116,197,96,72,105,164,222,115,4475,164,238,1283,1283
06037119340,-666666666,1601,-666666666,64,140,73,52,1009,0,0,0,0,3,182,1964,1272,3891,0.3781,67,1012,,,0,1077,3625,3905,3609,3875,410,1012,0,0,13,0,0,0,0,10,0,0,1,0,113,121,254,34,182,312,114,89,3905,3,0,1012,1077
06037119341,460700,1829,1960,33,49,39,66,531,20,39,27,21,326,81,1552,428,2750,0.44,21,857,1716.0,3893.0,7,865,1825,2750,2630,2748,408,857,33,34,35,18,53,44,121,16,85,66,23,9,17,132,45,41,64,45,55,39,2750,129,187,857,865
06037119342,407400,1792,2363,27,62,6,33,408,85,13,44,44,378,94,1635,398,2841,0.388,59,786,2019.0,3858.0,0,823,2209,2850,2774,2846,314,786,0,8,67,6,0,0,17,17,53,31,18,9,87,93,101,111,36,135,90,56,2850,141,225,786,823
06037119400,623200,2522,2363,40,31,48,0,231,33,178,126,94,908,99,2496,529,5061,0.3861,46,1139,5134.0,6264.0,0,1149,4037,5061,4826,4981,759,1139,45,70,56,9,28,11,18,50,17,130,144,5,75,225,185,178,178,169,93,79,5061,289,398,1139,1149
06037119700,652000,1093,1577,13,0,126,22,236,76,6,126,10,1011,75,2409,181,4127,0.4403,18,1247,6294.0,7552.0,0,1352,1969,4269,4130,4226,642,1247,22,69,77,23,10,20,41,95,49,117,20,77,249,90,128,132,0,106,48,32,4269,658,236,1247,1352
06037119801,634500,3206,1913,8,0,33,0,114,14,61,88,11,517,97,1330,146,2551,0.3607,33,631,3007.0,3595.0,0,631,1949,2556,2411,2532,328,631,18,57,30,5,18,34,28,95,17,21,42,38,86,56,49,104,100,55,93,2,2556,272,133,631,631
06037119802,610100,2138,2140,19,30,47,21,224,30,25,67,16,567,60,1512,402,3170,0.3406,6,791,3227.0,4316.0,9,837,2527,3238,3072,3178,556,791,21,33,27,75,21,0,0,67,43,97,6,0,49,68,114,83,57,60,73,101,3238,235,261,791,837
06037119900,598800,2109,1969,22,22,14,21,193,67,150,57,67,1040,99,2284,135,4502,0.3674,16,1233,5782.0,6496.0,0,1292,3346,4521,4301,4486,734,1233,33,22,119,0,16,58,48,27,180,113,27,35,87,86,196,183,87,93,142,48,4521,467,401,1233,1292
06037120010,601400,1565,2099,88,29,64,31,392,52,39,47,0,371,126,1504,216,2675,0.3747,45,763,1879.0,3399.0,0,763,2066,2700,2465,2674,443,763,83,13,15,0,6,0,51,47,54,0,0,9,98,82,79,39,108,89,97,53,2700,170,136,763,763
06037120020,624200,1443,2295,53,30,135,24,1048,10,3,26,15,211,295,2591,834,4273,0.4611,77,1259,1175.0,4754.0,0,1270,3096,4359,4091,4359,562,1259,137,89,47,0,11,0,97,30,7,52,0,0,88,213,95,115,175,34,166,100,4359,46,132,1259,1270
06037120030,-666666666,1326,-666666666,52,65,83,37,660,0,4,0,0,49,183,1320,900,2614,0.3672,90,709,306.0,2596.0,0,731,2291,2614,2533,2604,378,709,4,0,53,9,5,22,2,19,40,33,23,0,52,90,142,84,88,135,128,39,2614,39,10,709,731
06037120103,542900,1488,1392,22,64,17,70,780,0,27,0,0,58,193,1416,1551,3030,0.4359,39,838,275.0,2991.0,0,850,2818,3030,2795,2956,271,838,0,19,11,9,2,0,35,0,15,32,0,0,109,88,271,143,199,209,95,83,3030,42,4,838,850
06037120104,579500,1759,1663,33,83,93,40,728,0,10,16,0,75,114,1177,592,2375,0.4736,61,803,415.0,2958.0,0,825,1450,2375,2218,2341,233,803,10,31,23,10,5,7,53,68,30,5,0,59,82,120,114,55,58,38,76,27,2375,29,40,803,825
06037120105,530700,1235,2435,48,15,30,103,597,51,54,15,2,256,97,1407,621,2691,0.4908,71,853,1370.0,3403.0,0,883,2114,2691,2385,2668,343,853,31,23,25,32,6,37,49,11,134,37,5,46,56,29,83,110,82,90,95,49,2691,76,180,853,883
06037120106,-666666666,1429,-666666666,82,28,89,88,1052,28,14,0,15,260,293,2287,1159,4335,0.4921,19,1312,991.0,4414.0,0,1357,3311,4443,4260,4426,509,1312,28,216,45,34,22,11,28,7,54,6,0,41,246,189,312,106,88,67,170,90,4443,174,58,1312,1357
06037120107,479200,1522,1553,50,149,91,140,1084,8,5,0,0,40,180,1857,1277,4044,0.3684,120,1124,282.0,3652.0,0,1124,3414,4044,3569,3895,457,1124,41,35,36,6,0,29,31,41,58,4,0,9,250,153,315,56,146,158,150,181,4044,35,4,1124,1124
06037120108,400300,1548,1946,61,129,46,8,887,123,48,21,21,537,202,2594,960,4479,0.4822,34,1424,2920.0,6323.0,0,1475,3484,4511,4300,4511,624,1424,94,18,8,75,10,0,78,44,34,31,2,71,67,187,153,76,149,214,140,63,4511,294,226,1424,1475
06037120300,643300,1436,2254,11,36,40,71,489,112,95,55,12,999,269,2660,879,5259,0.4335,121,1488,5258.0,7235.0,0,1523,2504,5299,4888,5205,798,1488,10,93,87,40,0,26,20,90,84,48,74,78,219,115,143,167,128,229,194,35,5299,442,339,1488,1523
06037120400,619300,1524,2273,83,241,209,34,1308,0,110,47,59,778,332,3066,645,6000,0.422,82,2086,4322.0,8721.0,0,2086,3423,6170,5661,6145,928,2086,102,73,62,59,98,35,65,148,137,99,66,130,153,235,200,73,100,243,204,22,6170,413,360,2086,2086
06037121010,701800,1466,2725,13,33,84,49,371,113,103,47,48,835,160,2915,358,5232,0.4602,210,1206,4941.0,6169.0,0,1260,3272,5277,5192,5271,706,1206,52,85,75,101,52,0,41,91,115,41,60,30,131,123,109,52,104,22,292,100,5277,316,326,1206,1260
06037121020,685900,1806,2152,58,26,27,49,468,20,107,31,93,607,185,2057,553,3627,0.4081,56,1075,3686.0,5608.0,0,1145,2280,3661,3391,3627,491,1075,30,14,79,40,26,9,48,8,78,53,11,9,137,77,105,51,77,87,150,98,3661,332,258,1075,1145
06037121101,562500,1590,2321,62,77,80,23,590,63,13,8,68,399,87,1726,357,3191,0.4281,74,989,2190.0,3971.0,0,1032,2302,3191,2924,3191,478,989,14,47,75,23,8,10,9,49,10,22,9,20,64,63,38,41,65,78,151,33,3191,104,245,989,1032
06037121102,663600,2058,2390,12,0,39,13,304,29,48,31,17,468,45,1112,150,2260,0.4568,9,772,2581.0,3817.0,4,837,1080,2271,2141,2253,371,772,12,33,26,31,32,32,6,87,51,22,62,10,49,44,56,44,35,105,73,71,2271,304,135,772,837
06037121210,621800,1141,2114,34,18,24,73,263,57,58,27,43,501,105,1200,262,2773,0.4194,22,764,2896.0,3685.0,19,851,2133,2922,2628,2847,393,764,36,53,46,42,30,40,76,63,56,107,7,31,73,23,114,41,54,81,161,21,2922,285,101,764,851
06037121221,593300,1414,2112,20,29,7,0,91,31,46,32,24,426,65,1226,226,2225,0.4296,15,517,2521.0,2754.0,0,531,1656,2237,2149,2222,282,517,9,67,51,17,0,20,29,39,65,17,0,17,28,105,73,43,61,59,6,27,2237,170,209,517,531
06037121222,656300,1649,2077,53,133,68,142,695,54,45,108,31,548,176,2673,769,4822,0.4432,67,1243,3155.0,5490.0,0,1288,4001,4872,4693,4791,562,1243,27,29,88,0,26,21,0,29,36,10,21,27,74,149,144,101,144,197,88,93,4872,192,241,1243,1288
06037121600,684100,2092,2198,0,0,31,7,104,51,76,113,17,675,109,1361,351,2624,0.4037,9,779,3988.0,4526.0,0,863,472,2635,2470,2610,353,779,17,37,74,19,25,15,93,46,58,15,50,5,96,173,14,41,19,85,63,48,2635,352,301,779,863
06037121801,569600,1728,1904,39,75,28,23,816,30,20,27,17,341,201,2043,508,3864,0.4118,65,1157,1896.0,4680.0,0,1280,3051,3916,3544,3826,564,1157,11,66,53,0,53,0,0,36,51,68,0,0,134,104,201,104,34,109,199,68,3916,105,187,1157,1280
06037121802,651400,1188,2562,5,19,60,34,244,30,26,39,18,451,131,1377,635,2986,0.4317,41,695,2415.0,3407.0,0,783,2149,3026,2735,3021,364,695,16,13,48,16,6,15,45,61,43,13,12,16,77,62,44,46,157,91,93,43,3026,137,238,695,783
06037121900,668200,1715,1116,11,78,98,27,569,0,33,11,33,467,243,1846,491,3285,0.4417,75,1036,2563.0,4844.0,38,1250,2595,3314,2752,3314,386,1036,0,30,30,20,15,8,35,33,72,36,47,3,48,88,102,71,36,130,76,97,3314,225,215,1036,1250
06037122000,706400,2007,2742,0,13,41,31,445,158,80,39,74,1132,245,2875,402,5034,0.5273,68,1577,6922.0,8613.0,0,1608,2146,5034,4898,5034,723,1577,84,45,156,8,40,21,31,146,168,39,99,46,112,101,21,86,55,248,85,111,5034,691,361,1577,1608
06037122120,681400,1768,1691,45,52,47,0,529,42,35,35,56,656,173,2358,605,4659,0.4156,71,1185,3680.0,6182.0,0,1205,3693,4692,4474,4635,715,1185,63,104,24,31,0,12,96,79,119,43,1,70,49,188,125,81,66,209,208,144,4692,303,295,1185,1205
06037122121,619100,1499,1990,9,76,24,79,493,29,21,9,3,295,61,1349,625,2843,0.416,43,788,1709.0,3301.0,0,804,2349,2853,2620,2825,467,788,9,15,55,12,0,0,8,32,17,7,6,32,24,103,94,110,110,168,152,52,2853,114,126,788,804
06037122122,500000,1700,2106,51,0,31,65,547,0,0,0,0,108,27,1103,728,2507,0.4193,61,655,535.0,2644.0,13,697,2190,2507,2398,2477,212,655,25,49,23,28,16,0,13,19,54,0,22,19,57,211,153,68,152,47,79,77,2507,38,59,655,697
06037122200,670000,2124,2052,33,21,38,43,447,60,33,14,51,429,62,1949,353,3883,0.3917,83,876,2292.0,4310.0,20,952,3034,3884,3754,3832,595,876,24,49,49,14,30,27,45,31,22,78,42,9,104,73,149,117,199,87,110,35,3884,115,238,876,952
06037122410,500000,1533,2381,111,129,112,133,1014,0,0,12,21,192,131,2206,677,3821,0.4998,32,1206,1026.0,4396.0,13,1235,3229,3949,3596,3929,483,1206,25,61,42,16,13,5,7,26,40,34,13,43,165,80,168,113,96,146,76,76,3949,123,28,1206,1235
06037122420,684500,1489,2111,61,115,28,127,823,18,79,85,0,490,95,2637,937,5064,0.4594,174,1313,2742.0,5283.0,0,1370,4229,5113,4845,5093,536,1313,22,74,70,0,0,28,19,0,113,38,79,25,69,139,155,142,130,118,252,160,5113,155,213,1313,1370
06037123010,592400,1580,2535,19,14,0,104,672,44,23,10,5,325,99,1772,873,3908,0.4517,91,997,1979.0,4472.0,0,1037,3329,3948,3479,3922,388,997,6,42,25,51,12,41,31,33,113,26,46,11,93,202,155,109,71,120,182,102,3948,95,216,997,1037
06037123020,584000,1677,1561,0,106,7,6,293,15,43,21,12,391,84,1613,167,2619,0.4235,0,684,2079.0,3305.0,0,751,2007,2634,2450,2622,365,684,33,17,38,25,24,23,18,28,12,27,30,24,24,73,79,36,41,28,65,24,2634,156,183,684,751
06037123103,627300,1730,2442,82,191,78,100,997,61,43,21,55,599,228,2613,574,3899,0.3825,111,1596,2992.0,6242.0,0,1684,1821,3917,3587,3881,415,1596,27,31,57,0,0,0,29,15,93,36,45,57,98,31,194,49,32,125,45,101,3917,354,212,1596,1684
06037123104,770900,1545,2564,65,92,65,58,1104,67,39,38,18,508,105,2464,825,4325,0.4248,114,1612,2843.0,6098.0,0,1787,2333,4393,3970,4386,665,1612,109,13,45,80,9,4,48,21,65,59,48,23,85,110,201,43,85,98,221,32,4393,228,213,1612,1787
06037123203,595300,1578,2688,21,48,60,146,836,14,30,0,8,161,55,1439,716,2982,0.4351,7,997,559.0,3171.0,12,1022,2133,2982,2762,2971,412,997,37,35,7,0,8,0,0,23,97,9,12,31,92,208,100,32,88,96,45,28,2982,29,14,997,1022
06037123204,788700,1654,2650,42,119,148,132,861,0,8,16,5,180,452,2159,843,3378,0.3828,54,1041,939.0,3772.0,0,1123,2478,3399,3117,3393,319,1041,13,11,17,48,5,0,0,17,62,38,0,0,21,40,49,14,65,123,152,42,3399,115,35,1041,1123
06037123205,831500,1833,1318,38,55,26,26,591,0,12,12,14,183,177,1508,1007,2935,0.4963,101,774,1023.0,3192.0,0,807,2172,2959,2678,2896,311,774,0,14,25,29,3,4,4,37,41,54,4,3,66,63,96,115,165,96,31,53,2959,115,46,774,807
06037123206,613600,1344,2115,21,70,46,42,621,22,14,0,20,170,214,1288,640,2371,0.4261,81,791,775.0,2631.0,0,871,1975,2371,2214,2371,325,791,25,34,58,4,38,0,35,17,36,18,0,40,54,103,68,77,38,71,39,42,2371,85,61,791,871
06037123301,622900,1918,1947,65,108,70,127,915,55,40,147,28,736,107,2512,384,4036,0.4159,89,1651,4128.0,7159.0,0,1742,1480,4068,3474,4024,657,1651,26,40,26,73,63,0,71,103,163,30,58,55,71,75,68,10,132,36,104,23,4068,511,184,1651,1742
06037123303,704700,1781,2218,46,101,74,52,541,41,16,64,28,338,158,1676,549,3029,0.4266,41,879,1979.0,4052.0,0,918,1683,3029,2799,3019,441,879,48,22,46,27,6,0,48,9,74,42,46,0,109,63,81,54,34,71,84,65,3029,144,185,879,918
06037123304,815700,1518,2612,77,102,90,97,1366,79,0,31,6,401,167,2069,1094,4499,0.5099,101,1767,2192.0,6842.0,0,1833,2066,4499,4131,4460,650,1767,92,17,58,128,62,15,88,135,229,79,166,193,183,80,164,78,39,73,139,69,4499,277,98,1767,1833
06037123410,783300,1605,2273,48,30,49,38,890,30,26,7,0,326,193,1963,795,3412,0.5527,44,1216,1811.0,4843.0,0,1276,1455,3503,3172,3495,512,1216,21,33,38,10,0,10,41,73,44,0,17,45,41,239,113,22,78,31,198,74,3503,202,108,1216,1276
06037123420,708300,1543,2736,54,60,139,18,1096,11,68,77,22,462,238,2701,1091,4401,0.468,93,1558,2466.0,6816.0,0,1636,2547,4401,3969,4384,651,1558,24,83,8,37,0,18,52,64,137,20,12,0,168,196,122,57,48,150,149,31,4401,315,128,1558,1636
06037123510,881800,1530,2617,88,129,104,76,1233,72,38,0,0,369,196,2523,1168,4782,0.5248,109,1602,2400.0,6288.0,0,1692,2489,4911,4638,4864,670,1602,60,44,60,0,15,20,24,76,129,26,90,106,197,93,210,163,52,162,158,128,4911,225,119,1602,1692
06037123520,841500,1672,2213,24,73,28,22,466,19,17,7,3,297,229,1392,637,2619,0.4991,39,763,1810.0,3515.0,0,822,1371,2619,2477,2588,388,763,31,116,24,0,19,0,36,47,45,8,30,8,16,46,75,96,91,130,49,8,2619,175,61,763,822
06037123601,792700,1737,2355,110,170,93,85,1166,45,115,128,35,749,211,2869,786,5024,0.4578,120,1915,3966.0,7867.0,0,1989,1963,5145,4665,5108,854,1915,13,63,109,33,47,58,75,67,61,87,53,128,273,142,159,159,76,51,172,54,5145,446,289,1915,1989
06037123602,924300,1655,2531,53,49,51,77,703,9,46,26,61,492,104,1488,852,3164,0.5401,89,1195,2930.0,5574.0,0,1294,1014,3190,2771,3157,479,1195,78,19,111,17,8,8,7,216,107,32,47,91,72,47,148,70,70,109,106,13,3190,369,106,1195,1294
06037123700,789300,1803,2454,121,188,45,38,878,120,148,56,24,820,148,2634,676,4214,0.4376,28,1698,4737.0,7353.0,0,1813,1492,4214,3804,4207,717,1698,16,19,55,69,25,18,60,35,32,124,28,28,65,120,103,58,111,34,45,56,4214,475,304,1698,1813
06037123800,963100,1861,3028,48,82,113,82,1269,0,68,21,70,986,211,3125,600,5692,0.5166,137,2255,5825.0,9938.0,0,2390,1392,5696,4861,5623,1125,2255,143,58,48,27,60,41,52,140,38,118,63,40,72,16,190,25,144,35,271,111,5696,710,254,2255,2390
06037123901,898500,1832,1879,73,75,97,50,876,65,41,36,18,518,121,2077,1079,3982,0.5371,14,1394,2957.0,6154.0,0,1558,2091,3986,3746,3974,627,1394,50,48,94,0,7,27,75,58,7,67,103,27,139,123,263,54,63,89,121,29,3986,353,165,1394,1558
06037123902,946800,1942,2828,70,155,51,64,657,22,41,94,51,455,223,1554,636,2668,0.4669,41,1112,2562.0,4890.0,0,1147,904,2668,2321,2602,512,1112,25,11,33,23,0,0,0,0,15,32,36,8,60,204,156,26,66,62,32,6,2668,317,138,1112,1147
06037124000,1338200,1964,2979,70,92,159,30,1163,59,59,55,101,1011,137,2454,631,4432,0.5488,45,2174,6618.0,10915.0,41,2243,432,4432,3766,4384,707,2174,63,301,15,27,54,123,25,56,54,80,100,107,38,96,106,47,82,100,137,62,4432,881,130,2174,2243
06037124102,930700,1783,3115,23,122,138,86,1055,58,63,89,14,402,188,2227,891,3635,0.4924,81,1457,2412.0,6060.0,0,1572,1324,3650,3194,3630,487,1457,128,20,27,28,10,20,0,28,44,40,7,18,50,209,107,28,85,65,61,111,3650,240,162,1457,1572
06037124103,781900,1473,2505,29,3,72,48,374,10,12,2,21,193,77,1018,245,1811,0.4171,6,567,1104.0,2321.0,0,595,1153,1811,1692,1789,335,567,14,18,17,4,11,17,10,25,15,19,16,10,52,11,99,10,52,40,85,67,1811,75,106,567,595
06037124104,833300,1668,2267,78,72,77,65,905,7,27,0,0,148,142,1584,582,2732,0.4817,54,1053,841.0,3437.0,0,1120,1612,2764,2515,2736,255,1053,0,21,33,0,5,47,52,45,39,19,28,68,60,135,97,62,50,23,77,25,2764,68,80,1053,1120
06037124105,705500,1651,2875,85,61,110,97,699,9,19,17,32,141,55,1350,195,2250,0.3909,74,840,728.0,2816.0,0,890,1374,2250,2027,2204,354,840,2,13,0,45,20,0,15,47,35,46,0,0,87,108,23,13,93,56,54,9,2250,88,49,840,890
06037124201,713200,1826,2474,40,9,176,93,557,129,37,59,20,504,155,2225,388,3837,0.3955,5,1061,2865.0,4678.0,0,1170,2689,3837,3597,3830,397,1061,5,56,13,26,38,4,8,36,34,17,7,27,121,100,157,58,88,43,167,0,3837,224,233,1061,1170
06037124203,825000,1736,2364,64,53,18,58,556,13,42,20,6,216,87,1096,218,2003,0.4327,41,772,1160.0,3067.0,0,823,1161,2003,1728,1970,321,772,19,26,30,16,0,27,7,11,64,26,24,5,56,47,42,32,13,54,28,67,2003,139,76,772,823
06037124204,406500,1450,-666666666,97,120,89,25,834,0,4,11,0,100,105,1185,623,2275,0.4362,121,934,454.0,3080.0,0,992,1315,2302,1963,2249,173,934,0,0,8,6,0,0,38,0,57,48,30,0,145,72,78,0,28,63,67,51,2302,74,26,934,992
06037124300,849200,1573,2945,76,99,101,34,799,100,46,44,12,397,83,1597,212,2913,0.411,31,1196,2012.0,4582.0,26,1407,1415,2964,2791,2935,453,1196,9,52,70,22,10,26,10,73,50,24,48,56,50,16,56,84,64,75,34,0,2964,241,115,1196,1407
06037124400,1079600,2108,2697,172,116,129,117,1162,45,30,24,38,498,141,2828,399,4507,0.4518,115,1660,3369.0,8207.0,0,1700,1543,4582,3983,4498,865,1660,20,73,23,34,59,19,60,54,69,39,27,51,137,91,92,72,222,152,73,44,4582,391,102,1660,1700
06037124500,925600,1990,2788,18,28,59,37,548,19,26,22,21,668,98,1689,413,2695,0.5375,30,1216,4415.0,6582.0,0,1284,483,2695,2392,2695,490,1216,73,106,14,10,0,12,65,117,59,13,15,72,14,85,36,7,50,61,53,27,2695,606,62,1216,1284
06037124600,1214900,2445,3424,8,40,96,105,744,46,60,21,0,508,108,1564,187,2607,0.4403,40,1252,3130.0,6194.0,54,1439,320,2608,2152,2584,566,1252,45,27,86,40,21,0,42,140,74,35,7,17,14,81,14,54,56,13,125,28,2608,414,94,1252,1439
06037124700,1227100,1925,2426,270,143,123,70,1509,48,42,80,41,943,385,3238,443,5279,0.4644,84,2452,6000.0,11415.0,0,2591,760,5409,4600,5369,911,2452,39,65,138,67,31,15,61,70,210,90,69,57,168,33,39,69,105,72,136,97,5409,710,217,2452,2591
06037124902,854800,1826,3100,25,117,238,127,1351,12,16,34,34,186,174,1959,437,3290,0.4634,88,1537,1017.0,4773.0,0,1634,769,3301,2945,3301,479,1537,0,72,29,78,36,11,15,40,45,8,114,19,45,62,100,47,135,96,83,28,3301,93,93,1537,1634
06037124903,633200,1931,2620,213,107,69,72,1258,46,7,11,15,343,229,2238,827,3538,0.436,69,1601,1614.0,6341.0,0,1646,925,3744,3168,3672,485,1601,6,46,109,32,14,13,32,37,64,32,22,66,131,62,61,38,49,172,142,63,3744,282,55,1601,1646
06037125101,611500,1839,2554,176,221,276,108,1789,0,31,103,13,324,253,2821,482,3978,0.3405,29,2113,1667.0,7779.0,0,2219,1189,3978,3318,3953,363,2113,65,33,18,0,16,0,18,0,93,36,33,20,25,92,57,0,0,58,124,40,3978,263,61,2113,2219
06037125102,1594400,2328,4001,56,28,0,97,421,15,90,37,25,413,86,1289,170,1948,0.4014,7,834,3002.0,4737.0,9,868,175,1948,1523,1901,480,834,71,76,9,30,16,0,25,113,17,16,0,11,133,72,17,34,86,33,43,0,1948,355,58,834,868
06037125200,1099000,2234,2806,72,156,170,173,1348,34,45,41,44,526,331,2516,417,3889,0.46,50,1874,3259.0,8161.0,16,2114,819,3889,3203,3885,485,1874,13,11,35,29,4,22,16,61,53,25,11,44,0,181,161,24,159,119,64,88,3889,403,123,1874,2114
06037125310,967400,2063,3050,70,348,35,89,1583,14,14,39,10,379,187,2206,659,3555,0.5304,36,1962,1858.0,6125.0,9,2390,1170,3598,3334,3571,462,1962,51,34,69,21,19,8,19,0,60,20,48,24,122,86,8,0,79,60,46,65,3598,246,105,1962,2390
06037125321,577800,2030,2306,75,70,113,278,1318,15,42,0,0,91,100,1741,504,2761,0.4185,49,1409,310.0,3997.0,0,1510,989,2761,2323,2761,212,1409,0,49,68,56,0,0,0,18,39,28,0,9,0,35,68,143,0,13,89,12,2761,82,9,1409,1510
06037125322,-666666666,2073,-666666666,55,51,236,144,1417,0,0,0,0,0,129,1390,613,1981,0.5176,146,1417,-666666666.0,3640.0,24,1729,793,1981,1427,1981,155,1417,64,0,0,0,0,30,22,31,54,159,131,0,0,0,0,0,0,0,0,0,1981,0,0,1417,1729
06037125402,898900,2026,3577,48,171,300,191,1623,54,15,102,15,445,343,3112,379,4403,0.411,58,2068,2595.0,7838.0,0,2162,846,4403,3652,4358,577,2068,14,37,97,0,26,0,0,0,36,54,45,37,105,41,83,44,38,0,17,57,4403,280,149,2068,2162
06037125403,507800,2141,3016,45,132,162,209,1363,0,0,0,9,49,201,2030,328,2571,0.3807,100,1412,202.0,4211.0,20,1495,921,2571,1963,2552,259,1412,0,0,0,21,0,68,0,0,21,12,56,12,19,27,13,14,16,0,15,21,2571,37,12,1412,1495
06037125404,-666666666,2366,-666666666,203,181,136,275,1619,0,0,0,0,0,335,2339,462,2886,0.3675,117,1619,-666666666.0,4658.0,0,1871,484,2886,2252,2886,217,1619,0,0,0,16,0,0,7,0,40,17,0,1,0,0,0,20,99,0,71,0,2886,0,0,1619,1871
06037125501,724000,1762,-666666666,83,291,115,107,1389,16,11,7,0,152,195,2025,527,2871,0.5253,123,1541,891.0,5236.0,0,1612,590,2871,2376,2794,267,1541,21,0,35,26,24,86,13,16,7,24,42,0,98,47,39,0,71,36,5,29,2871,110,42,1541,1612
06037125502,691500,1911,3250,118,113,190,284,1520,21,58,9,47,422,343,2641,660,3624,0.6258,95,1942,2216.0,7203.0,34,2084,903,3624,3054,3587,432,1942,29,175,36,16,0,21,12,68,138,20,89,19,75,11,80,16,58,42,26,40,3624,379,43,1942,2084
06037125600,1542600,2055,3902,85,124,38,69,704,46,64,30,36,569,84,1641,239,2941,0.5583,177,1273,4293.0,6764.0,0,1343,607,2941,2694,2886,457,1273,14,28,54,44,48,39,15,24,92,99,52,20,91,75,41,43,133,37,57,72,2941,486,83,1273,1343
06037127102,528000,1729,1765,23,41,15,143,929,39,183,65,7,614,271,2850,1264,4951,0.4688,173,1543,3225.0,6500.0,0,1632,3124,4956,4509,4848,591,1543,26,3,44,37,0,14,27,91,22,31,6,50,102,146,157,3,255,199,130,189,4956,293,289,1543,1632
06037127103,357300,1650,1172,169,151,113,56,1073,0,0,13,0,215,81,2203,297,3360,0.3323,80,1288,1079.0,5206.0,46,1374,1789,3360,2970,3293,446,1288,12,26,42,0,0,11,47,56,18,16,16,34,84,86,151,47,146,14,46,94,3360,139,66,1288,1374
06037127104,646500,1698,1880,116,8,33,29,933,16,62,22,8,464,195,2402,855,4303,0.3719,119,1397,2644.0,5749.0,0,1436,2834,4385,4095,4353,810,1397,35,42,80,23,0,10,82,11,64,38,0,13,156,128,205,49,163,33,265,101,4385,330,134,1397,1436
06037127210,598400,1603,2089,168,121,188,58,1331,25,63,9,4,552,324,3425,616,5617,0.465,56,1883,3129.0,7468.0,0,2017,3249,5630,4824,5589,666,1883,106,55,79,37,11,0,0,9,147,11,56,126,171,217,111,72,113,144,154,49,5630,278,235,1883,2017
06037127220,601400,1641,2332,134,78,124,109,1238,24,42,0,26,459,373,2822,1058,5219,0.5382,59,1697,2224.0,5907.0,0,1792,3675,5219,4438,5200,758,1697,19,29,112,86,28,24,44,35,255,60,9,28,255,84,340,103,59,202,115,77,5219,189,197,1697,1792
06037127300,678100,1832,2389,43,105,53,63,896,77,58,4,26,485,176,2294,322,3819,0.4752,38,1381,3042.0,5699.0,0,1430,2244,3942,3441,3921,499,1381,43,69,96,47,25,25,7,83,101,22,32,35,142,109,118,39,52,27,124,150,3942,230,228,1381,1430
06037127400,593200,1586,2326,128,136,216,116,1356,22,60,69,35,558,248,3272,883,5854,0.4174,78,1914,3050.0,7524.0,0,2030,4476,5855,5484,5785,1017,1914,0,39,98,33,0,0,11,129,72,25,0,14,231,160,203,53,193,163,168,46,5855,279,253,1914,2030
06037127520,-666666666,1556,-666666666,87,212,199,108,1467,0,0,0,16,30,197,2504,1304,4722,0.3615,109,1497,,,0,1497,3879,4722,4132,4693,421,1497,40,8,38,47,0,0,77,29,50,55,40,0,162,201,256,142,108,277,225,84,4722,16,14,1497,1497
06037127603,680600,1733,2667,120,116,24,76,823,23,1,5,0,102,120,1576,627,2788,0.3948,67,925,605.0,3230.0,0,937,2271,2791,2405,2667,334,925,0,25,44,10,0,0,2,32,28,7,0,15,160,55,28,150,83,63,107,51,2791,65,26,925,937
06037127604,621300,1640,2404,163,114,92,178,1276,25,6,34,0,167,51,1641,795,3131,0.4875,34,1443,1046.0,4616.0,8,1541,1608,3141,2693,3130,436,1443,8,0,56,58,30,49,17,32,174,29,28,16,72,180,84,38,56,60,55,36,3141,106,49,1443,1541
06037127605,660800,1728,-666666666,44,151,155,59,947,0,6,0,0,224,129,1884,874,3734,0.4402,50,1171,806.0,4213.0,0,1232,2705,3734,3282,3699,342,1171,0,60,33,11,0,0,0,0,33,18,49,0,112,129,343,45,79,120,242,54,3734,75,37,1171,1232
06037127606,655400,1737,1814,102,129,41,32,775,28,34,11,20,308,50,1665,777,3110,0.4504,14,1083,1861.0,4207.0,0,1170,1880,3110,2842,3063,400,1083,9,23,5,0,0,14,31,85,70,29,7,63,51,68,86,0,129,98,48,145,3110,205,98,1083,1170
06037127711,832300,1698,2154,96,124,76,26,688,59,42,54,0,447,149,1846,552,3207,0.4946,78,1135,2941.0,5441.0,0,1176,1645,3207,2802,3202,438,1135,40,51,29,21,19,40,0,62,111,23,42,42,107,104,122,51,35,40,63,53,3207,375,67,1135,1176
06037127712,832400,1599,1194,87,96,183,228,1312,12,6,9,0,212,122,2186,936,3846,0.4458,40,1524,1344.0,5263.0,0,1641,2284,3859,3482,3841,547,1524,16,69,41,41,0,15,40,15,64,50,4,0,60,167,167,78,111,166,77,28,3859,135,77,1524,1641
06037127803,688800,1788,1817,157,91,69,121,1262,114,24,59,38,360,155,2427,1086,4984,0.4342,173,1622,2257.0,6543.0,0,1874,2778,5068,3949,4955,699,1622,69,34,79,47,23,84,64,29,108,59,109,157,186,309,159,56,74,258,102,74,5068,166,187,1622,1874
06037127804,498500,1769,2288,197,47,111,153,1247,86,42,7,51,385,296,2835,505,4723,0.4263,102,1632,2344.0,6166.0,0,1698,2728,4728,4237,4699,552,1632,41,32,62,0,62,0,56,32,28,68,48,48,202,127,195,64,104,85,143,129,4728,238,93,1632,1698
06037127805,931800,1470,2469,93,46,127,126,992,5,10,15,0,214,132,1738,665,3239,0.4405,78,1206,1485.0,4603.0,0,1225,2082,3518,3360,3505,478,1206,34,7,160,17,69,70,9,76,17,24,77,50,131,107,117,70,33,141,70,53,3518,121,93,1206,1225
06037127806,689200,1752,2228,128,22,151,91,995,16,32,37,22,266,85,2080,532,3576,0.4156,56,1261,1672.0,5052.0,25,1347,2354,3576,3026,3533,530,1261,24,11,24,49,0,0,17,35,13,45,0,0,71,61,91,49,176,133,72,72,3576,168,98,1261,1347
06037127910,698500,1511,3165,73,23,105,82,1144,69,0,66,21,369,209,2453,1299,4758,0.5036,154,1513,2107.0,5763.0,0,1659,3802,4908,4621,4908,629,1513,44,31,2,0,50,26,49,7,107,60,37,98,90,105,88,44,194,286,270,172,4908,171,165,1513,1659
06037127920,682300,1761,2240,33,133,79,40,892,33,34,20,54,604,235,2881,906,4622,0.3935,100,1496,3676.0,7176.0,0,1496,1861,4622,4176,4622,656,1496,82,6,52,31,9,0,53,33,27,77,52,62,113,91,131,79,138,132,67,40,4622,334,242,1496,1496
06037128101,814500,1782,2701,108,6,107,48,773,69,41,40,20,303,91,1731,319,2862,0.5055,88,1076,1848.0,4994.0,0,1177,1405,2890,2670,2875,413,1076,35,20,22,0,7,0,55,38,37,56,34,34,31,65,53,45,49,49,149,30,2890,201,102,1076,1177
06037128102,619500,1661,1593,69,275,113,146,1291,15,0,21,11,309,142,2799,622,4725,0.4142,43,1600,1655.0,5774.0,21,1660,3293,4750,4112,4728,762,1600,36,6,44,70,0,12,36,45,131,20,0,14,124,116,184,97,74,98,127,123,4750,167,62,1600,1660
06037128210,-666666666,1682,-666666666,160,110,213,119,1572,0,0,0,15,56,255,3046,1544,5352,0.3833,155,1628,292.0,5567.0,0,1664,4404,5357,4831,5221,522,1628,67,98,29,0,0,1,17,50,32,1,1,45,173,97,210,177,337,137,199,89,5357,11,45,1628,1664
06037128220,757700,1631,2902,19,99,143,99,848,8,16,23,44,362,40,1604,574,2831,0.463,70,1210,2196.0,4776.0,0,1265,1401,2832,2570,2820,389,1210,15,25,50,25,16,0,0,50,15,15,15,45,49,67,63,11,113,26,32,66,2832,312,40,1210,1265
06037128302,666000,1575,1813,129,146,98,104,1144,9,0,27,13,319,236,2694,1416,4769,0.4407,9,1463,1637.0,5029.0,0,1590,3268,4790,4341,4726,560,1463,0,45,113,79,20,14,34,13,106,43,65,33,299,80,164,176,103,121,78,49,4790,197,99,1463,1590
06037128303,410500,1549,-666666666,76,102,126,107,1040,0,31,0,0,77,177,1870,1076,3445,0.4378,81,1117,349.0,3598.0,0,1186,2824,3487,3069,3409,429,1117,0,23,16,8,9,0,16,9,9,0,9,0,130,107,167,87,106,203,52,59,3487,44,33,1117,1186
06037128400,937900,2168,2951,53,102,57,129,816,44,48,67,203,1013,105,2869,407,4241,0.4057,61,1829,5891.0,8964.0,8,1879,1256,4241,3744,4216,730,1829,0,67,83,28,16,19,20,29,93,11,33,24,106,146,84,46,124,63,131,65,4241,788,174,1829,1879
06037128500,822900,1925,2965,180,144,160,85,1198,57,100,43,48,893,110,2577,351,4078,0.3961,63,2091,5144.0,9146.0,0,2235,669,4104,3703,4084,614,2091,15,79,98,51,17,47,46,88,151,76,6,29,110,83,66,6,127,73,30,36,4104,768,125,2091,2235
06037128601,938700,1639,3103,112,309,98,136,1474,54,26,43,33,259,272,2982,881,5011,0.4712,114,1733,1451.0,6732.0,0,1789,2884,5020,4603,4988,671,1733,39,10,10,11,15,0,34,60,40,9,45,10,170,78,153,59,258,165,62,117,5020,139,120,1733,1789
06037128602,1101900,2008,3424,64,77,38,53,656,79,72,63,62,622,150,1768,242,2859,0.4842,50,1278,4312.0,6811.0,0,1306,495,2863,2664,2836,604,1278,27,114,79,53,9,10,17,82,71,18,21,18,137,72,93,34,104,0,60,13,2863,470,152,1278,1306
06037128703,689800,2252,2364,125,140,123,219,1307,78,0,34,53,324,527,2297,348,3087,0.4785,138,1631,1731.0,6519.0,0,1803,581,3252,2644,3252,304,1631,14,48,161,30,15,13,25,13,85,78,87,87,15,128,0,0,31,27,70,0,3252,302,22,1631,1803
06037128704,1123300,2278,3283,33,39,120,56,335,19,61,39,86,623,104,1443,142,2335,0.5335,0,958,4194.0,5624.0,0,1022,205,2335,2067,2335,459,958,24,75,15,70,0,16,0,14,123,34,19,21,56,78,12,43,34,18,34,99,2335,522,101,958,1022
06037128801,674700,1980,3066,160,76,200,74,1476,69,34,52,9,493,233,2729,361,3740,0.5052,31,1969,2598.0,7252.0,0,2125,571,3740,3004,3694,484,1969,0,26,79,29,20,0,46,73,63,44,9,0,106,27,100,14,42,59,49,10,3740,340,135,1969,2125
06037128802,1037600,2237,3045,123,273,90,64,1313,77,95,55,18,651,119,2534,170,4186,0.4296,22,1964,3654.0,8483.0,0,2276,777,4186,3508,4186,635,1964,21,0,119,0,28,100,108,30,108,31,0,214,79,144,162,18,21,136,132,80,4186,540,111,1964,2276
06037128910,1119700,2120,3685,67,250,135,106,972,118,111,87,129,898,256,2912,285,4728,0.4471,80,1870,5815.0,9522.0,0,1959,1158,4741,4066,4647,785,1870,131,63,75,16,40,26,110,60,39,36,7,27,195,199,216,113,91,65,102,43,4741,589,304,1870,1959
06037131021,718800,1516,2574,11,112,101,54,824,13,55,6,8,192,83,1563,357,3423,0.4317,11,1016,1271.0,3920.0,0,1073,1997,3423,3296,3423,420,1016,3,7,10,12,29,7,17,51,41,42,0,7,90,142,206,158,33,193,199,60,3423,90,75,1016,1073
06037131022,653400,1865,1984,74,62,114,63,859,51,10,16,11,170,102,1876,446,2913,0.4576,31,1029,1072.0,3948.0,0,1102,1367,2917,2412,2866,264,1029,51,58,26,24,25,0,0,19,0,74,0,56,85,48,84,6,82,70,36,81,2917,137,27,1029,1102
06037131023,622300,1852,1747,0,77,58,8,431,12,0,3,43,393,72,1447,309,2774,0.3584,5,824,2156.0,3734.0,0,824,1717,2774,2624,2764,452,824,0,23,14,8,5,0,52,22,34,35,0,50,111,172,27,50,82,38,71,25,2774,202,160,824,824
06037131024,641300,2392,1682,22,124,82,46,524,25,41,33,26,564,217,2338,378,3964,0.4659,127,1088,2966.0,5343.0,33,1094,2397,3984,3613,3944,613,1088,25,243,46,14,55,0,89,36,47,35,0,14,73,74,92,46,83,91,173,137,3984,216,309,1088,1094
06037131100,734500,2914,2370,0,0,8,8,149,97,192,67,56,934,150,1978,235,3329,0.3761,55,1083,5453.0,6295.0,29,1083,1617,3340,2986,3329,600,1083,12,33,53,12,6,68,27,68,130,38,18,9,50,55,141,75,73,69,77,101,3340,572,344,1083,1083
06037131200,649000,1779,2740,0,8,17,15,268,86,230,34,29,948,52,1843,416,3734,0.4883,12,1216,5843.0,6769.0,0,1216,1412,3796,3673,3764,751,1216,76,86,34,12,31,42,22,71,108,73,30,55,38,81,34,82,133,153,281,73,3796,613,318,1216,1216
06037131300,653000,1407,2238,31,0,44,0,207,152,54,47,105,989,165,2293,383,4485,0.3954,100,1196,6023.0,7319.0,0,1196,2843,4502,4189,4447,639,1196,48,68,99,57,8,30,68,65,115,59,13,95,145,137,128,139,131,248,125,124,4502,506,397,1196,1196
06037131400,623600,2095,2306,106,90,132,125,986,37,102,133,119,830,114,3350,457,6033,0.4524,68,1816,4868.0,8723.0,0,1912,2970,6175,5675,6134,902,1816,24,90,47,136,43,33,49,81,114,114,98,82,157,146,258,55,105,188,139,141,6175,391,367,1816,1912
06037131600,647400,1811,2456,3,57,14,20,252,65,79,75,91,1068,312,2696,672,5183,0.3822,67,1320,6196.0,7501.0,8,1482,3055,5194,5095,5168,870,1320,75,29,68,90,34,11,19,61,136,30,32,70,101,108,316,199,37,85,204,64,5194,444,510,1320,1482
06037131701,646200,1883,2896,49,126,151,61,967,94,118,24,65,897,189,2736,935,5297,0.4308,40,1864,5069.0,8527.0,0,1864,2732,5297,4611,5175,894,1864,133,7,91,55,0,9,47,90,144,14,41,24,249,73,249,167,247,28,317,50,5297,657,208,1864,1864
06037131702,597700,2234,2639,22,25,8,22,409,57,80,72,66,849,136,2171,119,3894,0.4824,8,1258,4551.0,6185.0,0,1286,2255,3958,3442,3922,575,1258,67,16,60,25,7,89,13,21,61,51,66,14,65,44,139,46,144,248,162,16,3958,503,236,1258,1286
06037131801,620300,1566,-666666666,118,83,52,70,823,3,41,0,6,169,62,1636,543,3046,0.3943,7,992,779.0,3421.0,0,1131,1826,3068,2679,3026,485,992,0,54,23,22,4,27,19,38,34,41,8,90,143,183,131,0,136,90,112,26,3068,84,37,992,1131
06037131802,639000,1633,2897,11,0,5,0,154,20,63,32,36,610,48,1689,49,2481,0.4422,5,764,3659.0,4366.0,0,803,1176,2481,2206,2481,352,764,5,23,53,0,7,9,51,33,32,34,7,20,79,72,26,5,49,73,46,29,2481,310,234,764,803
06037131900,708300,2676,2438,9,47,66,6,282,87,140,83,34,1075,188,2526,142,4216,0.3227,72,1357,6014.0,7525.0,0,1414,1989,4255,4026,4238,780,1357,105,53,43,51,31,0,23,28,109,137,24,29,134,19,148,83,88,33,66,143,4255,563,470,1357,1414
06037132001,694300,1788,2710,20,49,26,77,404,127,68,55,45,793,105,1674,382,2947,0.4426,31,1197,4564.0,6155.0,0,1197,911,2947,2840,2947,552,1197,28,14,66,66,12,69,5,74,46,79,9,23,43,124,17,45,64,32,98,44,2947,540,234,1197,1197
06037132002,759200,2370,2724,54,74,0,7,428,70,95,93,55,756,160,2155,84,3641,0.3748,75,1184,4432.0,7364.0,0,1184,1784,3707,3394,3701,689,1184,10,96,59,28,11,13,63,52,63,9,19,13,52,147,181,30,102,98,130,247,3707,522,173,1184,1184
06037132101,752300,1777,2572,125,55,14,42,864,113,89,48,61,704,189,1976,1456,4319,0.5024,50,1568,4436.0,7536.0,0,1674,2280,4319,3995,4281,534,1568,28,49,43,15,27,14,5,30,77,14,6,25,287,94,69,42,345,176,322,68,4319,561,125,1568,1674
06037132102,659900,2024,2285,106,0,190,50,1185,143,79,75,16,916,257,3234,745,5279,0.4601,71,2101,5204.0,9403.0,0,2116,2434,5279,4706,5267,655,2101,33,116,111,37,4,74,39,117,165,97,84,62,234,126,122,113,150,141,116,127,5279,580,257,2101,2116
06037132301,492900,1602,2531,203,129,187,107,1284,8,13,0,8,69,122,2119,700,3614,0.4043,70,1353,394.0,3951.0,0,1484,2107,3689,3255,3573,503,1353,0,23,7,71,40,25,34,26,24,99,24,30,264,126,88,0,104,7,21,117,3689,53,0,1353,1484
06037132302,652700,1706,1927,28,90,44,55,471,126,49,49,19,487,103,1963,199,3145,0.3453,20,958,2739.0,4505.0,0,995,2010,3178,2912,3178,553,958,40,30,22,20,11,0,41,12,119,61,12,0,14,92,79,43,67,87,133,52,3178,347,140,958,995
06037132501,619400,1891,2261,68,72,56,76,703,32,31,23,23,589,165,2252,471,4224,0.4211,83,1292,3032.0,5939.0,0,1323,2727,4641,4160,4564,581,1292,16,182,40,48,31,48,52,70,103,70,80,208,180,89,127,25,76,254,110,6,4641,250,224,1292,1323
06037132502,564800,1767,2214,20,9,34,44,484,34,99,42,83,793,169,1444,585,3480,0.4737,28,1277,4006.0,5976.0,0,1306,1365,3565,3167,3501,549,1277,30,63,29,44,48,82,65,29,167,128,78,44,138,59,59,58,121,111,185,39,3565,398,374,1277,1306
06037132700,702500,1420,2587,19,83,57,60,673,169,209,46,29,982,155,2649,868,4823,0.4829,153,1655,5553.0,8086.0,0,1764,2657,4846,4365,4789,936,1655,15,17,271,29,10,64,52,27,352,14,32,50,113,139,142,86,129,40,107,253,4846,630,324,1655,1764
06037132900,887200,2055,3290,53,45,66,85,603,68,190,61,73,661,38,1723,299,3559,0.4151,19,1264,3822.0,6038.0,30,1367,854,3559,3151,3491,774,1264,37,69,29,40,52,53,54,43,157,105,0,62,104,48,138,47,130,79,81,150,3559,390,193,1264,1367
06037133000,604400,2299,2534,62,58,0,14,412,39,61,211,64,1001,277,2209,751,4308,0.3794,40,1413,4995.0,6926.0,0,1459,2298,4373,3822,4368,935,1413,30,245,79,30,19,91,107,96,28,25,59,41,131,45,71,54,124,123,150,26,4373,506,437,1413,1459
06037133101,755200,1824,2939,54,48,16,6,261,28,70,49,10,381,31,899,85,1827,0.3775,16,642,2108.0,3203.0,0,642,741,1827,1651,1779,334,642,11,29,11,7,39,0,30,6,7,22,30,12,67,85,136,11,79,35,15,0,1827,200,164,642,642
06037133102,829800,1606,3232,36,30,183,42,978,25,16,25,108,382,116,1781,477,3535,0.5401,64,1360,2434.0,5534.0,0,1381,997,3703,3168,3678,546,1360,29,27,60,49,11,76,27,58,48,70,155,239,87,98,152,72,35,116,28,98,3703,262,120,1360,1381
06037134001,571400,1759,2368,6,64,59,51,542,3,87,36,32,404,165,2243,479,3714,0.3477,31,946,2099.0,4074.0,0,962,2714,3715,3456,3672,476,946,17,47,47,7,0,16,11,19,49,12,0,12,125,108,99,75,135,113,142,103,3715,145,184,946,962
06037134002,614500,1522,1953,41,69,79,77,732,15,137,63,56,464,225,2056,592,3797,0.4567,79,1196,2662.0,4878.0,0,1196,1996,3798,3500,3787,500,1196,50,161,66,21,31,33,126,45,68,44,16,29,167,66,144,55,173,55,108,104,3798,261,187,1196,1196
06037134101,784900,1544,3099,8,79,7,162,524,65,131,64,68,824,125,2765,995,5401,0.46,134,1348,5366.0,7361.0,0,1426,2809,5414,4822,5401,898,1348,37,27,69,75,20,9,30,86,103,68,64,16,245,261,139,112,266,163,90,59,5414,403,385,1348,1426
06037134103,633200,1928,1952,73,14,6,0,543,41,116,83,64,773,151,2238,1489,4477,0.4734,63,1316,4479.0,6467.0,19,1380,2319,4584,4228,4540,602,1316,35,78,88,104,27,77,53,135,127,145,143,151,110,29,258,218,122,58,104,97,4584,477,252,1316,1380
06037134104,710000,1780,2267,29,45,42,26,621,105,96,7,44,680,204,2407,831,4385,0.4341,88,1301,4454.0,6616.0,9,1361,1750,4419,4059,4392,671,1301,22,50,76,20,92,45,63,58,113,42,12,38,185,215,73,122,69,168,82,31,4419,471,107,1301,1361
06037134201,660700,1429,2885,16,19,0,14,267,95,143,65,129,1039,192,2621,439,4342,0.4116,7,1306,6221.0,7243.0,0,1375,1950,4345,4071,4251,706,1306,46,21,60,14,16,11,55,97,47,35,9,29,123,117,75,48,130,172,55,150,4345,675,280,1306,1375
06037134302,731400,3426,2843,21,0,25,34,245,172,123,71,37,1146,95,2302,569,4278,0.3992,79,1391,6738.0,8138.0,0,1391,1445,4287,4017,4274,659,1391,51,56,100,35,18,11,18,63,105,44,32,240,109,119,77,22,62,124,110,145,4287,723,357,1391,1391
06037134303,693500,2483,2157,122,149,51,28,553,119,144,48,144,1371,268,3329,345,5483,0.4252,95,1924,7340.0,10138.0,0,1924,2208,5597,5315,5586,875,1924,14,52,122,55,13,108,115,104,132,126,78,162,115,70,113,61,117,250,131,36,5597,830,464,1924,1924
06037134304,670700,1887,2423,0,31,38,35,316,57,49,61,64,617,151,1411,459,2844,0.4044,19,933,3981.0,5199.0,0,957,1165,3045,2336,2994,434,933,26,41,134,60,22,67,65,43,87,28,33,32,73,44,110,72,140,52,91,45,3045,402,208,933,957
06037134305,-666666666,1713,-666666666,36,209,57,28,1188,0,12,0,12,24,143,2121,616,3840,0.4397,55,1212,,,0,1232,3050,3840,3598,3765,496,1212,22,34,0,8,0,0,11,20,33,68,30,9,242,156,38,109,73,116,174,145,3840,0,12,1212,1232
06037134306,560100,1786,1269,44,111,118,32,1064,9,46,23,13,366,170,2042,824,3792,0.4086,71,1430,1863.0,5535.0,0,1465,2079,3925,3671,3881,726,1430,51,26,36,30,134,25,25,19,124,19,123,38,163,185,86,66,90,84,92,15,3925,257,96,1430,1465
06037134421,1003000,3501,3673,0,0,33,16,155,168,89,54,45,1359,204,2378,139,4292,0.4283,35,1514,9712.0,10674.0,0,1550,443,4292,4012,4286,1083,1514,52,146,112,52,53,46,23,69,115,119,31,68,42,156,105,80,128,91,65,125,4292,1079,280,1514,1550
06037134422,903700,3344,3072,65,49,9,0,353,165,145,127,65,1203,268,2572,148,4933,0.3763,23,1556,8653.0,10703.0,0,1676,729,4933,4506,4824,1048,1556,14,81,129,109,70,11,91,51,167,128,51,120,86,155,140,34,165,129,141,114,4933,862,335,1556,1676
06037134423,934600,3501,2309,28,8,23,0,356,57,114,78,55,967,52,1381,276,3243,0.4601,48,1323,7278.0,8375.0,0,1356,434,3243,2939,3183,633,1323,7,117,106,48,23,107,101,151,70,72,27,244,47,99,107,44,86,79,23,69,3243,769,198,1323,1356
06037134424,1153400,3501,3750,0,0,17,0,99,69,99,58,56,931,140,1481,117,2795,0.4402,38,1030,6856.0,7449.0,15,1030,109,2821,2526,2766,743,1030,13,49,83,83,42,34,57,73,185,22,40,36,65,53,165,56,39,43,60,55,2821,691,232,1030,1030
06037134520,480000,1510,1382,119,56,179,109,1618,12,35,26,0,286,163,2947,1286,5263,0.3935,8,1904,1219.0,6263.0,60,2121,3709,5263,4598,5165,683,1904,24,43,13,112,32,0,56,59,90,10,64,40,178,121,312,87,146,217,121,83,5263,164,70,1904,2121
06037134521,675000,1589,2550,76,36,94,51,669,0,0,49,0,101,92,1512,736,2922,0.4265,72,770,482.0,2840.0,0,781,2770,2944,2538,2896,314,770,22,0,33,0,14,0,5,39,17,18,0,5,104,77,135,77,119,116,204,89,2944,51,40,770,781
06037134522,545500,1409,-666666666,84,96,92,49,1136,72,0,32,3,315,144,2578,1171,4741,0.4573,129,1451,1820.0,5440.0,0,1563,3165,4741,3992,4670,546,1451,8,54,20,30,0,0,26,23,29,51,29,102,210,95,182,117,126,233,112,42,4741,157,143,1451,1563
06037134710,631800,1638,1572,83,59,141,240,1291,0,16,7,50,291,123,2709,1440,5504,0.4753,81,1582,1668.0,5780.0,0,1660,3563,5531,5085,5488,649,1582,62,28,39,55,16,45,27,39,57,15,70,40,186,226,214,116,264,262,202,77,5531,171,106,1582,1660
06037134720,578000,1991,2614,19,61,62,83,752,74,70,215,35,1017,270,3224,724,5195,0.4451,35,1769,5918.0,8949.0,0,1790,2613,5195,4291,5134,806,1769,54,32,21,41,51,10,95,49,69,51,37,75,90,219,142,32,142,235,142,54,5195,594,339,1769,1790
06037134801,647400,2198,2713,32,10,50,27,313,26,146,96,146,803,66,1668,477,3072,0.3865,23,1116,4311.0,5703.0,0,1147,1246,3091,2856,3034,425,1116,30,36,87,8,9,0,46,45,51,112,25,16,110,20,85,17,55,68,96,32,3091,512,237,1116,1147
06037134802,570300,3501,1914,32,7,0,39,292,99,41,17,23,547,142,1559,781,3117,0.4267,46,839,3083.0,4771.0,0,910,1353,3121,2690,2991,498,839,20,100,11,26,4,32,43,19,79,36,7,56,164,32,145,53,56,102,103,39,3121,314,199,839,910
06037134901,834600,1401,2969,32,20,33,43,464,71,51,29,45,524,171,1649,429,2577,0.473,20,988,3406.0,5191.0,10,1039,910,2577,2424,2553,453,988,46,25,34,71,24,0,54,79,93,21,24,30,55,18,117,94,66,30,62,10,2577,374,150,988,1039
06037134904,671300,1394,2934,73,60,6,37,789,97,77,77,40,631,376,2967,791,4608,0.4509,78,1420,3724.0,6671.0,0,1515,2258,4615,4268,4594,623,1420,58,24,128,11,29,3,32,49,50,85,12,12,49,70,214,72,27,43,157,149,4615,327,232,1420,1515
06037134905,652400,2979,2820,249,296,172,136,2599,9,41,0,0,267,164,4192,1071,5590,0.4735,358,2866,1153.0,9019.0,124,3161,866,5590,4485,5534,660,2866,0,50,45,7,14,5,16,68,25,9,50,19,193,30,91,147,50,10,14,140,5590,223,44,2866,3161
06037134906,-666666666,1954,-666666666,91,130,221,172,1136,0,0,0,0,0,118,2035,380,3056,0.343,12,1136,-666666666.0,3545.0,0,1165,1998,3056,2414,3056,368,1136,7,22,94,34,0,0,10,56,25,0,22,38,0,101,89,28,67,31,157,57,3056,0,0,1136,1165
06037134907,-666666666,2531,-666666666,203,171,268,174,1696,0,0,0,0,0,406,2704,806,3589,0.3564,88,1696,-666666666.0,5341.0,56,1839,863,3635,2649,3635,346,1696,0,0,0,0,0,0,0,0,0,0,0,0,148,0,46,0,121,0,0,19,3635,0,0,1696,1839
06037135102,797600,3314,3096,6,47,55,15,179,150,63,125,84,1018,83,1955,295,3648,0.4673,19,1197,6875.0,7736.0,0,1305,687,3652,3196,3601,788,1197,0,172,70,77,94,40,64,76,106,44,29,30,71,72,101,35,103,60,159,53,3652,734,274,1197,1305
06037135111,728800,2095,2286,84,136,76,59,674,28,83,58,0,596,136,2231,329,4001,0.369,150,1270,3766.0,6553.0,0,1338,1359,4001,3332,3947,624,1270,10,95,43,24,0,0,21,40,106,25,22,146,113,181,210,22,148,50,81,0,4001,444,142,1270,1338
06037135113,370700,2905,1422,92,291,56,111,1108,7,41,17,0,207,100,2011,374,2951,0.4107,77,1315,892.0,4974.0,0,1524,493,2951,2270,2951,376,1315,7,66,41,8,24,0,67,10,61,20,32,7,39,55,27,41,104,11,68,83,2951,167,40,1315,1524
06037135115,612900,2143,1827,174,204,64,233,1219,0,31,13,0,222,162,1807,131,3206,0.3254,64,1441,1173.0,4231.0,0,1965,595,3212,2331,3125,608,1441,0,16,26,18,30,14,59,29,29,26,60,15,37,101,141,25,287,26,51,72,3212,205,17,1441,1965
06037135116,-666666666,2138,2116,271,84,73,60,917,0,46,0,2,116,207,878,312,1477,0.4719,22,1033,605.0,2937.0,0,1033,259,1477,1369,1475,145,1033,0,0,82,0,21,30,19,39,56,85,11,63,16,38,37,0,25,0,0,9,1477,114,2,1033,1033
06037135201,912900,2975,3419,21,11,12,11,163,49,59,66,62,706,231,1515,457,3033,0.3942,33,869,4763.0,5376.0,4,936,579,3104,2815,3067,652,869,14,12,78,17,39,40,20,18,99,25,26,29,114,138,147,69,158,140,58,89,3104,391,295,869,936
06037135202,834600,3501,2809,18,37,30,53,486,118,169,95,42,1012,232,2372,419,4625,0.3704,35,1498,6459.0,8804.0,0,1531,461,4625,4199,4592,958,1498,58,27,28,45,40,54,19,13,43,17,73,81,100,191,99,97,95,222,257,131,4625,685,322,1498,1531
06037135204,816400,3501,2167,50,23,11,16,272,109,220,48,67,1367,221,2427,115,4481,0.362,65,1639,7990.0,9393.0,0,1639,844,4481,3987,4437,892,1639,10,15,1,100,138,38,14,132,40,135,12,31,235,94,67,52,98,85,0,58,4481,986,345,1639,1639
06037135205,1026300,-666666666,3019,2,26,6,12,128,67,63,42,16,637,142,934,276,2050,0.5892,15,765,4784.0,5676.0,0,781,33,2059,1820,2021,421,765,11,50,79,82,19,12,9,16,137,29,12,106,94,58,75,26,92,84,40,33,2059,556,81,765,781
06037137000,1086800,3438,3077,9,6,9,0,283,116,78,151,105,1420,206,2386,385,5029,0.4845,141,1703,10053.0,11524.0,11,1808,691,5035,4649,4984,920,1703,52,182,116,34,39,201,61,121,163,117,42,158,140,219,96,84,92,126,90,33,5035,1050,370,1703,1808
06037137103,539000,2602,2656,67,124,148,48,1229,68,115,49,168,1166,256,3183,862,5560,0.4229,150,2395,5478.0,10913.0,0,2564,813,5560,4885,5345,900,2395,80,63,130,105,58,0,101,154,149,271,42,52,141,93,28,0,264,63,29,43,5560,772,381,2395,2564
06037137104,842500,2083,2978,37,0,0,15,117,77,38,95,20,854,110,1264,457,2416,0.4938,7,971,5039.0,5697.0,0,1022,347,2416,2167,2382,435,971,85,54,44,71,28,45,98,71,16,61,18,26,54,46,101,73,23,26,73,0,2416,630,202,971,1022
06037137202,925000,2199,3259,55,35,82,125,1017,41,68,10,53,351,260,1971,378,3304,0.5103,153,1368,2104.0,5929.0,12,1435,407,3339,2640,3339,562,1368,100,37,59,16,0,23,36,43,12,29,0,1,47,168,116,13,135,0,63,64,3339,199,134,1368,1435
06037137203,1047000,2135,2882,97,25,24,12,319,7,44,26,127,518,112,1450,178,2654,0.506,49,837,3164.0,4597.0,0,848,822,2660,2212,2649,458,837,22,15,41,41,0,9,49,22,32,24,7,0,11,82,60,331,19,14,158,200,2660,308,210,837,848
06037137301,1107500,3501,3735,4,0,7,0,28,115,107,42,24,718,68,1199,46,2142,0.3622,6,746,5407.0,5612.0,0,801,134,2142,2090,2135,490,746,16,25,61,47,23,44,23,20,54,10,17,80,0,29,57,122,7,44,126,43,2142,543,165,746,801
06037137302,1139400,3501,3559,0,7,0,0,173,74,137,180,97,1375,145,2159,307,4376,0.4215,56,1548,10304.0,11544.0,0,1614,533,4376,3712,4335,998,1548,116,94,87,123,53,129,30,53,185,107,55,113,132,163,94,72,147,123,75,128,4376,1059,302,1548,1614
06037137401,977500,2864,3425,110,114,51,0,517,62,73,122,65,1050,82,2419,343,4493,0.3775,69,1567,6689.0,8904.0,88,1722,687,4567,4159,4488,900,1567,61,62,89,52,49,13,57,72,61,26,41,35,81,108,221,114,341,180,90,56,4567,641,371,1567,1722
06037137402,1236800,2946,3381,62,69,0,95,628,191,113,173,52,1410,261,3024,139,5587,0.4002,0,2038,9524.0,12703.0,0,2214,644,5663,4539,5572,1111,2038,44,173,147,55,21,99,65,113,160,93,48,100,200,157,66,152,335,272,154,79,5663,1032,378,2038,2214
06037137501,1516800,2605,4001,64,243,109,44,1298,95,0,60,23,728,308,2850,757,5419,0.4714,21,2026,5705.0,10597.0,0,2137,544,5426,4429,5308,848,2026,39,46,110,96,31,37,15,90,44,131,37,107,314,65,229,14,274,173,11,121,5426,629,83,2026,2137
06037137502,991200,3269,3407,39,0,26,0,415,170,84,36,165,1280,136,2521,244,4358,0.4545,27,1695,8683.0,10075.0,0,1923,652,4432,3679,4389,986,1695,0,131,133,36,26,36,33,72,44,39,102,122,116,104,202,74,66,29,144,63,4432,998,238,1695,1923
06037137504,1633500,3501,4001,6,0,0,0,57,52,57,44,103,605,46,1054,35,1983,0.4678,26,662,4929.0,5333.0,0,702,326,1983,1633,1973,431,662,3,19,57,40,16,24,14,18,79,31,23,17,53,85,108,15,7,137,49,22,1983,495,110,662,702
06037138000,974600,3501,3648,47,29,0,75,362,202,205,72,47,1470,136,2553,274,4826,0.3834,42,1832,9795.0,11899.0,0,1925,285,4826,4390,4781,1089,1832,70,105,200,98,24,52,91,93,228,70,40,66,185,203,117,29,254,144,81,58,4826,1164,306,1832,1925
06037139001,855200,2317,2582,187,77,124,60,1143,92,25,126,138,1090,290,3073,392,5511,0.4127,85,2233,5924.0,10410.0,0,2287,1119,5511,4691,5467,1054,2233,67,10,70,82,0,111,69,132,125,31,190,1,322,91,198,47,230,176,123,68,5511,599,437,2233,2287
06037139200,771900,2274,2649,13,143,109,125,997,117,36,148,10,1297,174,3378,488,5946,0.4431,28,2294,7538.0,11270.0,0,2408,1060,5946,5571,5913,1244,2294,11,97,177,29,37,109,66,108,292,62,70,24,63,124,154,99,218,22,132,57,5946,898,399,2294,2408
06037139301,1032100,3501,3826,0,13,22,28,233,160,124,102,109,1246,89,2271,221,4150,0.4047,65,1479,8235.0,9292.0,0,1587,622,4243,3888,4182,792,1479,17,123,69,71,92,0,60,41,140,109,16,60,84,65,159,177,200,132,159,79,4243,789,429,1479,1587
06037139302,361600,2046,1450,161,205,267,133,1508,62,69,2,68,436,243,3122,725,5181,0.3497,62,1944,1765.0,6549.0,0,2022,2002,5181,4219,5179,625,1944,101,26,66,42,38,0,9,55,88,20,47,29,64,193,237,87,93,92,161,26,5181,251,174,1944,2022
06037139303,496500,1671,2045,23,164,131,78,1614,105,78,48,0,540,143,2520,418,4396,0.5803,53,2154,2524.0,7984.0,0,2277,1216,4556,3861,4519,641,2154,34,78,31,9,8,162,139,109,93,101,87,187,65,134,148,58,48,167,39,63,4556,448,90,2154,2277
06037139401,1049400,1850,3868,40,84,47,69,854,18,41,72,6,304,41,1462,226,2405,0.5547,58,1158,1801.0,4414.0,0,1246,383,2405,2098,2394,483,1158,22,36,21,73,48,58,69,31,89,0,61,104,55,0,66,44,45,114,0,11,2405,277,27,1158,1246
06037139402,1735000,3211,4001,0,0,5,0,79,36,53,26,26,867,59,1239,340,2892,0.4992,23,946,7299.0,7735.0,0,1014,247,2893,2667,2856,654,946,18,40,72,30,31,78,47,46,98,103,24,43,38,92,84,84,64,47,167,48,2893,687,173,946,1014
06037139502,1005200,3078,3339,79,11,22,100,474,65,17,110,13,689,95,1709,163,3113,0.4191,34,1163,4166.0,6256.0,0,1262,637,3113,2793,3106,667,1163,14,34,45,76,32,10,94,11,95,60,21,60,161,135,65,20,48,177,67,25,3113,445,225,1163,1262
06037139504,627900,1917,2282,42,71,200,82,1361,16,8,8,0,443,222,2180,665,3741,0.5135,77,1804,2307.0,7175.0,0,1970,398,3741,3532,3698,631,1804,8,12,17,66,37,18,26,55,113,104,160,108,74,56,6,40,158,134,140,10,3741,365,78,1804,1970
06037139505,416000,1725,1359,34,52,201,243,1188,35,0,0,61,334,256,1658,574,2485,0.4145,35,1522,1155.0,4524.0,0,1593,622,2485,1986,2427,332,1522,49,11,32,35,23,11,12,32,181,60,0,11,0,85,29,0,144,21,52,0,2485,224,110,1522,1593
06037139506,473000,1809,1674,79,29,85,19,669,93,85,104,21,817,27,1405,124,2889,0.4112,11,1486,3316.0,5700.0,0,1486,713,2889,2180,2854,427,1486,119,0,75,0,0,42,0,118,52,36,37,55,32,111,12,7,91,0,237,90,2889,666,126,1486,1486
06037139600,1385900,2540,2844,43,54,197,16,865,89,79,175,37,1421,294,2518,307,5134,0.5482,14,2286,10040.0,13463.0,47,2435,291,5134,4746,5107,1024,2286,130,122,154,88,27,88,20,73,135,101,148,164,48,237,126,19,172,129,186,88,5134,1105,257,2286,2435
06037139701,1544700,3102,3904,51,23,35,0,541,156,102,76,169,1574,230,2472,706,5335,0.5461,23,2115,11426.0,13844.0,0,2326,280,5388,4517,5307,1141,2115,18,97,145,105,44,98,4,183,317,115,100,127,164,181,90,43,136,56,131,143,5388,1243,331,2115,2326
06037139703,2000001,3501,4001,0,7,0,17,57,40,33,6,45,808,58,968,70,2431,0.4959,5,865,6213.0,6682.0,6,964,36,2438,2309,2438,594,865,57,73,73,54,47,38,53,28,93,79,6,63,11,64,98,50,67,103,109,75,2438,672,74,865,964
06037139704,2000001,3501,4001,0,0,15,111,165,0,65,61,4,817,83,1160,193,2597,0.5127,10,982,6534.0,7343.0,0,1037,50,2597,2440,2556,622,982,23,30,96,66,122,12,5,105,95,20,16,30,71,52,106,57,39,105,140,31,2597,714,103,982,1037
06037139705,2000001,-666666666,4001,0,0,0,0,67,232,184,63,60,1251,118,2160,48,4097,0.4102,0,1318,10031.0,10452.0,0,1318,110,4097,3699,4097,989,1318,49,98,118,151,63,30,68,21,77,126,101,95,27,314,115,113,205,129,100,18,4097,1034,217,1318,1318
06037139801,1589000,-666666666,4001,0,0,0,8,24,45,58,50,97,1194,164,1922,114,3498,0.4857,12,1218,,,9,1276,98,3498,3229,3487,864,1218,67,21,50,76,58,29,25,49,139,85,107,77,61,144,164,59,106,87,100,59,3498,965,218,1218,1276
06037139802,1623500,3501,4001,12,7,0,0,106,94,127,31,93,1318,129,1859,323,3887,0.4928,67,1424,10714.0,11572.0,0,1434,129,3887,3675,3887,1100,1424,46,19,76,135,74,95,102,57,167,94,77,18,73,153,172,101,44,59,84,160,3887,1076,242,1424,1434
06037141101,1009200,2049,2913,223,156,130,111,1695,37,23,51,32,580,265,3032,329,4434,0.5458,107,2275,3769.0,9800.0,0,2579,896,4434,3908,4410,511,2275,0,7,20,20,0,21,24,33,85,29,49,35,258,76,75,18,136,49,130,17,4434,425,155,2275,2579
06037141102,1298800,2214,3678,96,125,42,50,857,79,44,55,28,490,270,1976,310,2961,0.5033,39,1347,3063.0,6124.0,0,1498,434,2961,2731,2954,526,1347,60,36,45,7,8,0,13,41,74,7,29,20,94,159,42,33,52,73,27,50,2961,377,101,1347,1498
06037141201,1054300,2072,3135,264,148,266,170,1812,3,35,0,36,321,199,2862,454,3946,0.4358,41,2133,1808.0,8404.0,0,2268,639,3960,3409,3915,435,2133,11,27,25,7,27,43,25,56,31,36,41,26,123,37,71,48,140,63,43,23,3960,289,32,2133,2268
06037141202,934200,2332,3368,136,63,107,144,815,109,96,39,8,633,82,1897,259,2958,0.46,30,1448,3811.0,6663.0,0,1535,341,2958,2648,2911,531,1448,89,44,97,11,0,23,39,38,51,60,28,25,61,6,65,73,53,27,28,50,2958,503,116,1448,1535
06037141303,606100,2236,2740,108,184,196,127,1371,19,24,29,9,295,228,2344,397,3229,0.4183,23,1666,1295.0,6149.0,0,1776,432,3231,2665,3204,627,1666,19,0,36,35,26,8,24,0,94,45,56,41,104,58,10,25,62,33,13,22,3231,242,53,1666,1776
06037141304,1284200,2135,3884,68,97,108,53,822,141,83,68,93,677,112,2043,347,3011,0.6082,9,1499,4424.0,7324.0,0,1653,270,3011,2611,3001,512,1499,22,66,119,7,9,15,57,55,63,48,65,58,31,62,91,55,67,41,90,8,3011,602,55,1499,1653
06037141305,1082000,2012,3373,98,101,159,88,1077,9,60,26,0,334,270,1971,327,2878,0.5803,61,1411,2447.0,6305.0,18,1478,948,2878,2464,2816,430,1411,66,71,42,15,13,13,21,48,14,14,39,0,224,0,0,0,33,0,152,0,2878,250,84,1411,1478
06037141306,1066900,2575,3184,167,44,82,162,1140,38,11,9,61,342,305,2219,90,3076,0.4565,16,1482,2065.0,6256.0,0,1648,672,3076,2673,3030,577,1482,26,0,41,0,31,7,25,9,31,0,52,54,86,56,90,44,53,62,22,0,3076,274,68,1482,1648
06037141400,1524500,2339,3975,79,77,22,137,951,110,70,81,36,1039,101,2427,286,4986,0.5393,100,1990,7612.0,11165.0,0,2115,900,5019,4431,4969,912,1990,14,25,134,28,47,46,43,75,82,83,58,193,288,240,103,89,218,48,85,101,5019,805,234,1990,2115
06037141500,2000001,-666666666,4001,0,0,0,0,32,88,40,101,34,1071,37,1427,89,3017,0.5151,18,1103,,,0,1143,120,3017,2748,2933,667,1103,17,31,88,8,37,63,37,95,57,38,32,129,81,53,66,39,144,44,74,57,3017,1027,44,1103,1143
06037141600,1543300,3501,4001,109,20,0,0,248,130,123,49,63,1481,125,2345,213,3853,0.4798,16,1729,10080.0,11583.0,0,1947,387,3853,3582,3805,895,1729,10,88,193,88,8,25,61,41,133,98,51,51,77,105,67,122,62,37,115,157,3853,1320,161,1729,1947
06037141700,1689900,3501,4001,0,48,0,0,79,89,62,126,71,1083,299,1859,51,3086,0.4333,17,1162,7593.0,8157.0,0,1382,235,3086,2523,3026,868,1162,45,56,120,40,45,23,26,51,102,51,25,18,116,96,27,64,104,61,50,52,3086,962,111,1162,1382
06037143101,1599200,2261,3972,40,74,55,48,379,43,35,14,6,695,70,1103,69,2074,0.5596,0,1074,4536.0,5891.0,0,1165,238,2074,1731,2021,534,1074,114,9,75,15,30,0,29,15,47,28,62,83,67,110,12,7,25,43,33,0,2074,528,167,1074,1165
06037143102,821000,2303,3247,107,79,32,98,900,70,28,28,0,308,114,1762,80,2337,0.3858,44,1208,1571.0,4610.0,0,1222,507,2337,1905,2337,367,1208,0,29,10,10,14,0,0,37,41,26,0,9,120,0,94,29,19,0,0,51,2337,255,53,1208,1222
06037143200,939700,1818,3117,177,174,42,86,1449,62,14,77,124,616,282,3283,408,4235,0.4404,19,2065,3638.0,8339.0,20,2278,1346,4235,3125,4235,591,2065,44,3,32,49,22,0,3,18,53,14,57,13,0,37,91,0,103,90,0,51,4235,510,106,2065,2278
06037143301,842200,1853,2625,163,122,142,45,1272,31,13,109,0,317,112,1976,177,3385,0.4424,78,1589,2021.0,6504.0,0,1652,790,3385,2932,3308,427,1589,27,0,9,68,113,26,0,35,142,104,0,43,24,234,49,16,77,105,149,24,3385,261,56,1589,1652
06037143302,1277300,2009,3164,176,118,110,12,926,100,79,12,23,692,182,2008,246,3258,0.4843,45,1618,4497.0,7808.0,20,1661,322,3258,2955,3241,685,1618,0,38,99,24,48,65,76,130,57,13,113,21,114,180,44,0,75,70,66,0,3258,541,151,1618,1661
06037143401,1280100,2539,3345,223,101,35,223,1316,143,19,129,85,988,340,3472,294,5478,0.4351,151,2304,5906.0,11029.0,0,2367,548,5478,4570,5417,1134,2304,38,70,99,18,62,213,135,0,126,21,15,179,139,160,156,14,149,99,134,155,5478,625,346,2304,2367
06037143402,1032000,2349,3719,89,49,56,18,444,36,44,5,0,327,119,1123,40,1844,0.5798,9,771,1880.0,3750.0,0,809,124,1844,1568,1814,304,771,1,0,0,74,15,7,9,19,34,16,0,23,168,23,54,52,30,78,0,12,1844,197,130,771,809
06037143500,1520000,2602,4001,168,264,23,203,1255,102,308,79,83,1079,259,3132,264,5328,0.4762,45,2334,7030.0,12364.0,0,2607,602,5328,4757,5232,1003,2334,71,58,208,112,8,32,22,76,126,44,38,30,177,115,135,39,222,140,78,88,5328,865,214,2334,2607
06037143602,951100,1763,3924,176,98,89,119,1239,115,12,77,26,1019,324,2550,612,4439,0.6155,161,2258,6593.0,11380.0,0,2387,574,4734,4191,4713,756,2258,15,63,56,15,29,39,78,185,125,107,16,98,93,62,74,117,80,122,106,49,4734,891,128,2258,2387
06037143603,942700,2113,2893,53,99,137,153,920,94,42,21,16,411,129,1815,256,2459,0.4491,33,1331,2039.0,5284.0,0,1434,326,2459,1988,2393,380,1331,16,30,33,18,0,17,58,46,0,8,20,11,107,28,10,33,83,47,0,10,2459,284,127,1331,1434
06037143605,1047600,2986,3595,18,130,101,54,898,7,0,0,0,34,152,1554,181,1827,0.4213,30,932,190.0,2779.0,0,1093,191,1827,1115,1814,237,932,0,0,16,0,0,0,0,0,0,0,8,6,0,0,22,0,13,15,0,0,1827,34,0,932,1093
06037143606,713200,2260,-666666666,92,158,195,6,974,12,0,0,3,29,68,1407,171,1695,0.4236,49,1003,171.0,3306.0,0,1038,159,1695,1213,1695,162,1003,0,0,0,0,0,0,22,0,29,0,0,0,73,15,22,0,5,0,0,0,1695,15,14,1003,1038
06037143700,1704900,1996,4001,110,8,39,51,534,229,59,42,188,1266,206,2384,241,3438,0.533,78,1800,7711.0,9518.0,10,2042,585,3438,2903,3438,669,1800,20,58,120,27,18,0,101,51,40,80,47,0,205,59,15,0,50,39,41,42,3438,1123,138,1800,2042
06037143801,1852500,2758,4001,162,74,94,32,596,86,53,45,9,788,316,2150,163,3411,0.4787,30,1384,5140.0,7879.0,0,1461,296,3411,2945,3386,778,1384,87,0,69,20,30,31,0,53,45,20,25,15,96,115,69,0,137,149,71,51,3411,571,217,1384,1461
06037143802,2000001,2417,3833,47,54,81,42,623,65,29,11,3,426,200,1462,85,2239,0.5401,126,1049,3106.0,5775.0,0,1169,181,2239,1794,2232,451,1049,51,87,106,44,20,16,0,111,54,72,15,7,7,54,42,18,76,46,26,39,2239,385,41,1049,1169
06037143901,2000001,3501,4001,34,0,30,0,170,74,144,7,61,1413,107,2130,90,4210,0.5482,34,1583,10713.0,11698.0,0,1779,684,4222,3672,4157,977,1583,52,36,244,34,9,31,64,43,99,92,43,40,93,113,112,125,119,145,250,71,4222,1178,229,1583,1779
06037143902,1661300,2321,3611,133,62,73,27,623,122,39,0,15,766,179,1925,284,3053,0.5779,20,1389,5776.0,8140.0,0,1517,519,3053,2685,3022,502,1389,35,23,74,41,19,42,100,28,37,68,38,32,36,89,126,92,84,73,91,38,3053,682,84,1389,1517
06037181000,1178500,2124,3138,58,106,129,40,704,120,268,128,84,1493,170,3266,580,5903,0.5251,91,2197,9068.0,12117.0,0,2396,1671,5992,4749,5803,1223,2197,109,112,35,113,53,56,23,63,159,136,110,76,186,292,232,37,138,310,132,56,5992,946,529,2197,2396
06037181300,1038700,1870,3250,75,82,60,51,440,101,127,31,102,848,147,2356,240,3971,0.4178,31,1288,5236.0,7209.0,0,1371,1317,3971,3414,3920,763,1288,48,127,42,19,19,16,69,148,36,23,31,41,180,117,121,18,189,30,72,78,3971,592,245,1288,1371
06037181400,1011100,1840,2468,194,224,107,73,998,63,69,68,52,649,225,2626,331,4558,0.4992,110,1647,3467.0,6956.0,0,1721,1734,4655,4234,4552,737,1647,11,23,103,47,10,48,35,48,117,116,41,132,279,135,110,99,89,52,159,64,4655,397,240,1647,1721
06037181500,1045600,2106,2554,23,27,13,4,321,193,118,68,60,1004,103,2029,603,4097,0.4144,33,1325,6420.0,7961.0,0,1404,1594,4106,3848,4100,786,1325,38,186,56,46,68,17,44,170,111,45,64,35,80,153,60,37,29,151,132,87,4106,694,229,1325,1404
06037181600,1048000,1727,2595,45,139,16,55,590,42,29,24,10,465,113,2439,64,2791,0.4533,10,1055,2634.0,4621.0,0,1132,1533,4438,3218,4438,490,1055,17,50,34,0,16,20,22,16,44,7,50,50,89,33,77,84,32,35,67,177,4438,248,200,1055,1132
06037183101,862200,1702,2060,87,79,30,115,608,29,97,10,22,546,77,1652,430,2741,0.508,58,1154,2915.0,5185.0,0,1296,1747,2741,2396,2671,550,1154,86,39,68,60,0,18,43,64,36,53,23,43,51,37,38,44,88,62,22,0,2741,296,238,1154,1296
06037183103,-666666666,1782,3548,59,223,360,142,1277,8,146,17,27,346,246,2612,422,4495,0.3989,85,1623,1964.0,6497.0,0,1673,2595,4548,3956,4458,760,1623,68,26,59,9,26,0,88,47,19,31,7,23,103,52,39,42,152,302,213,94,4548,104,242,1623,1673
06037183104,935700,1807,2294,27,2,49,0,239,50,57,55,42,505,44,1053,191,1894,0.4538,29,744,3016.0,3910.0,0,802,782,1902,1729,1895,305,744,26,11,85,43,40,1,33,22,79,43,11,17,22,35,23,43,33,37,23,51,1902,326,164,744,802
06037183220,783800,1750,2248,36,94,53,47,517,32,43,35,122,549,161,1814,267,2983,0.4184,8,1066,2793.0,4550.0,0,1155,1692,3118,2877,3102,490,1066,38,110,13,54,14,2,17,76,67,68,33,32,139,142,15,11,79,0,83,77,3118,343,171,1066,1155
06037183221,930800,1884,3083,46,111,0,38,544,39,47,46,17,593,327,2171,402,3466,0.4609,92,1137,3237.0,5481.0,0,1160,2283,3514,3025,3495,461,1137,13,26,55,30,7,2,20,43,86,43,3,50,35,160,129,66,41,62,154,98,3514,314,279,1137,1160
06037183222,949000,1357,3303,69,188,26,81,623,104,100,58,132,932,173,2192,443,3603,0.4905,27,1555,4444.0,6542.0,0,1555,1575,3616,3191,3552,545,1555,174,66,38,13,83,22,33,46,124,134,23,57,151,45,47,0,75,111,52,20,3616,546,335,1555,1555
06037183300,944000,2031,2038,62,61,135,111,551,61,59,18,39,549,141,1895,207,3221,0.4069,109,1100,2931.0,4812.0,0,1156,1950,3231,2926,3172,556,1100,18,41,54,53,5,9,63,85,24,12,86,17,66,63,130,4,78,102,143,19,3231,350,123,1100,1156
06037183401,969100,1803,1693,13,24,64,63,441,17,22,7,20,378,68,1357,328,2386,0.4719,99,819,1915.0,3713.0,0,825,1246,2416,2245,2402,418,819,72,45,39,7,5,24,12,25,104,42,26,91,62,31,64,63,37,22,55,17,2416,211,117,819,825
06037183402,1057200,1748,3205,161,101,54,62,799,15,42,26,42,262,154,1829,383,2822,0.4453,119,1061,1301.0,4608.0,20,1109,1133,2939,2553,2920,402,1061,12,41,53,42,7,10,16,55,35,49,14,52,38,33,20,31,126,11,47,46,2939,129,111,1061,1109
06037183510,915700,1923,2667,23,21,7,4,205,26,55,69,24,570,128,1402,135,2344,0.4549,8,775,3048.0,3883.0,0,801,1496,2346,2131,2301,334,775,60,34,32,12,0,36,24,10,50,24,20,57,95,33,64,39,34,28,57,60,2346,353,194,775,801
06037183520,912700,1452,1425,72,104,84,82,807,37,0,66,0,358,168,2233,569,3789,0.4877,29,1165,2094.0,4550.0,0,1248,3107,3850,3399,3804,562,1165,19,21,134,7,46,42,60,6,66,66,9,29,132,68,113,84,97,153,108,38,3850,165,171,1165,1248
06037183610,932200,1842,1855,63,79,67,61,706,53,5,48,16,298,165,1684,654,3038,0.4124,113,1004,1757.0,4157.0,0,1068,2024,3042,2508,2961,273,1004,5,60,10,11,0,7,29,6,107,28,59,55,114,18,63,62,135,45,71,34,3042,128,170,1004,1068
06037183620,915300,1518,2583,65,94,112,23,605,28,54,90,11,448,125,1798,305,3021,0.4089,77,1053,2481.0,4783.0,0,1071,1602,3038,2844,2975,453,1053,22,14,51,25,19,21,8,40,92,32,48,17,40,29,128,35,44,62,109,50,3038,275,166,1053,1071
06037183701,519600,1751,2278,64,52,95,43,856,75,84,17,37,455,172,1939,454,3181,0.4334,50,1311,1925.0,4670.0,0,1367,2124,3181,2768,3164,489,1311,50,71,33,53,0,41,0,50,97,11,24,7,66,124,57,10,23,147,146,0,3181,279,165,1311,1367
06037183702,967900,1772,2902,27,102,45,32,501,142,38,54,39,628,108,1769,182,3074,0.5039,23,1129,4227.0,6287.0,0,1152,1498,3074,2351,3045,502,1129,27,36,52,31,0,31,8,31,40,62,22,22,311,58,53,71,48,0,37,21,3074,427,160,1129,1152
06037183810,927400,1642,1935,202,64,155,106,1232,11,60,27,0,286,236,2635,689,4259,0.4041,67,1518,1815.0,5696.0,0,1575,3067,4259,3784,4212,442,1518,119,0,11,26,50,13,46,55,79,6,45,0,53,127,167,64,91,139,59,105,4259,151,135,1518,1575
06037183820,945200,1512,1574,309,160,69,129,1134,12,9,5,10,135,263,2307,248,3352,0.4151,19,1269,727.0,4090.0,0,1292,2475,3352,2962,3298,478,1269,30,0,0,0,0,10,28,35,12,9,13,11,133,22,54,18,74,14,61,69,3352,70,56,1269,1292
06037185101,735100,1740,3015,74,131,43,55,684,28,50,44,0,331,280,1784,192,2714,0.443,81,1015,1695.0,3912.0,0,1015,1368,2780,2494,2780,498,1015,19,0,42,82,11,19,19,21,54,62,54,55,132,98,42,0,19,26,21,57,2780,159,120,1015,1015
06037185102,1115900,3501,4001,52,0,6,4,314,126,150,20,51,1105,227,2135,272,3542,0.4401,25,1419,6514.0,7524.0,4,1496,920,3542,2789,3404,913,1419,0,63,103,37,14,7,6,97,95,44,20,53,134,140,41,18,81,30,17,16,3542,867,226,1419,1496
06037185202,1165800,1965,2887,31,131,47,34,729,56,40,64,13,772,111,2461,334,4098,0.5986,46,1501,4336.0,7124.0,0,1582,1848,4098,3867,4084,654,1501,50,90,47,32,0,22,0,22,76,54,36,0,113,215,27,41,176,75,45,61,4098,393,339,1501,1582
06037185203,893600,1638,1922,85,80,102,23,587,25,26,26,13,299,64,1553,501,2696,0.4619,47,886,1633.0,3984.0,0,926,1907,2696,2445,2668,320,886,44,34,32,7,19,0,20,24,36,17,16,26,57,36,68,18,122,97,60,6,2696,186,95,886,926
06037185204,1111600,2648,2552,0,14,0,13,182,51,59,54,48,536,80,1025,344,1778,0.4888,0,718,3493.0,4203.0,0,751,587,1778,1585,1758,325,718,31,14,57,9,42,17,58,42,39,37,29,15,26,67,39,4,15,26,61,46,1778,455,73,718,751
06037185310,734400,1641,1222,82,62,84,31,551,9,4,58,0,316,62,1553,543,2892,0.425,20,867,1640.0,3766.0,0,916,2458,2897,2754,2874,283,867,29,23,56,14,30,4,41,59,57,37,21,34,5,181,114,64,57,55,56,50,2897,150,104,867,916
06037185320,689800,1178,2014,47,47,53,15,557,28,18,49,14,368,97,1459,652,2713,0.4493,39,925,1871.0,3609.0,0,957,2162,2735,2507,2735,362,925,23,13,49,19,45,3,36,20,58,0,20,35,47,66,39,51,56,81,56,45,2735,178,130,925,957
06037186100,918400,1789,2930,38,111,184,111,845,198,109,130,20,993,198,3081,232,4724,0.4542,42,1838,5935.0,9225.0,12,1922,1431,4725,4291,4708,802,1838,81,25,64,51,26,7,83,68,107,71,43,33,170,119,159,41,59,106,126,29,4725,673,273,1838,1922
06037186201,889500,1484,2941,62,66,116,46,796,114,36,62,7,500,53,1609,445,3353,0.4661,92,1296,2554.0,5003.0,8,1346,1255,3382,3175,3344,490,1296,48,33,59,56,28,124,9,144,133,68,84,72,284,69,41,8,78,9,8,25,3382,251,249,1296,1346
06037186202,855600,1938,2558,54,39,35,91,410,12,21,30,38,313,61,1144,223,1676,0.4216,7,723,1589.0,3070.0,6,790,580,1676,1277,1676,303,723,0,57,24,58,0,0,17,25,35,31,2,7,15,19,17,11,20,33,56,16,1676,199,94,723,790
06037186203,968900,2767,2807,0,79,39,40,256,143,57,27,80,806,173,1885,155,2991,0.4114,13,1062,4525.0,5745.0,18,1070,1374,2991,2680,2977,656,1062,12,129,25,90,0,32,21,7,84,32,22,0,97,29,141,13,71,73,61,72,2991,636,170,1062,1070
06037186301,922200,1757,2729,30,69,95,50,585,67,12,28,0,244,173,1427,554,2566,0.4526,81,829,1441.0,3608.0,0,883,1615,2619,2456,2597,305,829,22,37,60,24,9,19,33,18,56,35,0,28,97,58,47,59,61,91,110,68,2619,151,83,829,883
06037186302,1056800,1887,2876,55,20,63,65,623,157,142,79,93,1227,294,3048,268,4850,0.4962,48,1850,6808.0,9401.0,0,2014,1827,4850,4410,4824,823,1850,87,89,175,40,7,49,61,20,164,51,35,58,50,34,96,31,81,238,77,49,4850,922,264,1850,2014
06037186401,747200,1723,2113,73,102,45,72,698,0,14,12,6,159,63,1435,322,2692,0.4259,61,857,745.0,3034.0,0,929,1991,2692,2453,2665,438,857,5,29,51,54,0,16,25,11,65,38,14,13,91,77,83,120,93,78,37,51,2692,77,61,857,929
06037186403,843100,1662,2417,22,111,72,87,471,29,32,14,14,290,55,1416,196,2602,0.4275,18,761,1608.0,3490.0,0,826,1787,2608,2326,2565,427,761,44,9,29,30,5,25,41,62,53,13,52,19,106,136,45,21,74,109,69,8,2608,155,107,761,826
06037186404,827800,1871,3191,36,63,85,52,572,23,18,31,39,214,193,1501,627,2663,0.4559,83,786,1207.0,3332.0,0,834,1809,2663,2399,2657,342,786,8,12,18,31,18,20,0,0,56,0,0,17,109,146,75,56,89,15,28,85,2663,125,75,786,834
06037187101,1081300,1936,3243,99,14,89,98,580,89,78,26,31,630,94,1695,210,2992,0.4025,71,1210,3431.0,5771.0,34,1338,939,3029,2601,3014,437,1210,49,18,62,76,91,22,43,43,42,135,32,79,17,26,25,14,15,179,81,63,3029,376,254,1210,1338
06037187102,898800,1564,3062,74,8,168,123,991,119,106,68,10,602,114,2656,901,4637,0.5348,65,1593,3265.0,6432.0,0,1656,2018,4637,4375,4590,694,1593,38,88,34,37,20,7,30,57,163,67,46,103,84,173,98,39,197,97,73,35,4637,262,283,1593,1656
06037187200,799100,2306,2084,18,73,82,41,629,24,22,27,6,419,184,1681,274,2668,0.4734,46,1048,2093.0,4173.0,0,1104,1448,2668,2389,2661,250,1048,15,49,12,39,0,0,46,21,78,39,51,76,11,84,56,9,24,7,17,37,2668,260,124,1048,1104
06037187300,1188700,2275,3661,92,155,127,129,996,69,81,84,32,649,243,2460,232,3678,0.4717,42,1645,3749.0,7912.0,0,1727,837,3678,3047,3657,520,1645,16,28,50,41,26,14,37,47,44,52,11,19,108,63,87,47,89,58,46,13,3678,489,121,1645,1727
06037188100,1020700,2030,2472,299,145,122,115,1369,84,79,29,0,490,168,2508,496,3703,0.4445,95,1859,2754.0,7189.0,0,1992,1648,3729,3344,3729,568,1859,28,57,119,60,0,11,221,40,100,9,0,60,0,70,36,0,71,50,32,9,3729,328,162,1859,1992
06037188201,1184900,2263,2688,229,195,107,98,1242,40,29,81,0,330,169,2193,210,3017,0.4798,61,1572,2156.0,6470.0,20,1935,406,3027,2033,3027,393,1572,0,8,28,39,16,8,49,45,36,18,29,0,28,96,55,0,55,74,80,18,3027,291,35,1572,1935
06037188202,2000001,2099,4001,53,9,21,0,462,57,148,99,48,826,73,1963,167,3024,0.5006,9,1288,5914.0,7602.0,0,1335,385,3024,2254,2960,451,1288,76,58,53,44,7,18,51,24,72,68,0,54,159,37,17,22,186,62,3,19,3024,661,165,1288,1335
06037188300,1104600,2568,2097,97,105,171,0,739,85,29,50,35,588,131,2080,285,3475,0.4548,122,1327,3037.0,5984.0,0,1458,813,3475,2884,3441,615,1327,51,160,86,40,9,50,68,22,114,51,52,52,162,55,53,96,57,46,69,11,3475,393,105,1327,1458
06037189101,1082300,2232,774,115,156,194,55,937,0,4,48,17,281,146,1566,189,2328,0.4182,124,1218,1681.0,4837.0,12,1451,184,2328,1766,2328,340,1218,20,16,23,29,8,61,31,7,6,10,28,94,47,36,4,0,63,52,27,0,2328,229,52,1218,1451
06037189102,1890000,2114,4000,145,221,221,184,1542,7,25,50,0,410,266,2785,257,3858,0.4563,169,1952,2567.0,7616.0,0,2044,412,3858,3260,3831,598,1952,0,13,59,17,5,25,12,74,62,79,31,76,171,104,38,0,52,37,55,24,3858,287,123,1952,2044
06037189201,940800,1877,3388,265,172,144,84,1670,7,29,0,0,105,206,2018,534,2894,0.4835,111,1775,633.0,4902.0,0,1977,748,2908,2371,2846,285,1775,0,44,9,35,13,24,33,8,115,32,18,54,0,23,26,54,113,59,0,0,2908,105,0,1775,1977
06037189202,2000001,2347,3763,142,135,69,45,813,29,41,0,32,554,77,1749,253,2943,0.5218,11,1367,4068.0,7256.0,0,1495,435,2948,2645,2915,546,1367,22,16,100,41,31,23,25,44,36,47,20,36,195,9,57,24,92,46,42,27,2948,480,74,1367,1495
06037189300,2000001,1741,2491,15,0,11,0,117,38,177,57,40,1281,114,1671,353,2916,0.5713,14,1398,8976.0,9669.0,0,1543,60,2930,2772,2896,614,1398,65,126,129,7,46,6,122,36,105,57,18,20,143,103,50,19,77,69,28,33,2930,1112,169,1398,1543
06037189400,1840800,2563,4001,65,130,83,39,733,82,43,31,63,807,155,2152,263,3015,0.5125,60,1540,5656.0,8666.0,0,2075,305,3017,2682,3017,532,1540,40,43,57,0,10,18,40,59,96,28,10,31,63,64,0,146,9,68,9,0,3017,741,66,1540,2075
06037189501,1059600,2185,3434,39,113,173,51,1142,57,14,9,36,305,157,1667,224,2182,0.4952,41,1447,1679.0,5635.0,0,1731,115,2182,1677,2167,257,1447,49,34,70,24,0,8,0,7,23,0,14,7,69,0,0,53,48,26,31,9,2182,274,0,1447,1731
06037189502,1233000,1885,2176,67,83,59,59,1130,55,0,0,0,129,168,1523,351,1875,0.4858,35,1259,983.0,4102.0,24,1497,435,1875,1570,1875,188,1259,11,8,37,17,0,0,17,39,37,41,50,0,28,0,0,0,0,0,0,0,1875,129,0,1259,1497
06037189600,1619000,1921,4001,20,191,290,234,1325,26,104,60,18,681,163,2698,402,3677,0.4424,29,2006,4496.0,8477.0,0,2335,623,3693,3174,3693,624,2006,50,21,104,15,7,6,14,112,14,0,15,39,29,33,87,21,0,0,8,114,3693,492,189,2006,2335
06037189702,2000001,1881,4001,0,156,27,15,834,41,68,20,41,529,210,1601,261,2271,0.572,143,1363,3503.0,6272.0,0,1727,242,2283,1874,2283,349,1363,0,64,67,15,17,40,39,19,22,60,32,59,22,0,18,59,21,0,24,0,2283,454,75,1363,1727
06037189703,1600500,3000,3556,32,33,9,55,448,45,0,37,10,570,16,1203,133,1872,0.5895,72,1018,3295.0,4492.0,0,1236,164,1872,1458,1872,201,1018,12,29,31,0,9,9,11,34,45,31,42,0,0,0,0,44,56,58,0,0,1872,505,65,1018,1236
06037189704,1561500,2315,3701,11,10,44,45,358,99,52,18,30,453,21,964,141,1561,0.5106,24,811,2719.0,3519.0,0,1431,220,1561,1306,1561,273,811,0,58,0,35,0,10,0,0,0,44,29,138,14,0,54,5,25,21,88,0,1561,427,26,811,1431
06037189801,1167200,2073,1158,17,122,75,55,1025,32,9,0,9,363,60,1226,81,1781,0.4933,48,1388,1860.0,5194.0,0,1666,173,1781,1431,1781,197,1388,0,0,20,15,0,14,0,0,178,7,70,39,0,15,43,8,10,34,0,0,1781,351,12,1388,1666
06037189802,1013200,2090,3364,102,98,127,23,781,22,39,18,0,324,127,1022,364,1854,0.5447,118,1105,1780.0,4500.0,0,1170,339,1857,1534,1857,323,1105,0,18,90,60,0,90,0,22,107,130,1,0,21,68,0,0,22,0,15,0,1857,259,33,1105,1170
06037189903,620400,2353,1852,74,224,102,108,1201,10,6,14,11,435,236,1778,186,2235,0.4278,133,1636,1255.0,4471.0,0,1736,264,2235,1939,2235,165,1636,0,8,22,35,0,53,6,13,45,0,0,72,7,37,0,0,13,0,0,0,2235,303,132,1636,1736
06037189904,-666666666,1998,4001,135,155,103,120,1423,0,0,11,0,30,165,1900,352,2312,0.4282,86,1453,161.0,3906.0,10,1635,480,2316,1671,2316,295,1453,15,20,33,0,0,14,29,13,12,0,0,34,7,0,46,0,37,2,15,0,2316,30,0,1453,1635
06037189905,868500,2052,2635,99,153,138,87,1129,32,50,32,31,257,87,1629,238,2399,0.5509,52,1386,1179.0,4287.0,7,1521,560,2412,2102,2412,323,1386,28,67,30,23,14,0,32,52,40,31,17,29,44,171,155,2,0,0,9,13,2412,190,58,1386,1521
06037189906,892600,2242,857,294,216,163,95,1393,0,0,0,0,73,122,2066,286,2448,0.4712,96,1466,336.0,4303.0,9,1593,265,2448,1708,2448,358,1466,2,1,13,1,6,0,0,68,0,1,0,9,19,0,0,19,0,0,9,0,2448,24,49,1466,1593
06037189907,1067400,2113,2778,186,138,171,180,1227,0,11,18,0,130,154,1743,223,2429,0.3439,19,1357,431.0,4132.0,9,1524,505,2429,1895,2392,361,1357,0,43,23,0,19,0,67,0,0,0,40,22,19,16,0,0,163,136,11,0,2429,85,45,1357,1524
06037190101,-666666666,1468,-666666666,166,88,101,139,1207,0,0,0,0,0,65,1108,433,1730,0.4335,58,1207,-666666666.0,3133.0,0,1551,236,1731,1314,1731,72,1207,19,3,60,0,0,0,3,0,34,0,0,0,0,0,0,0,0,53,0,1,1731,0,0,1207,1551
06037190102,819100,2022,1914,56,301,159,100,1405,0,17,13,0,55,137,2297,400,2614,0.4429,40,1460,202.0,4127.0,0,1727,837,2657,1937,2657,237,1460,4,17,16,0,0,0,19,0,122,56,17,0,62,0,0,0,0,0,0,0,2657,38,17,1460,1727
06037190201,-666666666,1500,-666666666,157,52,215,144,1456,0,0,0,0,0,223,1828,525,2607,0.4652,184,1456,-666666666.0,3548.0,0,1762,1288,3031,2396,3031,255,1456,0,5,10,60,0,0,17,0,61,10,77,47,0,6,121,30,17,94,24,7,3031,0,0,1456,1762
06037190202,-666666666,1759,-666666666,192,387,171,68,2186,0,0,0,0,19,236,2158,754,2860,0.4628,236,2205,,,0,2788,434,2860,2387,2860,253,2205,71,17,48,21,19,105,0,16,0,79,163,26,0,0,0,0,0,0,0,0,2860,19,0,2205,2788
06037190302,933300,1896,1708,67,81,35,179,1033,0,0,22,12,184,156,1794,545,2965,0.5815,73,1217,1144.0,3833.0,0,1390,610,2967,2718,2952,367,1217,0,74,24,45,74,45,32,26,73,60,117,19,15,0,0,0,28,122,0,69,2967,110,62,1217,1390
06037190303,-666666666,1246,-666666666,153,76,154,65,1527,0,20,0,0,37,309,1817,593,2484,0.5382,132,1564,,,0,1789,368,2514,2249,2514,258,1564,0,57,71,0,0,36,37,31,0,0,88,50,0,31,13,0,0,16,15,0,2514,37,0,1564,1789
06037190401,-666666666,1699,-666666666,77,128,241,53,1569,0,0,0,0,15,194,2066,203,2810,0.4638,97,1584,,,0,1852,707,2845,2515,2792,377,1584,4,57,9,29,60,0,82,19,69,94,101,21,79,0,32,0,0,30,24,9,2845,6,9,1584,1852
06037190402,-666666666,1764,-666666666,111,141,193,101,1161,0,0,0,0,0,68,1442,397,2187,0.3982,73,1161,-666666666.0,3412.0,0,1321,369,2194,1725,2168,153,1161,39,22,8,29,0,20,40,17,37,12,0,51,0,15,0,29,96,83,0,11,2194,0,0,1161,1321
06037190510,-666666666,1719,-666666666,211,294,125,158,1712,0,0,0,0,0,275,2464,970,3937,0.4616,145,1712,-666666666.0,4797.0,9,2158,1768,3974,3450,3974,521,1712,0,49,53,69,22,0,34,74,30,51,13,37,47,233,13,86,58,78,131,34,3974,0,0,1712,2158
06037190520,597200,1535,2321,112,259,220,124,1422,15,0,7,0,105,83,1874,1018,3617,0.482,103,1527,480.0,4357.0,12,1657,1502,3617,3382,3617,479,1527,0,0,66,44,29,91,56,51,87,36,30,58,200,142,96,35,41,161,18,9,3617,18,81,1527,1657
06037190701,1784700,1221,3792,113,74,114,41,736,5,8,0,0,31,56,758,440,1629,0.5683,34,767,75.0,2184.0,19,1109,420,1629,1394,1629,166,767,33,9,107,21,51,15,41,38,21,25,10,6,0,0,0,16,14,100,29,15,1629,26,0,767,1109
06037190702,1183000,1871,3554,13,164,22,41,613,13,7,33,0,107,137,948,67,1154,0.5408,19,720,598.0,2442.0,0,909,316,1154,1013,1154,121,720,27,14,9,17,0,0,8,0,6,15,26,17,0,0,0,0,2,0,17,6,1154,90,17,720,909
06037190801,690500,1407,-666666666,130,191,128,133,1288,0,0,5,0,50,206,1770,906,2956,0.5687,25,1338,228.0,3981.0,25,1513,1365,3200,2345,3196,249,1338,49,48,44,20,44,78,36,17,118,92,0,82,0,30,51,65,4,56,46,27,3200,26,9,1338,1513
06037190802,892200,1699,2796,145,160,255,46,1332,25,7,31,9,196,151,1853,616,2768,0.4651,23,1528,1130.0,4848.0,49,1752,966,2794,2232,2794,319,1528,40,17,10,23,12,9,5,30,19,52,0,25,75,0,0,0,0,32,71,0,2794,140,56,1528,1752
06037190901,812500,1363,463,92,210,108,108,1173,0,0,0,0,54,164,2022,1074,3579,0.4577,90,1227,288.0,3468.0,0,1584,2629,3609,3281,3609,256,1227,22,6,45,62,0,0,25,35,43,58,0,64,36,51,173,35,0,70,91,10,3609,54,0,1227,1584
06037190902,1131800,1657,2179,280,269,74,116,1511,0,0,0,0,97,176,2328,628,3720,0.4423,30,1608,506.0,5467.0,28,1823,2256,3754,3522,3754,527,1608,31,48,63,0,12,0,70,39,32,35,22,11,46,9,42,142,20,8,226,99,3754,47,46,1608,1823
06037191000,480000,2277,-666666666,122,500,459,216,2983,15,0,18,0,88,358,3764,649,5141,0.4941,222,3071,467.0,9023.0,38,4441,1363,5141,3789,5141,529,3071,70,33,55,0,34,42,0,13,53,0,15,35,34,68,7,0,167,0,132,60,5141,88,0,3071,4441
06037191110,662500,1401,3964,63,185,93,165,979,0,8,0,0,26,98,1073,1656,3353,0.4772,35,1005,112.0,2743.0,0,1224,1015,3584,3323,3584,218,1005,83,116,68,21,38,26,51,84,216,54,121,63,0,51,31,9,34,86,22,7,3584,8,6,1005,1224
06037191120,1129200,1480,1086,77,146,124,137,1437,0,0,0,4,87,373,2193,597,3686,0.4877,52,1524,553.0,4247.0,0,1707,2175,3892,3643,3892,393,1524,67,28,89,25,34,49,32,76,58,19,60,125,63,20,208,50,0,152,67,100,3892,86,1,1524,1707
06037191201,1038300,1470,2676,94,199,224,51,1585,7,0,0,0,83,345,3970,1258,5522,0.4944,141,1668,396.0,4858.0,17,1907,1748,5729,5208,5717,511,1668,125,198,45,108,36,59,6,68,211,81,70,90,0,67,71,19,51,0,30,62,5729,24,27,1668,1907
06037191203,1009600,1499,3056,103,67,111,15,889,0,52,0,0,105,129,1440,490,2168,0.5379,26,994,575.0,3028.0,23,1128,841,2168,1871,2168,325,994,30,22,49,23,22,8,30,46,121,33,26,0,33,43,86,45,51,12,6,24,2168,53,52,994,1128
06037191204,1079500,1508,1825,76,56,109,67,645,5,7,6,0,50,38,907,339,1480,0.4428,22,695,236.0,1899.0,6,853,654,1480,1285,1458,184,695,7,76,16,21,0,11,21,6,16,37,16,10,44,55,41,6,35,53,11,17,1480,26,19,695,853
06037191301,905100,1549,1875,37,129,78,120,753,0,11,26,0,179,118,1135,452,1993,0.5071,47,932,872.0,2902.0,23,1024,847,1993,1845,1993,258,932,9,23,34,58,4,26,15,43,58,85,25,32,42,17,46,6,11,23,54,14,1993,120,59,932,1024
06037191302,862500,1626,-666666666,103,98,73,21,757,0,6,0,0,79,108,1208,163,1685,0.4898,49,836,546.0,2596.0,0,1046,629,1736,1517,1736,322,836,61,0,0,0,11,6,0,0,18,1,0,23,0,0,32,52,24,0,30,5,1736,79,0,836,1046
06037191410,725000,1342,-666666666,94,86,170,98,1271,0,10,0,2,70,207,2010,1014,3276,0.4713,22,1341,373.0,3465.0,0,1512,2246,3409,2916,3393,296,1341,15,10,42,25,3,31,58,30,13,88,40,49,38,67,109,94,83,18,73,62,3409,41,25,1341,1512
06037191420,1114400,1622,2789,112,33,128,92,954,13,38,0,0,141,166,2364,425,3285,0.4206,64,1095,748.0,3593.0,0,1175,2310,3285,3072,3268,315,1095,16,0,28,0,21,9,0,0,32,19,0,9,50,21,53,49,54,16,83,76,3285,64,0,1095,1175
06037191500,918500,1535,4001,100,188,214,137,1510,48,31,9,0,305,324,3157,958,5657,0.441,116,1815,1971.0,6707.0,0,1940,3068,5683,5172,5653,835,1815,21,88,100,26,6,9,60,100,78,102,33,60,93,155,76,146,101,122,253,129,5683,137,66,1815,1940
06037191610,1297900,1659,4001,154,87,110,66,1237,0,18,23,0,180,178,2425,848,3999,0.4715,41,1417,1066.0,4379.0,19,1518,2127,3999,3511,3976,399,1417,46,29,33,1,38,0,46,25,98,21,0,0,125,40,91,17,96,147,222,119,3999,96,84,1417,1518
06037191620,757400,1535,-666666666,66,128,56,135,867,17,0,0,0,45,106,1613,580,2659,0.4246,34,912,158.0,2375.0,0,1090,1570,2768,2314,2706,243,912,0,40,51,44,0,15,13,17,28,47,35,89,129,163,63,11,134,50,40,65,2768,33,12,912,1090
06037191710,476300,1226,-666666666,114,48,86,167,1168,17,0,0,0,61,93,1300,688,2670,0.4727,96,1229,327.0,3105.0,39,1473,2234,2670,2552,2641,374,1229,35,46,78,18,11,56,23,57,176,13,14,6,71,13,39,71,42,39,42,128,2670,8,30,1229,1473
06037191720,1113600,1265,-666666666,99,234,108,99,1349,0,0,0,0,58,173,2290,577,3475,0.4139,34,1407,283.0,4120.0,0,1514,2602,3492,3304,3492,364,1407,0,38,91,26,0,0,39,39,50,23,0,9,57,28,137,27,67,118,28,17,3492,58,0,1407,1514
06037191810,-666666666,1797,-666666666,157,63,124,86,1172,0,0,0,0,22,168,1994,172,2807,0.3958,25,1194,,,14,1277,1819,2807,2624,2798,372,1194,13,36,54,12,0,0,0,20,112,0,0,0,133,22,135,94,29,38,0,38,2807,22,0,1194,1277
06037191820,833300,2001,3900,246,183,249,76,1797,10,9,50,9,138,164,2704,504,3803,0.4564,135,1935,708.0,6954.0,0,2073,1259,3803,3074,3719,350,1935,8,30,14,30,85,0,11,0,133,11,48,32,56,25,40,21,125,8,22,37,3803,82,56,1935,2073
06037191901,1524400,2084,3357,132,224,246,123,2129,0,21,0,41,74,231,2978,811,3931,0.4248,123,2203,414.0,6668.0,300,2530,861,3932,3236,3932,395,2203,9,0,28,0,0,0,0,25,0,0,0,28,108,80,0,0,88,41,94,39,3932,74,0,2203,2530
06037191902,1479200,2366,2399,60,56,56,129,818,81,23,32,28,735,122,1900,389,2836,0.6208,30,1553,4343.0,7510.0,0,1731,320,2836,2457,2814,463,1553,34,67,99,6,39,11,34,45,84,72,21,0,47,40,42,33,85,42,54,8,2836,636,89,1553,1731
06037192001,1502000,1988,4001,69,106,10,100,861,13,24,0,27,195,94,1397,394,1962,0.6588,19,1056,1136.0,3920.0,0,1352,245,2131,1603,2104,193,1056,9,22,32,63,11,11,16,27,8,37,21,69,76,18,0,7,50,17,26,18,2131,195,0,1056,1352
06037192002,1446300,2307,2440,31,49,8,86,569,57,88,68,28,741,152,1848,201,2567,0.5125,56,1310,4557.0,6668.0,13,1481,203,2586,2223,2586,403,1310,14,22,23,87,19,6,13,35,49,99,19,55,40,18,50,0,62,17,6,23,2586,637,90,1310,1481
06037192300,1140600,2177,3340,65,85,57,42,954,32,59,5,74,475,161,1800,260,2593,0.5432,39,1429,2424.0,5790.0,0,1776,472,2594,2406,2567,464,1429,6,40,67,57,23,26,19,11,99,33,24,59,65,46,6,0,72,31,35,10,2594,304,171,1429,1776
06037192410,1517900,2183,3321,217,138,156,111,1205,129,28,53,23,686,165,2621,253,4066,0.5413,48,1891,4166.0,8949.0,61,2025,547,4066,3685,4066,693,1891,9,62,25,53,37,0,12,25,94,26,77,40,47,42,35,19,216,64,21,55,4066,587,99,1891,2025
06037192420,1018400,1869,3474,114,95,105,210,1258,40,0,32,0,121,98,2277,515,3552,0.434,9,1379,607.0,4812.0,0,1476,1445,3564,3266,3564,434,1379,51,96,53,5,34,0,31,33,76,77,70,0,98,53,32,42,114,78,26,46,3564,52,50,1379,1476
06037192510,947700,1858,3432,28,82,135,23,988,13,20,0,0,246,132,2087,752,3634,0.4436,43,1234,1205.0,4278.0,0,1290,1775,3711,3549,3680,706,1234,0,98,43,16,0,12,124,32,71,31,25,0,260,66,195,21,59,25,27,109,3711,64,170,1234,1290
06037192520,718400,1688,-666666666,190,247,24,104,1436,10,0,0,0,138,418,3138,947,5119,0.3922,26,1574,751.0,5548.0,17,1784,3720,5119,4467,5094,561,1574,69,59,48,23,0,0,62,33,77,16,51,44,36,181,138,6,256,201,81,74,5119,97,41,1574,1784
06037192610,1168800,1601,-666666666,113,110,142,94,1412,0,13,15,0,57,173,2326,877,3954,0.4169,138,1469,375.0,4641.0,17,1689,2626,3958,3218,3949,358,1469,73,118,49,37,0,11,9,62,76,10,22,21,103,170,98,85,106,173,32,16,3958,33,24,1469,1689
06037192620,696400,1457,-666666666,71,156,72,74,1159,0,0,0,0,22,88,1705,903,3549,0.4063,48,1181,94.0,3607.0,0,1281,2308,3562,3367,3501,480,1181,36,24,41,8,34,33,0,87,30,70,0,11,149,110,199,59,64,171,91,82,3562,14,6,1181,1281
06037192700,950000,1724,2472,77,63,166,162,1136,0,27,0,0,122,132,1768,761,3231,0.4784,88,1258,813.0,4372.0,16,1352,1940,3234,2654,3220,267,1258,53,69,51,53,0,0,12,20,19,36,41,20,0,85,69,0,28,85,36,28,3234,96,16,1258,1352
06037194101,2000001,2153,4001,43,59,111,75,1162,41,57,83,0,585,296,2205,249,3139,0.5747,18,1747,3989.0,8091.0,0,2082,256,3139,2714,3115,626,1747,55,33,25,79,90,42,18,65,72,81,0,25,36,79,9,0,52,30,50,0,3139,528,35,1747,2082
06037194102,2000001,2134,3945,26,12,41,21,304,90,28,58,21,936,78,1480,349,2490,0.5947,10,1240,6539.0,7851.0,0,1682,323,2490,2248,2457,476,1240,60,35,57,15,44,21,9,38,54,47,47,72,23,19,35,49,127,28,55,0,2490,819,117,1240,1682
06037194200,2000001,2389,4001,9,21,54,34,451,60,124,77,71,1212,203,2267,103,3385,0.5093,96,1663,7999.0,9613.0,0,1978,142,3440,3170,3440,621,1663,23,54,166,96,0,12,32,55,24,107,0,18,114,43,139,38,22,38,27,35,3440,984,162,1663,1978
06037194300,2000001,3501,4001,41,16,0,0,226,107,87,58,66,1159,82,1685,162,2746,0.558,46,1385,7946.0,9164.0,0,1733,284,2746,2478,2722,584,1385,21,61,111,55,20,75,42,60,56,0,64,27,43,38,158,0,41,47,68,34,2746,981,178,1385,1733
06037194401,2000001,2277,3417,172,128,143,61,1189,23,0,11,0,253,174,1913,252,2484,0.48,38,1442,2063.0,6396.0,0,1565,601,2636,2178,2636,279,1442,24,21,11,0,6,9,10,114,44,55,30,66,35,53,0,10,14,11,13,0,2636,253,0,1442,1565
06037194402,1113200,2646,2884,102,121,126,139,1332,20,175,32,9,787,148,2322,417,3101,0.4956,88,2119,3874.0,8770.0,0,2316,170,3101,2685,3101,309,2119,11,69,41,32,28,32,17,100,28,71,13,66,71,0,0,0,18,20,20,0,3101,692,95,2119,2316
06037194500,2000001,2453,4001,22,131,6,70,599,12,20,5,11,391,80,1202,132,1949,0.5519,34,990,2536.0,4973.0,10,1160,90,2011,1743,1977,371,990,27,53,57,40,31,8,16,16,32,28,13,45,66,18,47,21,84,49,18,8,2011,337,54,990,1160
06037195100,1808600,1943,3262,26,63,83,139,683,93,218,55,35,1494,52,2536,260,4814,0.4867,59,2177,10298.0,13307.0,0,2382,796,5042,4371,5042,965,2177,60,109,98,38,65,57,10,66,192,59,66,99,224,293,16,15,83,81,146,34,5042,1115,379,2177,2382
06037195201,1557400,2046,2795,142,173,166,120,1190,32,29,58,0,367,162,1861,263,2698,0.4342,42,1557,2435.0,6233.0,0,1654,414,2698,2379,2689,373,1557,40,10,19,87,0,51,71,17,64,67,31,80,10,8,61,27,32,17,13,32,2698,313,54,1557,1654
06037195202,1485800,2867,3413,136,81,48,61,734,129,47,23,47,719,193,2192,252,3329,0.4672,28,1453,4831.0,7980.0,0,1505,589,3329,3071,3302,682,1453,54,37,13,9,23,46,7,37,63,25,29,20,147,42,21,48,73,34,104,50,3329,571,142,1453,1505
06037195300,1059900,1812,3159,138,167,109,108,1101,62,21,15,13,348,346,2082,366,2903,0.4956,154,1449,1787.0,5574.0,7,1630,671,2903,2414,2869,349,1449,16,31,40,24,0,28,58,0,39,20,36,12,68,59,36,7,76,26,39,39,2903,282,61,1449,1630
06037195400,1435200,1779,3583,184,195,117,127,1195,92,143,57,16,1121,275,3013,365,4215,0.5711,119,2316,6367.0,10755.0,0,2452,753,4221,3601,4160,635,2316,15,104,17,51,81,18,0,73,139,75,0,21,26,28,27,19,72,41,33,37,4221,909,194,2316,2452
06037195500,1094500,1727,2733,317,145,123,76,1365,40,106,55,7,1022,246,3050,231,5010,0.4475,156,2387,5605.0,11173.0,0,2545,1440,5010,4315,4914,648,2387,65,107,128,34,31,12,12,63,104,20,57,81,295,39,40,155,131,0,123,34,5010,790,232,2387,2545
06037195600,1066200,1224,2562,40,136,78,27,771,98,0,58,25,409,71,1539,728,2673,0.5474,63,1180,2274.0,4533.0,0,1305,1346,2707,2288,2707,419,1180,115,50,27,24,22,0,26,104,58,37,16,1,76,46,44,0,48,60,36,31,2707,350,48,1180,1305
06037195710,1122800,1623,3250,93,120,94,142,1360,0,23,14,0,165,228,2579,1680,4698,0.4713,32,1525,828.0,5077.0,0,1543,2866,4860,4295,4798,375,1525,126,86,86,0,29,0,0,72,82,9,6,51,136,64,163,0,77,60,120,2,4860,96,67,1525,1543
06037195720,760000,1943,2600,69,58,104,81,695,5,6,4,17,150,121,1195,332,1795,0.4557,47,845,611.0,2800.0,9,1008,887,1795,1475,1778,185,845,11,78,58,9,17,0,21,55,27,22,14,14,29,16,16,0,38,30,26,17,1795,99,50,845,1008
06037195802,1091300,1832,2685,112,51,83,57,884,20,28,5,0,191,114,1844,441,2950,0.4539,43,1075,997.0,3784.0,0,1116,1711,2958,2641,2933,376,1075,5,34,30,7,19,0,121,28,38,91,19,49,62,55,32,55,135,63,3,30,2958,93,80,1075,1116
06037195803,1160200,1881,3813,78,85,80,137,788,15,9,53,27,258,148,1619,336,2351,0.3877,45,1046,1317.0,4204.0,11,1198,855,2351,1978,2304,201,1046,14,48,26,32,42,17,17,50,19,24,8,0,143,40,17,46,40,12,25,0,2351,207,25,1046,1198
06037195804,1159300,1699,2540,146,161,157,22,933,0,27,0,10,182,96,1675,377,2527,0.4775,51,1115,796.0,4096.0,0,1204,1288,2527,2267,2506,283,1115,0,0,53,11,46,48,17,54,27,12,20,74,36,11,40,22,22,66,10,46,2527,150,17,1115,1204
06037195901,1577400,1752,3950,133,114,100,48,962,34,0,19,0,149,268,1648,352,2382,0.5273,111,1111,845.0,3801.0,0,1253,814,2435,2036,2426,367,1111,37,0,63,35,8,27,25,49,20,28,7,81,28,46,7,21,46,18,23,0,2435,56,70,1111,1253
06037195902,1205800,1923,3031,67,73,64,13,641,8,35,70,8,333,117,1262,134,1779,0.4768,28,974,1698.0,4110.0,28,1154,212,1779,1418,1734,196,974,0,19,32,9,0,9,6,12,18,22,0,0,201,40,29,0,18,0,30,0,1779,286,39,974,1154
06037195903,1093000,1836,2981,93,114,73,81,716,31,18,15,11,164,91,1386,180,1923,0.395,72,880,883.0,3351.0,0,948,825,1923,1673,1904,257,880,20,42,8,7,0,0,29,9,26,0,45,10,33,20,47,0,20,41,16,17,1923,105,38,880,948
06037197200,771200,1843,2220,39,63,199,13,659,27,0,33,37,534,67,2080,206,3589,0.4109,71,1193,2764.0,5258.0,0,1227,1243,3602,3241,3589,544,1193,51,36,35,110,40,16,7,69,146,55,10,71,136,62,79,81,50,0,44,49,3602,254,235,1193,1227
06037197300,1124000,2053,2938,85,158,131,159,1227,110,22,31,59,532,250,2769,300,3847,0.3892,66,1759,2737.0,6925.0,0,1936,1237,3847,3486,3847,480,1759,146,59,32,38,40,0,67,9,87,23,0,31,24,86,56,18,103,25,20,35,3847,353,146,1759,1936
06037197410,1213900,2046,2540,90,219,150,20,876,25,101,151,6,887,241,2378,374,3725,0.4543,203,1763,4874.0,8024.0,0,1890,1088,3725,3165,3699,631,1763,28,28,57,82,12,48,6,38,144,109,29,34,182,44,6,34,26,9,102,33,3725,652,168,1763,1890
06037197420,938200,1937,3250,139,208,134,51,1147,115,20,40,0,468,183,2514,272,3857,0.4533,97,1615,2478.0,6647.0,0,1655,1982,3962,3475,3921,491,1615,62,58,11,15,0,57,0,69,25,18,0,55,47,0,106,38,75,123,43,203,3962,315,103,1615,1655
06037197500,1133800,1670,2284,248,231,145,111,1519,0,49,5,17,227,172,2768,434,3882,0.3984,102,1746,1148.0,6369.0,0,1809,1765,3882,3461,3836,370,1746,0,48,38,69,8,9,26,49,29,24,25,56,46,50,84,43,122,67,36,11,3882,125,83,1746,1809
06037197600,906300,2152,-666666666,77,90,90,48,727,46,7,0,0,134,131,1471,501,2130,0.4204,60,861,736.0,3733.0,0,902,1176,2130,1605,2102,172,861,2,0,32,18,0,0,6,24,50,14,27,58,28,27,0,100,23,0,53,11,2130,108,18,861,902
06037197700,642200,2091,2577,241,131,124,99,1860,26,8,7,0,248,147,3152,761,4953,0.5267,32,2108,1298.0,7787.0,0,2178,1431,4963,4309,4948,554,2108,24,89,61,72,46,32,36,67,202,95,17,53,129,37,116,74,33,40,146,45,4963,216,32,2108,2178
06037199001,625000,1203,-666666666,109,103,0,108,627,0,0,0,0,49,92,1213,414,2214,0.3667,65,676,133.0,2985.0,0,802,1272,2214,2115,2148,293,676,27,6,0,10,0,36,9,17,85,36,0,58,74,60,84,83,78,10,65,11,2214,3,46,676,802
06037199002,645500,1774,1667,64,34,93,154,781,4,18,7,0,284,175,1747,223,2598,0.4346,33,1065,1101.0,3586.0,0,1121,1375,2610,2435,2576,441,1065,41,50,6,0,0,50,42,41,26,66,8,23,24,52,33,114,26,39,30,31,2610,124,138,1065,1121
06037199110,635700,1446,1923,52,60,74,35,326,35,43,27,55,451,181,1300,379,2452,0.4545,54,777,2169.0,3463.0,0,811,2079,2452,2257,2441,346,777,16,7,64,43,0,24,59,39,71,46,21,26,123,14,80,19,21,66,55,62,2452,248,166,777,811
06037199120,594900,1295,2029,57,39,75,75,880,0,8,0,12,209,242,2045,955,3692,0.4171,89,1089,1233.0,4699.0,0,1140,2721,4031,3605,3980,445,1089,11,44,76,7,16,54,50,35,60,100,30,137,116,130,171,101,130,85,41,87,4031,58,134,1089,1140
06037199201,494500,1443,489,108,115,50,61,841,0,8,0,0,275,140,1792,886,3540,0.5648,9,1116,1025.0,4137.0,0,1217,2173,3540,3288,3524,466,1116,17,9,29,5,20,189,17,27,84,47,36,34,16,149,160,88,75,95,122,84,3540,197,69,1116,1217
06037199202,771400,1484,1881,59,74,10,82,409,10,44,71,19,489,118,1457,407,2594,0.4661,36,898,2373.0,3972.0,0,939,1695,2594,2234,2554,332,898,84,45,41,19,39,10,41,17,127,75,11,34,67,8,68,33,59,53,83,87,2594,279,111,898,939
06037199300,846900,1383,2100,19,11,30,13,511,80,87,7,50,781,243,2540,548,4045,0.4643,99,1292,4557.0,6531.0,0,1327,2174,4093,3768,4039,722,1292,14,31,48,23,41,77,28,82,164,93,59,106,30,52,96,29,135,35,71,92,4093,413,363,1292,1327
06037199400,707500,1551,1767,130,98,73,14,1063,15,110,23,51,432,340,2244,1303,4497,0.466,65,1495,2313.0,6380.0,0,1545,2642,4497,4010,4407,592,1495,39,55,47,0,11,26,54,19,48,48,46,45,86,56,156,101,311,45,233,46,4497,261,134,1495,1545
06037199700,655500,1525,-666666666,55,96,140,32,1013,0,35,0,0,233,68,1669,568,3017,0.466,68,1246,1203.0,4660.0,0,1259,1910,3025,2506,3004,337,1246,33,19,26,58,37,52,31,118,70,29,10,67,39,34,72,20,94,36,150,9,3025,150,52,1246,1259
06037199801,602000,1455,-666666666,81,55,34,45,574,16,0,16,44,336,145,1981,580,3742,0.4444,58,910,1448.0,3545.0,0,942,2506,3745,3414,3715,474,910,29,37,2,0,0,11,9,49,66,50,23,79,226,97,98,68,70,157,196,10,3745,52,163,910,942
06037199802,547200,1269,884,70,19,75,40,389,48,0,8,0,212,77,1114,273,2064,0.3338,76,601,1068.0,2675.0,0,631,961,2064,2002,2064,244,601,0,60,4,66,3,0,40,36,52,7,9,50,52,51,69,18,24,69,91,28,2064,50,133,601,631
06037199900,638600,1207,2729,32,30,77,52,710,7,11,12,5,151,134,1255,376,2341,0.5529,42,861,819.0,3047.0,0,894,1946,2341,2263,2341,262,861,29,27,27,3,5,0,43,0,20,27,82,32,53,100,96,30,52,42,65,74,2341,107,42,861,894
06037201110,743300,1550,2155,21,23,41,6,244,27,54,0,72,523,25,1341,253,2390,0.4247,36,767,3158.0,4156.0,0,833,1776,2390,2263,2380,348,767,26,105,36,5,35,21,44,10,45,47,62,13,48,49,16,33,41,63,83,63,2390,299,198,767,833
06037201120,777800,1513,2643,152,82,86,22,673,78,82,117,31,608,213,2439,498,3934,0.4341,14,1281,3531.0,6227.0,0,1362,3016,3934,3550,3894,546,1281,28,0,152,77,16,51,9,67,139,0,0,27,74,108,91,122,74,93,66,18,3934,368,197,1281,1362
06037201200,696700,1350,1522,41,47,34,30,346,27,47,20,27,407,77,1494,349,2711,0.4643,4,753,2247.0,3633.0,0,774,2172,2711,2566,2678,405,753,8,14,53,49,0,34,27,25,18,31,10,39,76,27,168,43,93,67,81,75,2711,190,168,753,774
06037201301,766600,1162,1780,64,90,81,5,584,66,106,53,0,493,185,1808,471,3295,0.4251,121,1077,3114.0,5363.0,0,1119,2122,3433,3156,3433,472,1077,43,22,101,40,63,66,25,69,65,59,51,78,61,179,88,0,17,55,83,8,3433,286,175,1077,1119
06037201302,627100,2468,2335,37,78,106,66,496,157,76,130,154,1374,133,2291,388,3997,0.408,50,1870,6432.0,8446.0,0,1989,828,4001,3529,3985,569,1870,27,54,71,67,93,73,61,44,116,161,65,58,88,9,0,41,86,22,102,15,4001,960,384,1870,1989
06037201401,623700,1532,2126,22,27,60,71,605,73,54,89,26,697,240,2159,1124,4620,0.4429,80,1302,3793.0,6260.0,0,1369,3668,4632,4287,4536,450,1302,39,37,49,36,27,46,23,99,34,0,54,40,130,46,319,101,184,152,61,186,4632,349,276,1302,1369
06037201402,685300,1486,1642,29,159,23,21,413,62,61,124,20,1088,140,2098,821,4406,0.4541,30,1501,6046.0,7727.0,0,1505,3381,4445,4190,4402,744,1501,57,15,86,49,80,82,17,143,106,162,99,93,184,49,186,35,63,162,154,25,4445,552,498,1501,1505
06037201501,704200,1636,1688,201,23,100,124,802,149,134,28,20,713,305,2733,668,5541,0.3546,104,1515,3739.0,7213.0,0,1679,4110,5594,5056,5550,703,1515,36,123,101,17,69,86,33,176,65,58,85,138,303,191,182,61,111,128,153,47,5594,336,220,1515,1679
06037201503,580400,1335,2055,85,82,169,63,652,24,39,39,6,340,158,1639,417,3230,0.3858,28,992,1751.0,3773.0,0,1021,2886,3261,3115,3235,390,992,33,62,19,0,16,22,11,65,81,34,0,21,136,162,74,95,77,11,111,31,3261,100,240,992,1021
06037201504,677900,1333,2159,0,57,7,0,267,36,38,44,8,357,80,1003,324,2158,0.4292,20,624,2002.0,3044.0,0,647,1827,2177,2071,2149,358,624,35,17,63,22,0,36,47,29,78,12,14,33,32,47,82,33,34,85,73,91,2177,191,117,624,647
06037201601,699200,1526,1625,36,38,11,37,284,47,8,24,43,407,261,1202,385,2337,0.4762,38,691,2052.0,3201.0,0,737,1778,2337,2168,2307,261,691,0,29,42,21,11,38,38,33,56,34,9,62,90,73,55,85,45,16,74,16,2337,250,133,691,737
06037201602,789600,1553,1496,49,69,18,6,356,17,57,28,32,379,120,1142,378,2602,0.4321,37,735,2072.0,3561.0,0,794,1956,2619,2414,2609,358,735,3,55,31,95,45,0,5,14,104,70,56,36,131,108,78,51,48,84,109,45,2619,194,175,735,794
06037201700,663700,1460,2214,80,9,138,27,625,126,90,62,36,824,190,2819,359,3867,0.3669,116,1449,4538.0,6933.0,0,1589,2824,4865,3965,4810,599,1449,0,33,98,112,119,20,90,40,74,107,4,20,123,127,220,8,75,91,34,73,4865,500,282,1449,1589
06037203100,691100,1141,2917,64,181,144,111,1100,0,41,41,0,157,249,2344,1081,4294,0.4253,162,1257,839.0,5410.0,0,1316,4048,4357,3973,4357,419,1257,0,0,0,44,30,9,68,41,60,120,0,12,16,202,85,217,75,248,185,88,4357,59,45,1257,1316
06037203200,584700,1717,1728,89,122,52,76,955,18,49,19,47,366,236,2519,1264,5387,0.4198,79,1321,1755.0,5595.0,0,1386,5096,5417,4630,5230,525,1321,26,61,30,40,18,39,0,87,49,44,25,10,412,195,163,166,193,244,277,98,5417,151,198,1321,1386
06037203300,635400,1460,1287,12,51,0,48,381,12,15,0,0,90,71,514,561,1183,0.4753,36,471,391.0,1741.0,0,512,1298,1718,1344,1705,87,471,0,1,6,49,2,9,6,34,57,0,18,7,46,21,8,198,31,35,152,40,1718,60,23,471,512
06037203500,698500,1302,1789,108,9,75,38,639,28,25,16,9,334,170,1380,868,2909,0.5475,51,973,2014.0,4252.0,0,1034,2043,2915,2721,2901,392,973,11,89,47,17,18,33,36,0,89,27,96,32,14,28,164,64,21,63,160,0,2915,206,110,973,1034
06037203601,533800,1550,-666666666,9,94,37,51,682,35,24,7,0,136,121,1166,534,2599,0.4273,89,818,614.0,3336.0,0,854,2596,2629,2312,2617,208,818,111,20,23,0,28,23,39,36,0,0,67,83,83,96,26,47,108,30,30,19,2629,81,51,818,854
06037203602,720000,1765,-666666666,32,64,51,29,446,0,0,0,8,134,30,984,696,2074,0.4156,0,580,673.0,2282.0,0,593,1942,2074,1773,2018,213,580,9,0,14,18,39,11,0,10,22,42,19,23,182,11,16,27,103,15,143,20,2074,57,77,580,593
06037203710,667200,1464,2264,62,68,7,65,612,18,3,42,12,193,184,1830,814,3420,0.3817,45,805,1012.0,3327.0,0,866,3349,3449,3150,3426,258,805,21,44,49,9,5,0,23,48,19,20,88,5,183,140,189,57,151,111,67,57,3449,118,56,805,866
06037203720,655900,1420,2737,57,50,102,85,732,24,0,45,24,286,197,1900,765,3892,0.3816,136,1018,1406.0,3942.0,24,1074,3734,3892,3710,3827,497,1018,7,52,80,21,25,9,115,34,13,44,11,44,114,189,229,68,109,135,135,63,3892,104,125,1018,1074
06037203800,489600,1214,1147,122,59,74,106,817,0,13,24,0,428,148,2248,1231,4728,0.4416,33,1245,2280.0,5413.0,0,1289,4546,4728,4630,4670,530,1245,73,0,145,41,12,0,12,127,133,10,42,14,151,86,185,40,186,140,74,150,4728,121,215,1245,1289
06037203900,588300,1365,1771,106,25,48,15,419,46,8,0,7,268,89,1624,380,3080,0.3305,13,687,1567.0,3364.0,0,732,3045,3208,2986,3174,305,687,23,20,49,29,6,5,37,70,37,27,8,40,146,126,114,157,129,48,102,54,3208,107,133,687,732
06037204110,606100,1118,1691,56,83,58,66,513,0,12,52,48,340,98,1524,750,3097,0.3743,17,853,1866.0,3795.0,0,907,2960,3097,2982,3088,418,853,11,5,22,14,0,46,7,10,54,57,36,95,84,112,135,27,64,74,33,169,3097,120,131,853,907
06037204120,597400,1642,889,78,55,75,71,532,6,9,26,0,167,161,1392,218,2606,0.3407,44,699,884.0,3131.0,0,737,2476,2606,2516,2606,304,699,21,18,0,18,13,26,24,12,67,43,10,32,64,160,25,123,116,56,64,46,2606,51,80,699,737
06037204200,551800,1205,1552,98,59,122,20,820,9,0,0,41,219,189,1713,923,3427,0.4328,77,1039,1206.0,3840.0,0,1117,3214,3427,3297,3404,314,1039,0,2,46,0,40,0,21,79,11,17,4,41,238,145,73,77,43,119,126,122,3427,89,60,1039,1117
06037204300,578700,1234,1878,65,110,123,110,985,23,21,62,0,389,177,2248,1241,5199,0.4386,28,1374,2008.0,5313.0,0,1423,5042,5294,4924,5200,601,1374,84,56,7,99,33,24,168,5,233,65,103,95,124,206,277,57,131,184,166,129,5294,183,150,1374,1423
06037204410,597200,1311,-666666666,44,34,65,11,593,0,12,9,0,97,93,1233,743,2588,0.4661,26,690,616.0,2688.0,18,703,2484,2618,2475,2617,217,690,41,42,28,28,55,0,29,18,22,105,10,40,76,116,35,57,76,88,55,77,2618,59,30,690,703
06037204420,436500,1194,-666666666,139,96,75,58,792,0,0,0,0,55,176,1492,875,3052,0.405,48,847,296.0,2685.0,0,999,2879,3085,2639,3069,275,847,4,17,24,1,6,5,27,13,10,65,19,75,97,79,106,110,59,122,130,73,3085,29,26,847,999
06037204600,517500,1460,1827,33,94,52,90,871,10,10,81,20,277,228,1689,927,4091,0.4328,164,1148,1531.0,5108.0,24,1158,3761,4135,3232,4085,429,1148,29,72,27,40,39,34,47,107,17,27,23,52,79,246,234,26,241,66,303,107,4135,156,88,1148,1158
06037204700,588200,1285,1584,51,72,8,64,628,29,59,41,23,603,209,2369,1091,4750,0.3881,57,1231,3003.0,5492.0,0,1306,4590,4847,4652,4820,591,1231,16,92,14,52,8,45,12,34,54,77,8,73,126,148,191,167,108,266,237,40,4847,205,277,1231,1306
06037204810,592300,1464,961,98,80,54,74,957,0,25,61,25,407,133,2018,1021,4929,0.3886,54,1364,2196.0,5768.0,0,1400,4716,4929,4557,4929,625,1364,27,107,47,9,32,70,88,83,75,33,15,26,95,273,315,190,163,140,136,42,4929,205,149,1364,1400
06037204820,546900,1793,1278,19,19,12,45,294,23,29,0,6,250,9,1057,340,2222,0.3499,13,544,1199.0,2500.0,0,577,2121,2222,2147,2203,229,544,45,6,0,30,5,41,1,16,45,19,33,20,73,121,53,92,44,80,103,44,2222,139,68,544,577
06037204910,645500,1193,1784,74,98,55,70,799,14,0,25,26,154,109,1317,854,3065,0.4813,77,953,831.0,3873.0,0,997,2877,3065,2876,3007,260,953,13,47,46,27,11,10,45,19,40,83,9,29,134,25,168,78,90,66,180,153,3065,64,80,953,997
06037204920,600600,1370,1311,96,31,45,19,437,21,0,65,7,250,141,1206,521,2620,0.3536,60,687,1303.0,2876.0,0,707,2529,2623,2412,2578,286,687,0,28,22,49,4,21,15,19,0,17,48,90,57,147,128,98,82,36,74,61,2623,92,95,687,707
06037205110,-666666666,1473,-666666666,60,151,53,45,856,0,0,0,0,0,259,1612,909,3447,0.4222,30,856,-666666666.0,3113.0,0,894,3358,3447,3098,3418,388,856,34,18,36,6,0,10,17,52,22,12,11,10,69,175,169,108,183,107,205,85,3447,0,0,856,894
06037205120,622700,1263,2171,48,38,138,47,794,20,0,0,0,110,234,1530,1247,3630,0.4768,77,904,509.0,3774.0,0,911,3541,3630,3374,3537,297,904,30,0,57,21,9,0,30,27,100,10,4,15,138,68,220,6,221,106,278,147,3630,23,30,904,911
06037206010,850000,1409,2614,139,212,132,304,1410,19,0,40,0,98,384,2369,1045,3729,0.5119,80,1508,630.0,5228.0,84,1594,1801,3729,3227,3647,417,1508,16,32,2,83,34,7,9,54,47,51,76,10,70,112,57,79,57,41,89,53,3729,45,30,1508,1594
06037206020,-666666666,2783,-666666666,36,25,62,30,251,0,0,0,0,0,15,350,63,437,0.3077,4,251,-666666666.0,765.0,0,251,3728,8994,4507,8994,45,251,36,42,13,19,0,0,0,0,0,6,0,0,0,0,0,0,0,0,0,0,8994,0,0,251,251
06037206050,-666666666,1099,-666666666,113,142,50,67,748,0,0,9,0,20,165,1044,400,2238,0.553,30,768,75.0,2987.0,0,819,1968,2317,2053,2283,180,768,6,29,51,30,0,39,45,14,73,14,28,122,75,31,147,26,90,97,56,105,2317,11,0,768,819
06037206051,938200,2627,2613,46,37,96,75,551,86,0,65,42,331,103,1176,66,1325,0.5787,0,882,876.0,2069.0,44,1178,306,1325,1033,1325,137,882,18,51,19,0,0,0,0,11,0,0,19,0,0,0,0,0,19,0,0,0,1325,124,207,882,1178
06037206052,734600,2898,2778,256,149,131,152,1623,18,0,0,0,167,100,2621,421,3150,0.4451,47,1790,447.0,4196.0,43,2285,415,3150,1491,3111,427,1790,0,54,11,0,0,0,0,44,0,0,0,0,21,0,6,60,45,0,0,0,3150,89,45,1790,2285
06037206053,658900,1101,2554,30,149,93,39,988,10,46,26,22,164,86,1433,854,2863,0.5437,116,1152,951.0,3108.0,0,1218,2386,3007,2664,2989,232,1152,18,14,69,23,64,25,22,36,20,41,52,185,127,164,21,27,43,108,154,27,3007,52,81,1152,1218
06037206054,728300,1367,2955,109,45,47,74,583,0,0,0,19,42,132,1098,1023,2449,0.4421,84,625,206.0,2941.0,0,667,1896,2455,2258,2454,328,625,0,5,29,19,5,9,2,19,14,14,16,19,11,70,100,29,51,163,149,130,2455,20,22,625,667
06037206201,599700,2705,-666666666,66,180,131,74,1088,0,0,0,15,101,232,1307,733,2203,0.5258,50,1189,322.0,3050.0,0,1396,347,2203,1124,2203,233,1189,55,37,26,24,34,6,13,0,41,16,6,16,0,25,24,0,0,26,0,20,2203,58,43,1189,1396
06037206202,617100,630,2321,28,24,218,211,1039,34,20,41,49,183,42,761,857,1911,0.6554,67,1222,355.0,2352.0,0,1265,224,1915,1441,1901,150,1222,15,14,55,31,55,56,20,0,66,105,139,159,14,0,21,0,61,0,0,18,1915,116,33,1222,1265
06037206301,-666666666,392,-666666666,17,39,235,133,1109,0,0,0,0,33,188,616,1382,2096,0.4283,311,1142,,,0,1348,427,2133,1169,2133,0,1142,16,201,22,0,36,0,22,69,0,0,93,0,0,0,0,0,0,19,0,0,2133,21,12,1142,1348
06037206302,-666666666,301,-666666666,0,19,183,177,651,0,0,0,0,0,301,678,1548,2271,0.5602,221,651,-666666666.0,816.0,7,756,531,2271,1362,2271,0,651,17,29,45,0,0,0,43,27,66,0,0,19,0,0,0,0,0,0,0,0,2271,0,0,651,756
06037206303,-666666666,360,-666666666,0,63,91,87,550,0,0,0,0,8,364,817,2032,2757,0.554,79,558,,,0,678,763,2757,1574,2757,0,558,27,65,79,23,19,46,15,37,0,0,0,0,0,0,0,0,0,0,0,0,2757,8,0,558,678
06037207101,-666666666,2198,-666666666,123,306,45,35,1654,0,0,0,0,6,101,2037,1067,3864,0.5025,45,1660,,,0,1908,389,3864,2968,3766,438,1660,9,0,81,1,63,11,14,24,121,18,52,129,142,226,91,52,85,53,62,11,3864,0,6,1660,1908
06037207102,-666666666,1580,-666666666,178,129,345,197,1466,16,0,0,0,33,237,1788,915,3198,0.5083,37,1499,,,72,1531,724,3198,2910,3186,417,1499,29,40,28,68,41,56,49,95,110,29,26,80,32,50,50,220,0,27,57,0,3198,17,16,1499,1531
06037207103,750000,1178,554,57,113,11,88,870,7,0,0,0,26,97,1224,449,2047,0.564,34,896,110.0,2628.0,0,934,275,2055,1665,2055,278,896,54,52,33,43,17,6,37,83,63,42,52,21,22,22,103,29,15,22,9,33,2055,19,7,896,934
06037207303,723200,1396,2679,123,190,303,218,1782,0,0,0,0,50,72,1525,540,2387,0.6241,159,1832,127.0,3008.0,11,2049,615,2387,1735,2387,163,1832,46,14,64,59,63,0,0,0,10,60,52,43,0,0,58,0,0,14,17,0,2387,11,11,1832,2049
06037207304,-666666666,770,-666666666,154,111,303,88,1579,0,16,0,0,35,215,1159,1035,2251,0.6709,215,1614,,,0,1901,1008,2251,1693,2251,170,1614,90,16,47,0,0,0,0,81,51,0,0,0,0,38,55,0,25,46,0,52,2251,16,19,1614,1901
06037207305,635200,1858,3648,37,76,70,59,565,0,49,12,0,69,41,723,71,796,0.4786,18,634,81.0,1176.0,52,870,197,796,461,796,67,634,0,0,0,0,0,0,0,0,0,0,0,0,0,0,0,0,0,0,0,0,796,0,20,634,870
06037207306,786600,1246,2841,147,52,307,108,1346,35,0,0,0,166,122,1334,437,1871,0.56,84,1512,362.0,2316.0,0,1859,290,1947,1474,1947,109,1512,32,17,67,0,9,0,17,0,5,16,0,0,0,0,0,0,0,0,0,0,1947,48,118,1512,1859
06037207307,-666666666,-666666666,-666666666,40,105,360,140,1131,0,0,0,0,0,133,770,709,1380,0.5908,162,1131,-666666666.0,1638.0,0,1300,296,1403,942,1403,0,1131,28,0,17,9,0,0,0,22,0,0,0,0,0,0,44,0,23,0,0,0,1403,0,0,1131,1300
06037207308,-666666666,2514,-666666666,154,95,75,121,770,0,0,0,0,0,169,1117,125,1268,0.3811,9,770,-666666666.0,1659.0,0,923,149,1268,849,1268,140,770,0,0,0,0,0,0,34,0,0,0,0,0,0,0,36,0,0,0,0,0,1268,0,0,770,923
06037207400,-666666666,3019,-666666666,24,24,104,71,763,0,0,0,0,0,106,985,475,1500,0.5323,0,763,-666666666.0,2108.0,0,802,722,2091,1273,2091,92,763,5,9,32,0,8,0,0,6,63,0,3,13,24,0,4,7,120,0,5,8,2091,0,0,763,802
06037207501,790700,2516,3825,106,169,116,93,1064,11,18,21,0,179,87,1552,325,1995,0.5255,23,1243,907.0,3666.0,0,1647,650,1995,1448,1982,331,1243,17,25,16,0,12,17,44,23,8,7,6,0,46,20,0,0,27,17,38,32,1995,103,54,1243,1647
06037207502,-666666666,581,-666666666,198,123,436,619,2463,0,0,0,0,0,200,1629,1525,3652,0.6624,128,2463,-666666666.0,4562.0,0,2743,404,3652,2587,3640,492,2463,0,15,85,34,76,252,7,65,129,333,319,305,68,0,0,0,12,82,0,0,3652,0,0,2463,2743
06037207711,830400,3149,3953,168,345,138,50,1187,58,64,49,57,387,133,1876,176,2189,0.4288,30,1574,1147.0,3908.0,208,2300,246,2189,1364,2189,305,1574,0,30,0,0,12,0,0,11,0,25,0,0,0,0,0,0,0,0,0,0,2189,269,118,1574,2300
06037207712,695500,2703,2306,178,100,451,423,2613,0,16,37,107,359,154,2814,1033,4385,0.5091,114,2972,898.0,5706.0,0,3418,947,4388,2785,4299,521,2972,28,54,112,0,0,92,0,0,49,0,60,322,100,71,0,57,82,0,0,0,4388,255,104,2972,3418
06037207901,932700,2889,3280,169,232,222,186,2063,41,0,0,0,154,89,2239,970,3227,0.5826,33,2217,500.0,4994.0,50,2581,364,3227,1663,3227,339,2217,0,15,0,14,44,0,0,0,48,37,0,96,0,0,0,0,0,0,27,0,3227,89,49,2217,2581
06037207902,1074100,2886,4001,538,549,489,574,4003,55,70,0,0,516,482,5747,1192,7185,0.4389,94,4519,1627.0,10520.0,0,5166,1634,7214,4611,7096,837,4519,0,0,10,0,0,0,0,11,18,0,0,0,96,0,0,120,101,40,10,0,7214,239,205,4519,5166
06037208001,-666666666,2544,-666666666,11,137,142,70,1166,14,0,0,0,14,0,1878,534,2452,0.3964,36,1180,,,0,1222,1024,2452,1759,2452,329,1180,0,0,0,23,0,0,0,0,0,23,0,0,0,31,15,0,80,0,47,0,2452,14,0,1180,1222
06037208002,939700,1219,2117,30,147,98,64,1152,0,9,0,8,148,217,2218,1282,4147,0.4981,97,1300,810.0,4358.0,45,1350,3436,4147,3817,4112,279,1300,11,41,5,40,1,0,0,7,35,57,43,14,193,27,158,105,100,348,72,144,4147,112,36,1300,1350
06037208301,-666666666,1398,-666666666,70,105,27,15,552,0,0,0,0,36,58,1033,722,1904,0.4179,40,588,,,0,588,1749,1904,1742,1865,176,588,7,15,0,0,0,0,14,7,0,0,32,13,38,48,31,56,57,73,146,47,1904,0,0,588,588
06037208302,933800,1193,2698,224,142,125,328,1501,0,32,0,0,242,95,2430,1558,4881,0.4498,286,1743,1318.0,5666.0,0,1948,3059,4881,4356,4811,481,1743,31,111,52,7,0,39,106,68,29,91,47,24,122,93,154,102,194,239,147,54,4881,218,24,1743,1948
06037208401,-666666666,1417,-666666666,157,239,135,119,1368,0,0,0,0,18,173,2348,983,4066,0.4578,112,1386,,,0,1486,2477,4092,3457,4071,435,1386,22,32,40,102,44,8,72,37,40,65,38,142,165,113,130,59,150,100,67,37,4092,7,11,1386,1486
06037208402,805600,1708,1477,83,98,45,53,700,6,4,5,17,148,75,1391,472,2651,0.4395,31,848,823.0,3213.0,27,900,1964,2719,2511,2672,331,848,4,59,12,22,0,39,37,28,19,41,0,48,154,89,73,61,61,37,128,29,2719,64,47,848,900
06037208501,862300,1767,2276,61,110,110,74,792,1,0,0,6,78,92,1553,468,2576,0.4031,37,870,340.0,2758.0,45,981,1300,2577,2396,2560,236,870,23,8,32,35,4,18,42,40,82,22,16,65,35,62,66,53,57,33,23,26,2577,33,44,870,981
06037208502,-666666666,1298,-666666666,50,104,173,182,1438,0,0,0,0,25,97,2148,828,4183,0.444,101,1463,,,0,1566,3449,4208,3933,4126,407,1463,23,85,15,49,38,0,17,171,92,69,17,12,70,93,161,81,218,60,107,86,4208,0,25,1463,1566
06037208610,778600,1616,2080,205,245,165,123,1363,0,5,16,0,128,243,2541,686,4267,0.3957,94,1491,790.0,4894.0,19,1591,2178,4274,3729,4183,570,1491,30,22,18,105,18,0,18,66,86,63,39,21,110,123,128,61,132,75,117,35,4274,67,48,1491,1591
06037208620,800900,1649,-666666666,140,250,200,113,1406,24,15,3,10,185,147,2346,727,3922,0.3969,127,1591,1085.0,4882.0,0,1776,1863,3930,3448,3903,507,1591,0,112,32,55,25,0,6,50,100,21,18,46,164,92,42,37,95,114,76,54,3930,120,44,1591,1776
06037208710,482900,1709,2099,315,103,278,179,1867,0,11,10,0,261,311,3314,412,4757,0.405,134,2128,785.0,5859.0,10,2262,1625,4757,4287,4757,853,2128,89,164,15,173,46,0,104,25,71,45,10,73,28,25,117,32,138,50,36,65,4757,119,142,2128,2262
06037208720,-666666666,1170,-666666666,148,98,155,110,1514,12,0,0,0,12,260,2353,1483,3917,0.4706,41,1526,,,0,1643,3045,3917,3386,3917,294,1526,64,0,44,18,11,27,37,70,19,11,13,0,86,142,87,27,89,148,139,54,3917,12,0,1526,1643
06037208801,-666666666,1403,-666666666,98,116,224,89,1362,0,0,0,0,18,98,1605,826,3195,0.421,136,1380,,,0,1424,1571,3397,2733,3364,221,1380,16,25,31,67,26,12,15,104,92,64,43,123,80,12,160,79,10,66,90,81,3397,18,0,1380,1424
06037208802,-666666666,1395,-666666666,50,100,244,229,1408,0,0,0,0,0,115,1596,609,2792,0.5045,67,1408,-666666666.0,3506.0,10,1506,1385,2792,2216,2700,282,1408,47,0,37,11,22,14,10,27,79,23,56,29,69,235,59,14,109,3,73,0,2792,0,0,1408,1506
06037208902,-666666666,1344,-666666666,52,59,70,35,683,0,0,0,0,0,81,1343,1066,2298,0.3803,28,683,-666666666.0,1444.0,0,731,2075,2376,2108,2369,153,683,0,20,10,8,19,0,0,0,25,16,5,13,54,64,154,59,87,81,93,97,2376,0,0,683,731
06037208903,-666666666,1348,-666666666,118,180,38,93,1132,0,0,0,0,0,111,2129,1722,3869,0.4391,53,1132,-666666666.0,2553.0,0,1194,3404,3955,3611,3944,214,1132,67,47,29,60,0,27,16,3,3,51,11,7,29,168,101,163,124,104,111,65,3955,0,0,1132,1194
06037208904,-666666666,955,-666666666,59,60,202,75,1336,0,0,0,0,13,76,1613,1883,3711,0.4659,54,1349,,,14,1444,3222,3816,3652,3789,269,1349,4,62,11,13,40,9,40,96,37,51,72,102,170,73,121,16,38,368,234,0,3816,13,0,1349,1444
06037209103,-666666666,1163,-666666666,67,118,167,98,1105,0,0,0,0,0,108,1686,1860,3648,0.3897,169,1105,-666666666.0,2190.0,0,1122,3284,3648,3221,3533,202,1105,16,38,20,22,4,0,40,10,36,15,43,20,184,139,154,43,125,197,167,119,3648,0,0,1105,1122
06037209104,-666666666,1005,-666666666,64,141,106,95,948,0,0,0,0,0,58,1223,840,2485,0.4682,61,948,-666666666.0,2150.0,0,1020,1995,2485,2226,2485,196,948,62,29,15,25,12,15,32,33,35,54,13,13,92,92,65,78,50,66,77,77,2485,0,0,948,1020
06037209105,-666666666,1255,-666666666,36,72,167,49,1049,0,0,0,0,0,91,1192,1623,3231,0.428,29,1049,-666666666.0,2343.0,0,1089,2619,3231,2942,3133,116,1049,107,0,0,0,40,0,0,0,138,34,25,0,160,232,268,121,182,145,124,13,3231,0,0,1049,1089
06037209106,-666666666,1311,3186,60,79,157,78,1174,0,0,53,8,99,35,1632,849,2531,0.5521,125,1273,287.0,2838.0,0,1362,1140,2531,1924,2461,221,1273,26,15,27,11,28,43,25,54,11,29,35,0,72,0,56,19,22,45,0,78,2531,86,0,1273,1362
06037209201,669900,2701,4001,160,145,94,220,1742,0,8,33,0,121,91,2237,697,3026,0.4399,74,1863,265.0,4924.0,0,2323,482,3026,1675,3026,318,1863,21,11,15,0,0,30,10,0,0,0,30,0,25,80,0,0,0,36,30,0,3026,67,54,1863,2323
06037209202,-666666666,1062,-666666666,0,0,73,146,556,0,0,0,0,0,0,580,496,1485,0.4888,33,556,-666666666.0,1514.0,0,622,1057,1485,1393,1462,67,556,7,0,0,0,0,0,0,11,0,0,0,0,194,17,106,34,42,0,91,61,1485,0,0,556,622
06037209300,-666666666,1252,-666666666,95,133,227,166,2199,0,0,0,0,10,222,2462,2225,4763,0.5297,294,2209,,,22,2392,3096,4763,4000,4600,511,2209,18,77,0,0,21,15,0,59,14,30,0,0,152,105,153,133,273,42,156,67,4763,10,0,2209,2392
06037209401,-666666666,1145,-666666666,325,193,182,158,1527,0,0,0,0,19,149,1980,855,3830,0.455,111,1546,,,0,1647,2799,4095,3571,4095,464,1546,236,80,69,14,13,12,60,84,36,53,86,116,43,128,89,68,54,97,193,157,4095,19,0,1546,1647
06037209402,378000,1169,1945,182,26,103,99,1191,14,14,0,0,67,51,2403,1308,4125,0.409,135,1258,221.0,2381.0,0,1336,3807,4296,3788,4186,266,1258,15,77,36,14,5,26,23,19,82,21,9,45,179,134,152,95,120,218,113,67,4296,28,0,1258,1336
06037209403,-666666666,876,-666666666,8,145,78,204,1472,0,0,0,21,34,248,2056,1111,4164,0.4362,102,1506,,,0,1561,3136,4311,3972,4311,521,1506,206,106,52,55,33,5,49,50,56,48,49,73,35,334,170,65,49,97,350,29,4311,0,0,1506,1561
06037209510,-666666666,1401,325,46,57,94,97,903,0,0,0,0,32,86,1411,577,2545,0.3857,47,935,121.0,2800.0,0,979,1574,2635,2377,2631,227,935,0,29,15,2,4,24,0,61,81,28,0,46,14,33,187,67,7,116,25,9,2635,32,0,935,979
06037209520,-666666666,1142,-666666666,36,178,82,65,938,0,0,0,0,9,163,1433,702,2569,0.4236,48,947,,,0,1023,2143,2569,2401,2547,178,947,33,7,42,0,0,0,53,17,15,0,0,12,110,134,99,8,116,59,70,48,2569,9,0,947,1023
06037209810,-666666666,986,-666666666,87,58,24,145,737,0,0,0,0,19,75,1085,743,2353,0.3939,29,756,,,0,786,2062,2740,2468,2666,237,756,0,6,62,82,6,33,30,42,191,15,137,105,90,64,45,43,61,79,55,31,2740,19,0,756,786
06037209820,873000,1089,2728,74,79,44,49,685,53,0,0,0,105,88,1329,513,2556,0.5008,62,790,650.0,2341.0,0,847,2312,2559,2369,2537,233,790,27,11,47,13,0,0,0,49,6,42,23,16,103,120,27,13,34,93,148,62,2559,31,48,790,847
06037210010,437900,1008,1750,143,79,143,163,1129,18,27,7,11,112,226,1801,1086,3266,0.4873,98,1241,328.0,3562.0,0,1262,2675,3349,3065,3337,316,1241,81,40,89,29,22,19,18,51,42,57,13,42,23,84,206,81,86,120,64,59,3349,64,26,1241,1262
06037211000,2000001,3146,4001,92,121,60,23,892,52,124,91,40,1231,263,2939,466,5127,0.6182,73,2123,9967.0,13404.0,0,2377,590,5130,4304,5065,1049,2123,129,30,155,39,0,10,116,67,135,37,63,91,69,79,88,105,148,106,132,67,5130,1029,181,2123,2377
06037211121,-666666666,1841,1074,59,147,166,91,928,0,0,0,0,54,194,1448,451,2352,0.3498,0,982,326.0,3251.0,0,1134,974,2354,2070,2336,179,982,32,32,18,53,22,3,0,35,18,6,0,47,52,78,179,0,30,5,6,35,2354,54,0,982,1134
06037211122,-666666666,1891,-666666666,87,117,49,99,1016,0,0,0,0,95,57,1486,767,2641,0.4491,149,1111,608.0,3052.0,0,1390,832,2641,2325,2628,259,1111,0,9,2,60,17,28,23,23,19,55,0,0,31,72,210,24,0,62,93,24,2641,64,0,1111,1390
06037211123,-666666666,2455,-666666666,248,45,129,116,1016,0,0,0,0,31,14,1149,224,1748,0.4009,17,1047,,,0,1185,194,1748,1087,1748,265,1047,0,22,24,0,0,15,0,58,21,20,18,36,0,0,0,0,37,0,0,12,1748,31,0,1047,1185
06037211124,490300,1779,2292,94,290,201,167,1879,0,17,0,0,156,176,2800,727,4256,0.4572,84,2035,622.0,5785.0,0,2295,1477,4321,3848,4274,805,2035,67,206,30,46,0,11,121,20,52,0,54,57,94,37,119,0,148,73,26,19,4321,120,36,2035,2295
06037211201,648300,1599,-666666666,120,106,69,100,961,4,5,0,0,83,62,1448,455,2391,0.3983,90,1044,406.0,3376.0,0,1108,1397,2391,2068,2374,251,1044,69,0,17,6,3,29,6,31,65,36,8,15,10,81,44,53,49,90,55,20,2391,70,13,1044,1108
06037211202,825000,1241,2650,40,95,168,58,928,0,0,13,0,28,98,1417,588,2270,0.4187,56,956,156.0,2878.0,0,1062,1357,2307,1875,2294,261,956,15,28,8,16,8,0,32,46,17,9,9,48,68,49,7,46,66,16,119,18,2307,7,13,956,1062
06037211310,768500,1418,2758,87,125,141,46,1345,12,0,18,0,86,194,2099,952,3319,0.4601,108,1431,336.0,3466.0,38,1581,1877,3330,2839,3318,388,1431,53,44,21,0,0,0,71,12,11,18,1,48,133,148,119,51,20,41,127,45,3330,0,72,1431,1581
06037211320,-666666666,1462,-666666666,165,106,73,147,1195,0,0,0,13,23,129,1628,932,3326,0.4979,92,1218,,,0,1350,1940,3326,3029,3326,294,1218,41,25,30,7,12,0,0,8,89,12,35,39,239,99,128,0,106,66,76,122,3326,13,10,1218,1350
06037211410,1539500,1532,3406,5,36,139,147,1072,0,0,0,0,68,76,1566,403,2966,0.4138,61,1140,494.0,3530.0,0,1281,1328,3038,2716,3038,553,1140,12,54,69,0,0,40,11,99,115,0,49,11,70,86,156,53,42,103,69,53,3038,56,12,1140,1281
06037211420,704800,1496,1466,62,76,177,74,1153,11,5,6,0,175,169,2331,773,3584,0.4771,156,1328,1106.0,4001.0,0,1391,2002,3639,3019,3505,442,1328,64,15,51,30,26,0,36,54,53,68,7,30,131,175,90,48,88,48,43,27,3639,106,42,1328,1391
06037211500,2000001,1655,4001,67,128,111,68,1244,123,69,51,0,604,120,2500,399,4064,0.6001,138,1848,4186.0,8099.0,0,1999,873,4064,3598,4041,686,1848,87,56,28,27,21,24,35,11,87,39,39,71,209,80,80,50,35,171,33,47,4064,406,146,1848,1999
06037211701,862200,2083,2808,107,94,118,53,807,27,5,37,0,438,89,1524,219,2677,0.6245,23,1245,3010.0,5647.0,14,1328,403,2677,2362,2650,422,1245,13,22,34,71,54,0,80,13,69,75,74,205,74,65,89,46,23,48,15,0,2677,380,50,1245,1328
06037211703,646500,1466,1723,98,203,262,177,1909,29,8,35,15,217,73,2559,691,4624,0.4245,50,2126,751.0,5652.0,0,2246,1453,4624,4145,4509,686,2126,25,56,126,33,0,43,64,63,49,89,33,24,163,88,89,59,96,188,123,101,4624,40,121,2126,2246
06037211704,643000,1532,2861,121,115,192,177,1446,0,17,9,18,207,53,1764,505,2799,0.4862,15,1653,757.0,4201.0,0,1845,733,2802,2543,2778,388,1653,38,0,42,70,61,0,8,34,49,135,95,125,70,75,14,0,46,46,59,0,2802,149,58,1653,1845
06037211802,517900,1476,1720,174,182,151,285,2020,15,0,21,0,133,264,2905,1124,4574,0.4667,177,2153,448.0,5500.0,0,2443,1733,4575,3879,4568,675,2153,39,92,100,43,63,17,0,78,48,73,52,36,46,101,19,86,65,226,36,28,4575,83,50,2153,2443
06037211803,509100,1771,-666666666,164,91,195,58,1563,13,4,0,14,89,236,2364,620,3528,0.4359,63,1652,378.0,4390.0,25,1807,879,3528,2980,3514,486,1652,58,7,74,3,0,17,71,47,14,0,17,19,81,31,83,32,66,94,54,52,3528,57,32,1652,1807
06037211804,-666666666,1685,-666666666,117,169,88,170,1276,13,0,0,0,13,206,1546,712,3127,0.4524,55,1289,,,0,1460,895,3131,2802,3123,485,1289,14,13,37,50,6,0,0,39,67,56,9,59,134,141,60,121,8,124,99,18,3131,8,0,1289,1460
06037211910,407400,1606,775,225,162,236,116,1872,8,0,0,0,50,133,2691,561,4143,0.318,65,1922,134.0,5344.0,0,2177,2174,4143,3587,4143,541,1922,25,105,37,15,0,0,17,35,54,0,35,57,34,132,0,43,44,117,153,8,4143,15,35,1922,2177
06037211921,-666666666,1479,-666666666,107,73,58,12,925,0,0,0,0,9,41,1271,610,2113,0.4328,59,934,,,0,1012,902,2113,1720,2025,194,934,0,0,13,19,14,4,0,14,13,0,28,35,114,25,61,12,116,0,0,47,2113,9,0,934,1012
06037211922,-666666666,1432,-666666666,188,164,117,121,1372,0,7,0,0,7,213,1882,444,3420,0.3835,149,1379,,,0,1488,1699,3420,2837,3372,539,1379,16,33,19,6,10,0,0,17,52,4,12,0,161,69,58,37,65,102,41,86,3420,0,7,1379,1488
06037212101,648100,1999,1623,50,173,132,36,1328,6,0,12,0,192,89,1727,740,2612,0.5557,106,1520,604.0,3891.0,0,1695,358,2612,2027,2612,318,1520,0,0,47,8,0,0,10,20,87,4,0,25,0,134,27,34,18,13,74,32,2612,126,66,1520,1695
06037212102,-666666666,1452,744,105,84,118,135,1188,0,0,0,0,30,62,1186,563,2682,0.4477,133,1218,70.0,3075.0,0,1435,723,2682,2228,2641,362,1218,25,12,33,11,0,63,28,0,85,64,106,64,106,226,35,0,112,49,48,73,2682,10,20,1218,1435
06037212202,672500,1606,2735,74,111,121,176,1213,0,23,0,27,69,17,1964,772,3403,0.3859,22,1282,517.0,3729.0,15,1394,2373,3417,3131,3382,362,1282,12,48,81,0,0,0,60,0,53,6,40,35,47,173,91,82,75,46,59,75,3417,34,27,1282,1394
06037212203,-666666666,1224,-666666666,113,132,163,237,1493,0,0,0,0,0,110,1476,857,2646,0.5277,58,1493,-666666666.0,2753.0,0,1739,1381,2733,2406,2733,186,1493,14,9,12,22,10,35,0,22,19,104,52,183,57,14,25,76,0,38,49,0,2733,0,0,1493,1739
06037212204,-666666666,1323,-666666666,113,192,121,128,1440,0,0,0,0,20,44,1877,1158,3431,0.4359,97,1460,,,85,1562,2576,3431,3082,3380,405,1460,72,15,0,37,0,0,11,12,15,86,81,0,165,38,100,132,0,116,139,50,3431,0,20,1460,1562
06037212303,-666666666,1749,-666666666,155,53,116,106,1603,0,0,0,0,0,121,1872,1405,3849,0.5234,53,1603,-666666666.0,3070.0,0,1843,2432,3864,3378,3824,412,1603,27,11,18,0,0,0,10,0,19,0,0,0,90,108,139,0,233,239,93,81,3864,0,0,1603,1843
06037212304,-666666666,1405,-666666666,52,53,93,116,760,0,0,0,0,11,65,930,506,1721,0.399,21,771,,,2,945,1146,1721,1517,1705,175,771,0,14,18,9,10,0,4,9,37,17,4,42,12,53,42,42,34,27,130,51,1721,11,0,771,945
06037212305,-666666666,1401,-666666666,41,67,151,68,917,0,18,0,0,24,74,1367,883,2745,0.4323,81,941,,,0,1065,1985,2745,2525,2713,303,941,23,53,26,9,0,0,5,6,15,62,0,0,42,66,150,56,77,87,193,90,2745,0,24,941,1065
06037212306,504600,1697,2669,44,0,198,78,1054,0,26,0,0,53,83,1682,831,3030,0.4408,102,1107,212.0,3671.0,24,1225,1557,3030,2715,3011,456,1107,26,11,67,59,32,0,12,0,12,69,0,16,113,90,119,67,101,56,104,28,3030,27,26,1107,1225
06037212410,680600,1799,2861,90,143,150,95,1477,16,0,0,0,52,141,2431,546,4004,0.4572,57,1529,214.0,4427.0,0,1882,2292,4084,3854,4058,416,1529,40,0,73,10,19,0,6,73,101,0,19,19,103,230,14,79,185,40,103,18,4084,36,16,1529,1882
06037212420,-666666666,1667,1861,59,154,84,101,1100,0,0,7,0,24,60,1615,658,2616,0.3567,70,1124,130.0,2973.0,37,1247,1504,2616,2262,2538,292,1124,23,29,10,15,22,41,0,25,55,60,31,3,74,57,138,0,133,39,10,43,2616,7,17,1124,1247
06037212501,650900,1610,2325,53,51,113,63,870,0,0,0,0,35,58,1315,269,1898,0.5123,0,905,184.0,2670.0,0,980,1092,1898,1667,1898,170,905,0,12,9,0,0,0,35,19,7,39,19,0,27,39,68,12,30,51,38,0,1898,35,0,905,980
06037212502,1080900,2016,4001,190,144,99,158,1371,9,25,0,0,46,59,2021,610,2997,0.4303,0,1417,199.0,3504.0,11,1655,936,2997,2299,2957,374,1417,6,0,51,0,8,64,68,32,73,0,8,29,6,58,62,33,70,44,53,55,2997,21,25,1417,1655
06037212610,849100,1672,3310,135,197,130,155,1553,22,79,29,39,364,129,2699,683,4218,0.5055,91,1917,1633.0,6354.0,50,2092,1568,4218,3581,4166,655,1917,94,11,23,17,50,59,44,102,22,64,48,12,58,123,152,51,24,0,98,61,4218,185,160,1917,2092
06037212620,943000,1535,3071,110,106,191,188,1672,0,59,8,7,106,132,2044,1037,3758,0.5368,144,1778,437.0,4972.0,0,1884,1369,3799,3370,3731,513,1778,47,29,19,100,20,7,20,34,155,52,8,8,166,50,170,6,35,88,13,72,3799,28,44,1778,1884
06037212701,1138300,1758,2066,15,46,50,78,493,16,6,0,18,309,57,1180,207,2156,0.5029,39,802,2094.0,3843.0,0,843,339,2277,2110,2273,389,802,23,51,82,69,41,12,64,42,55,66,50,79,37,100,78,14,16,32,66,38,2277,188,121,802,843
06037212702,1285200,1990,3687,41,91,100,52,814,26,48,105,20,563,108,2094,357,3257,0.5424,67,1377,3608.0,6812.0,0,1521,610,3360,3117,3347,664,1377,45,40,51,64,27,60,57,76,67,78,24,59,67,24,81,24,90,45,48,23,3360,397,134,1377,1521
06037212800,1215400,1667,3184,7,41,25,17,710,119,6,131,11,606,99,1892,280,3176,0.4851,0,1316,3398.0,6253.0,0,1519,812,3176,2942,3131,531,1316,87,24,120,36,8,38,50,99,142,17,69,52,87,53,74,6,24,10,57,56,3176,419,177,1316,1519
06037212900,1268500,1450,4001,116,115,227,75,1377,0,0,0,0,108,110,2319,727,3832,0.5149,24,1485,683.0,5216.0,0,1601,2003,3842,3418,3842,448,1485,36,14,39,32,26,12,57,138,44,12,14,40,0,100,112,107,81,62,170,60,3842,86,22,1485,1601
06037213100,1159300,1577,3035,61,47,80,70,769,35,29,30,10,279,33,1565,665,2776,0.5211,57,1048,1669.0,4240.0,0,1093,554,2860,2478,2860,367,1048,31,13,33,30,21,16,31,32,45,51,16,88,83,74,110,3,47,7,73,0,2860,180,93,1048,1093
06037213201,740000,1526,3000,180,115,83,111,1495,12,0,14,0,162,251,2210,1052,4162,0.477,166,1657,680.0,5133.0,0,1950,1967,4162,3703,4103,654,1657,56,48,10,10,9,21,22,41,59,121,40,28,121,38,94,48,161,151,178,82,4162,79,72,1657,1950
06037213202,775400,1607,2188,82,61,239,99,960,29,13,6,17,268,135,2124,731,3876,0.4694,36,1228,1281.0,4519.0,0,1352,2491,3899,3660,3858,527,1228,22,27,53,34,26,0,63,46,50,22,42,45,57,139,82,72,58,57,27,74,3899,185,58,1228,1352
06037213310,648600,1396,-666666666,66,50,110,23,691,43,0,35,0,226,111,1628,575,2578,0.4323,81,917,1018.0,3294.0,0,1120,1357,2578,2441,2578,348,917,27,87,0,32,18,0,74,77,0,6,0,0,49,37,62,24,0,0,47,10,2578,98,128,917,1120
06037213320,681800,1094,1303,131,53,113,36,858,0,0,11,0,98,23,1482,484,2543,0.5279,42,956,535.0,3070.0,28,1134,1866,2569,2459,2569,358,956,0,34,58,22,10,36,19,0,122,63,39,10,31,39,87,21,47,82,27,53,2569,43,55,956,1134
06037213401,-666666666,1404,-666666666,215,191,133,185,1627,0,0,0,8,21,121,2718,948,4774,0.3673,78,1648,,,0,1799,3687,4818,4595,4780,640,1648,37,77,59,21,0,29,16,83,72,0,30,24,41,212,118,41,179,305,152,61,4818,13,8,1648,1799
06037213402,954500,1363,2176,62,151,136,166,1601,0,10,0,0,134,47,2375,1069,4693,0.4896,51,1735,792.0,5521.0,35,1928,3424,4697,4295,4673,611,1735,17,65,61,6,25,0,94,59,32,91,54,0,96,112,82,37,152,229,117,105,4697,61,51,1735,1928
06037214000,2000001,2331,2725,21,58,92,19,581,37,58,43,47,617,186,1865,78,3692,0.4203,95,1198,4859.0,7867.0,0,1322,253,3692,3468,3670,678,1198,22,39,163,16,27,6,24,49,127,23,44,59,146,163,132,162,96,127,228,71,3692,467,150,1198,1322
06037214100,2000001,2698,4001,248,27,86,122,1083,52,16,28,29,631,129,2274,201,3569,0.548,58,1714,4852.0,9733.0,0,1842,329,3569,3075,3528,686,1714,61,14,135,61,12,6,35,64,105,97,36,55,76,110,101,101,32,82,100,53,3569,589,42,1714,1842
06037214400,2000001,2548,794,130,207,154,103,1693,0,0,9,0,37,345,2272,442,2905,0.48,37,1730,138.0,6751.0,0,1992,367,2905,2356,2847,347,1730,0,15,0,9,0,18,0,49,8,0,9,8,58,0,11,10,59,0,20,0,2905,19,18,1730,1992
06037214501,-666666666,3339,-666666666,92,189,157,226,1589,0,0,0,11,62,121,2125,307,3679,0.4195,37,1651,299.0,6001.0,0,1854,461,3679,2665,3638,610,1651,9,9,53,33,8,7,19,14,143,24,0,7,108,196,177,0,112,122,86,0,3679,30,32,1651,1854
06037214503,-666666666,2810,-666666666,123,150,73,140,1514,0,0,0,0,3,177,1876,600,3302,0.4372,40,1517,,,0,1595,272,3302,2823,3277,464,1517,35,35,67,14,20,16,61,57,60,69,32,25,84,109,159,14,38,43,62,53,3302,3,0,1517,1595
06037214504,-666666666,2737,418,116,206,229,59,1649,0,0,0,0,48,169,2225,601,3532,0.5632,52,1697,118.0,5945.0,0,1859,612,3532,2396,3470,523,1697,0,29,16,0,0,38,56,0,28,8,0,38,149,77,156,74,48,110,95,3,3532,26,22,1697,1859
06037214505,-666666666,3188,-666666666,80,40,102,111,935,0,0,0,0,0,90,1037,191,1469,0.5193,19,935,-666666666.0,3120.0,0,976,159,1469,957,1469,273,935,0,13,0,31,0,0,6,0,24,34,48,0,9,42,28,10,14,16,8,0,1469,0,0,935,976
06037214600,1132100,2369,4001,82,125,99,68,1039,14,5,9,0,233,129,1545,263,2183,0.5199,19,1272,1535.0,5942.0,0,1424,208,2247,1799,2209,298,1272,31,47,27,23,0,48,0,60,15,19,31,94,80,0,0,22,0,25,13,0,2247,220,13,1272,1424
06037214700,2000001,2344,3604,56,94,10,84,710,65,77,28,10,499,177,1411,246,2225,0.5405,60,1209,3391.0,6500.0,0,1365,223,2320,1886,2306,437,1209,92,7,60,41,41,29,18,30,111,50,15,57,40,0,0,18,19,42,30,53,2320,449,50,1209,1365
06037214800,1634600,2332,2656,120,172,89,125,1069,21,37,0,9,366,145,1797,455,2782,0.5645,76,1435,2311.0,6973.0,0,1651,125,2835,2241,2786,327,1435,4,30,80,7,0,75,18,89,49,70,14,72,150,121,54,0,81,13,48,26,2835,341,25,1435,1651
06037214902,1142400,2469,4001,146,13,43,163,1069,11,9,24,9,404,33,1796,290,2411,0.4556,88,1473,1745.0,5370.0,9,1923,137,2444,1883,2354,336,1473,79,13,22,5,74,10,29,11,60,40,36,31,90,0,33,0,96,0,0,0,2444,324,80,1473,1923
06037214903,713500,2113,4001,29,124,97,0,974,17,0,0,0,111,28,879,290,1507,0.5348,0,1085,376.0,3503.0,0,1308,234,1507,1236,1507,159,1085,0,0,0,9,0,150,0,66,0,80,38,0,0,3,0,0,3,0,3,0,1507,66,36,1085,1308
06037214904,1179400,2354,4001,44,90,80,31,546,12,64,15,0,301,60,1115,63,1390,0.4272,8,847,1579.0,3437.0,0,1039,79,1390,1051,1390,253,847,0,0,13,0,0,22,0,0,76,0,0,1,0,33,65,0,0,0,0,0,1390,301,0,847,1039
06037215101,863100,2226,1656,187,201,100,207,1741,11,0,0,0,94,264,2280,407,2812,0.4912,79,1835,324.0,5484.0,11,1976,557,2812,2190,2782,326,1835,18,51,0,0,0,10,10,27,8,16,0,10,103,20,0,0,30,0,6,0,2812,54,40,1835,1976
06037215102,-666666666,1968,-666666666,253,415,160,351,1979,0,0,0,0,27,258,2420,315,2952,0.3513,21,2006,,,0,2270,553,2952,2289,2938,173,2006,17,20,18,0,0,0,57,0,0,20,0,0,49,0,0,47,49,14,45,0,2952,9,18,2006,2270
06037216100,1766300,2299,3573,55,54,43,36,453,27,42,25,0,509,86,1210,257,2156,0.5104,22,962,3678.0,5522.0,0,1072,454,2156,1970,2156,483,962,53,62,42,18,37,0,9,31,49,66,39,0,41,30,36,55,49,13,75,10,2156,430,79,962,1072
06037216201,2000001,2699,4001,163,171,24,85,1075,26,32,21,0,352,41,1828,309,2510,0.5289,38,1427,2407.0,6520.0,22,1591,285,2510,1664,2510,363,1427,11,9,10,23,0,12,0,31,36,4,25,6,29,61,0,33,35,63,32,25,2510,283,69,1427,1591
06037216202,1344700,2129,2575,109,180,43,65,1048,21,55,0,0,327,126,1728,246,2472,0.4821,85,1375,2085.0,5751.0,0,1569,516,2472,2134,2423,301,1375,63,16,49,22,9,17,34,43,15,3,0,44,59,25,53,28,64,108,40,0,2472,227,80,1375,1569
06037216301,2000001,3241,3487,0,0,30,0,163,49,0,22,16,435,39,697,128,1439,0.5375,0,598,3165.0,4057.0,0,725,115,1439,1271,1422,313,598,37,13,180,48,1,4,20,39,29,19,15,80,30,133,15,0,48,0,13,0,1439,318,117,598,725
06037216302,1000000,2136,3326,134,304,95,179,1401,44,8,11,32,326,77,2253,364,3214,0.477,67,1727,1810.0,6930.0,0,1979,619,3214,2733,3157,540,1727,0,34,115,13,0,43,62,19,22,22,76,14,68,12,84,23,51,0,95,36,3214,292,21,1727,1979
06037216401,891600,2319,971,183,227,155,95,1499,0,0,19,0,126,135,2234,297,3224,0.4766,60,1625,623.0,5801.0,56,2122,357,3295,2632,3269,313,1625,18,116,18,17,0,67,8,18,74,24,35,78,112,19,43,32,61,26,63,14,3295,105,6,1625,2122
06037216402,833800,2449,3839,118,162,22,89,1051,14,32,7,22,163,222,1547,236,2404,0.4376,42,1214,718.0,4858.0,0,1401,414,2404,2050,2356,302,1214,14,51,50,28,18,15,0,49,108,28,24,38,54,152,15,11,72,72,43,14,2404,122,41,1214,1401
06037216700,1394500,1888,2841,73,127,167,38,1029,58,51,30,18,585,96,2189,408,3309,0.4914,56,1614,3361.0,7028.0,0,1749,612,3440,2942,3388,498,1614,12,48,44,35,42,21,81,30,55,66,50,53,21,59,12,0,73,20,93,31,3440,420,165,1614,1749
06037216800,1708700,2329,3973,199,71,95,129,960,48,23,40,23,453,99,2252,136,3324,0.4637,55,1413,3424.0,7687.0,8,1674,727,3324,2892,3254,575,1413,53,55,18,15,14,36,33,27,86,9,11,29,106,56,63,72,100,52,79,41,3324,363,81,1413,1674
06037216901,1276100,2289,3493,31,33,29,53,539,27,37,89,46,750,49,1509,244,2648,0.4446,16,1289,4503.0,6661.0,0,1417,286,2687,2316,2687,422,1289,49,3,18,72,45,92,73,60,12,85,18,65,20,28,18,29,56,51,89,51,2687,620,130,1289,1417
06037216902,1625000,1876,4001,90,134,66,23,999,35,18,0,0,188,141,1324,580,2135,0.6001,0,1187,1143.0,5229.0,0,1277,589,2227,1827,2215,211,1187,9,41,21,0,12,49,24,22,11,59,60,18,70,35,0,21,34,55,124,133,2227,188,0,1187,1277
06037217001,1641800,2344,2464,53,43,118,136,584,60,18,25,9,388,145,1445,118,2626,0.426,94,972,2617.0,4851.0,15,1137,418,2647,2377,2573,525,972,32,31,56,28,33,11,28,8,35,41,24,32,133,95,91,18,95,130,138,36,2647,283,100,972,1137
06037217002,1362000,2301,2894,157,230,131,169,1513,31,13,42,0,391,83,2687,453,4848,0.4927,125,1904,2263.0,8157.0,0,2287,420,4859,4400,4800,761,1904,11,70,110,88,0,15,35,64,60,84,44,70,48,129,282,102,216,142,200,136,4859,243,148,1904,2287
06037217101,1455900,1734,4001,105,49,117,0,760,0,27,4,5,130,394,1488,408,2518,0.3909,6,890,741.0,3510.0,0,1027,1680,2518,2322,2493,315,890,8,17,14,26,13,0,76,0,28,0,0,0,75,38,199,149,45,50,102,0,2518,121,9,890,1027
06037217102,1168100,2144,1958,148,122,134,84,885,57,48,0,24,347,65,1805,269,2667,0.4458,28,1232,1987.0,5338.0,0,1340,433,2667,2169,2614,426,1232,38,78,47,0,0,0,64,39,114,19,23,24,131,23,0,0,29,0,11,100,2667,269,78,1232,1340
06037217200,1330600,1840,2683,186,163,141,176,1256,0,21,70,17,430,171,2315,442,3839,0.5305,9,1686,2419.0,7305.0,0,1867,1398,3839,3572,3805,523,1686,49,150,72,34,0,8,64,31,130,147,7,6,76,17,89,43,142,20,99,47,3839,350,73,1686,1867
06037218110,1052600,1498,3382,127,27,58,110,978,28,58,9,10,269,273,1885,797,3521,0.491,25,1247,1563.0,4963.0,0,1369,1816,3521,3185,3509,281,1247,28,24,99,24,7,6,8,59,39,35,38,34,88,67,197,135,21,101,56,70,3521,156,97,1247,1369
06037218120,787400,1297,2066,142,74,191,24,1018,61,0,0,20,266,142,1717,839,3664,0.504,82,1284,1333.0,5134.0,0,1526,2492,3684,3410,3659,378,1284,35,70,50,16,13,0,50,59,82,18,26,57,127,152,133,16,174,215,95,50,3684,130,124,1284,1526
06037218210,910700,1585,2865,87,51,149,154,1023,50,11,39,0,199,144,2284,592,3857,0.4179,36,1222,1031.0,4721.0,0,1323,3059,4090,3755,4078,442,1222,47,35,71,12,26,15,42,8,35,16,13,17,41,52,47,164,41,112,238,20,4090,59,103,1222,1323
06037218220,1185400,1798,2720,90,84,106,60,978,51,34,9,20,483,131,2328,472,3858,0.5043,102,1461,2990.0,6684.0,0,1642,1735,3858,3679,3837,356,1461,31,72,69,19,22,41,80,27,70,59,26,76,107,113,76,14,119,88,23,34,3858,323,91,1461,1642
06037218300,967100,1686,2257,98,350,93,70,1631,15,64,30,0,535,517,3366,727,4911,0.4363,139,2166,2541.0,8504.0,0,2307,2170,4933,4493,4912,557,2166,64,49,18,15,3,0,28,48,50,113,19,44,209,5,45,56,38,80,82,51,4933,262,200,2166,2307
06037218400,814400,1918,2465,85,127,70,77,827,114,42,46,17,504,84,2373,455,4079,0.4117,31,1331,2610.0,5807.0,25,1509,2703,4079,3585,4062,430,1331,30,9,48,22,16,51,25,84,34,61,52,0,142,91,259,72,91,48,45,52,4079,197,265,1331,1509
06037218500,904800,1427,1452,74,44,37,77,737,24,7,0,33,233,132,1676,631,2784,0.5266,74,970,1254.0,4002.0,0,1035,1536,2784,2436,2760,213,970,14,49,10,0,16,0,30,42,5,66,63,19,51,25,87,69,66,101,74,62,2784,111,106,970,1035
06037218600,770400,1749,2177,77,100,39,39,742,13,8,92,9,361,75,1821,316,3027,0.3846,52,1103,1920.0,4557.0,0,1194,1433,3102,2762,3023,404,1103,11,54,13,29,10,9,11,7,46,75,14,83,113,102,71,27,81,69,112,39,3102,221,78,1103,1194
06037218701,1004500,1722,2908,19,39,43,22,507,26,36,0,55,331,128,1158,394,2079,0.486,61,838,2331.0,4294.0,0,898,1112,2079,1917,2079,253,838,11,25,18,45,7,17,7,36,47,18,16,55,86,66,41,18,3,49,51,36,2079,291,29,838,898
06037218702,781300,1592,2900,62,0,70,79,638,0,40,0,9,210,180,1278,501,2627,0.4332,61,848,1205.0,3808.0,0,917,1736,2627,2367,2553,277,848,8,26,63,32,0,5,7,35,156,5,7,0,99,72,115,62,62,64,87,76,2627,174,31,848,917
06037218800,938500,1721,2504,41,7,116,50,746,0,44,23,0,215,45,1168,625,2643,0.4596,51,961,1223.0,4160.0,0,1009,1368,2664,2482,2632,443,961,94,8,78,0,3,16,30,23,199,16,0,54,107,24,107,134,85,62,107,7,2664,125,38,961,1009
06037218900,1197200,1496,1468,87,148,179,100,1851,31,12,0,22,298,320,2806,1263,5229,0.5028,140,2149,2343.0,8492.0,0,2310,2500,5229,4667,5106,696,2149,47,145,84,48,0,0,94,190,28,51,0,0,324,191,254,42,24,41,84,68,5229,234,46,2149,2310
06037219010,848500,1406,2385,29,41,56,54,538,37,32,48,81,480,151,1748,397,3023,0.4514,64,1018,2608.0,4812.0,22,1041,1575,3023,2814,3010,478,1018,90,53,27,81,36,0,0,34,47,78,14,39,7,38,84,48,91,71,73,42,3023,259,183,1018,1041
06037219020,800700,1624,2588,9,69,30,9,494,96,62,64,31,756,164,2129,1360,4560,0.452,120,1250,3810.0,5594.0,0,1440,3159,4625,4259,4481,419,1250,10,9,73,62,30,0,57,33,73,63,43,34,246,312,165,48,50,106,100,170,4625,294,278,1250,1440
06037219300,849600,1402,2591,204,90,131,60,1081,36,10,41,10,319,115,1926,685,3642,0.3889,64,1400,1967.0,5676.0,0,1516,2447,3664,3441,3637,440,1400,17,16,58,14,9,21,52,30,38,67,19,21,88,109,62,63,117,65,290,44,3664,229,90,1400,1516
06037219500,878300,1696,1413,8,70,7,18,263,52,57,8,18,557,49,1126,87,2053,0.4584,64,820,3221.0,4433.0,7,881,465,2053,1676,1993,287,820,22,25,41,12,22,46,30,32,102,28,33,57,68,45,66,35,70,65,27,33,2053,397,134,820,881
06037219700,756700,1446,2357,23,77,75,61,614,126,30,55,0,716,122,2428,792,4460,0.4322,16,1330,3802.0,5924.0,0,1420,3063,4479,4289,4439,550,1330,21,70,83,0,0,0,0,66,89,0,4,53,76,75,236,91,93,61,230,36,4479,326,296,1330,1420
06037219800,696300,1449,1938,71,89,126,14,653,25,51,0,17,304,86,1748,328,3043,0.4036,32,957,1473.0,3899.0,10,1073,2300,3048,2854,2966,358,957,20,11,43,23,0,17,44,37,41,15,23,32,108,129,78,46,76,94,102,44,3048,137,143,957,1073
06037219901,763800,1440,2174,35,52,94,185,1179,69,31,0,24,356,84,2628,597,4944,0.4428,35,1535,1833.0,5633.0,21,1657,3976,4944,4663,4881,492,1535,0,0,6,19,41,7,26,9,53,15,5,31,116,252,402,226,58,186,138,31,4944,154,133,1535,1657
06037219902,956600,1815,1631,38,87,44,68,699,9,65,61,38,474,195,2135,455,3514,0.4403,6,1173,2364.0,5480.0,177,1434,2463,3514,3144,3514,449,1173,30,79,0,0,28,14,46,0,95,55,16,48,98,126,103,99,35,35,84,48,3514,176,262,1173,1434
06037220000,840500,1569,2743,115,68,42,205,1552,91,41,35,126,622,391,2565,1214,4443,0.5665,16,2174,3308.0,9168.0,70,2337,1797,4460,3958,4460,414,2174,61,132,48,15,0,0,89,136,90,56,37,16,76,75,69,128,19,261,204,158,4460,479,97,2174,2337
06037220100,1051700,1413,2431,123,0,57,45,542,35,41,79,78,566,121,1288,216,2583,0.5272,14,1108,3009.0,4947.0,0,1160,925,2583,2428,2573,376,1108,8,3,36,9,41,35,18,34,34,48,0,176,51,14,89,25,25,62,130,104,2583,403,124,1108,1160
06037221110,1078900,1129,2723,201,34,190,89,893,0,6,10,0,148,156,1546,774,3161,0.4454,68,1041,1325.0,3128.0,0,1251,2606,3161,2911,3161,267,1041,0,0,87,28,23,10,18,10,75,131,28,26,34,62,99,75,96,88,85,110,3161,102,46,1041,1251
06037221120,947100,1342,768,97,143,14,101,684,0,11,0,0,91,68,1479,859,2922,0.4805,98,775,459.0,2796.0,0,842,2696,2922,2865,2922,297,775,18,34,57,31,15,7,36,32,26,0,29,42,47,139,105,63,60,116,138,108,2922,26,47,775,842
06037221210,889800,1436,1688,42,70,102,40,621,41,0,6,41,247,98,1700,427,3084,0.4198,21,868,1590.0,3844.0,0,943,2395,3095,2983,3064,289,868,60,6,29,25,14,8,30,27,38,53,39,74,82,71,135,56,66,143,23,24,3095,140,77,868,943
06037221220,701600,1320,2352,72,52,97,79,735,38,12,7,13,189,91,1548,613,2888,0.4452,47,924,1004.0,3312.0,0,1003,2579,2979,2711,2949,424,924,63,16,32,25,73,0,71,3,32,21,57,14,70,84,90,24,76,98,102,80,2979,79,93,924,1003
06037221302,872400,1315,2826,64,60,145,58,1046,11,15,0,0,114,80,1854,973,3645,0.5344,29,1160,1089.0,4544.0,0,1307,2763,3681,3443,3629,246,1160,9,41,38,19,8,0,21,47,59,6,59,18,41,61,143,78,153,46,124,121,3681,81,33,1160,1307
06037221303,1214300,1207,-666666666,70,45,108,15,645,5,5,5,5,80,85,1344,734,2550,0.4423,26,725,759.0,2889.0,0,801,2107,2611,2476,2571,250,725,16,28,22,6,17,28,9,13,18,0,40,33,78,79,117,33,137,74,28,73,2611,57,18,725,801
06037221304,651700,1446,3142,112,62,97,175,1046,0,43,11,0,111,174,1643,555,3595,0.4435,120,1157,690.0,4411.0,0,1205,2136,3674,3413,3597,375,1157,12,22,38,0,0,35,35,46,117,13,39,217,140,157,153,0,104,64,117,35,3674,111,0,1157,1205
06037221401,955400,1421,2544,54,84,55,182,1032,16,0,44,0,150,70,1412,656,2984,0.4336,40,1182,1088.0,4275.0,0,1390,1250,3341,2934,3318,405,1182,18,29,158,37,20,63,108,65,71,142,48,191,70,65,89,50,94,73,48,23,3341,127,23,1182,1390
06037221402,1209000,1506,3732,135,49,42,84,683,32,15,11,16,252,156,1366,652,2870,0.5044,108,935,1926.0,4293.0,5,1020,1482,3063,2681,3046,462,935,9,18,43,43,22,49,42,54,81,65,68,73,60,94,59,55,136,111,82,43,3063,128,105,935,1020
06037221500,929100,1133,2947,49,117,88,70,862,12,8,42,81,227,115,1809,1217,3490,0.4887,88,1089,1572.0,4380.0,0,1215,2351,3513,3189,3513,355,1089,15,67,25,22,67,14,67,34,46,124,61,78,138,113,67,77,94,134,97,39,3513,115,61,1089,1215
06037221601,766700,1208,2794,61,128,59,38,788,45,7,7,27,202,188,2090,834,3354,0.5066,25,990,1496.0,4147.0,42,1025,2630,3354,2976,3354,276,990,82,33,52,7,6,14,27,30,42,0,17,41,46,76,82,71,73,26,80,66,3354,115,63,990,1025
06037221602,671900,1257,1625,97,39,102,101,792,4,0,13,0,72,43,1413,441,2455,0.3837,26,864,366.0,3117.0,8,886,2022,2455,2316,2441,289,864,40,8,42,17,0,0,29,29,72,58,13,22,55,113,37,57,61,29,54,49,2455,34,38,864,886
06037221710,677500,1422,1618,105,48,88,93,784,10,0,11,0,137,238,1603,950,2868,0.4717,19,921,862.0,3952.0,0,1070,2112,2890,2342,2883,215,921,24,0,66,21,20,11,22,35,36,78,8,33,35,47,43,53,34,96,37,38,2890,92,33,921,1070
06037221810,978300,1602,3367,70,46,62,79,863,0,3,0,10,44,198,1527,1240,2653,0.5764,37,907,262.0,2980.0,0,983,1232,2679,1817,2671,173,907,0,9,35,36,0,3,0,18,4,22,23,11,23,44,59,33,23,20,42,31,2679,21,23,907,983
06037221820,931800,1764,1058,27,47,51,73,911,0,0,0,0,56,270,1190,1020,2029,0.6047,10,967,532.0,3418.0,0,1161,677,2335,1164,2335,82,967,0,10,0,6,4,0,0,33,45,0,15,0,0,17,17,2,10,57,17,7,2335,41,15,967,1161
06037221900,-666666666,1274,-666666666,133,69,33,123,889,0,0,0,0,59,338,1994,1463,2737,0.5504,91,948,,,0,1068,1150,4281,2655,4281,193,948,0,15,47,44,11,0,20,45,20,38,0,75,21,75,44,0,34,64,61,22,4281,22,37,948,1068
06037222001,871800,1349,2240,13,53,24,16,438,33,25,32,30,512,130,1825,584,3090,0.4287,86,950,3048.0,4621.0,6,1021,2052,3139,3003,3130,354,950,10,37,28,7,5,23,35,16,68,33,30,60,34,143,103,36,100,37,54,19,3139,263,203,950,1021
06037222002,635100,1499,1620,38,114,75,49,809,62,79,49,18,600,201,2595,1054,5171,0.434,28,1409,3340.0,6212.0,0,1434,3837,5172,4643,5114,519,1409,84,54,88,0,0,19,63,89,66,73,39,99,115,216,184,189,185,132,148,49,5172,277,276,1409,1434
06037222100,879200,1657,2116,49,93,122,87,805,23,36,17,0,370,149,2063,544,4058,0.4372,105,1175,2306.0,5297.0,0,1218,2683,4058,3504,3970,449,1175,82,70,26,11,28,15,168,0,87,67,39,0,200,107,24,94,147,40,99,58,4058,205,130,1175,1218
06037222200,855200,1423,-666666666,136,68,15,80,1037,11,0,15,16,254,199,2116,708,3895,0.4924,125,1291,2035.0,5888.0,0,1380,2806,3895,3499,3854,527,1291,0,19,145,8,0,0,20,16,13,39,35,0,141,97,138,31,102,57,150,102,3895,205,49,1291,1380
06037222500,719900,1727,1881,63,125,165,60,737,23,16,35,40,440,161,2397,739,4611,0.4309,0,1177,2639.0,5508.0,0,1319,2900,4616,4201,4595,451,1177,2,10,40,9,43,22,38,38,89,94,32,0,117,112,137,68,148,97,320,57,4616,213,134,1177,1319
06037222600,730000,1519,2102,0,195,26,62,1419,8,34,10,37,260,430,2895,2240,5565,0.5184,76,1679,1245.0,7727.0,17,1878,2662,5668,4151,5668,291,1679,31,53,61,60,0,24,34,26,61,0,9,16,94,83,162,132,22,185,95,98,5668,41,158,1679,1878
06037222700,-666666666,1903,-666666666,42,26,0,7,151,0,0,0,0,0,136,1593,276,481,0.4143,0,151,-666666666.0,564.0,0,178,711,4094,1201,4094,24,151,0,0,0,0,0,0,0,0,0,0,0,0,0,0,0,22,0,0,0,75,4094,0,0,151,178
06037224010,-666666666,1460,-666666666,185,77,129,195,1710,0,0,0,0,0,45,1887,832,3120,0.5301,87,1710,-666666666.0,3149.0,0,1881,1731,3137,2326,3084,264,1710,92,9,38,45,8,33,0,37,89,62,0,0,65,0,97,22,53,55,69,59,3137,0,0,1710,1881
06037224020,-666666666,1183,-666666666,60,45,98,78,889,0,0,0,0,25,158,1326,921,2619,0.4861,160,914,,,0,1006,2022,2633,1995,2526,158,914,0,0,3,6,0,0,3,12,26,8,0,0,131,88,149,50,113,43,98,62,2633,8,17,914,1006
06037224200,858500,1243,2625,65,77,59,111,690,7,25,0,0,60,62,1141,482,2420,0.4445,88,750,347.0,2665.0,0,821,2233,2429,2367,2429,285,750,3,15,6,0,29,0,13,11,6,28,0,24,44,57,114,114,42,107,86,35,2429,40,8,750,821
06037224310,975000,1153,753,61,35,98,41,553,0,0,0,0,31,98,1034,535,1901,0.4065,8,584,242.0,1771.0,0,603,1607,1964,1747,1940,143,584,40,22,4,19,2,0,2,34,11,2,3,32,22,0,59,32,70,71,109,57,1964,15,14,584,603
06037224320,-666666666,1121,-666666666,84,90,86,148,1085,0,10,0,0,22,117,1597,1278,3287,0.5111,120,1107,,,0,1169,3016,3300,3051,3247,298,1107,15,27,104,0,19,78,45,82,31,39,62,69,0,90,69,50,110,242,125,6,3300,22,0,1107,1169
06037224410,808100,1325,2233,69,58,47,164,904,8,11,0,2,205,40,1511,1075,2887,0.5782,11,1109,1583.0,4719.0,0,1252,1750,3029,2371,2925,242,1109,24,41,28,26,0,108,27,22,35,25,29,49,80,79,56,52,117,86,76,21,3029,175,28,1109,1252
06037224420,1052600,897,-666666666,57,68,75,142,822,0,0,5,0,56,235,1301,821,2207,0.4666,41,878,426.0,2225.0,0,956,1976,2449,2095,2434,181,878,6,17,82,0,22,12,20,29,0,15,15,15,64,12,84,0,19,64,140,84,2449,38,18,878,956
06037224600,574100,1206,1450,79,67,0,86,668,21,0,12,6,104,178,1583,667,2887,0.4043,57,772,671.0,2613.0,0,839,2653,3037,2718,3006,297,772,37,29,17,22,0,24,40,11,100,27,19,33,85,70,136,57,81,121,91,64,3037,48,24,772,839
06037224701,-666666666,2375,-666666666,10,27,22,17,329,0,0,0,0,4,174,1072,456,870,0.5948,6,333,,,21,395,531,2613,1336,2613,33,333,0,6,0,0,0,0,6,4,0,0,0,0,10,0,0,25,7,0,0,0,2613,4,0,333,395
06037224702,-666666666,1890,-666666666,7,9,58,37,714,0,0,0,0,0,117,1133,1142,1606,0.6036,7,714,-666666666.0,2216.0,0,937,410,2646,1007,2646,35,714,0,15,1,16,0,0,15,0,0,0,0,0,0,0,0,0,0,0,29,17,2646,0,0,714,937
06037226001,500000,1262,2117,24,62,23,45,505,0,0,0,7,72,175,1279,557,2151,0.3845,62,577,365.0,2302.0,0,604,1853,2188,2045,2158,232,577,5,0,7,10,20,0,0,0,0,21,8,11,66,123,117,87,7,42,14,21,2188,72,0,577,604
06037226002,631000,1695,2879,99,78,74,110,1060,6,6,0,22,134,144,1314,683,1935,0.5432,103,1194,301.0,1708.0,0,1365,847,1960,1549,1946,230,1194,14,20,7,0,25,0,0,0,33,24,0,0,0,16,31,29,28,74,18,70,1960,37,51,1194,1365
06037226410,808300,1319,2049,65,63,98,17,736,0,0,0,24,107,135,1724,1249,3561,0.4023,73,843,627.0,3108.0,0,886,3530,3579,3361,3566,369,843,0,41,30,31,11,19,16,22,69,18,16,1,104,198,243,83,69,177,94,139,3579,12,91,843,886
06037226420,563600,1319,1806,34,125,41,111,1051,18,14,0,9,252,356,2589,1487,5214,0.4492,119,1303,1415.0,5263.0,0,1333,4797,5306,4949,5206,709,1303,57,37,23,18,69,29,54,37,109,90,19,23,199,161,215,198,101,242,187,91,5306,67,102,1303,1333
06037226701,445200,1429,1635,58,40,58,0,414,89,21,7,10,208,93,1519,553,2846,0.4084,33,622,1238.0,3061.0,0,626,2818,2846,2607,2824,314,622,0,0,68,2,0,13,74,69,28,16,1,8,108,115,82,44,66,56,99,64,2846,27,119,622,626
06037226702,536000,1358,1941,87,95,33,27,546,0,115,11,10,326,306,2398,1292,4207,0.4614,183,872,2011.0,4145.0,0,891,4161,4285,4029,4285,311,872,97,12,0,16,69,7,20,0,74,8,0,0,112,57,156,85,86,194,123,59,4285,58,268,872,891
06037227010,471900,1337,2515,78,88,211,96,895,23,17,0,0,197,266,1944,1279,4530,0.3497,105,1092,1502.0,5131.0,22,1108,4318,4550,3973,4500,472,1092,0,0,211,14,0,0,4,41,45,23,0,16,67,267,229,74,127,149,236,70,4550,92,91,1092,1108
06037227020,503700,1573,1978,53,20,13,34,551,38,5,0,9,215,132,1803,518,3500,0.3532,42,766,1124.0,3582.0,0,809,3516,3529,3421,3499,346,766,56,44,11,23,29,15,35,79,61,32,0,0,152,118,92,105,85,84,235,43,3529,58,127,766,809
06037228100,561000,1500,2028,40,38,57,70,684,48,0,88,0,498,82,2502,1446,5092,0.435,66,1182,2374.0,5578.0,0,1249,4748,5158,4466,5063,469,1182,11,227,35,0,0,0,57,96,54,49,0,12,189,163,300,105,145,202,250,177,5158,196,203,1182,1249
06037228210,484300,1313,1641,26,19,27,157,692,31,39,76,6,309,243,2035,1014,4119,0.4058,96,1001,1916.0,4661.0,0,1033,3687,4119,3941,4038,297,1001,43,78,25,13,38,11,30,97,27,20,87,10,120,102,98,154,173,169,229,118,4119,105,120,1001,1033
06037228220,538800,1629,2227,58,57,46,53,696,17,46,10,29,277,245,2225,1459,4577,0.4571,66,973,1580.0,4683.0,0,1022,4178,4584,4382,4555,351,973,15,59,50,22,0,0,67,35,20,65,6,12,79,210,182,101,110,112,162,127,4584,50,139,973,1022
06037228310,415600,1269,2078,91,47,48,115,822,34,60,22,0,263,234,2058,1263,4506,0.4844,198,1085,1589.0,4794.0,0,1113,4295,4506,4363,4472,457,1085,36,10,24,14,22,23,0,57,64,25,21,33,96,264,210,69,163,256,223,184,4506,58,153,1085,1113
06037228320,489700,1407,1341,88,76,89,32,616,11,24,10,0,124,107,1502,981,3351,0.3489,17,740,682.0,3290.0,0,756,3223,3351,3213,3351,380,740,10,14,14,0,5,0,28,38,22,0,0,0,71,110,405,161,39,128,181,69,3351,54,39,740,756
06037228410,548200,1550,1896,74,26,54,45,591,13,6,5,0,125,141,1539,852,3356,0.6546,32,716,625.0,3090.0,0,737,3122,3372,3235,3351,300,716,30,38,42,8,0,8,21,18,45,36,0,13,106,179,190,126,49,76,141,94,3372,38,46,716,737
06037228420,692900,1454,2194,111,56,58,42,503,45,47,14,22,164,142,1738,730,3138,0.39,9,667,886.0,3129.0,0,689,3087,3165,3019,3146,290,667,6,11,25,9,0,0,0,0,32,10,0,0,49,124,229,136,46,70,149,10,3165,29,67,667,689
06037228500,470200,1454,1653,10,41,46,13,880,38,19,0,42,277,315,2339,2241,4875,0.5526,127,1157,1434.0,5482.0,0,1224,4020,5069,4765,5007,373,1157,33,51,22,0,0,18,28,22,0,0,40,0,165,223,209,41,231,360,107,285,5069,102,133,1157,1224
06037228600,559700,1650,2720,63,0,165,51,798,46,22,21,10,281,195,2329,1587,4977,0.4141,138,1079,1417.0,4995.0,0,1170,4784,5006,4681,4946,517,1079,37,83,56,0,0,0,80,10,39,19,22,0,203,180,173,175,143,223,217,195,5006,32,161,1079,1170
06037228710,428700,1510,2149,31,90,53,56,717,0,46,46,21,328,132,2095,1147,4105,0.4134,193,1045,1733.0,4656.0,0,1068,3803,4147,3882,4071,390,1045,6,13,0,17,0,0,36,43,12,29,18,5,203,91,190,20,137,234,219,151,4147,98,207,1045,1068
06037228720,498900,1457,1826,140,33,61,49,775,56,17,28,23,351,296,2360,1238,4778,0.3845,107,1126,2109.0,5418.0,0,1136,4287,4800,4539,4724,573,1126,53,42,29,18,0,0,40,52,21,12,0,14,234,188,271,96,85,209,216,91,4800,114,187,1126,1136
06037228800,497300,1367,2568,120,19,83,115,803,92,40,37,69,475,212,2789,1332,5347,0.4166,87,1278,2260.0,5645.0,20,1349,4796,5347,4943,5311,552,1278,0,14,8,28,0,0,28,23,33,0,48,18,183,324,233,145,195,119,104,249,5347,93,182,1278,1349
06037228900,583700,1023,-666666666,79,67,144,70,729,35,0,0,0,145,223,1308,939,2967,0.5319,71,874,758.0,3933.0,0,887,2670,2967,2838,2952,276,874,0,7,11,100,0,0,47,20,32,81,0,5,61,154,113,156,29,87,123,87,2967,0,84,874,887
06037229100,565200,1624,2571,19,48,24,56,629,12,97,21,25,468,175,2340,1250,4609,0.417,96,1097,2818.0,5856.0,0,1152,3855,4635,4415,4592,371,1097,0,9,30,0,3,3,12,31,100,51,3,50,125,206,274,87,154,122,132,132,4635,259,145,1097,1152
06037229200,504600,1520,2556,52,72,117,171,1017,21,54,0,0,187,244,2352,894,4424,0.4,10,1204,1003.0,5107.0,0,1277,3816,4427,4060,4427,480,1204,34,54,59,22,31,0,119,35,0,16,80,35,72,164,263,136,108,195,160,65,4427,59,89,1204,1277
06037229300,579700,1306,1500,159,128,111,66,1019,24,12,0,27,362,336,2803,1425,5945,0.3962,127,1381,1874.0,6301.0,24,1414,5455,5973,5705,5943,537,1381,11,13,55,18,13,0,28,30,21,0,0,1,346,223,217,204,139,211,382,157,5973,46,176,1381,1414
06037229410,549500,1484,2717,0,21,22,85,659,0,31,0,47,176,85,1790,828,3922,0.4353,77,835,1074.0,4001.0,0,926,3421,3932,3620,3883,331,835,31,42,3,0,24,0,28,14,8,22,0,0,278,180,145,61,177,168,110,169,3932,57,31,835,926
06037229420,490000,1422,1927,57,36,184,62,719,32,69,10,22,312,260,2192,1298,4320,0.4155,98,1031,1827.0,4771.0,0,1054,3934,4320,3921,4275,346,1031,56,19,0,20,4,8,0,36,0,23,28,7,413,115,150,101,116,47,219,123,4320,119,125,1031,1054
06037231100,618100,1207,-666666666,92,24,81,59,620,0,5,8,0,67,427,1752,1645,3786,0.424,65,687,460.0,2791.0,0,740,2705,3809,2760,3753,275,687,150,41,108,53,0,18,17,25,14,0,19,25,76,143,127,65,67,74,91,82,3809,46,18,687,740
06037231210,650400,1326,2284,32,139,110,148,1095,22,0,0,0,89,140,1995,1580,4272,0.4542,122,1184,432.0,4488.0,24,1249,2792,4279,3718,4190,454,1184,102,38,31,16,0,0,87,37,50,16,20,6,140,139,146,80,120,175,211,40,4279,32,9,1184,1249
06037231220,580000,1164,-666666666,18,151,166,226,1279,0,0,0,0,114,266,1713,1181,4353,0.6003,314,1393,641.0,5394.0,0,1462,2800,4353,3789,4294,461,1393,50,18,23,65,138,0,37,16,20,182,0,79,172,255,225,73,147,263,221,88,4353,43,41,1393,1462
06037231301,643700,1634,1516,34,99,43,14,525,6,8,0,71,263,174,1434,333,2474,0.3804,106,788,1182.0,3137.0,0,851,1773,2479,2220,2418,309,788,7,18,0,35,5,0,8,43,53,50,12,0,149,95,0,20,143,61,59,53,2479,58,109,788,851
06037231302,715900,1350,2331,27,110,24,0,486,26,12,34,13,334,124,1703,197,3117,0.421,66,820,2004.0,3917.0,0,886,2273,3117,2833,3102,354,820,15,17,0,42,10,11,35,0,32,8,0,27,144,38,188,112,122,58,29,9,3117,174,148,820,886
06037231400,664800,1415,2295,21,144,93,94,1008,18,10,28,48,509,73,2296,1301,5185,0.493,65,1517,2831.0,6576.0,0,1585,3901,5195,4971,5107,471,1517,107,60,56,11,0,8,71,54,31,98,17,68,192,115,117,199,145,223,179,45,5195,193,227,1517,1585
06037231500,666500,1561,2060,56,122,31,111,511,52,123,44,42,975,233,2799,767,5130,0.4851,159,1486,5976.0,8025.0,0,1517,2857,5135,5050,5124,511,1486,0,33,110,37,111,0,68,122,100,117,48,48,18,150,129,190,207,93,114,84,5135,538,348,1486,1517
06037231601,699100,1218,1665,21,51,58,58,477,3,9,5,7,261,110,1549,345,2448,0.439,160,738,1467.0,3558.0,0,785,1755,2448,2385,2448,187,738,11,14,32,62,16,0,13,26,7,9,29,13,9,38,35,15,88,19,55,16,2448,111,117,738,785
06037231602,593400,1549,3016,48,84,15,75,355,37,26,0,13,275,60,1231,208,2048,0.3575,55,630,1342.0,2939.0,0,677,1437,2048,1933,2048,261,630,17,0,28,0,0,0,64,0,15,16,38,0,0,50,7,53,57,42,106,0,2048,106,169,630,677
06037231603,783100,1551,1412,68,36,49,47,601,0,0,19,0,144,111,1226,964,2736,0.4352,78,745,983.0,3394.0,0,817,2090,2788,2502,2758,182,745,18,45,55,54,3,0,7,18,32,0,34,29,131,75,80,46,80,168,130,56,2788,39,93,745,817
06037231710,638500,1354,2250,163,150,61,63,1090,0,0,8,0,81,165,2199,1110,4303,0.4466,108,1171,531.0,5046.0,0,1257,3708,4303,4007,4273,516,1171,20,21,48,8,0,1,41,103,43,24,20,0,155,179,187,160,124,127,124,0,4303,38,43,1171,1257
06037231720,479200,1267,2099,77,116,102,72,1151,24,69,0,10,313,168,2707,1785,5257,0.4788,125,1464,1564.0,5803.0,0,1593,4726,5257,4725,5177,330,1464,32,20,192,30,46,11,56,56,91,21,25,55,233,149,244,163,121,194,95,54,5257,120,116,1464,1593
06037231800,629500,1441,1952,110,113,103,138,1246,10,8,24,31,185,275,2611,1518,5212,0.38,168,1431,1069.0,5832.0,0,1467,4836,5258,4688,5186,561,1431,33,5,24,14,0,0,34,16,78,13,4,1,175,78,290,147,161,250,228,264,5258,94,59,1431,1467
06037231901,469000,1606,1776,0,106,22,0,485,26,14,0,0,252,100,1726,569,2767,0.4563,66,737,1120.0,3290.0,0,783,2510,2867,2655,2867,230,737,14,0,55,0,0,0,12,13,64,51,0,0,39,153,36,28,173,73,60,29,2867,47,164,737,783
06037231902,670500,1299,2117,0,113,36,56,563,3,18,0,25,227,66,1327,1379,3255,0.4055,86,790,1193.0,3393.0,0,814,2977,3255,3212,3236,252,790,0,0,70,29,0,0,7,0,28,12,32,0,98,231,166,109,136,122,163,101,3255,18,175,790,814
06037232110,548600,1226,1936,55,53,77,56,617,10,22,21,70,207,131,1539,873,3344,0.4582,79,824,1196.0,3817.0,0,877,2808,3378,3101,3347,292,824,5,18,46,7,12,0,20,11,25,7,9,21,228,117,104,98,74,178,156,60,3378,63,128,824,877
06037232120,566100,1410,2161,41,237,22,100,1144,23,13,16,99,325,230,2326,1322,5196,0.3628,132,1469,1886.0,7419.0,0,1542,3948,5308,4972,5249,385,1469,14,57,1,17,9,0,23,10,44,21,0,0,382,189,193,167,187,307,312,130,5308,202,57,1469,1542
06037232200,611100,1375,2481,20,39,156,47,465,47,111,13,0,396,120,1644,703,3507,0.4393,101,861,2314.0,4072.0,0,894,2546,3638,3387,3605,292,861,10,13,93,19,24,11,48,56,119,98,25,27,39,95,133,127,116,149,101,94,3638,88,217,861,894
06037232300,592400,1555,2168,42,23,70,30,514,41,63,39,137,684,89,2670,825,4989,0.5653,118,1198,3902.0,5944.0,0,1206,3503,4992,4843,4952,590,1198,0,89,14,24,0,4,139,62,58,12,0,71,100,221,331,0,237,176,96,61,4992,248,303,1198,1206
06037232401,631200,1801,2002,82,40,34,36,603,78,30,32,21,501,183,1996,534,3963,0.3676,100,1104,3034.0,5558.0,0,1158,2348,3968,3693,3919,531,1104,25,55,85,12,0,0,23,147,0,30,0,0,113,99,88,29,152,52,120,228,3968,187,286,1104,1158
06037232402,606800,953,1840,15,40,8,49,422,20,60,12,0,541,129,1536,732,3053,0.538,50,963,3080.0,4715.0,0,1033,1806,3095,2992,3077,241,963,58,44,32,58,54,49,69,38,25,14,67,27,16,85,45,28,36,110,96,60,3095,325,158,963,1033
06037232500,580800,1373,2397,10,152,78,139,885,146,31,13,45,621,190,2408,727,4733,0.4653,80,1506,3307.0,7275.0,0,1535,2728,4736,4461,4736,555,1506,38,82,82,25,19,35,7,72,98,3,78,44,116,172,51,287,80,36,225,36,4736,303,318,1506,1535
06037232601,583800,1411,2066,53,30,34,9,258,0,19,22,0,264,58,965,254,1772,0.3459,35,522,1247.0,2347.0,0,571,1330,1772,1600,1764,211,522,9,16,45,0,0,0,14,48,0,29,0,26,89,29,94,31,0,80,52,70,1772,63,176,522,571
06037232602,644300,1615,1633,84,135,87,34,776,79,30,107,11,570,146,2451,1063,5552,0.4305,54,1346,3466.0,6751.0,0,1365,4201,5552,5325,5443,449,1346,6,19,3,2,27,23,24,55,97,58,92,21,102,259,175,108,223,365,190,136,5552,217,256,1346,1365
06037232701,613200,1750,2565,8,11,0,0,279,20,18,9,58,259,45,1100,484,2457,0.4875,63,538,1563.0,2904.0,0,575,2056,2502,2386,2460,273,538,3,18,24,22,34,20,40,36,43,26,24,0,139,91,43,41,30,107,156,44,2502,67,141,538,575
06037232702,596900,1399,2182,41,32,7,61,657,39,40,28,36,350,120,2369,672,4676,0.4476,101,1007,1823.0,4751.0,26,1107,4121,4676,4378,4622,469,1007,3,52,18,0,0,0,0,0,10,81,84,61,51,83,182,62,115,77,307,60,4676,42,206,1007,1107
06037232800,574900,1181,2107,31,69,45,36,612,44,11,52,14,324,209,2209,1059,4368,0.4992,66,936,1833.0,4321.0,0,971,3813,4426,4261,4410,348,936,64,46,8,7,0,7,24,34,0,16,0,27,74,187,183,91,241,182,228,71,4426,78,107,936,971
06037234001,941400,1446,2624,9,47,30,63,314,31,87,60,12,663,19,1171,260,2374,0.4356,31,977,4007.0,5372.0,0,1073,311,2379,2191,2363,316,977,69,17,38,22,66,36,62,30,19,52,96,63,37,31,51,67,15,45,108,11,2379,456,207,977,1073
06037234002,822300,1932,1946,47,41,61,10,627,20,36,0,0,446,29,1576,651,2994,0.4586,27,1073,2475.0,5255.0,0,1092,1696,3030,2571,3005,336,1073,49,37,18,29,1,0,70,34,32,66,82,25,20,102,85,27,134,168,18,17,3030,385,61,1073,1092
06037234200,907500,1422,2457,20,27,87,0,390,117,70,92,19,742,152,1231,280,2569,0.556,21,1132,4956.0,6918.0,0,1167,688,2569,2347,2569,315,1132,9,19,5,106,21,0,11,78,158,60,29,107,40,56,73,24,62,9,114,67,2569,613,112,1132,1167
06037234301,1048600,1500,3044,45,76,81,91,746,0,22,0,2,253,176,1002,192,1684,0.5344,94,999,1529.0,4002.0,14,1054,99,1684,1309,1684,210,999,17,14,20,14,0,11,64,0,19,18,15,30,13,23,0,0,114,0,55,0,1684,171,82,999,1054
06037234302,777100,1564,1919,121,54,14,176,1245,0,0,30,13,157,114,1358,439,2441,0.4212,41,1402,808.0,5644.0,0,1532,167,2441,2190,2411,89,1402,13,0,105,13,0,41,12,31,65,35,68,13,88,152,28,0,65,64,91,0,2441,100,57,1402,1532
06037234501,721400,1466,2271,36,39,49,17,306,36,102,64,18,572,224,1445,200,2856,0.4164,44,878,3189.0,4334.0,0,980,921,2901,2701,2901,413,878,8,20,46,24,17,35,41,36,29,49,31,93,77,61,18,118,73,207,154,69,2901,386,137,878,980
06037234502,713100,1286,2653,40,63,109,24,746,50,12,51,23,379,211,1226,609,2717,0.5477,16,1125,2186.0,5526.0,0,1226,744,2772,2636,2772,324,1125,78,10,80,27,17,0,118,23,72,33,7,9,83,80,53,40,0,50,142,40,2772,251,112,1125,1226
06037234600,761400,1831,1888,10,55,18,0,548,103,96,84,29,1073,285,2403,700,4880,0.4658,176,1621,6320.0,8705.0,0,1841,1532,4885,4504,4863,637,1621,4,96,34,0,32,83,115,79,7,129,157,23,96,52,146,125,78,230,237,95,4885,587,405,1621,1841
06037234700,667300,1405,2430,52,49,51,60,587,18,110,84,49,654,197,1800,795,3695,0.4755,53,1241,3629.0,5825.0,0,1491,1253,3700,3235,3675,481,1241,5,98,133,86,33,10,51,95,86,80,31,21,54,172,138,109,106,81,144,52,3700,383,168,1241,1491
06037234800,638200,1556,1955,69,29,87,0,531,45,48,30,62,608,183,1773,345,3424,0.4067,115,1139,3260.0,5224.0,7,1173,1608,3424,3256,3424,365,1139,43,23,11,19,0,0,69,47,18,24,88,45,54,142,50,92,113,188,87,21,3424,303,233,1139,1173
06037234901,495700,1078,1239,119,95,260,95,1206,0,0,0,0,44,179,1479,785,2906,0.4465,150,1250,196.0,4516.0,0,1386,1107,2954,2642,2954,256,1250,25,59,50,123,17,18,0,24,45,17,35,18,139,66,130,60,18,80,62,25,2954,21,23,1250,1386
06037234902,793200,1080,1769,79,57,164,112,1742,57,37,0,0,274,220,2050,1067,4414,0.5505,110,2016,1892.0,7835.0,0,2126,1955,4558,4398,4552,559,2016,60,277,59,29,17,31,71,0,50,138,57,44,97,107,269,55,29,106,242,129,4558,117,157,2016,2126
06037235100,878800,1968,2640,42,13,27,23,390,138,163,49,111,1359,331,2255,432,4069,0.4602,74,1749,8252.0,9951.0,0,1920,556,4074,3685,4054,654,1749,18,41,26,25,95,27,53,58,65,210,119,23,134,47,51,36,47,62,89,37,4074,1090,248,1749,1920
06037235201,583300,1067,1895,8,6,7,12,241,21,39,184,96,728,68,1190,552,2790,0.5014,29,969,4074.0,4928.0,10,1001,853,2847,2721,2838,307,969,48,28,20,39,34,0,25,24,32,62,42,57,52,125,111,104,116,31,113,104,2847,443,211,969,1001
06037235202,686100,1358,2168,41,8,196,87,1135,38,37,58,41,553,156,1650,1142,3888,0.5573,126,1688,3252.0,7244.0,0,1900,1004,3888,3562,3823,326,1688,66,81,56,48,53,15,83,39,96,86,19,104,69,96,194,65,194,90,125,36,3888,448,105,1688,1900
06037236001,806600,3003,2603,53,40,27,18,433,79,116,117,183,1528,108,2486,246,4207,0.4138,36,1961,8721.0,10549.0,0,2210,432,4207,3726,4207,682,1961,23,121,70,90,167,95,108,124,124,32,51,166,50,33,176,102,28,0,184,0,4207,1123,405,1961,2210
06037236101,734700,1496,1826,31,34,59,105,832,101,9,43,10,442,118,1050,617,2421,0.5529,94,1274,2429.0,4646.0,21,1367,393,2421,2130,2384,298,1274,17,49,213,74,1,12,115,12,187,139,27,49,37,0,60,7,0,65,49,0,2421,350,85,1274,1367
06037236102,556200,1380,-666666666,140,95,156,127,1404,0,36,46,0,445,247,2334,626,3573,0.4594,137,1849,1572.0,6630.0,0,2065,1007,3573,3196,3573,359,1849,0,145,64,66,35,0,32,56,27,59,17,69,0,35,203,0,52,0,121,0,3573,361,58,1849,2065
06037236203,-666666666,1475,-666666666,37,85,59,146,1449,0,0,0,0,35,76,1551,1227,3705,0.4378,107,1484,,,0,1640,1711,3727,3179,3701,447,1484,12,56,126,13,4,12,69,37,85,28,24,0,239,123,261,33,176,128,141,13,3727,24,0,1484,1640
06037236204,-666666666,1400,-666666666,68,101,137,80,1199,0,0,0,0,0,193,1688,720,2968,0.4304,58,1199,-666666666.0,4347.0,0,1425,1383,2968,2789,2929,177,1199,12,32,4,12,22,0,23,31,11,49,10,12,117,81,69,30,114,43,101,45,2968,0,0,1199,1425
06037236205,-666666666,1074,-666666666,51,37,172,25,1238,0,0,0,0,22,44,1593,1157,3421,0.4969,179,1260,,,0,1441,1301,3421,3271,3308,358,1260,0,63,16,32,0,15,65,8,16,0,0,38,135,211,128,36,181,195,96,0,3421,22,0,1260,1441
06037236206,-666666666,1489,-666666666,0,195,211,105,1280,0,0,0,0,0,420,1823,899,2929,0.3924,67,1280,-666666666.0,4499.0,0,1365,1774,2983,2710,2983,241,1280,124,34,15,59,0,0,97,0,0,0,61,79,37,99,48,20,59,37,68,23,2983,0,0,1280,1365
06037236400,1111800,1733,3598,63,126,148,52,980,124,138,46,53,1092,80,2601,367,4508,0.4466,49,2072,6606.0,10295.0,0,2226,536,4551,4151,4514,574,2072,62,68,47,67,22,42,108,65,75,46,123,66,101,99,109,69,112,208,121,119,4551,811,248,2072,2226
06037237101,628300,1339,2075,46,80,39,43,648,32,0,32,0,311,132,1676,655,3674,0.4424,123,959,1578.0,4702.0,0,1029,2758,3827,3435,3790,255,959,41,45,89,9,0,0,0,23,65,44,6,13,114,213,146,82,272,265,206,61,3827,145,103,959,1029
06037237102,533900,1430,2291,3,92,99,87,732,7,29,48,13,262,92,1476,959,4016,0.4601,59,994,1281.0,4453.0,0,1052,3091,4038,3814,3973,379,994,68,14,20,12,0,27,13,18,33,14,16,69,130,268,191,175,147,162,172,131,4038,74,104,994,1052
06037237201,536000,1395,2135,104,99,74,49,612,7,23,49,14,391,220,1749,1088,4118,0.449,136,1003,2053.0,4950.0,0,1062,3223,4138,3877,4063,381,1003,26,20,21,27,4,6,9,44,44,65,17,14,96,216,143,129,126,146,106,97,4138,156,117,1003,1062
06037237202,600700,1687,2101,0,0,18,133,729,58,14,81,5,521,267,1896,1202,4630,0.4887,55,1250,3117.0,6192.0,0,1288,3269,4653,4337,4653,485,1250,65,68,69,57,0,0,94,0,52,5,0,54,152,206,137,142,144,329,85,235,4653,258,210,1250,1288
06037237300,611700,1574,1960,8,0,65,18,720,254,59,120,57,1106,165,3269,1008,5943,0.4044,260,1826,6260.0,9275.0,0,1911,3393,6051,5828,6037,642,1826,79,32,11,0,8,0,90,141,183,83,55,14,124,176,231,200,91,110,248,215,6051,558,451,1826,1911
06037237401,488800,1663,2209,20,65,10,37,415,70,86,72,0,646,134,2042,1262,4294,0.4261,121,1061,3612.0,5753.0,0,1081,3382,4331,4107,4265,544,1061,75,17,22,10,3,5,49,65,10,0,22,11,231,140,124,196,56,225,101,128,4331,232,390,1061,1081
06037237402,484800,1411,1966,64,54,19,7,403,99,77,72,12,639,142,2246,132,3882,0.3663,88,1042,3625.0,5264.0,0,1042,2523,3896,3745,3853,426,1042,59,109,77,37,12,55,31,55,132,26,48,51,103,43,45,69,50,47,120,54,3896,280,302,1042,1042
06037237500,457800,1294,1875,44,82,33,38,667,19,0,6,0,93,82,1223,1042,2794,0.4483,57,760,402.0,3161.0,0,793,2187,2822,2756,2822,198,760,27,41,69,14,16,22,34,45,17,35,17,31,43,61,167,132,74,59,133,75,2822,14,11,760,793
06037237600,442800,1277,1323,75,100,117,219,858,27,29,8,0,313,294,1937,1129,4014,0.4627,115,1171,1782.0,5572.0,0,1206,3043,4014,3917,3995,379,1171,27,71,66,38,98,0,70,88,55,15,93,31,49,174,91,165,120,117,47,21,4014,129,128,1171,1206
06037237710,495000,1577,1833,53,38,142,151,902,0,0,26,7,173,130,1814,1794,4445,0.4244,62,1075,980.0,5200.0,0,1115,2673,4445,4289,4412,456,1075,0,0,17,0,0,0,0,96,0,87,0,43,90,302,442,75,29,97,161,214,4445,79,48,1075,1115
06037237720,431600,1409,1610,0,139,28,62,768,0,14,4,24,156,52,1430,1318,3750,0.4341,117,924,880.0,4412.0,0,945,3008,3784,3538,3721,256,924,0,0,24,0,0,20,45,15,12,0,10,36,330,144,211,21,182,326,48,115,3784,45,87,924,945
06037237800,555900,1357,2335,0,20,24,80,496,10,0,42,83,677,181,1592,1006,3880,0.4366,18,1173,4154.0,6470.0,0,1342,2088,3880,3632,3803,367,1173,18,31,36,38,31,0,32,75,78,30,211,117,89,259,145,15,83,112,148,57,3880,386,246,1173,1342
06037237900,626400,1461,2279,25,20,119,0,427,41,82,23,62,937,182,1912,813,4131,0.45,129,1364,5799.0,7715.0,0,1394,1319,4131,3797,4052,407,1364,126,61,52,46,39,0,31,47,117,24,73,40,132,301,36,0,224,73,236,100,4131,645,236,1364,1394
06037238000,578100,1728,2146,0,52,106,35,951,213,123,121,62,1264,283,2871,811,5583,0.4394,140,2215,7047.0,10939.0,0,2349,1596,5592,5043,5571,611,2215,106,31,85,21,0,46,48,145,95,116,172,58,267,11,269,104,89,141,255,0,5592,787,399,2215,2349
06037238100,629500,1101,2067,248,102,31,65,1414,151,69,51,58,713,134,2706,900,5105,0.5379,189,2127,4128.0,10954.0,0,2170,1546,5165,4727,5165,484,2127,41,31,47,0,30,22,35,132,63,71,48,30,142,200,211,61,173,151,47,0,5165,501,121,2127,2170
06037238200,588600,1227,2450,205,60,111,161,1488,91,79,19,17,701,156,2423,1328,5992,0.4712,59,2189,3935.0,10410.0,43,2424,1659,6181,5902,6144,573,2189,21,64,95,72,0,0,67,103,156,135,169,257,254,138,237,16,27,239,198,182,6181,488,161,2189,2424
06037238310,617200,1423,2462,115,62,88,85,1285,7,33,0,0,85,170,2616,1511,5358,0.4435,143,1370,568.0,6112.0,0,1417,4201,5400,5052,5298,352,1370,20,37,5,5,5,15,44,8,37,95,13,8,283,231,197,163,214,224,301,211,5400,0,62,1370,1417
06037238320,595200,1143,2429,51,83,131,27,1035,0,0,0,15,90,156,1471,1464,3527,0.4785,131,1125,449.0,4752.0,0,1166,2283,3560,3333,3483,242,1125,8,12,34,12,0,13,59,0,69,11,77,14,147,226,196,58,74,138,192,137,3560,84,0,1125,1166
06037238400,651400,1357,1950,76,11,50,55,635,294,46,76,59,1131,223,2448,915,5103,0.4642,42,1766,6532.0,9275.0,0,1855,1747,5107,4875,5038,515,1766,40,54,176,30,64,42,20,51,290,158,61,81,212,111,313,46,193,52,93,19,5107,806,231,1766,1855
06037239201,562500,1308,1953,43,37,48,116,665,22,24,12,0,174,19,1725,727,3563,0.4599,53,839,898.0,3653.0,0,869,3244,3563,3354,3508,411,839,14,0,66,10,22,24,16,14,27,0,2,0,217,48,93,73,211,106,206,77,3563,39,89,839,869
06037239202,577100,1526,2105,148,22,207,39,1036,40,0,0,58,177,231,2502,1300,5638,0.4051,201,1213,836.0,5879.0,0,1279,5150,5645,5221,5623,442,1213,0,181,73,19,0,8,112,0,24,0,23,62,131,388,565,105,150,233,227,124,5645,15,132,1213,1279
06037239310,598500,1467,1571,45,143,68,37,766,0,17,22,0,158,115,2010,699,3885,0.4044,79,924,777.0,4183.0,0,976,3589,4026,3757,3986,339,924,41,1,11,15,0,21,7,75,64,9,0,3,240,113,167,87,119,191,204,122,4026,61,97,924,976
06037239320,600400,1449,1732,40,35,61,44,494,2,0,93,19,295,138,1619,764,3078,0.4361,40,789,1580.0,3631.0,11,847,2663,3078,2982,3062,442,789,25,15,15,15,7,0,19,37,10,27,7,0,55,120,155,173,40,103,148,41,3078,91,174,789,847
06037239330,471900,1463,1586,28,144,18,38,522,8,0,39,18,216,115,1333,975,2972,0.4577,108,738,1201.0,3624.0,0,753,2701,2972,2934,2961,300,738,11,14,50,27,0,51,32,4,41,39,10,0,150,206,194,23,0,134,69,57,2972,110,71,738,753
06037239501,484500,1446,1946,70,47,58,127,652,42,35,18,8,333,153,1780,870,3652,0.4036,115,985,1694.0,4593.0,0,1024,2510,3668,3408,3649,310,985,2,42,0,19,14,7,19,13,51,28,17,51,71,136,125,79,192,114,211,156,3668,103,188,985,1024
06037239502,512700,1544,1685,45,35,48,66,496,34,0,25,0,340,112,1683,626,3561,0.4069,84,836,1764.0,3935.0,0,911,2928,3624,3422,3590,351,836,16,27,29,6,13,3,38,71,28,14,16,6,130,158,221,107,104,184,157,98,3624,117,172,836,911
06037239601,480000,1353,1250,39,77,56,98,643,6,0,28,25,274,88,1767,761,3668,0.3631,80,917,1590.0,4495.0,0,988,2896,3675,3482,3655,401,917,29,39,7,12,25,23,20,28,5,29,9,74,127,184,132,84,105,158,77,84,3675,147,93,917,988
06037239602,503100,1449,2307,65,64,61,39,643,5,21,19,13,254,142,1609,1151,3935,0.3804,85,897,1606.0,4620.0,0,957,3395,3967,3783,3943,348,897,19,22,30,71,0,0,1,31,45,22,83,36,132,187,294,66,77,187,332,116,3967,55,147,897,957
06037239701,470100,1212,2051,20,34,35,0,741,0,12,58,28,352,237,1847,1760,4436,0.4963,130,1093,1753.0,4820.0,0,1141,3643,4509,4390,4476,260,1093,25,23,0,7,16,24,15,34,73,0,43,29,302,239,384,163,82,128,243,18,4509,85,195,1093,1141
06037239702,543900,1391,1991,18,83,69,58,858,13,0,27,9,260,192,1898,1608,4541,0.4822,65,1118,1418.0,5265.0,43,1188,3018,4567,4432,4525,332,1118,38,26,18,36,8,0,29,82,60,19,14,0,154,175,211,195,100,190,166,143,4567,122,74,1118,1188
06037239801,488800,1581,1838,25,71,32,18,571,53,10,0,49,382,173,1989,912,3995,0.4552,83,953,2198.0,4799.0,0,1006,3111,4116,3866,4078,361,953,49,53,29,26,5,0,12,42,51,15,4,14,80,126,177,98,149,110,236,97,4116,111,167,953,1006
06037239802,506300,1379,1863,123,23,81,89,921,78,23,8,18,409,302,2570,1286,5767,0.4195,131,1330,2315.0,6169.0,0,1372,4652,5767,5199,5703,517,1330,30,0,26,8,16,0,48,36,54,41,82,11,171,323,275,182,226,155,349,141,5767,181,203,1330,1372
06037240010,402500,1375,1660,78,12,99,18,833,0,0,4,0,201,209,1546,1510,3873,0.4511,144,1034,1157.0,4731.0,0,1077,3116,3888,3570,3876,234,1034,9,0,21,12,10,3,31,60,17,31,7,0,120,105,165,244,108,219,105,106,3888,102,71,1034,1077
06037240020,496800,1736,2220,26,41,76,29,674,59,88,59,56,608,227,2642,887,5277,0.378,193,1282,3294.0,6571.0,0,1348,4612,5286,4602,5230,335,1282,0,38,44,6,6,0,98,114,60,35,12,26,68,163,368,191,187,182,226,171,5286,173,345,1282,1348
06037240200,442800,1359,2146,89,95,61,91,997,13,22,85,40,493,400,2514,2147,6281,0.4305,111,1490,2795.0,7417.0,44,1507,5079,6345,5786,6281,489,1490,9,0,72,37,0,0,16,95,136,46,14,37,324,412,243,138,287,228,335,139,6345,113,246,1490,1507
06037240301,499300,1545,2588,61,166,93,34,663,13,10,21,0,249,201,1098,1137,3052,0.4864,99,912,1326.0,3954.0,0,912,1803,3061,2709,3028,313,912,0,40,101,32,26,0,55,68,23,70,14,0,144,96,121,55,190,118,75,58,3061,121,105,912,912
06037240302,502400,1469,3110,87,38,31,34,505,0,51,9,36,199,269,1282,945,2849,0.4282,74,704,1000.0,3196.0,0,784,2260,2849,2670,2849,171,704,11,6,0,0,0,0,57,20,12,35,41,12,171,66,179,100,105,42,134,64,2849,121,51,704,784
06037240401,494600,1575,2491,84,81,30,156,1105,35,14,82,73,474,167,2632,1472,6382,0.4094,117,1579,2626.0,7528.0,0,1632,5239,6409,6085,6274,692,1579,53,30,12,69,0,38,22,108,50,44,28,19,185,386,331,134,240,258,360,197,6409,83,210,1579,1632
06037240402,454100,1338,1824,20,89,52,27,618,56,70,0,0,515,252,1991,1096,4259,0.4688,109,1133,2482.0,5118.0,0,1161,2957,4276,3755,4218,519,1133,2,29,14,0,0,19,6,34,76,50,50,12,226,348,107,74,148,137,216,123,4276,227,98,1133,1161
06037240500,483000,1438,1897,92,109,97,171,1204,0,62,60,0,461,365,3254,1992,6633,0.524,172,1665,2390.0,7966.0,0,1720,5269,6760,6385,6662,414,1665,15,20,16,36,0,0,9,4,120,39,59,21,241,188,254,342,348,276,256,177,6760,204,139,1665,1720
06037240600,454100,1507,1170,43,45,136,39,886,6,18,12,10,313,249,2044,1140,5431,0.4105,112,1199,1537.0,5969.0,0,1303,3829,5431,4937,5346,439,1199,69,85,36,116,25,169,72,67,43,36,81,33,186,285,257,175,283,230,181,74,5431,106,115,1199,1303
06037240700,470100,1700,1875,60,122,19,48,832,118,93,74,43,801,302,3178,1064,6324,0.4395,177,1633,4018.0,7740.0,0,1740,5114,6324,5949,6285,573,1633,38,50,46,33,15,45,69,42,73,55,19,43,195,214,411,196,102,275,241,246,6324,313,279,1633,1740
06037240800,472000,1276,1993,19,27,70,40,556,56,80,51,25,521,193,2047,1352,4434,0.4981,155,1077,2766.0,5250.0,0,1108,3423,4470,4176,4451,430,1077,25,55,0,12,23,18,34,22,7,11,0,35,79,115,193,217,228,192,128,45,4470,180,203,1077,1108
06037240901,489800,1677,1789,37,27,16,0,212,21,9,56,29,350,136,1225,697,2665,0.4308,7,562,1836.0,2810.0,0,601,2550,2711,2390,2680,240,562,0,42,0,7,0,19,22,5,66,27,4,19,97,108,218,125,128,118,99,37,2711,142,112,562,601
06037240902,466400,1383,2260,0,51,22,39,411,22,9,27,0,348,100,1426,1313,3658,0.6538,120,759,1728.0,3535.0,0,831,3212,3658,3131,3539,267,759,38,11,97,39,0,0,19,18,89,0,27,0,185,270,233,47,207,190,121,113,3658,124,129,759,831
06037241001,480200,1630,1414,112,48,71,40,574,39,34,109,0,548,166,2091,1139,4621,0.4414,61,1122,3120.0,5911.0,0,1167,3246,4641,4500,4540,527,1122,0,0,0,32,8,0,42,232,0,51,0,161,346,104,205,45,200,136,168,104,4641,179,328,1122,1167
06037241002,564900,1744,1884,99,58,25,20,568,44,56,32,12,418,271,1625,795,3760,0.4634,129,986,2165.0,4746.0,0,1000,2452,3776,3526,3728,401,986,56,46,77,7,0,7,6,56,108,15,7,46,141,209,149,64,123,116,125,97,3776,154,220,986,1000
06037241110,473600,1739,2269,37,65,49,17,493,52,32,5,32,338,76,1816,486,3795,0.3397,66,831,1869.0,3968.0,0,872,3075,3819,3541,3698,390,831,23,37,18,23,3,0,12,56,37,23,8,9,165,196,147,129,179,141,165,100,3819,99,153,831,872
06037241120,544500,1247,1402,27,49,79,67,924,28,0,38,48,330,221,1720,1730,4206,0.4972,182,1254,1630.0,5358.0,0,1290,3250,4207,3873,4144,351,1254,218,28,46,25,0,12,30,46,53,42,9,0,86,188,237,132,207,193,270,106,4207,62,231,1254,1290
06037241201,509700,1733,2161,5,17,6,56,404,0,45,50,42,528,100,1519,649,3277,0.4491,54,932,3006.0,4581.0,0,946,1943,3287,3106,3273,280,932,29,14,5,40,34,14,7,51,23,39,16,3,161,196,201,64,67,100,123,65,3287,279,181,932,946
06037241202,551000,1502,1755,8,69,39,23,788,112,41,125,56,847,66,2186,1299,5252,0.5189,51,1635,4812.0,8038.0,0,1655,3393,5291,4926,5194,453,1635,49,24,0,0,21,22,11,171,59,28,99,104,339,288,117,84,123,196,160,116,5291,415,290,1635,1655
06037241300,577700,1194,2256,32,70,14,64,430,11,33,20,43,292,162,1153,592,2376,0.4744,51,722,1818.0,3383.0,0,755,1398,2376,2324,2350,339,722,5,12,3,12,7,13,10,15,17,37,29,31,94,125,97,35,85,57,107,46,2376,197,81,722,755
06037241400,473700,1508,2474,55,39,30,7,566,63,74,5,42,381,169,2071,533,3974,0.471,52,947,2111.0,4548.0,0,996,2885,3974,3902,3938,357,947,14,46,24,0,5,4,55,3,24,26,16,34,138,123,258,109,48,128,233,179,3974,134,191,947,996
06037242000,517400,1339,1953,125,53,117,101,823,27,0,76,12,344,216,1720,943,4054,0.6048,103,1167,2034.0,5567.0,0,1167,2892,4074,3595,4017,384,1167,52,29,107,0,0,0,21,39,100,77,43,33,177,190,143,179,68,196,188,67,4074,95,154,1167,1167
06037242100,-666666666,865,-666666666,82,143,70,68,743,0,0,0,0,1,202,787,1524,2680,0.4983,217,744,,,0,826,2090,2680,2490,2583,140,744,19,0,13,0,8,11,28,3,15,0,0,25,150,179,127,90,120,232,192,44,2680,0,1,744,826
06037242201,438900,1552,1418,4,81,53,41,561,30,46,63,81,447,232,1884,945,3932,0.4864,138,1008,2697.0,5170.0,18,1039,3395,4011,3851,3986,337,1008,54,28,75,13,53,14,43,67,41,39,16,0,146,189,220,87,157,165,114,38,4011,184,173,1008,1039
06037242202,442600,1280,1990,37,29,54,28,504,10,48,0,26,254,205,1192,819,2856,0.4776,192,758,1265.0,3293.0,0,758,2279,2966,2813,2927,269,758,46,42,0,5,0,0,51,16,37,13,0,19,199,94,70,88,102,127,146,70,2966,53,110,758,758
06037242300,452700,1320,1205,81,122,115,91,894,10,9,25,13,398,461,2471,1318,4973,0.4045,219,1292,2250.0,6393.0,0,1318,3817,5010,4649,4964,410,1292,31,40,3,28,71,0,8,4,14,67,24,31,152,130,295,54,152,165,373,184,5010,169,195,1292,1318
06037242600,541700,791,2220,63,28,270,90,1318,33,0,0,8,55,394,1459,2199,4698,0.4961,249,1373,380.0,6052.0,0,1425,2848,4698,4063,4474,187,1373,16,0,0,0,0,0,62,35,0,42,0,0,275,439,337,50,288,235,330,104,4698,14,28,1373,1425
06037242700,496700,1051,2627,55,33,62,133,529,51,63,62,78,759,86,2117,1051,4926,0.4078,59,1288,4657.0,6762.0,0,1348,3961,4982,4527,4870,438,1288,0,42,33,8,0,0,33,59,161,95,19,35,279,30,255,66,126,205,99,26,4982,247,340,1288,1348
06037243001,457800,2173,1472,0,0,44,60,404,9,24,44,0,361,236,1633,740,3444,0.3276,143,765,1929.0,3747.0,0,765,2988,3444,3198,3399,261,765,9,4,22,16,36,0,11,7,18,54,12,35,158,194,126,64,158,113,157,111,3444,90,208,765,765
06037243002,463300,1948,1830,9,80,16,0,147,17,61,0,58,435,138,1591,124,2846,0.2513,46,582,2491.0,3277.0,0,685,2572,2846,2765,2790,283,582,51,33,41,35,12,0,9,0,32,0,13,14,34,109,123,127,81,90,86,32,2846,118,166,582,685
06037243100,373700,1040,1239,53,139,78,90,1170,0,32,26,0,346,418,2386,1912,5404,0.4656,301,1516,1787.0,6754.0,0,1531,3565,5552,5132,5482,572,1516,27,47,65,37,45,27,37,23,90,20,34,25,278,279,244,219,246,112,304,139,5552,77,163,1516,1531
06037261102,2000001,3501,4001,0,0,0,17,113,84,157,46,7,1269,27,1711,234,3502,0.5819,47,1382,11572.0,12385.0,0,1758,181,3502,3263,3480,836,1382,44,165,84,73,94,28,47,39,136,131,54,56,99,27,184,72,41,98,65,96,3502,1154,115,1382,1758
06037261103,2000001,-666666666,3446,64,0,0,0,103,8,50,28,25,616,80,910,78,1741,0.4633,13,719,4726.0,5189.0,0,761,109,1767,1585,1724,429,719,11,40,53,51,29,15,79,78,14,38,31,24,35,49,14,29,74,35,83,48,1767,535,81,719,761
06037261104,2000001,3501,4001,19,12,0,0,114,73,26,0,12,508,31,802,132,1547,0.5558,0,622,3528.0,4179.0,0,770,68,1547,1391,1528,346,622,33,0,135,22,17,34,0,18,86,34,51,62,0,51,95,0,36,22,14,53,1547,439,69,622,770
06037261200,2000001,1491,4001,10,16,12,0,202,75,63,69,125,1404,150,2058,240,3925,0.5043,32,1606,9316.0,10145.0,0,1800,435,3967,3415,3912,902,1606,27,83,130,125,34,66,98,118,57,113,37,41,106,80,127,74,29,98,134,30,3967,1036,343,1606,1800
06037262100,2000001,2802,4001,0,0,17,0,106,87,59,65,48,895,109,1160,102,2446,0.5684,38,1001,7979.0,8680.0,0,1426,62,2457,2321,2446,643,1001,60,90,178,82,31,51,51,89,135,39,79,51,107,46,57,111,50,65,109,38,2457,749,113,1001,1426
06037262200,2000001,2788,4001,35,126,32,25,413,80,93,97,75,1284,102,2187,209,4261,0.5811,19,1697,10732.0,12948.0,0,1926,247,4378,3911,4357,905,1697,55,93,145,71,37,73,60,159,98,63,19,161,103,153,68,46,110,184,100,198,4378,1078,206,1697,1926
06037262301,2000001,3250,4001,0,0,0,0,71,36,48,65,15,757,86,1257,211,2351,0.4956,10,828,5972.0,6351.0,0,971,246,2806,2365,2781,561,828,30,61,46,58,57,94,65,65,104,58,54,31,39,99,94,30,62,62,97,94,2806,651,99,828,971
06037262302,2000001,2413,4001,53,42,87,9,298,109,0,47,8,1018,0,1273,266,2823,0.5337,11,1316,8897.0,9933.0,10,1477,143,2839,2525,2826,646,1316,0,11,96,69,98,126,58,33,195,80,20,29,28,59,176,72,44,55,61,140,2839,945,73,1316,1477
06037262303,2000001,-666666666,4001,0,0,0,0,18,46,53,53,38,1024,42,1404,102,2749,0.4942,0,1042,,,0,1186,164,2749,2533,2749,754,1042,7,154,95,127,29,17,30,75,138,38,20,25,79,92,93,85,81,92,75,28,2749,871,146,1042,1186
06037262400,2000001,3501,4001,10,0,0,0,172,81,74,44,40,896,11,1135,31,2900,0.5282,0,1068,7714.0,9067.0,15,1303,218,2900,2267,2805,762,1068,39,48,89,132,51,14,35,44,188,80,30,91,119,67,31,65,135,78,136,77,2900,756,140,1068,1303
06037262501,2000001,3501,3989,0,19,12,12,157,60,137,71,53,1171,84,1796,113,3702,0.5189,18,1328,8604.0,9377.0,50,1418,48,3709,3257,3667,853,1328,14,90,47,85,17,83,61,5,94,129,16,47,132,188,122,84,269,141,80,97,3709,1042,129,1328,1418
06037262601,2000001,3501,4001,8,10,0,36,118,141,98,84,40,1120,34,1455,121,3302,0.4835,59,1238,9046.0,9927.0,0,1305,210,3330,2995,3330,858,1238,25,87,147,62,26,28,46,81,93,83,56,46,163,95,157,63,18,162,156,36,3330,924,165,1238,1305
06037262604,2000001,2750,4001,96,64,107,0,651,154,73,51,0,1526,68,2627,425,5763,0.5463,49,2177,10950.0,13791.0,0,2454,261,5763,5169,5667,1393,2177,79,139,130,146,35,90,83,157,205,76,109,194,168,231,303,58,174,171,259,144,5763,1230,296,2177,2454
06037262704,2000001,2829,3480,102,32,57,55,503,113,70,43,54,1029,81,1736,139,3590,0.565,75,1532,7013.0,9041.0,0,1766,215,3590,3024,3500,857,1532,45,109,53,38,59,62,52,47,65,30,108,110,70,209,67,85,180,105,66,72,3590,885,144,1532,1766
06037262706,2000001,3501,4001,20,60,17,44,304,39,17,46,0,962,57,1533,109,3492,0.5395,9,1266,7607.0,9134.0,26,1496,112,3492,3002,3451,814,1266,52,72,112,123,11,11,43,86,100,83,62,33,70,106,121,130,83,108,348,82,3492,836,126,1266,1496
06037262802,2000001,2163,4001,22,0,0,6,177,79,67,11,90,1264,69,1513,265,3512,0.5892,68,1441,10153.0,11003.0,0,1596,177,3512,3262,3460,919,1441,84,84,76,95,63,144,55,102,185,74,50,99,60,178,129,63,58,106,107,108,3512,1139,125,1441,1596
06037264000,2000001,2982,4001,17,21,0,69,209,75,74,20,0,1002,117,1257,158,2900,0.5894,22,1211,8181.0,9332.0,0,1339,177,2968,2437,2968,736,1211,7,36,47,111,29,160,53,25,91,98,64,19,159,63,184,30,16,125,156,44,2968,886,91,1211,1339
06037264102,1057000,2876,3536,120,201,88,94,1108,30,150,37,19,546,69,2018,202,2814,0.4668,29,1654,2861.0,6520.0,0,1813,190,2814,2440,2798,330,1654,0,38,129,67,8,29,78,21,46,83,12,35,28,26,22,9,44,66,30,38,2814,491,55,1654,1813
06037264103,888000,2581,3402,171,165,78,101,1115,64,110,20,7,434,142,2229,121,2777,0.3758,0,1549,1582.0,5492.0,0,1643,452,2777,2347,2711,440,1549,57,10,42,29,36,20,17,18,46,15,8,25,84,42,62,0,0,81,10,0,2777,230,189,1549,1643
06037264303,1036900,3201,4001,134,171,104,165,1198,110,40,47,17,317,76,2231,140,2706,0.3933,119,1515,1549.0,6052.0,0,1743,274,2706,1996,2706,432,1515,0,22,7,25,10,12,22,10,69,49,0,12,41,0,0,0,103,0,39,0,2706,256,61,1515,1743
06037264304,1013900,2769,4000,194,93,74,6,1130,26,30,0,0,180,72,1829,65,2358,0.4854,25,1310,923.0,4896.0,0,1509,64,2358,1590,2348,345,1310,0,118,0,7,0,0,0,0,14,35,16,0,16,21,0,0,21,0,38,0,2358,168,12,1310,1509
06037264305,1686000,2961,4001,94,88,70,46,858,95,23,22,26,954,121,2204,269,4396,0.592,68,1812,6116.0,9703.0,0,1993,845,4396,3564,4139,620,1812,0,112,63,160,53,54,85,101,77,51,115,105,466,22,37,29,46,144,123,21,4396,788,157,1812,1993
06037264306,1786800,2714,4001,78,98,72,87,599,0,0,17,12,263,29,1209,87,1703,0.4672,18,862,1366.0,3427.0,0,1094,74,1703,1402,1669,314,862,0,21,33,50,11,0,0,52,12,12,0,52,46,10,0,0,54,9,50,0,1703,216,35,862,1094
06037265100,2000001,3441,4001,5,61,62,17,521,8,0,0,8,759,18,844,312,2413,0.658,0,1280,6382.0,8084.0,0,1540,52,2413,1992,2413,555,1280,68,36,71,77,10,98,7,51,198,55,41,364,0,0,8,30,0,79,141,34,2413,724,35,1280,1540
06037265201,1521200,3501,4001,0,25,14,0,225,30,55,19,16,612,142,1201,236,2061,0.628,0,837,3587.0,4279.0,0,1171,248,2615,1969,2595,388,837,45,110,60,9,29,16,44,61,59,15,35,169,20,38,26,21,28,5,48,27,2615,396,216,837,1171
06037265203,1441600,3100,3406,11,79,40,2,536,20,27,8,30,533,0,873,336,1988,0.59,56,1069,3079.0,4509.0,0,1483,167,1988,1478,1986,302,1069,62,56,68,15,36,83,54,9,66,132,31,30,4,51,0,0,0,32,48,29,1988,516,17,1069,1483
06037265204,-666666666,3333,-666666666,49,28,20,45,591,0,64,0,0,90,75,803,502,1528,0.6293,73,681,,,0,918,168,1544,580,1544,86,681,0,14,43,26,0,0,0,26,0,0,0,0,50,57,16,0,51,15,43,0,1544,64,26,681,918
06037265301,-666666666,-666666666,-666666666,0,0,0,0,0,0,0,0,0,0,978,4425,0,0,-666666666.0,0,0,-666666666.0,-666666666.0,0,0,2650,12794,3265,12794,0,0,0,0,0,0,0,0,0,0,0,0,0,0,0,0,0,72,0,0,0,153,12794,0,0,0,0
06037265303,937500,2468,4001,70,7,78,54,1474,17,0,6,6,39,128,2349,2966,4736,0.6107,0,1513,173.0,4984.0,0,1833,818,4736,2014,4736,144,1513,0,15,42,0,0,0,0,14,49,10,0,0,0,0,0,6,44,0,0,0,4736,22,17,1513,1833
06037265304,-666666666,2207,-666666666,42,0,27,35,941,0,0,0,0,0,195,1371,1642,2262,0.6036,24,941,-666666666.0,2857.0,0,1163,457,3009,979,3009,56,941,8,0,0,0,0,8,0,0,0,0,0,0,0,16,0,23,0,0,11,5,3009,0,0,941,1163
06037265306,-666666666,2172,-666666666,17,52,28,32,448,0,0,17,0,23,102,937,849,1286,0.5774,38,471,,,0,544,444,1788,570,1788,0,471,0,0,0,0,0,0,0,0,0,0,0,0,0,0,0,17,0,0,0,0,1788,23,0,471,544
06037265307,-666666666,1943,-666666666,34,99,60,0,1038,0,0,0,0,0,99,1289,712,1734,0.6096,126,1038,-666666666.0,3121.0,0,1150,155,2190,1235,2184,63,1038,0,15,0,0,0,0,0,0,21,0,0,0,0,8,19,0,24,8,0,0,2190,0,0,1038,1150
06037265410,2000001,2419,4001,14,30,42,26,271,44,70,29,16,371,26,783,100,1674,0.5047,0,642,2864.0,4056.0,0,694,34,1679,1507,1664,315,642,11,7,70,16,31,4,72,25,21,25,23,15,43,63,86,68,38,60,30,47,1679,281,90,642,694
06037265420,2000001,2878,3814,11,0,26,23,156,43,17,24,5,451,21,680,129,1474,0.5238,8,607,3434.0,4150.0,0,726,90,1474,1276,1457,377,607,34,34,40,32,27,31,26,33,54,27,15,52,83,84,64,23,17,70,43,0,1474,375,68,607,726
06037265521,892900,2363,2894,60,64,93,186,985,0,16,33,0,98,31,1121,264,1569,0.4644,0,1083,459.0,2881.0,0,1221,49,1569,1084,1559,128,1083,119,0,0,0,0,0,0,0,0,19,0,32,3,0,0,0,23,0,0,27,1569,98,0,1083,1221
06037265522,2000001,2659,2192,77,35,98,85,807,46,34,17,0,163,32,1344,476,2073,0.5322,0,970,865.0,3249.0,0,1231,337,2086,967,2086,361,970,13,7,12,24,36,13,0,34,46,15,0,19,10,9,6,1,62,9,0,7,2086,134,21,970,1231
06037265523,940400,2910,-666666666,100,23,44,17,799,6,42,0,31,510,46,1563,147,2180,0.5233,0,1309,2994.0,5998.0,0,1493,302,2180,1445,2114,267,1309,5,0,47,13,0,17,15,13,75,46,0,0,54,53,0,0,28,52,0,27,2180,496,14,1309,1493
06037265524,1036300,3094,2410,27,175,82,54,947,31,12,0,0,361,56,1737,189,2864,0.5171,69,1308,1727.0,5520.0,0,1402,164,2864,2529,2850,442,1308,0,12,24,60,72,0,37,34,135,54,21,0,76,38,25,0,157,122,67,39,2864,238,107,1308,1402
06037265601,1618300,2509,1975,51,82,90,16,725,80,33,46,18,677,23,1596,315,3019,0.5464,0,1402,3734.0,6647.0,0,1546,127,3019,2281,3019,541,1402,27,47,28,35,42,151,33,84,154,58,60,134,78,63,87,24,62,49,0,13,3019,557,120,1402,1546
06037265602,1475500,3501,4001,41,51,8,25,543,82,39,0,8,999,242,1646,377,2921,0.6443,35,1542,4791.0,7260.0,0,1965,111,2928,2404,2871,584,1542,16,26,173,64,59,53,34,21,96,147,98,83,25,0,77,25,108,25,0,0,2928,894,97,1542,1965
06037265701,2000001,2189,2926,49,21,0,5,469,27,0,0,6,343,65,924,114,1730,0.5252,0,812,2305.0,3971.0,0,876,241,1745,1536,1740,368,812,49,5,23,79,18,27,0,14,49,80,23,25,0,74,0,0,92,105,43,20,1745,296,47,812,876
06037265702,1485500,2735,4001,0,34,0,83,792,46,59,0,88,718,153,1221,312,2993,0.6149,7,1510,3671.0,7255.0,0,1794,151,2993,2503,2967,565,1510,93,15,55,167,96,21,40,49,42,49,129,211,104,173,114,0,191,20,0,0,2993,572,141,1510,1794
06037267101,1123100,2380,3901,104,28,143,90,828,73,46,77,13,583,69,1903,150,3136,0.4066,12,1411,3503.0,6217.0,0,1505,293,3136,2850,3136,632,1411,11,24,44,41,41,0,8,13,43,61,49,37,81,76,48,89,36,64,227,17,3136,438,145,1411,1505
06037267102,1222000,2733,4001,170,83,31,0,801,55,35,53,9,723,78,1817,351,2928,0.6284,24,1524,4154.0,7207.0,0,1612,286,2928,2763,2910,510,1524,11,89,20,0,13,18,0,9,20,171,12,114,131,44,65,26,49,56,10,44,2928,617,106,1524,1612
06037267201,1294600,2387,2280,33,150,62,81,952,54,13,54,35,407,106,1816,269,2775,0.4809,20,1359,2474.0,6636.0,0,1434,239,2775,2109,2702,452,1359,178,52,65,9,0,16,51,72,0,31,16,38,103,15,46,0,25,0,0,0,2775,324,56,1359,1434
06037267202,1295300,3131,3570,89,143,0,140,1022,135,57,0,70,611,201,2349,441,3654,0.5361,12,1633,3485.0,7531.0,0,1856,134,3654,2773,3542,710,1633,0,28,57,81,24,49,34,93,61,70,25,54,199,75,144,25,111,11,6,16,3654,419,173,1633,1856
06037267300,656300,1923,2144,192,130,137,139,1912,38,14,0,0,139,452,2923,690,3768,0.4856,54,2051,599.0,5885.0,0,2423,900,3865,3169,3843,262,2051,44,103,81,38,0,33,28,76,32,33,0,10,123,26,70,0,0,38,48,0,3865,118,21,2051,2423
06037267403,851100,2329,2143,158,205,315,109,1645,7,25,15,7,208,495,2849,596,3538,0.4109,15,1853,914.0,6374.0,7,2042,212,3538,2952,3522,251,1853,0,50,31,19,0,35,25,8,79,13,34,95,18,0,0,0,29,19,15,13,3538,134,60,1853,2042
06037267404,936000,2519,1636,55,66,89,213,1302,16,40,0,13,282,91,2269,814,3325,0.5025,33,1584,1379.0,5852.0,56,1713,246,3325,2744,3312,378,1584,5,0,43,0,7,38,40,19,29,28,30,28,13,43,0,94,63,54,0,28,3325,222,60,1584,1713
06037267405,898200,2440,2218,170,59,100,158,1202,0,19,0,23,173,50,1936,230,2447,0.4292,71,1375,633.0,4837.0,68,1568,214,2527,1936,2465,282,1375,14,33,28,40,0,27,11,17,69,4,19,19,23,20,0,0,47,0,0,4,2527,129,44,1375,1568
06037267406,864200,2362,1617,93,123,97,103,775,21,17,0,0,294,29,1274,89,1929,0.4205,83,1069,1124.0,3687.0,0,1118,543,1963,1505,1963,244,1069,0,6,19,11,17,0,44,39,38,43,69,16,23,0,21,0,14,0,21,0,1963,206,88,1069,1118
06037267502,1199200,2182,3000,174,213,148,133,1283,48,15,32,16,366,192,2390,317,3228,0.5255,36,1649,1893.0,6220.0,0,1789,1009,3228,2694,3190,469,1649,26,22,73,46,0,7,24,44,53,0,30,24,0,97,71,0,48,0,76,12,3228,301,65,1649,1789
06037267503,1039900,2466,4001,96,65,41,82,933,30,26,0,59,234,75,1629,203,2159,0.4738,20,1167,1049.0,4319.0,0,1207,260,2159,1931,2159,218,1167,8,0,27,0,0,0,10,9,15,16,6,0,218,16,0,0,0,0,0,0,2159,130,104,1167,1207
06037267504,859800,2510,3109,242,131,119,67,1603,42,24,65,30,214,90,2365,226,3396,0.4673,32,1817,948.0,6451.0,98,1923,636,3396,2838,3328,636,1817,0,0,48,17,14,0,32,0,101,32,0,0,210,43,33,0,137,0,0,32,3396,181,33,1817,1923
06037267600,1208300,2579,1099,194,68,68,49,761,10,9,20,0,522,30,1466,319,2434,0.4153,0,1283,2963.0,5732.0,0,1377,382,2434,1978,2424,320,1283,0,42,111,18,0,0,122,12,109,62,64,113,26,25,7,57,14,34,10,0,2434,450,72,1283,1377
06037267700,1089800,2605,3033,234,152,112,156,1316,31,40,33,82,588,101,2691,272,3859,0.443,44,1904,2702.0,7185.0,0,2027,381,3890,3049,3824,547,1904,80,37,39,33,23,27,14,64,11,35,52,63,111,10,15,42,71,58,59,0,3890,381,207,1904,2027
06037267800,1534900,2696,2353,105,54,47,32,714,90,128,49,29,842,38,1633,150,3092,0.5209,28,1556,5169.0,7541.0,69,1665,297,3096,2617,3065,578,1556,6,55,76,71,10,18,0,27,193,149,73,23,116,57,62,26,79,143,61,27,3096,680,152,1556,1665
06037267901,1529200,3501,4001,56,7,14,48,588,17,11,75,62,1120,76,1219,176,2627,0.549,17,1708,5940.0,8203.0,0,2239,166,2627,2341,2612,384,1708,37,7,66,72,139,110,21,60,191,120,157,207,48,30,38,20,32,46,77,0,2627,1043,77,1708,2239
06037267902,1778100,3349,3591,119,126,224,123,952,103,54,46,68,740,120,2131,154,3570,0.4554,29,1692,4491.0,8262.0,0,1883,180,3570,2837,3541,670,1692,17,77,57,0,31,23,106,26,55,80,9,36,62,126,127,15,140,174,72,49,3570,571,162,1692,1883
06037269000,2000001,2333,3925,101,200,78,34,666,106,67,54,85,1385,122,2714,134,4539,0.4824,34,2051,10410.0,12438.0,12,2376,563,4646,4287,4631,1074,2051,87,64,213,81,7,38,25,96,114,31,82,233,149,128,63,62,151,119,25,34,4646,1177,208,2051,2376
06037269100,2000001,2735,2339,48,46,104,62,1137,10,10,17,31,437,170,1851,515,4212,0.5379,53,1574,2644.0,7409.0,0,2033,392,4212,3326,4045,746,1574,16,11,26,59,29,72,28,32,40,50,45,177,474,163,76,69,205,197,97,39,4212,284,147,1574,2033
06037269300,2000001,2737,2989,64,14,0,13,246,116,53,35,23,1149,185,1914,101,3763,0.4875,52,1395,9061.0,10115.0,0,1605,268,3763,3458,3733,980,1395,88,82,43,89,61,22,42,32,126,99,110,40,129,249,99,95,107,77,84,17,3763,917,232,1395,1605
06037269500,2000001,2469,3469,32,0,0,0,73,142,82,77,49,1225,154,1700,26,3855,0.4765,0,1298,8889.0,9365.0,47,1404,358,3855,3467,3819,992,1298,44,104,115,13,71,32,46,34,135,62,141,85,162,194,221,102,111,181,156,106,3855,939,286,1298,1404
06037269601,-666666666,1720,2740,110,58,140,82,887,23,0,10,58,147,123,2093,252,3500,0.3829,86,1034,1035.0,4270.0,0,1181,1652,3515,3184,3425,383,1034,0,33,58,0,10,0,0,8,64,36,59,10,61,36,60,79,197,48,150,41,3515,66,81,1034,1181
06037269602,1266400,1881,2074,115,101,71,44,782,27,0,0,0,123,150,1665,523,2476,0.45,29,905,746.0,3571.0,0,1135,1556,2532,2301,2526,328,905,52,8,26,0,0,9,15,22,12,30,37,27,65,9,28,52,104,44,59,23,2532,97,17,905,1135
06037269700,1298300,1976,2523,151,207,43,35,812,64,59,8,41,681,180,2438,427,3768,0.4749,57,1493,3804.0,6756.0,0,1674,1080,3769,3396,3707,534,1493,44,62,31,7,35,38,26,41,53,33,15,100,75,65,43,22,138,121,115,61,3769,375,217,1493,1674
06037269800,1279200,2358,3108,238,129,95,46,1143,35,21,70,0,351,61,2232,215,3069,0.4119,62,1494,2029.0,5657.0,0,1711,689,3069,2660,3069,458,1494,36,60,11,28,0,0,0,48,40,0,0,0,26,78,80,16,36,99,77,0,3069,278,67,1494,1711
06037269903,956900,2232,2268,190,163,256,272,1691,6,0,10,0,96,121,2344,346,3145,0.3505,69,1787,409.0,5446.0,0,1994,638,3318,2260,3318,295,1787,0,49,8,0,22,9,3,19,9,0,19,13,30,10,2,40,91,31,39,0,3318,37,21,1787,1994
06037269905,-666666666,2286,-666666666,252,154,153,170,1340,0,0,0,0,16,120,1804,195,2227,0.3995,45,1356,,,25,1572,349,2227,1647,2204,263,1356,0,0,10,8,0,22,0,43,33,0,10,0,23,50,13,0,31,13,26,12,2227,9,7,1356,1572
06037269906,785100,2454,2634,270,277,218,54,1514,27,0,0,23,98,47,2555,215,3321,0.3717,52,1612,368.0,5411.0,0,1748,681,3327,2706,3327,555,1612,0,13,21,27,0,0,10,53,39,22,28,11,24,31,117,0,40,35,80,11,3327,65,33,1612,1748
06037269907,802100,2201,1735,166,208,140,176,1221,0,6,5,7,76,144,1891,251,2452,0.3725,91,1297,286.0,4221.0,0,1456,297,2452,1989,2444,238,1297,26,0,44,20,0,8,0,21,43,6,33,10,32,17,9,13,8,31,20,8,2452,46,30,1297,1456
06037269908,-666666666,1922,-666666666,61,137,253,96,1214,0,0,0,0,61,11,1467,89,1847,0.3673,25,1275,,,0,1455,322,1847,1348,1847,240,1275,0,9,66,0,0,0,13,0,170,28,0,18,39,19,0,14,0,0,8,0,1847,61,0,1275,1455
06037269909,933300,1907,-666666666,116,293,167,68,1140,0,0,0,0,44,77,1539,62,1959,0.3188,41,1184,232.0,3525.0,13,1388,682,2098,1806,2081,256,1184,0,9,10,31,18,0,181,0,24,24,18,30,19,0,50,40,6,7,51,0,2098,44,0,1184,1388
06037270101,350300,2306,850,129,214,122,176,984,0,8,9,1,200,15,1331,225,1935,0.3787,62,1184,571.0,3713.0,0,1287,293,1935,1584,1935,145,1184,13,0,0,0,0,0,25,65,18,0,0,0,4,44,35,0,0,0,19,0,1935,169,31,1184,1287
06037270102,853400,2024,2722,141,149,80,148,967,30,10,0,16,126,107,1762,164,2198,0.3807,31,1093,690.0,3529.0,0,1304,451,2198,1997,2198,198,1093,0,11,52,26,0,0,0,28,39,20,21,32,17,0,12,8,18,10,16,36,2198,76,28,1093,1304
06037270200,1198100,1843,3059,103,49,124,36,923,17,17,16,23,357,133,2146,449,3697,0.5117,83,1280,2037.0,5318.0,29,1342,1562,3697,3126,3648,494,1280,39,0,70,11,24,0,16,26,113,50,47,20,61,76,55,62,109,39,69,62,3697,188,135,1280,1342
06037270300,1477800,1774,-666666666,14,71,23,42,369,49,50,40,19,768,95,1636,168,2805,0.5057,32,1137,4884.0,6249.0,10,1243,1332,2815,2320,2815,404,1137,17,50,44,30,41,16,31,23,49,24,72,19,94,55,77,62,110,19,72,35,2815,600,148,1137,1243
06037271100,1579300,1872,3545,34,16,27,24,349,85,42,88,37,531,61,1232,219,2424,0.5841,106,880,3097.0,4265.0,0,1036,526,2461,2063,2383,428,880,4,26,70,22,17,101,2,20,97,82,8,32,49,58,91,61,110,15,40,25,2461,319,202,880,1036
06037271200,899500,2096,3219,191,137,110,24,1010,15,11,13,9,115,13,1654,166,2268,0.4218,68,1125,566.0,3726.0,48,1329,873,2268,1494,2218,255,1125,0,33,30,22,0,17,9,63,20,14,7,5,72,61,0,0,80,68,8,0,2268,80,35,1125,1329
06037271300,1410600,2591,3793,117,38,113,79,835,110,106,29,154,1268,183,2911,556,5151,0.5478,64,2103,7473.0,10857.0,0,2145,805,5152,4560,5054,986,2103,21,53,60,44,77,18,10,35,98,35,57,135,148,120,132,46,141,162,189,68,5152,916,352,2103,2145
06037271400,1577300,3501,2355,30,0,31,0,201,134,222,73,13,1110,52,1479,16,3265,0.445,0,1311,6848.0,8079.0,0,1468,236,3266,3111,3213,779,1311,82,63,76,35,46,51,102,35,76,189,77,87,62,121,104,13,31,134,115,81,3266,881,223,1311,1468
06037271500,2000001,2463,3154,78,153,37,18,599,32,28,24,0,710,40,1380,291,2906,0.5517,24,1309,5066.0,7462.0,0,1387,198,2926,2751,2913,676,1309,21,19,70,142,74,100,22,28,120,78,69,74,21,117,100,25,142,135,124,7,2926,628,82,1309,1387
06037271600,1836300,2253,2798,156,216,147,72,1422,59,64,24,29,649,68,2962,564,4768,0.525,13,2071,4083.0,8860.0,0,2141,721,5099,3721,4887,1151,2071,15,43,80,22,78,28,0,68,88,106,9,35,251,120,49,12,191,70,66,57,5099,418,231,2071,2141
06037271702,977500,2189,1511,152,189,138,67,1328,77,29,22,38,518,188,2728,504,3823,0.4576,87,1846,2673.0,6816.0,0,2113,946,4092,3091,4055,662,1846,31,0,52,0,20,0,17,47,21,88,76,30,87,132,113,47,115,57,30,36,4092,373,136,1846,2113
06037271703,1454500,2258,2768,119,123,187,33,895,38,57,21,73,440,55,1979,220,2751,0.374,17,1335,2204.0,5512.0,15,1380,378,2765,2386,2749,370,1335,12,20,70,27,8,0,71,8,131,60,13,34,23,1,14,25,31,81,126,11,2765,253,187,1335,1380
06037271704,1531900,2696,3042,312,159,151,36,1001,54,47,68,19,333,96,1848,240,2987,0.365,16,1334,2124.0,5394.0,12,1469,76,2996,2480,2996,575,1334,31,43,24,63,27,0,14,0,59,46,2,8,202,87,35,46,73,211,11,25,2996,276,57,1334,1469
06037271801,1198500,2086,-666666666,214,68,121,130,1378,9,47,0,30,194,116,2058,383,3045,0.3962,73,1572,1264.0,5204.0,8,1994,1009,3045,2659,3009,497,1572,36,25,10,18,55,29,39,27,50,11,20,24,71,12,10,31,94,0,91,38,3045,131,63,1572,1994
06037271803,580400,2037,1702,119,163,299,162,1497,23,0,17,17,98,173,2270,425,3224,0.4006,135,1595,294.0,4542.0,0,1767,1015,3231,2856,3167,304,1595,17,79,21,0,0,0,11,3,0,14,44,0,64,62,85,120,33,57,0,22,3231,75,23,1595,1767
06037271804,1523600,2213,4001,88,141,22,29,728,7,18,0,0,296,139,1806,92,2414,0.4292,71,1024,1520.0,4232.0,0,1186,539,2414,2135,2414,341,1024,21,108,20,40,9,0,18,20,9,9,0,16,0,45,41,0,50,102,32,14,2414,143,153,1024,1186
06037271901,1692100,2344,1988,78,164,158,58,895,37,8,12,25,470,50,2110,181,3144,0.4512,34,1365,2732.0,5781.0,0,1414,882,3144,2808,3125,569,1365,80,72,53,22,13,30,42,8,26,9,46,12,26,93,34,95,92,15,106,17,3144,427,43,1365,1414
06037271902,2000000,1820,3136,140,160,175,65,1313,7,57,16,58,556,233,2381,277,3832,0.5103,31,1869,3894.0,7762.0,12,1945,993,3871,3377,3827,645,1869,40,38,37,79,16,40,29,65,39,118,47,22,95,88,148,38,114,41,82,53,3871,425,131,1869,1945
06037272100,1580300,2304,2395,107,81,67,72,668,119,140,62,25,1172,175,2587,249,4369,0.5321,92,1840,7167.0,9695.0,0,1943,883,4369,3898,4326,719,1840,27,49,48,85,34,67,44,147,60,36,30,79,102,93,162,28,134,125,77,227,4369,876,296,1840,1943
06037272201,1205400,1866,3167,75,130,113,120,797,37,25,6,15,200,86,1341,188,1991,0.4785,57,997,1079.0,3786.0,0,1108,740,1991,1799,1991,339,997,17,33,25,15,7,38,40,31,28,19,29,9,9,36,32,0,27,64,56,7,1991,159,41,997,1108
06037272202,1091000,1951,2345,188,178,168,92,1278,92,8,62,0,311,79,2342,274,3106,0.5497,45,1589,1387.0,5664.0,0,1749,880,3106,2644,3106,304,1589,39,49,21,31,34,0,9,18,21,17,0,19,106,54,0,12,103,32,20,25,3106,208,92,1589,1749
06037272301,1470100,2226,3405,77,168,131,27,860,75,58,61,29,520,113,1947,185,3154,0.4516,37,1380,3412.0,6672.0,18,1468,720,3234,2604,3153,536,1380,67,150,44,20,19,0,68,49,126,0,21,55,111,46,45,35,195,48,17,90,3234,397,123,1380,1468
06037272302,680200,1807,2729,188,166,387,211,1671,27,63,9,17,204,100,2537,363,3757,0.4939,45,1875,993.0,5943.0,0,1918,1781,3766,3306,3750,421,1875,37,95,50,29,17,68,60,16,16,85,50,37,40,20,93,57,96,25,38,8,3766,160,44,1875,1918
06037273100,1986700,3501,3348,105,66,51,27,646,55,26,16,25,587,68,1858,324,2637,0.516,30,1233,3399.0,6105.0,0,1396,482,2644,2065,2618,361,1233,12,35,35,4,22,15,26,32,39,31,24,21,129,42,26,28,47,70,34,40,2644,436,147,1233,1396
06037273200,1728700,2831,4000,94,74,126,61,912,10,39,0,32,510,89,1872,253,2911,0.4942,15,1422,2594.0,5921.0,17,1812,833,2911,2271,2825,406,1422,59,8,56,9,10,71,6,29,60,80,32,57,116,13,69,15,23,50,40,24,2911,390,120,1422,1812
06037273300,2000001,2323,3781,195,40,149,113,1133,28,43,0,10,270,233,1970,437,3024,0.5907,9,1403,1674.0,6062.0,0,1736,568,3024,2596,2998,468,1403,84,27,62,0,23,0,17,61,50,7,0,0,36,10,85,81,69,62,0,70,3024,198,72,1403,1736
06037273403,2000001,1755,4001,70,23,18,31,615,44,1,7,15,245,0,892,324,1289,0.6927,0,860,1286.0,2605.0,0,1219,218,1306,1080,1306,148,860,0,4,0,31,0,36,0,0,12,0,29,56,25,0,0,2,0,31,0,0,1306,217,28,860,1219
06037273404,1526500,2160,2551,38,81,6,182,900,74,0,56,0,273,98,1183,95,1424,0.4715,64,1173,1282.0,3212.0,0,1371,12,1424,1217,1424,114,1173,0,29,47,0,0,0,0,0,27,0,66,7,15,0,14,0,0,0,0,0,1424,194,79,1173,1371
06037273502,2000001,2269,2935,187,49,371,67,1338,44,14,11,19,322,111,1898,319,2625,0.4826,38,1660,1909.0,5854.0,0,2006,185,2625,2307,2625,351,1660,21,56,66,22,35,0,41,10,18,39,0,0,24,53,13,62,39,37,12,31,2625,220,91,1660,2006
06037273600,2000001,3244,3147,34,52,52,52,469,60,52,10,41,650,64,1367,100,2092,0.5403,0,1119,3499.0,5190.0,0,1199,405,2103,1748,2090,395,1119,9,16,39,45,38,0,9,55,97,17,0,5,0,85,63,15,50,0,50,41,2103,566,84,1119,1199
06037273700,2000001,2906,4001,33,92,97,28,653,57,62,65,30,530,226,1921,134,2796,0.4641,107,1183,3275.0,5851.0,8,1369,711,2796,2137,2770,458,1183,9,0,89,8,15,0,18,18,22,13,0,17,38,47,72,88,93,84,58,15,2796,312,209,1183,1369
06037273800,1864600,2242,2813,117,125,128,194,1007,5,20,17,12,468,113,1993,167,3027,0.5081,52,1475,2735.0,6162.0,10,1645,666,3027,2541,2964,433,1475,51,20,34,33,58,0,21,50,59,13,7,26,77,72,49,30,120,46,55,13,3027,323,133,1475,1645
06037273902,2000001,2622,4001,201,167,53,33,1109,194,63,132,12,1063,269,2652,358,4011,0.4843,91,2172,5833.0,9708.0,0,2566,348,4011,3678,4011,808,2172,23,60,80,65,120,142,50,77,100,107,37,0,49,102,74,50,0,108,57,67,4011,940,123,2172,2566
06037274100,1466200,3104,4001,90,62,96,61,1143,86,107,26,72,989,133,2464,393,4230,0.5049,15,2132,4917.0,8846.0,0,2621,243,4237,3820,4237,760,2132,19,76,103,53,42,16,86,58,34,67,61,14,138,252,60,23,84,145,72,0,4237,738,251,2132,2621
06037274202,1494500,3392,4001,103,57,90,86,1025,115,107,14,61,1147,295,2586,388,3820,0.4851,36,2172,6683.0,11002.0,0,2996,614,3820,3393,3769,737,2172,71,27,191,34,50,56,155,46,83,49,79,88,131,41,34,48,21,74,52,16,3820,998,129,2172,2996
06037275101,1127700,2341,1756,87,14,31,31,280,2,9,17,13,161,72,685,28,979,0.4472,52,441,874.0,1780.0,0,499,141,979,819,968,172,441,8,28,18,13,10,17,17,20,11,20,6,8,19,9,4,0,42,2,2,11,979,116,45,441,499
06037275102,1418800,1937,2634,45,185,127,108,923,36,66,42,0,392,129,2296,1047,4265,0.4353,11,1315,1827.0,4655.0,61,1363,3023,4265,3839,4170,592,1315,29,20,32,33,15,0,3,42,24,14,10,1,223,123,187,107,218,186,156,61,4265,225,134,1315,1363
06037275200,1231800,1918,-666666666,119,286,55,117,1193,58,38,35,0,438,161,2329,263,3754,0.4646,46,1631,2190.0,6120.0,0,1724,1610,3754,3040,3730,537,1631,122,87,56,0,0,32,81,150,37,33,30,17,119,147,89,69,58,32,39,27,3754,323,90,1631,1724
06037275311,1286100,1911,1587,111,488,89,178,1595,47,50,128,78,997,196,2734,370,4985,0.4683,92,2592,6225.0,11112.0,57,2608,1246,4985,4166,4883,1022,2592,39,48,131,135,116,48,30,104,125,67,151,40,208,68,104,77,54,32,62,61,4985,807,155,2592,2608
06037275312,1093400,3501,3309,71,67,26,71,614,85,24,62,10,420,52,1444,22,1991,0.4285,0,1034,2469.0,4589.0,0,1083,112,1991,1246,1913,344,1034,13,17,26,0,29,0,0,35,45,15,12,20,63,13,0,0,93,0,25,0,1991,335,85,1034,1083
06037275313,1199700,2969,3016,29,49,47,41,475,175,120,72,81,1214,36,1676,575,3289,0.4656,25,1689,5978.0,7740.0,0,1793,751,3298,2907,3269,482,1689,27,70,144,84,58,22,55,61,129,125,70,52,48,8,0,20,52,0,9,17,3298,972,186,1689,1793
06037275400,1191600,3223,3682,265,252,83,26,1362,157,71,70,118,971,55,3022,190,4161,0.4497,19,2333,4291.0,8489.0,69,2611,535,4161,3495,4086,688,2333,9,46,65,15,0,29,42,114,10,53,34,63,111,122,35,23,40,49,56,0,4161,685,236,2333,2611
06037275500,1001500,1123,2426,83,87,187,166,1315,28,62,45,0,452,104,2145,1350,4680,0.5508,107,1767,2615.0,7390.0,0,1849,3062,4808,4499,4796,686,1767,60,30,112,60,9,11,44,148,56,4,137,39,127,199,306,44,128,285,98,0,4808,269,172,1767,1849
06037275603,1129500,1993,2493,73,128,26,19,566,136,71,45,11,660,51,1697,138,2820,0.4276,27,1226,3582.0,5590.0,0,1283,793,2820,2597,2814,511,1226,8,32,62,15,14,30,10,47,58,61,0,125,92,147,9,3,56,60,61,18,2820,478,182,1226,1283
06037275604,1233400,3501,4001,358,261,319,394,3251,238,142,267,101,1519,194,6260,373,9974,0.4358,78,4770,7199.0,17838.0,49,5240,1557,10065,7561,9745,2131,4770,92,64,78,120,68,49,20,94,192,68,116,83,445,223,115,36,646,442,161,86,10065,771,698,4770,5240
06037275605,1520300,3027,4001,129,150,131,184,1285,106,7,20,0,337,153,1642,354,2700,0.4382,10,1622,1957.0,6147.0,0,1922,316,2701,2185,2545,376,1622,0,19,0,0,0,0,0,0,158,18,0,48,33,29,0,10,255,10,0,44,2701,233,104,1622,1922
06037276000,1255400,3227,2996,193,171,94,140,1269,182,365,77,92,1672,205,4009,356,6547,0.4125,97,2941,10270.0,14929.0,0,3111,1175,6609,5944,6592,1525,2941,71,122,140,93,55,0,117,104,224,53,36,73,173,238,105,47,41,188,272,50,6609,1219,419,2941,3111
06037276101,-666666666,2704,2301,158,342,119,183,1651,62,0,15,0,113,146,2421,272,2991,0.3736,98,1764,305.0,5592.0,0,1898,429,2991,2131,2955,367,1764,0,0,34,0,38,0,0,22,39,23,16,1,107,0,42,37,0,0,0,17,2991,85,28,1764,1898
06037276102,1154000,2409,2919,235,21,85,100,1127,46,11,15,102,479,314,2068,304,3262,0.4052,50,1606,2681.0,7171.0,8,1741,496,3262,2795,3249,303,1606,82,66,40,21,70,0,102,78,33,35,11,43,26,32,174,66,20,158,29,19,3262,332,147,1606,1741
06037276400,1533400,3501,2712,70,0,65,0,308,75,189,104,54,1155,109,2109,304,4378,0.3865,18,1463,7778.0,9730.0,14,1575,557,4388,3702,4354,914,1463,59,150,80,53,47,56,32,47,101,115,54,124,94,103,144,46,174,147,98,50,4388,768,361,1463,1575
06037276500,1339600,2281,3147,10,34,9,44,306,37,65,43,38,426,245,2516,438,2140,0.4525,4,732,2665.0,4275.0,7,756,1003,5617,3319,5599,372,732,20,45,29,39,9,18,46,7,54,31,19,73,36,50,20,54,62,39,23,85,5617,332,89,732,756
06037276601,1760000,2508,3799,132,70,39,47,674,78,153,42,21,992,185,2376,275,4136,0.5563,66,1666,7323.0,10360.0,0,1807,610,4136,3666,4136,846,1666,13,81,87,139,18,51,48,78,68,76,77,62,60,139,157,45,100,87,86,38,4136,791,191,1666,1807
06037276605,780100,2926,2325,96,93,123,42,754,68,21,61,12,523,233,1408,81,2366,0.3426,8,1277,2034.0,5161.0,0,1359,399,2366,1794,2340,294,1277,0,164,12,91,0,0,198,29,33,35,10,0,40,34,0,0,26,0,0,0,2366,452,48,1277,1359
06037276606,828400,2477,3155,134,100,122,93,1077,73,112,117,116,724,62,2059,167,2987,0.4633,35,1801,3363.0,7148.0,0,1865,612,2987,2242,2966,504,1801,65,38,4,47,14,0,4,135,81,15,30,16,94,0,121,0,0,0,8,8,2987,657,59,1801,1865
06037276607,1250000,2773,2842,71,143,44,101,1086,11,81,8,54,340,96,1936,476,2767,0.4176,62,1426,2378.0,5308.0,0,1583,321,2787,2199,2738,308,1426,0,15,0,28,0,9,4,30,25,8,0,0,20,63,0,0,153,49,23,56,2787,288,52,1426,1583
06037276608,631000,2286,2604,42,62,28,46,539,79,0,13,184,572,69,1404,212,2044,0.4584,0,1111,2279.0,3657.0,11,1154,386,2141,1768,2141,210,1111,35,6,24,19,0,16,6,38,14,26,11,12,0,158,0,0,0,126,12,0,2141,359,213,1111,1154
06037277000,1510800,3204,2663,55,45,93,65,671,187,104,16,28,1468,141,3001,354,5947,0.4516,0,2139,9981.0,13010.0,90,2286,1190,5947,5303,5856,1342,2139,76,128,195,47,22,12,11,86,169,79,45,71,108,114,191,125,135,109,117,227,5947,1076,352,2139,2286
06037277100,1090600,3501,3234,89,21,25,0,267,69,104,133,108,818,153,1738,101,3140,0.3785,0,1085,4752.0,6090.0,0,1159,675,3149,2855,3098,652,1085,27,15,47,10,20,30,18,59,144,29,38,68,336,62,38,59,154,41,36,48,3149,550,257,1085,1159
06037277200,462900,2098,2521,32,42,65,117,752,18,7,25,0,186,55,1081,283,1845,0.4139,19,938,719.0,3878.0,62,1171,651,1845,1411,1845,177,938,90,0,37,38,0,13,0,30,38,0,5,81,9,0,63,105,41,0,7,31,1845,168,18,938,1171
06037277400,-666666666,-666666666,-666666666,0,0,0,0,0,0,0,0,0,0,0,0,0,0,-666666666.0,0,0,-666666666.0,-666666666.0,0,15,0,0,0,0,0,0,0,0,0,0,0,0,0,0,0,0,0,0,0,0,0,0,0,0,0,0,0,0,0,0,15
06037278001,1034100,2350,2465,69,95,11,7,447,96,94,45,27,599,24,1322,318,2220,0.4707,13,1046,3335.0,5002.0,0,1254,712,2220,2075,2211,466,1046,21,51,32,0,11,0,18,8,63,35,44,106,37,59,68,47,71,76,20,19,2220,469,130,1046,1254
06037278102,1827600,2856,2966,51,116,61,93,710,40,20,38,55,758,124,2109,211,3116,0.4411,57,1468,4890.0,7757.0,0,1645,427,3116,2795,3072,680,1468,80,93,151,97,27,0,69,63,93,65,31,29,85,58,34,41,58,26,51,0,3116,625,133,1468,1645
06037291110,798200,1293,2843,156,37,181,64,1116,20,27,11,29,245,345,2160,960,4435,0.4747,110,1361,1628.0,5861.0,0,1457,2458,4530,4084,4451,347,1361,30,7,0,64,28,2,22,59,96,27,0,8,169,45,195,150,311,169,294,210,4530,177,68,1361,1457
06037291120,573400,1556,2234,105,58,31,24,421,28,29,32,0,210,110,1281,284,2164,0.4034,53,631,1158.0,2697.0,0,662,1449,2178,2063,2148,249,631,10,4,22,29,0,0,11,6,18,45,7,9,19,65,56,73,61,82,87,27,2178,107,89,631,662
06037291130,576200,1588,1673,107,0,84,20,311,18,88,78,18,680,110,1907,247,3468,0.4088,10,991,3299.0,4480.0,59,1053,2325,3492,3324,3486,573,991,30,58,66,36,12,20,21,58,68,25,91,51,102,118,88,76,80,147,85,16,3492,270,249,991,1053
06037291210,656100,1713,2246,56,152,133,62,902,44,17,28,62,787,80,2639,660,4740,0.4315,45,1689,4300.0,7885.0,0,1738,2176,4752,4437,4705,657,1689,11,32,84,12,21,89,39,63,118,69,37,28,121,65,167,80,137,27,64,73,4752,423,335,1689,1738
06037291220,639000,1470,2142,114,48,17,53,658,26,19,104,0,409,105,1573,603,3008,0.382,92,1067,2228.0,4832.0,0,1094,1640,3008,2815,2988,486,1067,15,21,52,34,11,37,58,46,101,44,20,97,35,55,36,32,80,76,107,68,3008,247,145,1067,1094
06037291300,647300,1602,1652,11,34,72,0,230,183,50,45,62,874,96,1724,72,3127,0.4031,23,1104,5206.0,6128.0,0,1140,879,3132,2928,3059,558,1104,34,31,29,98,4,137,8,11,71,100,36,100,75,18,31,11,147,35,56,54,3132,524,316,1104,1140
06037292001,697900,1717,-666666666,38,102,84,106,1077,24,0,11,50,281,292,2154,1187,4163,0.4541,64,1358,1247.0,5472.0,0,1453,2410,4219,3601,4147,547,1358,75,89,82,40,18,27,72,53,69,22,49,35,81,88,154,136,94,113,140,65,4219,165,81,1358,1453
06037292002,748600,2421,2000,39,10,0,45,130,65,11,0,95,406,88,1040,270,1989,0.3292,0,536,2301.0,2982.0,0,543,1210,1993,1957,1972,300,536,23,15,28,7,15,7,40,8,16,25,5,17,88,144,34,14,29,172,63,10,1993,213,170,536,543
06037293203,770000,1394,2093,117,34,83,64,588,27,41,42,37,441,147,1618,406,2931,0.3416,6,1029,2166.0,3913.0,0,1218,1792,2936,2615,2839,441,1029,19,11,71,9,17,0,0,0,37,7,55,18,147,108,46,63,83,111,80,72,2936,192,181,1029,1218
06037293204,649000,1830,1755,14,47,44,28,541,48,0,54,32,498,67,1571,345,3660,0.3234,13,1039,2871.0,4908.0,24,1104,2087,3660,3657,3660,580,1039,21,34,50,0,29,69,53,48,0,0,67,73,169,215,211,19,61,230,107,359,3660,185,151,1039,1104
06037293205,401100,1733,2052,48,63,123,107,852,24,44,0,13,213,100,1932,462,3487,0.3892,113,1065,902.0,4326.0,0,1160,2024,3487,2982,3456,455,1065,33,36,0,16,8,0,11,20,63,47,5,2,94,164,73,59,184,29,98,62,3487,98,78,1065,1160
06037293206,706000,1529,1328,72,32,141,15,621,27,22,0,0,163,127,1583,607,2856,0.4399,59,784,961.0,3467.0,0,828,1925,2882,2549,2882,315,784,7,44,14,20,16,0,7,12,32,16,10,0,75,117,136,21,36,131,66,49,2882,121,32,784,828
06037293301,676200,1889,2343,67,18,45,0,304,38,85,48,27,648,82,1381,71,2723,0.47,55,952,3588.0,4930.0,13,1007,582,2734,2508,2734,549,952,20,19,73,72,20,5,40,96,97,120,16,23,27,92,53,78,48,85,97,70,2734,382,256,952,1007
06037293302,610800,2222,2271,39,140,28,36,633,83,99,34,63,984,114,2271,679,4615,0.4841,51,1617,5530.0,8488.0,0,1724,1790,4637,4089,4590,834,1617,23,82,56,68,19,25,68,45,198,63,38,44,102,167,116,0,89,145,210,201,4637,790,156,1617,1724
06037293304,652700,1378,2232,172,125,46,184,1115,16,16,86,26,469,163,2876,643,5317,0.4322,55,1584,2507.0,6589.0,0,1651,3183,5317,4816,5216,663,1584,57,13,118,0,13,15,55,89,62,58,44,24,167,105,160,210,218,305,178,67,5317,209,209,1584,1651
06037293306,791800,1684,1466,9,58,0,8,190,21,35,53,27,646,167,1196,83,2185,0.3629,0,836,3999.0,4699.0,0,865,718,2195,1919,2188,416,836,40,30,33,11,19,38,0,58,50,15,24,36,72,61,92,6,80,28,35,22,2195,537,106,836,865
06037293307,484200,1395,1939,44,66,46,70,638,26,17,21,0,265,81,1518,477,2670,0.4739,19,903,1125.0,3489.0,0,936,1813,2670,2560,2658,386,903,53,6,70,32,6,0,6,17,45,31,11,0,163,53,167,8,56,122,95,21,2670,164,89,903,936
06037294110,582400,1576,1542,10,47,34,49,468,53,9,42,11,598,189,1712,623,3938,0.5393,79,1066,3565.0,5159.0,0,1066,3484,3938,3783,3846,504,1066,67,53,72,8,26,9,66,46,102,25,10,25,157,214,195,122,38,167,132,48,3938,223,283,1066,1066
06037294120,511500,1668,1363,82,81,11,32,412,19,0,15,0,204,54,1290,512,2809,0.3892,36,616,1019.0,2632.0,0,626,2555,2809,2690,2809,337,616,35,21,16,24,4,4,16,42,13,42,23,0,89,116,110,135,54,129,60,22,2809,58,106,616,626
06037294200,609300,1290,1279,73,71,0,51,598,108,76,56,64,786,222,2321,905,4668,0.3776,11,1384,4274.0,6458.0,0,1480,4174,4668,4428,4617,724,1384,65,133,36,112,19,46,60,66,128,0,19,53,138,54,152,111,196,198,143,127,4668,355,338,1384,1480
06037294301,598500,1263,1382,0,0,21,14,131,24,54,33,42,513,39,1347,121,2731,0.3381,7,644,3102.0,3576.0,0,644,2418,2731,2623,2694,393,644,13,58,55,26,20,15,6,48,66,57,11,6,127,124,131,106,31,93,57,17,2731,183,195,644,644
06037294302,435300,1382,1880,109,49,92,79,625,49,54,50,0,596,113,2433,534,4567,0.421,122,1221,3102.0,5332.0,0,1268,4044,4567,4146,4485,601,1221,5,18,31,44,14,6,18,21,39,30,43,21,177,188,129,126,228,97,213,39,4567,307,270,1221,1268
06037294410,498700,1402,2159,133,107,140,80,972,49,48,83,38,615,373,2435,1182,5237,0.473,102,1587,3175.0,7514.0,0,1682,2624,5237,4666,5133,710,1587,74,47,30,93,0,0,63,24,101,48,10,69,191,93,350,126,201,321,163,27,5237,396,219,1587,1682
06037294421,429900,1456,2000,64,66,45,100,607,4,51,36,42,378,51,1384,489,2763,0.3623,29,985,1579.0,3610.0,5,1030,1877,2763,2536,2763,473,985,23,0,69,35,9,5,50,19,47,71,25,10,70,85,95,44,125,81,136,22,2763,229,92,985,1030
06037294510,600100,1281,2495,56,79,40,33,746,51,19,47,22,399,92,1779,882,4095,0.41,141,1145,2310.0,4607.0,0,1203,3700,4095,3862,4066,673,1145,30,14,16,44,18,81,32,24,17,45,32,33,140,237,220,67,131,149,131,75,4095,92,250,1145,1203
06037294520,611600,1564,2424,16,65,76,51,624,17,31,33,16,289,171,1783,470,3597,0.4509,44,913,1653.0,3868.0,0,938,3398,3597,3421,3580,513,913,31,29,53,61,12,2,34,26,66,32,6,0,150,143,162,142,104,133,150,96,3597,57,159,913,938
06037294610,574000,1397,1623,88,25,179,51,793,63,60,25,0,370,355,2076,633,4021,0.4544,50,1163,2045.0,4716.0,0,1223,3573,4021,3254,3929,570,1163,15,62,86,2,12,72,10,78,43,51,61,54,219,194,144,118,119,75,88,16,4021,115,220,1163,1223
06037294620,557400,1578,1439,20,157,120,0,709,11,85,0,0,337,153,2210,478,4229,0.3644,0,1046,1700.0,4853.0,47,1094,3823,4229,3939,4179,597,1046,64,38,43,8,55,19,108,48,57,63,13,19,104,115,158,153,70,164,19,92,4229,97,171,1046,1094
06037294701,494900,1212,1112,65,37,87,39,756,0,20,0,39,204,64,1297,876,2789,0.5251,12,960,1102.0,3459.0,0,1016,2475,2789,2376,2729,337,960,31,32,42,28,8,15,13,16,57,48,16,38,106,77,138,80,125,39,61,53,2789,73,109,960,1016
06037294810,556800,1339,2811,73,82,89,54,928,9,0,13,0,102,101,1710,935,3917,0.4014,38,1030,557.0,3767.0,0,1081,3562,3929,3592,3899,401,1030,0,17,66,22,0,5,24,30,72,4,3,4,143,195,219,92,98,244,196,123,3929,20,59,1030,1081
06037294820,352900,1216,2197,39,90,96,56,857,0,0,10,0,85,44,1252,1482,3289,0.4328,38,942,369.0,3094.0,0,999,3169,3289,3034,3221,395,942,21,0,53,12,5,7,21,25,67,0,21,7,194,237,221,139,112,158,126,74,3289,66,9,942,999
06037294830,484400,1285,2147,92,120,63,70,848,20,14,32,22,197,72,1819,771,4136,0.3754,60,1045,1212.0,4228.0,0,1078,3728,4167,3994,4081,488,1045,69,8,15,15,16,11,22,41,77,37,14,6,152,270,297,158,166,161,122,107,4167,86,85,1045,1078
06037294900,496600,1278,1663,53,73,106,55,745,46,7,16,4,263,99,1594,1280,3815,0.5422,60,1008,1451.0,4532.0,0,1035,3297,3824,3469,3773,427,1008,11,0,58,34,13,5,29,15,110,13,27,56,155,131,235,88,162,170,192,155,3824,94,147,1008,1035
06037295103,692800,3057,2668,53,13,74,129,542,182,227,101,119,1543,154,2613,176,5369,0.378,169,2085,8641.0,11451.0,0,2183,1730,5369,4512,5188,1174,2085,32,61,158,19,86,114,75,104,141,48,108,108,186,190,116,135,193,108,98,57,5369,1091,390,2085,2183
06037296210,614100,1167,1901,34,93,61,107,857,0,57,82,8,265,149,1793,758,3613,0.4099,53,1122,1476.0,4664.0,0,1130,3049,3616,3270,3549,493,1122,17,24,24,54,11,0,0,45,21,9,4,10,180,116,241,43,81,53,298,14,3616,133,132,1122,1130
06037296220,478900,1180,-666666666,145,158,251,195,1718,0,0,16,0,50,182,1999,1000,4154,0.5004,165,1768,124.0,6032.0,24,1933,2579,4154,3458,4154,347,1768,0,23,39,22,163,38,127,41,131,61,41,80,60,76,170,88,0,235,67,110,4154,5,45,1768,1933
06037296300,677500,2267,3100,11,47,88,21,551,66,166,121,94,1339,151,2425,252,4873,0.4482,78,1890,7851.0,10171.0,0,1968,1474,4882,4332,4846,1012,1890,32,109,73,66,18,26,59,104,122,111,24,38,174,143,136,170,153,30,214,107,4882,1011,291,1890,1968
06037296401,814700,1734,2260,0,0,42,8,210,120,112,126,102,1064,107,1540,224,3016,0.4645,0,1274,6101.0,6838.0,0,1364,876,3075,2864,3047,622,1274,51,33,115,33,64,33,68,79,142,86,44,94,51,109,12,33,84,0,115,78,3075,840,207,1274,1364
06037296402,731600,2205,2980,27,59,29,37,283,287,137,6,45,892,130,1908,53,3298,0.3335,18,1175,5146.0,6397.0,0,1217,1670,3346,3169,3273,801,1175,11,53,30,55,18,27,110,48,71,40,8,23,103,224,37,53,137,16,145,22,3346,541,343,1175,1217
06037296500,678600,1588,2071,178,32,68,55,753,63,26,100,44,459,74,1956,475,3664,0.4494,76,1212,2774.0,5176.0,0,1266,2906,3687,3427,3664,348,1212,52,40,26,69,0,0,14,78,63,29,0,17,121,142,153,12,126,108,162,106,3687,260,176,1212,1266
06037296600,630400,1431,1729,151,116,119,130,1803,33,11,11,0,338,298,2880,805,5261,0.5822,151,2141,1706.0,7627.0,0,2208,3635,5284,4564,5196,613,2141,65,39,73,65,0,0,90,39,96,49,25,48,246,113,60,72,186,148,102,98,5284,213,122,2141,2208
06037296901,718800,1613,2917,184,87,103,42,1325,5,36,8,34,224,212,2358,1143,4492,0.4283,176,1549,1191.0,6644.0,0,1670,3218,4492,4015,4462,565,1549,28,17,38,8,0,12,15,12,49,80,0,16,134,195,188,81,123,225,139,262,4492,140,84,1549,1670
06037296902,700900,1488,2208,103,103,63,72,1257,26,70,16,0,343,243,2639,716,4552,0.4734,169,1600,2062.0,6648.0,0,1662,2763,4552,3930,4481,573,1600,24,39,24,58,22,12,21,19,60,63,25,92,105,196,37,12,41,115,278,209,4552,220,93,1600,1662
06037297001,903800,2365,3312,33,4,24,0,216,79,54,82,39,395,27,953,166,1659,0.3591,0,611,2581.0,3535.0,0,611,517,1659,1494,1591,393,611,0,0,16,5,5,0,5,23,26,0,0,0,103,77,14,14,51,32,66,57,1659,296,99,611,611
06037297002,850900,1873,2056,193,213,20,19,898,69,138,104,38,819,105,2430,390,4376,0.4003,41,1717,4776.0,8438.0,0,1759,1672,4376,3643,4326,778,1717,13,52,56,48,38,124,38,104,56,99,31,42,74,59,116,57,280,248,295,0,4376,743,76,1717,1759
06037297110,635600,1293,2777,87,108,117,171,1280,17,41,48,42,317,237,2255,1462,4749,0.4203,150,1597,1661.0,6783.0,20,1714,3296,4809,4303,4782,456,1597,70,167,128,10,28,52,50,52,129,53,27,29,97,136,182,96,12,147,168,59,4809,147,155,1597,1714
06037297120,659400,1563,2552,41,73,93,98,750,36,90,46,15,349,104,1705,671,3245,0.4824,102,1099,1657.0,4488.0,25,1107,2069,3264,2977,3251,450,1099,27,51,133,11,6,0,85,30,40,58,33,23,113,110,81,67,21,89,56,92,3264,144,205,1099,1107
06037297201,610400,1621,2296,31,127,123,86,1023,32,24,16,44,405,81,1994,614,3891,0.3746,51,1428,1959.0,5935.0,0,1464,2486,4078,3515,4069,555,1428,29,22,24,57,13,46,10,34,35,106,42,16,98,245,112,11,109,146,33,69,4078,307,82,1428,1464
06037297202,725800,1893,2583,121,132,181,63,971,66,71,22,29,627,56,2276,457,4119,0.4283,9,1598,3426.0,7578.0,0,1734,2017,4128,3713,4101,577,1598,27,88,133,37,70,22,31,19,86,70,15,8,195,68,77,118,83,208,109,13,4128,423,194,1598,1734
06037297300,868900,2533,2811,15,31,85,26,367,42,15,37,42,411,74,907,63,2117,0.4698,0,778,2385.0,4235.0,0,853,764,2152,1774,2152,401,778,48,37,17,11,19,25,61,28,42,63,12,50,59,68,106,69,70,48,97,35,2152,325,54,778,853
06037297400,969000,1883,2070,7,0,16,0,240,114,100,55,50,1387,115,1472,355,3248,0.5019,16,1627,8243.0,9363.0,0,1746,546,3248,2935,3248,727,1627,76,44,194,71,58,56,69,69,239,128,111,234,19,0,56,16,0,56,89,71,3248,1185,202,1627,1746
06037297501,857900,2813,2758,9,31,9,0,176,159,100,31,109,851,35,1613,118,2714,0.4413,0,1027,5353.0,6194.0,0,1074,1013,2714,2652,2707,541,1027,73,113,46,57,36,56,60,64,20,37,53,78,7,84,57,38,48,34,0,14,2714,604,247,1027,1074
06037297502,725400,1885,2877,24,43,20,17,323,45,139,81,49,707,63,1471,54,2724,0.3967,50,1030,3771.0,5030.0,0,1030,1001,2724,2212,2705,533,1030,0,52,97,0,54,0,25,0,29,39,35,82,79,14,145,26,0,158,22,20,2724,396,311,1030,1030
06037297601,928100,2110,2326,84,115,79,52,945,93,45,18,0,356,65,1596,68,3397,0.4267,0,1301,2118.0,6494.0,9,1357,1541,3443,2623,3425,661,1301,14,79,33,31,34,0,12,8,59,33,25,97,87,182,64,37,143,199,131,30,3443,291,65,1301,1357
06037297602,686200,1640,2384,110,157,196,39,988,53,99,138,39,666,69,1855,574,3371,0.4458,32,1654,3543.0,7493.0,0,1814,1425,3388,3009,3388,601,1654,59,72,76,75,8,0,9,91,127,0,62,21,36,105,73,10,21,81,148,80,3388,510,144,1654,1814
06037300100,1270100,2432,3257,86,25,84,0,332,145,270,93,114,1839,230,3188,300,6838,0.3995,5,2171,12256.0,13929.0,0,2196,1307,6862,6070,6738,1629,2171,149,39,353,48,70,22,141,71,56,236,111,100,176,287,356,216,121,273,299,63,6862,1157,642,2171,2196
06037300200,1093600,2056,2648,63,50,31,103,581,171,160,149,16,1274,246,2783,164,5382,0.4229,33,1855,8345.0,10938.0,0,1956,828,5382,4786,5274,1087,1855,123,9,52,84,18,69,145,148,81,167,57,106,180,221,234,82,192,158,29,64,5382,910,329,1855,1956
06037300301,998200,3307,3428,75,32,0,9,270,234,219,92,113,1712,22,3228,259,6399,0.3982,75,1982,9398.0,10698.0,0,2073,415,6399,5787,6334,1492,1982,34,82,182,13,38,77,142,103,23,52,144,109,245,152,314,34,115,335,292,182,6399,880,664,1982,2073
06037300400,900200,2284,3068,16,95,0,28,527,125,127,53,64,1304,294,2765,241,5716,0.4075,35,1831,7610.0,9714.0,0,2066,917,5732,5265,5629,1368,1831,98,90,129,85,14,0,17,62,152,117,19,28,220,306,203,149,308,120,159,187,5732,791,495,1831,2066
06037300501,920100,1937,2946,0,0,57,8,356,28,81,85,108,651,94,1589,110,2767,0.4195,15,1007,3786.0,5218.0,0,1098,575,2785,2583,2785,537,1007,37,21,68,38,0,27,51,28,47,18,13,60,30,84,127,89,45,91,94,38,2785,387,253,1007,1098
06037300503,899800,2015,2404,141,334,16,152,1686,140,110,54,31,540,202,2680,648,5063,0.4757,52,2226,2950.0,9190.0,0,2298,730,5063,4479,5044,757,2226,95,18,50,0,64,12,92,106,130,51,54,75,94,222,349,49,116,132,295,104,5063,328,181,2226,2298
06037300601,689700,2166,2696,142,62,142,59,1191,199,29,156,56,923,90,3392,615,5932,0.4392,77,2114,4631.0,9013.0,0,2277,1078,6010,5543,5970,1095,2114,43,78,32,12,0,5,194,162,86,38,14,79,276,98,156,164,71,228,195,178,6010,431,403,2114,2277
06037300602,1047700,2234,3609,18,26,51,64,549,57,136,66,48,728,259,1651,209,3193,0.4208,47,1277,4667.0,7160.0,0,1325,620,3326,3083,3262,748,1277,7,64,37,118,12,80,30,78,127,50,17,75,68,139,27,53,130,89,43,120,3326,516,212,1277,1325
06037300701,1485500,2405,3678,31,12,30,0,328,113,227,55,161,1700,112,2566,514,4988,0.4508,61,2028,12095.0,13603.0,0,2189,361,4988,4557,4988,1251,2028,31,50,182,99,75,13,46,143,223,84,105,132,50,70,86,15,58,189,248,46,4988,1431,246,2028,2189
06037300702,1381100,1968,3549,0,12,30,0,268,112,21,92,239,1788,154,2454,612,5882,0.4161,47,2056,14205.0,15803.0,0,2258,486,5882,5292,5724,1240,2056,122,131,106,92,53,129,18,273,174,135,121,208,184,209,213,118,129,105,160,48,5882,1387,401,2056,2258
06037300800,1094700,2161,3155,124,224,141,263,1497,251,94,52,45,1174,589,3981,386,7139,0.4485,77,2671,7757.0,13417.0,0,3017,1374,7172,6698,7082,1213,2671,14,43,62,113,35,93,36,88,265,172,169,88,177,115,243,63,124,76,180,452,7172,777,387,2671,3017
06037300901,1357000,2295,4001,0,12,0,0,241,29,188,145,54,1790,136,2839,115,5285,0.4077,17,2031,12761.0,13980.0,0,2141,234,5285,5143,5259,1309,2031,85,182,188,79,118,91,78,136,130,57,156,95,133,80,222,37,40,133,47,61,5285,1406,298,2031,2141
06037300902,1251300,3501,3889,0,12,4,17,96,66,16,91,22,644,72,1042,68,2046,0.4107,7,740,4577.0,5130.0,0,800,209,2046,1911,2040,513,740,11,24,44,104,44,25,0,55,51,79,36,24,21,23,73,74,29,65,103,29,2046,523,121,740,800
06037301000,1127500,2115,3736,188,130,100,130,1119,76,95,33,31,912,159,3080,538,5542,0.4967,159,2031,6088.0,11116.0,0,2229,1057,5552,4875,5505,936,2031,31,67,202,20,70,50,30,26,78,98,49,124,286,77,114,85,248,149,196,15,5552,783,129,2031,2229
06037301100,1050000,2142,2920,97,156,81,344,1676,113,247,45,61,1126,144,3673,495,7117,0.5541,0,2802,7201.0,14666.0,0,2859,580,7140,5510,7043,1090,2802,73,105,153,107,108,32,18,138,349,170,88,92,279,57,160,132,149,149,82,256,7140,782,344,2802,2859
06037301203,727800,2141,1815,53,114,96,59,996,10,4,49,23,751,136,2097,523,4042,0.5651,11,1747,4063.0,8360.0,0,1933,402,4042,3603,3983,752,1747,59,108,116,104,26,58,34,38,117,169,94,112,83,79,66,25,82,69,58,28,4042,545,206,1747,1933
06037301204,631800,2336,1193,318,133,194,90,1864,16,56,19,0,315,173,2919,712,4915,0.4698,198,2179,1598.0,8358.0,0,2252,981,5018,4116,4906,907,2179,107,67,93,38,41,4,47,199,74,61,33,152,152,38,67,67,164,67,34,68,5018,256,59,2179,2252
06037301205,1108000,2857,3010,0,16,0,0,164,43,65,38,24,521,92,1090,112,2102,0.4786,17,685,3431.0,4162.0,0,685,149,2102,1942,2097,461,685,19,51,23,47,43,17,37,41,88,12,34,35,69,50,68,40,55,61,23,45,2102,360,152,685,685
06037301206,972200,2113,1714,217,104,142,86,1369,10,28,55,0,464,252,2866,731,5361,0.4474,142,1833,2809.0,8770.0,0,1943,594,5361,4523,5339,924,1833,81,56,89,24,85,46,72,135,157,89,84,71,102,132,188,37,76,107,132,92,5361,376,65,1833,1943
06037301300,1502900,3501,3597,0,0,1,0,27,49,99,25,34,652,64,948,119,1971,0.4721,11,679,4729.0,4920.0,0,715,158,1971,1862,1971,478,679,14,24,35,49,20,8,52,35,39,38,26,14,26,75,48,36,28,74,116,45,1971,495,157,679,715
06037301400,1194000,3086,3898,12,0,12,5,128,98,132,140,72,1139,118,2003,148,3803,0.4605,38,1267,7465.0,8179.0,0,1324,569,3803,3355,3750,937,1267,16,69,11,104,75,0,64,42,94,27,65,68,89,96,117,34,101,86,185,99,3803,758,362,1267,1324
06037301501,1073800,2706,2710,4,6,0,6,97,51,41,17,35,432,78,960,23,1752,0.4203,6,529,2734.0,3250.0,0,594,153,1752,1667,1730,362,529,7,33,47,50,19,20,74,43,60,29,4,0,17,17,59,16,50,13,50,38,1752,247,171,529,594
06037301502,782400,2087,2856,240,178,160,107,2157,0,27,0,16,215,444,3390,1477,7242,0.4287,234,2372,1194.0,10627.0,0,2505,799,7242,6703,7119,1262,2372,51,111,39,105,74,32,134,129,246,53,56,73,174,198,285,76,108,343,251,90,7242,110,81,2372,2505
06037301601,876100,1846,673,215,57,210,32,2000,0,0,26,0,267,325,2842,801,5343,0.5047,159,2267,1252.0,9119.0,0,2338,1214,5396,4899,5359,758,2267,14,74,47,141,73,128,46,29,141,193,288,17,121,60,106,47,57,172,175,92,5396,213,40,2267,2338
06037301602,881300,1781,3171,104,115,112,46,1058,29,64,26,21,490,265,2241,414,3803,0.4737,48,1548,2755.0,7195.0,0,1744,1677,3897,3705,3844,449,1548,39,67,106,59,0,18,26,66,36,0,52,66,73,84,142,43,116,114,142,21,3897,301,174,1548,1744
06037301701,892100,1982,2689,79,36,27,65,573,42,58,19,14,434,110,1596,447,2780,0.5199,29,1007,2519.0,5049.0,0,1073,574,2780,2613,2712,524,1007,39,62,14,58,9,25,55,69,58,67,34,69,39,87,0,20,136,135,33,43,2780,241,153,1007,1073
06037301702,721100,1942,2358,100,73,207,99,1623,9,80,10,0,512,446,3410,938,6073,0.4983,58,2135,3222.0,10249.0,0,2162,1332,6160,5487,6141,944,2135,46,144,81,85,0,71,107,85,187,47,90,34,187,181,159,79,88,165,119,60,6160,264,248,2135,2162
06037301801,552200,2212,1618,131,102,172,202,2047,45,135,12,0,464,171,3086,1123,5428,0.4566,92,2511,1944.0,9414.0,0,2872,996,5428,4400,5428,996,2511,21,74,136,93,44,0,83,142,177,64,28,45,78,119,161,94,138,156,117,61,5428,378,86,2511,2872
06037301802,609000,2566,2557,158,202,223,122,2010,24,50,45,0,353,283,3252,907,5487,0.4982,51,2363,1547.0,9065.0,0,2558,953,5487,4638,5487,636,2363,76,69,40,82,68,3,81,60,55,133,61,0,114,138,115,157,86,42,116,70,5487,212,124,2363,2558
06037301901,574700,2160,2295,116,201,149,53,1162,82,15,39,21,612,115,2384,400,4260,0.4098,69,1774,2710.0,7310.0,0,2077,444,4267,4053,4246,703,1774,28,72,16,69,18,81,83,39,206,109,12,111,154,16,94,99,112,103,23,77,4267,495,85,1774,2077
06037301902,810200,2542,2149,0,138,51,148,794,45,31,27,0,252,235,1489,420,3180,0.3819,14,1046,1430.0,5306.0,0,1188,335,3279,2708,3279,573,1046,0,21,95,67,32,148,28,75,49,57,17,103,58,25,83,63,22,5,149,48,3279,172,74,1046,1188
06037302002,573400,1805,2069,49,105,137,57,1504,40,8,58,0,306,339,2174,1198,3933,0.537,135,1810,1288.0,6559.0,0,1915,758,3944,3064,3895,773,1810,30,12,50,134,0,8,101,74,69,65,23,35,151,66,89,37,93,40,102,0,3944,239,60,1810,1915
06037302003,613000,1961,1205,54,161,200,38,1375,19,73,0,0,142,39,1657,662,3636,0.4811,56,1517,624.0,6274.0,0,1619,383,3663,2982,3663,656,1517,16,56,105,48,45,22,47,70,38,67,98,58,60,100,58,0,104,144,67,60,3663,58,84,1517,1619
06037302004,477200,1995,2055,34,165,119,100,1353,0,8,55,0,209,284,2142,801,4047,0.4594,78,1562,1059.0,6399.0,0,1656,931,4055,3815,4030,594,1562,26,48,88,17,47,23,87,173,120,93,106,19,50,86,97,60,108,80,52,15,4055,102,92,1562,1656
06037302102,821300,2030,2808,172,119,111,125,1571,48,46,79,15,773,205,3188,374,5865,0.477,23,2344,4488.0,10506.0,0,2662,1509,5888,4961,5794,1238,2344,225,38,147,90,62,45,122,105,192,70,47,83,251,205,96,64,310,172,167,11,5888,488,134,2344,2662
06037302103,904900,1817,2672,180,237,140,81,1668,38,30,28,7,230,309,2384,1229,5087,0.4808,219,1898,1111.0,7965.0,0,2016,1265,5089,4499,5053,811,1898,62,52,87,141,48,50,87,116,150,84,71,119,0,103,121,42,222,185,126,78,5089,157,44,1898,2016
06037302104,700900,1964,2321,109,267,87,153,1203,6,34,31,7,188,160,2102,247,3528,0.3366,99,1391,1031.0,5716.0,0,1456,958,3662,3051,3535,622,1391,27,51,56,56,4,77,11,19,84,55,59,77,181,77,106,65,74,70,83,52,3662,125,46,1391,1456
06037302201,638100,1801,2691,139,115,168,200,1671,12,13,34,0,129,131,1868,817,3785,0.5449,109,1800,589.0,6023.0,0,1897,547,3785,3323,3720,670,1800,0,78,32,84,57,191,53,103,96,122,172,107,48,30,39,49,94,59,81,0,3785,70,46,1800,1897
06037302202,747800,1752,2076,80,172,155,140,1772,8,0,0,53,169,150,2539,1467,5146,0.494,99,1941,965.0,7103.0,0,1985,1059,5146,4361,5130,709,1941,47,52,146,48,32,23,31,106,147,135,66,52,49,148,151,94,108,82,111,116,5146,64,90,1941,1985
06037302301,683200,2163,2136,77,127,77,60,1089,62,5,10,25,285,126,1839,492,3514,0.5147,48,1374,1323.0,5816.0,25,1478,782,3656,3172,3635,552,1374,57,32,94,101,59,48,88,34,63,156,82,79,65,119,85,46,53,118,64,44,3656,168,117,1374,1478
06037302302,922600,1784,2100,96,184,152,128,1743,0,14,0,25,86,211,2688,1138,5348,0.4562,58,1829,498.0,6952.0,0,1941,2522,5487,4799,5424,649,1829,60,171,45,42,13,12,11,96,45,71,99,145,148,81,192,98,182,301,69,88,5487,65,21,1829,1941
06037302401,753800,1835,2801,541,268,142,310,2638,9,33,0,0,83,419,4164,886,7211,0.4672,121,2721,668.0,10492.0,10,2889,2768,7303,6189,7303,1182,2721,20,108,76,11,38,95,22,83,106,109,107,32,114,120,64,208,202,26,213,155,7303,30,42,2721,2889
06037302503,659800,1823,2524,27,77,96,46,1312,0,30,20,1,159,285,1974,791,3878,0.4698,68,1471,764.0,5586.0,0,1557,1040,3878,3661,3862,613,1471,81,48,52,19,6,90,10,91,102,159,49,115,23,98,71,81,55,58,86,125,3878,90,60,1471,1557
06037302504,577700,1748,2569,90,152,170,71,1184,7,0,36,6,176,122,1956,806,3783,0.438,231,1360,831.0,5185.0,0,1376,1556,3783,3461,3783,503,1360,61,45,46,28,20,23,17,53,72,78,26,45,29,67,55,64,139,58,195,152,3783,74,32,1360,1376
06037302505,1032900,1689,3529,198,66,129,159,1350,17,0,17,0,66,93,2264,758,4239,0.4544,60,1416,516.0,5987.0,0,1503,1098,4281,3815,4244,696,1416,25,49,121,23,41,9,59,48,169,60,40,103,87,97,168,106,17,69,84,15,4281,63,0,1416,1503
06037302506,910800,1840,3024,77,24,56,49,825,102,40,23,6,340,72,1628,779,3260,0.4944,43,1165,1849.0,5033.0,0,1260,864,3375,3117,3365,575,1165,6,48,25,86,46,18,17,64,58,99,74,122,86,38,119,42,105,106,79,0,3375,201,132,1165,1260
06037310100,1216300,3501,3536,17,0,0,0,81,277,182,181,25,1828,140,2644,639,5202,0.4891,26,1909,13533.0,14033.0,0,2142,814,5207,4928,5196,1310,1909,33,65,114,267,167,32,60,138,100,282,144,89,42,309,114,64,106,190,20,69,5207,1511,258,1909,2142
06037310201,1030900,2125,3474,45,87,170,177,856,235,85,121,41,1150,194,2946,352,5277,0.4475,187,2006,7662.0,11117.0,0,2151,1099,5293,4716,5291,1095,2006,69,65,44,192,67,53,137,245,64,60,55,50,60,122,209,84,45,178,118,183,5293,905,245,2006,2151
06037310202,1077100,2192,2797,128,128,139,151,1116,33,71,54,37,745,162,2433,567,4929,0.48,191,1861,4469.0,8698.0,26,1989,513,4972,4232,4847,924,1861,79,19,113,19,106,11,49,63,70,54,123,42,199,143,80,79,156,145,236,0,4972,502,236,1861,1989
06037310300,1085600,3501,2965,0,0,24,0,97,92,81,39,37,1029,94,1406,144,3064,0.4026,0,1126,7124.0,7654.0,0,1136,226,3089,2775,3089,807,1126,53,29,93,40,9,31,91,70,45,116,10,50,72,138,131,20,70,49,96,49,3089,777,252,1126,1136
06037310400,943100,2084,3250,80,64,21,124,528,77,47,56,36,717,76,1664,328,3483,0.4774,43,1245,4683.0,7026.0,0,1386,619,3483,3295,3462,712,1245,7,79,48,24,25,34,24,80,121,59,6,42,51,232,92,19,209,77,58,45,3483,483,199,1245,1386
06037310501,939400,1863,3029,99,76,285,117,1330,25,25,0,0,268,121,2208,637,3714,0.5399,36,1598,1441.0,5864.0,0,1719,2073,3725,3393,3695,500,1598,0,0,58,12,0,0,48,94,9,56,0,96,60,285,115,15,112,108,118,53,3725,168,90,1598,1719
06037310601,647100,2063,2789,127,261,61,170,1847,84,13,75,231,654,348,3888,1165,6534,0.4092,107,2501,3161.0,8913.0,0,2627,1414,6584,5986,6537,1085,2501,190,59,71,24,38,60,45,64,78,57,54,88,319,201,247,113,112,210,155,43,6584,231,423,2501,2627
06037310602,984500,2163,2962,43,53,56,33,610,31,41,37,26,554,126,1663,154,2794,0.4934,34,1164,3300.0,5559.0,0,1208,496,2794,2463,2787,525,1164,44,55,30,10,17,26,35,56,68,40,16,54,87,83,55,72,10,74,97,38,2794,365,189,1164,1208
06037310701,706500,1304,2139,43,92,328,29,1054,39,9,14,0,114,136,957,835,2366,0.5899,297,1168,615.0,3729.0,0,1211,530,2366,2093,2315,359,1168,25,19,42,114,51,43,9,16,120,120,135,65,35,30,67,58,118,0,37,0,2366,66,43,1168,1211
06037310703,759100,1866,2620,164,111,79,384,1645,0,28,23,0,349,148,2526,355,5030,0.415,287,1994,1788.0,6787.0,0,2166,918,5030,4527,5000,797,1994,12,60,72,28,0,56,44,29,227,99,47,69,127,190,100,54,220,104,85,0,5030,182,154,1994,2166
06037310704,617600,1830,2594,160,159,191,222,2010,20,37,11,10,270,278,2297,844,4298,0.4543,109,2280,1065.0,7021.0,0,2415,913,4298,3870,4244,580,2280,77,85,101,78,15,184,26,15,160,60,37,116,112,46,151,9,21,48,71,10,4298,149,77,2280,2415
06037310705,574200,1884,1991,48,159,148,172,1308,10,0,24,14,95,23,1198,550,2469,0.5294,277,1403,312.0,4378.0,0,1457,98,2469,1848,2448,279,1403,24,12,0,40,36,144,8,30,36,102,155,47,32,31,0,0,0,0,84,77,2469,79,0,1403,1457
06037310800,970700,1560,2896,117,43,74,102,1102,251,160,157,37,1239,212,3639,604,5682,0.5328,166,2341,7872.0,11799.0,16,2391,1380,5718,4977,5718,1009,2341,133,40,46,28,25,42,146,75,116,17,96,64,18,202,108,196,38,39,148,208,5718,822,417,2341,2391
06037310900,937100,2008,2790,109,40,78,56,819,274,249,154,93,1679,332,3820,443,6872,0.3984,81,2498,10303.0,13511.0,0,2657,2143,6892,6323,6875,1281,2498,38,0,213,114,52,17,69,22,172,154,83,55,199,184,176,107,249,162,180,105,6892,1037,531,2498,2657
06037311000,861100,2460,2638,85,62,76,26,648,50,81,85,63,825,64,2067,592,3911,0.4211,7,1473,4672.0,7351.0,0,1545,1205,3940,3389,3885,835,1473,0,58,51,54,28,0,41,27,73,82,91,28,133,170,127,71,104,88,214,32,3940,545,189,1473,1545
06037311100,871500,1840,2740,132,112,39,74,582,76,67,54,43,911,166,2164,617,4138,0.4192,32,1493,5090.0,7552.0,0,1552,1468,4147,4094,4144,657,1493,83,28,61,27,8,12,24,66,118,46,69,26,60,75,219,199,58,68,179,132,4147,477,400,1493,1552
06037311200,855900,2057,2216,58,119,62,119,677,63,71,77,6,588,119,1818,161,3070,0.399,49,1265,3290.0,6017.0,0,1337,807,3085,2857,3085,424,1265,16,26,73,46,21,0,17,15,66,92,39,53,56,56,40,26,52,54,40,47,3085,429,150,1265,1337
06037311300,892300,2235,2870,203,29,70,47,615,113,223,72,104,1047,91,2439,184,4090,0.3698,38,1662,6177.0,8428.0,0,1698,1159,4090,3842,4090,797,1662,7,44,68,51,13,10,33,22,97,64,69,21,178,188,67,78,46,50,80,91,4090,763,251,1662,1698
06037311400,1005000,2426,2604,111,59,32,18,398,64,98,20,37,612,70,1380,72,2369,0.5004,40,1010,3618.0,5287.0,12,1067,440,2369,2192,2360,506,1010,0,34,43,50,17,6,17,55,69,32,24,27,93,35,90,17,53,18,134,32,2369,460,143,1010,1067
06037311500,1087800,2237,3276,175,169,80,166,1326,116,54,66,136,1094,297,3957,390,6362,0.4287,44,2420,7077.0,11662.0,0,2579,1188,6362,5533,6306,1088,2420,64,99,63,29,7,51,54,14,39,123,29,0,205,121,167,47,157,253,50,131,6362,561,504,2420,2579
06037311601,1238000,2089,2229,31,100,40,18,429,65,12,0,12,396,94,1168,102,2578,0.4918,31,825,2651.0,4244.0,0,1010,1200,2578,2304,2578,456,825,11,67,12,0,79,0,18,18,18,11,11,29,0,0,18,148,237,238,150,0,2578,132,264,825,1010
06037311602,1084300,2350,3110,77,160,328,44,2074,17,12,45,0,354,324,2557,636,4243,0.5756,72,2428,2273.0,8851.0,0,2991,636,4270,2959,4233,572,2428,63,112,84,8,125,0,36,57,9,46,8,24,133,54,85,25,0,50,163,29,4270,285,69,2428,2991
06037311700,1067800,2028,2815,77,252,160,71,1163,147,70,99,118,1564,167,3785,255,5900,0.4543,46,2727,9688.0,13349.0,0,3045,1470,6165,5653,6165,1176,2727,194,34,136,103,55,33,160,25,120,152,123,107,45,276,117,62,18,283,220,0,6165,1198,366,2727,3045
06037311801,896800,1846,2865,94,110,108,20,1008,34,19,66,23,306,79,1708,436,2951,0.4152,47,1314,1748.0,5072.0,0,1400,912,2951,2572,2904,445,1314,18,9,66,16,0,16,18,10,38,11,33,16,72,128,50,121,47,87,91,14,2951,225,81,1314,1400
06037311802,1015500,2021,4001,147,229,126,139,1244,9,17,192,0,394,69,2786,222,4512,0.4318,111,1638,2078.0,6603.0,0,1783,2036,4512,4097,4512,569,1638,0,49,55,11,0,36,37,23,8,11,0,0,222,153,155,37,88,126,55,74,4512,275,84,1638,1783
06037320101,587500,2212,1861,26,0,0,67,203,31,159,6,51,750,168,2005,168,3422,0.4081,24,953,4562.0,5701.0,0,965,3006,3446,3312,3414,658,953,111,88,12,33,23,24,29,20,58,35,23,8,70,98,131,41,105,104,16,132,3446,447,267,953,965
06037320102,625000,1783,2330,0,12,29,31,261,29,88,8,48,667,177,2035,545,3747,0.455,0,928,3887.0,4978.0,27,1003,3648,3782,3640,3743,515,928,118,24,13,39,22,0,7,71,18,40,90,25,209,52,203,84,69,105,89,52,3782,228,404,928,1003
06037320201,618600,1445,-666666666,68,66,63,83,877,0,12,9,49,206,177,1931,667,4143,0.4945,103,1083,1202.0,4244.0,0,1172,3859,4143,3594,4078,470,1083,0,12,35,0,42,0,51,0,19,22,41,4,130,152,230,69,148,115,113,159,4143,110,25,1083,1172
06037320202,612900,1699,1931,0,22,74,21,393,121,76,75,41,1056,144,3457,415,6159,0.3835,49,1449,6164.0,7777.0,0,1529,5843,6272,5533,6143,884,1449,49,104,133,71,33,11,102,41,153,30,71,15,147,201,138,31,155,190,226,85,6272,313,644,1449,1529
06037320300,586200,1621,1419,55,67,37,49,807,70,75,60,52,1109,226,3113,842,6302,0.4684,119,1916,6039.0,9383.0,0,2017,5775,6315,5870,6315,979,1916,68,92,86,103,77,22,129,72,170,65,125,95,149,331,229,97,160,222,249,45,6315,610,371,1916,2017
06037400205,1429800,3501,4001,0,0,0,0,67,82,29,123,9,805,64,1190,26,2487,0.4141,15,872,6825.0,7380.0,0,955,403,2584,2305,2584,665,872,50,40,80,0,28,28,6,110,68,40,60,17,8,76,179,155,39,46,108,40,2584,674,131,872,955
06037400206,946000,3446,3257,26,35,0,8,178,174,89,273,42,1665,230,3098,155,5768,0.4153,16,1843,12528.0,13774.0,0,1883,1220,5773,5264,5730,1448,1843,87,106,204,105,34,48,79,115,110,82,89,87,21,144,182,161,125,216,147,91,5773,1169,477,1843,1883
06037400207,894300,3501,2818,14,11,0,0,169,151,138,93,137,1319,84,2079,88,4646,0.3522,7,1488,10142.0,11380.0,0,1563,1447,4675,4272,4675,1070,1488,43,87,135,53,20,59,39,109,228,73,60,16,68,149,307,134,16,123,300,117,4675,939,380,1488,1563
06037400208,912600,-666666666,2492,0,0,0,12,31,44,69,21,36,464,8,572,12,1361,0.2979,6,495,3640.0,3864.0,0,495,315,1361,1309,1349,422,495,7,63,98,18,0,0,75,10,76,24,13,4,18,9,34,35,42,5,54,17,1361,390,74,495,495
06037400209,969100,3501,3188,10,50,0,0,126,304,97,130,105,1490,70,2481,246,4403,0.4377,38,1616,10945.0,11905.0,0,1644,1076,4409,4308,4398,1200,1616,37,97,208,65,19,55,103,58,170,30,10,74,20,66,146,80,83,68,101,154,4409,1257,233,1616,1644
06037400304,666300,2191,2164,83,91,152,260,1363,140,93,98,14,1472,93,4428,702,7980,0.4089,67,2835,9700.0,15269.0,0,2919,3041,8123,7125,8082,1494,2835,81,88,19,79,58,12,14,17,175,119,21,37,214,382,124,128,161,393,335,87,8123,1058,414,2835,2919
06037400402,999500,2059,2175,9,120,5,10,419,120,67,63,18,913,402,2477,227,4130,0.4452,14,1332,6768.0,8712.0,0,1380,1033,4133,3559,4105,757,1332,110,57,58,18,0,9,39,27,126,42,55,63,48,66,92,89,118,114,127,64,4133,644,234,1332,1380
06037400403,783900,2144,2637,56,56,43,17,526,131,123,32,0,893,91,2234,539,4310,0.3925,59,1419,6175.0,8618.0,0,1419,1919,4344,4127,4334,856,1419,7,146,83,61,54,0,82,69,91,49,17,10,159,132,132,67,153,62,177,127,4344,639,254,1419,1419
06037400404,1054200,3501,2978,0,16,9,0,79,88,92,194,140,1269,112,2059,72,4183,0.4112,0,1348,9421.0,10062.0,0,1428,580,4183,3706,4172,1063,1348,112,34,134,76,33,40,94,82,105,98,78,51,53,115,80,149,43,40,209,69,4183,1011,253,1348,1428
06037400501,1114000,1350,3428,0,0,5,20,34,58,37,66,5,575,64,817,69,1749,0.4511,0,609,4949.0,5129.0,0,737,287,1768,1559,1768,428,609,24,27,41,44,21,29,21,31,60,37,42,45,42,7,40,34,21,81,49,40,1768,475,100,609,737
06037400602,620600,1725,1795,37,33,96,242,662,103,45,47,63,738,190,2672,585,4826,0.3774,18,1400,4363.0,7240.0,0,1501,3853,4837,4371,4783,617,1400,44,17,62,50,43,35,36,21,80,31,82,16,227,186,156,36,114,134,230,103,4837,496,224,1400,1501
06037400603,516400,1870,2175,6,241,71,65,682,80,182,172,153,1133,184,2834,184,4959,0.3618,0,1815,6219.0,9118.0,0,1902,2632,4999,4390,4952,968,1815,25,91,79,42,51,2,98,93,69,68,12,12,48,146,124,95,146,178,162,12,4999,741,376,1815,1902
06037400605,669900,1903,2444,56,47,68,58,459,160,113,193,129,1944,197,3695,521,6030,0.4411,99,2403,11929.0,13994.0,0,2526,2352,7444,6366,7260,1083,2403,40,89,129,80,14,24,63,226,242,70,126,50,235,224,170,67,148,150,130,74,7444,1510,401,2403,2526
06037400801,683000,2139,2353,34,89,9,33,420,174,166,111,52,1497,157,3465,468,5682,0.4268,43,1917,9672.0,11756.0,0,2003,2498,6912,5923,6866,1181,1917,94,68,67,70,118,40,96,71,141,103,40,95,160,162,202,79,85,164,221,80,6912,1076,348,1917,2003
06037401001,842100,2817,2492,31,0,16,0,153,98,89,55,49,809,10,1181,74,2698,0.4162,0,962,5492.0,6434.0,0,962,967,2698,2609,2693,600,962,50,40,33,106,29,18,57,24,27,107,55,53,42,124,84,59,63,94,113,67,2698,596,175,962,962
06037401002,808500,1971,2474,55,179,99,219,936,77,43,47,38,677,153,2300,387,4451,0.4918,6,1613,4209.0,8079.0,0,1680,1465,4464,3851,4420,736,1613,43,53,41,34,23,57,57,47,106,59,88,129,73,122,131,21,154,137,105,134,4464,389,288,1613,1680
06037401101,777600,1777,1638,67,111,231,82,1071,78,109,74,38,809,99,2661,348,5465,0.401,71,1880,5040.0,9313.0,0,1891,2834,5564,5204,5539,1023,1880,60,136,78,110,27,46,104,88,89,34,175,62,111,163,214,322,51,128,342,13,5564,487,313,1880,1891
06037401102,618300,2239,2272,150,143,85,31,768,84,66,81,59,568,108,2154,275,4185,0.3402,26,1336,3146.0,6259.0,0,1446,1688,4270,3309,4161,660,1336,8,12,63,39,14,6,28,34,99,28,43,29,191,149,121,60,181,208,269,113,4270,210,331,1336,1446
06037401201,775000,2368,2526,16,36,19,19,153,117,93,89,46,868,64,1752,138,3550,0.4308,17,1021,5830.0,6548.0,0,1083,1593,3550,3226,3461,591,1021,58,54,56,21,7,7,62,58,40,81,18,33,214,81,106,96,123,141,135,70,3550,549,262,1021,1083
06037401202,642700,2353,1595,47,12,13,56,236,65,254,75,44,1084,253,2038,199,4071,0.3452,13,1320,6778.0,8112.0,0,1320,1918,4161,3960,4161,783,1320,31,98,84,62,15,9,70,50,187,146,21,114,6,204,199,112,44,38,187,87,4161,625,440,1320,1320
06037401203,662700,2275,1892,59,15,56,54,495,70,212,77,88,1094,121,2688,617,4857,0.3853,69,1589,6642.0,8908.0,0,1619,2562,5076,4117,5037,853,1589,63,61,71,64,40,40,30,67,184,138,46,82,91,103,93,89,112,186,188,108,5076,635,443,1589,1619
06037401303,984200,3501,3480,0,0,0,24,166,94,103,33,59,610,67,1280,92,2272,0.4331,23,776,4595.0,5863.0,0,813,656,2272,2242,2272,486,776,80,38,60,8,29,32,52,36,39,63,30,58,38,29,48,55,17,41,56,20,2272,478,124,776,813
06037401304,860900,-666666666,2951,0,13,0,18,88,101,186,119,100,1739,218,2893,310,5261,0.4206,18,1827,12343.0,12761.0,0,1937,1818,5313,4988,5287,1248,1827,114,81,221,28,110,34,97,110,81,129,40,44,136,91,309,77,24,151,56,168,5313,1388,351,1827,1937
06037401311,642200,2213,2154,79,87,171,19,766,123,148,170,50,1637,216,3574,755,6781,0.4019,19,2403,9822.0,13269.0,19,2503,2802,6781,6275,6690,1353,2403,125,82,46,60,65,59,52,100,82,136,74,67,172,161,153,71,400,183,284,138,6781,1129,401,2403,2503
06037401312,410700,2320,1646,0,21,95,0,357,97,139,100,23,1526,152,2424,245,4898,0.4651,84,1883,8468.0,10142.0,0,1916,1571,5067,4695,5043,783,1883,135,32,143,168,37,31,48,203,248,105,264,112,258,53,46,111,9,102,229,36,5067,1142,302,1883,1916
06037401500,586100,1790,1873,65,153,76,53,732,90,139,111,135,1129,383,2975,746,5611,0.4064,83,1861,6715.0,9926.0,45,2003,3229,5975,5153,5889,812,1861,64,40,111,47,23,21,21,87,109,60,36,134,278,209,177,88,293,173,145,120,5975,716,381,1861,2003
06037401601,270300,2131,1241,116,175,123,135,851,141,121,114,49,1464,79,2655,579,5261,0.413,137,2315,8452.0,11697.0,0,2355,1662,5267,4604,5224,1042,2315,36,353,165,18,46,77,105,385,142,158,128,111,96,151,72,148,44,108,106,77,5267,1265,190,2315,2355
06037401602,620000,1982,1993,117,155,83,122,1103,112,81,73,49,1044,262,3240,528,5745,0.4443,32,2147,6006.0,10940.0,0,2184,2199,5762,5283,5730,897,2147,19,77,82,86,7,6,47,183,52,68,61,82,73,140,240,82,72,182,278,70,5762,692,261,2147,2184
06037401705,839500,2967,2514,7,0,17,0,134,79,106,64,31,834,74,1667,181,3020,0.375,24,968,5659.0,6369.0,0,996,1048,3049,2658,3009,570,968,8,41,90,72,0,34,26,38,87,114,0,97,65,46,147,108,61,91,52,42,3049,550,265,968,996
06037401706,603700,1813,2819,37,60,48,116,868,72,107,68,97,744,171,2715,361,4390,0.3974,101,1612,4396.0,7549.0,70,1716,2422,4401,3806,4342,670,1612,34,43,27,27,13,4,40,41,31,100,25,76,139,155,92,47,156,115,236,97,4401,440,304,1612,1716
06037401707,546200,1758,1935,157,150,75,37,1164,116,107,242,132,1576,227,4075,1437,8049,0.4327,71,2740,8357.0,12848.0,35,2827,4807,8406,7583,8309,853,2740,9,248,132,87,6,71,209,142,150,181,221,195,335,345,285,68,313,62,101,83,8406,991,514,2740,2827
06037401801,767200,1963,2788,119,16,33,29,350,139,203,98,80,1248,102,2163,76,4146,0.3578,18,1598,8475.0,10062.0,0,1673,1083,4467,3814,4399,1090,1598,94,60,205,41,11,7,180,142,168,14,7,28,138,41,138,0,75,168,386,111,4467,942,306,1598,1673
06037401802,814900,2233,1789,9,26,73,12,246,152,90,147,107,1141,87,1802,246,3590,0.4159,31,1387,8201.0,9548.0,27,1444,768,3590,3355,3567,799,1387,34,71,127,92,6,94,9,104,83,74,73,165,36,32,95,76,61,91,211,105,3590,969,138,1387,1444
06037401901,-666666666,1472,-666666666,5,21,32,13,101,0,0,0,0,9,169,1671,5,246,0.2335,5,110,,,0,155,869,3823,1794,3823,45,110,10,0,0,0,0,0,0,0,0,0,0,0,11,0,5,0,5,5,0,14,3823,9,0,110,155
06037401902,907800,1888,2487,81,279,221,160,1804,175,68,43,16,1180,162,2924,299,6073,0.4199,22,2984,7966.0,15159.0,0,3179,1204,6290,4999,6176,1247,2984,0,152,29,172,185,81,84,41,157,303,425,299,257,109,100,130,65,99,33,17,6290,981,183,2984,3179
06037402001,616100,2007,2582,9,127,86,74,789,105,43,29,33,661,103,2059,530,3981,0.472,91,1450,3992.0,7182.0,0,1450,1459,4043,3532,4043,710,1450,38,99,49,56,9,9,61,95,37,84,83,86,105,77,83,58,101,56,90,94,4043,395,266,1450,1450
06037402002,613200,1941,2065,23,101,23,93,767,129,106,67,51,920,52,2213,446,4078,0.4543,67,1687,5583.0,8793.0,0,1764,1277,4180,3786,4180,717,1687,26,25,61,31,50,21,40,125,256,133,82,117,71,71,146,13,27,175,41,88,4180,707,202,1687,1764
06037402101,521500,2051,1827,32,39,103,49,368,34,107,26,6,713,140,2515,734,4976,0.3831,20,1081,4186.0,6163.0,0,1098,3719,4986,4554,4961,645,1081,33,88,63,48,15,13,38,54,12,87,33,12,135,87,150,106,100,210,298,181,4986,278,275,1081,1098
06037402102,564200,1584,1832,33,60,27,64,314,247,130,78,42,1011,246,2921,274,5162,0.3607,80,1325,6476.0,8040.0,0,1356,3683,5344,5096,5344,800,1325,58,44,72,27,47,44,11,54,68,67,52,45,188,130,213,50,268,248,156,95,5344,500,398,1325,1356
06037402200,640700,1607,1767,35,21,92,133,742,82,150,191,162,1347,225,3392,582,6582,0.3585,37,2089,8379.0,11534.0,0,2169,4514,7081,6297,6959,919,2089,78,180,172,40,77,90,143,110,172,184,124,124,323,267,117,13,137,118,312,158,7081,874,473,2089,2169
06037402301,468400,1781,1572,117,89,31,63,603,84,51,82,29,792,216,2695,578,5157,0.3625,58,1395,4845.0,7509.0,0,1416,4233,5169,4527,5149,843,1395,42,71,66,38,28,38,20,113,69,20,52,55,129,141,156,120,270,119,216,96,5169,503,253,1395,1416
06037402303,491100,1418,2140,28,58,96,95,614,67,55,28,59,408,120,1887,714,3786,0.388,32,1022,2439.0,4820.0,0,1101,3071,3964,3371,3936,465,1022,20,82,60,15,29,19,33,32,47,17,72,25,113,56,187,65,157,75,127,125,3964,224,143,1022,1101
06037402304,212500,1350,987,77,64,122,49,688,11,34,10,14,332,59,1968,962,4098,0.4434,45,1020,1716.0,4234.0,0,1049,3621,4098,3795,3986,395,1020,28,35,22,4,0,4,6,7,33,39,34,30,194,178,164,60,139,190,184,93,4098,101,202,1020,1049
06037402403,-666666666,1493,1431,60,22,0,47,308,74,8,83,71,794,286,2647,379,4294,0.3747,48,1102,4421.0,6128.0,0,1158,3523,5385,4306,5327,559,1102,62,60,24,25,23,43,7,49,51,53,30,11,95,129,177,73,233,85,142,63,5385,362,312,1102,1158
06037402404,-666666666,-666666666,-666666666,0,0,0,0,0,0,0,0,0,0,217,898,0,0,-666666666.0,0,0,-666666666.0,-666666666.0,0,0,539,2088,953,2088,0,0,0,0,0,0,0,0,0,0,0,0,0,0,0,0,0,4,0,0,0,39,2088,0,0,0,0
06037402405,497200,2485,1848,12,0,22,0,101,54,39,38,10,459,77,1192,309,2204,0.3806,9,560,2697.0,3343.0,0,571,1901,2204,1962,2186,358,560,30,43,51,5,8,8,0,36,40,42,6,19,85,73,94,61,55,61,86,18,2204,205,206,560,571
06037402406,446100,1382,1436,50,19,91,20,478,97,99,73,35,804,90,2291,802,4736,0.4098,45,1282,4214.0,6140.0,10,1316,3915,4736,4218,4695,699,1282,22,7,108,14,26,8,30,27,218,41,38,23,148,67,247,65,90,152,322,130,4736,347,285,1282,1316
06037402501,402300,1303,1378,51,95,115,84,987,48,25,47,39,370,117,2151,630,4816,0.3772,122,1357,1838.0,5239.0,0,1449,4236,4868,4248,4814,643,1357,104,52,53,48,33,20,30,33,108,91,33,21,293,176,122,75,173,179,177,89,4868,112,165,1357,1449
06037402503,529800,1650,1253,148,65,134,84,775,0,67,44,12,347,166,1833,940,4309,0.3279,159,1122,2073.0,5549.0,0,1134,3335,4333,4028,4266,532,1122,43,102,59,4,0,3,22,22,26,35,16,0,162,111,262,42,58,108,204,225,4333,220,13,1122,1134
06037402504,467800,1216,2052,0,45,0,21,450,19,7,30,8,340,69,1154,618,2497,0.4746,35,790,1767.0,3352.0,0,814,1807,2509,2386,2509,250,790,10,0,61,73,6,15,85,56,37,38,15,23,21,34,189,115,32,44,82,80,2509,218,88,790,814
06037402601,485800,1494,1478,9,59,38,27,427,22,67,25,0,316,68,1163,662,2817,0.4133,33,743,1975.0,3701.0,0,806,2419,2892,2590,2828,301,743,0,31,0,12,9,13,61,74,28,27,12,36,231,61,79,58,90,62,38,75,2892,151,138,743,806
06037402602,598900,1080,1971,58,310,88,83,1058,58,163,119,90,827,443,2781,355,4820,0.4552,72,1885,5768.0,9657.0,0,1957,2986,4824,4347,4774,907,1885,45,32,37,39,7,55,103,22,44,0,157,72,142,151,61,34,193,114,100,175,4824,470,296,1885,1957
06037402702,494400,1343,1840,84,83,176,35,1055,40,22,16,35,331,134,2370,1814,5002,0.4313,146,1386,1669.0,5497.0,0,1529,4384,5018,4089,4917,489,1386,13,41,17,8,13,0,48,31,14,17,0,29,209,258,238,186,188,112,165,97,5018,155,140,1386,1529
06037402703,472800,1887,1798,7,47,22,0,503,99,109,83,34,839,96,2197,693,5448,0.3823,223,1342,4574.0,6933.0,0,1369,4036,5448,5016,5369,587,1342,38,71,55,28,9,34,11,40,46,38,11,31,139,419,133,136,287,257,363,270,5448,382,318,1342,1369
06037402705,539000,2084,1447,35,17,12,6,153,60,85,38,36,712,107,1655,280,3501,0.3358,22,865,4108.0,5016.0,0,907,2712,3530,3219,3490,498,865,15,66,62,44,9,11,27,62,98,36,15,23,101,145,157,37,86,138,113,114,3530,308,317,865,907
06037402706,554300,1902,1885,73,7,0,37,272,76,85,100,20,692,134,1906,522,3564,0.3977,106,964,3895.0,5420.0,0,992,2799,3629,3506,3629,396,964,33,19,24,49,48,11,18,10,64,27,106,5,41,140,106,119,120,99,109,111,3629,390,233,964,992
06037402801,440200,1325,1486,77,65,56,124,776,0,69,0,33,360,147,2412,866,4815,0.3787,70,1136,1857.0,5109.0,0,1136,4318,4815,4563,4760,541,1136,5,17,31,7,19,0,0,39,73,28,0,6,166,161,325,205,174,177,270,142,4815,85,179,1136,1136
06037402803,444500,1675,1505,62,32,54,15,385,69,38,18,0,371,132,1791,437,3550,0.3993,4,756,2083.0,3800.0,0,791,3201,3567,3269,3500,434,756,13,0,38,7,0,10,9,32,0,6,26,28,100,198,97,158,95,73,195,96,3567,61,232,756,791
06037402804,445000,1584,1563,34,104,85,72,754,30,28,0,25,251,214,2057,762,4426,0.3858,93,1005,1398.0,4621.0,0,1037,3733,4442,4148,4421,634,1005,13,40,35,12,0,22,0,27,57,0,0,43,139,88,330,140,108,117,311,158,4442,65,167,1005,1037
06037402902,481500,1496,1185,126,87,103,124,882,48,20,64,30,848,99,2948,987,6617,0.3801,58,1730,4986.0,8896.0,0,1758,5195,6853,6404,6811,887,1730,49,71,170,84,63,13,44,55,214,114,115,60,199,317,338,188,224,262,152,171,6853,325,469,1730,1758
06037402903,497800,1511,1597,64,28,46,40,425,76,81,16,16,561,103,1708,561,3556,0.4315,37,986,3304.0,5025.0,25,1020,2576,3556,3369,3470,592,986,3,60,40,38,41,61,11,36,57,61,39,18,132,126,59,48,171,168,68,157,3556,231,306,986,1020
06037402904,464300,2176,1577,0,18,0,23,234,77,75,53,34,645,104,1941,529,3660,0.3859,19,879,3677.0,4759.0,0,905,3084,3671,3439,3650,538,879,97,21,56,5,11,21,31,54,31,9,16,5,155,129,99,129,152,143,175,79,3671,213,334,879,905
06037403000,448400,2238,1738,80,39,36,0,384,140,158,28,0,1231,126,3376,589,6763,0.3302,53,1615,7175.0,9327.0,42,1675,5326,6796,6366,6745,944,1615,13,106,112,83,41,30,0,159,214,43,62,94,140,184,134,108,96,183,303,258,6796,500,629,1615,1675
06037403305,811100,2696,2494,20,7,9,0,144,26,80,89,35,543,60,1110,108,2139,0.3776,14,687,3088.0,3805.0,0,687,152,2150,1887,2127,520,687,21,16,24,61,9,17,13,63,69,20,4,7,20,39,99,27,70,79,61,51,2150,316,220,687,687
06037403316,726900,2084,1998,0,25,138,55,671,243,243,222,50,1916,140,3593,742,7039,0.4323,68,2587,11569.0,14911.0,0,2661,1195,7039,6416,6990,1301,2587,72,149,204,38,20,88,70,173,394,110,99,189,212,108,285,103,118,256,187,70,7039,1221,695,2587,2661
06037403317,681400,2556,1801,44,31,52,27,245,90,82,122,23,1409,119,2534,241,4989,0.3774,51,1654,8920.0,10044.0,0,1736,1722,5008,4716,4995,923,1654,71,119,109,92,72,39,74,73,126,45,140,149,65,140,106,83,69,165,179,87,5008,991,371,1654,1736
06037403318,662900,2409,2045,26,21,50,49,445,236,236,96,124,1662,156,3320,428,6218,0.3809,152,2107,10708.0,13099.0,0,2216,2016,6250,5717,6250,1183,2107,51,114,185,144,37,86,226,189,145,223,84,26,73,88,242,151,64,146,124,152,6250,1090,572,2107,2216
06037403319,692900,2304,1838,64,36,39,25,543,81,162,49,41,1069,99,2119,500,4133,0.4282,66,1612,6030.0,8277.0,0,1714,874,4148,3575,4111,860,1612,39,64,104,23,32,6,34,124,151,62,41,40,57,15,74,81,152,100,79,126,4148,779,272,1612,1714
06037403320,964400,2614,2466,49,11,59,10,246,133,143,196,23,1395,60,2662,331,5194,0.4564,55,1641,9673.0,11064.0,0,1771,807,5221,4819,5141,1238,1641,130,124,178,81,45,56,117,78,173,37,74,43,32,189,280,30,110,142,278,64,5221,893,502,1641,1771
06037403321,834500,1917,2238,13,0,12,29,337,183,84,162,115,1394,246,3168,617,5517,0.4349,49,1731,9697.0,11517.0,0,1755,1627,5536,5255,5536,1024,1731,86,51,116,24,137,93,70,119,159,126,69,117,190,14,127,98,67,134,213,41,5536,981,404,1731,1755
06037403323,778700,2944,2010,7,8,34,40,454,101,83,92,46,1281,219,2847,277,5541,0.4017,9,1735,8158.0,10558.0,0,1797,752,5551,4892,5528,1213,1735,96,25,73,101,88,16,25,40,128,115,73,9,66,36,195,155,105,72,271,168,5551,893,322,1735,1797
06037403324,1038800,2264,2742,0,0,25,0,570,31,90,85,15,1550,144,3380,595,6569,0.5366,54,2120,10903.0,13214.0,0,2293,1060,6569,5441,6449,1496,2120,82,203,167,73,29,25,63,164,217,110,44,101,257,232,217,34,76,148,202,159,6569,1014,511,2120,2293
06037403325,888300,2494,1992,18,92,28,5,317,136,48,119,47,1233,62,2231,614,4864,0.4553,17,1550,8460.0,9883.0,0,1611,868,4864,4423,4841,992,1550,96,38,110,56,30,0,38,52,100,85,21,47,153,214,199,131,155,137,153,116,4864,859,350,1550,1611
06037403326,758600,2553,1462,14,25,16,0,207,35,56,9,36,471,46,1180,141,2434,0.3897,44,678,2972.0,4180.0,0,754,800,2434,2297,2407,475,678,38,72,51,22,28,12,42,83,49,74,6,21,4,41,28,22,191,74,96,50,2434,256,207,678,754
06037403327,670000,2588,2171,42,13,14,15,96,168,102,64,14,726,70,1413,121,2431,0.3144,3,822,4501.0,5069.0,0,861,816,2431,2337,2422,523,822,33,52,32,17,10,14,74,85,46,67,35,21,31,22,60,29,15,25,90,93,2431,575,139,822,861
06037403328,736200,2398,2193,52,30,40,48,380,110,168,77,74,1313,259,2836,513,5434,0.4201,47,1693,8210.0,9985.0,0,1728,1170,5435,5077,5415,1043,1693,10,155,84,82,13,58,64,57,87,39,11,130,227,178,106,88,104,151,163,113,5435,866,447,1693,1728
06037403401,854300,2871,2084,56,41,18,95,434,56,53,91,139,1019,98,2343,491,4895,0.3946,12,1453,6363.0,9323.0,0,1484,1063,4895,4263,4871,881,1453,30,119,113,134,47,25,46,109,140,144,56,28,173,286,188,40,103,91,135,125,4895,623,369,1453,1484
06037403402,841700,2833,2343,14,7,5,34,228,35,75,100,38,764,66,1705,98,3282,0.4233,10,992,4884.0,6314.0,0,1080,710,3292,2722,3249,671,992,59,38,73,44,23,22,62,92,60,38,7,43,125,58,89,70,94,50,100,54,3292,472,262,992,1080
06037403403,1099500,3278,2072,14,0,24,17,140,133,72,79,106,1524,106,2570,596,5228,0.5072,61,1664,10570.0,11512.0,0,1683,834,5228,5072,5220,1288,1664,124,258,225,37,76,21,202,296,101,56,80,33,85,134,151,54,92,105,125,111,5228,1132,376,1664,1683
06037403404,1082200,3501,2121,7,1,0,0,79,44,22,32,26,577,154,1104,175,2318,0.4678,24,656,4388.0,4915.0,0,716,361,2329,2195,2311,491,656,39,84,75,38,36,16,44,47,60,49,64,16,25,38,118,58,37,75,84,67,2329,446,117,656,716
06037403407,1296200,-666666666,3300,0,0,0,0,29,28,18,44,61,600,35,1155,180,2193,0.4014,10,629,4415.0,4626.0,0,798,177,2193,1955,2193,462,629,19,35,56,41,25,10,53,48,61,30,0,24,13,30,59,52,16,83,51,47,2193,388,212,629,798
06037403408,884900,3273,2368,38,8,43,0,252,123,140,115,193,1699,79,3147,339,6156,0.3763,55,1951,11324.0,13191.0,0,2038,1064,6156,5772,6122,1373,1951,145,195,196,172,59,34,163,124,227,165,50,61,40,62,263,48,105,201,231,36,6156,1186,461,1951,2038
06037403409,932400,2364,2217,30,37,43,33,343,111,137,38,19,928,55,1981,321,4113,0.3956,13,1271,6184.0,7913.0,0,1382,1023,4119,3685,4091,866,1271,73,91,89,117,37,28,44,69,147,115,30,48,53,166,152,94,87,135,100,49,4119,640,263,1271,1382
06037403500,1111300,2553,3564,7,8,19,0,149,45,15,30,43,383,88,812,86,1497,0.4861,11,532,2993.0,3506.0,0,670,431,1497,1446,1491,283,532,21,49,58,23,15,12,21,49,44,18,20,93,56,13,9,9,35,5,7,11,1497,286,92,532,670
06037403601,796900,2025,2313,29,96,302,0,624,119,205,151,81,1512,297,3744,526,7003,0.3725,48,2136,10861.0,13251.0,0,2311,4474,7006,6730,6993,1124,2136,125,91,175,68,52,99,82,88,162,110,23,95,149,363,194,44,81,94,219,142,7006,878,625,2136,2311
06037403702,707100,1710,2446,0,6,24,17,196,119,79,201,77,1091,24,2096,144,4079,0.3063,17,1287,6986.0,8358.0,0,1287,1748,4084,3688,4059,811,1287,17,81,103,54,43,20,32,44,87,55,47,34,87,201,50,88,140,100,156,27,4084,649,426,1287,1287
06037403703,667800,2220,2135,10,0,69,54,258,140,134,94,10,1248,130,2204,297,4695,0.435,4,1506,7861.0,8733.0,0,1621,2211,4707,4389,4668,831,1506,62,166,102,89,45,10,55,134,71,142,98,112,39,178,152,33,123,153,169,75,4707,776,432,1506,1621
06037403721,633700,1685,2258,39,122,51,173,798,211,110,56,9,979,251,2975,475,5468,0.3905,74,1777,6261.0,9961.0,0,1822,3165,5469,4884,5458,845,1777,71,167,60,79,65,76,91,42,165,112,21,101,210,134,159,84,62,139,93,47,5469,634,298,1777,1822
06037403722,632300,1728,2319,67,79,70,133,1051,101,46,74,27,627,212,2986,669,5427,0.4175,57,1678,3917.0,7931.0,0,1734,3509,5430,4781,5331,741,1678,15,37,65,58,18,20,13,106,45,69,39,20,149,215,219,48,248,76,271,124,5430,445,173,1678,1734
06037403801,574200,2101,2265,113,140,261,52,1010,111,212,61,120,1103,143,3412,614,5643,0.4118,63,2113,5976.0,10215.0,0,2188,3024,5653,4662,5590,903,2113,67,49,50,33,10,38,19,36,96,44,52,41,115,111,263,133,125,97,149,110,5653,687,377,2113,2188
06037403802,542300,2098,1689,156,20,106,76,836,248,97,111,94,1328,207,3402,1134,6535,0.4741,44,2164,7495.0,11048.0,0,2187,3637,6547,5875,6464,1018,2164,88,67,156,69,38,6,10,109,193,56,103,68,177,228,246,121,99,268,158,54,6547,775,483,2164,2187
06037403901,607300,2632,1945,19,10,43,53,256,71,64,46,46,634,100,1580,357,3081,0.3784,8,890,3543.0,4930.0,0,900,1566,3091,3013,3091,544,890,54,15,55,47,24,4,114,19,27,35,23,53,91,73,133,75,23,46,108,94,3091,380,229,890,900
06037403902,620100,2092,1954,6,44,114,55,390,52,74,159,67,1100,38,2311,485,4772,0.402,19,1490,6852.0,8395.0,0,1527,2739,5232,4638,5176,783,1490,123,70,59,55,54,25,46,63,66,58,51,69,202,218,50,59,228,242,298,135,5232,682,404,1490,1527
06037404000,620900,2089,2472,13,110,92,89,539,15,130,17,25,813,258,2897,461,4667,0.3632,98,1352,4766.0,7149.0,0,1352,2936,4696,3990,4597,624,1352,8,24,134,26,12,0,26,25,64,61,0,50,88,152,195,84,119,73,113,52,4696,407,384,1352,1352
06037404100,542800,2115,2023,51,29,16,24,470,118,117,96,84,1010,185,3222,538,6232,0.2949,62,1480,5621.0,7930.0,0,1480,5201,6270,5678,6264,921,1480,126,34,6,75,51,0,79,29,27,75,23,5,96,199,176,153,223,171,411,149,6270,355,498,1480,1480
06037404201,571500,1462,2269,38,9,42,69,489,96,51,28,62,494,138,1812,728,3394,0.4462,101,983,2684.0,4531.0,0,1050,2648,3419,2917,3375,435,983,0,2,15,53,20,0,10,68,15,46,38,20,224,122,111,46,56,121,170,73,3419,240,182,983,1050
06037404203,579900,1727,1814,71,43,6,52,440,55,63,27,11,440,156,2294,394,3259,0.4128,12,880,2626.0,4657.0,0,905,2718,4309,3707,4276,431,880,27,25,68,42,0,0,22,23,32,17,68,23,58,29,183,87,81,115,66,71,4309,126,280,880,905
06037404301,545200,1732,1775,225,156,42,89,1117,9,0,51,11,386,223,3006,1453,5920,0.3871,34,1503,2035.0,6655.0,0,1546,5247,5920,5385,5786,769,1503,33,108,41,32,40,15,64,49,118,14,24,43,301,272,230,42,282,162,213,88,5920,168,118,1503,1546
06037404302,546300,2198,1827,39,29,18,0,229,7,87,73,9,411,17,1112,54,2198,0.3126,23,640,2337.0,3327.0,0,647,1606,2202,1935,2148,313,640,18,80,37,7,11,0,66,56,43,8,0,8,83,108,76,44,89,94,93,22,2202,243,154,640,647
06037404401,533700,1751,2039,25,59,75,37,422,39,69,91,51,632,84,2074,444,3789,0.304,28,1054,3080.0,4825.0,0,1100,3141,3807,3482,3759,580,1054,4,41,31,42,29,4,13,2,48,59,9,31,152,121,211,43,149,55,66,88,3807,192,364,1054,1100
06037404402,629500,2125,2051,102,48,38,11,435,72,75,83,43,735,186,2585,311,4501,0.3776,77,1170,4597.0,6636.0,0,1242,3541,4623,3937,4592,549,1170,43,66,9,38,33,7,33,44,96,10,115,64,64,149,112,83,56,59,112,145,4623,402,280,1170,1242
06037404501,430200,1746,943,0,16,84,67,351,0,15,7,21,374,42,1469,477,2675,0.4127,10,725,1865.0,3211.0,15,725,2500,2786,2466,2748,334,725,29,0,103,30,4,0,12,35,26,7,11,0,17,137,92,50,107,58,169,33,2786,82,191,725,725
06037404503,511000,1840,1639,19,16,30,40,232,25,47,59,13,597,101,1532,118,2855,0.3354,24,829,3217.0,4295.0,18,882,1888,2875,2661,2844,499,829,29,34,91,9,0,28,14,36,46,60,47,28,59,66,94,60,71,87,92,77,2875,274,255,829,882
06037404504,463000,1750,1405,10,115,323,41,959,24,44,5,20,479,135,3195,1095,5291,0.3517,26,1438,2554.0,5909.0,0,1466,3811,5291,4884,5283,472,1438,6,97,26,31,11,24,20,77,103,47,38,37,48,166,367,152,72,195,54,70,5291,149,324,1438,1466
06037404600,602900,1600,1527,0,13,15,24,84,56,56,33,10,359,33,727,89,1332,0.4422,0,443,2192.0,2563.0,0,452,1229,1343,1281,1328,174,443,22,7,8,22,20,19,8,33,7,45,23,32,31,43,47,25,44,14,34,34,1343,223,108,443,452
06037404701,558600,1924,1826,61,71,32,50,463,141,49,171,84,903,191,2755,559,5639,0.3547,86,1366,4737.0,7000.0,0,1391,4352,5646,5276,5599,647,1366,21,64,120,103,15,0,20,96,229,18,16,138,254,122,225,87,86,36,237,69,5646,279,465,1366,1391
06037404702,476400,1900,1234,87,42,98,52,624,12,54,16,18,755,106,2394,660,4806,0.4093,37,1379,3859.0,7039.0,0,1379,2894,4807,4513,4738,703,1379,41,69,133,43,0,46,85,65,97,100,28,14,123,110,63,93,130,166,130,114,4807,393,290,1379,1379
06037404703,625000,1728,1913,58,69,19,39,417,69,11,8,33,307,120,1638,455,3176,0.3876,41,724,1652.0,3401.0,0,762,2557,3189,2997,3175,398,724,22,39,50,13,26,7,17,22,24,11,64,18,86,81,71,53,61,135,194,83,3189,102,152,724,762
06037404804,544800,1775,1919,87,26,62,29,530,114,53,40,8,555,110,2267,836,4438,0.436,79,1085,2921.0,5560.0,0,1105,3290,4487,4269,4395,614,1085,74,49,102,32,56,30,13,48,43,74,64,17,207,73,199,55,192,71,202,151,4487,208,229,1085,1105
06037404805,529400,1477,1735,39,22,48,79,442,0,49,33,55,307,115,1415,508,2972,0.4238,28,749,1705.0,3504.0,0,764,2124,2972,2845,2944,358,749,23,30,40,9,13,53,16,43,53,39,59,13,163,45,137,20,42,94,93,59,2972,157,120,749,764
06037404806,537600,1761,1667,77,101,32,67,707,84,71,57,45,812,245,2862,723,5769,0.4301,87,1519,4481.0,7538.0,0,1548,4538,5862,5543,5862,633,1519,29,62,56,50,134,26,47,73,223,63,30,126,112,94,204,198,90,246,248,87,5862,413,277,1519,1548
06037404901,584700,1759,1609,57,17,106,19,501,103,51,41,49,835,218,3106,928,5640,0.4209,49,1336,4460.0,6702.0,0,1336,4133,5640,5343,5640,897,1336,44,122,69,17,4,0,77,51,73,111,78,41,39,245,172,113,135,82,115,97,5640,238,481,1336,1336
06037404902,587000,2142,1815,14,22,0,6,160,57,78,68,57,710,115,1594,275,3353,0.4048,48,870,3930.0,4745.0,0,870,2090,3358,3232,3344,431,870,18,53,55,46,13,11,32,104,94,47,84,0,62,81,126,41,68,61,150,83,3358,319,289,870,870
06037404903,554600,1887,2006,5,65,15,18,224,12,59,44,29,409,75,1252,246,2520,0.4078,15,633,2293.0,3415.0,0,633,1639,2520,2424,2520,390,633,24,0,5,33,0,23,19,31,38,37,18,28,79,83,94,39,57,89,86,75,2520,170,184,633,633
06037405001,538500,1565,1631,0,0,63,13,281,114,161,91,102,1076,292,2781,869,5599,0.4021,105,1357,5751.0,7089.0,0,1378,4474,5621,5509,5587,785,1357,30,74,88,91,0,15,100,57,113,102,44,26,106,72,144,173,199,146,173,53,5621,428,442,1357,1378
06037405002,520100,1817,1581,31,21,0,8,213,81,18,40,33,524,183,1688,329,3329,0.3813,0,737,2889.0,3763.0,0,754,2768,3346,3219,3320,427,737,35,52,16,84,4,29,18,38,88,47,41,47,55,36,70,138,186,61,69,88,3346,190,194,737,754
06037405101,492900,1656,1488,37,34,23,13,449,59,59,113,32,811,189,2523,984,5019,0.4045,99,1260,4368.0,6716.0,0,1288,3380,5120,4931,5084,615,1260,36,85,39,72,36,26,38,51,60,55,16,95,73,372,258,60,53,142,146,57,5120,271,331,1260,1288
06037405102,488800,1768,1818,39,50,99,57,717,74,87,72,39,735,210,2628,561,4832,0.4358,0,1452,3696.0,6390.0,0,1475,3187,4902,4780,4888,664,1452,53,100,115,34,46,48,141,107,106,85,16,65,75,120,126,137,85,100,128,26,4902,361,231,1452,1475
06037405201,576200,1663,1664,33,55,63,35,642,44,44,56,87,801,181,2719,631,5276,0.3878,121,1443,4790.0,7326.0,0,1473,4068,5307,4754,5296,657,1443,19,60,96,29,27,9,32,58,134,18,41,27,155,181,270,121,137,97,178,90,5307,367,390,1443,1473
06037405202,618400,1648,2089,29,124,41,18,500,93,72,88,30,627,110,2582,358,4622,0.3838,137,1127,3224.0,5248.0,26,1228,3560,4631,4581,4622,614,1127,13,7,74,57,24,22,22,54,51,49,74,23,49,154,186,77,155,63,217,77,4631,221,358,1127,1228
06037405203,602000,2301,2011,6,50,13,36,200,19,34,69,17,497,100,1579,631,3003,0.3705,35,697,2897.0,4025.0,0,736,2038,3086,2973,3012,383,697,75,10,43,80,9,23,68,77,58,54,35,39,117,51,45,56,272,98,51,30,3086,213,200,697,736
06037405301,605100,1670,2212,0,50,101,86,495,49,79,35,26,475,167,1719,286,3108,0.4557,65,970,2778.0,4654.0,0,1020,1859,3108,2811,3108,383,970,25,33,7,12,47,18,65,28,67,51,42,13,61,86,173,110,19,83,180,82,3108,186,237,970,1020
06037405302,633200,1861,1962,43,194,29,23,732,100,122,97,49,878,142,2862,459,5621,0.3891,110,1610,5447.0,8732.0,0,1641,3941,5650,5255,5580,869,1610,24,14,70,84,37,50,22,84,149,67,59,12,136,220,58,65,197,261,271,140,5650,459,355,1610,1641
06037405400,564000,1475,2019,17,9,136,26,236,204,116,79,21,999,110,2743,337,4764,0.3689,115,1235,6298.0,7335.0,0,1285,3130,4807,4672,4807,716,1235,23,136,41,30,40,28,67,94,52,54,55,14,174,58,166,78,104,131,122,30,4807,504,377,1235,1285
06037405500,664000,1869,2071,31,31,97,23,532,107,110,115,67,1302,127,2988,742,6333,0.4293,37,1834,8228.0,10576.0,0,1930,4328,6333,5664,6219,1075,1834,6,69,147,66,36,24,73,248,104,77,69,124,192,247,182,139,227,247,226,90,6333,682,563,1834,1930
06037405600,661000,935,2269,27,38,16,49,472,258,95,104,67,1234,161,3165,294,5598,0.3981,136,1706,7813.0,9911.0,0,1740,3722,5613,5165,5597,950,1706,80,134,101,41,30,32,90,91,113,106,24,132,176,128,114,146,99,184,51,66,5613,622,549,1706,1740
06037405701,562700,1986,2269,0,100,49,88,386,135,80,27,122,681,212,2205,339,3839,0.35,38,1067,4056.0,5656.0,0,1099,2200,3839,3361,3827,530,1067,20,52,68,56,42,0,41,59,94,40,0,10,72,100,236,153,58,179,120,52,3839,367,268,1067,1099
06037405702,558500,1718,2206,74,194,0,11,496,115,73,122,74,992,178,2960,369,5319,0.3125,85,1488,5569.0,7612.0,0,1581,3703,5319,5010,5306,882,1488,55,11,71,75,16,0,31,46,90,63,82,121,81,83,193,136,64,185,144,154,5319,387,514,1488,1581
06037405800,528200,2195,2102,78,30,118,103,552,123,101,110,83,1162,77,3085,288,5590,0.3709,116,1714,6391.0,8523.0,0,1768,3591,5590,5170,5565,863,1714,52,30,48,36,57,22,71,65,125,54,68,62,163,213,149,33,306,62,173,109,5590,575,534,1714,1768
06037405900,594800,1767,2183,12,24,16,44,385,127,91,39,47,900,86,2321,100,4207,0.4086,5,1285,5551.0,7326.0,21,1362,2835,4212,3917,4202,534,1285,24,38,80,39,46,12,42,42,37,17,72,53,110,84,126,28,303,60,75,54,4212,508,358,1285,1362
06037406000,628900,2143,2018,11,44,7,58,420,105,121,124,82,1113,164,3011,336,5234,0.3579,49,1533,6879.0,9281.0,0,1630,3441,5345,5117,5296,848,1533,35,91,39,103,3,14,39,33,123,83,50,65,194,240,143,147,83,187,172,40,5345,729,285,1533,1630
06037406101,659700,1600,2599,70,187,40,79,742,47,8,34,36,480,121,2129,82,3040,0.5028,85,1222,2879.0,5900.0,40,1249,1913,3125,2779,3074,461,1222,102,30,58,11,5,10,17,12,33,20,60,41,105,13,41,159,95,56,66,52,3125,302,178,1222,1249
06037406103,648500,1633,2203,298,164,186,192,1861,111,71,34,75,859,338,4809,1047,8044,0.4735,107,2720,5001.0,12191.0,0,2871,5367,8173,7161,8058,1248,2720,48,52,52,210,56,44,54,85,147,94,119,43,188,243,178,281,144,96,213,252,8173,414,376,2720,2871
06037406201,626400,1269,2446,0,39,190,120,926,23,92,62,0,339,125,1695,666,3408,0.4768,22,1265,2239.0,5461.0,0,1302,2399,3505,3078,3490,576,1265,0,43,128,67,37,60,51,31,22,170,87,130,129,27,13,12,15,171,215,59,3505,133,171,1265,1302
06037406300,1031700,1957,2873,131,70,138,40,615,154,46,43,87,1262,161,3157,348,6131,0.4983,66,1877,9773.0,12271.0,0,1995,2330,6131,5172,6060,1050,1877,55,65,102,71,140,25,89,125,126,133,288,84,189,158,180,154,152,94,111,66,6131,1011,226,1877,1995
06037406413,735700,2083,2284,6,26,21,60,382,229,135,154,103,1706,400,3360,474,6473,0.4719,68,2088,11182.0,13029.0,0,2152,3498,6473,6180,6464,1030,2088,84,122,115,105,113,66,106,84,159,93,70,226,128,116,112,237,106,113,189,128,6473,1125,537,2088,2152
06037406500,648100,2228,2312,32,0,133,63,675,121,132,177,117,1306,402,4302,639,7477,0.4088,147,1981,7671.0,10185.0,0,2128,4360,7682,7502,7681,1206,1981,46,136,31,105,71,13,130,134,100,129,13,35,218,614,236,47,211,198,141,208,7682,582,627,1981,2128
06037406601,691700,2369,2014,59,76,24,31,320,93,81,54,86,1150,183,2420,685,4915,0.4466,138,1470,7479.0,9114.0,0,1538,2179,4923,4633,4906,784,1470,31,79,65,49,22,25,52,80,68,98,117,143,163,60,173,97,97,149,280,47,4923,709,384,1470,1538
06037406602,661400,1772,2018,51,77,10,32,321,50,174,37,12,937,118,2326,628,4846,0.4056,88,1258,5372.0,6927.0,0,1258,3219,4846,4723,4806,802,1258,9,82,58,25,7,204,60,43,133,70,54,54,68,196,135,80,49,100,91,136,4846,433,409,1258,1258
06037406701,669000,2375,2367,49,19,11,46,371,9,47,44,26,566,124,1926,149,3348,0.3761,29,937,3905.0,5553.0,0,974,2348,3357,3069,3330,430,937,26,96,102,42,11,15,22,45,41,78,12,57,55,78,180,33,45,50,96,52,3357,271,280,937,974
06037406702,636600,2280,1783,111,46,118,132,1146,41,176,43,37,955,340,3374,598,6313,0.4091,186,2101,5755.0,10193.0,36,2250,3429,6512,5785,6484,955,2101,26,65,135,61,68,18,72,85,115,32,106,210,211,98,189,137,176,187,187,66,6512,598,314,2101,2250
06037406801,654000,2673,2176,8,117,29,84,320,190,87,69,79,997,200,2392,276,4772,0.3367,33,1317,6061.0,7571.0,0,1363,3197,4932,4690,4876,706,1317,150,49,62,20,96,65,28,105,110,80,85,64,54,275,174,73,76,71,117,84,4932,465,484,1317,1363
06037406903,576600,1546,1961,54,18,79,171,828,203,105,77,57,1306,232,3554,1235,7655,0.4401,66,2134,7992.0,11508.0,0,2185,5964,7708,7477,7673,1263,2134,61,167,148,61,117,54,84,125,236,200,150,90,179,163,520,60,144,398,236,167,7708,574,669,2134,2185
06037407001,572800,1900,1930,30,34,8,21,205,69,85,95,63,1036,251,3121,762,5950,0.4288,58,1241,6138.0,7031.0,0,1294,5217,5971,5724,5850,689,1241,22,80,150,68,28,19,131,96,153,151,27,73,239,105,64,74,144,189,185,135,5971,464,381,1241,1294
06037407002,601600,2150,1744,17,8,0,0,101,70,87,35,45,617,167,1773,395,3478,0.3751,22,718,3720.0,4241.0,0,775,2977,3490,3325,3468,441,718,40,52,40,34,31,39,5,38,72,25,46,65,97,93,120,79,67,55,71,85,3490,227,272,718,775
06037407101,536400,1744,1540,45,88,53,77,482,89,14,14,19,630,26,2243,519,4633,0.3694,55,1112,3536.0,5411.0,0,1120,4229,4633,4171,4621,476,1112,27,25,29,56,36,25,19,19,58,56,72,20,71,90,321,58,144,126,128,189,4633,246,283,1112,1120
06037407102,586000,1955,1889,42,17,9,54,276,136,70,47,60,1030,108,2693,258,5332,0.3572,90,1306,6083.0,7443.0,0,1360,4410,5332,5029,5244,778,1306,92,133,80,19,48,64,17,106,46,64,44,38,91,120,192,67,141,182,89,100,5332,466,459,1306,1360
06037407201,512700,-666666666,1607,60,45,7,37,297,66,56,90,41,541,155,1882,177,3568,0.3735,61,838,3112.0,4642.0,0,838,3135,3571,3485,3562,402,838,37,12,60,56,9,0,37,15,20,10,18,34,61,116,172,96,26,41,127,130,3571,149,297,838,838
06037407202,600300,1912,1027,0,0,0,9,116,95,35,28,9,650,81,1459,560,2993,0.4627,157,766,3839.0,4574.0,0,808,2336,3035,2928,3026,566,766,37,79,28,15,131,37,75,169,39,20,37,0,52,95,121,46,92,109,59,16,3035,191,423,766,808
06037407301,589100,2573,1819,7,20,12,53,223,42,95,84,54,704,139,1971,196,3878,0.3867,43,927,4184.0,5501.0,0,981,2814,3889,3626,3843,554,927,46,50,146,66,14,25,23,73,70,62,33,51,96,137,196,91,92,128,85,8,3889,339,350,927,981
06037407302,532800,2579,1982,11,0,18,74,182,87,41,46,17,611,102,1563,531,3421,0.3929,11,793,3450.0,4426.0,0,793,2777,3421,3117,3366,426,793,0,59,17,47,11,21,63,33,124,31,5,28,24,174,352,159,123,74,143,61,3421,267,275,793,793
06037407400,645200,2808,1471,5,16,0,3,100,72,15,54,33,436,81,1064,57,1989,0.325,4,536,2606.0,3103.0,0,569,1215,1989,1806,1989,335,536,50,3,57,17,41,18,8,13,36,66,0,9,0,119,60,25,14,64,83,76,1989,135,289,536,569
06037407501,596400,1817,1431,22,26,36,26,437,99,5,32,4,531,53,1799,285,3919,0.3484,4,968,3052.0,4934.0,0,1038,2554,3919,3720,3873,547,968,51,48,34,40,57,10,45,97,86,92,67,19,146,185,152,71,74,84,145,59,3919,235,202,968,1038
06037407502,605400,1946,1172,19,54,42,15,306,53,34,40,20,527,146,2333,335,4001,0.4687,29,833,3209.0,4724.0,0,867,3482,4007,3836,3999,491,833,19,10,47,31,13,30,42,41,28,49,46,8,56,135,132,63,29,71,125,129,4007,166,269,833,867
06037407601,500000,1466,1915,30,104,81,40,694,82,83,0,0,356,114,2016,452,3922,0.3869,0,1050,2044.0,4564.0,12,1050,3168,3922,3088,3855,573,1050,0,46,49,26,66,28,23,20,87,41,14,0,107,114,192,78,94,182,102,42,3922,116,186,1050,1050
06037407602,579700,1811,1838,107,18,25,34,288,43,107,122,22,757,315,2287,390,4126,0.343,68,1045,4420.0,5769.0,10,1056,3278,4126,3677,4120,556,1045,63,30,41,36,32,20,40,111,41,80,12,20,11,44,205,117,58,144,232,71,4126,317,355,1045,1056
06037407701,556400,1470,1890,0,125,89,27,662,36,68,13,46,429,148,2189,547,4327,0.4133,42,1091,2499.0,5235.0,0,1169,3357,4355,4109,4307,605,1091,45,43,41,29,30,34,66,89,45,55,22,87,176,202,98,146,51,109,138,97,4355,179,204,1091,1169
06037407702,551300,1966,1400,73,6,33,0,399,133,55,189,43,1384,150,3506,427,6579,0.3719,64,1783,7942.0,10155.0,0,1819,4908,6635,6385,6599,1101,1783,62,20,53,100,44,19,0,153,88,142,60,87,92,208,172,170,254,219,152,71,6635,638,641,1783,1819
06037407801,548900,2389,1676,31,6,29,6,259,43,61,56,72,753,292,2890,525,5142,0.4991,77,1012,4526.0,6004.0,0,1052,2956,5157,4991,5148,550,1012,63,35,113,12,43,52,67,86,141,78,51,9,128,108,190,58,198,81,130,46,5157,347,277,1012,1052
06037407802,577900,2385,2217,18,37,42,10,159,31,110,111,49,611,125,1913,227,3348,0.3104,19,770,3616.0,4519.0,0,788,2593,3386,3158,3377,480,770,18,19,54,49,19,37,29,64,77,4,31,31,62,126,95,106,36,78,71,64,3386,238,303,770,788
06037407901,607300,2167,1910,0,0,34,0,112,142,68,118,88,785,73,2252,177,4369,0.3524,55,897,4871.0,5475.0,0,921,3638,4374,4206,4347,560,897,30,69,97,30,6,0,26,107,84,42,36,28,68,224,312,157,73,36,150,80,4374,294,360,897,921
06037407902,567800,1828,1472,16,0,0,0,108,57,6,5,26,399,58,815,135,1539,0.3835,0,507,2398.0,2970.0,0,546,760,1542,1497,1542,242,507,11,38,41,15,8,17,26,30,54,20,28,17,0,0,22,16,12,13,47,45,1542,250,130,507,546
06037408003,621400,2284,1834,34,66,55,8,247,165,79,70,18,965,127,2423,454,4773,0.3602,25,1212,6465.0,7679.0,0,1306,2925,4790,4586,4775,732,1212,139,54,98,36,105,13,44,98,133,164,37,33,135,95,137,85,65,88,235,50,4790,532,389,1212,1306
06037408004,483200,2034,2073,33,43,124,4,391,61,10,61,4,445,74,1367,308,2493,0.4236,4,836,2491.0,4092.0,0,875,891,2497,2124,2438,377,836,0,65,28,15,22,17,42,17,38,23,28,140,103,46,72,42,12,32,70,12,2497,263,182,836,875
06037408005,798000,2089,1815,97,49,27,13,388,157,142,77,79,1302,182,2929,307,5252,0.3815,22,1690,9067.0,11394.0,0,1748,1994,5271,4782,5252,850,1690,33,75,53,45,28,34,54,129,89,72,33,94,98,142,146,77,45,121,241,81,5271,932,345,1690,1748
06037408006,629800,1982,1875,100,118,30,30,614,49,29,8,19,411,166,1912,306,3636,0.3877,100,1025,2479.0,5096.0,0,1047,1413,3717,3316,3677,596,1025,21,40,73,36,0,0,84,27,121,25,41,0,138,61,185,14,149,180,61,102,3717,218,189,1025,1047
06037408133,693100,2101,2618,74,63,161,117,903,137,125,134,13,779,114,3255,728,6223,0.3934,124,1682,4957.0,8511.0,0,1714,3417,6227,5627,6133,838,1682,79,17,48,48,39,16,35,108,130,71,56,91,270,156,147,172,292,406,177,60,6227,405,366,1682,1714
06037408134,613600,2306,2476,68,0,19,7,142,108,99,42,28,698,36,1535,304,2796,0.3961,46,840,4314.0,5075.0,0,867,851,2823,2626,2823,420,840,40,20,119,19,24,42,44,43,170,54,30,49,50,58,45,7,28,40,27,45,2823,520,156,840,867
06037408135,628400,2195,2145,62,60,193,7,616,26,133,47,82,729,151,2279,957,4244,0.466,18,1345,4352.0,7497.0,0,1391,1434,4249,3000,4149,574,1345,76,56,64,108,10,20,70,115,268,16,9,38,99,74,190,39,112,67,156,27,4249,526,191,1345,1391
06037408136,618300,3080,1875,24,0,36,66,179,138,54,77,31,798,140,2122,324,3716,0.3094,32,977,4848.0,5892.0,0,1000,1651,3716,3372,3675,617,977,22,21,87,48,40,70,41,39,73,94,23,64,55,22,85,59,75,32,57,80,3716,412,349,977,1000
06037408137,548300,2191,1190,91,167,81,60,841,81,69,13,23,589,127,2283,514,4202,0.3585,48,1430,3298.0,6533.0,0,1488,1815,4202,3739,4202,626,1430,12,7,53,32,83,0,70,48,85,136,12,32,76,136,90,106,24,138,106,62,4202,360,229,1430,1488
06037408138,327800,1876,1405,46,82,24,0,313,122,79,0,33,915,126,2448,526,4963,0.3204,40,1228,5249.0,6976.0,0,1304,4512,5035,4788,5035,566,1228,85,38,109,18,10,32,52,99,176,41,29,20,146,208,202,93,128,117,280,63,5035,452,369,1228,1304
06037408139,563100,2270,1608,20,40,8,22,188,59,38,52,61,690,236,2309,650,4457,0.3657,43,878,4024.0,5146.0,0,884,4139,4581,4092,4500,528,878,27,51,66,40,47,16,60,66,47,121,35,48,138,210,102,130,158,129,72,128,4581,251,276,878,884
06037408140,520300,1542,1408,35,73,13,11,250,56,50,10,28,569,138,2040,458,3607,0.3604,46,819,3165.0,4621.0,0,858,3329,3639,3465,3619,387,819,7,7,42,88,24,6,53,32,64,38,43,17,129,31,156,147,66,43,230,67,3639,169,321,819,858
06037408141,525400,1868,1865,35,26,0,34,192,97,20,60,24,806,251,2521,884,4609,0.3342,9,998,4571.0,5618.0,0,1023,3950,4692,4533,4565,482,998,82,55,25,44,29,0,34,25,130,81,7,47,107,193,105,56,102,61,298,275,4692,328,347,998,1023
06037408212,643500,2159,1348,21,52,15,15,342,63,63,62,36,1033,109,2259,330,4638,0.4245,36,1375,6276.0,7974.0,0,1388,1479,4641,4300,4611,893,1375,92,55,64,225,62,72,57,61,265,190,29,113,110,190,69,42,81,81,103,181,4641,630,268,1375,1388
06037408213,535000,1907,1530,88,132,39,85,800,27,119,152,51,968,256,3355,681,5798,0.4051,91,1768,5074.0,8914.0,0,1822,1995,5847,5550,5771,928,1768,128,43,120,40,68,51,178,107,105,82,50,86,235,99,90,72,167,98,125,57,5847,596,353,1768,1822
06037408301,592600,1712,1919,10,78,50,22,443,119,54,140,37,1118,360,3499,787,5948,0.3765,16,1561,6130.0,8145.0,0,1619,5116,6016,5767,5975,885,1561,142,87,35,33,73,33,49,115,66,67,47,24,148,56,151,87,111,148,190,127,6016,442,548,1561,1619
06037408302,625300,2329,1496,57,30,22,56,279,65,66,28,86,730,129,1816,223,3589,0.3706,8,1009,4603.0,6008.0,0,1070,2921,3589,3332,3560,640,1009,13,14,15,70,43,33,11,20,64,12,93,7,85,36,174,66,80,189,158,35,3589,451,261,1009,1070
06037408303,716500,2307,2157,10,45,0,6,192,149,69,34,42,1064,76,2172,306,4396,0.4251,118,1256,6687.0,7735.0,0,1285,3443,4502,4108,4362,847,1256,11,20,109,77,63,0,33,84,172,158,29,42,257,60,170,42,149,65,137,67,4502,646,303,1256,1285
06037408401,611000,1838,2216,28,33,62,67,441,83,21,125,32,815,136,2262,395,4430,0.4406,65,1256,4834.0,6638.0,0,1280,2850,4467,4297,4432,620,1256,64,149,54,71,7,58,170,80,119,39,101,136,166,123,113,101,56,34,81,60,4467,312,451,1256,1280
06037408402,725400,2563,1662,0,102,0,8,238,112,100,87,66,1719,114,3355,424,6568,0.347,57,1957,11429.0,12819.0,22,2011,3687,6606,6107,6482,1031,1957,109,73,189,139,63,79,47,174,168,169,202,69,205,122,106,83,105,134,306,143,6606,1021,645,1957,2011
06037408503,876300,3222,2764,57,18,22,18,223,190,110,105,90,1750,182,3338,311,7029,0.4029,93,1973,12414.0,13996.0,0,2063,2361,7037,6792,7026,1472,1973,123,165,193,91,102,107,63,112,192,88,57,113,126,265,130,129,302,368,131,99,7037,1107,618,1973,2063
06037408504,698500,2066,1233,38,82,132,37,601,94,48,7,57,827,225,2793,400,5259,0.4352,82,1428,5512.0,8077.0,16,1552,2743,5262,4835,5177,674,1428,13,27,187,43,48,22,0,137,89,68,89,84,107,53,149,62,237,247,165,35,5262,428,340,1428,1552
06037408505,877500,2536,2510,23,0,17,16,194,38,44,30,14,534,77,1189,325,2524,0.5415,26,728,3660.0,4821.0,0,769,1197,2546,2375,2546,427,728,56,45,61,55,10,54,34,42,65,64,65,43,56,59,72,57,126,36,66,38,2546,370,133,728,769
06037408623,777900,2221,988,50,34,9,27,341,26,20,35,14,653,75,1453,231,3232,0.4077,18,994,3878.0,5734.0,0,1043,569,3232,2732,3179,613,994,9,103,84,62,24,65,47,86,54,69,58,74,79,85,90,78,149,89,73,12,3232,493,129,994,1043
06037408624,790500,1762,1368,0,10,0,14,122,111,41,55,85,875,31,1429,318,3024,0.4059,32,997,5814.0,6385.0,0,1107,845,3027,2901,3027,596,997,19,22,137,45,19,37,17,88,110,52,31,136,24,67,119,80,24,0,82,8,3027,509,344,997,1107
06037408625,837300,2723,2319,10,21,21,0,237,153,108,43,111,1047,28,1919,268,3807,0.408,33,1284,7450.0,8867.0,0,1300,1399,3807,3636,3807,934,1284,59,28,22,181,40,32,20,132,29,173,96,37,77,119,163,94,66,71,87,42,3807,779,268,1284,1300
06037408626,884300,1942,1942,35,85,29,31,432,52,69,28,118,917,94,2141,335,3717,0.5017,32,1349,6334.0,7952.0,0,1561,525,3717,3332,3706,875,1349,81,81,87,53,41,50,61,89,96,65,135,37,112,35,53,50,45,35,136,20,3717,690,203,1349,1561
06037408627,873100,3128,2292,1,23,9,9,116,38,71,44,28,745,64,1548,193,2861,0.3907,23,861,4998.0,5783.0,0,914,656,2861,2667,2829,653,861,22,67,118,49,27,25,26,66,81,55,40,15,43,107,33,50,38,94,75,50,2861,467,275,861,914
06037408628,773600,1747,1308,53,86,43,18,640,111,44,27,38,1208,68,2520,582,5358,0.4435,116,1848,7195.0,9518.0,0,1933,1417,5358,4841,5231,914,1848,86,90,125,55,37,76,156,89,131,90,194,103,103,156,135,56,198,188,131,70,5358,830,336,1848,1933
06037408629,787100,2357,1469,0,15,15,7,131,10,33,75,42,801,135,1679,373,3035,0.3965,60,932,5069.0,5880.0,0,1003,943,3053,2812,3027,554,932,75,20,52,62,63,16,39,63,119,95,63,52,47,34,77,36,52,67,62,51,3053,471,324,932,1003
06037408631,621900,2070,2315,76,7,11,81,367,63,231,47,62,1069,205,2675,1075,5149,0.449,133,1436,6437.0,8580.0,0,1505,2566,5195,4776,5132,847,1436,70,53,53,11,63,40,19,130,62,75,19,102,50,170,70,100,88,182,265,82,5195,582,378,1436,1505
06037408703,1102200,3501,3050,22,50,0,0,126,109,219,106,82,1648,207,2840,423,5714,0.4646,27,1774,12129.0,12967.0,0,1856,899,5743,5198,5674,1284,1774,25,223,118,85,30,90,152,96,137,82,82,123,222,121,150,144,123,27,55,110,5743,1153,495,1774,1856
06037408705,664100,2065,2034,18,90,69,55,432,147,39,95,49,1417,190,2745,585,5516,0.449,39,1849,7982.0,10177.0,0,1871,1221,5580,5143,5541,959,1849,68,233,114,162,42,28,46,97,128,104,66,95,120,183,320,84,88,72,146,26,5580,888,448,1849,1871
06037408707,977300,2163,2365,4,31,59,0,208,233,154,87,72,1929,149,3247,369,6593,0.3551,73,2137,13525.0,14573.0,0,2296,917,6618,6069,6571,1520,2137,98,142,204,153,103,60,208,118,202,156,28,38,105,76,71,114,118,169,325,131,6618,1419,464,2137,2296
06037408722,650000,2510,1424,0,15,0,40,219,72,76,62,71,1041,129,2246,441,4183,0.3721,18,1260,5952.0,7253.0,0,1317,1165,4210,3988,4195,811,1260,117,71,219,82,0,13,47,152,179,20,11,64,93,77,88,35,94,74,70,89,4210,563,389,1260,1317
06037408724,777200,1652,-666666666,164,209,315,164,1571,0,0,9,0,41,242,2913,873,5362,0.3687,136,1612,273.0,5495.0,0,1646,3639,5362,4869,5350,812,1612,19,70,43,33,0,8,56,24,57,11,14,9,262,191,107,166,239,260,209,74,5362,32,9,1612,1646
06037408725,644700,1868,1807,61,75,114,117,842,103,30,115,27,1054,147,3064,591,6049,0.426,46,1896,6273.0,9717.0,22,1953,2007,6075,5724,6043,909,1896,102,121,162,72,34,141,224,146,175,148,106,75,91,65,182,133,154,135,163,94,6075,545,467,1896,1953
06037408800,486700,1766,1591,68,124,130,57,1553,0,38,0,0,232,216,2504,861,4564,0.4991,42,1785,1156.0,5914.0,0,1935,3086,4645,3743,4574,488,1785,28,17,40,0,0,13,0,33,14,0,0,15,200,98,142,51,164,104,133,28,4645,64,89,1785,1935
06037408900,643400,1919,1484,80,58,155,18,855,214,98,105,36,1554,126,2736,471,5754,0.4816,75,2409,9522.0,13226.0,0,2564,2144,5826,5239,5826,1194,2409,62,73,124,200,170,140,117,175,327,190,227,167,121,111,160,106,48,138,209,51,5826,1118,416,2409,2564
06037409000,449800,2092,1399,32,228,121,99,1141,63,353,77,19,1027,218,3999,1863,7408,0.4333,76,2168,5230.0,9863.0,0,2334,5837,7673,6576,7608,1225,2168,174,43,102,42,23,30,53,80,132,59,71,80,251,126,90,171,292,380,260,105,7673,567,318,2168,2334
06037409100,587100,2153,1509,23,35,8,81,444,125,56,54,30,941,212,2685,998,5442,0.4419,82,1385,5960.0,8278.0,0,1436,3234,5470,4877,5433,739,1385,25,88,115,39,34,49,58,165,72,76,24,69,99,135,167,124,216,168,107,100,5470,527,290,1385,1436
06037430003,833900,3283,2648,20,26,10,0,149,204,209,60,49,1467,79,2650,245,4855,0.3293,43,1616,9283.0,10246.0,0,1616,1887,4855,4667,4814,1114,1616,52,52,152,108,57,25,86,60,242,115,34,85,109,97,143,30,68,105,154,108,4855,1067,313,1616,1616
06037430004,608500,1958,2131,34,54,66,12,388,6,97,73,65,679,102,1603,159,3072,0.3806,15,1067,3950.0,5424.0,0,1157,1211,3129,2987,3129,515,1067,69,81,62,30,34,33,12,79,41,71,95,70,178,85,148,30,0,75,9,7,3129,472,162,1067,1157
06037430005,658100,3010,1999,34,162,15,65,392,163,102,110,82,893,188,2177,153,3849,0.3891,56,1285,5159.0,7532.0,0,1384,1690,3849,3309,3766,738,1285,68,44,49,73,30,35,26,31,114,63,40,45,136,171,68,30,140,58,1,66,3849,495,365,1285,1384
06037430101,581600,1511,1744,102,89,156,127,1100,72,41,25,126,796,51,2182,709,4700,0.4679,116,1896,4383.0,8101.0,0,1922,2415,4841,4417,4801,600,1896,29,34,171,37,88,58,66,131,147,120,205,281,100,82,147,77,51,84,90,110,4841,453,321,1896,1922
06037430102,587700,1839,1777,102,33,25,86,540,72,57,63,32,732,234,2636,438,5012,0.3844,62,1272,4153.0,6654.0,0,1303,3647,5012,4439,4937,625,1272,46,158,23,21,91,0,68,120,115,87,108,63,178,71,100,73,166,103,148,71,5012,317,299,1272,1303
06037430200,1727900,3501,4001,17,0,0,4,188,24,15,24,22,269,30,420,52,984,0.529,9,457,2140.0,2970.0,0,551,129,1037,900,1037,220,457,12,3,19,20,18,93,12,11,20,18,57,109,6,17,16,5,22,12,11,1,1037,238,31,457,551
06037430301,1105100,2633,3059,88,40,73,63,354,127,176,76,79,1289,43,2265,288,4540,0.4232,13,1643,8942.0,10781.0,0,1728,1255,4548,4145,4527,1106,1643,55,60,113,63,47,36,31,108,149,68,50,105,109,91,286,59,49,66,125,85,4548,965,324,1643,1728
06037430302,919000,1865,2503,98,85,38,48,701,69,170,53,16,1398,69,2773,420,5050,0.4598,40,2099,9179.0,12793.0,0,2456,1059,5054,4664,5039,1048,2099,93,111,96,79,26,16,12,98,117,104,26,13,103,230,144,90,185,59,205,20,5054,1092,290,2099,2456
06037430400,1592400,1977,2378,0,70,0,25,233,55,96,115,11,1208,16,2273,163,4358,0.4613,18,1441,8515.0,9649.0,0,1564,633,4358,3994,4358,1035,1441,20,116,148,143,0,66,97,162,68,68,13,105,56,48,227,132,29,151,181,49,4358,828,369,1441,1564
06037430501,1188200,2041,3117,153,10,61,11,474,180,200,143,103,1398,88,2678,184,4596,0.3985,10,1872,9489.0,11321.0,0,2062,524,4609,4229,4596,919,1872,19,66,155,96,28,17,57,93,206,134,39,69,83,67,68,134,118,86,85,71,4609,1172,226,1872,2062
06037430502,1102800,1981,3000,178,258,85,295,1722,118,91,71,70,1424,115,3668,500,6528,0.5334,52,3146,9037.0,16483.0,61,3527,1159,6542,5773,6542,1318,3146,76,88,101,204,44,51,11,118,219,118,223,100,251,222,165,43,91,190,313,46,6542,1032,392,3146,3527
06037430600,1915300,3501,2472,42,9,0,9,129,20,56,80,34,1303,59,1843,290,4557,0.3821,11,1432,9749.0,10523.0,0,1571,365,4567,4257,4535,922,1432,51,119,114,75,66,91,49,94,98,46,78,109,128,146,78,95,85,81,364,68,4567,969,298,1432,1571
06037430701,1550500,1967,2213,96,73,174,45,840,34,100,56,71,1064,72,2328,442,5177,0.4452,77,1904,7691.0,11472.0,0,1998,1252,5224,4679,5213,1067,1904,51,137,144,92,54,161,73,86,117,164,52,260,22,107,235,100,139,161,202,105,5224,832,224,1904,1998
06037430721,1166300,1672,3227,54,85,35,37,621,65,51,40,14,673,248,1570,628,3317,0.4876,153,1294,4157.0,6220.0,0,1388,551,3403,3145,3342,673,1294,80,74,46,110,45,5,74,66,108,59,67,108,20,79,159,77,113,48,125,64,3403,480,168,1294,1388
06037430723,698000,1981,1422,92,124,23,205,1193,75,93,21,77,687,193,2607,374,4967,0.4292,21,1880,3380.0,8493.0,0,1987,1314,4967,4361,4931,755,1880,22,36,9,90,12,28,15,21,68,124,27,46,149,76,160,121,49,80,318,115,4967,407,271,1880,1987
06037430724,682600,2115,2306,218,303,190,46,1514,18,55,52,32,410,155,2724,542,5150,0.3503,81,1924,1964.0,7819.0,0,2218,1115,5190,4223,5169,796,1924,0,82,133,45,51,23,35,32,49,99,0,11,72,184,336,44,94,236,95,62,5190,218,149,1924,2218
06037430801,865200,1903,2583,90,162,211,11,1123,162,104,131,50,1096,248,3594,551,6824,0.4053,0,2219,6458.0,10952.0,46,2389,1674,6867,6205,6849,970,2219,38,88,80,52,42,0,104,20,203,0,41,76,197,188,299,93,184,328,339,174,6867,629,454,2219,2389
06037430802,1434700,1939,3732,0,0,11,30,248,88,95,29,80,1081,142,1978,663,4199,0.4573,30,1329,7564.0,9001.0,0,1407,428,4199,3794,4132,981,1329,28,104,67,33,14,43,92,55,84,88,81,20,50,184,93,47,51,181,218,136,4199,682,399,1329,1407
06037430803,1206000,1981,1967,88,41,48,23,575,86,49,98,87,1270,73,2338,255,5012,0.4509,53,1845,9272.0,12425.0,12,1961,720,5012,4594,4954,1232,1845,68,112,193,105,80,107,119,122,112,60,133,60,78,160,164,96,124,55,68,51,5012,1084,167,1845,1961
06037430901,719100,1901,1900,155,111,92,67,1092,31,77,9,10,429,193,2423,488,4346,0.4026,53,1521,2446.0,7026.0,0,1574,2448,4389,3858,4351,655,1521,27,0,47,37,19,0,15,21,21,60,65,52,211,85,180,162,55,171,161,37,4389,282,116,1521,1574
06037430902,750700,2179,2022,203,125,167,97,1307,66,71,30,14,581,160,2892,303,5177,0.3611,108,1888,3224.0,8921.0,0,1942,2406,5304,4413,5228,637,1888,47,23,50,23,9,93,29,27,106,109,41,61,81,197,155,80,290,131,150,153,5304,453,111,1888,1942
06037431002,821100,1225,1245,23,24,42,41,477,51,49,10,19,739,87,1570,183,2902,0.5393,8,1216,4371.0,6123.0,0,1278,1026,2907,2520,2902,541,1216,29,105,66,41,0,41,5,98,105,69,31,51,85,61,73,66,88,47,38,8,2907,564,175,1216,1278
06037431003,776300,1934,2213,171,98,74,79,1072,12,83,14,14,464,91,2230,1160,4692,0.3779,41,1536,2507.0,7439.0,0,1638,2661,4705,4320,4643,663,1536,49,0,40,19,22,44,79,0,43,9,0,17,140,245,154,122,196,243,247,51,4705,287,177,1536,1638
06037431004,672600,1877,1681,75,196,114,34,797,140,9,22,27,399,242,2117,217,3462,0.3841,87,1196,2269.0,6032.0,0,1318,2305,3462,3153,3409,534,1196,17,0,0,61,0,12,18,77,42,58,39,0,12,112,69,69,79,114,169,109,3462,350,49,1196,1318
06037431100,664800,1978,2431,312,150,46,212,1303,240,120,113,70,1042,274,4162,610,7059,0.4086,25,2345,6153.0,11407.0,13,2399,3689,7062,6619,7025,880,2345,53,67,71,40,32,10,73,162,56,32,55,123,367,194,298,212,27,154,218,147,7062,599,288,2345,2399
06037431200,638800,1626,1917,57,57,49,56,549,77,107,124,78,992,199,3112,588,6085,0.3833,57,1541,5573.0,8034.0,20,1541,4619,6276,5921,6251,848,1541,28,56,54,82,72,6,46,71,143,69,28,80,124,186,307,270,124,79,205,111,6276,490,405,1541,1541
06037431300,807300,2091,2632,74,11,19,8,277,76,66,63,43,568,77,1503,198,2542,0.3958,38,845,3467.0,4685.0,0,915,1144,2543,2374,2486,498,845,46,62,81,4,24,0,79,49,66,17,12,8,78,96,67,37,57,82,46,8,2543,399,169,845,915
06037431400,850100,1697,1861,0,10,99,55,382,117,102,46,26,940,75,1811,375,3738,0.4151,53,1322,5884.0,7747.0,9,1374,1476,3738,3460,3718,577,1322,79,40,169,80,21,83,99,142,187,137,47,50,0,233,34,30,135,86,131,48,3738,614,258,1322,1374
06037431501,681700,1652,1663,15,54,83,60,709,67,94,30,55,836,14,1854,466,3970,0.4511,61,1545,4678.0,7642.0,6,1604,1355,4068,3570,3964,775,1545,50,60,129,56,69,36,49,141,129,99,91,81,214,51,108,74,99,76,142,36,4068,589,202,1545,1604
06037431502,843900,2336,1978,43,26,82,0,498,93,33,43,88,918,77,2330,589,4373,0.4789,41,1416,5759.0,8350.0,0,1448,1497,4430,3658,4403,770,1416,34,55,107,111,10,0,8,58,170,117,31,84,95,147,94,88,136,76,110,22,4430,595,295,1416,1448
06037431600,1466200,2325,1746,49,10,14,28,326,54,97,9,31,989,59,1764,144,3755,0.5186,14,1315,6589.0,8165.0,0,1474,371,3810,3497,3796,792,1315,43,121,104,52,33,42,53,105,76,67,44,151,54,103,108,40,133,68,199,87,3810,800,178,1315,1474
06037431701,1920000,2501,3643,125,53,0,137,716,48,66,101,135,1383,128,2973,557,6343,0.5724,54,2099,10538.0,14154.0,0,2323,329,6343,5942,6198,1271,2099,0,221,127,242,20,261,61,71,98,132,200,79,169,149,226,85,255,188,227,40,6343,1025,358,2099,2323
06037431800,858900,2115,939,106,113,51,93,910,45,84,47,36,904,65,2272,453,4798,0.4462,15,1814,5316.0,9478.0,0,2037,695,5040,4306,5040,1029,1814,117,57,189,134,24,70,97,138,259,40,60,280,83,44,153,59,67,100,100,117,5040,674,203,1814,2037
06037431900,983700,1777,1479,16,69,45,100,790,18,45,38,69,573,207,2059,342,3615,0.443,42,1363,3352.0,6793.0,0,1541,644,3615,3380,3601,586,1363,13,21,66,96,40,27,11,84,191,23,47,89,32,74,6,66,65,141,172,75,3615,345,223,1363,1541
06037432001,866700,2450,1075,13,0,7,12,178,34,30,27,0,436,82,976,117,1872,0.3769,22,614,2720.0,3534.0,0,630,200,2231,2090,2231,440,614,47,30,47,19,37,40,0,55,89,60,110,133,0,11,25,21,27,86,28,51,2231,294,142,614,630
06037432002,900600,1724,1832,41,134,92,55,847,120,58,28,31,1035,207,2701,611,5354,0.4735,69,1882,6334.0,9926.0,0,1941,1007,5354,4890,5336,1062,1882,65,144,103,102,30,34,30,140,102,52,104,53,84,205,154,104,102,143,205,176,5354,652,359,1882,1941
06037432101,810600,2484,2412,8,99,50,33,338,118,133,76,74,1088,132,2702,283,4782,0.3378,50,1426,6781.0,8489.0,0,1496,826,4813,4416,4752,800,1426,35,39,94,0,19,11,93,82,125,23,58,102,157,151,213,62,112,180,110,54,4813,683,299,1426,1496
06037432102,867800,2619,2371,19,17,33,15,300,136,88,136,96,1453,83,2757,394,5717,0.458,40,1753,8956.0,10585.0,0,1894,693,5736,5408,5657,1129,1753,80,80,105,22,85,24,28,91,191,71,84,117,254,219,313,83,100,137,234,103,5736,922,475,1753,1894
06037432201,688900,1838,2320,35,67,18,240,564,79,83,35,11,775,58,2542,419,4347,0.4055,9,1339,4376.0,6910.0,0,1418,567,4500,4263,4489,542,1339,15,67,53,212,45,24,39,68,181,77,78,129,80,104,92,167,87,88,41,24,4500,383,352,1339,1418
06037432202,724900,1603,1107,68,26,56,0,461,59,13,30,22,674,122,1916,302,3907,0.4429,8,1135,4036.0,6085.0,0,1221,1245,3922,3796,3904,554,1135,51,49,112,56,33,123,66,75,150,62,50,39,99,133,102,30,113,62,92,55,3922,302,356,1135,1221
06037432300,595800,2077,1813,46,76,56,33,557,57,70,24,24,578,138,1810,542,3914,0.3952,73,1135,3293.0,5640.0,0,1135,1953,3922,3481,3922,607,1135,20,74,84,109,13,35,80,52,43,91,28,52,234,207,133,104,86,133,105,49,3922,315,228,1135,1135
06037432401,670600,1753,1510,20,135,111,29,553,61,0,48,4,487,61,1859,367,3865,0.3681,31,1040,2570.0,4876.0,0,1054,2356,3951,3708,3882,554,1040,84,67,57,16,6,52,43,87,40,33,55,49,93,116,132,130,175,159,103,90,3951,243,226,1040,1054
06037432402,626400,1609,1489,82,180,18,64,1080,21,27,106,18,539,168,2661,962,5441,0.3856,191,1619,3084.0,7234.0,0,1710,3311,5480,5141,5394,561,1619,50,33,88,104,46,20,109,77,75,88,53,76,228,164,196,181,204,127,138,108,5480,281,145,1619,1710
06037432501,562300,1786,1248,38,38,147,59,594,50,94,36,0,727,47,1956,423,4296,0.4995,79,1321,3453.0,5842.0,0,1367,2077,4450,4079,4367,631,1321,78,34,57,81,17,6,20,80,145,213,34,88,98,43,260,69,125,135,201,76,4450,313,328,1321,1367
06037432502,697800,1845,1729,47,36,46,17,234,130,3,40,49,724,157,2386,164,3976,0.411,118,958,4068.0,5293.0,0,966,2626,4024,3738,4024,460,958,30,81,34,73,9,0,107,71,74,41,36,20,243,65,56,24,46,63,53,64,4024,260,441,958,966
06037432601,655200,1753,2227,91,112,100,119,1083,49,54,51,32,753,112,3000,1094,6489,0.4078,258,1836,4664.0,9188.0,0,1907,4012,6489,6290,6470,943,1836,57,276,95,32,49,23,0,77,76,113,34,17,193,238,230,150,76,301,237,127,6489,456,225,1836,1907
06037432602,654800,1757,1232,55,21,46,0,461,17,9,37,76,682,156,2271,679,4474,0.4505,52,1143,3991.0,6228.0,0,1162,2419,4478,4416,4478,646,1143,15,106,137,36,22,78,66,108,104,20,40,182,188,137,158,72,10,95,134,130,4478,315,346,1143,1162
06037432700,608900,1492,915,121,38,165,61,871,37,35,27,17,527,149,2555,625,4772,0.3684,75,1398,2917.0,6408.0,0,1555,3347,4808,4447,4733,670,1398,47,26,64,43,52,7,85,123,63,33,13,29,115,216,124,101,106,155,167,173,4808,254,245,1398,1555
06037432801,545900,839,-666666666,56,35,94,17,612,19,25,4,0,231,41,1008,558,2401,0.5097,65,843,1144.0,3093.0,0,910,1456,2401,2315,2401,321,843,23,37,92,30,75,76,43,37,91,48,117,117,81,26,43,32,40,42,55,53,2401,53,150,843,910
06037432802,488200,1602,507,127,174,145,91,1313,13,13,0,0,183,415,2733,1395,5490,0.4158,181,1496,828.0,6555.0,29,1568,4367,5523,5083,5466,386,1496,4,47,100,122,0,19,22,11,100,36,13,28,278,163,81,127,212,158,168,84,5523,33,150,1496,1568
06037432901,713400,1616,1375,84,0,131,51,620,29,84,49,10,521,88,2175,491,4006,0.3756,36,1141,2959.0,5256.0,0,1278,1556,4034,3963,4034,661,1141,46,62,13,40,30,18,75,60,51,28,31,53,94,59,156,58,30,36,204,127,4034,187,298,1141,1278
06037432902,687200,1755,1597,36,42,4,15,227,28,51,4,41,569,109,1486,243,2938,0.3873,20,796,3227.0,4236.0,4,896,995,3026,2959,3026,495,796,60,34,103,28,45,44,75,56,73,68,48,57,94,50,77,134,11,70,115,46,3026,226,311,796,896
06037433103,555200,1545,1257,73,122,81,128,1011,94,43,21,14,905,326,3693,1134,7125,0.4407,172,1916,4649.0,8499.0,0,1956,3786,7149,6795,7097,1018,1916,110,69,116,76,36,37,105,147,137,88,95,69,214,154,156,151,107,82,198,144,7149,397,335,1916,1956
06037433200,588200,1385,1694,71,26,112,119,831,18,61,92,0,839,193,2980,734,5885,0.3942,59,1670,5005.0,7797.0,0,1773,3739,5981,5683,5944,966,1670,41,122,29,88,76,48,131,81,103,90,44,112,114,147,67,177,199,149,193,168,5981,408,370,1670,1773
06037433302,609400,1503,-666666666,66,34,77,27,384,0,0,7,0,111,35,897,165,1867,0.5559,12,495,490.0,1958.0,0,506,1165,1867,1563,1859,244,495,15,27,7,0,0,29,14,27,25,20,19,6,68,73,66,32,64,34,36,21,1867,74,19,495,506
06037433304,616500,1484,-666666666,38,145,71,24,930,45,26,7,0,265,155,1946,895,4163,0.5252,72,1195,1378.0,4751.0,0,1213,2967,4320,3862,4296,452,1195,73,20,81,33,41,26,45,47,70,55,15,79,124,78,293,133,48,181,140,91,4320,136,114,1195,1213
06037433305,533700,1663,2180,48,201,179,172,1159,9,0,16,0,119,92,1928,1194,4585,0.411,263,1278,661.0,5196.0,0,1299,3480,4614,4105,4551,442,1278,59,85,140,41,8,113,72,55,40,18,98,100,150,84,131,127,170,92,196,105,4614,37,79,1278,1299
06037433306,579600,1638,1759,39,43,62,32,424,14,31,51,0,392,61,1474,667,2985,0.461,82,816,2266.0,4263.0,0,843,1821,3137,2978,3137,291,816,31,32,55,24,21,48,18,50,102,35,35,79,35,47,65,23,10,182,145,44,3137,224,168,816,843
06037433307,513800,1857,1222,10,33,47,0,445,8,12,28,22,380,77,1513,546,2781,0.4414,79,825,1973.0,4010.0,0,839,1594,2798,2653,2784,404,825,12,28,53,42,59,18,34,64,57,34,40,16,51,100,155,45,52,6,131,87,2798,176,189,825,839
06037433402,610300,1535,-666666666,146,107,33,75,823,7,93,10,6,366,182,2500,622,4557,0.4135,75,1189,1945.0,5403.0,0,1194,3086,4627,4390,4600,498,1189,0,85,128,18,48,0,65,98,110,105,54,19,74,84,198,125,59,136,192,80,4627,178,188,1189,1194
06037433403,603200,1455,2127,97,44,130,73,930,25,4,59,0,327,84,2414,992,5141,0.3701,41,1257,1713.0,4932.0,0,1257,3904,5141,4556,5097,651,1257,114,97,19,26,4,8,35,61,87,43,0,0,234,174,276,71,163,334,220,111,5141,85,184,1257,1257
06037433505,617300,1648,1281,31,100,99,46,722,25,12,0,12,391,280,2224,865,4390,0.465,54,1113,2000.0,5170.0,0,1159,2750,4390,3904,4343,588,1113,13,47,48,48,11,26,51,142,38,24,41,3,74,157,161,107,132,116,182,49,4390,128,217,1113,1159
06037433506,524200,1404,933,62,66,89,117,845,27,22,0,13,224,233,1583,1153,3763,0.4397,37,1069,1015.0,4171.0,58,1074,3244,3838,3564,3812,348,1069,14,51,82,19,16,16,30,10,64,57,9,44,104,41,275,158,85,71,131,111,3838,41,141,1069,1074
06037433601,666200,1691,-666666666,32,37,103,0,747,33,23,26,74,563,163,2335,441,5121,0.3952,83,1310,3120.0,6597.0,0,1329,1358,5121,4615,5040,796,1310,62,33,68,128,64,101,132,39,144,70,51,148,161,105,104,87,146,86,61,65,5121,171,313,1310,1329
06037433602,607700,1696,1290,36,59,30,47,376,11,35,58,0,425,97,1222,526,2757,0.4699,73,801,2206.0,3754.0,0,851,849,2757,2461,2707,477,801,34,27,17,82,34,19,62,37,128,39,20,42,43,33,162,71,65,33,47,51,2757,152,236,801,851
06037433803,592400,1891,1593,3,23,12,42,199,68,85,34,45,659,78,1500,502,3181,0.3389,70,858,3647.0,4625.0,0,884,2402,3181,3066,3141,496,858,24,40,31,29,87,5,43,43,74,42,90,65,92,25,168,84,90,61,44,86,3181,301,293,858,884
06037433804,382100,1872,1612,19,95,105,29,704,9,18,98,0,354,132,2247,1545,4612,0.3885,148,1058,1866.0,4746.0,0,1071,3931,4660,3969,4566,445,1058,40,27,59,16,26,0,34,0,63,56,15,33,201,183,195,138,319,69,93,86,4660,188,114,1058,1071
06037433901,579200,1635,1729,158,47,151,45,998,6,30,4,6,380,329,3295,1141,5537,0.3515,105,1378,2007.0,5893.0,17,1395,4203,5556,5032,5448,602,1378,36,8,37,93,0,16,4,81,23,17,38,81,131,188,167,83,221,88,210,60,5556,159,143,1378,1395
06037433903,573700,1497,650,100,62,37,48,835,21,68,46,7,612,109,2356,1191,5139,0.3948,68,1447,3177.0,6582.0,0,1560,4563,5146,4774,5020,626,1447,32,40,38,6,37,39,39,19,34,28,23,94,341,64,115,130,264,123,221,54,5146,341,215,1447,1560
06037434001,476500,1826,1255,0,57,25,21,339,21,29,27,40,678,257,2256,631,4260,0.344,104,1017,3889.0,5718.0,0,1080,3221,4381,3980,4294,631,1017,21,66,38,69,34,11,35,60,66,21,32,57,171,123,201,77,200,144,152,169,4381,268,326,1017,1080
06037434003,588600,1413,1442,86,38,68,108,556,25,39,6,17,396,127,2002,576,3827,0.4074,50,952,2038.0,4229.0,0,996,3367,3886,3420,3844,446,952,46,24,50,66,5,31,54,80,42,56,20,0,171,99,65,114,28,142,180,84,3886,97,182,952,996
06037434004,623000,1662,1535,45,58,28,18,273,46,47,30,5,437,43,1492,277,3109,0.3835,56,710,2252.0,3489.0,0,710,2433,3109,2757,3090,405,710,59,51,18,54,17,131,41,39,144,26,33,76,140,85,77,42,67,76,91,30,3109,86,316,710,710
06037434100,596200,1754,1765,105,15,78,33,683,134,36,81,25,904,160,3084,882,6089,0.4012,39,1587,5028.0,7914.0,0,1632,4492,6102,5591,6072,840,1587,43,56,155,22,57,38,87,46,128,70,63,136,111,121,275,156,104,167,129,265,6102,321,516,1587,1632
06037460001,2000001,2370,3194,15,0,0,5,37,29,7,79,95,614,35,980,9,1891,0.4715,5,651,4618.0,4828.0,0,651,147,1918,1796,1913,534,651,42,57,41,20,29,50,18,50,45,27,62,11,113,136,55,33,34,40,23,3,1918,538,76,651,651
06037460002,1137900,3501,2942,7,40,0,22,123,177,83,87,65,948,40,1471,112,2782,0.3618,16,1071,6170.0,7032.0,0,1115,423,2782,2643,2776,711,1071,61,62,104,25,37,70,55,72,76,78,28,30,68,103,63,11,33,130,57,32,2782,764,178,1071,1115
06037460101,1334700,2217,3022,0,14,18,66,214,227,201,106,12,2099,217,3264,127,5817,0.4898,25,2313,15595.0,16490.0,0,2431,604,5817,5462,5790,1436,2313,51,85,253,78,60,257,22,117,216,195,207,0,146,80,110,106,79,133,17,27,5817,1894,205,2313,2431
06037460200,1133200,2289,3410,13,27,47,43,301,269,207,98,175,1535,294,3147,579,5780,0.395,84,1836,10415.0,11835.0,0,1965,1707,5785,5368,5735,867,1836,25,20,129,105,141,38,22,69,42,323,122,57,208,167,127,2,210,208,227,129,5785,1087,389,1836,1965
06037460301,1015800,2625,3243,61,19,15,0,275,146,150,71,44,1168,149,2671,410,4653,0.4132,87,1443,7798.0,9304.0,0,1614,815,4797,4211,4756,845,1443,25,76,62,33,75,30,59,132,116,28,36,71,180,127,215,26,119,172,257,83,4797,836,269,1443,1614
06037460302,764300,2203,2214,6,0,46,48,398,148,59,15,84,1214,324,2321,455,4227,0.4949,6,1612,6788.0,8755.0,0,1644,1649,4257,3873,4224,471,1612,48,35,67,50,0,34,66,261,102,5,59,39,148,49,169,123,90,49,221,128,4257,780,421,1612,1644
06037460401,1003100,2153,2806,32,0,12,16,154,19,18,15,10,204,67,655,45,1000,0.3954,0,358,1328.0,2112.0,0,392,180,1000,812,982,198,358,15,10,15,17,3,4,7,12,22,17,0,4,13,52,9,10,23,12,14,24,1000,146,58,358,392
06037460501,2000001,3501,3947,0,8,23,10,155,169,114,73,88,1582,152,2161,194,5294,0.4503,7,1737,12491.0,13446.0,0,1916,315,5306,4599,5289,1327,1737,80,67,112,69,109,29,65,113,131,105,120,57,134,206,260,191,56,221,220,188,5306,1213,360,1737,1916
06037460502,1817700,3501,3801,0,13,16,0,122,207,58,115,66,1345,120,2320,78,4759,0.3963,43,1467,10220.0,10880.0,0,1555,423,4771,4544,4766,1205,1467,57,67,120,43,26,19,52,44,73,85,39,43,31,216,208,112,243,125,208,257,4771,889,455,1467,1555
06037460601,1863200,2617,4001,55,18,8,28,337,110,177,80,90,1372,94,2448,162,5199,0.4873,12,1709,9887.0,11524.0,0,1853,751,5199,4815,5167,1233,1709,58,97,165,90,59,37,33,124,196,111,18,57,158,161,281,123,140,95,242,141,5199,930,408,1709,1853
06037460700,2000001,2800,4001,7,0,0,0,98,155,106,87,75,1440,39,2085,232,5102,0.528,48,1538,12152.0,12759.0,25,1659,515,5102,4199,5102,1298,1538,29,86,79,136,83,76,78,89,192,118,17,102,23,130,240,218,125,178,443,100,5102,1006,434,1538,1659
06037460800,2000001,3435,4001,31,0,0,6,54,113,74,118,72,1120,61,1402,67,2860,0.4516,39,1174,8431.0,8694.0,0,1355,395,2860,2525,2860,802,1174,39,19,107,71,31,93,45,68,121,58,48,128,37,69,98,68,66,41,97,28,2860,948,172,1174,1355
06037460900,807200,1878,2165,61,210,56,27,732,94,173,112,51,1249,155,3451,1200,6581,0.4212,45,1981,6974.0,10339.0,0,2055,3558,6720,6176,6648,855,1981,36,59,69,92,73,25,45,136,123,93,83,34,216,144,238,69,286,291,188,147,6720,726,449,1981,2055
06037461000,869000,1709,2642,33,56,29,49,376,219,65,56,112,1171,272,3047,649,5694,0.425,99,1547,6978.0,8668.0,1,1615,3086,5788,5223,5771,662,1547,45,36,128,71,43,24,41,210,108,31,81,63,107,192,304,54,210,215,241,158,5788,515,535,1547,1615
06037461100,898500,1968,2586,63,92,39,56,615,128,177,136,88,1163,96,2542,240,5055,0.422,59,1778,6800.0,9756.0,6,1866,2129,5055,4684,5023,942,1778,28,84,123,23,68,90,93,111,131,120,123,177,131,101,90,86,156,163,55,84,5055,825,252,1778,1866
06037461200,1120800,2491,2607,18,17,18,0,218,161,78,93,76,1400,75,2137,80,4203,0.4103,48,1618,9745.0,10693.0,13,1842,715,4217,3793,4175,1120,1618,82,108,122,57,52,93,58,61,132,201,34,72,44,110,194,53,58,133,45,43,4217,1162,227,1618,1842
06037461300,918900,2199,2518,189,98,82,57,1075,70,46,78,39,1386,69,3177,341,6432,0.5382,167,2461,8137.0,12749.0,0,2546,851,6572,5925,6472,1237,2461,93,135,117,81,46,139,155,90,125,110,92,134,149,44,200,115,281,281,184,53,6572,1063,299,2461,2546
06037461400,864600,1855,1802,41,62,77,142,661,79,7,5,31,506,82,1384,459,2709,0.5372,40,1167,3037.0,5354.0,0,1370,939,2736,2367,2686,513,1167,93,24,61,34,18,14,0,80,55,18,14,120,84,113,50,57,98,61,84,0,2736,396,100,1167,1370
06037461501,908100,2110,2896,46,43,43,29,562,82,113,58,47,749,47,1900,395,3615,0.4046,54,1311,4513.0,6677.0,0,1372,1668,3615,3353,3575,491,1311,39,28,52,7,0,6,45,96,165,44,84,29,100,78,96,71,145,142,59,112,3615,528,203,1311,1372
06037461502,801200,1854,2243,51,85,102,106,949,129,43,61,70,820,150,2648,1117,5544,0.5071,121,1769,4674.0,8664.0,0,1879,2975,6245,5466,6223,475,1769,61,98,107,115,32,64,111,154,163,151,127,282,141,114,155,91,66,116,151,65,6245,520,251,1769,1879
06037461600,818400,2019,2514,102,185,30,60,1245,49,74,33,50,524,259,2893,785,5486,0.5143,82,1769,3042.0,8676.0,0,1892,2862,5495,5362,5479,635,1769,35,54,53,23,85,38,48,62,114,81,32,60,60,69,278,258,73,69,324,160,5495,299,163,1769,1892
06037461700,980500,2855,3065,6,0,30,5,75,109,64,7,29,552,45,719,74,1367,0.5176,5,627,3805.0,4225.0,0,676,276,1386,1279,1353,309,627,66,33,64,12,24,8,34,33,115,55,20,42,46,28,14,13,40,52,32,4,1386,523,29,627,676
06037461901,805300,1585,2540,83,167,266,92,1433,1,29,32,12,260,119,2498,1354,4796,0.475,122,1693,1647.0,6512.0,0,1795,3313,4796,4305,4745,644,1693,30,70,59,0,41,0,94,0,94,58,59,0,107,31,300,145,77,122,230,24,4796,159,59,1693,1795
06037461902,880000,2215,-666666666,92,118,141,164,1136,0,0,0,0,98,47,1075,678,1998,0.6069,64,1234,459.0,3696.0,26,1480,429,2000,1384,2000,244,1234,36,0,27,58,10,14,80,23,27,19,14,25,11,0,7,9,11,0,0,8,2000,75,11,1234,1480
06037462001,785900,1785,2366,90,184,154,0,908,0,101,49,12,329,138,2447,860,4236,0.4111,25,1237,1950.0,5495.0,0,1292,3023,4280,3862,4267,599,1237,17,30,15,18,11,18,153,59,9,11,66,0,243,234,158,0,113,157,97,21,4280,217,83,1237,1292
06037462002,744100,1361,3000,15,56,66,51,919,5,21,0,0,192,89,1829,1496,3893,0.5377,70,1111,1080.0,4424.0,0,1278,2663,3893,3591,3868,343,1111,6,44,49,0,0,0,27,37,36,44,136,15,226,166,163,74,13,109,172,146,3893,40,102,1111,1278
06037462100,915500,1741,2759,147,128,160,86,1079,135,134,13,28,645,137,2975,491,4783,0.478,34,1724,3956.0,8071.0,0,1871,2714,4808,4334,4798,623,1724,0,0,72,48,0,15,33,55,85,42,36,64,55,76,144,146,51,109,200,75,4808,400,245,1724,1871
06037462201,1103700,1714,3250,246,104,258,247,1844,16,14,10,20,94,143,2102,1193,3911,0.51,52,1938,519.0,6169.0,0,2051,1635,3957,3586,3945,415,1938,21,19,59,39,27,74,26,29,79,81,107,306,141,130,93,53,61,88,123,42,3957,58,36,1938,2051
06037462202,641800,2642,3603,174,216,96,49,1317,43,7,13,5,315,141,2099,624,2896,0.512,51,1632,1276.0,5505.0,9,1961,574,2951,1927,2895,347,1632,17,23,6,21,6,15,56,7,25,37,26,11,73,0,8,0,51,45,0,34,2951,262,53,1632,1961
06037462301,734200,1911,3239,152,211,195,141,1483,37,69,50,11,314,97,2683,858,4504,0.3889,86,1797,1611.0,7314.0,0,1930,2452,4504,3972,4470,526,1797,50,46,33,7,21,28,33,41,41,14,12,34,98,118,188,83,126,62,103,87,4504,210,104,1797,1930
06037462302,642500,2105,2456,208,197,62,208,1295,16,33,20,13,284,84,2151,739,3338,0.4442,52,1579,1314.0,5880.0,0,1710,1290,3338,2542,3290,319,1579,14,19,29,17,43,27,5,37,49,53,46,38,22,111,46,62,77,37,21,0,3338,251,33,1579,1710
06037462400,1095900,1981,2803,80,128,101,28,565,77,54,34,41,860,21,2246,352,3869,0.4319,35,1425,5392.0,7790.0,29,1564,1509,3874,3550,3859,803,1425,63,81,65,61,4,19,40,91,179,5,56,37,145,37,148,32,54,90,52,19,3874,599,239,1425,1564
06037462500,957000,2332,2678,151,85,74,72,728,82,237,274,113,1822,55,3319,280,6330,0.383,32,2550,12008.0,15274.0,0,2756,1432,6454,5722,6409,1231,2550,83,118,29,166,83,18,126,111,174,57,74,48,160,403,200,143,100,170,174,49,6454,1417,387,2550,2756
06037462600,1181800,1954,3766,45,42,17,20,243,60,129,25,50,660,148,1246,163,2339,0.4547,12,903,4870.0,6002.0,0,935,541,2349,2153,2296,531,903,48,60,56,22,16,56,52,31,29,71,21,23,90,71,117,18,37,64,135,39,2349,531,122,903,935
06037462700,941200,1807,2645,235,147,165,180,1554,72,95,69,112,818,303,3504,679,5464,0.4712,164,2372,4680.0,10459.0,0,2549,1498,5539,4657,5496,967,2372,126,137,61,40,78,12,195,17,75,0,0,0,124,7,306,40,187,150,152,97,5539,555,241,2372,2549
06037462800,945200,2261,1491,42,99,61,146,722,22,8,19,81,388,71,1794,269,2875,0.4018,92,1110,2441.0,5428.0,0,1189,1096,2875,2494,2821,366,1110,8,68,37,9,0,21,30,10,85,51,0,13,131,44,80,24,120,65,61,0,2875,278,110,1110,1189
06037462900,874200,2284,2493,99,27,20,86,307,157,113,35,50,1145,84,2012,199,3828,0.4412,42,1452,6476.0,8002.0,0,1506,1349,3828,3442,3752,743,1452,68,5,92,68,39,216,16,67,59,71,27,100,275,71,40,42,52,100,67,98,3828,787,340,1452,1506
06037463000,1389600,2778,3586,38,93,113,8,518,62,50,51,8,560,41,1420,155,2713,0.4652,76,1078,3659.0,5511.0,0,1237,579,2748,2283,2665,594,1078,36,19,47,97,13,46,23,40,37,42,9,48,62,24,92,48,132,155,10,19,2748,392,157,1078,1237
06037463103,962500,2088,2308,65,85,11,18,566,105,222,103,44,1376,60,2719,359,5438,0.4877,37,1942,8341.0,10998.0,44,2282,2174,5474,4887,5345,1008,1942,69,81,129,54,113,49,135,108,73,151,113,96,88,130,249,65,212,156,142,33,5474,1000,314,1942,2282
06037463200,1047700,2129,2065,81,40,43,54,566,65,27,76,77,900,162,1986,243,3387,0.4562,5,1466,5908.0,8229.0,0,1516,917,3428,2994,3403,651,1466,50,14,101,57,40,28,101,56,114,143,91,101,29,84,92,64,115,26,59,17,3428,714,186,1466,1516
06037463300,1192100,1948,3392,50,38,82,9,347,103,57,9,8,523,49,1202,83,1934,0.462,5,870,3331.0,4807.0,0,939,352,1934,1796,1906,373,870,35,21,34,55,15,10,27,21,78,19,25,4,72,0,52,74,43,39,47,9,1934,428,87,870,939
06037463400,1136100,2148,2525,237,233,16,90,1394,76,65,108,14,1075,73,3419,468,5543,0.5561,94,2469,6631.0,12013.0,0,2834,1460,5547,4900,5520,947,2469,8,107,36,83,12,24,45,100,203,37,61,29,150,228,40,36,129,77,52,41,5547,841,221,2469,2834
06037463500,724800,2221,2113,357,247,104,174,1792,46,64,29,24,631,303,3720,531,5089,0.4878,48,2423,3154.0,9993.0,68,2885,1367,6063,4227,5899,808,2423,78,22,27,85,123,4,20,3,134,74,90,78,150,47,14,3,328,77,9,51,6063,574,48,2423,2885
06037463601,653600,2217,2459,214,350,507,284,2764,84,28,52,45,555,120,4104,764,5888,0.4268,25,3319,2071.0,11738.0,0,3731,1269,5924,4381,5896,824,3319,77,15,105,156,9,64,0,27,169,41,142,261,120,0,17,66,82,27,85,8,5924,420,120,3319,3731
06037463602,631900,2497,2549,290,473,255,300,2710,126,29,64,59,649,155,3765,763,5626,0.4396,33,3359,2742.0,11129.0,44,3751,1240,5682,4400,5588,1119,3359,30,0,62,102,67,66,67,42,94,247,54,69,21,24,105,7,272,77,30,0,5682,543,90,3359,3751
06037463700,1890200,3118,4001,172,257,168,67,1070,59,44,17,40,634,61,2154,175,3473,0.4597,18,1704,5146.0,9109.0,0,2041,486,3473,2668,3453,788,1704,0,73,108,100,71,71,31,48,115,120,18,104,23,65,26,48,36,79,71,19,3473,609,25,1704,2041
06037463800,1444300,2479,3645,0,17,49,0,142,166,85,118,40,1374,58,2006,120,3973,0.482,7,1516,9286.0,10132.0,0,1642,971,4001,3645,3993,905,1516,51,49,77,109,53,24,24,96,217,55,51,35,121,226,225,65,192,21,85,67,4001,1012,362,1516,1642
06037463900,1195200,3334,2757,54,68,55,41,662,54,38,53,30,725,128,1616,163,3001,0.4667,14,1387,4667.0,7970.0,0,1726,453,3185,2514,3109,650,1387,50,110,75,34,47,85,15,67,162,148,136,137,131,31,41,16,37,28,61,19,3185,648,70,1387,1726
06037464000,1256200,2216,2774,101,151,149,67,858,146,197,41,100,1582,319,3285,212,5341,0.5379,71,2440,10870.0,14515.0,40,2735,906,5387,4841,5372,953,2440,12,62,107,100,38,53,23,141,80,140,59,253,148,115,43,30,149,56,171,147,5387,1438,144,2440,2735
06037464101,2000001,-666666666,3201,0,0,0,0,23,62,30,23,19,749,0,864,112,2014,0.4366,0,772,,,0,895,63,2014,1962,2007,510,772,44,84,45,57,40,45,28,71,73,70,54,58,57,47,49,53,0,60,46,14,2014,645,96,772,895
06037464102,2000001,3501,4001,123,16,0,0,324,14,35,56,31,881,53,2379,742,4618,0.5415,0,1205,7515.0,9879.0,18,1486,405,4618,3481,4601,892,1205,51,42,146,93,0,56,0,62,189,76,0,51,15,156,165,135,203,84,131,219,4618,773,79,1205,1486
06037464200,2000001,3501,3227,46,0,26,43,314,91,119,98,127,1625,202,2496,270,5810,0.4814,27,1939,11661.0,13693.0,0,2156,323,5810,5239,5790,1300,1939,83,120,126,77,86,10,93,90,224,157,44,109,131,356,205,207,181,87,104,189,5810,1190,378,1939,2156
06037480002,1067000,3501,3088,14,20,30,11,191,55,133,33,62,1105,197,1905,385,3843,0.4386,29,1296,7228.0,8305.0,0,1336,593,3936,3611,3899,892,1296,36,42,39,112,184,144,27,35,72,68,40,81,52,63,104,85,92,128,93,85,3936,845,250,1296,1336
06037480011,886700,1812,1909,175,110,56,42,1036,82,36,50,50,718,207,2773,839,5087,0.4434,35,1754,4099.0,8541.0,0,1902,1657,5154,4004,5022,781,1754,30,80,51,38,30,31,42,182,54,44,40,18,256,123,196,117,273,78,167,106,5154,410,287,1754,1902
06037480012,949500,1775,1188,71,82,179,77,771,85,29,39,83,917,127,2525,504,4875,0.4355,79,1688,5813.0,8487.0,0,1818,894,4908,4406,4870,886,1688,63,129,105,60,28,37,46,72,102,109,69,143,76,90,175,89,33,184,127,153,4908,517,371,1688,1818
06037480101,946800,2118,2061,0,65,88,12,547,78,28,88,13,790,139,1969,685,4173,0.521,10,1337,4897.0,7254.0,0,1382,404,4218,3654,4197,728,1337,60,56,87,65,33,69,61,84,139,63,92,47,195,61,113,51,280,82,89,30,4218,516,237,1337,1382
06037480102,899100,2142,2014,10,21,86,9,423,105,58,57,45,890,128,2022,438,3987,0.435,37,1313,5470.0,7338.0,0,1423,787,4059,3915,4048,733,1313,34,66,103,39,40,21,101,80,78,96,61,38,65,98,142,119,55,87,50,30,4059,566,277,1313,1423
06037480201,1046800,2729,2772,7,16,17,0,124,170,61,90,41,1082,69,1806,90,3545,0.4287,10,1206,7516.0,8057.0,0,1314,1304,3644,3521,3619,745,1206,17,65,91,36,23,40,29,59,126,104,17,101,112,19,120,121,52,65,150,21,3644,770,281,1206,1314
06037480202,1063400,2179,2224,34,4,40,51,268,48,62,51,26,760,44,1452,242,2756,0.4351,25,1028,4792.0,6223.0,0,1103,638,2756,2630,2753,562,1028,46,52,9,78,42,115,33,138,66,63,48,64,58,93,76,46,57,42,43,52,2756,578,153,1028,1103
06037480302,840800,1790,2682,248,109,180,62,1041,166,74,40,31,698,115,2457,399,4384,0.4731,49,1739,4104.0,8136.0,0,1785,1780,4384,3864,4289,883,1739,37,34,98,68,40,65,66,80,116,81,107,87,175,49,99,72,129,116,107,49,4384,511,180,1739,1785
06037480303,647600,1837,1676,71,241,163,88,1234,12,26,22,21,301,339,2766,312,4387,0.3365,15,1535,1717.0,6526.0,0,1623,1453,4387,3790,4290,691,1535,93,20,111,18,17,0,45,39,75,38,38,28,201,135,27,103,113,121,86,35,4387,179,122,1535,1623
06037480304,699300,1675,2232,75,237,131,102,1381,49,19,8,19,404,124,2516,342,4285,0.5225,81,1785,2077.0,6963.0,0,1970,1317,4426,3868,4396,647,1785,46,86,130,21,47,16,42,48,95,57,81,77,56,62,51,56,113,37,104,175,4426,220,184,1785,1970
06037480400,943600,1879,3313,153,273,4,86,1219,120,45,38,67,1037,156,2893,567,5513,0.445,119,2256,6318.0,10840.0,11,2439,1606,5517,4715,5460,997,2256,105,59,113,101,0,14,50,95,177,107,25,121,29,245,151,20,134,67,104,120,5517,745,227,2256,2439
06037480500,1774300,2073,3461,81,163,73,31,778,160,83,68,51,1377,185,2999,137,5413,0.5002,35,2155,10737.0,14070.0,0,2333,710,5417,4886,5393,1206,2155,65,91,97,53,71,0,35,166,87,118,55,75,105,204,196,120,158,129,120,131,5417,1126,251,2155,2333
06037480601,1375000,2266,2727,195,108,197,242,1323,73,24,6,43,331,141,2247,324,4188,0.4546,31,1654,2277.0,7505.0,0,1668,1245,4188,3500,4127,683,1654,82,0,36,0,0,0,58,64,53,10,0,58,202,126,172,50,113,144,229,67,4188,271,33,1654,1668
06037480602,1585900,2100,4001,252,130,74,115,1068,102,87,32,51,603,95,2607,49,4011,0.4281,61,1671,3949.0,8046.0,0,1817,658,4149,3862,4124,907,1671,28,10,40,22,21,41,34,35,55,27,25,112,148,125,104,67,78,85,67,124,4149,404,198,1671,1817
06037480702,1300300,2646,2690,69,85,14,23,433,168,139,110,25,1175,188,2320,76,4564,0.4229,24,1608,7986.0,10309.0,0,1799,809,4564,3950,4528,1139,1608,67,45,138,119,63,74,35,92,158,102,28,72,242,185,195,51,124,174,214,34,4564,847,304,1608,1799
06037480703,1390700,1936,3558,105,34,83,17,557,110,108,93,37,794,86,2213,349,4156,0.4535,37,1351,5142.0,7704.0,0,1351,674,4156,3793,4081,741,1351,105,76,36,18,76,11,43,43,82,81,60,10,157,119,136,56,75,143,132,88,4156,467,293,1351,1351
06037480704,1030500,1942,2886,145,448,136,152,1328,61,80,24,25,507,69,2322,327,4091,0.4163,59,1835,2929.0,8053.0,0,2000,732,4109,3474,4102,670,1835,44,31,35,21,60,0,32,56,57,107,34,14,82,167,220,103,73,141,136,25,4109,318,177,1835,2000
06037480802,718700,1582,2295,68,11,35,14,273,89,111,140,23,850,68,1760,452,3166,0.4627,11,1123,4369.0,5417.0,0,1123,1633,3238,3200,3226,655,1123,23,34,81,22,0,56,41,0,127,64,71,56,76,42,68,38,33,87,22,107,3238,461,323,1123,1123
06037480803,802500,1698,2134,43,58,17,28,436,61,9,71,82,738,99,1774,326,3126,0.44,23,1174,4314.0,6233.0,0,1242,1772,3145,2868,3111,577,1174,40,45,88,8,32,26,82,76,71,60,54,10,81,51,19,91,92,33,80,115,3145,480,196,1174,1242
06037480804,653600,1734,2020,103,152,185,129,1306,82,56,69,0,492,72,2524,521,4685,0.418,62,1798,2604.0,7681.0,0,2024,1823,4695,4339,4673,896,1798,56,58,68,46,41,17,57,51,138,56,98,59,157,74,107,39,121,238,59,42,4695,337,123,1798,2024
06037480901,826400,1680,2027,174,186,136,58,1276,25,9,36,6,324,89,2397,871,4182,0.4509,86,1600,1725.0,6492.0,0,1745,1299,4207,3369,4119,626,1600,46,103,62,14,14,33,60,104,31,92,30,62,99,83,85,25,74,54,57,102,4207,222,92,1600,1745
06037480902,575400,1757,1647,96,112,87,29,1064,0,19,0,8,305,122,2163,1188,4318,0.445,106,1369,1555.0,5574.0,0,1504,1705,4318,4032,4302,591,1369,22,31,41,11,94,11,9,31,47,63,53,56,110,126,126,170,87,104,294,75,4318,132,139,1369,1504
06037480903,800600,1557,2141,116,56,22,22,680,51,41,2,22,394,59,1604,510,3101,0.4197,34,1074,2051.0,4440.0,0,1120,858,3116,2903,3085,461,1074,42,74,65,36,31,7,36,44,107,16,28,97,124,58,31,97,131,111,37,38,3116,245,105,1074,1120
06037481001,720100,1696,2409,92,108,136,147,1211,74,44,7,0,560,121,2164,678,4381,0.455,87,1771,2628.0,7502.0,16,1846,1238,4679,4434,4667,598,1771,9,203,191,29,70,91,87,123,98,90,125,265,52,0,85,72,66,92,156,100,4679,328,194,1771,1846
06037481002,656300,1922,2059,183,80,182,112,1420,53,149,65,0,666,197,2961,586,5570,0.4225,135,2086,3310.0,8880.0,0,2295,2163,5571,4682,5535,980,2086,142,38,73,111,19,107,56,37,148,27,84,82,209,95,123,91,42,141,264,10,5571,391,266,2086,2295
06037481101,803500,1674,2368,130,160,57,99,1047,87,0,11,79,342,84,2073,512,3797,0.4488,23,1389,1783.0,5948.0,35,1539,1393,4076,3661,3997,593,1389,20,56,87,41,48,60,39,38,88,87,82,167,82,38,140,22,157,72,142,134,4076,243,40,1389,1539
06037481102,649700,1904,-666666666,178,123,132,94,1181,0,16,8,4,123,148,2109,425,3575,0.421,27,1304,576.0,5185.0,0,1379,1210,3707,3132,3642,541,1304,42,16,22,48,47,10,22,47,69,14,34,92,181,127,139,95,58,55,80,44,3707,105,18,1304,1379
06037481103,806200,1378,1884,180,41,22,15,720,30,43,81,79,1059,145,2785,1062,5185,0.461,26,1779,5944.0,8889.0,0,1962,2008,5224,5049,5214,737,1779,16,87,72,21,41,77,70,80,92,49,92,193,77,45,89,76,238,207,27,97,5224,671,326,1779,1962
06037481201,831700,2085,885,93,98,61,23,699,41,43,7,29,609,191,1934,588,4116,0.3334,49,1308,3546.0,6596.0,15,1343,1349,4218,3871,4168,689,1308,105,61,82,71,0,43,46,31,85,61,24,26,79,80,154,76,132,167,152,69,4218,407,186,1308,1343
06037481203,729800,1686,2305,134,61,78,209,1055,100,89,23,63,830,299,3224,523,6170,0.4068,57,1885,4771.0,8977.0,10,2034,2313,6170,5548,6041,867,1885,33,78,247,108,97,44,65,185,121,45,34,79,255,145,216,95,220,156,107,65,6170,483,255,1885,2034
06037481300,716700,1870,1329,21,54,9,118,331,64,21,56,3,536,70,1631,229,3333,0.363,31,867,3082.0,4566.0,0,873,997,3338,3236,3302,434,867,7,69,73,77,11,69,79,60,90,24,19,116,73,87,57,133,90,71,115,40,3338,240,258,867,873
06037481401,708900,1770,-666666666,156,102,127,12,952,6,29,44,38,670,239,2940,763,5168,0.4389,35,1622,3908.0,7813.0,7,1784,1009,5198,4966,5192,866,1622,169,92,84,43,21,43,36,76,111,79,57,87,118,65,146,68,91,84,80,41,5198,382,232,1622,1784
06037481403,803600,1515,1525,53,69,35,0,401,73,14,7,0,476,249,1822,739,3291,0.4803,11,877,2540.0,4166.0,0,934,466,3316,3108,3263,453,877,24,84,64,17,0,0,9,167,33,25,125,5,157,38,139,40,11,28,10,42,3316,261,146,877,934
06037481404,845400,2511,1254,64,45,42,1,522,30,64,33,44,666,106,2093,309,3933,0.4377,47,1188,3880.0,6303.0,0,1264,703,3933,3790,3905,594,1188,67,146,41,46,73,0,88,105,64,145,119,113,87,44,180,129,16,73,49,30,3933,419,176,1188,1264
06037481500,811500,2031,1155,37,72,20,44,537,45,89,53,32,986,78,2071,498,4150,0.4537,61,1523,5504.0,7677.0,0,1607,745,4159,4047,4121,757,1523,93,75,142,54,23,79,36,89,175,115,130,102,67,44,128,143,78,75,43,41,4159,598,388,1523,1607
06037481603,747700,1726,1881,48,60,94,38,621,26,50,28,12,569,148,1841,344,3441,0.385,56,1190,3341.0,5715.0,0,1282,655,3450,3167,3361,497,1190,47,61,25,67,0,10,48,42,45,50,15,19,120,115,35,0,197,221,40,37,3450,314,213,1190,1282
06037481604,711000,2034,1609,134,154,94,101,831,59,42,22,2,553,100,2099,324,3980,0.3892,43,1384,2900.0,6135.0,0,1501,1572,3980,3370,3939,821,1384,8,54,105,20,52,37,55,62,136,94,0,66,135,165,55,61,159,37,114,68,3980,287,266,1384,1501
06037481605,645000,1638,967,74,123,59,45,608,37,8,7,0,388,43,1573,353,2806,0.3764,23,996,2174.0,4623.0,6,1058,833,2806,2728,2798,397,996,8,20,73,69,0,10,37,67,148,67,20,22,52,144,50,67,57,59,19,36,2806,234,134,996,1058
06037481606,683300,1813,2297,170,82,105,71,1284,27,78,0,69,371,158,2406,938,5003,0.4607,71,1655,2033.0,7120.0,0,1749,1504,5003,4557,4957,879,1655,50,66,150,123,34,18,91,88,147,112,112,33,78,207,127,76,173,57,203,31,5003,185,152,1655,1749
06037481711,584600,1771,1503,93,59,146,140,1057,32,29,7,0,307,186,2313,645,4406,0.4119,49,1364,1557.0,5489.0,0,1462,350,4609,4192,4609,669,1364,66,146,121,71,35,124,97,94,38,94,87,175,55,157,63,59,79,78,99,87,4609,126,172,1364,1462
06037481712,666500,1707,1227,46,113,31,124,1223,0,1,74,0,479,248,2550,1004,5177,0.4954,102,1702,2732.0,7146.0,0,1758,750,5177,4940,5086,1032,1702,51,40,46,66,27,200,82,34,72,84,112,103,148,150,121,148,110,59,85,182,5177,250,228,1702,1758
06037481713,643100,1769,1097,123,118,32,29,636,0,11,23,0,353,178,1643,514,2876,0.4902,34,989,1870.0,4392.0,0,1172,442,2876,2157,2876,520,989,29,2,23,57,53,14,8,64,53,60,61,54,43,76,48,42,0,50,30,56,2876,205,126,989,1172
06037481714,690200,1547,1152,42,41,47,62,704,19,6,26,6,269,70,1138,791,2727,0.6237,39,973,1396.0,3941.0,6,1002,333,2742,2411,2734,514,973,9,15,65,60,32,83,35,42,26,87,85,206,57,13,92,72,67,37,70,18,2742,168,89,973,1002
06037481800,788100,2217,1462,7,13,0,9,142,88,68,40,30,700,51,1186,65,2303,0.4248,22,842,3923.0,4573.0,0,930,440,2307,2216,2275,419,842,27,53,55,29,39,51,7,88,101,75,51,104,62,71,32,3,26,61,70,14,2307,501,158,842,930
06037481901,838700,2003,1304,28,87,45,55,661,111,98,80,114,1357,164,2837,393,5616,0.437,58,2018,8051.0,10830.0,0,2025,2982,5652,5340,5589,1042,2018,48,80,126,115,39,29,68,108,157,174,127,95,95,158,314,86,89,131,187,127,5652,893,371,2018,2025
06037481902,771200,1896,2604,0,65,34,40,505,10,59,55,28,631,102,1726,557,3255,0.4365,8,1136,3538.0,5453.0,0,1186,1498,3255,2738,3228,465,1136,32,81,25,54,36,64,29,26,52,96,13,37,76,83,91,34,71,121,55,23,3255,383,205,1136,1186
06037482001,867900,1735,1563,6,0,1,8,130,40,84,44,29,827,23,1169,110,2676,0.4401,6,957,5248.0,5870.0,0,994,370,2676,2487,2652,529,957,44,79,61,9,56,80,23,64,69,44,125,102,121,47,5,53,19,93,77,66,2676,562,265,957,994
06037482002,895900,1949,-666666666,119,237,189,152,1080,32,128,182,49,1471,357,3711,563,7205,0.3976,167,2551,8642.0,12981.0,0,2695,2350,7210,6433,7049,1171,2551,47,123,168,84,200,57,69,105,106,140,74,182,40,344,211,174,159,178,242,137,7210,903,541,2551,2695
06037482101,775300,1816,1878,117,100,78,40,708,41,72,33,40,780,97,2404,431,4364,0.4664,45,1488,4353.0,6877.0,0,1613,1371,4373,4022,4362,686,1488,70,74,64,103,26,107,45,68,98,152,86,65,65,40,73,18,90,112,147,100,4373,426,263,1488,1613
06037482102,887800,2414,1385,40,46,14,35,229,51,67,13,61,866,75,1600,216,3177,0.4358,54,1095,5231.0,6452.0,0,1137,775,3188,2979,3177,558,1095,46,71,128,130,30,58,45,92,124,151,51,48,85,61,30,27,45,118,37,22,3188,628,224,1095,1137
06037482201,713600,1502,2008,94,81,32,90,737,55,10,10,78,614,72,1685,682,3886,0.5208,170,1351,3046.0,5714.0,0,1422,803,3922,2859,3888,639,1351,11,59,29,42,24,74,15,23,94,98,84,98,63,114,112,49,98,147,34,16,3922,276,338,1351,1422
06037482202,647900,1885,1258,108,180,79,88,1238,10,18,36,10,422,83,2468,696,5022,0.4268,130,1660,2129.0,7132.0,0,1741,1094,5022,4716,4937,805,1660,48,145,155,37,35,11,64,133,135,85,55,99,96,299,99,129,73,38,204,67,5022,276,146,1660,1741
06037482301,769100,1826,1708,6,124,114,59,652,45,46,7,4,596,261,2632,638,5175,0.4142,127,1248,3074.0,5942.0,0,1405,1177,5176,5020,5175,796,1248,30,138,66,52,23,81,87,81,40,17,104,147,32,210,223,124,90,75,103,159,5176,289,201,1248,1405
06037482303,681300,1705,1269,74,94,93,143,897,90,13,0,15,500,105,2285,705,5066,0.4604,91,1397,2622.0,6088.0,8,1469,1563,5075,4477,5049,771,1397,83,82,130,26,58,28,93,163,175,101,0,29,117,118,158,168,206,140,154,43,5075,164,282,1397,1469
06037482304,676300,1474,1176,65,43,76,13,583,23,0,0,0,162,59,1371,560,2782,0.4037,46,745,781.0,3080.0,0,889,1294,2842,2658,2812,258,745,53,23,27,6,14,30,19,36,56,46,22,57,61,87,120,116,52,82,43,22,2842,40,65,745,889
06037482401,789300,1572,2222,116,37,43,27,631,42,23,18,36,372,107,1851,505,3600,0.4168,62,1003,1963.0,4432.0,0,1013,1545,3600,3526,3590,568,1003,94,28,74,33,33,41,56,34,116,41,45,26,49,39,116,91,119,80,49,76,3600,137,132,1003,1013
06037482403,690800,1509,842,46,31,67,44,620,0,19,14,4,267,46,1497,542,3172,0.4261,38,887,1371.0,3678.0,0,912,1460,3172,3108,3167,548,887,23,8,38,41,5,81,0,28,102,49,17,85,84,48,34,80,99,3,177,35,3172,75,157,887,912
06037482404,698700,2659,2031,0,33,0,52,288,150,36,127,15,930,96,1814,143,3352,0.4335,15,1218,5653.0,7206.0,0,1218,827,3428,3316,3428,763,1218,9,64,80,36,13,10,18,77,135,51,52,81,0,96,79,279,20,17,150,44,3428,552,378,1218,1218
06037482502,645400,1421,950,29,54,27,41,479,16,19,34,3,352,87,1480,777,3516,0.4,25,831,1941.0,3783.0,0,924,735,3519,3353,3511,528,831,65,22,101,48,22,49,80,53,82,63,16,37,102,132,93,101,79,66,95,59,3519,109,178,831,924
06037482503,661600,1874,1134,66,82,55,41,535,57,7,6,23,468,44,1885,440,3808,0.3959,31,1003,2455.0,4932.0,0,1091,747,3808,3649,3785,618,1003,57,45,56,25,25,35,104,32,25,13,42,121,147,66,100,197,116,24,120,41,3808,222,193,1003,1091
06037482521,615300,2123,1522,22,30,33,23,384,2,98,13,105,1057,149,2689,344,5062,0.3976,50,1441,5792.0,7568.0,0,1501,1377,5279,5036,5262,810,1441,95,86,99,102,48,105,162,74,149,86,163,128,142,79,152,64,175,52,90,109,5279,462,447,1441,1501
06037482522,469900,1826,1209,57,80,50,43,529,147,81,23,5,1026,132,2252,229,4304,0.3409,81,1555,5768.0,7983.0,0,1555,2137,4404,4055,4387,709,1555,57,25,93,37,91,120,165,62,116,88,51,172,68,77,106,34,122,150,65,20,4404,633,336,1555,1555
06037482600,783300,2115,1700,97,11,41,0,738,155,88,128,28,1430,76,3132,372,6377,0.4339,119,2168,8350.0,11775.0,0,2381,1449,6377,6021,6310,1354,2168,58,128,113,108,158,168,94,63,225,122,109,173,67,119,159,135,106,156,148,61,6377,1041,363,2168,2381
06037482701,777300,1764,1389,72,40,72,67,601,122,66,30,23,747,56,2059,413,3767,0.4021,42,1348,3977.0,6066.0,0,1428,2155,3807,3574,3775,475,1348,21,50,81,57,3,81,9,66,69,73,55,111,71,108,158,74,70,95,52,72,3807,443,261,1348,1428
06037482702,762400,1864,1945,15,8,38,23,256,39,54,27,31,619,34,1214,170,2456,0.4542,28,875,3583.0,4645.0,0,875,856,2462,2268,2439,456,875,33,59,29,38,39,57,36,66,43,30,57,110,36,33,34,16,121,63,44,77,2462,384,183,875,875
06037482801,706300,1812,1034,51,67,25,17,395,64,36,90,26,871,148,1967,287,4069,0.3735,33,1266,4941.0,6744.0,0,1370,2052,4069,3827,4047,640,1266,31,31,117,26,62,27,91,66,77,52,90,127,101,58,89,56,55,227,132,93,4069,467,362,1266,1370
06037500100,1118800,2317,2692,0,0,0,0,72,126,108,107,18,1017,26,1857,77,3581,0.4221,7,1089,7498.0,8066.0,0,1163,1102,3601,3001,3590,820,1089,45,63,95,66,57,46,67,80,126,109,41,43,100,72,78,18,125,85,136,62,3601,802,183,1089,1163
06037500202,1100100,1819,3553,0,0,0,36,173,182,112,27,44,1300,127,1862,125,4791,0.4741,19,1473,10463.0,11113.0,0,1641,2096,4827,4541,4742,1006,1473,38,83,83,14,223,88,20,143,182,82,94,98,115,143,86,69,114,36,287,21,4827,858,437,1473,1641
06037500203,852900,2684,2148,0,20,38,0,102,111,153,33,53,1143,85,1993,94,4016,0.3663,20,1245,7280.0,7732.0,0,1245,1814,4178,3957,4178,779,1245,52,49,53,8,64,78,36,112,65,13,97,206,237,131,137,18,153,64,80,108,4178,681,425,1245,1245
06037500204,925200,1117,2783,30,0,90,0,126,175,29,27,90,790,28,1227,146,2251,0.4934,0,916,5423.0,5654.0,0,955,292,2256,2179,2256,448,916,18,77,72,27,32,18,42,54,131,61,0,22,81,30,54,17,5,88,7,53,2256,638,139,916,955
06037500300,861700,1734,2179,20,8,0,0,106,169,88,118,37,1028,37,1575,103,2870,0.359,11,1134,7174.0,7607.0,0,1156,1544,2870,2789,2867,737,1134,68,32,202,39,39,11,124,123,37,106,7,11,30,37,38,6,36,118,58,46,2870,840,168,1134,1156
06037500402,643500,1326,1685,68,47,13,49,603,24,20,16,95,604,49,2348,312,4754,0.4623,73,1207,3079.0,5119.0,0,1239,4166,4766,4638,4731,475,1207,31,89,29,13,94,16,15,50,39,70,100,58,93,190,227,154,99,89,109,57,4766,125,385,1207,1239
06037500403,630800,2162,1668,0,0,34,0,66,167,142,20,91,1029,66,1683,287,3497,0.4112,48,1095,6161.0,6521.0,0,1095,3095,3497,3372,3485,685,1095,83,50,57,61,0,44,68,44,42,59,55,181,66,107,148,119,36,57,34,36,3497,595,414,1095,1095
06037500404,592200,2141,2081,46,0,23,0,250,80,77,49,50,945,114,2370,365,4152,0.3895,14,1195,5319.0,6491.0,0,1259,3506,4173,4047,4101,753,1195,106,119,50,72,29,30,46,92,72,104,38,33,79,74,201,41,87,105,74,97,4173,457,397,1195,1259
06037500500,355800,1545,1219,0,5,21,0,222,57,51,47,39,611,64,1410,292,2876,0.4241,13,833,2876.0,3904.0,0,857,2707,2891,2647,2878,466,833,15,23,34,39,27,30,35,12,58,40,48,44,64,54,95,99,26,38,108,101,2891,256,249,833,857
06037500600,572100,1781,1702,30,22,13,51,360,48,60,83,22,827,40,2622,598,5266,0.4124,22,1187,4431.0,5929.0,0,1280,5111,5286,5067,5258,772,1187,0,43,44,92,26,6,24,50,34,61,62,47,145,157,202,156,50,83,251,282,5286,261,378,1187,1280
06037500700,550100,1922,1753,54,65,57,29,418,85,136,110,81,1405,195,3598,920,7056,0.4068,16,1823,8003.0,9682.0,0,1823,6678,7177,6762,7117,992,1823,29,101,83,93,15,247,21,84,120,119,88,221,85,244,205,101,165,247,232,204,7177,682,634,1823,1823
06037500800,597100,1902,1575,57,8,36,20,333,76,100,46,68,957,115,2743,303,5036,0.3758,35,1290,5702.0,6971.0,0,1346,4862,5149,4627,5002,737,1290,16,47,76,88,88,24,47,62,81,149,6,89,95,124,136,78,331,34,109,101,5149,331,441,1290,1346
06037500900,584000,1230,1928,72,41,91,277,998,106,97,44,15,802,98,2813,998,5534,0.5148,24,1800,4446.0,7600.0,8,1851,4925,5625,5483,5625,600,1800,76,108,90,65,22,17,158,56,254,69,41,153,88,94,51,204,16,243,183,112,5625,273,451,1800,1851
06037501001,552000,1836,2132,7,31,22,87,248,53,32,73,54,494,19,1388,430,3074,0.334,0,742,2700.0,3935.0,0,764,2955,3110,2868,2999,423,742,60,7,61,32,36,11,17,73,23,28,20,17,110,98,70,179,109,53,147,71,3110,188,272,742,764
06037501002,601800,2136,2019,9,0,34,56,243,229,96,57,145,1085,149,2229,171,4469,0.4039,13,1328,6214.0,7261.0,0,1364,3570,4469,4219,4446,905,1328,46,40,55,43,50,12,29,58,137,124,38,26,92,190,116,141,55,127,83,46,4469,583,415,1328,1364
06037501200,643700,1735,2203,11,16,53,113,546,164,141,102,75,919,124,2680,369,5105,0.3452,0,1465,5344.0,7941.0,0,1465,3863,5134,4411,5057,792,1465,62,13,0,80,23,20,59,74,154,56,39,72,93,255,240,135,176,222,129,139,5134,486,349,1465,1465
06037501301,645400,1759,2254,71,22,43,0,290,158,28,41,49,797,108,1435,111,3067,0.3613,18,1087,4361.0,5506.0,0,1110,2138,3067,2911,3019,444,1087,22,63,44,44,31,8,25,40,114,51,0,163,75,21,100,24,84,83,108,12,3067,538,210,1087,1110
06037501302,660700,1776,2619,48,227,49,33,728,247,42,14,21,819,233,2293,248,4425,0.4247,26,1547,4446.0,7534.0,58,1581,3219,4425,4128,4410,751,1547,18,85,121,22,21,14,0,113,194,29,17,53,56,199,192,71,128,76,85,90,4425,534,246,1547,1581
06037501400,633700,1613,2864,116,0,103,82,777,51,44,45,57,373,135,1695,414,3093,0.4483,0,1150,1898.0,4850.0,19,1269,2568,3093,2713,3093,494,1150,6,11,26,22,0,0,25,31,53,31,12,37,83,95,73,38,119,154,53,73,3093,192,162,1150,1269
06037501501,783800,2210,2452,23,24,6,19,181,97,83,64,46,628,26,1087,207,2022,0.3399,0,809,4037.0,4872.0,11,869,1095,2022,1874,2001,425,809,36,71,68,44,21,10,33,52,65,30,12,18,30,39,36,42,55,39,31,32,2022,517,111,809,869
06037501503,789000,1637,1481,223,177,182,162,1447,64,43,0,0,410,295,2983,923,5505,0.3868,23,1857,2714.0,8222.0,0,1981,4007,5517,5201,5447,561,1857,40,48,88,0,15,0,94,20,95,55,42,93,181,109,211,113,186,220,208,154,5517,287,113,1857,1981
06037501504,570600,1446,1875,120,198,141,66,1277,7,31,45,0,185,58,1466,603,3371,0.4495,62,1462,919.0,4960.0,0,1550,2489,3395,3095,3330,474,1462,38,0,68,54,61,92,45,29,120,37,143,95,109,85,114,28,93,148,45,104,3395,130,55,1462,1550
06037501600,889400,1750,3322,57,73,118,0,826,111,223,130,77,1385,152,3668,683,6351,0.446,45,2211,9199.0,12534.0,0,2211,3975,7041,5942,6882,1204,2211,180,63,102,0,81,15,105,75,16,65,33,31,292,50,243,176,83,252,118,259,7041,1005,340,2211,2211
06037501700,819000,1666,2594,60,37,33,62,466,77,161,56,49,847,32,1874,271,3879,0.4339,13,1313,5195.0,7218.0,0,1398,2303,3895,3546,3887,730,1313,62,134,58,52,30,29,33,29,70,55,19,185,98,206,107,28,79,107,60,88,3895,558,289,1313,1398
06037501802,697900,1822,1981,28,60,43,97,561,64,89,4,45,674,104,1766,288,3325,0.4088,12,1235,3742.0,5800.0,0,1275,2304,3360,3117,3324,533,1235,59,30,23,39,34,42,12,25,16,35,61,80,114,65,227,73,76,81,104,73,3360,374,252,1235,1275
06037501803,570700,1549,2229,44,169,183,196,1199,88,4,7,39,206,151,2616,633,4861,0.3796,37,1405,1024.0,4911.0,0,1435,3859,4970,4119,4792,588,1405,59,4,67,22,0,17,0,34,32,56,9,26,164,236,165,190,272,262,211,142,4970,72,90,1405,1435
06037501804,582000,1479,1903,56,88,54,57,591,3,23,10,16,128,50,1016,460,2208,0.5025,55,719,696.0,2677.0,0,820,1937,2266,2170,2247,284,719,8,29,21,13,18,9,0,73,36,48,22,17,81,103,84,45,81,81,64,36,2266,69,37,719,820
06037501900,619900,2056,2065,21,0,26,29,251,96,66,80,152,1065,21,2121,295,4300,0.4007,25,1316,6018.0,7257.0,0,1316,3075,4321,4191,4309,790,1316,45,35,86,56,47,5,109,97,57,27,28,10,115,136,169,125,123,36,184,61,4321,573,444,1316,1316
06037502003,603400,1629,1968,6,17,7,26,321,50,47,28,34,389,122,1444,343,2600,0.3774,41,710,2113.0,3384.0,0,757,2189,2633,2485,2625,429,710,10,45,18,4,5,18,16,24,34,4,26,35,55,91,202,55,42,37,75,74,2633,132,206,710,757
06037502004,596900,1861,2067,32,50,14,50,379,47,62,48,34,568,70,1803,481,4014,0.3935,25,947,2936.0,4898.0,0,1033,3492,4061,3855,4029,553,947,34,25,61,18,46,13,44,13,73,91,56,12,55,220,182,141,131,92,150,67,4061,163,301,947,1033
06037502005,628300,1805,2116,0,51,28,48,426,55,104,88,14,781,58,2171,191,4480,0.3466,13,1207,4619.0,6524.0,0,1251,3622,4480,4371,4428,591,1207,42,54,12,22,0,40,14,13,129,128,42,22,79,213,225,116,58,238,73,117,4480,405,276,1207,1251
06037502100,575800,1445,1754,47,18,48,28,440,74,102,221,159,1246,71,2082,662,4759,0.4438,0,1686,6658.0,8620.0,118,1686,3811,4956,4399,4897,751,1686,25,9,97,98,21,102,50,105,112,103,24,177,96,84,99,132,129,296,173,34,4956,782,427,1686,1686
06037502200,590800,1753,1722,15,125,185,87,696,188,163,52,84,1228,176,3874,656,6994,0.3895,21,1924,6890.0,9811.0,0,1943,6210,6994,6682,6938,1255,1924,62,207,84,0,60,23,32,119,153,111,57,25,139,112,127,89,247,269,226,104,6994,575,505,1924,1943
06037502303,588500,2034,1886,12,101,51,65,644,153,63,101,63,1295,118,3484,1438,8300,0.3966,129,1939,7104.0,9671.0,0,2085,7556,8377,8141,8334,894,1939,132,39,141,60,187,99,63,50,137,280,94,118,225,284,395,178,377,248,211,116,8377,511,471,1939,2085
06037502401,599400,1696,1767,49,47,32,116,466,53,88,47,98,864,177,2582,299,4968,0.3617,77,1330,4769.0,6759.0,0,1338,4664,5136,4792,5014,837,1330,44,75,39,46,20,16,52,49,53,125,39,110,183,230,126,47,162,181,260,139,5136,486,281,1330,1338
06037502402,612800,2290,2127,20,20,0,5,97,87,54,100,53,863,118,1814,151,3453,0.3845,20,960,4874.0,5404.0,0,971,3152,3494,3312,3463,561,960,22,56,88,35,68,45,43,123,105,45,58,28,19,88,61,39,132,90,95,45,3494,452,348,960,971
06037502500,587800,1732,1973,23,32,47,69,443,84,92,102,57,660,103,1860,596,3906,0.4569,39,1103,3417.0,5214.0,0,1154,3893,4096,3952,4079,488,1103,49,23,91,105,37,10,85,40,80,22,0,54,73,210,70,87,65,175,177,63,4096,256,292,1103,1154
06037502602,637000,1743,1628,66,15,60,92,728,108,38,20,22,529,134,2251,306,4139,0.4077,39,1257,3081.0,5468.0,0,1299,3669,4178,3878,4049,544,1257,27,62,39,9,31,42,26,77,109,8,30,22,176,118,84,100,108,116,174,102,4178,261,217,1257,1299
06037502603,614400,2400,2080,22,23,0,0,119,58,31,70,26,654,128,1597,275,3259,0.3689,52,773,4186.0,4788.0,0,783,2711,3259,3052,3259,478,773,11,47,36,57,0,46,9,63,178,75,14,54,92,91,184,103,58,6,79,83,3259,387,161,773,783
06037502604,650000,2131,2613,0,7,25,21,97,102,89,37,53,1017,73,1965,232,3891,0.4554,0,1114,5131.0,5662.0,0,1114,3533,3907,3799,3886,769,1114,8,76,88,25,24,27,49,66,95,65,38,34,89,83,103,64,66,221,53,57,3907,479,426,1114,1114
06037502700,539000,1951,2017,4,119,175,102,595,134,303,83,28,1413,152,3629,504,7158,0.3628,75,2008,7654.0,10062.0,0,2060,5968,7269,6901,7261,903,2008,52,47,167,55,15,154,37,52,204,76,75,51,210,195,223,95,231,222,262,151,7269,668,572,2008,2060
06037502801,609200,2267,2115,24,12,29,50,211,128,129,149,103,1578,85,3315,593,6452,0.3672,18,1789,8905.0,9951.0,0,1851,5123,6452,6055,6399,1133,1789,96,45,65,39,72,18,69,59,144,173,75,61,146,115,262,76,190,101,265,179,6452,750,664,1789,1851
06037502901,568500,2267,1805,31,157,7,9,281,253,58,117,63,1281,90,3211,322,5821,0.3675,64,1562,7596.0,8962.0,0,1562,4840,5821,5559,5805,771,1562,81,51,67,29,55,96,33,39,101,25,19,106,62,143,52,85,186,209,267,49,5821,630,589,1562,1562
06037503000,596800,1360,2087,104,68,166,12,663,105,42,80,13,716,326,3105,627,5836,0.361,60,1379,3595.0,6273.0,0,1464,4757,5836,5475,5714,910,1379,47,30,1,12,12,0,12,84,11,10,33,10,340,155,140,82,182,155,269,55,5836,135,317,1379,1464
06037503103,619800,2320,1494,10,111,29,35,361,182,7,62,73,877,307,3032,599,5629,0.3771,37,1238,4752.0,6815.0,0,1307,4687,5646,5357,5520,810,1238,60,39,89,19,13,20,54,56,72,96,64,15,230,309,131,105,141,88,171,127,5646,259,419,1238,1307
06037503104,579400,1617,1917,25,6,13,13,199,25,34,108,27,480,55,1275,199,2457,0.3631,44,679,2372.0,3187.0,0,694,2055,2493,2468,2493,404,679,0,12,14,36,52,5,24,15,42,28,14,0,31,99,131,50,184,64,61,42,2493,185,231,679,694
06037503105,617600,1783,2409,100,35,41,79,348,66,45,119,87,627,63,1799,104,3582,0.315,12,975,3564.0,4774.0,41,1024,2693,3589,3166,3520,542,975,0,42,74,32,7,38,56,75,44,48,0,25,138,80,200,152,194,161,95,61,3589,346,212,975,1024
06037503106,649800,1774,1813,33,58,107,73,465,57,72,52,32,686,47,2093,364,3749,0.4163,17,1151,3971.0,5938.0,0,1196,2813,3755,3492,3723,556,1151,22,66,26,0,0,65,81,36,20,0,9,57,58,110,148,96,104,31,149,209,3755,323,325,1151,1196
06037503201,677300,2250,2814,10,0,10,0,43,165,150,106,40,975,48,1936,344,3944,0.3147,0,1018,5624.0,5839.0,0,1085,3030,3956,3762,3937,721,1018,22,26,87,50,15,4,60,22,57,25,40,64,113,162,173,83,33,202,115,124,3956,497,322,1018,1085
06037503202,633800,1369,1947,62,31,41,29,387,197,105,50,18,931,32,2272,464,4457,0.412,9,1318,5303.0,7031.0,0,1354,3532,4529,4260,4436,783,1318,78,42,47,53,44,21,85,71,56,44,82,49,226,174,215,41,76,177,131,35,4529,477,428,1318,1354
06037503301,643100,2328,2102,0,36,18,38,145,109,69,104,105,948,49,1962,230,3601,0.3645,5,1093,5758.0,6514.0,0,1104,2435,3601,3413,3548,711,1093,6,109,49,39,16,21,18,45,74,40,7,54,106,86,159,72,84,45,119,49,3601,585,354,1093,1104
06037503302,639700,1753,2361,57,175,104,69,872,72,132,87,62,863,88,2792,586,5858,0.4013,48,1735,4964.0,8223.0,0,1826,4373,5889,5239,5853,825,1735,77,68,75,49,38,24,33,64,103,38,34,20,210,168,303,149,239,74,211,125,5889,406,377,1735,1826
06037503401,690700,2206,2220,138,63,77,76,704,139,197,124,113,1506,319,3990,248,7363,0.366,65,2210,8337.0,11037.0,0,2248,4834,7421,7127,7373,1081,2210,83,47,166,102,48,98,102,44,45,46,66,240,89,130,430,160,89,262,368,81,7421,674,786,2210,2248
06037503402,665700,2048,2003,84,27,54,77,320,36,120,70,54,937,46,1991,256,3813,0.4342,47,1257,5583.0,7223.0,0,1331,2343,3860,3704,3848,716,1257,70,24,57,39,32,19,91,21,54,55,23,46,66,237,115,35,132,192,121,43,3860,655,282,1257,1331
06037503501,630700,1697,2337,98,62,129,87,769,161,306,93,81,1213,215,4134,340,7151,0.4396,111,1982,7235.0,10417.0,0,2043,5189,7151,6285,7029,1069,1982,26,49,48,58,36,28,91,13,50,22,70,90,216,189,319,148,142,451,236,104,7151,614,405,1982,2043
06037503502,621700,2532,2253,26,28,9,18,252,107,172,107,46,854,102,2050,97,4211,0.3219,26,1106,5069.0,6266.0,0,1191,3132,4234,4016,4209,722,1106,49,38,107,13,21,0,20,92,119,36,20,27,148,180,159,73,191,197,152,98,4234,412,386,1106,1191
06037503601,683300,1524,2203,8,19,0,25,313,217,169,48,19,913,106,2296,271,4109,0.4272,38,1226,6122.0,7303.0,0,1232,2423,4317,3949,4285,786,1226,3,28,70,125,18,54,55,78,81,161,21,99,50,238,119,63,117,105,186,21,4317,580,286,1226,1232
06037503602,906300,2644,2785,16,6,0,39,163,76,142,132,106,1016,108,2273,288,4091,0.3282,62,1179,6924.0,7764.0,0,1199,1608,4110,3581,4048,899,1179,71,131,63,36,106,17,47,109,61,71,47,59,115,75,109,94,65,51,265,40,4110,612,378,1179,1199
06037503701,679700,1552,2470,57,9,110,61,719,134,165,87,44,925,96,2373,253,4850,0.3883,61,1644,5538.0,8074.0,0,1652,2569,4861,4319,4846,934,1644,47,27,105,69,32,76,39,64,85,103,128,51,97,181,92,42,147,209,131,53,4861,492,426,1644,1652
06037503702,673200,1810,1266,19,97,169,43,696,94,91,28,34,1005,81,2798,383,5373,0.3832,41,1701,6374.0,9033.0,0,1794,2987,5387,5108,5372,1221,1701,50,41,122,35,22,72,19,115,100,82,28,76,97,115,93,266,205,175,193,75,5387,567,411,1701,1794
06037503704,838100,1499,2512,15,21,75,8,592,141,80,118,90,1344,99,2189,200,4363,0.5011,44,1936,7819.0,9034.0,8,2004,951,4364,4105,4364,1202,1936,108,183,203,243,76,150,94,199,233,199,185,164,59,78,76,49,0,69,45,61,4364,1044,300,1936,2004
06037503705,844900,-666666666,1869,13,0,13,0,177,50,59,91,67,877,49,1389,140,2671,0.4203,0,1054,5757.0,6496.0,0,1096,324,2671,2324,2605,540,1054,78,19,102,6,24,32,21,124,117,34,107,31,157,43,89,25,19,0,94,52,2671,743,134,1054,1096
06037503801,664700,2683,2079,29,98,10,67,375,59,94,18,45,837,155,1834,305,3622,0.3304,88,1212,5208.0,6750.0,0,1212,1623,3622,3260,3591,699,1212,44,30,62,26,37,24,128,86,39,41,54,85,51,156,25,121,108,125,75,31,3622,502,313,1212,1212
06037503802,640600,2590,1966,74,57,41,136,446,165,167,124,74,1286,157,3077,122,5277,0.3376,36,1732,6804.0,9105.0,12,1732,2644,5277,4833,5237,944,1732,121,108,80,58,70,34,70,26,41,61,128,65,134,149,111,43,90,42,130,194,5277,713,462,1732,1732
06037503901,719200,2438,2702,7,6,5,8,102,68,47,40,43,601,69,1261,59,2266,0.3595,2,703,3875.0,4472.0,0,721,940,2275,2196,2275,455,703,23,35,44,27,56,17,15,58,64,16,31,36,34,83,102,17,45,109,54,38,2275,366,231,703,721
06037503902,683100,2482,2428,34,30,16,20,248,55,139,200,47,1270,81,2566,145,5360,0.3495,8,1518,7503.0,8877.0,11,1518,2733,5367,5166,5299,1014,1518,62,74,90,44,132,21,81,13,129,99,68,68,249,228,265,92,126,25,186,183,5367,708,491,1518,1518
06037504001,651000,1310,-666666666,9,20,13,35,387,101,98,95,49,1033,108,2462,368,3346,0.4788,23,1420,5891.0,6884.0,0,1506,2020,5265,4234,5182,593,1420,26,34,50,40,0,141,27,42,138,62,113,114,139,136,61,85,44,120,67,33,5265,742,268,1420,1506
06037504002,691300,2530,2204,12,112,27,0,227,117,80,162,88,1248,62,2674,328,5174,0.3761,9,1475,7666.0,8811.0,0,1506,2920,5457,4811,5424,1012,1475,70,126,57,27,47,49,55,1,69,97,55,5,53,77,307,173,72,173,248,83,5457,641,508,1475,1506
06037504101,633300,1678,2008,34,47,69,85,470,96,52,35,73,889,234,2562,549,4919,0.375,104,1359,6050.0,8015.0,0,1435,3463,4919,4486,4874,721,1359,28,90,69,48,26,61,83,74,82,84,60,88,138,229,99,43,120,221,164,86,4919,499,345,1359,1435
06037504200,628900,1668,2701,76,144,104,293,1639,88,31,80,68,696,226,3342,1063,7364,0.4882,100,2335,3954.0,10655.0,0,2421,5001,7427,6958,7388,1121,2335,53,50,118,157,78,101,208,116,184,192,83,76,185,203,295,148,289,143,252,83,7427,360,272,2335,2421
06037530005,808200,-666666666,1112,22,27,8,0,268,41,41,63,26,983,80,1572,69,3382,0.435,0,1251,6639.0,8584.0,0,1418,1070,3386,3165,3332,717,1251,18,135,160,56,103,181,6,133,87,201,76,94,44,32,96,93,97,56,24,20,3386,758,218,1251,1418
06037530006,688200,1911,998,248,109,104,154,1275,19,17,30,8,381,214,2538,679,4860,0.4017,128,1656,2258.0,6912.0,0,1704,3050,4913,4540,4891,669,1656,18,6,110,57,0,76,60,96,97,54,50,59,187,165,129,49,119,113,156,50,4913,227,134,1656,1704
06037530007,736700,1915,2189,59,70,44,10,513,178,132,99,122,1596,292,3237,554,6539,0.4083,57,2109,10692.0,12664.0,0,2210,4311,6539,5974,6505,1057,2109,44,84,96,136,164,57,155,115,173,145,109,156,104,146,265,50,243,126,136,166,6539,1040,530,2109,2210
06037530101,528600,1581,1129,104,175,85,234,1209,96,0,13,6,475,353,2590,1443,5182,0.5116,180,1684,2577.0,7326.0,0,1768,4336,5452,5079,5386,530,1684,42,66,79,39,52,79,43,53,120,46,219,249,44,137,151,42,247,357,106,49,5452,325,133,1684,1768
06037530102,613200,1414,1554,61,52,208,62,993,139,20,35,26,605,183,2079,587,4588,0.4849,29,1598,3770.0,7553.0,0,1678,3657,4706,4255,4614,594,1598,30,60,112,128,44,74,87,83,106,130,106,231,24,90,137,145,182,81,122,1,4706,344,232,1598,1678
06037530202,625800,1697,2328,83,9,34,68,369,185,189,11,0,936,157,2552,298,4114,0.4029,36,1305,5883.0,7503.0,0,1388,3795,4176,3999,4170,559,1305,47,47,112,34,36,0,62,114,115,58,60,89,48,85,95,16,56,98,174,87,4176,571,289,1305,1388
06037530203,622900,1601,-666666666,62,63,39,57,721,9,20,0,6,228,95,1417,428,2520,0.4314,62,949,1312.0,4169.0,0,1003,1999,2520,2293,2507,322,949,3,30,42,21,5,0,36,31,62,44,14,60,43,49,85,75,31,71,88,79,2520,197,31,949,1003
06037530204,618300,1735,1899,69,188,74,63,767,37,21,45,20,425,111,2419,447,4036,0.3338,25,1192,2497.0,5737.0,0,1227,3654,4044,3508,4032,444,1192,15,33,72,9,29,21,13,35,54,56,0,56,57,146,172,60,32,57,121,155,4044,215,190,1192,1227
06037530301,542500,1457,965,20,16,79,14,398,24,4,12,12,205,25,1021,236,2143,0.3716,12,603,1115.0,2742.0,0,614,2038,2167,2141,2167,295,603,29,0,13,49,31,18,5,66,46,65,42,32,24,115,35,49,65,73,63,42,2167,75,91,603,614
06037530302,563900,1295,1822,95,54,56,104,1116,34,121,61,86,838,234,3206,1237,6424,0.4481,56,1954,4596.0,8720.0,0,1990,6127,6424,5861,6348,797,1954,129,74,75,125,65,10,87,51,139,73,83,34,334,176,174,128,139,135,59,277,6424,318,420,1954,1990
06037530400,606000,1053,1250,89,97,93,44,841,18,7,0,32,326,100,1294,851,3714,0.5184,93,1167,1683.0,5280.0,0,1247,2816,3723,3336,3699,480,1167,26,37,138,80,81,0,53,90,99,159,82,50,53,317,125,88,165,76,63,138,3723,169,149,1167,1247
06037530500,582800,1365,1929,135,95,70,69,661,33,27,59,11,464,211,2106,439,4103,0.3335,43,1125,2352.0,5084.0,0,1160,3750,4103,3846,4078,480,1125,43,63,21,6,26,6,108,6,92,38,33,28,140,157,101,55,71,92,177,54,4103,180,210,1125,1160
06037530603,603600,1515,1839,36,35,132,40,580,98,77,45,9,623,230,2453,638,4390,0.3806,33,1203,3599.0,6108.0,0,1283,3792,4419,4095,4369,518,1203,2,60,68,65,32,0,49,62,111,14,41,27,156,77,123,78,73,141,85,87,4419,320,245,1203,1283
06037530700,591100,1311,1720,6,83,22,0,339,37,20,20,27,227,78,1242,400,2081,0.4168,14,566,1094.0,2510.0,0,595,1997,2152,1989,2137,289,566,10,54,20,25,0,14,16,17,29,45,0,14,32,68,50,34,81,85,68,29,2152,43,96,566,595
06037530801,591900,1460,1666,61,134,113,100,762,127,67,40,7,589,268,2931,901,5773,0.4056,26,1351,3312.0,6733.0,0,1461,4715,5773,5561,5767,654,1351,85,33,35,54,21,4,0,65,73,38,27,36,151,132,92,166,170,146,264,191,5773,263,265,1351,1461
06037530802,586800,1771,1971,11,43,28,41,359,29,59,53,20,481,94,1564,498,3184,0.3688,9,840,2609.0,4231.0,0,904,2889,3190,2953,3174,398,840,46,8,17,40,18,17,3,40,58,24,14,18,89,149,180,92,54,84,20,29,3190,186,232,840,904
06037530901,637200,1602,1486,71,54,26,74,670,25,3,29,24,283,84,2121,663,3846,0.4465,0,953,1697.0,4756.0,0,966,3859,3916,3778,3903,524,953,19,16,11,10,5,28,13,51,15,17,28,27,62,117,171,135,84,117,160,105,3916,95,98,953,966
06037530902,547600,1163,1452,17,73,167,138,790,66,0,55,0,411,103,1756,910,4027,0.4671,51,1201,1936.0,5017.0,0,1256,3949,4058,3712,3993,372,1201,100,17,41,15,10,12,36,65,97,100,18,133,99,140,236,78,159,29,184,227,4058,222,72,1201,1256
06037531000,583100,1393,1509,78,99,94,73,678,62,38,40,31,576,223,2530,478,5130,0.4345,34,1254,3200.0,6405.0,0,1321,5071,5136,5025,5126,750,1254,12,11,50,31,25,43,21,11,11,68,50,119,140,134,208,73,114,125,302,141,5136,302,228,1254,1321
06037531101,587500,1630,1107,126,170,27,10,742,7,32,0,27,387,277,2471,715,4816,0.371,79,1129,2351.0,5690.0,0,1209,4802,4833,4537,4798,425,1129,49,7,42,53,29,18,34,27,72,67,0,43,125,124,308,156,161,80,166,105,4833,224,121,1129,1209
06037531102,633000,1234,-666666666,40,28,99,50,634,8,21,32,3,191,72,1309,426,2485,0.4241,32,825,953.0,3608.0,0,873,2410,2485,2409,2479,319,825,16,26,33,30,2,26,20,35,28,58,21,50,25,41,81,34,55,103,105,27,2485,111,41,825,873
06037531201,520300,1298,-666666666,188,89,173,124,922,33,43,0,15,209,18,1828,657,4090,0.3328,65,1131,1145.0,5066.0,0,1233,4045,4118,4004,4103,426,1131,51,16,113,35,141,0,62,76,36,115,0,48,121,131,165,155,46,138,219,116,4118,61,145,1131,1233
06037531202,635700,1371,1352,35,159,114,137,810,0,32,23,24,287,211,2015,569,4192,0.37,12,1097,1451.0,4697.0,0,1184,4089,4252,3979,4252,465,1097,24,81,95,0,0,47,22,57,27,11,42,64,81,265,218,163,68,151,86,190,4252,108,148,1097,1184
06037531301,584400,1375,1719,126,172,66,100,1075,65,8,13,0,316,142,2363,1278,5226,0.411,67,1391,1914.0,6084.0,13,1460,5180,5360,5079,5344,652,1391,57,34,101,5,55,10,76,61,61,56,12,81,286,203,210,151,44,278,263,310,5360,168,110,1391,1460
06037531302,596000,1539,1842,70,39,107,141,879,77,7,33,77,479,96,2376,1653,5514,0.4629,32,1358,2696.0,5904.0,0,1440,5391,5549,5416,5480,772,1358,0,60,31,60,11,29,0,31,94,36,9,6,344,273,438,116,38,206,140,146,5549,159,231,1358,1440
06037531502,532600,1289,2063,21,9,40,62,542,23,0,34,8,239,181,1381,593,3074,0.4012,10,781,1234.0,3338.0,0,781,3059,3085,2966,3039,381,781,9,5,34,34,0,10,26,42,5,43,10,19,145,51,172,65,43,110,166,76,3085,91,98,781,781
06037531503,607600,1350,1761,44,178,81,46,581,8,15,29,0,224,26,1318,354,2646,0.3699,47,805,1235.0,3475.0,0,845,2563,2652,2514,2626,195,805,40,6,14,26,25,0,10,15,43,17,29,45,74,72,80,84,41,77,46,41,2652,108,96,805,845
06037531504,659100,1563,2091,145,46,65,7,629,38,31,41,39,339,162,2162,579,4097,0.4073,20,968,1734.0,4184.0,0,1095,4087,4097,3818,4034,396,968,8,29,40,18,18,9,24,83,38,65,8,26,175,150,291,138,72,204,137,14,4097,89,150,968,1095
06037531602,472900,1482,-666666666,24,124,61,65,766,0,0,20,12,243,79,1856,999,3787,0.4435,97,1009,1212.0,4292.0,0,1127,3769,3819,3487,3699,349,1009,24,34,101,22,18,0,79,103,78,24,0,9,193,149,183,27,134,95,81,74,3819,59,107,1009,1127
06037531603,581300,1345,1882,148,22,74,12,593,26,13,13,27,342,97,1770,361,3633,0.4038,27,935,1833.0,4234.0,0,975,3477,3665,3477,3647,428,935,33,35,43,37,0,4,21,34,61,16,5,26,94,153,120,47,79,155,172,67,3665,104,179,935,975
06037531604,572400,1307,950,56,52,57,58,594,16,20,8,6,238,77,1423,1130,3255,0.4228,56,832,1284.0,3569.0,0,858,3250,3255,3076,3202,326,832,11,18,39,0,66,12,44,16,26,18,27,40,79,110,198,62,106,103,120,113,3255,86,139,832,858
06037531701,583600,1416,1162,118,130,94,28,815,46,63,54,26,574,136,2806,1213,5692,0.4143,71,1389,3210.0,6836.0,0,1454,5576,5692,5186,5608,705,1389,60,35,98,24,25,41,27,27,162,35,10,56,154,206,157,23,148,290,247,191,5692,237,275,1389,1454
06037531702,623500,1194,1750,106,112,49,109,931,28,29,64,20,426,41,2481,432,4946,0.3693,93,1357,2281.0,5015.0,0,1460,4738,4946,4688,4792,457,1357,24,19,74,0,11,79,53,39,49,35,43,54,111,170,134,234,154,156,55,113,4946,195,111,1357,1460
06037531800,560500,1307,1313,165,73,30,23,1067,7,69,0,26,288,75,2729,818,4780,0.377,35,1355,1618.0,6254.0,0,1392,4591,4780,4530,4769,597,1355,69,26,38,16,19,13,21,69,34,34,45,30,57,97,116,175,74,209,344,103,4780,130,126,1355,1392
06037531901,540800,1303,1898,137,131,212,210,1153,45,54,86,8,592,86,3674,656,6498,0.368,90,1745,2929.0,7331.0,0,1844,6338,6531,6016,6497,949,1745,65,53,41,65,10,19,82,43,70,23,7,96,136,90,339,173,180,158,50,244,6531,218,240,1745,1844
06037531902,517900,1476,900,50,142,36,33,556,42,61,22,9,508,196,2458,646,4169,0.3857,32,1064,2640.0,4792.0,0,1117,4117,4217,4059,4201,632,1064,8,18,84,8,7,16,6,53,45,32,97,41,182,81,195,38,74,136,71,95,4217,178,255,1064,1117
06037532001,607200,1280,1943,43,38,23,109,666,34,12,99,20,305,93,1338,310,3139,0.4798,23,971,1695.0,4458.0,0,1022,3031,3139,2793,3132,502,971,0,34,33,79,24,69,14,64,62,84,80,49,71,88,46,126,169,112,58,28,3139,167,138,971,1022
06037532002,477800,1634,1531,106,65,57,43,550,24,46,31,0,486,127,1955,512,3414,0.3668,43,1036,2459.0,4719.0,0,1063,3072,3414,3106,3370,530,1036,0,14,104,9,15,5,15,31,74,51,34,22,94,60,227,61,87,69,186,76,3414,253,180,1036,1063
06037532101,574700,1675,2124,99,75,123,268,1333,68,80,110,12,627,266,3678,1141,7007,0.398,106,1960,3323.0,8476.0,0,1981,6583,7044,6663,6892,764,1960,120,122,64,35,52,14,25,100,131,81,37,0,120,285,255,243,508,275,220,107,7044,284,227,1960,1981
06037532102,605900,2006,1802,26,33,15,44,278,31,70,77,70,630,47,1877,288,3518,0.386,55,908,3232.0,4472.0,0,965,2738,3521,3195,3417,465,908,24,27,52,73,44,18,16,13,75,32,63,33,90,132,128,54,143,23,58,78,3521,275,285,908,965
06037532200,591700,1730,1764,200,248,72,56,1155,92,33,11,9,599,123,3664,1110,6873,0.3972,100,1754,3529.0,8496.0,0,1826,6123,6983,6583,6951,618,1754,37,53,37,62,43,25,36,79,44,131,0,53,212,272,209,120,380,271,168,197,6983,357,145,1754,1826
06037532302,487000,1338,1347,0,38,48,36,351,29,106,50,67,836,66,1936,499,4513,0.3659,51,1187,4358.0,6065.0,0,1201,4459,4588,4346,4568,624,1187,36,60,155,66,53,0,52,76,98,43,16,15,73,242,148,162,51,174,200,225,4588,188,511,1187,1201
06037532303,614500,1233,1574,199,0,44,11,635,80,69,24,56,631,165,2266,716,4392,0.44,63,1266,3573.0,5983.0,0,1266,4125,4399,4114,4375,543,1266,51,131,85,66,21,62,134,33,50,44,128,53,211,126,145,18,44,122,86,43,4399,322,228,1266,1266
06037532304,590400,1349,1826,7,9,26,77,591,0,37,23,21,454,101,1639,1066,4105,0.4731,55,1045,2810.0,5057.0,26,1064,3272,4119,3531,4097,482,1045,107,88,84,112,42,53,72,50,60,72,106,7,4,77,179,12,95,130,67,58,4119,195,168,1045,1064
06037532500,485000,1274,1766,54,49,8,79,598,59,28,24,0,515,165,1880,769,3804,0.4592,71,1113,3145.0,5095.0,0,1176,3562,3833,3582,3758,478,1113,67,59,15,15,14,84,14,27,62,43,38,35,125,72,128,101,200,206,133,42,3833,214,289,1113,1176
06037532605,453000,1327,-666666666,113,210,140,117,1071,9,0,0,40,153,199,2067,907,4129,0.4366,43,1224,1150.0,5441.0,0,1279,4022,4129,4020,4079,736,1224,34,33,205,28,52,38,26,36,55,49,17,19,84,76,156,109,116,119,118,173,4129,72,71,1224,1279
06037532606,505700,1301,-666666666,114,203,70,58,1170,0,13,0,0,61,218,2178,817,3902,0.4059,47,1231,274.0,4042.0,0,1267,3888,3987,3766,3942,331,1231,32,71,20,32,14,17,18,95,65,11,37,37,73,108,252,126,102,71,63,49,3987,53,8,1231,1267
06037532607,536200,1272,2269,59,220,84,47,1104,31,18,11,6,274,183,2312,868,4943,0.4317,138,1378,1395.0,5672.0,0,1421,4694,4943,4538,4845,639,1378,55,105,124,0,31,3,43,64,62,61,16,91,117,143,212,137,149,164,185,123,4943,102,93,1378,1421
06037532700,-666666666,1316,868,49,12,121,90,597,49,0,0,12,131,166,1598,851,3306,0.3587,30,728,673.0,3388.0,0,741,3189,3306,3069,3285,403,728,23,24,12,45,12,26,45,30,15,7,13,9,128,143,137,96,101,85,168,143,3306,27,86,728,741
06037532800,476200,1327,1663,60,64,52,47,602,0,15,41,39,364,135,1862,945,4392,0.3803,69,966,1803.0,4355.0,9,1025,4290,4392,3994,4291,557,966,15,24,57,17,0,8,0,63,15,7,0,10,214,166,303,160,157,189,125,197,4392,112,152,966,1025
06037532900,396000,1225,1767,84,202,85,72,1304,49,10,0,67,337,280,3202,1952,6620,0.4159,81,1641,1765.0,6369.0,0,1702,6226,6620,6393,6479,582,1641,67,32,86,0,38,55,42,15,39,36,74,28,182,387,240,218,300,270,201,243,6620,128,142,1641,1702
06037533001,473700,1307,-666666666,50,138,39,48,633,13,10,22,27,469,266,1906,966,4502,0.3969,108,1102,2622.0,5453.0,0,1163,4142,4502,4360,4495,396,1102,17,0,62,57,0,48,47,14,103,35,30,178,112,134,179,79,171,275,166,110,4502,134,273,1102,1163
06037533002,466400,1252,1696,0,39,31,21,343,0,19,0,12,241,112,1022,665,2403,0.4348,47,584,1462.0,2898.0,0,610,2367,2403,2228,2403,327,584,20,8,40,16,0,15,6,47,43,19,0,6,33,93,142,32,59,70,93,34,2403,85,101,584,610
06037533103,450000,1383,597,65,45,78,61,691,0,3,0,1,86,79,1494,488,3164,0.4207,32,777,515.0,3099.0,0,800,3156,3211,2846,3154,303,777,16,23,33,8,0,16,13,24,19,6,44,13,115,207,150,68,168,59,148,85,3211,24,27,777,800
06037533104,450600,1293,1694,168,120,152,112,1105,12,31,42,0,210,150,2086,817,4407,0.3902,61,1315,1023.0,4540.0,0,1315,4276,4451,3982,4396,482,1315,77,26,67,23,40,27,24,106,94,58,50,7,153,37,282,156,216,131,155,137,4451,105,81,1315,1315
06037533105,561000,1563,-666666666,53,52,16,18,584,0,0,0,8,65,222,1386,381,2419,0.4583,49,649,326.0,2586.0,0,664,2402,2419,2089,2417,261,649,0,13,0,0,3,0,8,15,26,0,26,3,28,53,122,66,61,82,75,59,2419,19,38,649,664
06037533108,571500,1317,1638,79,88,192,86,1083,30,21,9,22,227,301,2673,1025,4744,0.3718,10,1310,1111.0,4738.0,0,1383,4577,4751,4073,4730,458,1310,19,29,16,16,34,8,31,116,63,81,3,19,113,131,177,157,91,138,141,173,4751,97,91,1310,1383
06037533201,475700,1219,1644,63,56,52,81,469,23,19,26,12,196,178,1337,268,2421,0.3541,73,665,1082.0,2775.0,0,677,2416,2421,2294,2397,273,665,10,43,14,31,18,44,38,57,20,11,17,0,42,89,66,36,26,58,98,21,2421,76,77,665,677
06037533204,553800,1444,1694,63,168,90,45,675,54,18,11,15,337,179,2255,540,4436,0.3546,77,1012,1780.0,4718.0,0,1053,4316,4451,4269,4412,503,1012,32,15,51,28,22,0,43,51,45,44,0,10,215,147,151,172,85,223,161,101,4451,121,176,1012,1053
06037533300,605100,1394,1728,46,38,38,44,578,7,13,0,49,258,41,1387,755,2993,0.4129,8,836,1297.0,3341.0,0,864,2957,2993,2908,2979,292,836,14,14,19,24,0,25,0,21,62,12,0,24,127,72,222,98,135,125,131,71,2993,96,148,836,864
06037533401,507800,1464,797,131,114,182,24,859,9,20,0,0,336,49,2516,770,4907,0.3501,22,1195,1619.0,4969.0,0,1222,4849,4923,4438,4847,675,1195,0,41,22,102,48,11,0,40,51,0,48,22,122,260,330,177,105,156,87,58,4923,40,240,1195,1222
06037533402,543200,1203,-666666666,70,35,117,6,756,21,0,0,34,220,56,1710,1050,3770,0.5166,18,976,1259.0,3870.0,0,987,3749,3770,3546,3734,479,976,6,26,52,26,30,7,6,50,70,0,23,32,198,107,175,85,162,151,173,136,3770,79,141,976,987
06037533403,609600,1394,-666666666,54,19,31,36,414,0,36,25,8,338,74,1187,244,2350,0.3552,37,752,1664.0,3117.0,0,765,2205,2505,2374,2498,373,752,22,84,71,82,27,19,8,127,33,54,26,54,104,84,98,49,24,65,48,39,2505,91,101,752,765
06037533501,489100,1359,-666666666,53,56,78,21,578,0,41,19,10,202,194,1662,436,2852,0.3659,53,780,930.0,2760.0,0,792,2845,2852,2552,2845,380,780,0,15,13,21,8,28,25,0,18,25,11,0,52,103,107,149,73,54,59,55,2852,52,85,780,792
06037533504,540300,1357,1550,85,67,113,145,737,55,24,19,9,257,106,2004,701,3955,0.4025,71,994,1341.0,3957.0,0,994,4007,4045,3895,4026,437,994,15,32,69,0,33,53,47,96,79,22,37,44,92,211,130,80,167,84,135,44,4045,64,104,994,994
06037533601,683200,1479,2621,139,127,91,61,985,15,22,11,0,165,152,2034,755,4245,0.3677,36,1150,956.0,4622.0,0,1167,3973,4279,4207,4266,511,1150,27,50,14,44,0,14,25,61,62,0,50,0,129,259,275,112,69,130,115,88,4279,59,45,1150,1167
06037533602,571600,1316,2129,30,66,115,126,1078,23,0,9,55,289,144,2179,978,4932,0.3859,54,1367,1569.0,5448.0,0,1367,4159,4932,4767,4851,749,1367,20,93,64,38,58,0,62,19,65,71,0,11,417,105,205,110,219,197,180,166,4932,146,38,1367,1367
06037533603,620500,1302,2411,71,150,96,153,1308,75,0,11,87,427,287,2664,1651,6407,0.4484,79,1735,2268.0,6788.0,0,1786,6028,6407,6126,6296,771,1735,68,25,100,70,44,53,33,25,71,132,40,40,202,225,307,174,372,263,207,168,6407,166,199,1735,1786
06037533701,451100,1373,1644,61,115,50,47,607,15,36,11,0,216,83,1575,350,3003,0.4084,12,823,1148.0,3279.0,0,832,2919,3009,2889,2999,387,823,34,41,97,7,6,0,18,72,133,13,4,22,27,128,156,99,68,89,79,38,3009,76,93,823,832
06037533702,555800,1305,1670,90,66,41,17,640,28,39,21,0,240,180,1751,1030,3554,0.4053,69,880,1223.0,3656.0,0,900,3552,3568,3314,3501,412,880,25,24,41,13,0,16,29,46,29,10,27,17,84,107,168,77,186,160,117,75,3568,48,122,880,900
06037533703,612000,1664,1810,20,60,53,49,586,9,31,12,53,310,203,2083,827,4163,0.4154,59,896,1508.0,4243.0,0,896,4175,4241,4099,4209,499,896,0,10,21,19,23,13,46,19,40,80,25,10,108,140,269,69,242,183,232,31,4241,120,74,896,896
06037533803,598500,1478,1659,142,55,149,65,1092,43,56,24,22,471,72,2503,1695,5668,0.4208,82,1563,2661.0,6771.0,0,1597,4750,5775,5360,5753,745,1563,15,115,52,8,48,63,90,91,48,40,29,71,103,325,153,186,144,145,298,74,5775,135,178,1563,1597
06037533804,452300,1455,688,73,26,61,40,624,13,0,22,29,412,142,1969,685,3524,0.3989,57,1036,1674.0,4091.0,0,1062,3491,3524,3425,3491,372,1036,23,69,45,0,12,9,59,14,44,66,21,15,50,61,119,74,43,25,192,171,3524,80,236,1036,1062
06037533805,588700,1485,1690,67,35,103,51,671,50,38,3,21,380,0,2039,827,3816,0.4912,54,1051,2264.0,4729.0,0,1051,3645,3816,3760,3812,507,1051,12,38,82,6,5,18,41,8,14,42,21,33,46,163,129,82,168,97,75,93,3816,199,142,1051,1051
06037533806,-666666666,1621,978,60,42,79,104,602,67,4,0,10,339,169,2074,524,3779,0.3304,25,941,1396.0,3789.0,0,965,3498,3791,3453,3742,385,941,37,10,28,0,12,52,33,10,55,21,27,26,107,86,126,54,203,59,135,127,3791,86,115,941,965
06037533901,528000,1397,1120,99,158,40,82,1085,14,9,0,0,216,107,2489,1281,5083,0.3565,46,1301,1180.0,5565.0,0,1370,4731,5083,4884,4971,637,1301,16,17,12,68,0,42,31,54,28,54,20,69,140,278,151,159,309,234,190,98,5083,64,110,1301,1370
06037533902,515300,1710,1824,91,119,4,87,728,6,7,25,10,270,96,2164,727,4378,0.3744,21,998,1367.0,4604.0,0,1014,4377,4454,4296,4420,434,998,6,76,0,41,36,0,41,22,23,61,41,23,113,142,215,135,126,92,247,28,4454,128,128,998,1014
06037534001,486800,1516,-666666666,151,140,194,69,1108,8,13,8,0,193,169,2610,1406,5142,0.3593,125,1301,1030.0,5664.0,0,1335,5094,5142,4977,5051,659,1301,32,69,50,19,25,0,25,49,34,62,66,14,129,141,264,79,200,280,120,201,5142,22,130,1301,1335
06037534002,461700,1805,-666666666,93,43,86,0,700,41,24,0,0,253,83,1815,698,3925,0.4165,68,953,1238.0,4351.0,0,968,3720,4064,3857,4021,488,953,26,78,56,9,18,9,25,82,40,26,40,85,139,105,226,138,141,194,221,41,4064,95,94,953,968
06037534101,467200,1331,1337,15,109,48,32,365,0,14,11,0,132,25,1002,416,1931,0.3771,0,497,650.0,2154.0,0,497,1864,1931,1891,1921,238,497,8,0,25,0,15,0,0,21,10,32,0,0,25,88,61,24,26,53,42,79,1931,19,71,497,497
06037534102,482800,1543,2647,163,150,108,59,1274,35,12,0,0,171,177,2667,1942,5899,0.4183,115,1445,838.0,5775.0,0,1494,5797,5912,5697,5863,447,1445,16,49,17,151,0,0,10,0,78,84,36,16,69,285,281,127,314,139,225,206,5912,44,90,1445,1494
06037534201,-666666666,1625,553,116,76,80,66,759,12,0,0,0,208,36,1712,796,4034,0.3692,51,967,976.0,4071.0,0,967,4049,4169,4006,4136,390,967,41,50,23,36,28,12,60,13,32,32,49,32,159,136,312,170,66,221,157,50,4169,57,87,967,967
06037534202,-666666666,1606,912,71,157,30,129,964,5,0,14,0,252,308,2266,1270,5154,0.4364,44,1216,1272.0,5079.0,0,1285,4953,5258,5090,5222,570,1216,30,57,55,81,10,13,91,49,38,43,34,31,185,295,258,133,183,171,216,88,5258,33,198,1216,1285
06037534203,350000,1467,1418,27,38,98,111,676,0,14,17,18,169,35,1306,624,3210,0.4234,50,845,981.0,3500.0,0,849,3146,3250,2941,3238,277,845,0,12,43,8,15,0,25,85,68,70,33,46,146,126,188,50,49,102,159,80,3250,17,112,845,849
06037534301,493200,1513,1091,26,96,136,127,952,0,34,0,0,116,209,1800,1330,4104,0.3305,72,1068,711.0,4516.0,0,1085,3860,4104,3869,4075,449,1068,0,38,64,12,0,24,58,29,33,0,0,88,195,161,202,80,117,181,365,210,4104,45,71,1068,1085
06037534302,603700,1675,2875,39,116,106,70,804,26,10,0,12,85,137,1894,999,3849,0.3712,60,889,526.0,3939.0,0,889,3737,3861,3678,3828,476,889,11,34,21,26,0,8,49,12,23,38,47,9,117,176,200,159,116,66,158,62,3861,19,56,889,889
06037534403,500000,1660,-666666666,32,40,101,41,734,0,0,0,0,76,102,1238,981,3100,0.5059,43,810,344.0,3448.0,0,851,2987,3100,2784,3087,529,810,35,22,88,44,15,0,87,13,40,21,0,0,92,74,107,99,130,77,120,51,3100,27,32,810,851
06037534404,472900,1422,-666666666,10,142,123,36,753,14,0,17,19,194,205,1747,591,3235,0.4218,82,947,1009.0,4137.0,0,972,3148,3244,3016,3166,402,947,11,46,50,26,0,19,31,55,34,15,0,13,99,56,123,66,152,79,108,119,3244,82,71,947,972
06037534405,-666666666,1733,-666666666,35,41,45,129,730,0,4,0,0,183,146,1880,1130,3978,0.3809,30,913,1089.0,4343.0,0,966,3909,4000,3839,3958,413,913,53,24,63,13,10,13,21,67,58,53,0,42,142,131,222,88,23,83,268,36,4000,72,111,913,966
06037534406,432000,1628,2160,102,38,155,96,1111,0,13,12,0,34,191,2174,1000,4332,0.4208,143,1145,229.0,5089.0,0,1145,4335,4348,4132,4339,379,1145,6,3,33,58,40,6,0,2,9,62,20,0,92,137,190,66,195,222,173,77,4348,0,25,1145,1145
06037534501,486000,1646,-666666666,89,59,297,70,911,29,49,71,0,402,531,2747,991,5640,0.3835,41,1313,2152.0,6019.0,0,1329,5567,5651,5088,5562,502,1313,8,19,33,76,47,109,25,17,153,21,76,6,312,174,224,253,179,117,252,90,5651,165,128,1313,1329
06037534502,554900,1282,1945,60,35,15,0,365,113,49,28,0,586,125,1985,691,3403,0.4244,21,951,3018.0,4361.0,0,983,3207,3403,3015,3393,503,951,12,51,22,10,22,20,37,31,62,35,23,18,84,100,146,98,39,179,47,10,3403,192,274,951,983
06037534700,576300,1559,1958,48,26,36,0,310,73,62,68,121,688,215,2179,349,4407,0.3689,25,998,4110.0,5460.0,0,1030,4362,4448,4166,4408,570,998,16,47,103,18,65,14,82,41,98,54,32,53,133,128,204,81,120,131,180,65,4448,180,396,998,1030
06037534802,578200,1244,1654,36,44,22,17,298,16,38,6,9,339,63,1442,348,2638,0.422,44,637,1794.0,2951.0,0,662,2595,2649,2548,2606,290,637,38,30,25,45,6,5,6,44,17,48,5,31,31,94,124,39,64,103,69,44,2649,127,138,637,662
06037534803,485300,1455,1515,37,67,33,48,654,0,145,30,4,544,219,2348,559,4638,0.4416,16,1198,3055.0,5451.0,0,1221,4636,4749,4486,4728,666,1198,10,19,116,6,17,31,43,31,89,81,65,18,109,149,223,206,83,121,234,78,4749,256,162,1198,1221
06037534804,562500,1164,1599,39,37,82,60,563,29,48,17,32,425,249,2059,1262,4335,0.4041,105,988,2413.0,4358.0,0,988,4319,4363,4188,4331,591,988,62,29,71,27,25,18,42,16,108,27,60,50,107,229,230,58,214,111,279,40,4363,78,247,988,988
06037534900,518900,1477,1646,128,184,103,41,948,23,22,0,104,413,443,3153,660,5790,0.4412,88,1361,2178.0,6524.0,0,1402,5731,5790,5409,5724,737,1361,0,10,164,0,29,14,14,45,113,16,10,7,172,150,210,157,159,168,204,112,5790,90,244,1361,1402
06037535001,516000,1354,2018,33,47,53,100,598,30,23,39,17,327,200,1827,1201,4176,0.4355,82,925,1702.0,4209.0,0,962,3916,4176,3802,4119,402,925,22,17,24,16,32,3,45,38,87,13,23,23,105,206,183,67,176,255,213,101,4176,115,101,925,962
06037535002,518600,1282,1316,34,78,71,48,574,0,7,24,12,318,130,1672,1098,3666,0.4149,48,892,1693.0,4108.0,8,922,3536,3670,3525,3642,335,892,33,19,51,18,8,0,63,44,29,48,0,32,152,161,156,72,152,162,166,153,3670,109,163,892,922
06037535101,530200,1514,765,139,103,190,84,1344,49,39,16,32,667,462,3481,1101,7961,0.343,63,2011,3639.0,9523.0,0,2060,7309,7994,7253,7836,1038,2011,95,115,83,14,39,25,21,105,68,36,13,39,199,428,399,142,443,263,341,214,7994,290,278,2011,2060
06037535102,514400,1524,1958,76,42,40,38,628,33,62,115,0,448,198,2201,514,4554,0.373,21,1076,2121.0,5021.0,0,1136,4079,4570,4240,4510,470,1076,29,91,44,35,1,0,19,0,63,6,22,2,225,261,215,203,190,64,158,146,4570,98,252,1076,1136
06037535200,455900,1590,2005,40,10,46,83,542,64,32,51,105,658,378,2989,906,5979,0.3227,86,1200,3627.0,6076.0,0,1300,5115,6043,5821,5990,687,1200,109,36,40,11,0,9,67,24,27,0,33,1,153,281,167,118,247,292,377,111,6043,145,274,1200,1300
06037535300,478000,1325,1982,51,0,22,91,666,102,26,90,53,721,130,2987,1822,6232,0.4377,128,1387,3919.0,6708.0,0,1437,6071,6232,6032,6131,739,1387,19,77,36,43,14,17,63,85,15,32,43,16,245,208,271,128,243,144,216,216,6232,186,357,1387,1437
06037535400,374400,1455,1340,11,47,51,39,455,59,17,34,5,302,96,1382,970,3434,0.4165,70,757,1578.0,3777.0,0,768,3128,3434,3327,3434,407,757,30,15,76,6,33,0,30,29,60,28,0,30,139,156,125,89,51,137,150,122,3434,49,192,757,768
06037535501,636500,1275,2299,93,37,63,85,717,15,23,36,17,207,92,1350,863,3213,0.3889,82,924,1114.0,3468.0,0,960,3126,3234,2991,3163,393,924,63,30,23,0,0,8,28,23,16,16,12,17,187,184,193,71,154,204,191,64,3234,81,79,924,960
06037535502,549000,1349,1590,243,86,0,26,895,71,62,46,23,432,186,2853,1024,5276,0.4049,42,1327,2277.0,6346.0,0,1327,5118,5345,4954,5298,684,1327,17,37,82,33,45,10,35,103,74,147,8,7,149,262,119,101,125,54,300,56,5345,225,190,1327,1327
06037535503,573800,1313,2170,40,42,21,17,352,24,90,33,19,299,135,1411,169,2375,0.346,18,651,1660.0,2980.0,0,670,2279,2375,2275,2365,359,651,14,15,13,21,9,20,7,0,66,45,14,16,17,128,127,71,44,57,66,59,2375,84,182,651,670
06037535603,579800,1492,1768,45,63,55,93,673,19,0,35,6,289,205,1668,831,3801,0.4216,82,962,1674.0,4301.0,30,1020,3608,3841,3526,3741,387,962,36,47,55,15,13,11,20,48,27,28,31,60,228,173,147,132,133,84,162,116,3841,108,120,962,1020
06037535604,569600,1241,1878,98,123,36,29,618,54,54,48,15,414,239,2256,722,4256,0.3999,33,1032,2269.0,4513.0,0,1042,4219,4256,3892,4202,521,1032,96,81,21,20,10,0,31,55,11,48,22,17,43,65,155,100,128,192,221,126,4256,147,164,1032,1042
06037535605,617500,1378,1507,89,131,107,135,812,33,17,28,0,321,310,2153,443,4546,0.3587,68,1133,1545.0,4497.0,0,1154,4464,4546,4288,4546,622,1133,47,32,40,32,0,35,22,66,26,158,22,0,273,160,200,39,62,70,334,122,4546,42,253,1133,1154
06037535606,472100,1274,2062,47,48,26,48,281,31,28,0,36,179,133,899,118,1874,0.3342,10,460,866.0,1841.0,0,480,1856,1874,1606,1858,243,460,14,4,6,14,3,2,14,13,9,12,12,28,94,90,120,51,44,70,72,75,1874,44,74,460,480
06037535607,569100,1583,1921,36,29,68,77,328,79,16,0,103,698,78,2064,388,4469,0.3951,24,1026,3606.0,4821.0,0,1026,4385,4469,4228,4438,674,1026,33,81,85,52,0,0,81,135,86,9,22,58,106,110,294,81,73,96,205,181,4469,244,299,1026,1026
06037535701,582000,1364,1874,52,176,85,148,928,30,71,90,29,512,202,2779,651,5413,0.3467,38,1440,3093.0,6265.0,0,1468,4860,5413,5307,5400,736,1440,65,113,32,51,15,0,34,44,129,55,34,41,239,90,183,61,114,164,156,84,5413,212,160,1440,1468
06037535702,636300,1479,1478,144,122,119,92,860,65,18,55,0,512,207,3220,718,6424,0.4055,124,1372,2958.0,6282.0,0,1395,6363,6478,6096,6373,644,1372,0,91,53,19,9,9,52,12,111,54,33,34,246,192,224,190,202,284,196,68,6478,112,324,1372,1395
06037535802,562700,1454,1382,98,120,59,55,734,56,71,37,11,794,188,3072,584,5829,0.3732,105,1528,4210.0,7047.0,0,1595,5631,5829,5551,5818,853,1528,33,35,160,50,18,28,53,65,140,88,21,38,119,230,286,132,133,151,160,102,5829,260,389,1528,1595
06037535803,593100,1546,1623,45,53,81,45,652,34,18,24,10,341,91,1693,593,3607,0.3895,57,993,1864.0,4279.0,0,993,3543,3607,3337,3553,474,993,43,4,72,16,44,0,56,54,16,14,29,0,189,181,136,16,87,82,225,156,3607,123,201,993,993
06037535804,596100,1440,2221,133,29,93,10,924,146,0,63,0,510,323,3514,1090,5972,0.3933,171,1434,2836.0,6455.0,0,1468,5814,6025,5859,5976,610,1434,139,10,68,102,0,0,20,80,111,25,0,0,104,233,195,131,176,182,356,122,6025,85,322,1434,1468
06037535901,593200,1518,1901,68,35,100,9,808,40,129,0,90,835,183,2802,1126,5953,0.406,126,1643,4657.0,7995.0,0,1643,5777,5953,5770,5888,830,1643,53,138,62,38,0,0,30,77,166,47,28,59,126,190,221,239,17,211,349,90,5953,335,342,1643,1643
06037535902,586200,1146,1838,26,99,45,14,354,104,81,102,46,1039,223,2988,517,6038,0.3583,84,1393,5705.0,7193.0,0,1446,5764,6059,5597,6009,809,1393,176,32,123,34,14,55,122,85,147,48,58,30,155,121,242,102,202,192,232,136,6059,300,525,1393,1446
06037536000,595100,1284,1692,59,92,47,37,733,20,16,32,20,251,198,1733,629,3165,0.4282,61,984,1514.0,4091.0,0,1029,3073,3169,2947,3169,331,984,19,11,24,60,22,22,18,49,134,8,9,47,82,123,53,112,72,57,138,71,3169,85,130,984,1029
06037536102,502100,2094,2005,0,0,0,23,257,99,40,97,52,776,68,1661,432,3483,0.3984,13,1033,4085.0,5294.0,0,1059,2810,3483,3087,3453,453,1033,18,39,126,74,19,0,13,93,93,139,0,9,130,84,68,28,163,88,50,174,3483,429,248,1033,1059
06037536103,499200,1642,1738,78,92,84,85,751,125,127,28,32,674,218,2946,456,5219,0.3586,93,1425,3838.0,6438.0,0,1454,5072,5319,4863,5233,807,1425,70,49,56,33,39,10,23,82,75,93,64,14,298,125,192,139,160,103,216,71,5319,259,312,1425,1454
06037536104,609400,1629,1938,96,83,63,40,606,60,64,20,52,433,160,1909,343,3395,0.3595,43,1039,2421.0,4657.0,0,1074,3025,3395,3149,3313,531,1039,27,19,26,35,20,0,19,26,48,44,33,20,114,23,92,65,113,169,157,122,3395,170,251,1039,1074
06037536201,597300,1407,1772,9,8,64,70,319,59,14,89,9,616,96,1855,674,3452,0.5572,24,935,3669.0,4706.0,60,956,3146,3452,3283,3386,595,935,0,26,51,28,0,0,43,16,23,11,19,34,10,128,97,119,105,105,135,128,3452,216,340,935,956
06037536202,595300,1174,2243,5,85,200,11,613,15,135,14,97,573,176,2227,253,4259,0.4203,123,1186,3311.0,5499.0,0,1207,4061,4259,3907,4234,685,1186,28,100,33,107,20,0,50,76,95,126,42,55,96,56,130,98,158,67,161,80,4259,249,249,1186,1207
06037540000,486600,1599,2124,69,80,221,99,937,31,73,25,44,647,355,3546,1586,7279,0.3773,68,1584,3388.0,7531.0,0,1656,7029,7373,6909,7317,983,1584,18,131,82,3,8,18,7,109,169,28,4,8,184,375,298,143,393,369,344,196,7373,157,297,1584,1656
06037540101,521200,1665,1652,29,54,34,39,449,108,82,66,18,1088,350,2918,1010,6287,0.4092,118,1537,6630.0,8298.0,0,1547,5522,6359,6280,6325,826,1537,10,53,49,173,15,68,0,24,185,98,69,28,349,160,265,72,100,216,142,53,6359,432,518,1537,1547
06037540102,541000,1715,1795,38,41,11,0,247,108,54,82,79,1065,249,3017,775,5790,0.4121,24,1312,5887.0,6790.0,10,1397,5097,5831,5356,5831,681,1312,45,57,69,115,17,4,24,80,75,87,8,7,159,184,160,57,74,207,315,169,5831,409,408,1312,1397
06037540201,452400,1287,1323,29,51,39,48,471,7,5,12,0,87,115,922,645,2237,0.485,54,558,374.0,2165.0,22,571,2172,2270,2038,2206,291,558,17,0,5,12,3,0,18,15,44,0,7,13,192,74,73,95,90,120,74,48,2270,13,52,558,571
06037540202,585100,1464,1688,34,191,214,146,1195,9,87,0,16,384,234,3201,1194,6499,0.3682,97,1579,2080.0,6545.0,0,1609,6224,6888,6411,6783,870,1579,106,84,68,63,45,4,39,76,77,66,5,121,350,205,282,63,152,303,158,111,6888,120,172,1579,1609
06037540203,499600,1430,2181,86,123,96,49,914,54,87,28,44,401,207,2694,1103,5633,0.382,154,1315,2437.0,6005.0,0,1381,5077,5694,5408,5694,554,1315,9,55,36,11,17,14,22,47,86,59,32,21,128,126,341,202,76,269,322,103,5694,84,259,1315,1381
06037540300,478300,1498,1710,72,27,50,48,395,32,172,47,0,791,185,2042,165,4351,0.3277,63,1186,4070.0,5687.0,0,1186,4198,4363,3974,4276,581,1186,24,49,42,47,10,53,36,22,56,30,27,10,156,189,307,112,101,170,131,18,4363,325,390,1186,1186
06037540400,467300,1189,1645,19,20,31,21,222,41,35,23,11,240,65,910,495,1907,0.4352,30,462,1307.0,2166.0,0,486,1692,1907,1881,1895,207,462,5,0,14,9,22,0,9,0,13,17,7,25,18,66,94,32,68,80,99,77,1907,51,129,462,486
06037540501,593600,1336,2059,41,33,0,0,409,13,21,18,120,534,98,2221,849,3895,0.4304,54,943,3017.0,4714.0,0,983,4524,5500,4443,5434,484,943,49,92,20,29,0,11,93,9,18,0,0,23,138,64,204,131,90,128,131,37,5500,195,196,943,983
06037540502,623000,1498,2344,100,216,102,178,1438,54,17,58,22,242,392,3106,1169,6838,0.4116,227,1680,1240.0,6769.0,0,1707,6139,6850,6489,6813,721,1680,28,64,37,57,0,30,12,39,21,0,0,28,291,339,507,169,351,222,274,110,6850,93,71,1680,1707
06037540600,527600,1292,1302,12,57,70,112,681,32,0,92,49,493,508,1837,1096,4587,0.4382,260,1174,2682.0,5642.0,0,1174,3433,4595,4212,4468,451,1174,50,77,44,29,0,79,15,50,16,81,72,79,323,184,169,85,109,252,243,159,4595,206,111,1174,1174
06037540700,526300,1635,1785,66,11,42,32,460,70,20,4,79,453,177,1284,414,3005,0.3861,68,913,2452.0,4551.0,0,958,2002,3066,2552,3002,256,913,32,53,41,24,0,26,31,36,15,11,3,23,191,110,86,20,87,267,194,0,3066,198,212,913,958
06037540800,516700,1292,1893,60,66,39,0,490,91,67,56,256,1075,231,2644,600,5633,0.4486,91,1565,6162.0,8229.0,0,1674,2381,5671,5092,5458,693,1565,48,55,33,33,18,0,39,36,100,15,17,63,414,290,77,154,203,231,325,38,5671,464,565,1565,1674
06037540901,515800,1672,1479,29,34,31,20,438,89,82,76,38,789,148,2505,643,4748,0.4208,108,1227,4331.0,6558.0,0,1244,3569,5194,4745,5183,502,1227,42,54,234,52,30,16,32,117,73,30,10,116,143,232,72,90,24,280,158,58,5194,379,275,1227,1244
06037540902,541200,1363,2014,72,42,46,77,607,50,43,43,26,889,170,2282,922,4120,0.5008,50,1496,5490.0,8225.0,0,1578,1799,4222,3833,4222,459,1496,40,39,42,24,15,23,48,30,72,58,45,19,164,191,49,51,161,89,225,68,4222,614,228,1496,1578
06037541003,505200,1109,1343,105,0,34,20,244,82,30,208,46,1137,296,2321,489,4537,0.3963,138,1381,6473.0,7599.0,0,1422,1641,4677,4359,4602,537,1381,25,35,78,28,27,43,21,38,108,185,132,61,288,116,91,113,45,139,85,57,4677,523,477,1381,1422
06037541100,535600,1152,1904,7,0,130,13,282,45,68,58,11,654,240,1612,444,3011,0.4687,110,936,3521.0,4720.0,0,987,1779,3031,2945,3031,295,936,37,0,78,0,0,1,7,50,27,107,13,69,48,215,146,101,43,126,81,22,3031,342,180,936,987
06037541200,543200,1924,2232,0,147,49,69,505,199,140,71,192,1334,100,2467,368,6136,0.3726,146,1839,7369.0,9852.0,0,1920,2270,6156,5891,6095,769,1839,26,59,83,107,32,6,95,122,47,117,67,187,175,403,163,95,436,168,183,80,6156,569,640,1839,1920
06037541300,521800,1426,2218,0,28,31,31,323,157,115,130,141,1154,253,2927,469,5408,0.3422,59,1477,5834.0,7092.0,0,1534,3922,5417,5159,5386,685,1477,44,36,131,0,0,17,82,46,79,50,16,67,57,137,174,185,169,227,187,117,5417,485,395,1477,1534
06037541401,434900,1617,1914,22,0,29,181,735,33,44,0,13,257,127,1476,1024,3475,0.4629,212,992,1461.0,4507.0,8,1011,2810,3523,2678,3406,483,992,29,51,52,6,31,0,8,35,48,114,3,8,220,94,81,36,145,213,134,24,3523,93,109,992,1011
06037541402,411900,1911,1589,65,0,64,101,409,70,0,25,39,420,27,1845,546,3586,0.4011,15,829,2031.0,4316.0,0,894,2995,3586,3569,3569,414,829,70,0,0,50,17,20,0,23,50,10,0,0,162,53,48,71,180,93,222,158,3586,149,261,829,894
06037541500,482200,1302,1725,0,69,133,57,885,26,79,44,71,483,378,2669,663,5225,0.4397,48,1368,2806.0,6751.0,0,1430,4560,5225,4770,5225,582,1368,22,0,27,8,47,0,0,9,57,38,46,22,101,212,223,154,102,160,283,128,5225,147,251,1368,1430
06037541603,429600,1253,1861,64,45,54,21,434,8,51,35,38,299,91,1443,617,2852,0.3547,88,733,1587.0,3144.0,0,741,2689,2957,2730,2892,326,733,8,27,67,6,3,4,14,14,55,30,31,18,85,130,185,94,85,126,127,33,2957,86,175,733,741
06037541604,450200,1501,1712,86,51,55,147,893,62,0,27,52,497,169,2372,1275,5226,0.4478,101,1390,2621.0,5993.0,0,1447,4720,5252,5090,5165,646,1390,35,53,70,22,36,0,33,46,32,88,109,0,272,206,232,130,170,190,243,171,5252,188,220,1390,1447
06037541605,442000,1487,1768,72,39,71,10,701,52,84,50,71,788,133,2480,714,5225,0.3793,118,1489,3963.0,7043.0,0,1554,3907,5225,4967,5160,696,1489,57,42,108,14,15,26,64,22,118,34,24,67,101,153,102,164,113,127,246,34,5225,347,324,1489,1554
06037541606,598600,1298,2375,49,39,120,21,490,6,51,0,25,162,123,1033,1067,2813,0.5077,88,652,990.0,2939.0,0,664,2540,2813,2610,2794,299,652,14,0,56,10,0,0,49,17,0,8,3,0,83,71,213,105,99,146,292,58,2813,49,50,652,664
06037541700,550900,1194,1957,27,25,27,25,319,147,119,48,121,1057,289,3054,641,6068,0.3537,95,1376,6406.0,7829.0,0,1401,5438,6092,5868,5980,712,1376,78,0,112,26,83,18,133,71,98,90,52,33,184,253,262,99,276,128,121,136,6092,340,473,1376,1401
06037541801,497400,1547,2195,74,114,104,87,695,50,40,37,17,445,227,2260,784,5470,0.3484,42,1140,2285.0,5412.0,0,1207,3674,5496,5279,5457,532,1140,41,0,15,0,6,0,139,28,119,0,5,17,262,239,332,112,423,268,241,94,5496,129,184,1140,1207
06037541802,564400,1628,2167,12,14,20,18,308,0,14,72,39,962,323,2657,415,4880,0.3821,23,1270,5095.0,6189.0,0,1300,3903,4880,4686,4765,770,1270,32,58,2,9,20,7,22,34,44,44,6,22,139,174,76,68,169,100,62,25,4880,255,476,1270,1300
06037542000,507000,1492,2173,57,14,46,37,384,137,8,44,77,814,187,2825,462,5231,0.3169,110,1198,4607.0,6038.0,0,1227,3990,5231,5073,5196,610,1198,9,63,72,0,49,0,19,7,117,38,0,23,84,103,245,200,106,96,327,78,5231,279,324,1198,1227
06037542103,484000,1548,1901,40,38,25,63,358,58,42,14,44,457,174,1684,356,3361,0.3778,42,815,2449.0,3939.0,0,825,2961,3420,3374,3378,400,815,42,19,59,28,12,24,11,28,15,32,13,41,50,84,145,131,51,97,129,179,3420,149,182,815,825
06037542104,456700,1596,2042,12,41,133,31,436,96,17,34,15,448,75,2109,511,4192,0.4414,64,884,2346.0,4173.0,0,910,3939,4280,4267,4277,524,884,69,34,11,13,17,0,19,14,21,40,20,0,173,72,176,129,106,158,128,99,4280,69,180,884,910
06037542105,487300,1579,1057,19,86,71,127,752,50,18,16,11,402,273,2421,943,5146,0.5046,92,1154,2112.0,4940.0,0,1213,4526,5156,5046,5128,515,1154,35,112,32,39,10,19,0,27,40,58,25,11,126,184,269,182,84,245,275,89,5156,91,213,1154,1213
06037542106,456500,1208,1661,13,30,137,21,466,19,61,11,5,309,95,1129,751,2553,0.4292,20,775,1319.0,3146.0,0,799,2158,2581,2450,2558,220,775,32,0,31,0,33,0,47,35,15,61,38,0,62,83,94,98,76,60,154,96,2581,108,138,775,799
06037542200,511600,1528,1618,0,46,46,21,441,152,69,108,60,1026,231,2962,1906,7037,0.4353,49,1467,5304.0,7358.0,0,1530,4795,7059,6803,7042,700,1467,21,70,29,60,38,12,77,72,94,40,122,20,212,350,512,167,384,298,209,268,7059,432,344,1467,1530
06037542401,565100,1648,1762,23,57,0,0,293,63,23,121,58,857,190,2058,367,4269,0.3612,161,1150,5176.0,6458.0,0,1234,2363,4331,4188,4264,493,1150,0,15,97,39,61,16,24,51,110,68,25,60,191,85,135,168,33,37,248,79,4331,437,320,1150,1234
06037542402,515700,1590,1461,57,104,25,0,391,38,69,42,32,566,201,2103,370,3972,0.2926,68,957,3123.0,4934.0,5,957,2688,3972,3843,3937,494,957,17,1,39,10,110,0,6,11,44,141,14,35,96,123,168,56,130,149,145,64,3972,216,235,957,957
06037542501,569600,1072,2361,71,115,105,4,666,12,5,8,113,628,10,1861,975,4082,0.4081,48,1294,3515.0,6522.0,0,1302,2079,4108,4034,4059,631,1294,18,33,73,5,12,0,31,34,82,82,26,16,82,157,301,113,225,54,255,45,4108,444,131,1294,1302
06037542502,541700,1313,1937,78,178,68,57,830,43,0,61,31,519,86,2091,1643,5094,0.4072,181,1349,2683.0,5457.0,0,1378,3785,5094,4537,4899,442,1349,52,75,71,17,13,24,9,61,20,92,55,28,396,295,246,76,427,216,130,41,5094,234,211,1349,1378
06037542601,490900,1268,1866,29,97,22,41,548,57,0,12,18,232,137,1501,711,3366,0.4257,83,780,1281.0,3467.0,0,835,2938,3366,3126,3274,385,780,7,66,41,0,7,0,40,21,0,21,29,18,127,135,144,67,188,112,95,84,3366,68,123,780,835
06037542602,463400,1349,2010,77,52,45,54,751,43,147,0,60,666,308,2796,736,5430,0.3868,160,1417,3438.0,6608.0,0,1484,3936,5430,5105,5373,634,1417,40,67,47,18,0,19,113,29,64,0,29,9,150,124,252,178,244,250,204,191,5430,216,290,1417,1484
06037542700,505300,1626,1591,42,96,0,25,429,74,53,47,60,981,169,2874,868,5816,0.3692,135,1410,4794.0,6638.0,0,1447,4863,5824,5380,5777,710,1410,40,45,68,33,7,3,0,38,130,61,20,77,199,169,209,252,157,177,293,99,5824,371,334,1410,1447
06037542800,438200,2158,1724,7,22,7,0,191,59,64,66,80,778,67,1226,290,3246,0.4198,28,969,4306.0,5294.0,0,984,1555,3246,3138,3238,353,969,43,25,14,9,76,16,74,38,91,14,29,156,223,120,127,37,162,81,132,46,3246,361,287,969,984
06037542900,436500,1356,1726,11,34,16,39,266,89,44,61,32,540,114,1600,572,3222,0.4114,16,806,2781.0,3997.0,0,819,2734,3227,3002,3176,377,806,8,11,24,26,21,0,46,56,38,14,0,34,114,78,106,124,88,64,171,82,3227,140,363,806,819
06037543000,542100,1494,1762,0,58,2,0,428,63,59,88,40,840,270,2021,299,3838,0.4385,51,1268,4667.0,6441.0,0,1297,1595,3838,3421,3819,409,1268,11,88,43,35,20,13,2,169,74,57,2,22,88,65,85,29,125,152,199,72,3838,547,236,1268,1297
06037543100,502400,2041,1872,0,112,54,0,276,85,148,61,76,1554,237,3027,1536,6912,0.4592,99,1830,9265.0,10757.0,0,1900,3941,6991,6589,6906,827,1830,29,137,65,10,26,80,36,57,96,120,64,170,159,342,273,59,287,458,246,242,6991,796,616,1830,1900
06037543201,517800,1557,1820,37,50,45,43,364,43,61,22,10,515,129,1528,586,3460,0.4486,109,879,3087.0,4731.0,0,917,2415,3460,3419,3460,405,879,19,65,11,4,5,17,43,13,17,51,35,60,145,190,125,51,116,193,132,36,3460,246,217,879,917
06037543203,468900,1593,1625,83,26,14,42,668,25,39,8,0,410,222,1773,1356,4207,0.4558,69,1078,1989.0,4330.0,0,1178,3736,4207,4035,4194,498,1078,42,19,48,22,31,0,47,35,55,73,0,8,76,155,229,152,254,181,170,108,4207,95,188,1078,1178
06037543304,670500,3193,2345,33,37,7,0,229,330,230,164,58,1857,349,3749,275,6848,0.3617,82,2086,12203.0,13732.0,0,2167,865,6863,6574,6775,1033,2086,44,163,172,90,78,146,16,107,168,127,121,32,230,183,148,72,37,139,109,183,6863,1275,582,2086,2167
06037543305,151500,1236,1242,0,0,26,22,153,44,104,31,24,1077,136,2010,517,3692,0.3687,25,1230,6176.0,7246.0,16,1258,2127,3783,3445,3767,482,1230,42,59,140,125,18,12,43,12,124,23,35,14,101,80,155,100,167,100,75,146,3783,682,360,1230,1258
06037543306,567200,2624,1353,49,96,43,47,368,159,85,85,104,1436,203,3969,446,7231,0.4213,76,1804,8409.0,10272.0,0,1804,2660,7231,6719,7163,1014,1804,101,31,137,48,101,73,71,79,313,63,30,44,230,56,425,25,190,204,169,129,7231,662,680,1804,1804
06037543321,649300,-666666666,2527,115,0,55,16,424,112,201,152,145,1587,246,3139,811,5751,0.4354,31,2011,9608.0,11966.0,0,2043,678,5776,4695,5768,919,2011,58,109,150,87,47,68,286,208,248,69,48,42,50,0,99,126,50,192,259,86,5776,1094,450,2011,2043
06037543322,663500,3270,1925,0,7,19,0,93,233,160,171,158,2009,247,3347,603,6971,0.3873,99,2102,14025.0,14669.0,0,2166,685,7040,6550,7028,933,2102,91,101,136,55,179,56,51,249,79,282,120,134,12,124,175,54,50,190,266,82,7040,1499,482,2102,2166
06037543400,639800,2156,1938,4,18,0,26,157,150,154,54,45,789,83,1804,247,3621,0.3789,47,946,4773.0,5668.0,0,986,2092,3621,3419,3607,488,946,4,100,78,52,11,31,27,78,136,77,36,50,89,138,207,48,44,93,125,39,3621,378,336,946,986
06037543501,561200,1549,1869,154,192,127,18,843,122,100,134,29,1071,152,3162,797,6255,0.4411,125,1914,5591.0,8627.0,0,2098,2259,6280,5864,6256,803,1914,82,5,223,91,37,108,97,233,178,111,21,40,107,206,193,67,175,42,218,114,6280,534,436,1914,2098
06037543502,601600,1836,2148,121,26,38,53,546,225,234,46,43,1173,217,3060,507,4695,0.4192,31,1719,5532.0,7608.0,0,1793,2398,4726,4396,4667,801,1719,88,97,41,15,31,30,14,98,101,41,35,0,122,74,181,92,44,22,151,20,4726,630,467,1719,1793
06037543503,651400,1761,2016,143,83,40,18,630,123,70,84,78,1262,66,3051,666,5270,0.416,25,1892,7249.0,9645.0,17,2052,1770,5817,5092,5795,1044,1892,54,136,294,59,103,78,33,54,381,117,101,120,203,23,80,87,131,133,53,39,5817,860,367,1892,2052
06037543601,624000,1709,1938,38,63,51,120,387,62,73,74,85,713,81,2123,502,4609,0.367,54,1100,4239.0,5909.0,0,1157,2391,4635,4536,4573,763,1100,8,213,52,21,12,14,93,75,86,73,0,75,56,221,126,123,55,100,270,178,4635,259,426,1100,1157
06037543603,530500,884,1422,7,0,0,0,127,113,122,83,53,1358,58,1555,147,3772,0.4721,30,1485,7984.0,8657.0,61,1617,589,3810,3649,3810,806,1485,74,184,84,105,141,53,118,98,141,263,167,93,32,38,78,24,0,107,54,69,3810,1041,317,1485,1617
06037543605,509600,2146,1885,35,65,0,10,271,138,160,213,16,1264,150,2483,207,4077,0.4011,0,1535,5813.0,7107.0,0,1618,924,4082,3595,4073,751,1535,80,76,56,80,48,0,82,119,150,47,57,0,26,119,100,13,42,189,23,70,4082,727,455,1535,1618
06037543606,520900,1667,836,56,130,54,55,535,36,0,30,8,776,130,1662,402,3550,0.3747,9,1311,4309.0,6130.0,8,1374,1321,3805,3249,3805,561,1311,35,93,74,115,79,29,113,83,130,91,67,131,84,139,24,53,293,93,172,31,3805,491,188,1311,1374
06037543607,641200,2042,2370,24,12,0,5,100,214,122,135,50,1216,123,2417,526,5001,0.3498,67,1316,7680.0,8264.0,0,1377,1898,5123,4831,5109,885,1316,77,152,147,159,39,48,103,104,129,243,93,108,154,186,124,118,132,110,73,44,5123,628,545,1316,1377
06037543701,603400,2323,2088,0,23,8,0,92,119,66,81,19,592,118,1622,109,3071,0.3091,16,684,3428.0,3950.0,0,711,1544,3096,2882,3072,502,684,68,41,31,37,5,3,43,75,48,26,44,6,160,83,77,72,38,95,132,40,3096,182,348,684,711
06037543703,638400,1862,2768,24,96,29,37,356,76,139,102,29,710,229,2327,219,4129,0.3994,15,1066,4533.0,5938.0,0,1144,2249,4137,3571,4110,633,1066,23,28,70,39,55,20,57,39,59,61,33,15,114,58,108,78,180,97,70,74,4137,337,349,1066,1144
06037543704,608000,2000,2652,10,45,9,29,210,95,33,46,62,631,121,1844,185,3227,0.4221,14,841,3613.0,4569.0,0,875,1751,3227,2883,3194,626,841,24,82,55,7,35,7,9,84,29,30,41,20,64,39,142,21,33,91,56,115,3227,247,354,841,875
06037543705,582200,1767,1709,37,23,8,33,386,93,57,54,19,597,131,1788,271,3318,0.3594,16,983,3239.0,4901.0,0,983,1806,3318,3247,3318,511,983,52,29,31,62,20,45,40,91,18,29,0,21,8,130,122,104,29,140,88,75,3318,259,315,983,983
06037543801,556900,1381,1756,143,16,6,28,294,168,104,58,58,1044,81,2396,141,4785,0.4127,25,1338,5655.0,7072.0,0,1371,2420,4805,4501,4748,798,1338,48,44,105,47,30,56,36,90,147,85,29,47,187,82,81,90,151,67,226,188,4805,440,496,1338,1371
06037543803,623100,1141,1688,0,64,37,80,589,81,45,68,33,863,102,2234,572,4204,0.5515,20,1452,4831.0,7000.0,56,1623,1578,4232,3654,4138,883,1452,46,0,54,43,24,65,28,41,121,91,35,74,54,62,144,122,154,159,180,137,4232,452,361,1452,1623
06037543804,695900,1722,2058,56,0,41,19,233,35,35,0,122,568,101,1753,844,4240,0.3789,9,801,3620.0,4771.0,23,824,1071,4243,3811,4243,497,801,32,41,91,11,60,143,127,83,81,39,49,203,50,63,23,295,8,24,82,60,4243,178,255,801,824
06037543903,577500,2117,1192,8,25,49,18,321,93,86,42,44,771,171,2124,300,3851,0.3984,14,1092,4411.0,5832.0,0,1236,1905,3852,3638,3805,649,1092,90,68,128,38,39,26,25,76,70,69,78,61,83,53,75,50,24,48,87,16,3852,264,452,1092,1236
06037543905,509600,1878,1694,41,46,37,41,580,75,75,33,31,470,192,2314,583,4547,0.3799,41,1050,2349.0,5338.0,0,1090,3512,4556,4210,4498,391,1050,15,9,27,44,4,0,46,68,74,5,45,45,213,138,315,94,118,151,163,124,4556,216,223,1050,1090
06037544001,573000,1874,1111,18,7,0,20,281,117,31,35,41,965,139,2403,314,4079,0.3883,19,1246,5287.0,6661.0,0,1282,2672,4079,3917,4055,586,1246,11,30,79,24,20,24,37,33,127,0,12,76,72,99,163,210,103,59,27,74,4079,554,379,1246,1282
06037544002,613200,1511,2136,30,47,16,29,264,77,79,77,35,570,171,1946,466,3740,0.3242,41,834,2990.0,4014.0,0,840,2577,3740,3299,3705,463,834,53,39,20,44,8,27,22,67,57,31,13,78,327,192,68,28,115,73,108,37,3740,261,187,834,840
06037550101,590800,-666666666,1745,40,2,21,0,126,120,53,68,119,878,164,2019,379,3820,0.4843,18,1004,4691.0,5301.0,0,1049,3272,3820,3389,3774,693,1004,48,15,77,28,0,151,37,83,44,23,0,178,43,140,113,58,168,107,69,83,3820,336,467,1004,1049
06037550201,621700,1509,2567,30,77,81,10,313,24,110,36,30,456,79,1498,345,2974,0.3456,41,769,2567.0,3865.0,0,769,2356,2979,2822,2949,433,769,30,12,29,36,9,0,28,31,30,22,21,10,133,167,149,71,87,74,118,68,2979,186,234,769,769
06037550202,580700,2065,1907,63,108,0,30,360,77,87,114,124,1089,123,2755,287,5244,0.3286,69,1449,5718.0,7197.0,0,1449,4067,5253,4843,5197,804,1449,105,58,29,22,0,22,142,35,113,38,18,39,97,180,122,155,144,180,117,56,5253,415,523,1449,1449
06037550301,587500,2211,1198,25,24,66,0,441,139,39,51,0,608,144,2344,116,4509,0.3391,135,1049,3271.0,4942.0,0,1063,2754,4631,4233,4573,577,1049,25,60,38,18,11,29,7,42,40,83,71,121,215,77,41,20,563,54,72,155,4631,216,261,1049,1063
06037550501,659600,1809,3102,11,134,14,32,580,56,71,79,3,535,47,1990,570,3773,0.4077,50,1115,3465.0,5993.0,0,1148,2913,3901,3696,3871,584,1115,49,5,23,74,0,12,38,6,65,46,0,26,163,0,250,169,27,302,160,139,3901,328,185,1115,1148
06037550502,1005800,2320,3100,0,39,15,0,221,114,171,33,54,1026,61,2484,84,4225,0.4564,33,1247,7189.0,8554.0,0,1329,2496,4225,3909,4201,814,1247,0,38,62,105,13,33,31,35,46,55,0,95,126,105,100,81,83,37,134,157,4225,655,348,1247,1329
06037550601,656100,1817,2716,62,273,116,0,947,94,122,45,161,975,227,3431,849,6354,0.4183,160,1922,5892.0,9331.0,0,1975,4946,6363,5898,6281,1137,1922,37,76,112,11,9,26,54,77,79,63,70,66,54,227,115,70,367,355,373,82,6363,487,401,1922,1975
06037550602,739500,2639,2101,16,0,35,18,217,75,95,42,16,928,26,2040,246,4036,0.5219,5,1145,5539.0,6738.0,0,1189,2787,4036,3547,4020,618,1145,53,53,40,95,30,26,98,54,112,42,100,46,65,115,172,158,74,139,66,17,4036,478,325,1145,1189
06037550700,662700,2023,2206,70,46,146,64,544,143,21,240,40,1480,296,3537,649,6461,0.3835,69,2024,8872.0,10864.0,0,2104,4383,6466,6221,6466,938,2024,46,100,188,120,15,53,135,197,70,169,63,113,184,211,110,81,278,125,152,53,6466,845,558,2024,2104
06037550801,732000,1689,1873,50,18,19,106,637,119,182,110,45,943,86,2386,376,4686,0.3463,0,1580,5925.0,8662.0,0,1644,3465,4686,4211,4551,879,1580,18,116,92,43,72,28,100,144,70,55,13,79,69,57,65,96,302,89,109,66,4686,647,276,1580,1644
06037550802,727000,1738,2677,93,65,31,35,370,15,23,31,8,238,43,1071,116,2038,0.4166,0,608,1705.0,3593.0,0,677,1541,2038,1929,2009,247,608,26,52,26,0,0,0,16,49,26,40,5,0,38,129,96,27,49,75,49,26,2038,183,55,608,677
06037550901,751100,1728,2894,124,159,97,134,1099,85,85,21,36,355,315,2703,976,4839,0.461,40,1454,2113.0,6292.0,0,1490,3321,4868,4447,4788,736,1454,43,35,47,30,18,8,0,101,20,69,38,56,197,146,143,161,64,169,219,53,4868,106,229,1454,1490
06037550902,819700,1891,2194,141,252,170,150,1250,38,156,34,10,610,243,3168,517,5704,0.423,79,1860,3670.0,8860.0,0,1905,4050,5710,4845,5650,782,1860,47,15,98,55,60,27,17,81,49,120,7,27,171,158,207,146,146,52,252,173,5710,330,270,1860,1905
06037551001,731100,1977,1903,0,11,94,26,269,95,70,94,69,682,79,1285,98,2913,0.3353,52,951,4170.0,5389.0,0,1084,2234,2913,2772,2898,600,951,33,33,35,18,0,8,0,48,23,115,0,75,65,98,112,122,73,93,115,29,2913,317,349,951,1084
06037551002,773100,2077,2285,42,217,0,57,469,39,39,82,50,921,136,2016,158,4250,0.5634,0,1390,5646.0,7598.0,0,1444,3087,4250,3646,4156,701,1390,42,168,160,33,0,32,32,194,44,64,17,237,44,140,73,43,183,232,62,132,4250,527,330,1390,1444
06037551101,396000,1608,1842,71,133,71,66,732,60,11,13,11,519,58,1871,568,3913,0.375,53,1251,2655.0,5330.0,0,1310,2979,3913,3625,3851,544,1251,21,0,113,0,0,0,11,49,221,0,41,12,135,247,119,45,168,124,54,135,3913,338,153,1251,1310
06037551102,735200,1694,3123,234,155,180,280,1682,0,0,11,12,187,137,2937,399,5359,0.3519,116,1869,1209.0,7209.0,0,1887,4485,5419,4756,5386,629,1869,0,0,20,53,23,0,0,18,52,35,0,8,111,202,196,95,105,305,191,259,5419,155,32,1869,1887
06037551201,677200,1826,-666666666,20,111,38,98,765,83,16,31,34,447,164,1847,209,3597,0.3896,108,1212,2653.0,5519.0,0,1236,2467,3652,3272,3652,584,1212,70,136,0,43,18,0,11,33,215,44,38,53,57,54,158,78,52,144,195,82,3652,226,149,1212,1236
06037551203,664200,1929,2007,0,41,22,30,475,247,0,11,14,608,257,2108,653,3778,0.422,75,1083,3491.0,5500.0,0,1120,2775,3778,3731,3778,554,1083,130,7,0,0,54,38,117,63,3,0,45,18,31,157,291,119,0,135,178,69,3778,191,414,1083,1120
06037551204,644800,1652,1652,0,87,108,101,673,0,57,60,33,480,60,1658,516,3336,0.4298,0,1153,2632.0,5665.0,0,1153,2607,3530,3378,3488,482,1153,82,68,70,22,23,15,33,32,55,61,18,11,94,29,105,105,138,5,215,56,3530,207,232,1153,1153
06037551300,496600,1753,2075,156,139,180,153,1503,30,65,7,11,356,231,3288,950,5754,0.3595,27,1859,1440.0,7302.0,0,1954,4786,5954,5506,5847,731,1859,48,51,83,32,71,14,60,98,82,46,40,110,115,310,207,94,123,114,126,117,5954,122,202,1859,1954
06037551401,653000,1796,2323,70,28,130,109,715,81,55,0,52,588,183,2341,391,4128,0.4127,0,1303,3163.0,5683.0,0,1327,3373,4150,4074,4150,480,1303,19,45,5,8,27,15,118,81,78,48,0,37,100,151,97,118,176,99,107,56,4150,276,267,1303,1327
06037551402,673900,1911,2182,29,89,60,35,620,87,67,79,44,823,195,2670,502,5326,0.3821,38,1443,5030.0,7764.0,0,1462,3689,5326,5010,5236,696,1443,26,42,38,34,7,0,32,44,58,44,41,34,100,294,164,207,165,294,24,103,5326,389,352,1443,1462
06037551501,586700,1880,2498,172,48,53,7,720,66,58,86,119,711,100,2458,332,4617,0.374,59,1431,4120.0,7081.0,0,1493,3402,4675,3849,4644,712,1431,38,50,34,23,0,24,66,116,105,24,28,0,71,60,53,29,187,227,254,158,4675,278,417,1431,1493
06037551502,738300,1876,1795,118,0,81,108,615,85,106,72,14,798,20,2429,150,4697,0.3912,26,1413,4765.0,7289.0,0,1413,3669,4797,4443,4797,722,1413,19,34,87,74,14,124,34,32,109,65,91,61,218,194,118,54,54,114,250,103,4797,417,365,1413,1413
06037551700,645400,1812,2281,89,89,17,66,656,134,61,80,81,1059,122,3111,592,6208,0.39,64,1715,5934.0,8727.0,0,1715,5041,6208,5904,6180,947,1715,111,43,61,74,155,0,145,74,231,38,78,38,162,157,211,136,19,151,218,154,6208,560,426,1715,1715
06037551801,608500,1821,1809,15,134,42,78,456,67,98,53,31,493,55,1955,96,3180,0.345,56,949,3114.0,4764.0,0,966,2371,3180,2904,3162,475,949,19,0,25,22,6,52,6,91,31,17,65,23,57,247,75,60,45,83,58,26,3180,386,57,949,966
06037551802,604200,1865,1658,55,17,94,226,919,73,45,28,0,505,148,2416,451,3986,0.358,114,1424,3123.0,6438.0,0,1424,3085,4002,3681,3958,498,1424,0,153,71,35,0,4,69,7,87,39,41,31,116,57,147,108,13,73,166,230,4002,264,204,1424,1424
06037551900,572700,1775,1712,0,10,16,0,165,156,140,81,110,1196,66,2672,272,5088,0.3657,31,1361,6235.0,6959.0,0,1361,3291,5286,5038,5167,818,1361,0,259,41,74,29,0,82,115,55,77,42,44,251,94,106,111,187,212,206,47,5286,457,597,1361,1361
06037552001,612400,2087,2277,62,59,20,23,299,58,125,34,128,702,72,1869,195,3849,0.332,42,1001,3949.0,5256.0,0,1023,2821,3956,3793,3956,562,1001,6,53,46,18,48,19,17,87,79,46,28,93,136,156,189,79,70,142,170,45,3956,223,399,1001,1023
06037552002,564000,1869,2287,34,79,153,51,517,43,53,100,35,426,76,1904,171,3365,0.3317,59,943,2121.0,3987.0,0,968,2404,3457,3288,3436,395,943,0,74,41,12,0,10,8,56,31,28,43,37,223,111,145,84,73,45,90,101,3457,75,300,943,968
06037552100,578800,1048,2028,33,52,166,23,610,138,92,150,79,1178,88,2861,461,5962,0.4224,101,1788,6339.0,8031.0,0,1840,4389,5964,5462,5818,1023,1788,19,79,110,65,80,97,46,42,63,109,126,88,243,162,233,203,212,128,182,95,5964,421,552,1788,1840
06037552200,571600,1707,2331,82,132,81,95,1212,43,8,53,0,376,105,2637,1158,5780,0.3689,117,1588,1932.0,6802.0,25,1656,4253,5780,5514,5732,659,1588,30,20,68,15,8,0,11,63,87,67,54,28,301,298,304,92,180,221,409,183,5780,184,169,1588,1656
06037552301,548400,2422,2160,53,74,26,69,357,123,60,135,85,780,69,2011,324,4385,0.3446,27,1137,4776.0,6567.0,0,1165,2955,4494,4314,4482,683,1137,28,26,92,14,14,19,61,29,114,15,30,63,74,166,214,212,111,195,38,132,4494,424,282,1137,1165
06037552302,613300,1719,1843,18,24,87,32,596,234,4,21,28,738,50,2329,661,4244,0.4241,10,1334,3891.0,6092.0,10,1334,2105,4260,4072,4227,772,1334,81,60,102,57,28,33,81,53,129,75,101,8,181,9,45,37,39,208,147,44,4260,311,258,1334,1334
06037552400,579700,1788,1975,5,6,0,24,105,54,5,19,41,447,30,1089,165,2347,0.3872,69,552,2482.0,3002.0,0,576,1942,2367,2129,2359,279,552,5,42,34,14,19,19,25,19,8,35,23,15,34,72,132,80,101,55,102,68,2367,128,265,552,576
06037552601,563100,1800,1841,12,8,62,0,314,128,104,70,19,851,219,2707,357,5487,0.4989,71,1165,4952.0,6365.0,0,1192,4899,5487,5282,5390,567,1165,18,19,92,21,56,3,157,61,43,78,26,123,314,82,260,65,128,213,212,117,5487,214,331,1165,1192
06037552602,641200,1929,1769,74,57,85,22,392,57,78,59,50,600,54,1911,261,3672,0.2942,75,992,3394.0,5029.0,0,1007,2126,3677,3478,3658,590,992,71,47,67,26,20,50,48,20,105,72,64,14,176,91,46,95,45,148,14,71,3677,303,215,992,1007
06037552700,610800,1970,1974,9,0,52,8,279,236,93,175,65,1315,132,3203,323,6507,0.3508,67,1594,7573.0,8718.0,0,1688,4410,6568,6023,6436,983,1594,61,201,73,60,27,59,142,169,71,30,37,124,223,187,179,68,248,187,133,48,6568,509,636,1594,1688
06037552800,607100,2043,2230,8,34,50,39,425,163,164,64,141,1236,274,3097,313,5814,0.3952,64,1661,6798.0,8735.0,0,1694,4387,5850,5603,5838,959,1661,67,83,94,29,20,0,57,133,79,88,54,1,163,206,267,81,141,143,175,74,5850,547,631,1661,1694
06037552900,602900,1883,1730,10,60,94,109,803,49,126,68,119,1103,80,3177,917,6451,0.4301,48,1906,6092.0,9550.0,0,1935,3490,6466,6037,6316,786,1906,70,43,53,40,0,28,142,48,68,53,43,103,281,99,74,156,271,152,143,175,6466,614,400,1906,1935
06037553000,611200,2448,2160,5,122,0,0,159,137,148,93,35,976,370,2865,386,5155,0.3042,121,1135,5700.0,6498.0,0,1185,3905,5155,4818,5126,652,1135,68,154,15,66,10,0,48,136,50,103,6,45,121,141,111,51,432,72,31,163,5155,404,497,1135,1185
06037553100,680200,2214,2582,152,115,65,71,905,94,107,27,142,1018,593,3761,779,6685,0.3607,16,1923,6074.0,10030.0,0,2024,3679,6686,5914,6618,931,1923,42,184,66,34,16,7,21,113,63,74,29,10,136,192,227,181,198,337,258,74,6686,597,376,1923,2024
06037553201,674700,1925,2058,7,53,37,16,331,162,33,74,21,657,192,2331,248,4043,0.3722,27,988,4115.0,5719.0,0,1024,2776,4057,3568,3988,513,988,23,63,45,70,10,1,108,42,35,65,19,73,185,37,108,63,87,150,60,57,4057,328,295,988,1024
06037553202,628700,1920,2041,50,28,11,23,292,21,70,75,78,661,137,1854,323,3542,0.3267,35,953,3756.0,5201.0,0,986,2553,3552,3326,3552,547,953,0,61,48,0,15,33,66,9,95,26,27,109,22,150,185,81,63,196,108,50,3552,304,238,953,986
06037553300,597900,1174,1573,0,54,26,0,165,72,155,52,35,797,47,1858,258,3381,0.3602,21,962,4354.0,5068.0,0,990,2465,3511,3435,3488,602,962,27,65,52,15,6,0,30,40,71,54,18,18,78,102,116,39,57,170,56,105,3511,319,439,962,990
06037553400,596900,1782,1577,122,26,31,62,433,53,77,23,0,589,30,2199,155,3772,0.3715,50,1022,3083.0,5026.0,0,1063,3153,3789,3687,3783,472,1022,86,72,48,7,0,36,18,100,47,29,5,29,53,71,128,51,41,86,203,94,3789,267,233,1022,1063
06037553502,387800,1636,1221,132,63,118,10,762,22,40,15,0,380,50,2040,386,3956,0.5936,30,1142,1524.0,4201.0,0,1210,2904,4014,3865,3994,478,1142,111,25,37,27,23,27,10,26,60,27,54,72,114,174,260,82,97,99,246,27,4014,114,215,1142,1210
06037553503,460500,1526,1792,48,74,8,110,557,39,41,10,23,296,29,1578,469,3190,0.3624,44,853,1489.0,3728.0,0,867,2834,3236,3067,3216,346,853,37,37,0,30,28,5,37,31,53,34,28,19,103,14,126,65,81,129,35,84,3236,105,105,853,867
06037553504,485500,1644,1798,95,43,114,41,599,107,66,78,12,725,137,2581,486,4756,0.3511,46,1324,3493.0,5973.0,0,1324,3896,4756,4407,4746,709,1324,6,36,31,42,8,17,25,85,90,36,13,37,146,169,146,170,158,233,77,36,4756,295,275,1324,1324
06037553601,534900,1734,2118,74,101,45,37,807,37,55,34,19,479,43,2154,615,4709,0.3513,80,1286,2576.0,5909.0,0,1321,4215,4732,4603,4709,550,1286,24,27,40,0,0,70,7,112,14,31,10,8,151,102,161,190,142,165,353,158,4732,171,233,1286,1321
06037553602,490400,2178,1722,23,151,52,97,910,55,118,14,47,453,204,2550,431,4844,0.3197,23,1363,2518.0,5952.0,0,1416,3579,4844,4212,4835,563,1363,23,60,37,8,0,8,44,35,23,31,7,0,218,71,385,186,111,242,237,32,4844,151,206,1363,1416
06037553701,-666666666,1430,1333,84,71,117,0,562,32,73,6,0,372,106,1913,513,3916,0.3689,52,934,2045.0,4361.0,0,939,3612,3922,3542,3901,483,934,17,70,49,37,15,12,25,8,36,40,25,0,110,129,316,101,88,38,241,47,3922,162,147,934,939
06037553702,530700,1625,1702,77,71,69,37,607,25,134,31,87,656,82,2187,496,4618,0.3523,30,1263,3601.0,6364.0,0,1263,4355,4758,4603,4720,643,1263,46,82,24,16,0,9,42,7,64,42,8,16,138,72,240,106,165,283,285,102,4758,283,307,1263,1263
06037553801,523100,1691,1446,69,25,71,102,761,28,0,15,22,266,192,2189,1054,4285,0.3873,34,1027,1500.0,4545.0,0,1027,3594,4397,4198,4355,502,1027,34,5,18,13,24,12,13,5,6,24,0,37,149,157,287,125,158,71,204,87,4397,116,99,1027,1027
06037553802,311400,1678,1253,121,106,100,121,1154,35,34,8,117,907,281,3194,1077,6482,0.4403,115,2061,4310.0,8795.0,49,2061,4271,6492,6083,6324,904,2061,101,61,61,54,59,0,41,95,162,70,90,7,233,119,261,74,203,303,260,150,6492,398,380,2061,2061
06037553901,567200,1490,1750,133,161,59,112,808,62,32,30,76,744,64,2854,743,6095,0.3272,39,1552,4301.0,7647.0,0,1644,5301,6278,5851,6183,889,1552,186,61,63,47,5,12,108,89,32,32,150,50,224,252,178,182,94,357,196,92,6278,306,235,1552,1644
06037553902,320900,1854,1425,79,95,210,150,1002,40,81,9,50,559,214,3444,768,5826,0.3434,91,1561,2752.0,6858.0,22,1640,4737,5826,5377,5807,580,1561,65,49,17,44,30,8,60,19,62,18,51,0,83,298,397,169,203,124,165,182,5826,280,145,1561,1640
06037554001,644000,1593,2115,8,179,53,120,471,130,73,68,76,794,154,2384,316,4491,0.3205,39,1265,4937.0,7107.0,0,1330,2457,4503,4091,4464,642,1265,171,125,41,40,7,16,19,80,207,52,11,11,135,102,164,98,137,236,111,34,4503,410,286,1265,1330
06037554002,593500,1622,2244,117,118,130,131,1137,45,87,51,30,643,294,3152,1134,6005,0.4223,93,1780,3458.0,7900.0,0,1787,4068,6005,5226,5973,869,1780,31,25,28,2,0,45,71,43,86,21,79,19,167,266,123,148,236,223,210,157,6005,211,370,1780,1787
06037554101,572800,1506,1713,67,69,66,76,639,19,39,0,0,287,123,1715,693,3164,0.4263,22,926,1474.0,3742.0,0,1033,2159,3164,2748,3133,387,926,0,30,13,0,0,0,67,38,0,58,12,11,75,231,110,31,95,72,212,0,3164,139,97,926,1033
06037554105,474600,1620,2685,227,70,157,126,1356,0,13,0,52,100,232,2147,1169,4409,0.4249,120,1456,474.0,5340.0,0,1603,2532,4409,3826,4368,530,1456,15,0,19,0,7,0,20,18,100,81,4,27,228,200,78,46,228,81,369,90,4409,9,67,1456,1603
06037554106,631700,1671,2010,148,57,129,28,713,56,60,65,41,572,139,2136,652,3993,0.4353,49,1285,3409.0,6309.0,0,1341,2193,3998,3664,3987,590,1285,53,22,29,69,10,0,29,44,6,5,80,30,121,55,121,172,96,106,123,82,3998,374,179,1285,1341
06037554201,598700,2040,1954,103,76,15,66,488,60,134,43,54,625,46,2120,191,3554,0.363,16,1113,3515.0,5694.0,0,1129,2472,3599,3345,3516,518,1113,94,6,29,21,61,10,44,6,52,84,24,10,31,24,116,125,170,85,140,5,3599,319,260,1113,1129
06037554203,629300,1346,1206,185,38,59,29,893,9,6,45,20,394,150,1891,624,3782,0.5579,18,1287,2297.0,4979.0,0,1295,2290,3874,3682,3853,531,1287,43,78,113,11,21,16,31,37,88,22,29,29,77,76,187,167,102,101,187,145,3874,183,173,1287,1295
06037554204,500000,1539,2266,219,211,153,104,1566,73,27,8,9,226,340,2584,873,4627,0.4395,97,1792,1033.0,6479.0,0,1821,3059,4668,4316,4644,701,1792,45,32,16,94,43,18,9,181,189,83,62,116,96,81,74,168,93,80,169,62,4668,136,90,1792,1821
06037554301,570100,1808,1472,45,60,128,134,626,59,24,21,0,452,74,1860,359,3419,0.4259,5,1078,2440.0,4762.0,0,1106,2447,3426,3306,3388,499,1078,44,27,29,34,0,0,28,46,46,10,10,24,99,225,49,41,49,117,119,86,3426,174,221,1078,1106
06037554302,-666666666,1727,939,189,87,25,86,842,8,16,0,6,304,140,2152,444,4013,0.3742,69,1146,1252.0,4623.0,0,1206,2745,4162,3631,4072,245,1146,0,14,40,43,0,44,13,27,33,19,0,9,157,54,154,102,117,237,171,101,4162,156,124,1146,1206
06037554403,422400,1795,1026,120,207,113,90,1306,104,53,44,28,473,333,2797,1321,5496,0.3898,162,1779,2163.0,7468.0,0,1958,3276,5610,5136,5610,693,1779,13,32,59,59,0,57,72,76,107,35,0,34,250,271,419,145,189,130,156,142,5610,200,224,1779,1958
06037554404,637100,1896,2189,122,133,105,155,1034,21,46,19,16,277,99,2301,851,4606,0.3922,94,1311,1423.0,5701.0,0,1354,2751,4673,4199,4642,646,1311,68,54,47,25,13,0,29,105,99,43,33,18,109,106,190,10,181,182,97,178,4673,171,83,1311,1354
06037554405,633300,1554,2459,66,106,109,80,1157,76,0,58,43,273,178,1849,507,3566,0.4457,13,1430,1404.0,5483.0,0,1486,1456,3566,3345,3532,523,1430,51,19,8,156,42,31,125,195,61,146,19,10,108,28,48,15,149,129,149,71,3566,148,125,1430,1486
06037554406,743900,1773,2175,106,74,95,117,747,131,142,74,55,844,195,2244,269,4730,0.3799,5,1591,5411.0,8466.0,0,1597,1677,4889,4364,4799,828,1591,48,52,101,103,42,25,36,81,214,154,93,36,142,204,8,112,177,184,183,67,4889,494,258,1591,1597
06037554511,902200,3007,1080,140,42,0,33,357,101,84,28,45,801,166,1996,193,4078,0.3696,23,1158,5245.0,7215.0,0,1158,372,4078,3691,4078,759,1158,53,25,89,126,31,31,64,54,87,140,20,54,110,163,165,92,55,78,97,56,4078,486,248,1158,1158
06037554512,863400,3064,1785,56,154,121,58,671,255,208,65,21,1590,148,3473,365,6739,0.4138,176,2261,10932.0,13354.0,0,2351,943,6739,6003,6675,1355,2261,81,62,162,241,124,111,40,119,281,228,158,87,135,223,188,59,64,92,154,106,6739,1015,566,2261,2351
06037554513,765400,2875,2191,4,62,0,47,186,65,72,26,20,631,28,1155,84,2498,0.3868,9,817,4012.0,5087.0,0,822,298,2498,2316,2478,527,817,25,36,104,42,59,28,30,51,138,72,80,29,35,66,85,18,64,50,79,37,2498,444,180,817,822
06037554514,824700,2585,2115,98,92,10,27,567,85,165,31,51,1025,70,2371,257,4493,0.4263,30,1592,6526.0,9261.0,0,1592,1121,4493,4069,4493,854,1592,52,176,139,47,38,74,22,54,96,134,52,82,67,153,143,86,105,111,163,53,4493,697,286,1592,1592
06037554515,799300,2808,889,12,0,37,27,162,118,74,59,40,976,30,1308,192,3287,0.3882,32,1138,6331.0,7303.0,0,1186,418,3297,2997,3247,792,1138,24,45,161,161,63,64,7,83,201,241,34,35,135,75,109,62,53,53,97,53,3297,683,209,1138,1186
06037554516,895500,2817,2158,30,51,0,0,148,132,126,10,40,1035,186,1707,50,3853,0.3856,20,1183,7191.0,8007.0,0,1219,179,3853,3832,3853,835,1183,54,108,148,53,37,47,140,105,178,69,50,68,34,237,64,97,31,44,149,97,3853,709,317,1183,1219
06037554517,885600,2500,2045,63,61,99,40,584,176,61,64,24,824,44,2263,369,4402,0.5415,32,1408,5569.0,7941.0,0,1427,730,4402,3765,4391,866,1408,68,67,84,111,58,51,154,91,106,71,54,33,71,130,202,86,80,67,129,83,4402,561,263,1408,1427
06037554518,874500,3181,2017,19,10,0,8,229,168,71,92,50,1335,110,2302,343,5107,0.4035,101,1564,8280.0,9771.0,0,1613,406,5135,4708,5018,1169,1564,38,152,126,101,42,48,76,108,205,86,28,69,161,104,219,98,174,135,192,95,5135,778,515,1564,1613
06037554519,932000,3501,2503,44,5,0,0,92,26,184,117,64,1103,135,1711,177,3393,0.4643,29,1195,7382.0,7967.0,0,1255,323,3393,3249,3393,728,1195,43,45,170,98,17,263,46,25,117,212,96,57,9,64,54,42,43,30,99,57,3393,747,347,1195,1255
06037554521,840700,2349,1528,92,80,87,59,643,104,121,46,36,1316,208,2968,151,6093,0.4025,30,1959,9027.0,12296.0,0,2006,1207,6149,5166,6076,1346,1959,103,152,201,122,119,44,84,146,301,162,115,210,268,142,146,172,142,83,190,57,6149,1028,281,1959,2006
06037554522,858400,2977,2388,96,54,41,0,273,130,106,115,76,1224,164,2404,249,4967,0.3415,38,1497,7789.0,9546.0,0,1521,859,4979,4451,4950,1054,1497,72,27,200,140,36,75,53,120,252,79,34,141,153,260,111,49,91,92,113,33,4979,770,433,1497,1521
06037554600,580100,1957,1464,56,90,30,21,534,10,113,52,51,693,125,2047,462,3961,0.3807,13,1227,3839.0,6236.0,11,1285,1718,3987,3685,3970,662,1227,58,86,28,12,25,26,53,67,45,58,68,43,136,123,102,148,103,85,89,42,3987,405,269,1227,1285
06037554700,553300,2277,1442,37,0,51,17,203,41,83,64,36,749,168,2279,295,4167,0.4264,23,952,4330.0,5379.0,0,989,3260,4167,4030,4151,609,952,24,138,22,44,46,14,25,24,97,58,36,35,48,63,167,103,122,133,109,61,4167,238,373,952,989
06037554801,584900,1789,1190,49,12,47,2,224,49,30,23,6,543,104,1470,303,2890,0.4127,21,767,3226.0,4325.0,0,796,1997,2890,2623,2838,473,767,51,86,50,23,27,23,67,28,55,0,54,34,44,99,114,49,110,71,60,42,2890,295,187,767,796
06037554802,815500,1986,2263,57,146,138,32,852,148,42,25,8,921,373,3070,476,5802,0.382,53,1773,6109.0,9673.0,0,1853,1462,6229,5382,6188,1066,1773,56,115,107,120,56,75,30,136,106,54,138,77,206,146,183,91,191,115,109,69,6229,589,301,1773,1853
06037554900,671700,2261,2311,38,296,85,69,1085,41,58,107,28,859,266,3659,377,7072,0.3686,180,1944,4925.0,10446.0,0,2124,2273,7118,6919,7118,1122,1944,43,65,96,103,16,10,8,132,156,118,117,157,68,99,286,154,202,212,251,237,7118,437,347,1944,2124
06037555001,649100,1674,2284,57,33,147,49,690,104,122,79,45,918,158,2724,760,5379,0.3841,36,1608,5324.0,8380.0,0,1608,2392,5379,4754,5287,770,1608,40,13,68,46,63,41,43,57,83,93,24,237,134,165,138,44,206,193,290,23,5379,491,403,1608,1608
06037555002,630400,2020,2043,129,77,28,87,756,69,71,39,86,499,84,2230,242,3947,0.3824,24,1255,2862.0,6185.0,0,1255,1664,3947,3748,3938,561,1255,6,64,10,61,13,18,95,103,17,66,97,21,73,182,172,66,21,91,91,18,3947,259,228,1255,1255
06037555105,577700,2557,1877,88,43,235,135,1046,67,176,49,0,736,314,3674,326,6069,0.3299,98,1782,4351.0,9180.0,73,1904,2907,6069,5491,6015,683,1782,80,37,66,27,26,45,72,92,62,42,64,29,87,129,201,82,102,107,281,102,6069,386,236,1782,1904
06037555106,462100,1553,1817,9,79,115,74,524,53,10,23,80,431,37,1436,325,2727,0.3921,30,955,2063.0,4491.0,0,989,1467,2727,2442,2715,355,955,42,15,63,16,29,73,112,0,52,33,0,33,61,72,56,69,118,151,99,22,2727,225,167,955,989
06037555107,632500,1946,2117,34,95,35,137,618,122,123,104,120,1281,195,2987,481,5620,0.4009,85,1899,7217.0,9960.0,0,1941,2061,5620,5239,5517,1031,1899,30,91,47,66,44,39,86,86,90,114,20,162,177,49,164,158,195,187,59,181,5620,661,554,1899,1941
06037555202,878800,3501,2851,6,30,0,0,109,130,269,58,64,1014,141,1960,288,3793,0.3523,9,1123,6914.0,7686.0,34,1154,1038,3793,3571,3750,602,1123,36,34,85,15,40,37,15,45,89,36,78,97,104,142,149,28,62,208,146,139,3793,619,386,1123,1154
06037555211,473200,1654,1629,52,82,38,52,732,160,28,0,28,640,145,2801,1131,5613,0.4039,48,1372,3628.0,6664.0,0,1446,4900,5626,5259,5602,779,1372,60,82,26,96,11,75,0,101,68,55,31,74,114,184,286,133,73,171,262,214,5626,378,192,1372,1446
06037555212,518800,1851,1776,87,119,161,30,666,67,55,102,8,698,166,2861,559,5616,0.3316,95,1364,3496.0,6377.0,0,1421,4437,5658,5085,5524,732,1364,41,32,62,43,13,1,83,98,140,61,55,23,108,383,123,88,412,154,155,66,5658,299,312,1364,1421
06037555300,586700,2146,2221,6,0,17,0,112,40,142,159,88,917,63,1875,1186,4882,0.3806,49,1029,5053.0,5633.0,0,1029,3204,5275,4857,5262,572,1029,178,84,228,0,79,147,20,91,100,43,0,36,73,127,136,88,83,31,101,74,5275,375,482,1029,1029
06037570001,701200,1760,2176,58,60,0,26,312,96,119,142,32,1241,246,2725,388,4523,0.3863,30,1553,7437.0,8571.0,0,1584,1295,4523,3969,4487,856,1553,45,21,118,59,51,7,80,31,145,9,23,25,127,175,108,63,78,71,89,60,4523,754,388,1553,1584
06037570002,709500,2053,2626,12,38,9,12,116,84,56,45,83,677,50,1353,119,2588,0.4004,18,793,3975.0,4512.0,19,835,875,2588,2321,2570,518,793,28,17,39,9,6,26,14,42,45,52,18,2,34,21,131,86,54,89,108,78,2588,327,319,793,835
06037570003,658800,2633,2253,0,33,0,108,275,104,19,123,149,1070,155,2427,91,4014,0.3719,77,1345,6037.0,7253.0,0,1345,1626,4039,3867,3997,772,1345,45,19,85,86,12,8,18,31,145,25,22,7,115,93,61,63,60,110,69,63,4039,633,388,1345,1345
06037570100,665200,2196,2538,0,21,26,44,155,73,76,17,44,568,149,1510,515,3366,0.3445,46,723,3548.0,4286.0,0,754,1345,3458,2931,3405,459,723,35,28,67,19,8,40,61,22,60,52,41,11,118,108,110,9,152,101,78,24,3458,257,232,723,754
06037570202,572600,1732,2008,35,46,15,27,661,124,26,110,229,1067,190,3368,1140,6370,0.4474,51,1728,5744.0,8553.0,0,1789,4299,6479,6057,6429,791,1728,41,69,93,62,24,36,25,134,41,62,9,1,226,110,216,104,235,344,244,157,6479,312,592,1728,1789
06037570203,577300,1733,1989,155,59,88,92,1071,44,0,26,23,238,163,2077,994,4122,0.4394,56,1309,1363.0,5363.0,0,1324,2927,4132,3619,4100,431,1309,12,27,32,15,0,0,19,57,43,0,0,0,189,218,171,114,119,120,88,67,4132,89,122,1309,1324
06037570204,570000,1441,1833,140,118,18,105,900,91,33,17,0,416,216,2482,423,4565,0.4063,44,1316,2167.0,5462.0,0,1360,2978,4755,4334,4694,678,1316,85,48,72,23,56,6,66,144,134,43,32,63,222,90,109,63,184,149,109,93,4755,152,208,1316,1360
06037570303,482400,1546,2110,54,101,126,44,872,80,36,0,30,440,103,2282,772,4614,0.374,236,1312,2324.0,5290.0,0,1335,2589,4614,4217,4517,544,1312,5,24,49,0,6,26,12,50,0,3,24,0,254,199,111,67,282,140,125,196,4614,200,196,1312,1335
06037570304,513200,1401,1428,139,157,106,118,1043,39,26,53,40,486,101,2751,751,5168,0.3528,113,1529,2289.0,5855.0,0,1545,3526,5185,4763,5086,535,1529,23,34,84,37,11,26,50,31,47,27,0,6,190,204,155,222,95,308,145,76,5185,118,257,1529,1545
06037570305,112300,1608,1218,70,119,79,225,1127,34,0,0,0,353,113,2083,1071,4204,0.3712,189,1480,1648.0,5369.0,0,1523,2847,4204,3636,4131,499,1480,0,0,103,8,9,20,19,22,44,10,0,0,189,190,88,21,260,2,131,104,4204,82,210,1480,1523
06037570306,595200,1417,3044,50,30,75,17,399,30,115,40,14,530,2,1900,730,3222,0.3276,0,929,2952.0,4595.0,0,929,1940,3222,2947,3187,553,929,0,30,35,9,0,25,31,27,92,6,8,0,260,202,66,0,48,158,52,23,3222,272,233,929,929
06037570402,584800,1363,2038,64,19,7,0,237,117,56,72,51,711,132,1498,511,3248,0.4673,97,948,3858.0,4722.0,0,988,1410,3248,3010,3209,417,948,10,14,71,19,36,13,49,52,87,51,22,33,157,125,39,131,127,136,106,110,3248,289,379,948,988
06037570403,475600,1376,1449,47,69,68,51,584,35,97,0,17,471,145,1897,719,3711,0.3448,48,1055,2383.0,4690.0,0,1183,3089,3711,3454,3692,482,1055,35,26,45,10,0,9,37,42,33,22,0,27,54,146,199,122,170,155,99,120,3711,227,223,1055,1183
06037570404,588000,1612,2082,15,26,46,2,250,53,95,49,60,663,298,2117,872,3972,0.4023,26,913,3744.0,4891.0,0,935,2825,3972,3711,3930,486,913,57,19,9,6,16,0,11,21,56,41,10,0,116,154,253,75,123,156,57,146,3972,274,306,913,935
06037570502,584500,1818,1969,138,58,15,52,990,135,136,32,80,981,180,3182,734,6004,0.3945,79,1971,4733.0,9576.0,0,1993,3152,6026,5607,5957,816,1971,15,100,74,43,28,64,25,65,233,43,141,0,175,106,160,60,149,185,184,54,6026,437,437,1971,1993
06037570503,611400,1760,2004,80,70,19,10,395,29,75,11,81,747,36,1938,412,3903,0.3048,11,1142,3463.0,5043.0,0,1166,3065,3903,3899,3903,472,1142,0,117,13,0,0,0,41,56,176,4,0,153,54,120,187,114,201,17,239,150,3903,268,305,1142,1166
06037570504,620000,1367,1774,0,0,86,25,310,56,120,16,103,693,147,1614,870,3793,0.3958,62,1003,3877.0,5062.0,0,1010,2448,3793,3604,3763,487,1003,25,58,56,34,2,0,0,75,25,9,0,37,223,16,342,0,155,88,251,69,3793,289,370,1003,1010
06037570601,563500,1469,1834,69,132,141,98,904,26,67,160,43,709,304,3367,855,6182,0.3468,203,1613,3573.0,7188.0,0,1662,4218,6205,5507,6104,671,1613,67,30,73,32,8,0,30,59,90,54,20,18,132,147,354,220,279,198,157,105,6205,211,291,1613,1662
06037570602,595800,1687,2214,70,89,81,34,892,52,60,124,66,792,375,3051,716,5600,0.4143,99,1684,4441.0,7772.0,23,1770,2190,5624,5294,5593,663,1684,23,69,73,156,19,0,103,134,47,127,0,0,98,113,171,215,125,206,114,225,5624,458,265,1684,1770
06037570603,280600,1706,-666666666,62,249,305,5,1333,17,30,42,47,374,235,2489,1461,5289,0.4081,109,1707,1854.0,7373.0,0,1778,1405,5331,4803,5271,452,1707,3,71,36,30,13,0,0,60,40,0,18,4,92,184,261,196,293,213,155,240,5331,156,177,1707,1778
06037570701,728100,2230,2677,35,357,286,52,1334,59,264,39,150,1280,201,4481,291,7674,0.361,17,2614,8140.0,13072.0,0,2656,2467,7674,6921,7610,1369,2614,43,56,78,38,33,99,71,231,106,90,140,0,224,575,193,88,135,132,252,122,7674,796,418,2614,2656
06037570703,685200,2960,1897,26,0,23,9,135,138,95,78,37,826,89,1684,244,3055,0.4719,16,961,5260.0,6049.0,0,990,1185,3055,2842,3002,607,961,64,25,62,50,29,11,29,13,70,83,45,55,125,77,43,44,110,46,82,46,3055,486,332,961,990
06037570800,670600,2295,2315,27,8,126,7,299,173,267,159,93,1408,159,2991,253,5471,0.3524,28,1707,7681.0,9067.0,0,1731,1770,5488,4977,5428,1210,1707,12,58,46,101,38,24,44,47,49,87,50,41,252,96,207,89,217,144,183,121,5488,784,483,1707,1731
06037570901,755400,2853,2520,19,25,11,30,166,123,178,165,77,1614,277,3206,360,5858,0.4011,72,1780,9686.0,10677.0,0,1850,2117,5858,5464,5832,1031,1780,77,96,115,82,81,27,82,72,134,67,72,58,155,245,89,19,150,216,159,111,5858,915,668,1780,1850
06037570902,737400,2478,2263,59,45,70,26,340,104,60,100,81,832,48,1918,147,3349,0.3438,27,1172,4976.0,6720.0,0,1199,965,3349,2807,3331,674,1172,23,27,104,38,0,133,47,48,81,18,24,23,85,83,65,45,43,16,74,52,3349,577,247,1172,1199
06037571000,704900,2724,2301,11,28,21,0,203,297,168,114,105,1621,189,2861,334,5550,0.3668,46,1824,10238.0,11439.0,0,1936,1182,5571,4940,5498,1127,1824,46,75,102,24,24,61,76,152,67,49,81,50,258,170,292,60,155,71,253,47,5571,992,602,1824,1936
06037571101,706300,2598,2774,19,21,49,32,263,140,214,126,96,1406,62,2741,90,4904,0.3758,29,1669,8603.0,9900.0,0,1680,1584,4904,4434,4809,1135,1669,53,75,86,174,17,15,45,40,44,29,10,42,273,97,75,40,142,151,146,75,4904,899,492,1669,1680
06037571102,814000,2524,2489,25,6,22,38,153,162,174,157,6,1023,73,2216,168,3672,0.3607,52,1176,6669.0,7670.0,8,1228,1261,3699,3213,3658,817,1176,5,59,28,17,16,20,93,43,50,57,16,32,183,100,100,65,150,114,39,53,3699,673,340,1176,1228
06037571201,896200,1652,3183,113,45,118,89,531,169,48,204,75,957,97,2063,198,3843,0.3923,26,1488,6476.0,8469.0,0,1488,1024,3843,3236,3790,785,1488,76,55,81,60,21,79,36,67,54,72,9,79,89,60,181,115,110,68,0,181,3843,613,344,1488,1488
06037571202,824200,1824,1983,56,91,69,14,551,54,71,114,57,1016,117,1940,269,3921,0.4182,158,1567,6513.0,8575.0,0,1727,1105,3921,3712,3895,718,1567,33,11,128,40,81,9,88,55,69,192,13,51,67,91,114,184,16,167,158,0,3921,669,347,1567,1727
06037571300,759500,2635,2110,6,0,0,16,159,184,64,79,107,1382,151,2441,243,4779,0.3606,33,1541,9009.0,9797.0,0,1585,1668,4784,4469,4654,854,1541,44,56,51,23,53,32,27,130,156,82,67,114,226,142,162,50,242,122,43,111,4784,946,365,1541,1585
06037571400,680600,1904,2311,63,115,14,55,608,154,123,187,23,1130,117,2578,333,5018,0.3658,144,1738,6882.0,9653.0,0,1738,2041,5018,4534,4911,995,1738,110,23,154,23,43,15,173,38,70,56,77,66,229,147,121,53,200,149,111,119,5018,615,499,1738,1738
06037571502,641500,1815,1907,164,90,66,44,931,85,103,73,36,870,294,2958,331,5022,0.3998,130,1801,4612.0,8119.0,0,1903,1761,5033,4169,4886,578,1801,38,60,118,137,0,14,101,149,150,72,57,41,306,123,110,96,101,243,69,44,5033,460,390,1801,1903
06037571504,677900,1709,2207,45,101,48,58,851,144,209,53,33,1134,124,2813,668,5015,0.4356,174,1985,6492.0,9070.0,11,2096,1567,5030,4412,4972,861,1985,116,72,63,53,8,0,29,136,104,16,25,17,118,86,155,185,111,45,256,107,5030,624,433,1985,2096
06037571505,628400,1826,2442,26,86,104,87,511,32,59,91,16,419,191,1824,212,3229,0.3889,19,930,2372.0,4297.0,0,955,1547,3229,3055,3229,427,930,35,12,40,51,19,6,26,32,34,68,19,19,166,147,87,29,130,46,37,9,3229,190,184,930,955
06037571600,562500,577,1857,100,78,114,66,820,0,0,5,0,18,96,819,819,2222,0.4525,131,838,79.0,3445.0,0,850,632,2222,2016,2174,102,838,19,8,4,4,11,22,20,7,54,11,15,6,52,123,237,44,48,76,109,129,2222,12,6,838,850
06037571701,521500,1551,1347,40,142,110,28,1065,30,18,61,11,686,313,3168,1833,6602,0.4422,113,1751,3509.0,7562.0,0,1785,4823,6655,5340,6476,643,1751,34,56,78,0,51,0,15,85,84,55,32,51,343,259,386,212,240,64,266,233,6655,284,338,1751,1785
06037571703,579400,1335,2392,78,73,67,126,737,28,8,9,91,325,137,1582,854,3341,0.5057,92,1062,1769.0,4388.0,0,1088,2175,3462,3252,3450,400,1062,16,130,83,29,7,19,24,51,92,86,78,23,0,27,126,29,48,93,80,187,3462,152,118,1062,1088
06037571704,475400,1657,1601,78,44,111,106,733,18,65,44,54,506,132,2082,725,3783,0.3884,61,1239,2392.0,5066.0,0,1239,2245,3783,3628,3776,510,1239,14,78,0,27,40,7,28,65,12,12,0,20,22,205,256,75,124,135,15,68,3783,288,176,1239,1239
06037571800,1150400,1888,3291,58,32,83,0,424,90,133,50,45,826,106,1772,72,3147,0.4815,42,1250,6130.0,7690.0,0,1340,745,3217,2981,3217,588,1250,26,101,89,24,22,14,10,51,163,46,105,50,35,163,26,37,53,108,183,38,3217,677,143,1250,1340
06037571900,911800,1801,2868,194,48,261,42,1196,203,79,73,0,1090,123,3238,415,5896,0.4303,0,2286,7274.0,12884.0,0,2398,1497,5896,4560,5896,1171,2286,85,76,138,26,9,66,19,65,52,28,12,29,111,156,305,121,171,182,211,101,5896,857,233,2286,2398
06037572001,833000,1992,2583,80,13,69,93,666,271,140,185,120,1613,75,3595,315,6154,0.4227,18,2279,9436.0,12626.0,0,2334,1663,6205,5720,6170,1198,2279,8,69,95,45,32,41,116,33,79,83,29,120,134,157,335,70,147,158,170,162,6205,1042,526,2279,2334
06037572201,672000,1483,2295,11,123,242,71,816,40,99,160,195,1207,343,2937,830,5560,0.4286,165,2023,6767.0,9005.0,0,2023,2149,5705,5280,5668,828,2023,57,38,147,73,38,112,49,0,177,106,77,264,111,76,132,32,43,30,179,62,5705,716,476,2023,2023
06037572202,695700,1624,2397,46,85,0,0,454,58,85,67,18,616,122,1630,494,3210,0.5145,44,1070,3822.0,5798.0,0,1103,1354,3439,2975,3439,437,1070,25,62,63,39,17,29,20,43,77,43,18,50,91,94,96,37,63,171,82,9,3439,344,264,1070,1103
06037572301,535800,1676,1905,29,47,80,56,420,28,33,59,20,518,88,1868,639,3691,0.4231,33,938,2930.0,4645.0,0,972,2509,3728,3257,3728,512,938,9,34,27,30,7,7,33,30,52,18,37,6,36,119,166,51,54,151,197,54,3728,230,230,938,972
06037572500,328300,892,1692,21,187,310,67,965,49,26,41,48,550,109,1367,712,3693,0.4689,61,1515,2986.0,6395.0,0,1515,1576,3693,3477,3654,489,1515,81,67,241,0,0,41,45,53,111,119,43,103,70,0,154,40,69,383,19,148,3693,314,214,1515,1515
06037572600,521000,1495,1823,36,104,6,1,271,191,78,69,0,935,223,2638,269,4836,0.4223,76,1206,5370.0,6358.0,0,1272,2357,4849,4729,4849,716,1206,76,13,75,27,45,24,24,12,145,102,68,12,76,143,62,142,85,138,203,97,4849,440,437,1206,1272
06037572700,574100,1652,1775,38,38,115,30,411,76,83,76,69,955,235,2913,449,5180,0.3721,80,1366,5424.0,7127.0,0,1366,2006,5194,5108,5173,845,1366,76,59,116,91,22,0,98,55,67,84,94,90,34,140,238,41,42,114,219,202,5194,393,461,1366,1366
06037573002,752300,1446,2337,53,143,181,128,1006,33,55,0,0,107,99,1731,346,3715,0.3558,34,1113,427.0,4141.0,0,1166,2571,3761,3479,3681,308,1113,20,23,9,0,10,0,57,13,111,20,0,47,138,193,214,93,17,135,157,56,3761,10,57,1113,1166
06037573003,629600,1679,2302,16,17,40,33,307,47,48,42,4,308,86,1008,224,1701,0.3664,51,615,1815.0,2952.0,0,661,771,1720,1595,1704,288,615,0,29,30,6,5,0,6,40,27,11,0,5,59,65,50,57,56,11,48,25,1720,188,104,615,661
06037573004,640200,1451,2197,223,169,106,158,1477,35,41,8,29,192,162,2690,753,4855,0.4202,107,1669,1031.0,6306.0,0,1744,2848,4855,4111,4748,584,1669,22,22,24,72,0,0,19,31,17,10,41,19,179,173,58,192,171,58,250,13,4855,78,98,1669,1744
06037573101,647800,1556,2354,113,40,169,54,1117,7,41,70,13,262,303,2342,676,4358,0.3782,82,1379,1415.0,5805.0,0,1471,2273,4452,3900,4443,549,1379,33,57,37,29,4,37,62,116,45,0,34,125,116,349,174,78,58,58,143,109,4452,153,109,1379,1471
06037573102,687700,1469,2875,0,0,113,45,482,23,67,45,31,535,51,1417,701,2751,0.4313,13,1017,3258.0,5299.0,0,1047,1546,2751,2677,2712,361,1017,19,39,10,10,0,0,32,122,26,13,0,15,122,109,43,38,61,45,107,96,2751,415,70,1017,1047
06037573201,551100,1408,1668,29,41,86,184,865,30,79,27,12,349,132,1828,896,3977,0.5471,37,1214,1840.0,5037.0,0,1362,2588,3977,3649,3950,495,1214,10,7,45,34,24,28,50,3,37,52,5,38,59,175,234,85,80,84,230,74,3977,136,136,1214,1362
06037573202,586800,1577,2029,64,131,131,133,1168,57,93,53,36,550,296,3267,875,6640,0.5248,122,1718,2965.0,7598.0,0,1792,3558,6654,6023,6628,686,1718,67,29,252,66,0,2,133,80,145,87,38,17,385,125,211,147,300,205,168,70,6654,191,293,1718,1792
06037573300,500000,1530,2259,94,62,51,0,746,6,21,19,9,252,167,1506,1298,3816,0.4361,64,998,1312.0,4202.0,0,1046,2100,3856,3406,3838,287,998,60,38,36,0,0,7,13,18,70,45,0,36,59,308,231,21,149,117,177,56,3856,171,72,998,1046
06037573401,799200,1676,1973,64,54,42,46,338,40,53,7,6,185,61,799,306,1507,0.3787,0,523,925.0,2401.0,0,577,647,1507,1451,1479,227,523,12,31,17,24,0,0,33,11,5,25,0,0,83,20,53,6,90,8,70,47,1507,105,72,523,577
06037573402,655500,1812,2163,246,278,179,141,1566,182,51,14,76,1085,201,3841,623,6876,0.3954,115,2651,5623.0,11546.0,0,2919,3024,6929,6044,6847,966,2651,12,24,103,40,73,0,52,149,185,4,8,90,368,253,188,56,124,198,229,90,6929,848,237,2651,2919
06037573403,692000,2279,2464,21,94,11,20,261,141,224,72,72,1128,45,2064,180,3242,0.3568,0,1389,6362.0,7626.0,0,1464,950,3242,3061,3242,521,1389,18,20,24,33,36,20,51,41,19,102,76,5,87,9,93,0,14,6,128,57,3242,881,247,1389,1464
06037573601,818700,2348,2305,57,129,22,0,302,279,154,189,118,2052,167,3288,463,6356,0.4107,47,2354,12380.0,13898.0,0,2410,1515,6370,5990,6305,1313,2354,82,37,259,102,77,58,101,105,283,106,18,92,219,284,182,93,249,114,118,24,6370,1569,483,2354,2410
06037573700,821900,2396,2558,23,9,32,33,191,194,183,247,70,1542,133,2925,226,5391,0.3213,4,1733,9315.0,10432.0,5,1733,1706,5410,5005,5347,1231,1733,48,25,73,69,14,43,46,87,55,56,48,86,140,293,304,51,316,178,160,68,5410,893,598,1733,1733
06037573800,816900,2786,2150,16,16,32,40,147,197,181,73,92,1370,106,2096,190,4197,0.3733,0,1517,8450.0,9287.0,0,1579,1364,4197,4026,4150,950,1517,29,84,164,24,15,11,74,121,134,92,16,170,122,131,89,44,124,99,157,65,4197,981,380,1517,1579
06037573902,895200,1857,2383,0,19,25,0,100,74,88,93,14,817,18,1171,175,2130,0.4126,16,917,5701.0,6108.0,0,923,446,2130,1970,2130,438,917,44,23,68,28,16,71,19,45,97,57,24,43,20,29,97,19,16,73,58,44,2130,697,108,917,923
06037574000,907400,2688,2110,0,26,38,11,145,170,195,228,85,1794,55,2840,239,5178,0.3405,14,1939,11396.0,12320.0,0,1999,990,5178,4828,5091,1146,1939,123,90,86,75,47,118,95,98,63,203,88,87,123,149,211,69,115,117,160,130,5178,1346,430,1939,1999
06037574100,837600,2913,2303,38,79,45,95,411,279,152,126,65,1438,131,2713,138,5290,0.3463,0,1849,8228.0,10399.0,0,1879,1106,5307,4973,5307,1215,1849,65,65,123,68,20,8,85,232,174,52,7,41,130,243,316,84,76,120,171,85,5307,977,461,1849,1879
06037574201,808700,3000,2779,8,7,0,29,161,90,153,80,86,892,101,1705,88,3141,0.3824,27,1053,5504.0,6503.0,0,1117,424,3141,3041,3129,669,1053,21,29,50,25,11,60,13,35,46,28,41,70,79,192,128,165,37,53,83,27,3141,570,312,1053,1117
06037574202,726900,1920,2583,18,94,50,54,355,63,52,9,15,398,17,1107,114,2036,0.4026,60,753,2219.0,3726.0,0,761,851,2364,2182,2358,319,753,38,22,70,17,9,49,27,40,26,41,35,98,82,24,94,37,28,67,76,9,2364,257,124,753,761
06037574300,855600,2048,2592,221,126,118,29,722,102,79,84,139,1473,369,3117,177,6280,0.3541,71,2195,9302.0,12785.0,0,2260,1896,6323,5664,6282,1480,2195,48,103,59,77,106,28,22,64,122,199,11,116,402,131,117,79,132,130,358,141,6323,938,535,2195,2260
06037574400,819000,2587,2562,25,10,19,76,282,110,215,256,68,1730,52,2940,236,5656,0.3691,64,2012,10532.0,12019.0,0,2012,1329,5656,5247,5565,1200,2012,117,64,78,65,29,78,44,26,190,111,26,39,149,133,236,157,232,103,252,40,5656,1170,546,2012,2012
06037574500,880600,3167,2662,73,40,74,14,276,277,273,147,132,2034,173,3430,147,6510,0.3915,23,2310,13159.0,14811.0,0,2366,1614,6582,6322,6549,1353,2310,108,82,100,38,44,95,142,162,332,70,105,104,185,238,154,94,238,145,105,134,6582,1533,501,2310,2366
06037574602,981800,2880,3511,0,7,11,0,74,40,11,23,38,485,10,626,8,1284,0.5441,11,559,3561.0,3883.0,0,597,239,1284,1065,1276,326,559,20,12,20,10,19,55,19,17,28,29,57,46,31,19,43,14,72,10,10,10,1284,416,69,559,597
06037574800,1082600,1606,2324,99,140,34,55,654,173,48,9,36,878,58,1680,302,3035,0.5524,0,1532,5133.0,7246.0,0,1628,503,3044,2643,3031,461,1532,11,19,56,89,30,26,9,66,63,93,50,44,65,121,141,9,138,26,39,0,3044,759,95,1532,1628
06037574901,856600,2206,2767,23,160,58,0,364,187,194,72,70,1039,92,2199,331,3867,0.3584,29,1403,6469.0,8099.0,0,1432,739,3867,3124,3793,815,1403,48,82,43,52,28,17,30,66,31,53,0,15,55,70,133,109,103,144,95,23,3867,755,270,1403,1432
06037574902,650800,2174,1940,176,156,206,188,1647,16,21,26,71,311,94,2618,1244,4796,0.449,41,1958,1647.0,8585.0,0,2027,1429,5471,3876,5369,395,1958,47,6,39,8,10,17,35,7,66,36,24,9,179,59,173,59,117,121,173,71,5471,211,100,1958,2027
06037575001,776800,2245,2406,189,103,181,22,1141,69,81,129,54,675,221,2750,458,4108,0.4254,124,1816,3545.0,7546.0,0,1908,1502,4108,3378,4012,616,1816,13,29,61,42,0,0,42,16,20,18,38,31,90,70,67,119,166,17,178,7,4108,411,264,1816,1908
06037575002,717700,2026,2897,161,178,86,85,1188,33,149,70,30,726,125,2857,469,4082,0.4366,77,1914,3777.0,8631.0,16,2116,1331,4451,3904,4393,714,1914,20,131,129,15,14,26,124,121,106,18,43,92,125,63,56,32,82,16,125,17,4451,644,76,1914,2116
06037575101,522500,1607,2283,76,40,112,220,1163,0,39,18,63,347,133,1989,1195,4104,0.3971,129,1510,1780.0,6647.0,8,1629,2208,4115,3707,4058,397,1510,26,10,17,4,52,8,34,10,41,16,32,22,247,152,100,77,250,176,145,37,4115,255,75,1510,1629
06037575102,550000,1635,1563,124,182,49,57,1141,25,29,0,7,204,131,2250,817,4232,0.4146,66,1345,1039.0,5631.0,0,1379,3032,4247,3909,4217,473,1345,24,53,22,29,11,0,39,6,47,28,27,0,171,130,233,103,136,100,131,10,4247,98,76,1345,1379
06037575103,459400,1668,2230,191,114,190,161,1768,15,97,22,30,359,147,3197,516,4956,0.3907,44,2127,1481.0,8050.0,0,2225,2466,4980,4465,4893,523,2127,91,19,65,22,0,0,29,84,5,63,32,21,149,204,83,46,50,44,204,42,4980,238,98,2127,2225
06037575201,593800,1576,1633,89,195,25,67,1039,12,26,10,9,221,190,2056,1241,4823,0.3961,89,1260,1057.0,5148.0,0,1393,2534,4823,4614,4786,316,1260,67,72,27,0,50,9,26,98,80,62,9,82,194,189,149,81,203,103,208,145,4823,55,115,1260,1393
06037575202,565500,1372,1209,98,61,151,22,888,27,5,0,0,222,71,1730,872,3759,0.5411,160,1110,1337.0,4474.0,0,1196,2553,3759,3407,3729,506,1110,96,53,81,0,0,0,42,22,71,0,0,86,131,116,291,107,75,90,108,78,3759,74,105,1110,1196
06037575300,524500,1292,1663,88,105,142,162,1159,0,10,15,0,105,104,1842,1272,4132,0.4369,60,1264,570.0,4914.0,0,1364,2767,4188,3770,4106,369,1264,12,29,45,51,0,28,63,3,84,50,18,14,160,31,219,53,234,242,98,211,4188,37,48,1264,1364
06037575401,298400,1383,-666666666,84,126,88,68,1223,18,0,0,0,37,300,2219,1235,4394,0.4318,179,1260,162.0,4099.0,0,1339,3336,4437,3396,4394,381,1260,67,24,13,25,11,11,12,32,23,0,12,8,172,275,198,75,53,172,204,80,4437,19,0,1260,1339
06037575402,341300,1427,1818,76,98,111,30,871,18,28,107,0,200,181,1952,769,3749,0.3604,102,1071,743.0,3956.0,9,1163,3188,3757,3301,3685,367,1071,7,22,15,28,8,8,21,20,38,0,22,0,65,143,235,125,173,181,133,111,3757,158,35,1071,1163
06037575801,637500,1509,-666666666,30,85,114,47,709,0,4,0,0,21,56,1262,586,2399,0.4056,32,730,126.0,2787.0,0,804,1659,2399,2025,2340,145,730,0,9,15,3,3,4,8,22,49,6,3,0,14,149,161,56,98,46,48,28,2399,21,0,730,804
06037575802,494600,1411,1608,17,196,85,115,1287,61,8,78,7,393,186,2473,982,4508,0.3994,191,1680,2058.0,6130.0,0,1768,3399,4536,3843,4478,558,1680,34,88,60,35,0,0,60,64,19,26,5,0,131,209,185,64,72,128,128,150,4536,226,116,1680,1768
06037575803,315800,1070,1636,69,131,86,294,1123,23,7,41,0,156,119,1142,1045,2653,0.4918,31,1279,612.0,4163.0,0,1353,1292,2685,2044,2592,280,1279,20,43,75,34,20,27,41,174,116,142,85,37,42,70,48,29,138,85,9,14,2685,118,25,1279,1353
06037575901,393100,1699,1786,17,106,170,63,1008,102,61,90,15,536,309,1987,1217,3726,0.4987,161,1544,2175.0,6097.0,0,1639,1658,3726,3410,3726,455,1544,0,0,19,0,23,28,42,28,60,35,0,0,65,115,217,112,100,141,123,77,3726,423,102,1544,1639
06037575902,442300,1581,1746,162,365,505,295,2758,25,109,50,46,487,251,3668,741,5139,0.4603,228,3245,1624.0,8292.0,49,3564,1974,5286,3578,5139,408,3245,31,25,51,14,0,0,0,25,74,118,19,15,78,110,101,0,227,44,120,49,5286,335,120,3245,3564
06037576001,483400,2557,2076,421,662,294,184,2594,73,130,77,97,1014,289,4346,383,5407,0.4052,129,3608,3365.0,10815.0,159,4367,1171,5499,4290,5482,762,3608,12,6,116,19,16,0,40,92,40,69,0,12,36,0,75,0,40,32,45,99,5499,742,238,3608,4367
06037576200,557600,1544,3156,185,198,162,234,2614,65,37,17,190,589,424,3451,1119,5268,0.4761,151,3203,2378.0,9212.0,0,3441,2115,5277,3935,5253,299,3203,70,119,34,0,13,18,34,63,40,13,26,0,44,70,140,78,52,0,57,33,5277,505,24,3203,3441
06037576301,473100,1619,2792,126,123,201,264,1771,74,37,27,12,180,147,2570,1431,4695,0.4686,94,1951,833.0,7064.0,39,2130,2629,4725,4017,4678,523,1951,28,20,25,31,10,39,117,94,37,67,30,22,107,68,189,43,35,133,127,44,4725,129,31,1951,2130
06037576302,445000,1413,2016,93,103,63,63,953,15,14,0,32,162,139,1614,740,3153,0.4142,113,1115,901.0,3979.0,0,1261,1981,3278,2976,3261,180,1115,6,38,28,2,55,12,16,36,67,27,31,33,126,141,90,62,59,89,72,158,3278,84,63,1115,1261
06037576401,463100,1615,-666666666,59,128,160,52,1157,0,5,0,0,129,191,1954,1387,4338,0.3974,193,1286,541.0,4790.0,0,1338,3096,4338,4100,4290,319,1286,45,61,0,0,0,0,59,35,0,0,16,45,136,145,200,70,188,147,326,177,4338,32,60,1286,1338
06037576402,526100,1623,1775,120,97,66,79,1002,3,31,30,19,310,235,2088,876,4196,0.3881,77,1312,1446.0,5342.0,0,1390,3081,4272,3394,4242,465,1312,20,11,58,0,0,9,79,21,46,0,11,68,113,191,250,79,168,167,134,63,4272,193,117,1312,1390
06037576403,497000,1630,1917,175,101,122,132,1241,0,55,9,0,196,221,2782,838,5230,0.3701,53,1437,1088.0,5848.0,0,1473,3294,5256,4631,5256,482,1437,0,0,41,28,0,8,0,11,61,27,0,17,157,206,271,147,55,230,197,27,5256,72,71,1437,1473
06037576501,548700,1617,2295,61,98,153,160,1278,33,3,5,32,189,177,1676,652,2817,0.4697,124,1467,905.0,5223.0,0,1596,1073,2905,2458,2905,247,1467,12,33,31,14,0,0,8,114,21,52,36,20,104,111,130,56,78,14,93,114,2905,144,30,1467,1596
06037576502,495600,1717,2200,215,206,202,193,1641,79,85,59,0,418,201,3131,801,5152,0.3952,187,2059,2031.0,7514.0,0,2216,2683,5152,4411,5106,458,2059,30,15,22,8,0,7,209,30,31,7,0,0,115,94,54,88,131,108,60,196,5152,347,71,2059,2216
06037576503,617900,1650,2534,301,170,158,130,1482,44,52,16,0,220,143,2548,549,3698,0.3891,47,1702,1000.0,6151.0,0,1820,1966,3927,3277,3871,332,1702,13,25,64,25,23,13,7,9,63,39,26,47,104,21,124,77,55,69,55,14,3927,161,46,1702,1820
06037576601,680800,1662,1905,189,165,104,274,1872,45,46,132,14,663,174,2675,559,3935,0.4824,76,2535,2991.0,9078.0,0,2957,1491,3961,2985,3947,327,2535,60,30,0,14,35,0,66,77,129,90,0,22,40,126,0,41,30,52,50,38,3961,632,31,2535,2957
06037576602,676800,1953,2616,264,422,111,191,2177,129,52,39,47,509,217,3460,698,4778,0.3918,117,2686,2210.0,10354.0,0,3072,1472,4829,3456,4758,535,2686,95,103,84,12,40,0,53,70,46,120,14,16,19,0,13,0,71,0,133,61,4829,382,127,2686,3072
06037576700,738900,1798,2965,214,86,88,192,1298,64,72,57,20,842,167,2543,431,3830,0.4553,70,2140,5104.0,9843.0,0,2329,1101,3968,3290,3886,707,2140,54,196,73,44,43,0,22,80,105,43,46,96,135,60,0,0,96,30,41,19,3968,750,92,2140,2329
06037576801,652200,1716,1986,176,140,244,61,1476,11,59,14,0,394,74,2192,517,3734,0.4872,56,1870,2342.0,7854.0,0,2097,1434,3734,3356,3607,555,1870,36,19,63,17,0,12,36,36,38,42,124,51,143,72,111,22,117,80,35,0,3734,352,42,1870,2097
06037576802,791200,1828,2150,184,190,103,152,1446,20,81,72,39,411,153,2848,380,4303,0.3731,31,1857,2166.0,7890.0,0,1928,1354,4413,3868,4410,457,1857,81,78,166,16,15,9,50,26,77,13,16,63,3,49,186,64,112,84,50,66,4413,356,39,1857,1928
06037576901,645800,1543,1871,82,122,255,141,1579,41,24,20,14,228,143,2820,1346,5118,0.407,54,1807,1083.0,6964.0,19,1978,2932,5136,4544,5085,664,1807,39,47,9,9,0,3,76,38,31,4,0,0,64,155,151,65,184,155,90,67,5136,104,124,1807,1978
06037576903,551700,1596,2733,181,169,100,110,1218,8,0,29,8,146,127,2127,745,3491,0.4115,56,1364,670.0,4743.0,0,1508,1953,3491,3121,3440,388,1364,8,27,0,35,33,2,11,0,68,58,0,0,63,41,134,33,196,102,66,85,3491,122,24,1364,1508
06037576904,782100,1639,2839,122,59,76,71,907,13,48,33,0,273,96,1691,807,2940,0.4804,114,1180,1416.0,4863.0,0,1272,1137,2970,2524,2936,298,1180,2,26,27,0,0,0,71,12,93,28,19,44,36,62,172,9,110,90,24,43,2970,221,52,1180,1272
06037577000,685200,1868,2765,412,498,417,105,2635,53,59,19,149,684,138,4814,1246,6986,0.3827,100,3319,3675.0,13283.0,0,3393,2202,7149,6130,7127,999,3319,0,84,202,49,30,23,24,236,13,21,10,70,78,140,183,141,62,71,96,35,7149,452,207,3319,3393
06037577100,824300,1884,2097,331,288,220,297,2402,180,90,61,148,1054,391,5142,900,7282,0.4019,87,3456,5724.0,15284.0,0,3545,2340,7370,5862,7277,1145,3456,35,100,63,166,11,77,78,116,54,89,14,28,262,73,102,253,82,195,69,59,7370,857,197,3456,3545
06037577200,882100,1869,2861,356,526,167,143,2445,90,169,54,45,820,155,4464,466,5743,0.4037,49,3265,5080.0,13779.0,0,3587,1364,5770,5139,5753,887,3265,60,49,81,51,49,11,56,59,83,82,61,33,51,18,8,18,82,45,37,10,5770,755,65,3265,3587
06037577300,1201700,1941,2773,612,454,282,304,2652,206,32,41,135,1092,222,4300,170,5899,0.333,28,3744,6284.0,15668.0,0,3891,874,5899,4839,5802,857,3744,10,45,184,78,34,0,64,67,147,42,21,31,236,34,42,183,53,25,83,48,5899,980,112,3744,3891
06037577400,1207600,1971,2557,106,191,97,67,949,49,57,20,0,513,45,1830,212,2837,0.4613,20,1462,3500.0,6860.0,0,1706,434,2880,2432,2812,548,1462,6,74,48,47,0,42,39,20,120,19,19,29,28,46,75,45,133,46,63,18,2880,454,59,1462,1706
06037577501,1373000,1996,3473,45,126,63,42,629,41,113,39,112,1077,50,1754,201,3318,0.4706,15,1706,6876.0,9425.0,0,1930,505,3318,3003,3318,679,1706,110,80,94,133,67,35,77,151,110,130,38,59,0,0,107,35,45,25,89,35,3318,982,95,1706,1930
06037577504,2000001,1966,3412,44,34,31,20,402,40,36,18,0,332,15,818,109,1281,0.5517,3,734,2258.0,3629.0,5,843,159,1281,1104,1281,201,734,0,35,88,43,10,17,4,31,90,23,0,9,0,33,19,16,0,33,30,0,1281,311,21,734,843
06037577602,826400,2731,1732,32,79,96,53,551,46,69,26,8,1088,75,1724,202,3209,0.4389,16,1639,6445.0,8564.0,0,1639,400,3209,2748,3171,645,1639,32,26,118,138,86,23,52,105,126,126,88,28,77,25,30,58,39,45,45,57,3209,906,182,1639,1639
06037577604,756100,2764,2671,17,17,0,26,125,55,21,48,14,667,21,834,34,1578,0.4579,12,792,3232.0,3784.0,0,853,238,1578,1439,1568,323,792,8,31,49,50,15,8,69,47,88,97,7,20,12,9,4,39,10,10,5,11,1578,561,97,792,853
06037577605,1292000,2298,3227,26,38,160,116,501,112,97,118,56,1584,106,2345,405,4760,0.5165,32,2085,10584.0,12960.0,0,2124,887,4760,3892,4734,911,2085,83,96,198,98,37,61,104,168,249,137,16,74,201,236,82,32,143,148,131,37,4760,1259,285,2085,2124
06037577606,1108500,2416,3043,39,90,148,143,938,69,41,76,18,614,21,2253,295,3998,0.4834,0,1552,3951.0,7871.0,0,1747,950,3998,3762,3950,652,1552,60,13,64,0,8,67,0,57,58,70,34,71,0,154,142,64,335,126,191,61,3998,431,180,1552,1747
06037577700,594000,1688,2083,20,75,61,33,428,49,49,56,133,789,224,2532,298,4578,0.3477,138,1217,4546.0,6582.0,0,1259,2466,4652,4534,4608,589,1217,26,40,42,53,21,28,12,54,120,23,32,105,94,157,132,118,182,115,139,41,4652,371,311,1217,1259
06037577800,624400,1861,2088,76,129,12,71,343,128,109,20,30,1011,319,2299,202,4624,0.3378,7,1354,5644.0,7146.0,0,1403,3748,4624,4421,4624,789,1354,68,55,34,7,38,57,49,36,81,20,29,119,158,308,256,66,210,205,32,87,4624,575,327,1354,1403
06037577900,535500,1756,2207,61,259,139,125,1358,124,156,88,97,1050,138,3003,537,5363,0.4191,34,2408,5492.0,10088.0,0,2545,1210,5669,4966,5616,777,2408,16,174,146,93,40,182,5,178,172,95,69,246,123,164,92,116,71,133,58,91,5669,716,302,2408,2545
06037578000,527500,1492,1414,182,103,116,133,1244,41,52,35,26,395,282,2808,1872,6358,0.443,112,1639,1932.0,6518.0,16,1740,4303,6358,5528,6212,664,1639,106,25,105,62,14,10,19,85,92,62,9,35,139,280,365,275,135,155,124,147,6358,149,148,1639,1740
06037578100,-666666666,-666666666,-666666666,0,0,0,0,0,0,0,0,0,0,29,393,8,8,-666666666.0,0,0,-666666666.0,-666666666.0,0,0,522,2285,1157,2285,0,0,5,11,27,6,14,20,0,0,0,0,5,0,0,0,0,37,0,0,0,32,2285,0,0,0,0
06037599000,978100,1786,2954,156,55,67,194,898,23,0,0,23,445,0,2000,294,3352,0.3648,0,1343,2590.0,5391.0,0,2021,1978,3369,3097,3369,640,1343,53,37,51,45,1,81,26,124,122,2,23,4,58,58,132,128,131,55,192,28,3369,280,138,1343,2021
06037599100,-666666666,1857,-666666666,12,0,0,12,54,0,0,0,0,0,0,296,81,425,0.6176,0,54,-666666666.0,462.0,0,159,146,654,570,654,42,54,11,56,0,0,0,0,0,14,6,0,0,0,0,0,12,0,0,12,0,14,654,0,0,54,159
06037600100,611800,1547,2603,126,140,130,99,1735,90,60,69,49,391,249,3312,1017,6735,0.4791,33,2126,2050.0,9247.0,0,2265,4603,6752,6476,6670,785,2126,38,101,67,20,17,16,38,89,91,16,95,39,181,162,346,213,159,251,238,254,6752,86,258,2126,2265
06037600201,621700,1498,2750,66,154,103,55,1027,0,54,22,0,299,387,2447,1308,5350,0.4461,220,1326,1579.0,5994.0,24,1405,3554,5362,4957,5254,457,1326,14,35,20,68,0,14,34,8,2,26,59,4,295,130,465,217,182,204,190,171,5362,118,102,1326,1405
06037600202,487400,1190,2015,171,29,35,73,1657,43,20,16,113,586,285,3001,2353,7509,0.4745,239,2243,3299.0,10526.0,0,2370,4872,7625,6916,7544,400,2243,150,0,109,65,53,0,183,57,45,94,151,69,454,342,357,135,359,294,329,203,7625,249,272,2243,2370
06037600302,593200,1574,2125,64,25,48,32,384,40,84,33,81,673,147,1563,281,3328,0.3788,29,1057,3672.0,5167.0,0,1096,1244,3343,3079,3322,323,1057,0,44,55,47,20,0,23,31,76,65,77,39,88,223,162,24,53,101,140,13,3343,351,293,1057,1096
06037600303,464700,1442,2594,38,206,18,37,1076,16,0,10,0,170,265,1661,1043,4157,0.4735,154,1246,848.0,5170.0,0,1342,2957,4157,3858,4137,377,1246,6,10,24,24,0,0,0,97,28,47,0,15,182,231,295,100,116,172,154,102,4157,48,41,1246,1342
06037600304,466000,1446,1500,131,52,42,104,925,39,17,39,14,154,210,2018,746,3991,0.406,168,1079,780.0,4354.0,0,1132,2798,4074,3852,4007,257,1079,32,13,14,33,13,17,35,3,51,5,17,0,121,201,142,145,184,195,134,41,4074,39,71,1079,1132
06037600400,662000,977,2110,34,145,108,136,803,156,100,95,15,671,196,1854,1252,4009,0.4986,90,1474,4214.0,7765.0,0,1575,739,4032,3864,4007,417,1474,80,21,39,40,29,55,31,11,172,151,36,22,73,140,147,136,164,65,125,27,4032,469,158,1474,1575
06037600501,688900,1643,2116,0,11,43,0,276,75,78,35,32,573,76,1212,184,2562,0.4575,29,849,3963.0,5118.0,0,878,337,2597,2451,2577,365,849,25,9,100,47,93,39,50,24,71,126,64,24,168,71,91,18,50,85,108,0,2597,422,142,849,878
06037600601,717700,1791,2409,58,32,11,34,343,101,35,64,14,489,91,1147,241,2282,0.4335,54,832,3473.0,4977.0,0,931,428,2388,2288,2370,326,832,39,16,61,47,26,19,8,37,71,52,60,20,40,52,99,0,70,65,117,12,2388,388,87,832,931
06037600602,620000,1620,765,71,40,53,90,632,0,0,0,0,54,105,1221,532,2560,0.5611,31,686,301.0,2834.0,0,778,2069,2681,2492,2648,174,686,0,0,15,15,8,0,6,7,15,8,12,161,178,133,74,70,87,139,81,64,2681,0,32,686,778
06037600702,793300,1672,2427,87,31,0,50,480,145,108,132,30,1071,139,2564,482,4616,0.455,55,1551,7051.0,9698.0,0,1638,1165,4659,4472,4649,609,1551,50,42,53,7,43,6,74,65,99,34,29,101,103,138,119,98,136,68,116,121,4659,871,200,1551,1638
06037600703,646600,2375,2448,5,6,10,0,130,48,26,133,119,663,96,796,154,1755,0.3858,10,793,3752.0,4369.0,0,904,85,1755,1572,1742,194,793,14,14,28,29,21,5,55,40,58,58,66,96,12,39,38,35,48,37,39,0,1755,601,62,793,904
06037600704,765900,1994,2025,17,54,142,59,660,73,20,80,20,514,133,1526,382,2989,0.4917,12,1174,3511.0,5925.0,0,1240,319,2996,2749,2996,332,1174,76,24,83,76,34,49,25,100,74,60,70,19,0,99,98,18,7,86,88,91,2996,387,125,1174,1240
06037600801,732400,2116,2702,101,38,30,60,386,75,111,154,81,816,112,1753,242,2761,0.3957,13,1202,5103.0,6402.0,0,1317,316,2761,2559,2741,407,1202,9,108,19,67,57,28,0,93,19,42,18,71,74,84,60,44,26,52,17,107,2761,563,198,1202,1317
06037600802,683400,1577,3106,69,115,42,80,716,16,59,38,38,458,172,1422,213,2498,0.3867,13,1174,2835.0,5635.0,0,1230,264,2508,2252,2508,314,1174,18,83,70,32,23,39,62,171,19,31,37,30,0,50,0,8,126,33,38,27,2508,266,192,1174,1230
06037600902,675100,1593,2944,168,44,177,106,1673,29,90,78,0,557,452,3851,740,6443,0.4114,294,2230,2785.0,9488.0,0,2561,2538,6599,5894,6505,317,2230,55,60,68,49,10,19,65,67,360,49,18,49,213,210,318,154,81,198,248,141,6599,236,121,2230,2561
06037600911,860300,1954,1722,33,115,31,7,606,61,44,55,45,440,44,2101,426,3337,0.4179,77,1046,2649.0,5188.0,0,1091,2130,3344,2912,3327,422,1046,19,0,78,22,0,0,20,37,69,82,14,22,61,143,80,59,40,57,89,75,3344,253,162,1046,1091
06037600912,665900,1433,1154,50,103,40,62,597,85,45,83,34,831,133,2632,579,4832,0.3249,52,1428,4512.0,7062.0,0,1478,3694,4832,4296,4814,674,1428,73,72,27,10,61,0,31,21,109,51,25,26,113,93,202,114,129,118,227,62,4832,435,337,1428,1478
06037601001,953900,1472,3689,82,55,233,161,840,0,12,0,95,197,70,926,302,2054,0.5857,23,1037,1372.0,4491.0,0,1110,868,2148,1906,2059,263,1037,0,15,21,56,0,91,24,94,39,47,120,94,252,20,0,0,0,18,66,0,2148,153,44,1037,1110
06037601002,610500,1627,1936,140,241,124,74,1595,26,34,0,139,418,245,2873,1050,5070,0.461,147,2013,2280.0,7803.0,0,2139,2067,5074,4385,5002,544,2013,0,79,40,0,0,23,54,59,51,92,38,70,108,116,29,139,149,199,207,0,5074,231,135,2013,2139
06037601100,644100,1713,1670,125,182,251,204,1864,0,21,0,16,186,479,3705,1286,6696,0.4291,47,2050,1094.0,7306.0,37,2172,3512,6821,5963,6738,632,2050,48,45,73,13,59,21,77,34,92,60,9,54,190,275,81,360,197,382,202,182,6821,33,110,2050,2172
06037601202,658400,1716,2108,7,37,54,21,532,18,93,25,30,529,149,2116,286,3958,0.4045,74,1061,3145.0,5405.0,0,1094,3328,3958,3882,3958,512,1061,16,93,64,57,14,111,50,25,113,11,22,52,23,102,128,61,41,92,145,71,3958,238,240,1061,1094
06037601211,571200,1653,1869,161,63,54,57,866,15,27,45,7,227,110,1751,272,2977,0.4551,66,1093,1014.0,4233.0,0,1223,1508,3008,2440,2834,428,1093,7,28,34,6,28,82,14,38,36,6,6,97,181,57,49,44,103,96,41,92,3008,128,99,1093,1223
06037601212,479200,1557,1796,66,231,152,206,1509,17,59,35,0,469,113,3120,834,5416,0.4101,133,1978,2007.0,7302.0,0,2008,3207,5416,4815,5337,707,1978,18,37,15,19,0,0,113,110,81,19,33,50,111,123,157,110,167,129,290,49,5416,250,182,1978,2008
06037601301,872300,1774,2040,23,56,23,11,280,54,45,26,25,461,96,1049,124,1810,0.49,16,741,2696.0,3782.0,0,748,567,1810,1696,1797,309,741,10,43,45,0,11,12,37,55,93,22,25,12,74,53,63,18,25,53,39,19,1810,336,104,741,748
06037601302,574200,1773,2021,415,145,191,86,2055,28,105,50,89,579,335,4357,1106,6892,0.4202,143,2634,2792.0,10982.0,0,2908,2306,6892,6673,6827,745,2634,83,10,50,14,0,0,27,74,116,68,55,0,277,180,108,154,198,170,382,119,6892,282,297,2634,2908
06037601303,590600,1752,2282,99,253,144,284,1886,18,19,64,6,272,382,3277,1211,5583,0.436,67,2158,1268.0,8664.0,0,2225,1602,5593,4953,5582,566,2158,54,53,41,57,29,18,32,23,119,40,19,32,118,84,195,77,142,155,258,106,5593,180,85,2158,2225
06037601401,684200,1502,1828,115,167,142,147,1283,21,43,21,42,457,308,3117,2094,7129,0.4178,52,1740,2098.0,6604.0,27,1890,3424,7129,6140,7039,539,1740,207,140,92,193,78,61,31,40,108,49,40,60,70,171,247,209,450,76,167,23,7129,208,164,1740,1890
06037601402,657000,1467,2084,39,148,50,21,682,66,40,72,32,639,196,2550,902,4437,0.3765,19,1321,3186.0,6276.0,8,1421,3918,4437,4343,4408,823,1321,0,54,77,20,39,7,54,58,54,26,0,7,120,238,78,57,36,204,102,36,4437,178,353,1321,1421
06037601501,559400,1273,1861,134,110,113,79,822,35,30,0,0,151,126,1935,1138,3703,0.4017,65,973,819.0,3598.0,0,1032,3014,3707,3306,3594,494,973,38,38,28,0,6,8,31,12,22,28,8,22,151,196,238,95,175,113,97,78,3707,74,56,973,1032
06037601502,798800,1388,2635,107,92,72,78,626,4,5,18,0,282,222,1869,480,3640,0.3509,3,908,1145.0,3590.0,6,959,3497,3640,3202,3634,497,908,26,41,163,14,14,16,25,181,24,13,27,0,90,108,160,20,113,110,156,60,3640,20,213,908,959
06037601600,628900,1216,1618,101,91,19,42,879,19,64,88,0,420,24,2524,253,4021,0.4356,21,1299,2179.0,4859.0,0,1333,3477,4021,3775,3958,716,1299,24,14,148,9,0,0,154,9,9,62,0,60,39,118,45,32,124,137,57,71,4021,174,136,1299,1333
06037601700,616400,1443,2203,99,65,114,36,1082,24,39,11,13,261,218,2883,992,5276,0.4001,33,1343,1416.0,5540.0,0,1367,4408,5276,4855,5224,690,1343,39,35,0,11,0,0,25,31,13,37,0,0,136,264,195,198,134,78,265,161,5276,64,128,1343,1367
06037601801,659800,1519,1691,64,47,97,26,545,15,8,23,0,309,42,1555,509,2824,0.4445,51,854,1841.0,3970.0,0,899,2701,2863,2591,2836,444,854,11,46,47,18,0,0,13,36,47,7,6,19,125,160,121,68,41,114,58,23,2863,158,143,854,899
06037601802,682100,1409,1846,99,67,83,11,663,58,48,0,19,303,149,1884,390,3509,0.3857,28,966,1568.0,4194.0,0,1005,3017,3509,3272,3463,416,966,41,11,12,27,0,0,3,51,69,89,19,0,153,182,223,53,103,68,82,71,3509,104,171,966,1005
06037601900,781300,1549,1520,96,111,76,172,947,0,0,0,36,394,268,2418,918,4696,0.3602,88,1341,2003.0,5594.0,0,1359,3593,4729,4582,4705,659,1341,56,6,15,51,27,0,25,25,70,36,29,6,111,181,62,110,164,277,113,147,4729,187,135,1341,1359
06037602002,637000,1682,1918,53,31,96,60,542,14,52,40,29,277,102,1640,387,3086,0.3883,55,819,1545.0,3461.0,0,890,2417,3086,2782,3063,359,819,38,38,31,7,0,0,0,31,12,27,19,0,97,78,144,62,85,108,99,59,3086,94,115,819,890
06037602003,651500,1718,1918,110,32,98,90,837,27,15,9,79,397,180,2255,577,4401,0.373,49,1234,2219.0,5664.0,0,1307,3865,4438,4031,4397,589,1234,41,136,50,20,0,0,24,25,10,16,47,99,78,274,245,168,125,162,105,31,4438,212,144,1234,1307
06037602103,651900,1689,1164,120,143,62,165,1381,45,0,15,0,357,379,2644,1913,5147,0.4573,81,1738,1978.0,6707.0,0,1965,3724,5336,4894,5336,595,1738,67,52,4,58,52,12,50,75,89,51,68,68,98,142,235,70,71,96,377,196,5336,112,245,1738,1965
06037602104,629700,1771,2026,108,195,160,154,1395,25,18,47,8,395,297,3350,935,6159,0.4031,48,1790,2098.0,7820.0,0,1790,4392,6159,5898,6089,695,1790,34,23,91,13,30,0,63,27,38,49,44,71,287,322,258,91,175,214,258,95,6159,189,159,1790,1790
06037602105,596000,1446,2333,116,126,146,95,1150,6,43,0,0,224,279,1991,949,3550,0.4416,150,1374,1128.0,4997.0,0,1423,2091,3567,3218,3556,434,1374,0,73,0,4,9,7,30,27,63,62,11,20,124,133,138,20,72,84,167,8,3567,64,155,1374,1423
06037602106,598600,1481,1485,200,363,218,189,1953,59,11,50,32,321,97,3295,839,6340,0.3586,76,2274,1852.0,8573.0,0,2314,3732,6360,4840,6170,740,2274,16,38,44,73,25,40,18,15,37,122,16,25,483,155,61,91,174,196,107,129,6360,154,118,2274,2314
06037602201,899700,3105,2775,50,114,144,78,654,163,54,31,0,985,36,2368,386,4289,0.3855,44,1639,6168.0,8044.0,0,1796,1546,4294,3761,4161,780,1639,29,15,44,78,20,13,18,54,76,7,60,155,181,112,151,43,131,135,170,21,4294,596,367,1639,1796
06037602202,763600,1717,-666666666,147,22,130,125,642,77,11,0,19,348,69,1590,131,2826,0.3209,32,990,1738.0,3947.0,0,990,1749,2839,2366,2771,303,990,0,18,26,87,0,50,12,6,72,10,6,38,59,59,0,39,117,15,28,27,2839,103,201,990,990
06037602301,818200,1786,2230,64,89,30,40,501,116,200,112,54,1430,123,3367,420,6666,0.4296,52,1931,8173.0,10430.0,0,2063,3480,6692,5821,6605,1240,1931,36,36,202,104,33,37,80,151,152,185,35,49,120,335,107,56,291,352,173,160,6692,643,665,1931,2063
06037602302,1006900,3342,3320,44,59,70,14,282,229,232,83,131,1525,205,2666,101,4641,0.3879,74,1807,8374.0,9757.0,0,1886,878,4641,3895,4592,1033,1807,85,28,108,63,25,8,59,48,21,72,38,50,211,253,124,58,140,260,97,48,4641,988,527,1807,1886
06037602402,770600,1780,2443,109,196,82,47,985,153,127,139,64,978,238,3967,370,7250,0.4116,0,1963,5871.0,10131.0,0,2100,4905,7250,6826,7128,1114,1963,66,18,207,83,17,7,40,83,69,73,76,0,292,208,106,99,236,223,175,253,7250,512,350,1963,2100
06037602403,788500,1544,2216,134,207,55,178,1202,43,41,37,21,296,153,2518,668,4386,0.3474,47,1498,1789.0,5977.0,0,1629,3121,4386,3751,4360,588,1498,88,61,43,32,66,17,39,70,44,94,23,7,104,181,208,34,148,34,93,59,4386,159,117,1498,1629
06037602404,808500,1677,2325,89,100,228,153,1464,41,10,47,11,424,487,3060,1449,5836,0.42,83,1888,2341.0,7945.0,0,1965,3963,5901,5142,5781,697,1888,26,22,52,55,24,28,26,34,131,9,91,17,254,280,389,118,192,76,55,95,5901,262,124,1888,1965
06037602504,748500,1477,1683,170,218,83,176,1651,46,0,0,0,167,128,3023,1115,4867,0.3496,78,1818,952.0,6312.0,0,1868,2922,4877,4518,4756,484,1818,28,22,85,11,8,0,12,8,29,0,9,18,159,97,212,102,59,183,174,152,4877,75,73,1818,1868
06037602505,606100,1559,2375,174,230,94,127,1472,13,0,0,15,99,130,2320,1093,4424,0.395,28,1571,579.0,4845.0,0,1653,2703,4523,3736,4424,564,1571,0,8,92,15,0,0,32,10,14,0,0,10,224,192,205,153,254,218,167,65,4523,86,13,1571,1653
06037602506,572400,1700,2113,180,167,186,69,1486,47,9,0,14,196,150,2255,757,4135,0.4482,71,1682,1094.0,6357.0,19,1770,1985,4135,3592,4053,414,1682,10,24,23,23,0,0,12,36,50,29,0,17,184,76,209,156,103,168,120,84,4135,102,85,1682,1770
06037602507,533800,1683,2131,284,300,162,141,1771,0,0,10,44,173,210,2748,476,5122,0.3295,86,1944,923.0,7632.0,0,2052,1865,5233,4451,5132,614,1944,16,16,25,15,51,33,62,0,73,21,42,96,330,226,206,100,96,198,142,39,5233,85,88,1944,2052
06037602510,664700,1508,2632,53,169,66,45,1006,0,31,25,0,159,196,1974,731,3638,0.5167,34,1165,940.0,4559.0,0,1198,2255,3638,3319,3638,440,1165,0,20,11,0,33,11,0,29,47,7,0,0,21,226,294,127,0,209,317,58,3638,87,52,1165,1198
06037602511,690100,1596,-666666666,112,232,19,127,1359,0,0,0,14,146,91,2144,506,4444,0.485,72,1505,670.0,5536.0,0,1526,1593,4444,4012,4307,294,1505,0,18,46,0,29,0,0,110,189,45,12,14,182,60,235,70,48,374,192,355,4444,36,92,1505,1526
06037602512,641300,1620,1719,0,55,78,0,288,22,20,36,19,281,52,1053,230,1926,0.3968,9,569,1582.0,2953.0,0,630,867,1926,1554,1926,164,569,20,8,12,26,18,0,18,17,65,18,18,0,40,79,142,43,17,32,90,0,1926,138,101,569,630
06037602513,450000,1827,-666666666,52,69,1,32,474,0,0,0,0,8,48,848,540,1611,0.4722,135,482,32.0,2075.0,0,486,578,1660,1499,1660,103,482,3,9,0,2,0,0,6,0,22,0,0,0,79,74,54,30,105,102,73,0,1660,8,0,482,486
06037602601,646100,1441,2255,60,0,54,28,546,54,129,126,200,1129,97,2247,386,5002,0.4399,167,1675,7120.0,8894.0,34,1720,1240,5072,4238,5001,878,1675,37,0,104,70,51,26,34,49,238,106,66,28,58,288,95,144,169,177,245,67,5072,705,393,1675,1720
06037602602,611000,1709,2507,6,28,72,9,467,21,51,10,32,622,61,1360,348,2671,0.4713,21,1089,3673.0,5308.0,21,1121,723,2839,2346,2839,293,1089,34,53,54,42,71,20,26,9,113,126,167,15,0,190,88,53,121,93,65,10,2839,340,259,1089,1121
06037602700,685900,2250,2094,17,36,35,17,218,72,205,11,91,1013,143,2040,285,3626,0.3593,7,1231,6568.0,7941.0,8,1258,613,3631,3377,3631,571,1231,19,101,39,25,23,4,48,36,163,49,57,135,57,0,63,55,55,61,141,73,3631,715,298,1231,1258
06037602801,608800,1284,1895,41,45,194,136,926,6,37,0,75,332,129,1946,1051,4052,0.4863,48,1258,2112.0,6161.0,0,1307,2050,4052,3422,4035,262,1258,37,13,71,8,0,16,6,148,13,7,12,45,298,112,202,175,112,253,258,88,4052,229,78,1258,1307
06037602802,652700,2579,2293,0,52,0,10,172,152,71,133,79,1138,393,2379,206,4634,0.4114,30,1310,7064.0,7862.0,0,1310,1544,4637,4301,4594,498,1310,27,10,74,32,26,19,135,48,80,98,91,67,99,176,165,121,149,72,118,94,4637,645,420,1310,1310
06037602900,500400,1258,1373,39,22,185,53,604,36,145,8,59,725,94,2501,617,4110,0.3268,17,1329,3527.0,5885.0,0,1350,2844,4115,3885,4045,573,1329,70,104,85,13,8,3,18,62,56,30,23,0,47,89,178,213,81,100,44,84,4115,351,339,1329,1350
06037603004,505400,1468,1600,95,25,60,40,527,0,7,26,14,126,39,1103,72,1610,0.3816,10,653,597.0,2203.0,0,670,639,1712,1387,1697,273,653,22,15,17,23,8,0,3,9,45,15,8,63,45,20,5,10,30,63,0,47,1712,72,54,653,670
06037603005,489600,1670,2224,252,98,148,73,1400,54,46,90,40,642,165,3594,786,6476,0.4538,118,2042,3500.0,9461.0,0,2064,3352,6482,5799,6358,781,2042,72,15,70,53,8,0,47,50,44,23,0,7,136,233,238,42,251,282,314,47,6482,444,155,2042,2064
06037603006,640800,1623,1774,73,31,66,54,421,8,53,20,11,415,11,1122,154,1864,0.4578,9,836,2215.0,3871.0,0,841,729,1864,1596,1836,319,836,16,68,24,13,5,10,24,33,46,14,19,60,61,38,17,40,40,35,50,5,1864,303,68,836,841
06037603007,689200,1607,2797,41,37,77,194,741,53,173,29,15,431,13,1804,276,3473,0.4675,70,1172,2647.0,5835.0,0,1353,1160,3473,2735,3368,579,1172,99,43,29,14,0,54,26,43,14,61,20,12,167,128,115,121,84,170,18,39,3473,357,74,1172,1353
06037603008,483700,1232,591,90,205,223,15,753,0,22,0,26,399,120,2017,411,3969,0.3765,9,1152,2029.0,4413.0,0,1183,2664,4133,3786,4104,451,1152,42,49,101,27,11,7,53,58,146,17,34,98,84,287,52,50,0,363,114,124,4133,208,90,1152,1183
06037603101,600400,1823,1665,85,189,83,16,1103,83,50,46,7,502,122,2643,898,4704,0.4541,51,1605,2808.0,7237.0,0,1656,2029,4735,4292,4735,684,1605,0,116,67,68,69,24,51,53,64,63,19,77,106,120,267,23,81,116,110,112,4735,272,195,1605,1656
06037603102,581500,1760,748,124,130,62,79,907,0,31,16,0,344,145,1865,510,3727,0.4421,80,1251,1970.0,5416.0,0,1390,1814,3859,3490,3834,517,1251,31,69,68,44,113,61,36,60,46,25,76,71,59,132,127,17,74,101,117,62,3859,253,64,1251,1390
06037603200,647500,2189,1203,37,13,59,51,471,81,49,22,25,799,57,1819,283,3354,0.4218,102,1270,4520.0,6666.0,0,1337,1011,3368,3078,3317,802,1270,45,171,79,37,81,9,37,119,93,104,63,97,67,35,30,8,52,181,110,0,3368,545,232,1270,1337
06037603301,781600,1629,2065,88,88,127,34,902,64,48,22,7,486,92,1608,450,3267,0.3994,41,1388,2819.0,6151.0,0,1566,1096,3461,3246,3437,483,1388,39,51,69,75,0,64,35,62,136,144,48,103,107,112,77,32,80,16,149,83,3461,352,112,1388,1566
06037603302,623000,1648,1463,77,28,119,92,673,41,78,64,11,912,152,2305,404,4087,0.3825,10,1585,4326.0,7177.0,81,1734,1552,4117,3683,4099,772,1585,64,46,43,114,65,61,75,87,111,82,59,119,71,102,52,75,87,53,82,52,4117,587,151,1585,1734
06037603400,641600,1458,2025,63,131,34,61,542,135,132,31,110,890,138,2333,164,3836,0.3858,124,1432,4766.0,6718.0,11,1547,1499,3836,3561,3807,620,1432,89,53,54,9,26,39,65,50,34,22,148,41,21,115,79,27,226,75,61,38,3836,598,216,1432,1547
06037603500,631000,1987,2215,29,11,18,10,209,76,41,92,55,666,62,1522,211,2973,0.383,17,875,3526.0,4387.0,7,908,1615,2987,2839,2960,460,875,50,28,33,100,14,9,32,48,65,39,14,6,49,134,84,42,90,78,44,95,2987,315,288,875,908
06037603600,656700,1635,2124,18,65,11,31,328,132,68,63,77,1076,16,2239,604,4313,0.4207,38,1404,6383.0,7746.0,0,1447,1835,4324,4136,4324,716,1404,55,73,141,34,45,20,42,45,211,72,58,7,44,81,139,102,132,128,94,66,4324,726,268,1404,1447
06037603702,701100,2804,1867,39,34,38,10,187,195,108,92,104,1530,92,2435,155,4939,0.3593,7,1717,9077.0,10195.0,0,1765,1940,5015,4680,4966,1037,1717,85,86,167,51,69,23,75,149,124,176,11,204,113,131,100,46,135,146,147,53,5015,984,510,1717,1765
06037603703,753700,3205,2132,16,0,15,3,56,51,40,61,75,789,25,1368,78,2526,0.3598,38,845,4420.0,4666.0,0,845,1274,2542,2286,2536,544,845,66,14,36,40,19,12,27,46,54,26,18,43,24,36,115,48,79,15,102,96,2542,443,331,845,845
06037603705,446300,1687,2242,59,76,23,110,582,33,18,21,44,349,95,1543,142,2824,0.4151,59,931,1919.0,4385.0,0,931,1073,2824,2534,2748,390,931,25,12,18,0,0,0,7,29,32,22,0,0,128,109,160,83,252,62,98,58,2824,258,48,931,931
06037603706,-666666666,1547,713,100,36,97,231,1018,0,4,0,0,29,79,1885,444,3366,0.3125,0,1047,112.0,3376.0,0,1130,2593,3366,2977,3329,382,1047,0,42,30,4,0,37,36,24,41,4,0,0,125,30,91,163,217,47,95,22,3366,4,13,1047,1130
06037603801,750800,1643,2093,106,72,96,157,1061,12,21,41,35,483,228,2879,802,4827,0.379,69,1544,2427.0,6131.0,0,1594,2670,4827,4344,4822,801,1544,31,107,97,32,18,9,24,37,42,23,11,13,24,176,202,110,81,135,116,128,4827,164,204,1544,1594
06037603802,672000,1860,2098,101,77,56,26,610,121,21,11,74,542,139,2116,312,3918,0.3901,86,1152,3072.0,5390.0,0,1167,2146,3941,3637,3922,574,1152,59,8,52,13,16,21,108,46,50,45,17,34,180,198,124,60,134,82,191,59,3941,313,182,1152,1167
06037603901,621900,1779,2355,85,47,100,56,645,41,17,110,48,593,57,2153,282,3683,0.3365,41,1238,3031.0,5631.0,0,1247,2553,3685,3394,3685,524,1238,65,32,69,26,41,0,43,38,54,88,23,8,72,108,100,42,176,74,78,87,3685,360,211,1238,1247
06037603902,685500,1956,1141,100,97,26,62,566,0,0,16,0,542,301,1823,199,3207,0.3447,10,1108,2768.0,4839.0,0,1156,2367,3211,3116,3202,467,1108,0,62,46,72,12,0,8,39,69,0,41,19,96,37,95,105,105,50,301,84,3211,360,122,1108,1156
06037604001,627200,1863,2250,135,66,83,82,799,8,75,52,33,422,382,3183,411,5021,0.3614,39,1221,2142.0,5777.0,0,1354,3657,5151,4811,5111,555,1221,0,34,73,8,20,0,10,61,36,28,44,45,248,66,173,188,148,98,46,144,5151,208,105,1221,1354
06037604002,742400,1898,2337,83,69,114,91,1041,51,56,9,10,381,163,2199,547,3819,0.434,89,1422,2112.0,6530.0,0,1571,2034,3819,3106,3800,493,1422,76,79,36,58,12,0,20,30,43,39,49,5,68,43,117,111,58,118,166,155,3819,237,126,1422,1571
06037604101,829600,1738,3239,48,53,29,267,819,30,14,92,25,317,232,2558,282,4031,0.307,76,1136,1856.0,5184.0,0,1192,3171,4108,3720,4053,700,1136,0,23,29,13,0,0,28,34,21,13,23,49,132,109,113,107,193,93,208,61,4108,121,196,1136,1192
06037604102,644600,1425,1750,82,49,56,26,563,16,12,41,6,300,11,1358,448,2795,0.4186,29,863,1522.0,3793.0,0,883,1853,2811,2563,2762,582,863,0,33,20,31,74,3,0,23,70,26,55,0,125,61,23,122,45,235,121,12,2811,147,147,863,883
06037604200,656900,1712,2274,64,49,115,105,899,113,106,101,21,759,273,3331,683,5791,0.3762,49,1658,4195.0,8256.0,0,1702,3626,5802,5144,5711,653,1658,62,39,106,43,12,3,183,19,32,97,22,31,208,238,254,59,202,144,199,74,5802,321,312,1658,1702
06037609900,743200,1614,2250,20,71,16,15,258,32,10,17,6,354,67,806,200,1493,0.4285,35,612,2096.0,3023.0,0,674,971,1758,1617,1757,250,612,39,27,35,26,14,18,37,23,46,65,42,70,29,22,13,37,29,22,44,22,1758,260,79,612,674
06037620001,1633400,2167,4001,164,131,44,70,843,129,97,73,52,836,75,2391,120,4333,0.4706,47,1679,5933.0,9036.0,0,1733,965,4338,3359,4264,825,1679,8,57,62,25,12,28,44,17,50,39,53,70,67,199,237,65,145,88,220,43,4338,566,270,1679,1733
06037620002,1248600,2431,3963,94,187,126,103,959,13,65,126,74,546,172,2268,223,3592,0.4266,39,1505,3587.0,7403.0,0,1616,505,3637,2984,3593,654,1505,22,23,68,38,15,15,48,21,34,49,45,10,89,40,192,84,86,74,144,47,3637,440,106,1505,1616
06037620101,1217100,2724,3008,146,196,180,147,1023,169,207,144,51,1101,157,3178,243,5482,0.4197,85,2124,7333.0,11483.0,0,2288,1142,5482,4787,5458,1192,2124,50,88,65,196,0,25,37,89,155,71,1,31,53,255,84,59,177,341,148,111,5482,871,193,2124,2288
06037620102,1634600,2566,2235,334,267,135,33,1265,35,86,30,16,502,164,2686,207,3624,0.3894,30,1767,3779.0,8749.0,0,1881,595,3624,3057,3624,688,1767,16,42,51,81,6,6,46,38,32,77,16,49,69,81,92,24,15,70,108,43,3624,442,60,1767,1881
06037620201,2000001,3170,4001,85,112,59,24,632,22,16,18,5,284,58,1141,122,1598,0.4558,10,916,1406.0,3770.0,0,967,92,1603,1262,1563,275,916,13,13,3,31,13,0,13,0,33,6,25,17,19,66,28,5,33,5,44,9,1603,236,40,916,967
06037620301,2000001,3501,4001,0,16,6,12,257,168,144,149,56,1285,38,1861,95,4467,0.4663,26,1542,9844.0,11118.0,0,1636,551,4483,4052,4483,1051,1542,22,18,166,53,55,32,30,50,155,63,45,60,128,132,260,207,70,279,168,205,4483,1026,259,1542,1636
06037620303,2000001,3501,3884,23,114,36,37,551,207,130,100,43,1278,110,2051,271,4926,0.5399,0,1829,9856.0,12513.0,12,1978,356,4934,4338,4906,1105,1829,40,18,55,82,61,113,45,128,60,87,64,123,122,292,209,137,207,200,171,142,4934,961,277,1829,1978
06037620305,2000001,3501,3856,119,370,26,9,973,163,58,36,91,1325,67,2949,103,5988,0.4766,50,2298,9322.0,13690.0,0,3182,424,6021,5348,5984,1159,2298,21,31,132,90,43,11,33,33,44,124,93,86,73,158,383,43,131,315,227,339,6021,1013,312,2298,3182
06037620400,1809300,2779,2766,188,76,17,27,533,38,52,185,88,1462,101,2259,57,5143,0.4005,30,1995,9775.0,12419.0,0,2110,371,5156,4636,5156,1118,1995,86,166,94,54,77,0,150,100,50,85,63,148,218,93,250,69,7,406,185,136,5156,1152,310,1995,2110
06037620501,1214200,2632,3840,52,117,23,171,741,176,177,275,65,1383,182,3347,442,5899,0.3397,51,2124,8658.0,12743.0,0,2124,1024,5899,5287,5880,1296,2124,119,18,110,81,24,7,159,77,98,41,37,1,189,340,143,124,271,317,124,38,5899,1005,353,2124,2124
06037620521,1095200,2332,3972,118,141,209,58,1012,92,106,63,13,772,154,2770,246,4609,0.4287,9,1784,4797.0,9112.0,0,1861,858,4609,3678,4519,788,1784,44,18,78,19,12,16,17,43,32,22,29,0,429,199,132,35,118,204,131,33,4609,484,286,1784,1861
06037620522,1122100,2773,2481,125,152,47,88,773,86,82,146,22,1100,51,2628,235,4748,0.3983,43,1873,6625.0,10275.0,0,2032,817,4748,3824,4651,854,1873,90,58,122,40,21,0,26,43,70,80,112,7,177,153,93,86,224,250,166,41,4748,859,236,1873,2032
06037620601,996600,2364,2610,205,332,66,106,1343,134,26,92,54,878,238,3235,396,5834,0.4096,126,2221,4756.0,10386.0,14,2445,1091,5841,4773,5756,1184,2221,14,30,102,46,49,54,24,10,87,71,51,47,213,219,210,123,264,347,186,50,5841,567,311,2221,2445
06037620602,991500,2247,3079,146,36,53,43,388,237,275,44,298,1618,286,3065,324,5432,0.3905,52,2006,10468.0,12255.0,0,2199,858,5432,5164,5354,1134,2006,84,119,136,213,32,39,53,35,186,40,19,18,168,161,69,113,131,102,98,51,5432,1266,347,2006,2199
06037620701,1260700,2372,3134,322,120,114,57,1454,87,165,308,37,1487,155,4709,219,7641,0.4068,66,2941,9061.0,15840.0,0,3026,1164,7651,6501,7492,1473,2941,137,87,148,15,18,37,60,138,179,178,18,12,350,238,123,221,440,267,205,0,7651,1052,387,2941,3026
06037620703,1356200,2935,3283,84,80,0,26,270,141,181,70,9,984,61,2047,61,3727,0.3318,28,1254,5935.0,7221.0,0,1257,514,3727,3447,3695,808,1254,71,21,72,40,5,13,9,53,16,13,0,11,222,129,102,77,209,126,112,101,3727,531,453,1254,1257
06037620704,1217100,2459,3784,43,46,76,0,405,88,136,71,126,758,97,2010,94,3720,0.4276,10,1163,5375.0,7300.0,14,1295,301,3720,3328,3681,677,1163,34,31,32,0,16,8,49,58,19,35,17,18,87,129,66,110,99,295,311,17,3720,399,359,1163,1295
06037620801,2000001,2571,4001,11,35,0,0,111,173,62,84,53,1207,123,1808,166,4000,0.4531,24,1318,9011.0,9377.0,29,1483,240,4019,3546,3930,1053,1318,51,104,73,47,54,36,60,95,69,54,43,34,76,132,147,155,257,52,196,133,4019,801,406,1318,1483
06037620802,2000001,2182,4001,285,7,8,0,491,143,33,42,68,860,45,2090,81,3434,0.4209,7,1351,6096.0,7856.0,0,1415,276,3434,3079,3376,973,1351,75,10,66,29,16,14,7,34,123,13,0,39,159,202,38,75,36,98,74,0,3434,628,219,1351,1415
06037620901,2000001,3501,4001,18,13,8,0,129,120,45,53,41,927,30,1219,97,2700,0.4701,18,1056,7353.0,8306.0,12,1130,328,2700,2501,2675,619,1056,27,21,118,28,38,45,42,52,122,30,11,43,60,102,181,158,50,41,96,52,2700,768,159,1056,1130
06037620904,2000001,3501,4001,21,0,13,44,332,61,11,49,35,763,66,1236,125,2761,0.4707,10,1095,5182.0,6800.0,24,1257,155,2773,2509,2773,737,1095,17,12,95,61,41,30,64,19,89,34,42,0,97,73,72,74,30,149,128,44,2773,587,176,1095,1257
06037621001,1662300,2346,3575,104,41,47,77,847,59,210,46,20,1151,159,2324,393,4569,0.5438,22,1998,6913.0,9930.0,24,2178,620,4575,4104,4544,993,1998,23,45,102,120,30,56,33,60,79,135,21,35,205,137,96,130,103,82,155,111,4575,889,212,1998,2178
06037621005,2000001,2592,3704,198,133,129,137,1138,123,86,38,30,1270,103,2685,225,4582,0.5193,37,2408,7994.0,12067.0,0,3021,371,4587,3755,4587,1012,2408,83,207,107,43,148,26,36,62,129,33,0,19,55,35,77,157,133,80,122,13,4587,1084,186,2408,3021
06037621102,1603200,3018,3556,55,124,28,36,408,101,100,85,82,837,80,2022,190,3414,0.4009,42,1245,5288.0,7036.0,13,1296,323,3414,2842,3374,674,1245,114,91,38,23,0,0,29,116,27,8,33,17,92,58,130,124,93,136,79,37,3414,581,256,1245,1296
06037621104,1877700,2799,4001,122,350,335,214,1925,108,202,56,52,1306,225,4448,319,6975,0.4671,14,3231,7940.0,14504.0,0,3833,914,6975,5859,6911,1112,3231,47,71,144,26,0,15,29,54,48,90,87,0,229,314,130,75,62,341,126,62,6975,935,371,3231,3833
06037621201,1162000,2451,-666666666,237,122,240,167,1355,477,101,64,64,1625,245,4119,410,7505,0.4334,33,2980,10100.0,16324.0,0,2980,1738,7601,6461,7601,1304,2980,148,62,190,109,2,35,57,84,274,117,44,172,91,238,297,111,250,134,320,156,7601,1338,264,2980,2980
06037621204,976500,2579,2872,90,149,182,194,1179,88,49,75,38,579,34,1741,123,2769,0.4565,11,1758,2700.0,6116.0,0,2201,285,2769,2175,2765,475,1758,25,45,143,30,35,65,0,55,63,58,51,107,24,12,13,3,45,24,121,18,2769,484,66,1758,2201
06037621301,1256500,2521,2314,90,93,152,68,979,132,137,232,72,1982,265,3586,458,7160,0.4831,90,2961,11919.0,15910.0,20,3092,832,7160,6454,7058,1374,2961,30,92,144,40,108,39,117,123,173,136,94,85,247,202,197,217,290,299,193,124,7160,1491,491,2961,3092
06037621324,1246400,2456,2765,198,149,166,146,1424,43,83,50,75,612,147,2510,395,4027,0.4866,52,2036,3128.0,9175.0,0,2243,499,4027,3463,3994,807,2036,21,102,60,54,22,11,48,20,56,52,23,71,132,0,217,25,42,11,205,70,4027,473,139,2036,2243
06037621326,2000001,2565,4001,136,132,177,98,1371,14,19,29,9,350,46,2065,108,3035,0.482,67,1721,2084.0,7373.0,9,1982,419,3047,2657,3047,587,1721,72,32,91,49,18,0,37,47,121,25,31,32,28,55,12,75,29,5,114,15,3047,258,92,1721,1982
06037621400,1451100,2354,2880,158,147,55,66,878,98,142,67,67,862,35,2371,250,4389,0.3915,43,1740,5524.0,9102.0,0,1988,793,4389,3703,4355,861,1740,83,39,55,52,17,4,88,57,84,19,78,52,132,112,176,81,87,124,240,22,4389,650,202,1740,1988
06037650001,837800,2186,2149,0,37,99,134,659,150,167,128,106,1584,81,2919,827,5803,0.4311,16,2243,8995.0,11115.0,0,2494,1273,5807,5219,5765,1137,2243,49,20,162,66,90,95,38,41,129,247,68,151,114,29,286,87,225,138,210,136,5807,1087,461,2243,2494
06037650003,886300,1581,1712,15,109,99,109,722,66,24,92,6,459,323,1715,531,3057,0.4866,34,1181,3016.0,5216.0,0,1288,611,3057,2643,3053,455,1181,56,47,80,12,0,18,104,23,102,20,14,35,62,167,47,37,19,35,73,63,3057,306,153,1181,1288
06037650004,800000,1842,2777,122,37,136,155,866,49,47,71,120,630,152,2327,321,4166,0.3924,52,1496,3679.0,6586.0,0,1601,1288,4179,3555,4130,792,1496,51,76,96,33,0,32,19,26,140,29,23,58,172,93,107,54,140,52,140,18,4179,318,292,1496,1601
06037650101,863900,3152,2341,14,16,44,55,482,237,206,58,47,1597,131,2629,449,5527,0.4572,41,2079,9307.0,11506.0,0,2239,982,5532,5278,5504,1006,2079,89,33,81,77,52,119,49,81,181,35,148,213,73,153,364,127,64,133,198,34,5532,1080,450,2079,2239
06037650102,829200,2269,2367,23,19,24,52,205,110,92,11,10,527,99,1190,95,2154,0.3653,25,732,2997.0,3971.0,0,759,501,2154,1965,2126,415,732,26,14,6,5,19,22,43,14,41,57,11,28,81,88,49,73,30,31,50,63,2154,252,261,732,759
06037650200,857000,2590,2601,98,31,30,29,403,180,314,126,96,1444,110,3052,330,6037,0.3609,84,1847,8480.0,10318.0,0,1940,1850,6056,5605,6013,1140,1847,86,39,107,83,122,11,56,65,167,143,30,40,242,245,198,94,184,173,161,79,6056,780,611,1847,1940
06037650300,876100,1948,1996,114,159,427,20,1489,55,136,32,12,1070,231,3805,383,7182,0.4177,0,2559,6605.0,11744.0,0,2559,1793,7326,6945,7251,1498,2559,94,126,220,48,61,94,132,91,190,78,76,64,71,89,92,138,184,342,207,133,7326,771,262,2559,2559
06037650401,976700,2153,3051,26,55,33,0,227,173,230,99,97,1280,151,2292,213,4295,0.3539,31,1507,8049.0,9060.0,0,1555,940,4295,4053,4270,1026,1507,74,121,75,39,24,86,119,35,62,56,34,73,81,112,161,119,34,38,159,46,4295,844,425,1507,1555
06037650501,1052500,2918,3000,0,8,16,27,131,157,137,85,24,820,9,1398,43,2833,0.3487,32,951,5121.0,5783.0,0,976,427,2833,2657,2812,697,951,66,70,60,8,18,39,29,22,56,47,26,60,178,91,107,29,0,89,96,53,2833,648,167,951,976
06037650502,1150600,2342,2654,105,55,62,0,451,122,181,82,61,1126,55,1978,147,4215,0.3701,29,1577,7151.0,8845.0,0,1691,839,4222,3735,4170,904,1577,23,79,150,31,38,39,104,105,170,41,50,118,113,129,123,28,95,231,62,29,4222,776,350,1577,1691
06037650603,1270600,1736,1853,102,47,63,65,519,113,90,41,17,1002,101,1878,299,3785,0.5056,28,1521,6699.0,8614.0,0,1573,329,3791,3317,3783,780,1521,17,62,101,70,58,48,34,75,94,79,50,158,43,100,101,34,73,147,74,79,3791,818,184,1521,1573
06037650604,779600,1814,-666666666,207,209,714,219,2489,20,15,0,0,204,156,3492,814,5629,0.4468,124,2693,930.0,8525.0,0,2952,1320,5712,4711,5712,830,2693,4,25,53,30,74,47,17,24,121,126,47,39,151,379,134,154,24,45,142,21,5712,127,51,2693,2952
06037650605,1032700,2118,1903,197,119,53,81,752,40,20,5,12,282,6,1532,87,2845,0.3848,43,1034,1882.0,4617.0,0,1050,489,2845,1888,2827,533,1034,25,27,40,24,8,1,26,32,30,34,27,43,211,43,74,91,50,131,92,23,2845,243,39,1034,1050
06037650606,943200,2052,1661,244,179,196,87,1593,0,28,7,4,152,133,2349,295,3929,0.4024,84,1745,765.0,5674.0,0,1922,652,4436,3537,4418,682,1745,44,46,68,66,35,51,33,59,106,81,32,182,36,130,107,84,178,53,99,14,4436,86,66,1745,1922
06037650607,950400,2627,3069,34,130,112,142,755,0,101,20,0,350,157,1571,29,2736,0.3032,7,1105,1999.0,4712.0,0,1193,198,2736,2410,2718,369,1105,65,14,5,16,0,48,0,5,0,15,93,25,35,83,20,152,82,46,95,17,2736,196,154,1105,1193
06037650701,993800,3501,2239,11,29,14,6,160,166,75,64,4,810,35,1225,88,2569,0.3999,0,970,4424.0,5172.0,0,1034,395,2569,2154,2569,545,970,26,51,84,60,14,45,20,47,72,35,36,90,95,130,68,30,20,110,95,65,2569,502,286,970,1034
06037650702,1054900,3417,2333,28,15,0,100,264,198,130,66,131,1374,118,2511,67,4695,0.3675,13,1638,8078.0,9487.0,0,1665,739,4710,4235,4687,1085,1638,15,73,74,45,29,49,54,75,103,112,55,77,168,120,131,68,132,101,157,64,4710,861,502,1638,1665
06037650801,830800,3357,2318,178,67,66,74,732,166,34,13,106,886,124,2148,195,4082,0.3728,13,1618,4668.0,8184.0,0,1698,371,4082,3417,4082,889,1618,27,19,139,96,0,0,101,53,170,102,52,55,65,248,129,5,140,131,88,22,4082,635,223,1618,1698
06037650802,639800,3338,1448,48,53,64,97,506,68,160,28,18,812,55,1416,275,3367,0.3837,9,1318,3485.0,5651.0,0,1491,312,3367,3098,3317,633,1318,56,6,19,0,41,21,19,16,160,101,16,57,149,242,233,72,121,81,85,47,3367,674,120,1318,1491
06037650901,811400,1808,2526,222,194,34,110,1242,84,158,29,57,1012,81,2970,316,5109,0.4111,0,2254,5504.0,9916.0,0,2680,1394,5111,4294,5040,978,2254,108,54,26,62,63,38,0,191,144,76,73,133,106,190,62,94,143,103,181,59,5111,686,315,2254,2680
06037650903,852200,2052,3432,40,108,18,276,1116,0,265,90,13,688,353,2999,444,5188,0.4033,42,1804,3482.0,7916.0,0,1804,2338,5188,4595,4933,960,1804,40,29,34,51,25,0,83,14,58,0,47,0,326,145,95,93,157,92,244,46,5188,386,273,1804,1804
06037650904,719300,2697,2779,119,164,16,9,477,41,19,112,57,505,71,1393,246,2647,0.3679,16,982,2585.0,4570.0,0,1108,273,2647,2059,2543,622,982,26,15,56,15,0,15,13,65,9,10,16,13,235,116,19,18,162,103,46,15,2647,286,210,982,1108
06037651001,911000,1757,1780,39,0,52,29,437,176,99,77,74,1510,107,2854,304,5437,0.5393,16,1947,9818.0,11795.0,0,2063,1740,5437,5060,5401,1109,1947,98,151,98,117,35,34,136,92,86,149,75,174,181,38,255,96,111,88,199,74,5437,1035,438,1947,2063
06037651002,955300,1773,2598,72,102,85,47,710,122,206,27,101,1064,115,2717,263,4866,0.4659,125,1774,7007.0,9490.0,0,1843,1063,4873,4129,4802,994,1774,52,93,107,70,43,51,29,79,123,80,159,102,56,52,165,108,79,147,162,77,4873,766,285,1774,1843
06037651101,1175500,2342,2846,76,142,46,57,751,122,112,48,46,1012,78,2092,235,4525,0.4569,14,1763,7040.0,10131.0,0,1783,519,4639,4064,4639,1088,1763,50,115,72,136,59,42,79,142,62,100,79,197,30,171,183,90,103,275,27,63,4639,816,196,1763,1783
06037651102,771800,2097,1501,81,83,41,116,782,12,32,72,51,967,95,1845,231,3653,0.4371,10,1749,5101.0,7613.0,0,1895,318,3653,3130,3620,888,1749,28,79,43,73,39,124,56,63,97,101,59,188,65,47,61,27,204,83,53,13,3653,758,202,1749,1895
06037651201,1158100,3501,3108,0,0,19,0,246,168,187,121,69,1443,101,2407,558,4788,0.4491,13,1689,8971.0,10490.0,0,1824,577,4797,4031,4790,1291,1689,89,58,63,76,62,50,39,61,149,53,88,37,65,149,313,270,113,78,180,42,4797,1148,228,1689,1824
06037651221,1086700,2077,1997,109,121,114,90,923,81,73,41,18,551,177,2158,221,3808,0.4031,41,1474,3738.0,7170.0,0,1578,812,3912,3479,3904,727,1474,27,54,16,65,35,23,18,102,20,37,52,81,36,189,130,37,111,193,215,68,3912,405,146,1474,1578
06037651222,1052800,2374,2634,274,521,108,82,1701,78,72,57,57,682,228,3551,158,6091,0.336,37,2383,4295.0,11495.0,0,2681,1186,6091,5426,6091,1214,2383,16,57,59,27,24,0,89,45,45,86,28,39,95,305,270,187,182,232,189,147,6091,351,331,2383,2681
06037651302,1505400,3308,3206,91,82,41,0,602,151,118,127,77,1611,214,3131,329,5874,0.4078,159,2213,10391.0,13036.0,0,2558,687,5896,4944,5862,1340,2213,11,32,208,59,69,37,116,114,185,108,23,113,112,167,181,168,152,152,301,38,5896,1189,422,2213,2558
06037651304,1391200,2181,1609,49,201,136,113,1217,75,88,0,0,1299,168,2515,234,5135,0.4944,87,2516,8075.0,12684.0,0,2692,590,5135,4571,5001,1041,2516,35,91,96,67,17,108,102,85,163,90,87,144,144,46,167,108,211,93,127,98,5135,1064,219,2516,2692
06037651401,1040100,1353,1650,95,82,28,9,538,28,65,19,72,716,9,1151,280,2524,0.4988,0,1254,4239.0,6070.0,9,1299,257,2524,2312,2524,535,1254,8,52,104,44,15,50,17,82,127,192,37,53,39,95,69,37,52,56,83,12,2524,561,155,1254,1299
06037651402,1087400,1935,2287,41,134,159,46,1031,127,161,120,42,1072,21,2884,293,5729,0.4293,42,2103,6594.0,10155.0,0,2273,999,5842,5173,5842,929,2103,51,69,153,67,35,26,54,239,78,80,46,142,189,145,177,96,86,274,372,154,5842,668,404,2103,2273
06037670001,725100,1592,2261,66,12,21,37,529,74,107,72,22,809,11,1887,94,3615,0.4367,20,1338,4765.0,6892.0,0,1414,1439,3698,3560,3650,854,1338,20,112,36,55,96,38,53,96,125,69,109,21,52,130,109,118,113,45,93,95,3698,552,257,1338,1414
06037670002,781100,1741,1911,96,181,23,59,933,48,40,20,26,510,96,1843,460,3565,0.5028,15,1443,2816.0,6944.0,0,1505,1479,3581,3216,3515,595,1443,54,91,56,51,29,39,60,69,113,45,43,27,138,86,80,16,177,10,73,51,3581,385,125,1443,1505
06037670003,740900,1843,2313,122,0,116,71,1061,17,95,102,73,1291,77,3613,459,5974,0.4618,58,2352,6920.0,10854.0,0,2415,945,5984,5311,5954,1017,2352,161,58,186,31,11,9,194,136,152,33,22,57,194,217,83,147,162,70,120,55,5984,802,371,2352,2415
06037670101,745500,1571,1870,18,104,182,50,623,68,80,55,12,585,80,1786,956,3175,0.5011,88,1208,3194.0,6020.0,0,1247,1346,3240,2985,3204,536,1208,37,76,178,2,50,23,88,72,92,30,29,46,27,65,22,38,244,99,104,126,3240,334,251,1208,1247
06037670102,606300,1885,2538,122,91,91,104,1107,14,88,20,10,442,126,2353,514,4159,0.4431,40,1549,2378.0,6437.0,0,1665,1681,4159,3866,4154,705,1549,6,97,39,11,0,74,91,63,79,17,0,21,153,211,116,121,96,141,83,78,4159,329,97,1549,1665
06037670201,1838600,2482,3951,20,69,16,25,253,85,116,92,85,1163,160,1617,68,3619,0.5042,10,1416,8195.0,9304.0,25,1544,473,3625,3192,3596,945,1416,27,100,73,99,77,82,82,67,79,112,76,122,93,142,83,64,94,187,76,52,3625,927,236,1416,1544
06037670202,1604800,3501,4001,4,8,9,5,55,89,82,74,35,759,136,1316,45,2557,0.4028,5,814,5245.0,5593.0,0,892,374,2568,2286,2541,670,814,32,33,59,88,48,31,16,58,63,40,57,48,65,100,117,42,41,90,49,91,2568,466,282,814,892
06037670324,2000001,3042,3224,14,18,34,34,298,49,85,120,134,1864,74,2302,202,5505,0.5159,17,2162,13527.0,14980.0,0,2310,100,5505,4756,5440,1281,2162,41,114,133,109,108,102,221,128,100,127,107,217,123,60,195,131,173,491,112,29,5505,1536,328,2162,2310
06037670326,2000001,3501,4001,0,19,0,0,84,94,59,84,81,1268,8,1347,131,3303,0.5812,11,1352,10969.0,11688.0,0,1450,209,3303,3100,3303,953,1352,39,81,104,106,139,71,73,41,175,97,82,105,83,68,126,94,8,45,95,86,3303,1197,71,1352,1450
06037670328,2000001,2815,4001,12,9,10,0,180,145,161,84,125,1429,41,1754,172,4411,0.4417,0,1609,11125.0,12210.0,0,1746,185,4411,4199,4411,1234,1609,91,95,145,104,83,85,21,62,166,91,62,90,54,55,285,261,44,105,251,76,4411,1136,272,1609,1746
06037670405,1224700,3176,3171,17,31,26,7,238,52,52,44,85,896,47,891,92,2669,0.4938,26,1134,5893.0,6620.0,0,1242,74,2715,2508,2715,610,1134,8,8,119,53,79,135,16,68,81,94,157,227,15,44,99,39,5,166,94,55,2715,684,205,1134,1242
06037670406,2000001,3501,3990,0,0,16,22,42,56,53,35,16,569,57,737,94,1718,0.4856,0,611,4239.0,4499.0,0,655,11,1727,1569,1714,462,611,19,19,57,28,63,28,28,60,32,91,37,31,34,22,73,28,19,122,53,34,1727,456,104,611,655
06037670407,1174600,2767,3182,98,120,259,0,979,79,73,98,211,1364,214,2415,355,6082,0.4199,108,2343,8586.0,12302.0,0,2449,345,6082,5475,6082,1317,2343,35,24,262,35,95,37,63,66,237,42,157,195,128,184,211,94,109,311,296,208,6082,1014,350,2343,2449
06037670413,1484700,3501,2908,55,58,22,64,347,144,195,73,58,1331,160,2207,158,4843,0.4174,0,1678,8970.0,10900.0,15,1808,420,4852,4255,4805,1168,1678,116,27,54,96,64,59,28,69,113,125,36,129,65,221,178,192,164,125,252,51,4852,1011,313,1678,1808
06037670416,2000001,2835,3526,64,75,38,81,671,99,107,39,47,906,162,1808,250,4224,0.5031,38,1577,7867.0,10946.0,0,1720,421,4224,3602,4202,1049,1577,67,62,141,96,82,84,55,99,115,115,72,124,282,107,143,216,56,89,86,72,4224,790,116,1577,1720
06037670417,1393500,3501,1969,22,0,34,3,155,75,82,65,11,889,4,1197,93,2795,0.4137,0,1044,6091.0,7154.0,10,1061,101,2795,2578,2768,694,1044,33,37,70,75,61,105,35,20,72,88,118,66,19,93,131,102,78,109,103,31,2795,705,184,1044,1061
06037670418,1447100,3501,3613,17,6,6,6,133,149,140,121,81,1369,82,2026,105,4529,0.3768,16,1502,9415.0,10349.0,10,1622,625,4557,3881,4483,1184,1502,87,94,52,45,83,146,15,27,65,107,80,190,138,141,203,210,55,98,186,84,4557,1034,335,1502,1622
06037670500,2000001,3501,4001,27,0,3,0,45,53,34,20,14,525,32,556,86,1390,0.5078,0,570,4608.0,4977.0,0,682,73,1451,1420,1451,422,570,10,43,45,72,38,38,30,19,67,41,26,37,0,52,43,17,34,18,51,72,1451,461,64,570,682
06037670603,1918000,3501,2938,0,18,0,0,86,34,26,70,8,551,38,973,14,1750,0.3845,13,637,3958.0,4479.0,0,690,176,1897,1645,1890,513,637,65,66,33,20,121,0,92,46,11,73,82,63,12,45,136,43,14,0,23,42,1897,441,104,637,690
06037670604,1421000,3461,2941,22,67,36,16,253,100,66,81,260,1816,100,2498,308,4911,0.4711,0,2069,11968.0,13231.0,0,2435,412,4911,4506,4911,1247,2069,96,47,324,155,27,121,49,166,221,54,107,205,53,89,181,35,199,47,156,40,4911,1547,269,2069,2435
06037670701,1054700,3038,2857,0,52,29,0,188,295,363,114,123,1972,84,3262,222,6517,0.3719,0,2160,12824.0,13841.0,0,2245,1578,6538,6142,6504,1384,2160,90,145,288,141,136,58,159,62,120,226,36,164,140,104,202,106,259,80,212,123,6538,1470,470,2160,2245
06037670702,1588900,3501,4001,35,0,0,10,148,226,198,156,84,1861,152,2851,109,5722,0.4648,16,2009,13931.0,14832.0,0,2185,451,5722,5522,5683,1508,2009,122,223,153,83,59,241,298,136,61,77,61,72,28,76,151,84,113,67,93,67,5722,1533,314,2009,2185
06037700101,1710600,1980,4001,409,333,451,156,3308,0,63,10,0,193,258,3882,838,5329,0.5178,181,3501,776.0,10988.0,0,3798,764,5329,3980,5291,669,3501,41,133,52,48,97,36,78,14,117,11,173,85,102,23,0,0,71,0,46,0,5329,152,41,3501,3798
06037700102,1136600,1845,3011,148,286,606,211,2704,20,0,0,0,83,401,3358,893,4597,0.5511,156,2787,353.0,9790.0,0,2892,523,4651,3352,4635,335,2787,201,0,24,201,0,23,69,0,61,0,65,213,0,17,112,0,41,22,3,0,4651,61,22,2787,2892
06037700200,875400,2033,2238,706,281,323,215,3914,127,17,14,20,329,403,5710,705,6908,0.4688,170,4243,1451.0,15578.0,0,4653,1692,6908,5693,6908,700,4243,54,19,252,18,60,39,18,0,118,75,0,0,43,30,78,0,16,0,0,0,6908,315,14,4243,4653
06037700300,719000,1873,2918,568,262,177,278,2826,76,64,76,115,1287,291,4348,455,5745,0.446,168,4113,5195.0,15078.0,0,4351,584,5745,5221,5745,474,4113,16,57,120,53,54,82,58,125,117,23,51,41,0,0,0,34,55,0,10,60,5745,1207,71,4113,4351
06037700400,1715800,1997,3685,304,439,191,247,2307,56,43,67,13,566,164,3342,577,4680,0.5238,132,2873,3058.0,11160.0,0,3336,263,4680,4095,4628,556,2873,42,149,120,46,61,16,83,33,109,46,220,30,90,15,13,0,55,13,0,0,4680,504,62,2873,3336
06037700501,1199000,2122,4001,231,145,182,93,1478,67,64,121,20,1037,287,2889,452,4187,0.563,88,2515,4367.0,9518.0,0,2914,304,4187,3545,4158,524,2515,91,141,20,16,21,98,56,44,111,27,0,72,62,107,0,0,127,24,63,0,4187,884,153,2515,2914
06037700502,709700,2009,3305,152,197,227,193,1895,71,142,144,0,909,321,3004,579,3858,0.4324,122,2804,3295.0,8928.0,0,3533,549,3858,3029,3826,193,2804,0,55,14,24,12,0,11,0,202,172,0,14,0,0,0,0,56,0,0,0,3858,689,220,2804,3533
06037700600,2000001,3501,4001,0,0,0,0,152,41,81,10,22,1487,114,2157,339,4983,0.5862,0,1639,14627.0,15709.0,0,2068,388,4983,4588,4958,1097,1639,37,80,233,194,45,66,138,83,183,48,88,28,70,54,101,252,31,62,295,327,4983,1150,337,1639,2068
06037700700,2000001,3501,4001,0,43,36,0,145,15,8,0,49,1020,0,1513,176,3530,0.5878,0,1165,9311.0,10531.0,0,1318,60,3530,3296,3515,850,1165,37,68,70,121,40,91,13,7,210,139,66,80,69,128,176,106,126,39,203,41,3530,821,194,1165,1318
06037700801,1616800,2598,4001,104,80,186,80,1380,18,115,0,64,913,155,1646,727,3858,0.6089,65,2293,6471.0,11122.0,0,2870,173,3858,3413,3843,700,2293,63,39,46,80,94,189,164,95,153,210,75,231,15,19,113,115,0,19,22,18,3858,813,100,2293,2870
06037700802,1615400,2388,3694,264,246,122,40,1377,43,0,39,37,614,321,2266,444,3994,0.4788,93,1991,3463.0,8805.0,0,2263,399,4036,3324,4011,616,1991,17,68,222,61,32,74,110,157,82,222,53,97,44,71,52,0,0,24,100,58,4036,483,124,1991,2263
06037700901,2000001,3262,3875,52,17,90,60,713,5,26,20,42,769,119,2004,566,4293,0.6165,0,1482,5556.0,8852.0,0,1643,366,4293,3647,4152,820,1482,75,22,105,12,39,8,31,51,86,81,44,6,56,0,402,134,130,135,190,232,4293,628,124,1482,1643
06037700902,2000001,2604,4001,182,206,102,473,2545,23,140,143,0,625,347,3649,595,6528,0.5073,57,3170,3540.0,13390.0,52,3571,651,6528,5390,6503,1215,3170,78,100,107,0,53,255,66,92,85,102,102,349,71,31,151,83,121,177,268,74,6528,532,80,3170,3571
06037701000,2000001,2738,4001,164,318,204,70,1877,75,55,115,0,721,352,3198,447,5178,0.5736,98,2598,6037.0,13880.0,15,3000,260,5178,4502,5153,1076,2598,196,62,162,69,42,120,37,111,103,58,62,76,133,56,84,113,0,16,189,73,5178,675,46,2598,3000
06037701201,2000001,2500,4001,0,62,39,0,233,68,64,23,22,1241,117,1712,300,3904,0.5441,15,1474,11055.0,12532.0,24,1669,336,3920,3514,3856,1062,1474,66,90,148,114,65,88,34,196,115,109,61,47,135,70,193,56,143,99,81,130,3920,1167,74,1474,1669
06037701202,1672300,3113,2800,79,86,112,88,1002,61,46,94,55,745,82,1991,239,3472,0.4579,8,1747,4024.0,8525.0,0,1997,210,3490,2652,3414,617,1747,39,39,26,106,55,34,63,62,49,40,101,65,208,19,106,48,108,98,0,40,3490,638,107,1747,1997
06037701302,1000000,2376,2083,248,319,114,193,2181,55,28,0,14,762,124,3237,419,4829,0.4658,15,2943,3221.0,11503.0,0,3106,322,4829,4199,4784,733,2943,58,36,62,130,33,41,33,49,35,203,17,215,15,114,0,89,88,133,0,42,4829,576,186,2943,3106
06037701304,2000001,1968,4001,213,106,15,52,1116,101,27,101,9,1638,67,3311,347,6285,0.6181,92,2754,10845.0,15486.0,15,3446,1002,6285,5283,6134,1328,2754,29,139,239,99,122,63,119,115,329,127,25,120,118,310,263,118,362,131,51,94,6285,1274,336,2754,3446
06037701402,1655400,2231,1746,452,393,198,84,3091,0,92,27,8,539,157,3562,1014,6115,0.5503,117,3630,2550.0,14937.0,0,4433,1539,6179,4819,6179,1134,3630,61,168,101,48,34,58,58,157,145,57,175,207,36,116,126,0,73,24,53,19,6179,454,58,3630,4433
06037701501,1222000,2168,3558,354,283,256,111,2148,11,16,63,17,501,193,3181,566,5058,0.4543,0,2649,2591.0,10395.0,0,2986,341,5058,4170,4945,971,2649,42,85,150,119,38,0,39,58,83,39,44,147,235,3,20,9,158,169,60,54,5058,321,131,2649,2986
06037701502,967100,2124,2514,232,122,293,92,1725,79,15,60,0,235,192,2440,183,3222,0.4861,184,1960,1015.0,6391.0,0,2246,677,3784,2962,3748,356,1960,21,81,81,32,96,16,58,61,97,86,42,179,82,0,16,0,12,28,40,0,3784,148,82,1960,2246
06037701601,2000001,2623,3871,100,60,208,49,753,64,144,42,0,972,138,2131,179,3963,0.5176,41,1725,6856.0,10039.0,0,1833,378,3963,3584,3953,928,1725,30,67,194,120,52,48,60,67,132,66,48,34,59,161,138,130,25,157,170,15,3963,803,169,1725,1833
06037701602,1138300,2147,3368,140,186,33,115,1227,150,83,71,18,724,220,2707,499,4457,0.4771,37,1951,3543.0,7729.0,0,2090,865,4614,4075,4512,606,1951,68,10,45,70,10,61,43,55,135,95,55,30,172,108,199,38,139,153,104,152,4614,445,279,1951,2090
06037701701,911900,2171,3508,137,170,175,97,1361,38,40,58,17,383,59,2033,328,3350,0.5461,45,1744,1764.0,6618.0,0,1923,744,3350,2879,3329,603,1744,55,46,126,21,28,0,36,26,76,90,18,35,68,93,52,0,81,26,67,28,3350,276,107,1744,1923
06037701702,1155200,2346,3821,200,140,139,116,1593,14,27,0,0,110,146,1986,653,3146,0.5091,28,1703,610.0,6001.0,0,1968,375,3146,2614,3135,378,1703,36,105,47,20,40,63,12,51,24,32,0,75,79,104,20,34,11,9,54,9,3146,79,31,1703,1968
06037701801,1028700,1906,2836,190,257,215,90,2213,15,27,58,7,517,177,3327,1108,6668,0.525,34,2730,2798.0,11065.0,0,3011,2755,6668,5451,6601,785,2730,27,17,68,69,76,11,153,41,208,6,106,85,209,249,343,121,126,171,164,92,6668,344,173,2730,3011
06037701802,1198600,2131,3650,179,172,157,100,1658,34,59,14,13,493,166,2855,914,5164,0.4703,90,2151,2501.0,8370.0,0,2294,1709,5260,4829,5239,646,2151,68,46,144,16,56,3,25,76,155,35,35,42,88,59,135,35,41,144,165,46,5260,274,219,2151,2294
06037701902,2000001,2811,4001,199,189,344,391,3190,0,15,0,16,140,344,3170,1245,5149,0.6373,140,3330,702.0,9350.0,0,3826,309,5149,4285,5149,593,3330,60,0,107,37,36,50,57,49,64,136,91,261,0,122,44,20,25,27,0,21,5149,125,15,3330,3826
06037702002,1274400,2281,1900,353,188,236,157,2769,42,30,34,0,576,335,3839,577,6168,0.5931,156,3345,2769.0,11852.0,0,3662,901,6185,5436,6087,716,3345,36,68,225,34,194,16,54,54,138,154,18,138,334,130,20,152,146,14,71,38,6185,434,142,3345,3662
06037702102,1509800,2007,2383,204,369,171,258,2828,61,66,7,96,739,340,3784,598,5585,0.4424,170,3567,3492.0,12002.0,0,4202,540,5620,4668,5594,475,3567,14,201,92,105,65,44,72,53,246,130,80,111,26,26,106,38,84,18,106,17,5620,538,184,3567,4202
06037702201,1554700,2077,3406,145,118,196,28,1423,26,98,61,0,671,197,2469,527,3920,0.5475,77,2094,3669.0,8952.0,0,2423,1027,3920,3406,3920,628,2094,36,33,90,50,65,27,17,64,57,114,158,5,14,39,25,23,137,159,19,0,3920,492,179,2094,2423
06037702202,1917900,2199,3614,166,58,34,82,838,64,45,84,48,914,147,2174,138,3920,0.4876,58,1752,5577.0,8673.0,9,1919,551,3920,3659,3920,738,1752,31,22,67,34,94,58,16,58,104,66,108,83,79,209,140,92,30,62,90,51,3920,687,196,1752,1919
06037702300,2000001,2136,4001,120,88,116,195,1491,129,217,86,74,1463,125,3666,752,6746,0.5616,97,2954,9177.0,14613.0,45,3239,1250,6820,6061,6770,1242,2954,35,265,118,37,54,69,98,53,134,80,38,166,307,103,246,155,246,115,124,96,6820,1076,380,2954,3239
06037702400,1352700,2514,2694,160,166,77,123,1425,80,52,56,70,632,158,3061,341,4526,0.466,45,2057,3575.0,8816.0,49,2189,1432,4541,3938,4489,851,2057,27,28,97,42,24,14,27,112,69,66,0,50,108,51,70,46,105,192,27,15,4541,400,214,2057,2189
06037702501,1615300,2630,-666666666,132,349,99,90,1001,42,88,70,69,1242,120,2545,211,4953,0.5157,77,2243,6946.0,10222.0,0,2427,605,4998,4551,4957,1005,2243,54,58,28,13,20,41,34,99,220,52,53,201,85,94,290,0,172,116,139,102,4998,893,349,2243,2427
06037702502,667800,2624,2111,91,44,94,54,690,171,313,61,41,1546,164,2354,418,4142,0.4657,106,2236,7228.0,9582.0,0,2308,717,4142,3691,4126,652,2236,33,59,94,91,88,31,35,94,154,145,86,119,180,51,16,18,88,116,69,57,4142,1214,275,2236,2308
06037702600,1311300,2665,3573,67,34,14,39,474,298,252,135,147,2113,15,3420,173,6587,0.525,39,2587,12532.0,14531.0,0,2663,983,6688,6135,6634,1514,2587,78,99,126,63,52,61,270,113,189,134,181,137,258,201,309,64,139,288,202,159,6688,1553,530,2587,2663
06037702700,1559900,2272,3763,7,13,20,61,267,173,109,32,97,1029,73,1917,116,3460,0.4525,7,1296,6392.0,7411.0,0,1372,541,3460,3214,3454,890,1296,38,85,106,17,8,23,87,54,85,41,54,0,116,81,259,48,49,94,97,70,3460,816,201,1296,1372
06037702801,1171800,2316,4001,105,145,45,27,919,147,205,102,51,1085,130,2638,422,5346,0.4903,9,2004,5724.0,9063.0,0,2323,1211,5359,4749,5331,919,2004,0,25,104,71,87,2,14,123,77,67,39,188,323,288,192,59,145,133,161,14,5359,558,467,2004,2323
06037702802,1257200,2314,2571,48,157,101,107,630,44,53,33,10,366,39,1349,108,2240,0.4331,29,996,2049.0,4496.0,7,1085,699,2293,2127,2285,355,996,22,75,41,28,14,10,4,5,28,27,39,52,30,24,39,30,108,91,34,0,2293,237,129,996,1085
06037702803,1502500,1991,3061,63,79,51,133,827,34,48,68,14,344,152,1645,238,2664,0.464,135,1171,1890.0,4633.0,15,1255,1201,2749,2564,2749,452,1171,61,43,32,29,0,13,56,98,11,1,64,45,101,49,120,21,47,52,42,78,2749,267,63,1171,1255
06037702900,848000,3494,3215,625,587,1137,329,5126,0,0,0,54,385,409,7868,410,10274,0.426,37,5511,1596.0,18356.0,101,6810,821,10274,7021,10047,1980,5511,65,121,55,31,77,33,0,22,210,97,30,102,227,123,112,137,707,0,0,41,10274,324,61,5511,6810
06037703002,1439900,3028,2972,166,87,73,148,891,347,198,159,54,1845,144,3633,505,6835,0.4277,37,2736,13500.0,17480.0,0,3050,555,6903,6248,6903,1304,2736,64,73,39,136,172,65,73,122,334,260,125,185,144,139,283,33,102,270,140,79,6903,1580,265,2736,3050
06037703003,600800,2516,2253,99,159,71,256,1568,177,73,272,65,1533,341,4111,342,6127,0.3986,158,3101,7447.0,12709.0,0,3350,784,6127,5153,6064,1175,3101,34,49,41,14,0,30,64,164,99,118,123,97,110,115,142,108,239,108,141,0,6127,1082,445,3101,3350
06037703100,944700,1880,2925,202,198,115,26,832,223,151,331,141,1839,287,3531,750,6436,0.3853,77,2671,11714.0,15314.0,0,2718,620,6444,5957,6367,1294,2671,83,60,261,204,156,71,114,200,115,90,155,108,221,98,64,78,129,107,92,0,6444,1510,329,2671,2718
06037703200,1088700,1726,2964,20,43,161,46,753,143,62,197,75,1487,409,2608,362,5503,0.433,24,2240,11204.0,14745.0,0,2371,293,5555,5002,5555,857,2240,21,119,69,37,51,115,82,107,126,117,121,273,43,243,250,48,129,159,143,106,5555,1336,151,2240,2371
06037800101,1285600,3436,3587,0,24,5,0,135,159,219,83,104,1768,265,2924,116,5734,0.5769,35,1903,12743.0,13704.0,0,1970,294,5734,5216,5715,1375,1903,42,37,204,118,67,109,58,89,191,127,89,37,78,262,245,122,151,117,252,111,5734,1231,537,1903,1970
06037800103,1217600,3501,4001,0,0,0,0,224,49,168,79,64,943,185,2081,213,3416,0.4282,76,1167,6506.0,7833.0,0,1337,658,3416,3020,3398,636,1167,0,40,120,26,86,0,0,88,118,53,16,17,31,65,134,125,29,100,11,37,3416,797,88,1167,1337
06037800104,1724300,3501,4001,59,62,0,0,379,105,62,57,55,1029,169,1759,182,3665,0.5015,0,1408,6360.0,7982.0,0,1662,231,3665,3275,3657,858,1408,30,32,171,194,0,11,19,64,82,107,71,15,109,97,63,122,137,114,78,131,3665,868,161,1408,1662
06037800202,1911300,3501,4001,0,22,16,0,235,247,60,158,60,1760,143,2910,555,6121,0.5102,32,1995,14150.0,15690.0,92,2121,209,6121,5752,6121,1434,1995,58,153,165,83,91,42,131,66,107,87,42,17,171,48,346,130,112,169,268,250,6121,1404,356,1995,2121
06037800204,1534800,3192,3040,0,16,16,0,379,156,12,108,135,1331,147,1676,151,4086,0.5471,0,1710,9590.0,11179.0,0,1841,447,4086,3412,4035,915,1710,41,60,174,52,91,28,27,66,307,45,108,129,74,60,193,75,142,28,139,136,4086,1241,90,1710,1841
06037800205,810500,2726,2908,123,108,112,76,999,162,72,59,30,631,162,2412,720,4030,0.4637,47,1630,4101.0,7829.0,0,1698,641,4036,2632,4036,625,1630,23,44,62,20,20,10,37,66,55,6,0,20,99,113,163,41,50,106,127,61,4036,479,152,1630,1698
06037800206,2000001,2823,4001,9,39,3,0,98,43,83,61,32,1050,60,1461,229,3604,0.4397,10,1148,10753.0,11618.0,0,1174,175,3604,3204,3588,912,1148,38,84,42,78,52,50,26,82,58,53,42,6,9,118,110,52,28,226,167,100,3604,963,87,1148,1174
06037800324,888300,3501,2969,46,15,8,0,287,309,252,151,78,2144,129,3138,316,6542,0.4312,9,2431,13799.0,15393.0,0,2431,590,6585,6032,6561,1615,2431,36,106,248,105,63,43,13,118,177,111,64,40,17,342,384,170,103,233,251,199,6585,1609,535,2431,2431
06037800325,1293600,3501,2694,31,20,40,22,298,106,113,34,33,1106,85,1759,206,3677,0.5107,50,1404,7851.0,9288.0,0,1494,196,3677,3380,3656,799,1404,22,28,133,71,65,72,15,127,159,79,43,107,91,137,92,51,18,114,160,132,3677,934,172,1404,1494
06037800328,1497500,3501,4001,6,0,0,0,83,25,15,14,20,319,43,649,20,1217,0.4989,20,402,2909.0,3488.0,0,402,146,1217,1160,1211,268,402,0,18,17,13,11,0,5,12,26,0,21,0,10,20,42,20,47,54,106,19,1217,255,49,402,402
06037800333,608500,2924,2360,75,17,134,16,678,22,33,52,10,310,77,1155,193,2129,0.4401,77,988,1724.0,4456.0,0,1161,108,2196,1490,2180,360,988,10,14,48,32,16,29,18,8,72,16,12,73,41,91,25,35,39,103,28,88,2196,247,63,988,1161
06037800334,991500,1926,2696,0,40,46,25,194,96,110,28,45,1062,169,2034,249,3719,0.4542,0,1256,7320.0,8125.0,0,1334,915,3749,3335,3749,961,1256,32,120,93,26,49,26,109,68,90,41,70,107,39,89,60,78,0,61,181,86,3749,876,142,1256,1334
06037800335,1330300,2945,2832,36,13,17,10,311,186,72,107,104,1507,128,2064,271,4466,0.5219,32,1818,11036.0,12564.0,35,2113,726,4475,4069,4474,1041,1818,141,102,139,130,33,128,87,67,303,98,77,47,39,74,198,134,60,140,107,93,4475,1320,187,1818,2113
06037800336,1094300,3208,3901,0,26,0,0,91,96,110,103,209,1083,97,1953,87,3893,0.4769,31,1174,8215.0,8683.0,0,1251,874,3893,3326,3790,800,1174,0,9,43,39,0,0,31,41,43,39,14,42,274,106,147,242,42,99,277,15,3893,806,277,1174,1251
06037800337,872500,2885,2791,56,58,49,92,984,75,76,86,167,765,409,2358,685,3765,0.5084,72,1749,4483.0,8582.0,0,1872,477,3771,3104,3771,573,1749,56,8,15,54,0,45,8,142,53,17,0,81,105,151,25,106,33,117,83,42,3771,648,117,1749,1872
06037800338,1355900,3501,4001,28,0,93,0,310,163,196,95,95,1748,94,3553,223,6464,0.4219,62,2058,13889.0,15956.0,0,2058,902,6471,5651,6418,1491,2058,46,216,211,38,33,22,147,129,101,78,15,95,211,214,207,137,120,92,199,128,6471,1302,430,2058,2058
06037800406,2000001,-666666666,3555,7,46,25,0,171,27,53,19,21,617,29,863,52,2008,0.5497,6,788,4292.0,5043.0,40,1125,180,2167,1801,2167,438,788,35,78,87,34,48,56,13,50,130,57,30,38,61,119,49,68,35,80,27,43,2167,518,71,788,1125
06037800410,1473200,3501,3908,0,0,5,2,98,29,23,38,9,402,189,1610,106,1200,0.496,11,500,2828.0,3527.0,0,739,317,3527,2281,3504,268,500,16,83,54,36,14,5,5,54,38,15,11,5,47,25,31,85,4,11,41,23,3527,349,53,500,739
06037800411,2000001,3501,4001,73,0,4,6,178,97,44,33,50,806,76,1554,143,2740,0.5351,14,984,5675.0,6913.0,0,1105,443,2740,2352,2740,583,984,148,68,30,93,21,28,27,113,61,41,0,37,14,8,17,118,33,74,233,80,2740,654,134,984,1105
06037800412,2000001,2719,3839,15,12,0,0,157,128,45,61,34,1253,130,1509,521,3678,0.5108,35,1410,7914.0,8895.0,0,2115,526,3682,3257,3657,818,1410,32,258,217,40,9,5,88,47,87,71,26,28,78,143,341,152,36,0,124,99,3682,836,409,1410,2115
06037800504,2000001,2844,4001,126,33,0,16,388,45,0,8,55,545,15,946,173,1890,0.511,19,933,3567.0,5004.0,0,1669,103,1890,1673,1890,340,933,16,44,63,79,54,58,78,71,63,44,47,16,27,13,48,21,13,24,21,14,1890,482,51,933,1669
06037800506,2000001,3501,4001,66,38,0,0,301,80,259,34,11,1066,69,1609,222,3393,0.4644,41,1367,7018.0,8776.0,0,1701,295,3393,3075,3393,933,1367,47,11,151,104,99,86,80,77,173,92,66,55,85,78,134,55,45,56,42,32,3393,924,142,1367,1701
06037900102,158300,2100,479,0,0,0,9,82,19,0,20,1,180,36,303,194,768,0.3962,1,262,966.0,1376.0,0,467,486,782,701,779,127,262,5,16,30,10,0,23,14,14,12,7,14,23,37,26,1,0,58,7,0,6,782,87,73,262,467
06037900103,260100,1292,1413,21,30,96,9,552,55,182,70,77,1180,201,2112,1097,6478,0.4018,49,1732,7345.0,10382.0,0,1817,4040,6514,6287,6485,972,1732,86,67,111,71,0,0,138,42,80,117,34,12,188,263,409,144,88,350,523,212,6514,494,603,1732,1817
06037900104,257300,1342,1346,0,134,16,58,545,107,126,163,109,1244,139,2163,733,6593,0.3997,62,1789,7602.0,10812.0,0,1906,4603,6593,6311,6554,779,1789,49,9,107,76,61,7,74,39,16,80,4,36,193,250,248,346,433,204,492,54,6593,637,523,1789,1906
06037900301,297500,1835,1288,18,47,9,9,303,71,42,16,27,706,307,1822,550,3658,0.4215,49,1009,4419.0,6646.0,0,1059,1896,4439,3459,4370,557,1009,23,47,102,16,31,0,26,30,44,30,23,15,78,243,370,171,67,160,101,56,4439,373,284,1009,1059
06037900501,297600,1492,1708,15,124,70,10,691,280,300,94,104,1502,296,3486,1237,7939,0.3784,84,2193,9379.0,13431.0,0,2264,4543,7939,7610,7918,1301,2193,176,77,61,49,20,25,54,181,187,45,36,27,250,329,408,106,84,227,508,198,7939,696,766,2193,2264
06037900504,378000,1694,1570,75,55,93,142,792,154,92,191,51,1205,326,3157,1044,7010,0.3491,30,1997,9105.0,13399.0,0,2097,2887,7051,6363,7015,944,1997,61,31,80,18,28,0,13,112,104,34,35,29,114,218,515,155,132,261,480,250,7051,789,410,1997,2097
06037900505,339800,1736,1727,23,0,84,58,399,50,107,25,81,931,220,1943,1202,4537,0.4466,37,1330,6225.0,8630.0,20,1403,2575,4587,4402,4549,674,1330,88,39,83,15,18,23,73,48,71,98,68,24,63,58,272,117,130,182,146,77,4587,587,308,1330,1403
06037900506,337200,1513,1704,54,46,84,19,618,103,161,98,65,818,250,2259,697,5086,0.3924,83,1436,5359.0,8313.0,0,1543,2265,5095,4938,5080,700,1436,18,54,69,12,45,35,45,61,79,32,11,30,252,212,197,163,61,272,297,62,5095,509,254,1436,1543
06037900508,378600,1866,1805,6,15,4,16,224,125,105,101,9,841,79,1580,916,3831,0.4394,60,1065,5891.0,7451.0,0,1108,1875,3831,3604,3749,644,1065,25,40,18,6,51,9,35,19,63,0,18,37,247,181,166,139,183,209,173,106,3831,555,235,1065,1108
06037900509,201500,1425,1269,127,75,30,53,618,47,53,46,29,707,188,1873,982,4480,0.4043,36,1325,4581.0,7623.0,0,1325,1948,4480,4135,4426,466,1325,0,0,0,0,0,0,0,0,71,10,31,46,201,287,214,53,100,391,184,141,4480,385,244,1325,1325
06037900510,413800,1630,1913,0,40,23,67,540,29,32,17,38,532,77,1274,1217,3906,0.4627,32,1072,3376.0,6766.0,0,1099,1559,3960,3711,3960,382,1072,15,35,40,0,32,0,60,54,0,101,19,48,36,267,161,163,145,313,369,109,3960,338,194,1072,1099
06037900602,67500,1252,792,59,42,78,16,659,52,40,61,25,1116,167,2013,715,5463,0.4196,165,1775,6201.0,9736.0,0,1811,3205,5463,4942,5435,721,1775,44,29,21,66,11,16,10,27,67,40,168,0,114,353,360,241,124,242,339,92,5463,595,435,1775,1811
06037900606,286600,1044,1544,252,42,11,65,1043,69,40,32,12,383,199,1571,1056,4567,0.4333,68,1426,2467.0,7401.0,0,1527,2023,4580,4246,4551,494,1426,14,53,0,10,20,13,63,92,32,19,13,66,168,181,204,201,214,149,92,31,4580,211,131,1426,1527
06037900607,282700,1521,1470,18,25,28,42,473,66,40,141,111,657,72,1517,576,3953,0.3863,44,1130,4225.0,6902.0,0,1343,2648,3998,3766,3924,569,1130,23,30,84,32,79,0,16,10,70,0,115,32,95,234,123,78,115,117,120,69,3998,427,225,1130,1343
06037900608,330700,1589,1959,0,25,48,34,358,35,160,89,36,801,145,1463,761,4220,0.3705,22,1159,5220.0,7255.0,0,1211,2814,4229,3975,4196,516,1159,9,40,60,12,32,24,6,48,139,18,34,70,182,239,318,97,21,66,201,85,4229,338,442,1159,1211
06037900609,319000,1400,1459,120,27,33,38,683,82,175,93,39,807,48,1858,1241,5186,0.4362,96,1490,5081.0,8752.0,37,1579,2548,5186,5127,5174,702,1490,97,84,3,51,24,12,48,50,99,56,0,60,184,296,213,231,142,136,236,127,5186,365,379,1490,1579
06037900610,64500,837,677,30,19,0,44,284,0,0,20,0,896,19,772,638,3207,0.4287,63,1180,4446.0,5876.0,0,1204,2192,3207,3131,3207,550,1180,0,43,155,43,38,15,22,38,175,29,15,0,83,64,115,70,204,188,101,60,3207,571,290,1180,1204
06037900611,362700,2012,1463,62,0,0,0,80,76,198,106,71,1101,91,2028,877,4657,0.52,34,1181,7346.0,7947.0,0,1181,2913,4808,4485,4688,555,1181,0,0,0,0,0,29,0,69,0,30,0,21,69,324,82,252,197,235,373,110,4808,496,519,1181,1181
06037900701,299700,1306,1318,73,18,113,55,789,57,90,29,16,749,211,1608,987,4426,0.4574,133,1538,4509.0,8918.0,0,1691,1706,4436,4131,4378,648,1538,14,87,23,35,13,32,75,50,67,90,23,73,74,94,276,73,59,152,301,55,4436,522,219,1538,1691
06037900703,278400,1526,1125,308,145,157,115,1725,27,29,43,0,440,219,2312,885,5041,0.43,56,2165,2678.0,9614.0,0,2304,1779,5363,4420,5139,447,2165,104,28,38,80,37,35,71,187,199,90,46,6,113,177,208,84,364,94,310,18,5363,267,173,2165,2304
06037900704,-666666666,1516,-666666666,171,182,131,124,1527,0,0,0,0,33,94,1706,616,3339,0.3763,85,1560,89.0,5570.0,0,1712,1071,3343,2305,3235,266,1560,11,0,44,18,0,0,35,7,8,8,9,0,131,156,128,39,314,61,142,0,3343,16,17,1560,1712
06037900705,351700,1510,1834,173,82,81,216,1254,86,5,32,8,566,99,1848,858,4123,0.5017,96,1820,3481.0,7477.0,0,2234,1203,4145,3609,3972,482,1820,18,0,22,5,124,10,41,26,143,204,22,19,324,16,128,157,112,50,129,79,4145,461,90,1820,2234
06037900804,267300,1561,1280,81,29,76,31,622,26,55,40,9,463,140,1391,935,3859,0.4404,46,1085,2627.0,5545.0,0,1127,2494,3877,3225,3872,427,1085,23,23,76,34,29,31,8,51,99,30,19,52,191,250,116,59,274,131,173,101,3877,249,174,1085,1127
06037900805,316200,1673,1550,51,26,71,82,387,88,93,33,74,1169,155,2047,456,5204,0.3457,128,1556,7966.0,10052.0,0,1685,2573,5629,4902,5600,836,1556,244,63,56,84,54,112,50,143,107,85,92,190,96,372,306,200,66,135,218,100,5629,627,339,1556,1685
06037900806,269500,899,1232,132,305,123,104,1915,10,19,0,0,172,244,1568,1221,4226,0.5598,113,2087,872.0,7293.0,0,2190,1631,4274,3753,4225,286,2087,40,86,88,60,25,27,61,145,63,176,66,8,91,134,166,0,61,151,112,85,4274,90,82,2087,2190
06037900807,386900,2069,1645,37,50,38,58,446,16,109,69,45,679,197,1917,448,3859,0.3859,13,1125,4259.0,7037.0,0,1258,1158,3859,3648,3778,724,1125,90,75,21,40,12,0,54,27,59,15,0,13,326,26,139,17,0,194,145,178,3859,475,200,1125,1258
06037900808,287200,1686,1723,20,27,0,65,549,70,176,27,269,820,26,1979,1599,5346,0.3798,169,1369,5283.0,8085.0,0,1400,3107,5369,5049,5306,551,1369,82,17,93,5,5,0,0,65,52,47,39,24,70,357,557,158,258,38,294,186,5369,431,377,1369,1400
06037900901,398600,1660,1513,0,92,15,0,525,54,88,59,8,420,117,1160,501,3022,0.5126,15,945,2827.0,5522.0,8,1053,1180,3033,3001,3025,501,945,14,0,7,15,62,20,0,0,4,54,31,16,188,36,208,81,223,206,121,48,3033,271,149,945,1053
06037900902,422300,948,2135,10,10,34,9,128,36,23,43,9,456,41,616,109,1397,0.5104,6,584,2981.0,3745.0,0,665,409,1397,1309,1393,275,584,36,50,17,71,9,0,27,27,7,57,21,36,38,35,23,0,18,44,46,39,1397,380,34,584,665
06037901003,-666666666,-666666666,-666666666,0,0,0,0,0,0,0,0,0,0,0,0,0,0,-666666666.0,0,0,-666666666.0,-666666666.0,0,0,1484,3658,2359,3658,0,0,64,66,0,5,8,0,0,0,0,0,0,0,0,0,13,130,0,0,0,0,3658,0,0,0,0
06037901007,435100,1621,1859,23,0,11,16,112,39,23,101,27,605,37,887,140,2179,0.4096,9,717,4320.0,5042.0,0,768,601,2254,2019,2168,395,717,21,44,38,41,9,0,17,49,29,22,9,50,169,138,51,46,37,80,11,55,2254,475,125,717,768
06037901008,349300,1996,1743,159,21,57,41,576,55,19,70,19,488,103,1564,469,3358,0.4185,54,1064,3094.0,6328.0,0,1096,1217,3365,2628,3341,593,1064,15,52,41,7,9,0,41,15,40,41,0,29,38,150,156,57,99,65,214,110,3365,276,204,1064,1096
06037901009,456400,1967,1911,78,77,8,34,630,131,148,88,95,1300,133,2529,1115,5550,0.4834,54,1930,8986.0,12396.0,0,1974,2207,5550,4928,5457,1045,1930,101,123,129,12,32,0,76,29,78,57,112,29,114,89,346,158,225,107,179,196,5550,1072,185,1930,1974
06037901010,414300,1537,1746,27,110,70,92,684,110,81,220,35,1173,198,2468,1300,5507,0.439,91,1857,7986.0,11967.0,0,2020,2573,5521,5112,5389,854,1857,67,61,67,76,16,34,58,40,70,111,21,22,167,148,246,62,310,240,114,104,5521,821,331,1857,2020
06037901011,402800,1772,1738,238,159,68,102,1062,62,134,102,15,996,131,2373,1525,5363,0.4049,38,2058,6558.0,11045.0,0,2086,1774,5363,4548,5280,742,2058,94,46,100,93,52,27,34,77,253,51,14,49,271,177,158,115,219,68,218,63,5363,792,186,2058,2086
06037901012,490800,2756,2465,0,0,38,130,391,214,409,118,106,1347,123,3314,484,6806,0.3175,40,1738,10820.0,14435.0,25,1738,3678,6806,6335,6707,1115,1738,0,86,0,77,26,0,31,21,0,0,19,21,197,119,277,115,370,171,345,320,6806,1024,314,1738,1738
06037901013,485900,2273,2325,112,0,10,0,285,103,151,121,81,923,34,1643,212,3613,0.3203,108,1208,7077.0,9168.0,0,1315,1241,3613,3217,3613,675,1208,69,113,69,38,0,19,80,29,114,29,0,66,106,122,131,48,49,185,210,46,3613,764,121,1208,1315
06037901014,457300,2071,2113,71,8,36,0,321,286,118,131,96,1200,170,2731,422,5173,0.4252,134,1521,8835.0,10679.0,0,1544,2065,5272,4934,5213,1115,1521,22,117,38,53,36,105,40,43,53,45,104,10,191,81,203,40,124,121,77,136,5272,749,451,1521,1544
06037901101,392200,2093,1742,127,30,166,26,561,134,84,258,32,1165,118,2237,523,5365,0.3236,80,1726,7167.0,10618.0,0,1902,1707,5375,4818,5304,959,1726,25,14,146,34,12,0,57,79,265,38,7,50,347,65,261,171,212,236,309,124,5375,783,331,1726,1902
06037901102,427200,1553,2005,0,181,25,28,561,200,224,132,59,1375,91,2421,483,5244,0.4019,208,1936,9773.0,12768.0,0,2103,1602,5244,4811,5207,882,1936,17,159,85,60,23,97,99,63,106,124,80,112,168,101,154,45,124,80,53,73,5244,1117,258,1936,2103
06037901209,315300,1741,1542,6,11,2,0,89,44,35,8,30,308,27,495,122,967,0.395,5,397,1763.0,2335.0,0,648,356,989,821,983,160,397,28,8,25,38,20,6,10,8,41,17,6,0,6,21,43,15,21,25,6,12,989,258,47,397,648
06037901210,361000,1563,1950,10,0,7,16,84,144,83,30,44,577,85,940,55,1694,0.363,3,661,3056.0,3527.0,0,709,272,1714,1683,1714,352,661,47,23,36,16,19,9,31,29,44,12,32,0,59,64,25,33,31,41,0,28,1714,382,155,661,709
06037901214,415700,2590,1957,38,0,5,43,329,215,77,163,67,1188,61,2304,502,4923,0.3528,37,1517,7812.0,10302.0,0,1517,1745,4926,4737,4873,980,1517,54,8,130,0,10,5,30,140,45,18,57,50,64,73,363,163,127,83,291,131,4926,863,297,1517,1517
06037901215,546900,1115,2471,37,21,0,84,753,150,45,81,45,775,129,1472,686,3554,0.5196,0,1528,5193.0,7466.0,0,1578,1473,3638,3115,3624,535,1528,20,101,58,14,30,46,37,115,111,192,71,103,63,113,175,121,167,25,161,64,3638,459,266,1528,1578
06037901216,509700,-666666666,2626,0,0,55,0,55,61,49,0,31,780,150,1346,143,2473,0.5012,33,835,,,17,914,662,2473,2303,2422,582,835,77,12,17,17,0,0,80,6,34,26,0,14,218,35,220,41,43,57,55,6,2473,487,286,835,914
06037901217,630700,-666666666,2601,15,0,0,0,21,70,44,26,22,561,39,640,76,1512,0.4032,0,582,4180.0,4268.0,0,698,296,1533,1272,1491,408,582,89,19,28,29,49,14,53,36,31,53,22,40,37,31,22,36,98,57,0,22,1533,442,119,582,698
06037901218,655800,-666666666,3221,0,0,0,0,0,151,49,133,40,743,32,1165,5,2424,0.2927,0,743,5920.0,5920.0,0,771,565,2424,2307,2424,618,743,70,49,45,28,10,0,144,25,20,38,5,9,49,43,65,35,48,12,76,141,2424,554,189,743,771
06037901300,361200,1139,1365,0,6,21,38,208,5,27,46,43,352,143,713,643,2206,0.4746,102,560,2160.0,3186.0,0,707,1270,2206,1944,2204,237,560,13,19,33,2,14,16,11,33,26,6,54,0,92,139,163,47,0,76,192,89,2206,166,152,560,707
06037910002,317100,1720,1287,16,72,0,12,634,207,139,111,38,1345,202,2912,1604,7240,0.3805,78,1979,8478.0,12985.0,0,2197,5120,7240,6986,7195,1131,1979,59,141,111,62,18,14,109,76,17,53,40,75,268,242,436,136,220,373,451,99,7240,824,495,1979,2197
06037910210,484000,2670,2717,34,63,62,20,282,318,128,230,128,1973,87,3643,280,7601,0.3407,81,2255,15183.0,16886.0,0,2255,3151,7665,6842,7575,1709,2255,66,30,66,0,70,20,40,230,263,24,9,21,201,225,518,182,439,166,295,190,7665,1393,563,2255,2255
06037910211,776100,-666666666,3321,0,0,44,0,51,55,119,7,6,387,29,819,20,1677,0.2735,19,438,,,0,537,484,1677,1605,1628,323,438,8,10,11,0,69,11,17,17,110,5,0,4,49,36,137,73,26,18,102,31,1677,295,88,438,537
06037910212,641800,-666666666,2511,9,14,0,0,286,144,35,36,19,776,94,1469,413,3143,0.5096,43,1062,5411.0,7297.0,0,1191,886,3143,2992,3116,677,1062,26,72,62,171,10,8,13,76,149,27,22,36,40,19,127,56,0,164,112,36,3143,561,204,1062,1191
06037910213,636500,2579,2713,0,11,25,0,128,63,22,43,23,353,48,772,295,1530,0.442,17,481,2447.0,3341.0,0,528,806,1530,1450,1474,305,481,8,8,25,15,24,5,2,11,21,35,0,0,0,55,21,23,102,94,71,10,1530,273,80,481,528
06037910214,467800,2601,2251,61,20,0,28,324,177,124,141,108,1262,133,2800,236,5499,0.3448,35,1586,8853.0,11071.0,0,1653,2796,5499,5112,5421,920,1586,50,89,69,19,26,11,53,68,104,34,36,0,189,101,174,218,207,243,161,120,5499,892,284,1586,1653
06037910215,383700,1672,2024,58,150,0,25,623,273,172,52,60,1387,172,3460,252,6648,0.3848,100,2010,10220.0,13413.0,0,2093,3586,6659,6078,6587,1195,2010,3,108,113,82,6,32,37,65,127,83,84,7,198,365,281,96,73,312,144,243,6659,891,496,2010,2093
06037910216,459200,2202,2455,13,51,0,0,311,214,155,125,87,1099,83,2510,184,5204,0.3314,26,1410,8234.0,10374.0,0,1459,1936,5257,4872,5240,806,1410,30,25,112,0,31,0,22,77,63,30,48,33,329,361,72,108,333,328,211,70,5257,766,322,1410,1459
06037910217,507100,1962,2696,7,0,10,0,252,231,145,148,49,1338,202,2331,650,5295,0.4065,9,1590,9939.0,12043.0,0,1666,2772,5356,4515,5239,1001,1590,24,78,63,3,15,0,36,74,78,18,32,58,327,211,323,188,167,319,201,86,5356,954,384,1590,1666
06037910218,388300,2021,2021,34,16,39,97,548,134,73,63,96,936,151,1979,601,4591,0.4082,77,1484,5690.0,8815.0,18,1552,2006,4591,4363,4552,723,1484,10,92,169,38,0,42,86,18,116,123,66,21,56,140,119,147,124,115,163,139,4591,618,258,1484,1552
06037910301,493300,1221,2088,18,28,11,0,431,123,89,13,78,1177,156,2137,425,4332,0.3752,63,1608,8135.0,10127.0,0,1710,1538,4332,3996,4310,770,1608,39,10,177,31,76,94,106,83,104,41,28,72,79,150,113,86,19,105,255,95,4332,850,327,1608,1710
06037910302,501800,2347,1498,24,103,0,1,245,187,172,107,44,1816,254,2920,647,6134,0.4379,65,2061,12455.0,14046.0,0,2150,2824,6138,5845,6138,1242,2061,31,37,143,199,98,0,81,127,124,130,129,23,238,147,306,106,2,53,285,105,6138,1233,522,2061,2150
06037910401,433300,1919,1929,157,37,125,229,933,102,90,34,136,1122,185,2987,317,5993,0.3657,37,2055,7645.0,12015.0,0,2166,3006,6096,5306,5998,1114,2055,21,147,164,0,88,0,19,130,92,76,76,0,157,117,303,231,137,229,199,133,6096,770,288,2055,2166
06037910404,359900,1711,2006,86,22,83,60,519,105,41,33,74,700,264,2313,728,4853,0.3462,59,1219,4379.0,6920.0,0,1239,2728,4863,4160,4744,651,1219,76,142,55,0,10,0,35,15,0,47,8,46,271,180,173,83,243,148,298,63,4863,290,334,1219,1239
06037910405,316200,1347,1440,158,97,157,55,1351,12,42,27,13,389,176,2280,1882,5882,0.42,203,1740,2452.0,8919.0,0,1858,4153,5882,4899,5777,516,1740,40,16,19,36,6,27,0,34,65,53,0,0,249,236,361,205,361,238,247,91,5882,190,144,1740,1858
06037910501,229500,1181,-666666666,131,119,309,143,2050,0,4,0,0,51,188,2120,1933,5454,0.4469,260,2101,192.0,8096.0,0,2278,2881,5460,4240,5361,375,2101,22,10,54,21,45,5,40,88,16,47,40,38,322,380,209,123,372,274,163,112,5460,31,0,2101,2278
06037910502,305100,1410,1512,107,20,33,23,857,19,53,41,34,505,281,2121,1427,4834,0.4363,125,1362,3291.0,7264.0,0,1415,3817,4875,4057,4742,672,1362,31,26,86,4,0,127,10,87,13,34,29,9,133,138,209,167,284,278,222,23,4875,253,160,1362,1415
06037910504,327500,1813,1104,47,25,60,74,447,155,110,48,32,722,198,1857,630,4250,0.325,100,1169,4284.0,6664.0,0,1231,2919,4363,4092,4317,475,1169,7,82,35,40,0,37,19,15,50,27,71,13,304,182,226,39,188,110,125,193,4363,335,339,1169,1231
06037910505,379100,1850,1702,0,16,25,9,199,54,54,74,46,662,144,1366,279,3251,0.3789,59,861,4341.0,5606.0,0,893,2567,3251,3120,3218,429,861,12,38,39,5,33,36,32,21,11,47,34,40,51,169,138,47,41,302,127,93,3251,316,305,861,893
06037910601,303800,1661,1407,13,77,0,34,519,110,152,85,158,1186,219,3035,983,6435,0.3487,112,1705,7127.0,10126.0,0,1775,5175,6449,5964,6438,809,1705,9,40,52,43,50,0,36,138,38,57,51,21,106,325,322,256,92,219,227,211,6449,570,522,1705,1775
06037910602,-666666666,1580,725,93,40,11,93,821,29,15,21,42,643,148,2175,1036,4867,0.4804,46,1464,3556.0,7307.0,0,1543,2944,4867,4336,4806,531,1464,22,61,74,53,89,36,9,84,56,19,53,32,115,273,117,89,251,271,296,106,4867,260,245,1464,1543
06037910605,293000,1510,1215,57,21,41,29,434,24,61,49,40,916,154,1866,1253,5350,0.401,65,1350,5161.0,7509.0,0,1412,3925,5376,4666,5265,669,1350,16,68,41,40,0,61,25,75,146,9,36,29,177,215,413,242,174,254,267,91,5376,282,510,1350,1412
06037910606,337900,1606,1615,78,21,35,29,283,36,13,55,27,476,63,1212,624,3131,0.3984,49,759,2783.0,4524.0,0,796,2483,3209,3139,3196,417,759,15,78,24,14,34,9,85,24,43,28,19,11,183,104,157,86,51,130,202,89,3209,193,228,759,796
06037910607,355100,1384,1725,31,38,97,21,630,158,30,45,33,544,54,1754,1087,4141,0.4931,89,1174,3540.0,6588.0,0,1174,3101,4233,3823,4083,626,1174,21,73,62,15,9,15,55,75,97,15,6,7,78,190,147,110,302,52,342,71,4233,293,245,1174,1174
06037910608,318100,2087,1416,45,6,22,105,414,10,62,25,59,597,51,1521,472,3636,0.3155,64,1011,3822.0,6352.0,0,1101,2528,3636,3309,3568,444,1011,8,72,54,21,0,39,15,32,406,10,28,5,86,149,96,87,86,115,164,66,3636,374,174,1011,1101
06037910706,429400,1727,2068,19,36,0,31,431,206,112,82,229,1247,232,2767,614,6856,0.3459,101,1678,9116.0,11585.0,0,1725,4944,6888,6317,6863,1070,1678,49,41,38,27,19,10,146,37,95,31,19,33,107,258,495,408,309,269,347,206,6888,537,671,1678,1725
06037910707,383200,1460,2062,38,53,41,56,626,102,60,95,126,844,233,2411,947,5101,0.3798,131,1470,5648.0,8815.0,0,1593,3459,5101,4521,5019,580,1470,82,70,63,15,10,20,82,53,74,45,0,38,121,130,333,85,339,145,300,88,5101,457,338,1470,1593
06037910709,460200,-666666666,2241,0,0,0,0,47,37,71,31,45,451,73,829,66,1660,0.3835,0,498,3047.0,3401.0,0,498,866,1660,1559,1617,314,498,24,13,45,29,27,0,24,13,41,98,20,7,87,69,89,8,0,28,8,28,1660,308,111,498,498
06037910712,368700,2152,1794,4,18,70,18,175,53,37,115,85,651,101,1636,359,3316,0.3155,15,826,4543.0,5703.0,0,862,2314,3322,3200,3285,445,826,54,51,79,42,7,37,73,40,79,27,18,5,68,80,102,121,58,66,140,42,3322,385,229,826,862
06037910713,349900,2050,1776,0,31,20,14,338,95,173,212,47,1258,227,2921,1768,7065,0.3318,150,1596,8245.0,10560.0,0,1619,5399,7172,6244,7044,875,1596,150,114,102,18,0,0,40,64,158,66,0,8,371,260,466,411,192,300,212,133,7172,477,613,1596,1619
06037910714,335300,2253,1735,0,23,15,23,176,104,109,61,163,826,91,1900,179,4107,0.368,75,1002,5273.0,6442.0,0,1032,3202,4116,3806,4034,659,1002,23,33,14,26,0,0,52,16,38,24,14,0,257,182,200,81,145,93,179,98,4116,399,372,1002,1032
06037910715,346700,1761,1656,63,0,21,13,307,230,67,88,139,1579,365,3193,568,6511,0.3519,121,1886,9216.0,10840.0,0,2039,4797,6538,5966,6453,1051,1886,37,143,16,42,14,0,38,50,56,71,55,10,151,295,249,143,457,34,280,88,6538,704,762,1886,2039
06037910716,398300,1953,1713,46,7,25,0,350,154,108,218,122,1419,218,3260,738,6488,0.4301,77,1769,9248.0,11508.0,0,1813,4542,6488,6056,6461,1071,1769,26,7,87,48,65,0,27,102,107,26,14,6,403,154,451,48,87,267,190,203,6488,806,539,1769,1813
06037910717,408900,-666666666,2202,0,0,0,0,36,74,98,88,55,506,71,1117,79,2308,0.2836,12,542,,,11,595,1986,2308,1997,2308,426,542,31,76,0,0,4,0,29,32,35,2,5,0,35,105,81,35,93,62,81,28,2308,331,151,542,595
06037910718,393000,2003,1980,17,0,0,0,196,114,79,20,73,1102,121,2736,507,5308,0.3922,15,1298,6902.0,8385.0,0,1377,4144,5308,5222,5308,834,1298,23,0,37,63,0,43,66,137,0,46,75,33,0,130,289,106,40,98,288,181,5308,566,402,1298,1377
06037910719,465200,1977,2455,0,0,133,48,286,113,0,150,3,696,139,2254,323,4658,0.2856,48,982,5214.0,7290.0,0,1041,3452,4658,4539,4658,799,982,0,41,0,49,0,0,119,0,0,0,48,3,201,295,382,277,76,19,181,95,4658,344,352,982,1041
06037910720,331300,1146,1171,61,0,45,34,408,77,198,25,102,1128,321,2567,1099,5329,0.5195,91,1536,7336.0,9221.0,0,1642,3889,5366,5229,5357,797,1536,44,119,115,19,14,0,31,67,96,134,73,159,123,141,272,160,169,218,174,206,5366,791,197,1536,1642
06037910721,375700,1470,2092,23,47,39,0,539,0,78,61,70,508,211,1590,565,3708,0.3409,28,1047,3576.0,7129.0,5,1047,1811,3708,3350,3587,434,1047,23,24,0,15,0,0,29,1,6,14,0,45,142,337,85,127,120,418,105,67,3708,339,165,1047,1047
06037910804,677700,1727,2838,6,0,0,0,86,119,74,104,161,966,15,1403,197,2900,0.3795,41,1052,6774.0,7207.0,0,1119,1033,2900,2660,2873,699,1052,103,91,153,20,0,0,27,100,61,0,12,13,54,7,71,32,61,184,64,70,2900,770,145,1052,1119
06037910807,638400,2715,2569,24,27,37,40,363,313,191,157,27,1519,108,3144,779,6061,0.3669,106,1882,10798.0,12659.0,0,1930,1950,6142,5228,6083,1270,1882,119,64,90,53,33,16,146,138,73,61,20,28,122,105,259,278,141,405,165,44,6142,1040,479,1882,1930
06037910808,617200,2313,2444,0,0,7,9,41,164,108,83,30,1104,40,1829,71,3836,0.3374,32,1145,7197.0,7402.0,0,1145,1549,3836,3459,3816,893,1145,74,35,60,48,30,10,66,35,134,124,20,25,160,56,101,41,23,44,320,111,3836,606,411,1145,1145
06037910809,1239900,-666666666,3379,0,0,0,0,23,80,48,30,10,641,67,998,138,2219,0.4584,39,664,5647.0,5784.0,0,696,500,2219,2018,2199,513,664,40,13,72,46,31,20,38,19,53,31,21,49,60,82,99,21,63,54,91,26,2219,552,83,664,696
06037910810,779800,3501,3491,0,0,0,0,81,129,122,67,70,694,53,1414,77,2927,0.3803,18,775,5323.0,5884.0,0,842,362,2927,2522,2921,568,775,43,68,17,50,0,6,23,97,7,5,41,28,79,171,229,42,47,126,35,75,2927,415,219,775,842
06037910814,785900,1750,2358,0,23,0,0,83,89,112,196,17,1186,57,1662,345,3422,0.398,12,1269,8489.0,9055.0,0,1359,1038,3434,3088,3394,811,1269,76,110,58,75,50,79,30,54,71,141,16,41,71,58,123,26,83,43,70,49,3434,955,186,1269,1359
06037910815,632700,-666666666,2460,34,10,0,0,192,123,106,163,41,1483,56,2469,735,5055,0.4504,86,1675,10072.0,10920.0,0,1886,1374,5272,4752,5201,1024,1675,101,152,210,68,36,8,59,104,117,64,17,13,130,92,208,38,124,138,107,58,5272,939,441,1675,1886
06037911001,345700,1156,1693,28,0,0,0,207,96,74,185,62,1183,134,1341,583,3658,0.4016,0,1390,7105.0,8072.0,0,1719,1531,3658,3454,3641,822,1390,76,134,95,202,30,6,103,60,90,181,25,65,128,59,78,6,92,140,9,75,3658,939,239,1390,1719
06037911100,344900,1342,1382,59,48,118,15,838,207,81,31,106,1189,255,3089,1230,7297,0.4205,125,2027,7547.0,12071.0,0,2064,5855,7316,7135,7236,1301,2027,39,104,142,58,32,0,226,132,58,67,33,0,242,196,219,216,207,230,390,163,7316,621,475,2027,2064
06037920013,716000,3068,2896,39,74,0,0,311,199,265,280,84,2020,133,3745,914,8039,0.4152,98,2331,14172.0,16389.0,33,2331,2069,8039,7102,7884,1563,2331,108,58,101,74,107,16,13,133,119,250,85,7,330,319,319,313,336,258,728,76,8039,1443,577,2331,2331
06037920015,835500,3145,3216,0,24,0,0,72,367,286,246,62,1881,179,3466,80,6443,0.2731,53,1953,13665.0,14065.0,0,1953,1302,6443,6254,6430,1485,1953,56,87,55,47,16,0,132,109,84,45,30,0,62,195,321,202,143,166,284,270,6443,1297,573,1953,1953
06037920016,787600,1981,3309,65,0,44,25,326,131,210,100,35,1200,40,2191,63,4885,0.4211,0,1526,9508.0,10985.0,0,1625,1516,4901,4226,4826,1221,1526,29,30,170,92,28,8,15,45,99,100,0,38,129,193,137,97,216,158,244,309,4901,896,292,1526,1625
06037920017,657600,2134,2756,90,17,9,0,257,196,213,70,33,1061,104,2050,188,4212,0.398,102,1318,6617.0,7906.0,0,1413,1418,4224,3739,4176,1014,1318,63,50,58,46,13,21,29,63,119,32,28,26,91,115,203,41,106,163,157,100,4224,594,439,1318,1413
06037920018,654200,2769,2438,17,5,0,0,47,75,76,75,30,656,17,1161,187,2065,0.3014,27,703,3873.0,4143.0,0,703,575,2065,2020,2065,484,703,26,16,29,8,26,0,30,58,38,4,7,27,44,28,100,57,64,68,34,29,2065,458,191,703,703
06037920020,655600,2285,2315,0,0,23,0,205,228,213,78,69,1664,129,3064,278,5623,0.4218,108,1869,11196.0,12225.0,0,1941,1613,5655,5324,5645,1320,1869,82,121,116,137,33,17,134,64,202,130,48,30,81,233,140,207,119,217,156,47,5655,1060,576,1869,1941
06037920028,618700,3114,2947,27,45,36,15,347,275,278,511,186,2184,172,4410,96,9013,0.334,57,2531,14748.0,16971.0,55,2531,3524,9068,8053,8959,2006,2531,13,25,80,21,0,0,64,89,45,138,0,0,278,548,578,393,280,360,271,167,9068,1286,879,2531,2531
06037920029,518600,2237,1627,9,86,0,34,396,111,153,15,25,827,79,1662,203,3673,0.3591,49,1223,5163.0,6937.0,45,1268,1567,3681,3139,3583,779,1223,98,152,82,61,7,0,62,120,60,56,20,6,242,89,77,78,73,47,79,123,3681,565,230,1223,1268
06037920030,613400,2315,2860,7,71,68,9,487,131,158,110,118,1470,273,3257,606,5485,0.3996,56,1957,9294.0,11500.0,37,2044,2356,5506,4851,5414,963,1957,33,26,92,28,33,0,54,70,36,0,44,16,296,263,198,118,114,175,177,170,5506,978,484,1957,2044
06037920031,437300,1991,1613,0,18,0,72,252,172,182,165,43,2392,156,2742,746,5882,0.4666,8,2644,12661.0,13907.0,0,2644,2034,5924,5651,5910,1024,2644,69,60,164,122,20,63,40,204,282,313,196,225,66,110,279,0,165,197,197,135,5924,1815,539,2644,2644
06037920034,774800,2013,3042,0,42,37,7,234,178,113,80,132,1000,170,2338,361,3923,0.4069,34,1234,6716.0,7754.0,55,1234,1500,3977,3475,3948,687,1234,35,23,25,45,21,6,16,15,11,20,42,40,195,118,100,12,96,112,132,160,3977,590,321,1234,1234
06037920035,483500,2209,1906,0,56,141,18,756,163,215,126,124,1722,149,4547,1049,8598,0.3712,35,2478,9506.0,13210.0,0,2478,5491,8598,8103,8598,1444,2478,33,21,85,154,53,35,48,183,111,12,28,87,590,131,688,0,142,157,219,279,8598,794,828,2478,2478
06037920038,397700,1767,1909,28,142,60,6,427,26,6,35,15,378,198,1609,306,3014,0.3903,124,805,2012.0,3731.0,0,823,2117,3014,2591,2914,433,805,0,62,35,5,0,0,0,20,24,14,10,32,64,120,148,41,135,44,198,101,3014,167,120,805,823
06037920039,721800,3174,2314,4,5,0,5,55,51,44,22,35,485,67,975,76,1677,0.3834,0,540,3262.0,3582.0,0,551,823,1677,1573,1667,322,540,13,5,51,14,5,10,37,10,32,22,31,0,13,60,38,21,43,62,14,36,1677,308,177,540,551
06037920040,671800,2684,2541,14,17,0,11,162,29,111,63,103,845,58,1732,21,3270,0.3584,59,1007,5682.0,6693.0,0,1030,1404,3270,3181,3206,684,1007,5,91,77,33,0,0,76,29,35,19,33,51,68,174,151,87,85,67,142,47,3270,683,156,1007,1030
06037920041,617600,2787,2839,81,59,44,22,565,68,54,24,38,311,93,1591,276,2946,0.3194,45,876,1722.0,4308.0,148,940,1089,2952,2300,2868,471,876,6,28,17,18,0,0,12,20,4,4,18,4,270,138,141,46,57,94,154,88,2952,129,182,876,940
06037920042,545900,2397,2339,99,198,70,52,1016,286,187,86,93,1395,233,4114,523,6580,0.3767,49,2411,8393.0,12547.0,0,2543,2373,6583,5770,6351,1261,2411,36,43,54,71,8,22,89,70,98,184,34,95,138,143,165,102,460,117,90,114,6583,899,465,2411,2543
06037920043,819600,3354,3559,32,78,9,84,438,278,253,208,84,2038,305,4574,642,8651,0.403,60,2476,14012.0,16497.0,98,2544,2941,8748,7494,8657,1669,2476,47,61,92,57,41,11,84,79,124,95,39,27,540,349,330,290,269,189,269,225,8748,1181,805,2476,2544
06037920044,623600,2665,2573,0,34,15,0,163,88,95,66,55,666,78,1413,179,2524,0.3454,22,829,3767.0,4649.0,0,850,1019,2544,2347,2513,484,829,23,23,45,18,0,0,4,28,63,20,8,10,108,117,80,58,51,42,105,107,2544,364,282,829,850
06037920045,718700,3240,2858,72,33,0,0,215,252,181,41,59,1239,167,2484,155,4492,0.403,27,1454,8420.0,9792.0,0,1454,1208,4492,3972,4409,1150,1454,47,58,76,85,25,0,62,31,126,30,9,8,105,198,88,104,79,135,262,204,4492,840,399,1454,1454
06037920046,355200,2090,2062,124,43,42,155,578,110,52,15,109,731,245,2182,228,3741,0.3278,16,1309,3245.0,5479.0,0,1345,2520,3741,3131,3677,459,1309,34,12,62,50,4,9,9,35,29,30,45,31,210,67,108,34,132,51,154,50,3741,429,257,1309,1345
06037920047,-666666666,2229,736,125,212,320,101,1770,0,10,0,0,152,129,3655,2019,7559,0.3474,98,1922,706.0,7728.0,0,2214,5561,7559,5917,7319,783,1922,11,0,104,0,0,0,20,36,51,0,13,0,449,337,513,26,547,370,214,236,7559,58,94,1922,2214
06037920048,560100,1737,2177,49,34,16,70,389,130,79,219,21,1365,123,2705,612,5431,0.3925,49,1754,8235.0,9638.0,0,1833,3190,5431,5156,5388,817,1754,74,46,149,28,29,23,64,70,92,72,8,156,186,185,188,189,168,192,255,90,5431,778,512,1754,1833
06037920049,845200,3501,3346,16,0,10,3,112,159,232,177,284,1540,154,3161,429,5839,0.3432,39,1652,11545.0,12220.0,19,1720,1474,5936,5552,5923,1311,1652,37,49,68,33,40,49,26,51,77,24,7,46,104,112,334,108,116,204,247,251,5936,1109,431,1652,1720
06037920050,399000,1737,1500,4,31,0,0,134,42,28,14,6,350,65,448,201,976,0.4919,42,484,2003.0,2529.0,0,596,108,1040,902,1035,204,484,68,28,21,34,5,5,9,18,15,4,5,0,10,12,8,26,5,36,43,10,1040,291,47,484,596
06037920102,539500,1451,1990,31,96,33,0,661,143,57,81,114,973,229,2460,323,4816,0.3906,51,1634,5622.0,8071.0,0,1805,1621,4899,3896,4733,884,1634,41,131,43,65,22,27,142,49,45,44,26,53,213,50,210,122,104,191,297,105,4899,461,465,1634,1805
06037920104,721600,3501,3019,0,0,18,0,66,109,147,39,41,759,178,1506,147,2928,0.3584,0,825,5368.0,5765.0,0,869,852,2959,2746,2912,651,825,22,44,39,40,17,5,22,18,51,23,5,9,144,194,121,117,86,28,160,53,2959,394,362,825,869
06037920106,468800,1731,1946,6,15,17,6,134,220,57,80,58,890,96,1876,182,3761,0.3434,29,1024,5215.0,5894.0,0,1064,2203,3761,3579,3748,649,1024,23,54,52,75,12,0,28,12,71,15,13,11,77,214,144,133,64,54,316,62,3761,419,436,1024,1064
06037920109,682100,2285,2623,39,22,15,14,508,131,140,235,113,1382,101,2498,289,4740,0.4196,18,1890,8974.0,11287.0,0,1975,770,4740,4511,4724,1092,1890,63,47,81,34,31,15,44,44,123,92,0,145,123,77,123,48,169,195,68,71,4740,1028,340,1890,1975
06037920110,876300,2676,3069,24,40,9,76,325,87,142,52,60,678,143,1778,169,3061,0.3407,8,1003,5206.0,6458.0,0,1003,546,3061,2565,3044,723,1003,30,38,13,7,0,20,60,7,0,7,11,33,52,50,154,109,48,33,149,53,3061,490,179,1003,1003
06037920111,629900,2861,2254,0,6,45,0,173,120,144,134,38,847,99,1456,129,3056,0.3157,0,1020,5176.0,5934.0,0,1032,778,3092,2937,3081,700,1020,21,40,95,24,6,23,39,84,59,15,12,47,36,288,10,61,88,159,55,45,3092,512,328,1020,1032
06037920112,761500,1772,2738,0,94,0,46,464,148,161,75,60,1051,151,1864,199,3878,0.3795,42,1515,7278.0,9565.0,0,1576,811,3925,3403,3925,866,1515,23,76,150,51,78,41,51,55,113,45,108,95,123,93,218,56,33,102,132,106,3925,764,282,1515,1576
06037920114,702500,2655,3143,107,154,138,80,899,186,113,185,58,1257,265,3566,434,5870,0.365,103,2156,8428.0,11566.0,0,2303,1465,5959,4334,5895,1031,2156,63,39,25,87,0,46,20,51,106,20,18,29,211,77,98,84,247,134,206,92,5959,908,345,2156,2303
06037920115,749600,2286,2950,64,98,54,39,715,92,114,104,46,1013,92,2336,138,4190,0.4956,48,1728,6308.0,8943.0,0,1728,888,4216,3687,4177,739,1728,46,64,79,21,7,0,234,96,35,18,128,5,105,144,27,74,126,202,113,24,4216,730,259,1728,1728
06037920116,646600,2386,2631,7,33,0,38,129,148,326,162,54,1462,116,2761,255,5171,0.3492,39,1591,9243.0,9848.0,0,1591,1558,5171,4635,5040,1134,1591,61,75,76,35,4,14,66,89,74,24,41,30,230,162,214,94,174,190,201,10,5171,916,486,1591,1591
06037920118,681300,3219,2955,0,32,37,10,190,254,149,319,127,1672,149,3059,62,6047,0.3425,34,1862,11807.0,12789.0,0,1862,2585,6047,5431,5958,1395,1862,131,31,55,29,54,11,43,61,152,62,35,9,228,258,147,131,145,301,232,250,6047,1072,551,1862,1862
06037920119,823900,3501,3420,3,0,5,0,12,86,80,53,35,482,20,981,79,1773,0.2675,9,494,3716.0,3817.0,0,494,482,1784,1628,1763,369,494,6,22,31,17,0,0,4,50,15,43,7,7,85,76,59,54,55,46,44,47,1784,306,146,494,494
06037920120,872600,3501,3845,37,16,24,0,132,222,152,37,37,940,100,2294,204,4283,0.3781,67,1072,7279.0,7941.0,0,1072,941,4283,3837,4260,958,1072,49,22,40,0,0,55,0,48,54,33,0,12,32,259,259,148,73,218,280,154,4283,558,333,1072,1072
06037920121,757900,3058,3720,155,66,80,37,798,265,531,207,134,2344,316,5469,555,10137,0.3642,60,3142,16100.0,20840.0,0,3192,2042,10241,9113,10114,2096,3142,46,57,64,136,33,19,7,94,147,56,38,9,339,471,418,395,483,314,585,242,10241,1494,826,3142,3192
06037920200,-666666666,-666666666,-666666666,0,0,0,0,0,0,0,0,0,0,0,0,0,0,-666666666.0,0,0,-666666666.0,-666666666.0,0,0,2532,4155,1686,4155,0,0,4,11,12,18,0,0,0,0,0,0,0,0,0,0,0,0,0,0,0,0,4155,0,0,0,0
06037920303,-666666666,2913,3709,33,47,41,5,318,9,15,5,9,333,68,1004,156,1507,0.5322,8,651,2390.0,3571.0,0,681,193,1507,1285,1462,340,651,61,24,47,9,5,0,18,43,29,17,5,0,24,20,38,0,111,6,28,14,1507,276,57,651,681
06037920312,883900,1887,3365,84,106,46,123,1065,94,95,89,15,1115,202,3064,600,6270,0.4675,73,2180,7921.0,11557.0,0,2319,3118,6363,5789,6337,1121,2180,37,111,183,43,36,3,58,191,241,87,131,79,277,106,128,113,514,446,166,50,6363,709,366,2180,2319
06037920313,740100,2714,2443,24,10,17,0,173,282,275,74,38,1393,67,2960,150,5480,0.3632,61,1566,9097.0,10134.0,0,1688,2433,5487,5085,5395,1029,1566,40,33,105,61,67,32,36,45,126,64,75,79,240,111,272,61,228,151,177,146,5487,766,577,1566,1688
06037920314,707300,2391,2518,98,28,10,42,308,93,80,123,38,717,133,1605,344,3368,0.3253,40,1025,4940.0,6193.0,0,1025,1003,3368,3076,3368,707,1025,52,41,30,31,20,9,20,73,40,4,7,51,159,82,155,37,33,181,163,93,3368,516,177,1025,1025
06037920322,739100,1250,2633,14,43,19,0,148,66,116,71,17,824,148,1306,199,2767,0.4687,6,972,5524.0,5975.0,0,1024,854,2767,2459,2694,657,972,53,30,29,49,12,51,28,45,48,85,37,19,101,129,128,27,73,64,27,77,2767,586,179,972,1024
06037920326,885700,2215,3538,215,0,98,128,1215,367,163,78,97,1151,320,3393,274,6464,0.4302,111,2366,8499.0,13592.0,0,2463,1272,6464,5792,6434,1372,2366,25,170,91,103,62,24,19,152,167,125,153,60,172,136,122,131,30,251,271,113,6464,841,290,2366,2463
06037920328,1023100,2558,4001,52,28,21,20,356,62,46,36,16,461,65,1077,252,1956,0.526,0,817,3410.0,4393.0,0,928,336,1956,1565,1956,416,817,13,19,27,26,0,37,9,3,18,24,37,15,8,101,125,19,50,17,103,42,1956,322,139,817,928
06037920329,614600,2390,2134,91,112,159,153,1059,243,57,84,97,1610,384,3893,492,6418,0.4041,13,2669,9391.0,13694.0,0,2769,1298,6445,5591,6376,1267,2669,35,95,54,69,80,44,90,144,160,51,22,58,162,85,113,65,164,149,164,60,6445,1108,502,2669,2769
06037920330,794100,2084,2685,16,17,123,11,588,73,166,55,206,1128,10,1450,345,3537,0.4816,89,1716,7197.0,9177.0,0,1782,553,3590,3150,3584,847,1716,94,74,130,62,71,16,49,81,191,225,64,130,34,73,180,12,114,14,61,47,3590,921,207,1716,1782
06037920331,665300,3118,2749,39,8,47,0,313,120,83,52,98,918,119,1760,264,3740,0.3415,21,1231,5776.0,7425.0,0,1269,823,3764,3146,3740,841,1231,50,49,97,17,14,17,117,41,107,37,49,17,175,107,125,38,186,84,63,45,3764,581,328,1231,1269
06037920332,716100,1897,2744,15,6,31,9,100,61,60,12,29,481,38,1197,54,1708,0.4107,18,581,3069.0,3494.0,0,607,577,2215,1764,2194,345,581,8,14,39,24,9,3,12,28,37,17,42,12,32,23,85,0,57,42,64,24,2215,317,142,581,607
06037920334,601000,2367,2709,15,66,89,59,807,233,160,188,107,1618,348,2996,668,5586,0.4643,68,2425,10344.0,13029.0,0,2532,1119,6122,5280,6094,935,2425,89,91,59,166,11,138,77,133,150,166,63,282,185,105,166,76,171,87,247,13,6122,1232,361,2425,2532
06037920338,934000,3501,3575,0,12,0,132,233,217,248,179,59,1481,283,2698,291,5651,0.3503,33,1714,10939.0,12443.0,0,1726,1067,5651,4855,5638,1300,1714,31,57,140,0,11,35,0,104,87,38,57,16,143,188,254,107,284,293,236,176,5651,1073,381,1714,1726
06037920339,1128800,2904,4001,123,64,109,121,1103,106,167,208,124,1634,341,4257,458,8749,0.4208,34,2737,12469.0,17531.0,0,2737,1771,8749,7503,8648,1826,2737,21,21,19,65,43,11,31,48,49,28,42,14,346,298,151,180,140,264,618,674,8749,1073,561,2737,2737
06037920340,677300,1892,2090,29,89,23,34,449,24,61,15,41,339,107,1439,577,3064,0.3929,5,788,2223.0,3936.0,0,788,2087,3072,2869,3007,508,788,52,13,10,23,5,0,22,25,51,8,0,34,126,112,121,63,131,167,217,82,3072,215,75,788,788
06037920341,612900,1773,-666666666,90,122,98,70,787,0,0,0,0,44,33,1706,589,3198,0.3806,23,831,262.0,3292.0,14,851,2587,3198,2950,3153,389,831,0,16,8,0,31,0,14,0,10,0,9,11,66,62,184,61,80,278,169,161,3198,24,20,831,851
06037920342,454200,2037,2170,66,24,55,124,609,26,16,83,14,304,126,1819,324,3175,0.4183,0,913,1617.0,3880.0,0,913,2769,3175,2895,3157,463,913,12,0,22,10,20,12,0,14,0,11,0,0,145,128,225,81,21,114,82,197,3175,113,181,913,913
06037920343,489600,2108,2293,22,61,96,153,763,101,54,27,41,475,61,2621,433,4206,0.4361,0,1238,2349.0,5455.0,0,1286,2666,4206,3454,4170,555,1238,17,8,8,16,0,0,37,31,18,36,0,0,65,114,204,122,143,44,272,228,4206,116,227,1238,1286
06037930400,639000,-666666666,1832,5,10,19,0,58,6,27,3,16,297,37,532,144,1052,0.4971,23,355,1871.0,2231.0,3,548,483,1234,1090,1223,204,355,9,30,39,8,21,0,11,7,15,0,16,10,11,27,0,28,4,33,30,22,1234,201,91,355,548
06037980001,-666666666,-666666666,-666666666,0,0,0,0,0,0,0,0,0,0,0,0,0,0,-666666666.0,0,0,-666666666.0,-666666666.0,0,0,0,0,0,0,0,0,0,0,0,0,0,0,0,0,0,0,0,0,0,0,0,0,0,0,0,0,0,0,0,0,0
06037980002,-666666666,-666666666,-666666666,0,0,0,0,0,0,0,0,0,0,0,0,0,0,-666666666.0,0,0,-666666666.0,-666666666.0,0,0,0,0,0,0,0,0,0,0,0,0,0,0,0,0,0,0,0,0,0,0,0,0,0,0,0,0,0,0,0,0,0
06037980003,-666666666,-666666666,-666666666,0,0,0,0,0,0,0,0,0,0,0,0,0,0,-666666666.0,0,0,-666666666.0,-666666666.0,0,0,0,0,0,0,0,0,0,0,0,0,0,0,0,0,0,0,0,0,0,0,0,0,0,0,0,0,0,0,0,0,0
06037980004,-666666666,-666666666,-666666666,0,0,0,0,0,0,0,0,0,0,0,0,0,0,-666666666.0,0,0,-666666666.0,-666666666.0,0,0,0,0,0,0,0,0,0,0,0,0,0,0,0,0,0,0,0,0,0,0,0,0,0,0,0,0,0,0,0,0,0
06037980005,-666666666,-666666666,-666666666,0,0,0,0,0,0,0,0,0,0,0,0,0,0,-666666666.0,0,0,-666666666.0,-666666666.0,0,0,0,0,0,0,0,0,0,0,0,0,0,0,0,0,0,0,0,0,0,0,0,0,0,0,0,0,0,0,0,0,0
06037980006,-666666666,-666666666,-666666666,0,0,0,0,0,0,0,0,0,0,0,0,0,0,-666666666.0,0,0,-666666666.0,-666666666.0,0,0,0,0,0,0,0,0,0,0,0,0,0,0,0,0,0,0,0,0,0,0,0,0,0,0,0,0,0,0,0,0,0
06037980007,-666666666,-666666666,-666666666,0,0,0,0,0,0,0,0,0,0,0,0,0,0,-666666666.0,0,0,-666666666.0,-666666666.0,0,0,0,0,0,0,0,0,0,0,0,0,0,0,0,0,0,0,0,0,0,0,0,0,0,0,0,0,0,0,0,0,0
06037980008,-666666666,-666666666,-666666666,0,0,0,0,26,0,0,0,0,0,20,45,97,110,0.2648,20,26,,,0,26,97,110,103,110,0,26,0,0,6,0,0,0,0,0,0,0,0,0,0,19,0,0,0,20,20,0,110,0,0,26,26
06037980009,-666666666,-666666666,-666666666,0,0,0,0,0,0,0,0,0,0,0,1,0,0,-666666666.0,0,0,-666666666.0,-666666666.0,0,0,3,5,2,5,0,0,0,0,0,0,0,0,0,0,0,0,0,0,0,0,0,0,0,0,0,0,5,0,0,0,0
06037980010,700000,788,-666666666,0,0,0,0,74,0,0,0,0,18,1,77,87,175,0.5511,0,92,92.0,322.0,0,92,63,175,166,175,55,92,8,38,0,0,6,0,0,4,5,5,0,0,0,0,0,0,11,0,0,0,175,18,0,92,92
06037980011,-666666666,-666666666,-666666666,0,4,0,0,16,0,0,0,0,19,0,83,69,145,0.3905,0,35,,,0,35,127,145,145,145,23,35,18,0,0,0,0,0,0,0,0,0,0,0,0,0,0,0,0,0,27,0,145,0,19,35,35
06037980012,-666666666,-666666666,-666666666,0,0,0,0,0,0,0,0,0,0,0,0,0,0,-666666666.0,0,0,-666666666.0,-666666666.0,0,0,14,27,20,27,0,0,0,0,14,0,0,7,0,0,0,0,0,0,0,0,0,0,0,0,0,0,27,0,0,0,0
06037980013,-666666666,-666666666,-666666666,0,0,0,0,0,0,0,0,0,0,0,0,0,0,-666666666.0,0,0,-666666666.0,-666666666.0,0,0,0,0,0,0,0,0,0,0,0,0,0,0,0,0,0,0,0,0,0,0,0,0,0,0,0,0,0,0,0,0,0
06037980014,-666666666,-666666666,-666666666,4,0,0,0,10,0,0,0,0,0,0,9,36,45,0.4877,0,10,,,0,14,4,45,45,45,4,10,0,0,0,0,0,0,0,0,0,0,0,22,0,0,0,0,0,0,0,0,45,0,0,10,14
06037980015,-666666666,1210,-666666666,46,36,78,61,460,16,0,0,0,16,1,573,339,1098,0.5459,30,476,,,0,507,456,1116,799,1098,99,476,5,0,1,0,0,0,0,0,0,0,0,6,65,44,19,13,28,14,14,18,1116,0,16,476,507
06037980016,-666666666,1337,-666666666,16,19,15,4,87,0,0,0,0,4,11,128,1,329,0.2444,0,91,,,0,94,301,329,327,329,31,91,5,2,2,4,0,4,7,1,26,2,0,2,10,22,11,11,7,19,32,1,329,4,0,91,94
06037980017,-666666666,1323,-666666666,13,0,0,0,37,0,0,0,0,0,46,147,763,1097,0.5733,12,37,-666666666.0,202.0,0,48,287,1379,796,1372,37,37,70,66,109,81,5,19,0,30,15,0,0,31,20,15,12,27,10,16,12,0,1379,0,0,37,48
06037980018,-666666666,-666666666,-666666666,0,0,0,0,0,0,0,0,0,0,0,0,0,0,-666666666.0,0,0,-666666666.0,-666666666.0,0,0,0,0,0,0,0,0,0,0,0,0,0,0,0,0,0,0,0,0,0,0,0,0,0,0,0,0,0,0,0,0,0
06037980019,1103300,-666666666,2307,0,0,0,0,5,0,9,0,0,35,18,52,14,79,0.3701,0,40,,,0,40,0,79,75,79,9,40,8,4,0,0,0,5,4,4,0,0,0,0,0,0,5,0,0,0,0,0,79,17,18,40,40
06037980020,-666666666,-666666666,-666666666,0,0,0,0,0,0,0,0,0,0,0,0,0,0,-666666666.0,0,0,-666666666.0,-666666666.0,0,0,0,0,0,0,0,0,0,0,0,0,0,0,0,0,0,0,0,0,0,0,0,0,0,0,0,0,0,0,0,0,0
06037980021,-666666666,-666666666,-666666666,0,0,0,0,0,0,0,0,0,4,0,13,0,17,-666666666.0,0,4,,,0,4,5,17,17,17,0,4,0,0,0,0,0,0,0,0,0,0,0,0,0,0,0,0,0,0,0,0,17,0,4,4,4
06037980022,-666666666,-666666666,-666666666,0,0,0,0,0,0,0,0,0,0,0,0,0,0,-666666666.0,0,0,-666666666.0,-666666666.0,0,0,0,0,0,0,0,0,0,0,0,0,0,0,0,0,0,0,0,0,0,0,0,0,0,0,0,0,0,0,0,0,0
06037980023,-666666666,-666666666,-666666666,0,0,0,0,0,0,0,0,0,0,0,0,0,0,-666666666.0,0,0,-666666666.0,-666666666.0,0,0,0,0,0,0,0,0,0,0,0,0,0,0,0,0,0,0,0,0,0,0,0,0,0,0,0,0,0,0,0,0,0
06037980024,-666666666,-666666666,2795,0,0,0,4,8,3,4,0,4,52,0,66,27,137,0.4373,0,60,,,0,60,21,137,115,137,24,60,0,0,5,0,4,0,0,0,4,5,0,5,0,10,0,0,5,6,10,0,137,44,8,60,60
06037980025,-666666666,2630,-666666666,13,2,23,16,206,0,0,0,0,0,28,206,6,411,0.2975,22,206,-666666666.0,819.0,0,206,20,411,381,404,28,206,48,0,7,4,14,0,0,16,19,0,0,0,0,12,0,0,7,0,0,57,411,0,0,206,206
06037980026,-666666666,-666666666,-666666666,0,0,0,0,0,0,0,0,0,0,0,0,0,0,-666666666.0,0,0,-666666666.0,-666666666.0,0,0,5,11,4,11,0,0,0,0,0,0,0,0,0,0,0,0,0,0,0,0,0,6,0,0,0,2,11,0,0,0,0
06037980028,-666666666,-666666666,-666666666,0,0,0,0,0,0,0,0,0,0,0,0,0,0,-666666666.0,0,0,-666666666.0,-666666666.0,0,0,0,0,0,0,0,0,0,0,0,0,0,0,0,0,0,0,0,0,0,0,0,0,0,0,0,0,0,0,0,0,0
06037980030,-666666666,-666666666,-666666666,0,0,0,0,0,0,0,0,0,0,0,0,0,0,-666666666.0,0,0,-666666666.0,-666666666.0,0,0,0,0,0,0,0,0,0,0,0,0,0,0,0,0,0,0,0,0,0,0,0,0,0,0,0,0,0,0,0,0,0
06037980031,-666666666,-666666666,-666666666,0,0,0,0,5,0,0,0,0,0,0,5,0,10,-666666666.0,0,5,,,0,5,330,954,661,954,0,5,18,44,32,11,0,0,0,0,0,0,0,0,0,0,0,0,0,0,5,0,954,0,0,5,5
06037980033,-666666666,-666666666,-666666666,0,0,0,0,0,0,0,0,0,0,0,0,0,3,-666666666.0,0,0,-666666666.0,-666666666.0,0,0,4,7,0,7,0,0,0,0,0,0,0,0,0,0,0,0,0,0,0,4,0,0,0,0,0,0,7,0,0,0,0
06037980034,-666666666,-666666666,-666666666,0,0,0,0,0,0,0,0,0,0,0,0,0,0,-666666666.0,0,0,-666666666.0,-666666666.0,0,0,0,0,0,0,0,0,0,0,0,0,0,0,0,0,0,0,0,0,0,0,0,0,0,0,0,0,0,0,0,0,0
06037980035,-666666666,1285,717,40,10,0,30,126,0,0,0,0,67,35,341,22,587,0.3631,6,193,327.0,845.0,0,193,488,632,582,612,65,193,8,9,2,1,9,14,0,4,0,22,0,0,23,13,18,20,37,14,11,0,632,34,33,193,193
06037980036,699200,1672,2329,0,0,0,0,69,36,33,0,0,94,19,319,191,776,0.3746,0,163,562.0,819.0,0,163,370,776,771,776,113,163,0,0,5,19,0,0,19,22,0,40,0,0,0,34,17,16,54,0,67,41,776,10,84,163,163
06037980037,-666666666,-666666666,-666666666,0,0,0,0,0,0,0,0,0,0,0,0,0,0,-666666666.0,0,0,-666666666.0,-666666666.0,0,0,0,0,0,0,0,0,0,0,0,0,0,0,0,0,0,0,0,0,0,0,0,0,0,0,0,0,0,0,0,0,0
06037980038,-666666666,-666666666,-666666666,0,0,0,0,0,0,0,0,0,0,0,0,0,0,-666666666.0,0,0,-666666666.0,-666666666.0,0,0,0,0,0,0,0,0,0,0,0,0,0,0,0,0,0,0,0,0,0,0,0,0,0,0,0,0,0,0,0,0,0
06037980039,-666666666,-666666666,-666666666,0,0,0,0,0,0,0,0,0,0,0,0,0,0,-666666666.0,0,0,-666666666.0,-666666666.0,0,0,0,0,0,0,0,0,0,0,0,0,0,0,0,0,0,0,0,0,0,0,0,0,0,0,0,0,0,0,0,0,0
06037990100,-666666666,-666666666,-666666666,0,0,0,0,0,0,0,0,0,0,0,0,0,0,-666666666.0,0,0,-666666666.0,-666666666.0,0,0,0,0,0,0,0,0,0,0,0,0,0,0,0,0,0,0,0,0,0,0,0,0,0,0,0,0,0,0,0,0,0
06037990200,-666666666,-666666666,-666666666,0,0,0,0,0,0,0,0,0,0,0,0,0,0,-666666666.0,0,0,-666666666.0,-666666666.0,0,0,0,0,0,0,0,0,0,0,0,0,0,0,0,0,0,0,0,0,0,0,0,0,0,0,0,0,0,0,0,0,0
06037990300,-666666666,-666666666,-666666666,0,0,0,0,0,0,0,0,0,0,0,0,0,0,-666666666.0,0,0,-666666666.0,-666666666.0,0,0,0,0,0,0,0,0,0,0,0,0,0,0,0,0,0,0,0,0,0,0,0,0,0,0,0,0,0,0,0,0,0
