GEOID,B25077_001E,B25064_001E,B25088_001E,B25070_004E,B25070_005E,B25070_006E,B25070_007E,B25070_001E,B25091_005E,B25091_006E,B25091_007E,B25091_008E,B25091_001E,B23025_005E,B23025_003E,B17001_002E,B17001_001E,B19083_001E,B19057_002E,B19057_001E,B25022_002E,B25022_001E,B25034_002E,B25034_001E,B03003_003E,B03003_001E,B07001_017E,B07001_001E,B11001_003E,B11001_001E,B01001_020E,B01001_021E,B01001_022E,B01001_023E,B01001_024E,B01001_025E,B01001_044E,B01001_045E,B01001_046E,B01001_047E,B01001_048E,B01001_049E,B01001_003E,B01001_004E,B01001_005E,B01001_006E,B01001_027E,B01001_028E,B01001_029E,B01001_030E,B01001_001E,B25014_003E,B25014_004E,B25014_001E,B25001_001E
06037101110,502200,1723,2217,57,117,34,59,627,81,40,57,110,878,110,2099,434,3845,0.3977,78,1505,4712.0,7029.0,0,1629,963,3923,3399,3902,731,1505,83,123,14,43,28,2,73,105,56,54,84,37,111,73,115,176,88,80,89,6,3923,557,321,1505,1629
06037101122,658800,2256,2373,0,47,0,52,336,94,75,175,99,1005,210,2287,181,4086,0.3962,10,1341,6410.0,7981.0,6,1406,182,4119,3922,4092,774,1341,35,19,63,93,43,117,40,92,120,103,106,46,46,87,99,8,54,117,149,46,4119,613,382,1341,1406
06037101220,550800,1291,2060,47,58,155,95,819,77,126,55,24,611,225,2017,638,3775,0.4708,86,1430,2897.0,5792.0,0,1462,1521,3775,3409,3756,674,1430,31,60,85,36,30,35,17,49,65,56,62,10,69,91,117,36,57,70,227,73,3775,367,188,1430,1462
06037101221,461600,1416,1833,82,65,127,95,1205,52,18,47,20,308,113,1744,774,3757,0.4399,47,1513,1387.0,5201.0,0,1567,1182,3787,3563,3787,764,1513,33,11,88,0,0,193,16,25,77,0,107,22,72,74,121,57,53,96,89,114,3787,187,112,1513,1567
06037101222,378400,1330,1732,107,9,37,0,859,0,38,0,28,110,153,1402,1033,2717,0.5239,60,969,454.0,3473.0,0,986,1182,2717,2551,2708,455,969,0,2,37,66,31,29,116,29,29,10,57,0,201,64,63,0,25,115,52,30,2717,43,67,969,986
06037101300,643200,2365,2006,45,19,15,9,187,120,72,44,147,1232,87,1782,298,3696,0.3922,24,1419,7032.0,7770.0,7,1560,360,3741,3516,3731,829,1419,30,179,63,71,33,71,133,66,55,136,30,175,45,104,70,23,30,18,96,25,3741,885,314,1419,1560
06037101400,554300,1337,1888,9,66,16,54,404,82,114,108,82,932,114,1734,199,3233,0.417,52,1336,5125.0,6850.0,7,1548,512,3246,3074,3208,668,1336,27,45,94,48,24,50,53,103,108,54,39,22,40,85,27,64,158,41,64,59,3246,626,292,1336,1548
06037102103,658200,1769,2566,33,8,17,47,299,25,53,7,3,412,73,918,69,1920,0.4383,58,711,2189.0,3539.0,42,777,172,1920,1732,1878,334,711,11,13,30,18,11,17,46,0,39,19,24,15,99,20,66,14,79,143,39,39,1920,209,203,711,777
06037102104,630200,2776,2023,31,25,51,15,289,48,80,115,56,1051,151,2013,377,3956,0.4667,59,1340,6237.0,7732.0,0,1406,519,4187,3722,4153,743,1340,0,52,71,177,15,14,45,36,221,32,72,54,175,60,127,0,59,107,70,133,4187,609,442,1340,1406
06037102105,545400,1877,2397,20,20,29,14,240,13,71,26,43,303,77,1164,184,1797,0.4262,13,543,1656.0,2619.0,0,572,1207,1797,1672,1751,337,543,9,48,16,0,21,21,4,34,14,17,11,14,43,38,54,40,111,18,10,28,1797,129,165,543,572
06037102107,698600,1357,2777,0,8,0,0,302,76,110,103,81,930,289,2093,492,3968,0.4153,82,1232,6005.0,7648.0,67,1240,962,4082,3720,4031,598,1232,46,59,156,39,28,21,59,40,91,28,40,71,25,86,104,2,80,80,154,89,4082,679,217,1232,1240
06037103101,596200,2538,2264,3,6,0,25,136,127,149,28,12,794,107,1457,107,2484,0.3908,4,930,4571.0,5296.0,5,986,581,2484,2300,2401,540,930,30,46,39,38,23,0,18,25,33,55,30,6,166,72,25,33,77,19,25,46,2484,543,248,930,986
06037103102,503200,1375,1740,38,8,8,140,426,162,73,60,206,1238,254,2616,354,4716,0.4349,26,1664,6588.0,8234.0,11,1737,1292,4716,4221,4707,853,1664,96,35,39,33,46,55,74,105,79,175,50,32,93,93,109,117,38,90,121,33,4716,816,361,1664,1737
06037103201,510300,1204,2512,185,49,134,0,877,53,86,84,132,680,108,2171,555,3844,0.4331,0,1557,3472.0,6768.0,0,1642,1038,3961,3689,3910,611,1557,129,37,97,10,133,38,38,61,127,79,20,61,111,51,131,35,103,97,103,44,3961,356,293,1557,1642
06037103202,722200,-666666666,2806,0,0,0,10,59,141,50,51,39,638,39,1184,33,2564,0.3931,0,697,4616.0,4912.0,10,728,833,2569,2242,2569,447,697,351,88,57,0,51,0,37,36,22,30,28,12,92,10,32,20,50,86,137,40,2569,419,190,697,728
06037103300,744600,3320,2859,0,0,0,0,103,60,179,108,85,1156,110,1781,173,3722,0.4343,86,1259,7764.0,8278.0,0,1373,452,3726,3362,3671,719,1259,58,60,61,43,48,63,7,70,196,50,51,67,31,140,217,75,105,64,79,70,3726,834,292,1259,1373
06037103401,572200,1770,2292,31,14,41,0,228,108,129,86,87,789,115,1516,165,2596,0.3889,0,1017,4439.0,5386.0,0,1102,264,2596,2412,2550,416,1017,61,61,45,32,83,0,23,44,77,66,26,33,64,58,52,0,17,61,64,0,2596,647,142,1017,1102
06037103402,619100,1055,1725,10,0,13,28,224,66,111,159,131,1155,78,2120,239,3739,0.3678,30,1379,6777.0,7729.0,0,1524,803,3795,3628,3664,739,1379,3,83,58,77,31,12,90,119,56,67,14,10,151,97,33,0,87,214,61,9,3795,774,364,1379,1524
06037104103,483400,2174,1967,14,12,10,0,158,153,93,53,11,701,99,1982,147,3885,0.3542,47,859,4629.0,5619.0,8,892,2636,3969,3744,3967,516,859,58,119,35,54,37,34,25,35,49,42,74,62,107,110,97,63,111,174,64,60,3969,405,234,859,892
06037104105,358500,961,1757,22,46,103,35,780,98,68,75,70,745,260,2626,1378,5711,0.5196,174,1525,3929.0,7636.0,0,1585,4716,5711,5085,5618,789,1525,161,49,44,11,25,8,39,131,59,93,46,146,127,195,210,160,181,125,273,168,5711,320,364,1525,1585
06037104108,429800,1390,1713,16,62,116,62,779,91,34,36,24,561,202,2860,1039,5551,0.4637,125,1340,3409.0,6234.0,26,1340,4838,5551,5277,5513,508,1340,48,23,83,15,58,20,38,85,35,53,39,40,164,162,250,104,184,278,168,87,5551,154,281,1340,1340
06037104124,483900,1520,2190,12,7,26,44,270,88,96,72,69,1012,236,1840,349,3640,0.4474,12,1282,6197.0,7764.0,10,1406,1833,3843,3508,3803,604,1282,59,53,59,79,9,8,19,142,105,91,0,46,225,90,73,87,121,26,107,31,3843,659,327,1282,1406
06037104201,450200,1836,2140,25,23,0,4,239,29,55,107,48,683,92,2228,653,4660,0.405,59,922,4014.0,5139.0,0,922,4210,4718,4392,4675,460,922,19,69,108,61,27,0,24,46,93,59,41,53,142,225,162,75,136,104,95,112,4718,268,251,922,922
06037104203,426100,1353,1932,17,33,44,21,584,77,95,33,19,571,145,2577,1597,5358,0.4739,67,1155,3713.0,6300.0,4,1155,4930,5420,5173,5368,690,1155,0,42,48,84,13,8,40,47,102,40,38,25,98,236,232,85,205,272,257,131,5420,160,325,1155,1155
06037104204,406800,1125,1797,59,19,0,17,276,28,59,43,7,478,94,1623,500,3313,0.4412,29,754,2937.0,4254.0,0,773,2905,3684,3438,3651,411,754,31,20,26,10,36,30,27,32,16,65,15,71,99,53,74,179,155,71,165,68,3684,232,169,754,773
06037104310,443000,2481,1801,8,33,52,27,222,37,29,64,5,710,140,2500,503,4926,0.4521,36,932,4441.0,5773.0,0,956,4669,4961,4794,4884,557,932,88,59,42,0,0,22,99,67,53,41,18,5,108,123,242,93,214,232,252,166,4961,290,273,932,956
06037104321,468000,893,2175,36,57,34,59,674,12,47,34,0,309,63,1430,541,3128,0.5001,0,983,1862.0,4108.0,0,1039,2870,3128,2965,3073,338,983,14,24,49,8,23,12,281,27,101,12,93,11,44,166,64,52,45,28,153,40,3128,49,205,983,1039
06037104322,456300,1157,2179,57,53,0,19,206,0,47,32,19,263,8,1048,92,2005,0.3185,42,469,1350.0,2027.0,0,469,1848,2005,1895,1959,294,469,78,0,0,0,0,0,10,84,63,8,0,8,70,65,34,99,90,99,16,32,2005,55,104,469,469
06037104401,441600,1325,1656,19,24,15,11,247,55,47,20,15,385,60,1455,757,3134,0.3945,28,632,2166.0,3209.0,0,666,3021,3134,2995,3075,369,632,29,21,92,16,0,0,60,24,74,16,1,17,51,117,131,121,118,157,133,49,3134,94,165,632,666
06037104403,437700,1563,1386,7,26,32,51,195,33,53,50,28,381,127,1456,357,2686,0.3475,20,576,1977.0,2881.0,0,668,2595,2723,2588,2697,305,576,59,35,0,21,0,15,36,50,102,22,54,62,88,94,89,25,78,60,99,52,2723,104,175,576,668
06037104404,471900,1444,1863,5,42,20,38,429,56,34,17,25,332,128,1678,960,3562,0.389,50,761,1878.0,3706.0,0,776,3428,3592,3435,3576,384,761,55,33,33,21,0,7,41,27,52,73,24,8,114,85,212,128,61,153,122,124,3592,128,103,761,776
06037104500,441100,2200,1522,0,30,0,14,171,19,49,31,39,440,51,1478,824,2858,0.3334,37,611,2310.0,3216.0,0,643,2826,2866,2509,2833,299,611,51,15,48,23,27,6,10,20,22,51,27,15,181,102,89,24,124,115,90,55,2866,148,230,611,643
06037104610,439900,1537,1969,18,22,11,4,268,57,59,33,37,430,24,1654,355,3410,0.4204,48,698,2233.0,3455.0,14,747,3385,3473,3281,3448,355,698,37,33,81,18,4,21,22,39,48,18,40,18,72,140,83,94,146,120,189,103,3473,89,184,698,747
06037104620,450700,1616,1500,51,0,47,0,260,44,13,45,40,434,128,1804,496,3474,0.3949,47,694,2462.0,3563.0,0,699,3476,3559,3309,3488,438,694,25,48,40,41,2,36,16,26,65,37,26,27,154,144,23,42,98,125,163,68,3559,104,220,694,699
06037104701,439200,1228,1859,75,58,97,68,715,10,11,17,40,171,134,1594,1230,3946,0.3842,132,886,865.0,4351.0,0,932,3788,3957,3779,3922,372,886,57,19,48,30,0,5,15,38,27,20,25,22,109,158,225,83,83,231,191,160,3957,62,64,886,932
06037104703,433600,1208,2074,33,63,43,91,378,24,8,40,0,205,12,1107,583,2410,0.4564,67,583,945.0,2240.0,13,660,2064,2410,2106,2389,358,583,18,8,15,19,11,0,7,20,46,12,5,0,83,141,83,52,62,59,163,21,2410,49,78,583,660
06037104704,197900,1427,1085,16,48,29,9,368,21,79,62,19,841,87,1992,1274,4392,0.51,40,1209,4547.0,6028.0,38,1257,3684,4525,4207,4418,546,1209,21,22,19,24,108,15,29,57,78,58,15,0,63,246,209,85,234,248,242,140,4525,368,347,1209,1257
06037104821,434800,1444,1877,43,50,48,55,390,19,48,40,19,349,116,1641,536,3228,0.3972,33,739,2038.0,3628.0,3,767,2959,3268,3141,3255,369,739,32,17,21,24,20,8,0,55,47,14,50,13,71,65,157,67,89,142,172,89,3268,39,233,739,767
06037104822,472800,1620,1900,18,18,63,31,426,37,31,18,3,224,81,1272,511,2566,0.4394,44,650,1260.0,2839.0,12,660,2309,2566,2133,2549,276,650,23,6,23,6,0,17,15,23,11,49,55,15,96,68,63,80,70,128,109,52,2566,70,96,650,660
06037104823,427900,1829,2031,0,0,42,0,144,23,103,4,15,555,106,1729,695,3517,0.3822,33,699,2914.0,3536.0,70,717,3083,3526,3457,3526,359,699,28,10,10,22,32,14,11,11,34,48,29,21,265,8,159,184,37,225,121,112,3526,135,267,699,717
06037104824,488300,-666666666,-666666666,0,0,0,0,108,0,18,95,0,400,44,1283,84,2639,0.3605,69,508,2663.0,3155.0,0,508,2483,2639,2313,2639,221,508,139,11,0,12,12,12,15,23,123,3,0,30,144,14,153,46,30,191,63,31,2639,82,260,508,508
06037106010,552100,2223,2460,36,25,20,71,191,53,126,57,46,741,53,1783,162,3439,0.3528,36,932,4590.0,5417.0,0,958,2403,3444,3120,3399,605,932,29,53,26,19,23,20,35,61,88,54,11,16,199,101,107,19,243,56,107,83,3444,413,241,932,958
06037106020,547500,1938,2285,18,45,14,51,267,115,171,171,72,1035,264,2762,939,5154,0.3346,14,1302,6430.0,7910.0,27,1347,4150,5154,5001,5134,747,1302,69,95,74,48,25,13,32,75,44,191,88,24,88,92,114,84,59,139,154,85,5154,532,390,1302,1347
06037106111,500000,2292,1910,0,29,0,0,155,127,153,62,49,1194,113,2444,238,4428,0.3491,34,1349,7430.0,8469.0,0,1435,2685,4428,4166,4388,869,1349,69,116,100,38,23,8,24,77,98,42,27,13,121,106,173,20,106,110,128,128,4428,676,442,1349,1435
06037106112,515200,1955,2209,2,32,6,0,190,99,171,100,227,1155,65,2695,575,5048,0.3495,24,1345,7092.0,8283.0,0,1386,3558,5214,4819,5192,793,1345,27,35,127,26,70,65,63,118,80,116,34,40,117,145,131,122,25,167,296,168,5214,602,471,1345,1386
06037106113,483700,2100,2019,0,14,32,0,180,92,135,75,44,793,173,1983,201,3615,0.3114,10,973,4874.0,5920.0,67,1039,2721,3712,3563,3660,707,973,59,26,39,25,43,21,13,59,76,52,16,25,120,41,212,125,30,91,109,105,3712,351,372,973,1039
06037106114,422000,1437,1907,63,94,101,80,815,111,51,97,59,826,135,3094,1109,6566,0.4035,35,1641,4793.0,8481.0,9,1729,5416,6575,6206,6530,858,1641,16,40,156,22,21,46,9,179,31,0,9,81,193,260,317,150,296,274,297,213,6575,377,372,1641,1729
06037106403,476900,1767,1830,17,7,10,9,162,69,43,61,48,659,47,1738,166,3422,0.3674,56,821,3961.0,4794.0,0,881,3060,3486,3415,3448,445,821,58,30,27,37,31,21,4,83,41,42,24,43,148,85,182,57,38,109,108,112,3486,289,269,821,881
06037106405,370300,1410,2040,30,73,69,174,650,64,84,0,130,536,122,1950,1118,4326,0.3801,0,1186,3295.0,6373.0,57,1232,3318,4404,3976,4404,601,1186,66,38,32,46,31,0,60,61,52,42,12,0,197,179,254,70,100,133,88,39,4404,340,182,1186,1232
06037106406,398300,1949,2047,0,44,26,49,269,56,58,275,86,1542,66,3660,333,6272,0.4011,14,1811,8770.0,10220.0,84,1923,4367,6288,5410,6157,907,1811,84,45,67,39,53,31,106,97,148,64,14,67,217,79,126,105,228,269,212,13,6288,754,695,1811,1923
06037106407,265200,1642,1418,17,41,46,122,664,13,7,7,11,175,95,1114,753,2422,0.4556,44,839,827.0,3524.0,44,935,1977,2618,2290,2603,327,839,30,25,30,5,20,35,15,19,47,60,40,102,36,161,138,63,72,82,90,66,2618,90,61,839,935
06037106408,381800,1574,1929,52,134,61,116,836,0,43,7,19,152,38,1758,668,3777,0.4148,80,988,874.0,4362.0,11,1087,3451,3822,3215,3676,338,988,8,8,5,21,0,0,23,52,20,22,0,0,221,162,166,93,279,171,146,106,3822,80,65,988,1087
06037106510,550300,1888,2673,10,56,85,16,494,151,68,183,112,1223,236,3335,546,5711,0.3851,38,1717,7861.0,10177.0,24,1763,3742,6133,5254,6031,887,1717,9,41,41,72,22,35,89,72,72,61,46,52,171,249,282,414,159,115,122,170,6133,721,370,1717,1763
06037106520,441100,1863,1675,38,106,19,37,523,42,74,129,42,912,77,2745,923,5693,0.397,19,1435,5557.0,8519.0,0,1511,5193,5710,5452,5693,733,1435,98,13,63,36,25,56,0,113,94,87,99,82,101,253,151,180,131,184,130,132,5710,406,426,1435,1511
06037106603,808200,3501,3159,20,7,3,9,97,228,51,111,24,1094,94,1973,124,3642,0.3388,18,1191,8577.0,9285.0,7,1208,1032,3658,3422,3653,859,1191,83,51,170,38,47,33,59,87,72,47,35,48,48,124,118,90,82,123,119,65,3658,930,156,1191,1208
06037106604,518600,1670,2329,9,60,77,111,660,87,93,0,40,565,75,1886,435,4561,0.3838,110,1225,3716.0,6653.0,0,1241,4087,4572,3849,4397,728,1225,45,74,93,116,51,73,94,103,77,133,37,48,259,118,295,118,218,19,151,75,4572,263,277,1225,1241
06037106641,746500,2713,2431,4,0,0,11,83,84,65,70,36,685,70,1105,148,2271,0.4907,18,768,4793.0,5363.0,0,790,137,2271,2115,2236,471,768,9,43,21,56,71,17,4,24,59,59,33,53,124,49,62,76,61,40,68,34,2271,474,199,768,790
06037106642,657900,-666666666,2528,15,0,6,0,83,222,74,152,29,1061,94,1777,351,3277,0.4207,8,1144,6985.0,7560.0,0,1252,788,3294,3193,3214,672,1144,20,14,69,81,23,25,54,51,108,91,57,7,70,63,80,29,66,181,96,63,3294,741,303,1144,1252
06037106643,905400,2331,4001,0,13,54,13,142,148,112,66,180,1236,161,2229,53,4511,0.4134,0,1378,9851.0,10754.0,0,1464,593,4511,4304,4440,1064,1378,78,114,115,61,33,25,54,107,346,25,19,60,76,62,82,78,183,157,6,145,4511,945,282,1378,1464
06037106645,726300,3501,2789,0,0,10,11,154,116,93,110,92,1135,126,2042,207,4158,0.4191,27,1289,7729.0,8514.0,0,1346,918,4158,3959,4104,839,1289,36,29,81,59,40,59,43,75,200,91,52,53,113,114,154,140,161,107,95,63,4158,722,354,1289,1346
06037106646,608800,1185,2330,38,0,7,0,109,68,94,148,73,854,93,1456,184,2940,0.3265,22,963,5601.0,6201.0,0,1001,943,3028,2829,2992,512,963,33,15,97,65,15,53,31,98,69,75,42,109,68,54,84,22,111,32,87,46,3028,585,263,963,1001
06037106648,462600,1266,1525,51,39,74,38,586,22,68,34,25,425,53,2092,779,4242,0.3791,49,1011,2068.0,4665.0,74,1058,4115,4264,3992,4218,538,1011,38,25,69,21,38,17,31,35,76,44,52,0,163,121,166,232,169,129,101,154,4264,93,255,1011,1058
06037106649,583800,1845,2634,0,29,12,0,137,47,71,23,43,528,51,1457,192,2906,0.4086,49,665,3125.0,3909.0,0,697,2109,2916,2718,2888,446,665,28,49,49,25,11,0,35,26,43,4,39,138,140,131,137,65,14,119,59,22,2916,193,252,665,697
06037107010,461400,1742,1763,0,8,50,4,210,45,30,56,98,569,154,1656,220,3203,0.3215,15,779,3384.0,4384.0,0,800,3110,3243,3164,3237,440,779,0,10,87,20,5,19,20,6,24,45,12,58,86,84,96,52,69,95,66,160,3243,203,324,779,800
06037107020,438300,1711,2274,31,66,42,24,379,140,75,100,55,851,190,2748,894,5759,0.3767,29,1230,4941.0,6855.0,7,1280,5186,5759,5277,5701,751,1230,85,18,12,27,15,0,45,68,32,18,42,42,321,269,144,273,159,232,282,204,5759,246,493,1230,1280
06037108101,799300,3025,2517,26,16,7,5,124,87,87,58,37,649,62,1190,189,2303,0.3748,26,773,4744.0,5473.0,0,821,438,2303,2061,2276,538,773,64,28,67,62,21,33,26,27,79,71,48,81,50,79,51,11,38,45,28,4,2303,527,122,773,821
06037108102,711500,2156,2792,0,28,14,0,138,94,162,63,68,1010,173,1700,326,3320,0.4061,37,1148,6704.0,7465.0,0,1214,218,3327,3059,3325,704,1148,87,23,109,80,18,134,37,125,71,40,22,138,73,76,116,16,52,84,140,111,3327,738,224,1148,1214
06037108103,885800,3501,2792,0,0,0,0,73,50,113,101,31,927,62,1672,89,3082,0.4112,0,1000,7205.0,7645.0,28,1071,442,3082,2973,3019,793,1000,34,62,123,96,50,22,35,88,137,40,17,26,73,0,59,51,111,92,29,34,3082,703,219,1000,1071
06037108104,822200,3276,2173,0,30,39,0,74,56,65,17,32,501,16,751,19,1818,0.3544,4,575,3530.0,3939.0,0,599,151,1818,1670,1806,404,575,25,10,59,39,11,12,13,47,47,70,0,28,36,108,71,30,114,49,80,10,1818,363,106,575,599
06037108202,871800,2253,4001,62,15,60,88,992,252,218,202,260,1880,174,4425,151,8148,0.4726,45,2872,13169.0,17166.0,371,3260,689,8148,7230,8038,1808,2872,79,17,162,137,61,0,165,117,224,160,14,56,279,542,190,143,204,319,397,89,8148,1422,458,2872,3260
06037108203,716900,3372,3017,0,43,26,15,282,124,61,104,73,848,62,1653,89,3273,0.4033,25,1130,5724.0,7445.0,0,1209,216,3273,3019,3273,791,1130,55,155,73,74,50,30,45,84,80,77,31,21,23,73,170,93,41,50,119,66,3273,614,224,1130,1209
06037108204,765900,3293,2943,8,0,0,9,66,53,52,112,18,563,33,916,28,1893,0.3657,0,629,3487.0,3960.0,0,663,9,1893,1628,1893,410,629,7,36,37,50,6,0,7,37,44,12,30,7,36,149,62,39,13,134,62,35,1893,314,249,629,663
06037109100,428800,2068,1456,0,24,30,0,280,8,78,54,27,584,69,1186,159,2408,0.4472,21,864,3380.0,4511.0,0,933,1421,2647,2470,2633,303,864,28,42,46,56,37,89,36,57,118,66,88,190,94,64,56,39,69,50,38,23,2647,415,130,864,933
06037109200,585600,2476,2248,0,90,28,10,183,117,52,34,95,821,53,1544,74,2746,0.3165,0,1004,4541.0,5597.0,0,1124,1153,2746,2359,2746,407,1004,22,81,13,23,14,50,41,61,4,10,13,25,74,103,177,117,21,49,113,0,2746,525,247,1004,1124
06037109300,577700,2446,2296,3,8,15,8,136,69,74,97,40,823,83,1639,177,2895,0.3579,19,959,4879.0,5724.0,0,985,1321,2908,2758,2902,583,959,15,90,47,34,67,23,24,51,81,82,28,43,87,83,68,50,60,36,78,40,2908,592,197,959,985
06037109400,440900,1291,1198,94,11,48,3,411,81,85,8,39,740,62,2144,294,4037,0.3624,24,1151,4012.0,5600.0,37,1158,3254,4044,3758,4044,585,1151,16,36,32,86,49,33,74,61,46,112,61,0,9,127,38,107,80,154,52,176,4044,472,229,1151,1158
06037109500,516000,1539,1199,9,90,3,14,380,75,21,0,0,647,105,1994,936,4613,0.3772,4,1027,3842.0,5519.0,0,1051,4434,4720,4173,4694,637,1027,61,13,59,74,24,48,29,14,79,18,105,58,84,190,246,171,205,157,366,46,4720,313,206,1027,1051
06037109601,555500,3156,2073,7,10,0,32,129,54,209,80,142,1217,280,2501,210,4877,0.3646,47,1346,7287.0,8049.0,0,1346,3250,4877,4516,4854,722,1346,40,69,102,79,67,46,8,13,139,75,69,98,153,99,119,86,118,185,102,69,4877,704,402,1346,1346
06037109603,543800,1748,2160,9,41,50,48,518,40,128,0,54,781,107,2169,817,4233,0.5185,33,1299,4679.0,6628.0,0,1299,3015,4233,3808,4206,567,1299,50,76,33,53,112,0,0,59,23,61,122,13,155,34,53,91,240,123,103,133,4233,427,246,1299,1299
06037109604,536400,1283,2471,15,21,22,9,195,64,66,108,96,696,140,1897,276,3013,0.3807,11,891,3902.0,4565.0,0,920,2064,3013,2703,2954,494,891,35,44,18,8,35,6,56,35,28,21,71,114,53,69,57,66,90,75,112,59,3013,359,296,891,920
06037109700,600000,2333,2373,12,24,9,51,276,71,152,117,57,1175,166,2565,434,4735,0.3788,0,1451,7029.0,8520.0,0,1505,1824,4787,4510,4777,930,1451,149,96,40,23,27,19,104,119,110,106,54,95,221,72,178,83,124,112,65,31,4787,605,570,1451,1505
06037109800,582100,2235,2604,30,56,84,19,435,65,58,152,130,1084,153,2697,288,5151,0.3809,43,1519,6272.0,8319.0,7,1571,2655,5221,5053,5161,903,1519,87,101,24,106,18,166,75,97,251,50,101,103,253,249,94,45,99,139,196,69,5221,591,440,1519,1571
06037111100,591500,2389,2443,25,49,78,5,256,69,77,56,69,694,74,1713,172,3150,0.3536,76,950,4136.0,5461.0,0,989,1323,3156,2876,3117,514,950,38,54,45,16,22,20,26,58,42,32,21,74,79,72,99,31,91,58,110,70,3156,443,233,950,989
06037111201,674700,2452,2474,7,1,21,0,186,135,64,34,82,875,110,1773,174,3453,0.4681,9,1061,5894.0,7030.0,0,1115,1450,3459,3387,3406,719,1061,17,62,45,51,62,46,33,44,30,96,38,69,126,64,70,130,116,70,80,72,3459,582,259,1061,1115
06037111202,625700,2241,2321,234,121,48,8,637,15,73,187,121,1216,278,2901,252,5471,0.3744,45,1853,7287.0,10325.0,0,2018,1829,5593,5199,5559,1061,1853,95,29,96,26,42,83,10,24,74,157,72,85,175,240,188,120,68,50,130,177,5593,749,434,1853,2018
06037111204,850700,3335,2889,0,17,46,7,214,163,151,220,141,1653,137,3203,101,5897,0.383,12,1867,12248.0,13381.0,0,1945,1128,5909,5484,5862,1403,1867,48,164,155,77,106,50,69,158,175,84,138,82,127,88,186,97,107,134,241,107,5909,1204,449,1867,1945
06037111205,539800,2132,2259,49,72,212,40,697,54,77,61,66,630,120,2273,197,3905,0.356,9,1327,3705.0,6491.0,0,1351,779,3905,3717,3905,652,1327,35,62,53,71,23,48,63,73,64,7,57,37,33,189,243,62,119,134,72,66,3905,484,146,1327,1351
06037111206,720800,3501,2258,0,11,6,37,66,120,157,141,115,1357,76,2253,141,4351,0.4272,3,1423,9200.0,9716.0,0,1543,1142,4363,4093,4341,1004,1423,87,56,170,48,47,41,135,33,105,132,36,123,90,100,228,60,149,56,8,153,4363,957,365,1423,1543
06037111302,635700,1754,1861,42,62,98,87,1012,22,55,86,60,841,118,3062,673,5086,0.4864,53,1853,5634.0,9110.0,0,1887,1326,5253,4866,5179,819,1853,30,64,77,62,54,70,58,59,112,91,38,102,24,96,56,133,158,73,128,117,5253,597,234,1853,1887
06037111303,599000,1963,2589,19,77,36,44,584,56,44,129,84,862,146,2241,303,4823,0.3626,35,1446,5237.0,7999.0,39,1498,1319,4835,4735,4821,925,1446,20,30,103,14,51,36,41,23,53,31,15,80,175,169,161,414,181,178,138,105,4835,702,148,1446,1498
06037111304,-666666666,1386,-666666666,144,167,51,78,1213,0,0,0,45,45,65,1907,408,2752,0.438,0,1258,,,3,1403,1230,2752,2152,2752,445,1258,0,33,0,76,19,0,29,117,63,0,0,0,78,0,98,90,9,53,82,29,2752,15,30,1258,1403
06037111401,605100,2345,2357,0,38,0,0,164,115,26,20,41,517,27,1325,98,2353,0.2762,0,681,3433.0,4329.0,0,681,697,2353,2137,2339,320,681,6,21,76,55,29,14,15,105,63,14,50,18,167,57,25,41,48,43,17,108,2353,343,163,681,681
06037111402,591100,1402,1519,37,98,324,46,1708,20,47,7,14,506,274,3565,1384,6440,0.5174,101,2214,2967.0,8289.0,0,2214,2997,6535,5898,6472,745,2214,52,43,79,25,39,103,49,78,32,104,187,295,63,53,304,35,89,354,193,66,6535,349,149,2214,2214
06037113101,690500,3109,2371,32,34,0,6,194,69,80,55,83,956,118,1883,296,3590,0.3821,23,1150,6589.0,7737.0,0,1203,653,3590,3308,3590,811,1150,9,21,26,121,94,38,40,55,94,95,63,315,83,40,109,37,45,69,58,36,3590,695,253,1150,1203
06037113102,945000,3344,3267,6,3,0,0,48,89,120,80,33,909,79,1454,119,2770,0.4639,8,957,7467.0,7879.0,11,1007,507,2783,2523,2751,669,957,12,16,76,46,75,43,23,49,86,72,30,84,53,37,109,70,28,58,53,14,2783,725,184,957,1007
06037113211,542600,2208,2276,0,130,40,96,447,86,228,61,74,1239,91,2320,238,4222,0.3945,37,1686,8057.0,11090.0,0,1725,611,4264,3874,4244,995,1686,28,104,92,74,54,10,110,155,59,95,80,120,82,97,1,161,113,91,28,188,4264,952,257,1686,1725
06037113212,602500,2120,2321,27,10,66,5,418,42,76,105,9,539,83,1812,214,2891,0.3925,7,957,3195.0,4980.0,0,979,852,2998,2614,2982,471,957,9,35,51,46,129,17,32,62,64,72,33,90,40,65,60,85,50,136,0,64,2998,404,135,957,979
06037113213,580900,1852,2563,63,52,120,46,622,133,99,119,140,1092,53,3179,259,5519,0.3632,15,1714,6796.0,9561.0,0,1760,1864,5652,5266,5617,891,1714,66,48,45,43,62,55,27,113,139,61,81,53,117,213,113,66,99,180,262,178,5652,592,443,1714,1760
06037113231,769700,1950,2368,17,10,51,0,123,67,77,27,46,745,105,1281,117,2275,0.4117,10,868,5343.0,5983.0,47,908,183,2275,1954,2267,607,868,19,22,54,73,50,12,34,36,86,48,75,4,69,72,71,35,46,17,90,22,2275,626,100,868,908
06037113232,699000,1916,2822,0,0,58,23,273,243,111,119,117,1219,116,2431,270,4290,0.4031,5,1492,8401.0,9720.0,111,1519,717,4394,4186,4368,852,1492,100,69,146,92,51,43,84,21,103,102,45,65,43,166,21,131,168,129,56,103,4394,868,343,1492,1519
06037113234,297200,1404,1157,139,22,182,88,834,68,54,76,51,775,203,2648,655,5381,0.5331,74,1609,4520.0,7372.0,24,1726,3034,5400,4697,5371,721,1609,0,86,82,124,28,10,50,44,182,115,28,57,157,257,275,105,275,151,181,54,5400,548,218,1609,1726
06037113235,563700,2258,2067,0,26,30,48,190,57,25,59,33,430,79,994,203,1699,0.465,0,620,2568.0,3471.0,0,702,424,1699,1585,1677,303,620,11,36,41,11,0,0,36,33,77,5,29,0,31,95,90,31,47,30,12,16,1699,332,80,620,702
06037113237,781300,2005,3672,88,53,39,11,483,58,178,185,58,1110,121,2506,316,4924,0.4221,6,1593,8260.0,10073.0,142,1670,1377,5004,4428,4857,992,1593,29,88,129,57,36,32,72,87,233,44,57,195,162,60,202,176,253,90,32,129,5004,681,419,1593,1670
06037113238,381600,1494,2311,94,153,94,106,995,48,75,17,0,414,35,2706,455,4281,0.4298,89,1409,2160.0,5409.0,57,1555,2487,4313,3759,4313,592,1409,56,26,23,0,44,0,14,0,22,0,39,56,0,95,64,0,32,89,343,128,4313,210,122,1409,1555
06037113239,125900,1487,1068,37,0,25,193,668,0,10,0,0,210,77,1345,292,2183,0.3268,16,878,1129.0,3645.0,0,908,1412,2183,1950,2140,276,878,42,14,22,109,0,0,35,25,58,27,42,39,64,55,31,65,75,67,13,51,2183,140,70,878,908
06037113301,873600,2500,3331,12,63,23,99,694,30,12,47,57,672,129,1858,300,3939,0.4888,10,1366,5378.0,7975.0,224,1571,644,3972,3431,3860,736,1366,22,35,96,57,52,120,57,16,71,86,48,147,163,131,66,138,117,74,109,30,3972,549,123,1366,1571
06037113303,585200,2379,2040,3,34,15,29,184,99,98,76,72,1081,110,1993,305,3677,0.4107,50,1265,6665.0,7543.0,16,1276,1076,3779,3356,3774,724,1265,15,85,101,55,0,89,82,79,102,111,39,104,126,58,85,126,93,132,56,34,3779,761,286,1265,1276
06037113322,670700,1914,2269,11,130,0,41,427,77,124,87,36,1134,65,2323,305,4650,0.3817,19,1561,7827.0,9572.0,0,1571,1297,4680,4551,4669,951,1561,112,127,49,52,71,15,43,151,66,113,28,81,106,190,111,178,141,167,40,63,4680,928,198,1561,1571
06037113323,461100,1805,2393,149,173,71,163,1115,35,0,66,0,396,337,2783,396,4029,0.355,75,1511,2320.0,6472.0,0,1563,1592,4029,3550,3969,464,1511,65,46,16,17,0,17,29,14,28,17,42,36,37,46,128,29,76,115,130,81,4029,358,30,1511,1563
06037113324,366400,1672,2219,176,78,352,81,851,24,0,46,0,150,37,1398,121,2844,0.2738,0,1001,761.0,3595.0,0,1053,1714,2844,2684,2832,546,1001,35,19,0,0,0,0,15,12,0,0,47,0,156,223,210,49,88,250,0,9,2844,145,5,1001,1053
06037113423,578800,1869,2466,0,9,62,10,185,28,174,78,52,684,112,1479,263,3017,0.3525,0,869,3918.0,4718.0,29,869,1721,3017,2626,2954,578,869,12,64,35,17,0,0,21,90,9,7,21,12,61,116,10,59,273,143,66,100,3017,346,338,869,869
06037113424,609900,1949,2394,6,0,60,28,374,57,186,74,37,691,56,1852,469,3454,0.4054,17,1065,4575.0,6056.0,243,1257,1536,3493,3075,3448,464,1065,79,25,15,59,9,65,44,14,62,106,37,188,179,247,42,58,12,0,37,77,3493,441,205,1065,1257
06037113425,409700,1801,1845,43,136,147,164,1300,0,8,0,25,65,165,2511,587,4407,0.3005,98,1365,290.0,5277.0,51,1374,2836,4407,3716,4334,556,1365,7,60,50,8,0,3,48,12,49,19,13,0,207,155,196,87,96,184,253,114,4407,57,8,1365,1374
06037113426,611400,1414,2135,8,50,63,0,407,32,41,40,44,341,80,1169,390,2414,0.4204,0,748,2085.0,3999.0,0,755,889,2414,2237,2393,432,748,8,60,45,39,10,16,34,112,36,42,63,68,159,19,52,16,76,30,23,39,2414,189,149,748,755
06037113427,367500,1458,1895,55,113,113,94,657,16,0,14,67,229,36,1237,147,1770,0.3639,38,886,1287.0,3277.0,0,981,642,1770,1447,1770,275,886,0,0,63,13,0,0,14,0,102,0,0,31,38,63,58,16,25,30,31,0,1770,180,49,886,981
06037113428,572500,2736,2389,0,17,0,71,197,42,119,21,61,910,274,2436,415,4196,0.4852,30,1107,5930.0,6982.0,0,1107,1346,4237,3931,4218,765,1107,57,27,104,26,16,91,43,89,50,54,13,38,99,117,257,99,164,59,27,43,4237,466,372,1107,1107
06037115101,883500,-666666666,2740,0,0,0,31,200,214,90,124,16,1704,117,2686,428,4932,0.4528,34,1904,13304.0,14463.0,27,2003,1072,4932,4771,4932,1059,1904,94,71,118,68,67,55,73,37,147,146,49,170,10,123,118,31,100,160,181,78,4932,1421,283,1904,2003
06037115103,-666666666,1656,-666666666,0,0,4,0,11,0,0,0,0,0,281,1278,21,45,0.4113,0,11,-666666666.0,51.0,0,11,1068,3181,1812,3181,0,11,0,0,0,0,0,0,0,0,0,0,0,4,0,0,0,18,0,0,0,70,3181,0,0,11,11
06037115104,479800,1603,2160,125,51,94,126,1584,41,72,29,74,597,155,2917,1169,4584,0.5178,21,2181,3725.0,7774.0,35,2300,1168,4619,3532,4619,493,2181,48,50,41,12,45,17,32,43,27,32,69,52,82,24,46,63,0,72,131,9,4619,448,132,2181,2300
06037115202,578200,1990,1723,44,147,64,69,1093,64,35,80,114,1005,278,4345,1037,6387,0.3993,65,2098,6101.0,10437.0,0,2153,3054,6393,5366,6366,812,2098,183,44,69,60,38,21,57,35,48,76,35,67,59,159,72,25,91,99,118,21,6393,668,322,2098,2153
06037115203,871400,1725,3779,63,162,125,21,806,4,0,29,12,251,0,1699,387,2652,0.4863,0,1057,2284.0,5126.0,0,1170,1082,2652,2049,2552,383,1057,0,35,15,18,21,12,0,107,49,46,26,0,0,142,67,0,224,0,42,59,2652,202,49,1057,1170
06037115204,597700,1767,2004,231,104,54,70,1158,21,99,25,44,434,134,2133,628,4014,0.3804,13,1592,2539.0,6712.0,0,1787,782,4054,3545,3990,416,1592,0,39,71,64,0,22,0,56,118,48,65,0,197,101,31,16,23,61,87,36,4054,278,156,1592,1787
06037115301,685500,2077,2902,90,80,91,0,838,69,48,128,147,818,50,2218,353,4596,0.436,0,1656,5874.0,8555.0,88,1798,915,4648,3937,4618,836,1656,92,17,49,86,60,93,120,54,72,120,60,64,130,229,128,95,58,137,46,105,4648,591,202,1656,1798
06037115302,594400,1544,2231,21,66,55,52,745,28,55,61,11,351,121,2060,910,3835,0.4224,35,1096,2286.0,5382.0,0,1114,2822,3835,3595,3781,488,1096,25,21,59,52,5,0,42,35,65,69,3,27,119,116,143,78,124,133,89,54,3835,236,102,1096,1114
06037115401,720900,1414,2441,124,62,149,97,1245,48,66,64,47,657,146,3079,1037,6152,0.4808,23,1902,4598.0,9372.0,0,2060,2850,6185,5469,6101,1123,1902,51,28,91,31,70,8,15,49,100,84,77,59,162,203,244,189,151,203,222,170,6185,397,218,1902,2060
06037115403,602200,1372,2884,65,76,107,86,756,18,43,37,12,287,46,1796,975,3597,0.4171,23,1043,1858.0,4428.0,0,1079,2167,3597,3373,3540,599,1043,66,8,37,23,2,37,3,24,60,0,35,13,173,179,125,42,224,182,72,20,3597,144,135,1043,1079
06037115404,581600,1699,2091,35,35,60,29,494,24,31,11,21,368,142,1624,429,2878,0.428,39,862,2156.0,4006.0,7,910,1367,2897,2593,2871,450,862,25,26,36,5,51,2,19,14,38,16,38,7,73,52,164,17,78,79,92,13,2897,204,151,862,910
06037117101,477300,1462,2572,26,34,71,21,444,173,109,99,102,1003,143,2721,605,5094,0.366,32,1447,5576.0,7162.0,9,1506,1901,5094,4717,5003,698,1447,5,13,28,44,25,0,17,112,12,68,0,6,82,187,99,201,131,244,162,127,5094,474,477,1447,1506
06037117102,557600,1895,2067,22,16,38,13,232,71,54,70,57,584,101,1464,250,2692,0.4106,37,816,3274.0,4317.0,0,842,1704,2745,2644,2718,433,816,56,14,49,51,27,23,18,23,97,53,27,3,95,67,121,39,84,33,85,3,2745,303,232,816,842
06037117201,525700,1377,2082,75,58,21,116,783,15,0,26,20,408,207,2285,1305,4994,0.4731,121,1191,2358.0,5332.0,0,1280,3566,5126,4659,5021,654,1191,8,53,33,31,10,49,25,67,39,57,12,25,206,193,204,137,282,155,226,113,5126,186,188,1191,1280
06037117202,595100,586,2135,41,0,8,22,266,56,35,101,93,672,227,1352,185,2830,0.4561,28,938,4117.0,4918.0,55,953,1182,2857,2556,2818,451,938,43,56,131,39,51,15,44,101,100,27,51,62,133,15,95,32,77,48,36,47,2857,360,262,938,953
06037117301,611400,3133,2549,10,19,17,27,240,144,86,54,78,862,150,1988,101,3679,0.361,58,1102,5391.0,6933.0,7,1169,1325,3679,3151,3672,635,1102,48,43,68,40,26,22,107,89,92,26,8,57,93,109,66,24,116,102,119,25,3679,501,361,1102,1169
06037117302,605500,1733,2197,17,56,20,22,335,129,98,128,65,1266,157,2498,292,4926,0.3701,54,1601,8200.0,9710.0,0,1716,1141,4932,4375,4921,989,1601,59,66,56,44,75,62,53,131,126,115,30,160,131,116,215,119,106,239,85,118,4932,834,432,1601,1716
06037117303,599000,1908,2256,0,0,0,16,176,152,178,75,44,996,76,2077,586,4357,0.3906,34,1172,6318.0,7365.0,0,1194,2314,4369,4318,4369,779,1172,108,20,133,5,0,53,35,142,129,97,58,34,42,114,127,54,218,155,195,19,4369,517,414,1172,1194
06037117404,628200,2772,2217,9,42,7,51,353,56,229,72,30,1039,144,3088,428,5600,0.4127,42,1392,6808.0,8381.0,43,1399,2589,5646,4653,5589,799,1392,64,120,34,58,43,8,34,110,59,61,82,54,157,192,71,37,270,189,134,236,5646,568,454,1392,1399
06037117405,274200,1397,1645,20,57,107,105,812,0,0,26,6,61,47,1732,1212,3356,0.3643,81,873,284.0,3376.0,0,920,3177,3421,3048,3400,319,873,6,1,17,9,8,0,6,22,24,16,14,0,97,199,134,86,137,157,243,58,3421,29,32,873,920
06037117407,-666666666,1321,-666666666,53,78,130,56,989,0,0,3,0,3,187,1794,1219,3707,0.3486,64,992,,,0,1023,3505,3715,3427,3681,451,992,33,17,0,0,0,0,3,20,36,0,0,0,247,180,191,116,111,267,168,49,3715,3,0,992,1023
06037117408,439100,1262,3023,21,45,65,79,650,0,8,0,8,85,69,1307,1010,2803,0.4296,66,735,530.0,2441.0,0,758,2060,2803,2588,2762,290,735,0,36,0,14,9,15,73,14,12,0,19,21,166,172,130,38,121,98,104,134,2803,46,35,735,758
06037117510,348200,1598,2279,65,76,44,86,861,30,9,8,20,132,34,1792,764,3661,0.5939,91,993,754.0,4123.0,0,1092,2928,3661,3022,3610,637,993,0,7,12,46,13,13,20,13,34,26,34,0,202,162,195,52,135,154,97,107,3661,65,44,993,1092
06037117520,375700,1390,1563,84,111,31,80,917,14,0,26,10,165,194,2173,1356,4196,0.4083,65,1082,905.0,4155.0,72,1116,3487,4226,3807,4158,439,1082,16,4,39,12,10,6,21,16,40,13,0,28,207,222,187,98,192,108,153,155,4226,50,84,1082,1116
06037117530,379900,1320,1875,86,142,115,75,1352,36,44,55,28,331,357,3374,1381,6208,0.4514,138,1683,1916.0,6470.0,6,1715,4976,6231,5687,6085,751,1683,42,23,39,27,19,26,72,54,35,76,22,46,203,200,212,233,315,277,172,201,6231,121,171,1683,1715
06037119001,497700,2289,1869,34,10,26,0,197,20,85,100,69,831,123,2710,459,4583,0.3327,47,1028,4511.0,5532.0,0,1039,3141,4583,4002,4527,653,1028,75,37,66,27,72,4,67,31,117,55,8,32,141,168,125,99,62,70,151,107,4583,202,464,1028,1039
06037119003,467200,2000,2140,45,0,40,7,196,78,117,44,106,679,169,2385,284,4387,0.3289,26,875,3575.0,4374.0,0,895,3843,4425,4179,4380,632,875,11,25,61,31,79,4,27,41,34,110,26,11,132,64,164,75,37,263,194,90,4425,187,247,875,895
06037119004,531100,1567,2230,24,27,82,8,282,34,45,8,96,492,124,1776,152,3331,0.3648,17,774,3268.0,4299.0,0,818,2840,3353,3260,3331,457,774,0,8,72,19,22,16,0,19,31,50,34,116,81,124,115,39,151,182,82,50,3353,111,318,774,818
06037119201,493900,2164,1800,22,6,0,17,173,24,87,72,72,688,308,2263,787,4406,0.3941,41,861,3844.0,4829.0,0,875,3861,4426,4329,4421,524,861,72,12,37,22,16,51,59,28,27,39,80,76,30,74,159,53,261,98,145,134,4426,249,211,861,875
06037119202,457200,1306,2052,25,30,9,30,267,27,121,55,108,841,93,2518,553,4756,0.2761,31,1108,4734.0,5560.0,0,1108,4374,4756,4237,4756,558,1108,101,13,38,37,24,22,24,27,106,74,81,16,29,48,139,123,189,187,94,99,4756,311,335,1108,1108
06037119310,358000,1505,1680,30,0,99,52,601,103,50,43,4,676,114,2553,530,4155,0.4397,42,1277,3191.0,5596.0,0,1288,2540,4297,3624,4248,508,1277,33,41,73,89,43,13,39,130,113,65,44,57,143,132,78,68,52,142,92,19,4297,279,350,1277,1288
06037119320,416700,1702,2345,96,98,98,60,878,41,28,30,37,373,237,2898,342,4735,0.361,16,1251,2137.0,5337.0,0,1251,3423,4735,4124,4721,562,1251,32,51,38,0,0,0,49,21,60,26,81,11,121,194,149,100,139,152,215,97,4735,130,188,1251,1251
06037119340,-666666666,1293,-666666666,72,80,66,57,1041,0,0,0,0,9,152,1921,1521,4031,0.4555,75,1050,,,0,1095,3662,4031,3823,3984,448,1050,0,0,9,9,6,0,0,26,0,8,8,65,194,167,323,29,129,400,147,91,4031,9,0,1050,1095
06037119341,378200,1424,1556,31,49,39,83,569,14,31,33,21,288,150,1600,394,2825,0.5477,38,857,1625.0,3846.0,0,881,1835,2825,2663,2823,408,857,17,59,31,33,76,47,75,26,86,82,18,7,39,124,42,40,78,53,72,24,2825,121,153,857,881
06037119342,334300,1676,1742,21,36,12,52,395,48,22,56,39,390,130,1698,407,3009,0.3826,43,785,2076.0,3848.0,7,822,2273,3009,2885,2985,419,785,0,13,63,6,4,0,11,31,33,3,20,0,104,143,143,127,37,126,91,82,3009,149,231,785,822
06037119400,487800,2051,1971,19,0,16,0,191,66,161,142,77,976,94,2730,610,5552,0.3967,48,1167,5806.0,6750.0,12,1177,4458,5564,5326,5508,760,1167,37,9,50,46,33,10,48,10,93,102,130,68,24,189,174,159,210,223,181,103,5564,310,431,1167,1177
06037119700,574600,1706,1873,8,0,21,22,204,89,34,145,56,1125,111,2844,368,4775,0.3893,18,1329,6559.0,7336.0,48,1377,1997,4925,4821,4890,743,1329,53,96,36,50,32,54,110,90,42,34,39,86,287,85,140,95,0,129,29,94,4925,652,304,1329,1377
06037119801,468800,2350,1982,5,0,0,0,17,89,44,63,21,617,43,1490,155,2641,0.3,0,634,3530.0,3635.0,0,653,1738,2648,2560,2642,445,634,13,15,33,5,0,47,25,124,11,0,24,30,56,62,96,58,40,54,81,99,2648,275,231,634,653
06037119802,489000,1969,1985,0,17,44,21,262,18,28,91,60,557,125,1622,786,3333,0.3682,35,819,3182.0,4325.0,0,831,2509,3340,3257,3340,494,819,26,42,27,76,0,0,0,78,57,86,0,0,18,102,85,87,20,129,95,138,3340,198,279,819,831
06037119900,467000,1741,1963,0,22,20,26,234,83,153,56,60,1062,182,2742,377,5101,0.3667,6,1296,5763.0,6750.0,0,1336,3638,5123,4938,5062,744,1296,48,43,113,10,30,56,48,10,198,38,74,25,85,123,129,187,91,120,162,92,5123,471,420,1296,1336
06037120010,467600,1405,1917,15,26,48,55,417,80,35,27,5,360,171,1691,264,2791,0.3821,24,777,1779.0,3293.0,79,777,2149,2796,2629,2785,400,777,40,26,0,0,5,0,32,29,25,5,0,16,76,100,132,53,62,44,72,75,2796,131,165,777,777
06037120020,492000,1209,2202,77,35,132,60,1076,0,0,24,15,148,268,2143,1205,3830,0.49,136,1224,792.0,4202.0,0,1239,2768,3872,3674,3787,623,1224,127,68,14,0,0,0,39,27,16,51,0,15,118,173,163,122,157,69,73,35,3872,40,75,1224,1239
06037120030,484500,1131,2838,61,51,83,36,656,0,0,5,0,49,71,1237,640,2500,0.4239,92,705,283.0,2591.0,0,731,2174,2500,2331,2482,297,705,5,0,40,46,6,0,7,36,76,0,0,0,76,88,117,68,101,86,123,23,2500,9,28,705,731
06037120103,440600,1316,1400,32,55,65,57,796,0,32,0,0,66,199,1620,1353,3320,0.4228,58,862,348.0,3002.0,0,872,3167,3376,3068,3326,337,862,20,26,10,13,5,0,36,0,33,34,0,0,99,115,265,70,188,286,123,79,3376,33,19,862,872
06037120104,441500,1477,1580,37,69,107,51,690,4,7,4,0,83,80,1129,412,2243,0.4184,27,773,468.0,2706.0,4,812,1445,2243,2119,2229,282,773,23,33,6,11,23,0,37,83,25,0,0,56,83,116,130,23,23,46,71,29,2243,31,39,773,812
06037120105,452400,1056,2138,61,23,62,116,627,52,18,14,35,234,59,1407,685,2689,0.4756,57,861,1287.0,3484.0,0,877,2066,2694,2623,2694,320,861,35,17,47,17,9,23,50,13,131,43,28,49,66,73,84,108,56,101,33,39,2694,103,118,861,877
06037120106,-666666666,1274,997,69,46,103,227,983,4,23,0,26,310,242,2319,1119,4398,0.4436,18,1293,1230.0,4492.0,49,1349,3617,4519,4263,4501,517,1293,10,221,30,10,20,10,38,32,39,10,0,37,180,145,284,145,122,75,166,132,4519,227,66,1293,1349
06037120107,407700,1330,1615,46,95,142,149,1070,8,6,4,0,56,208,1907,1207,4009,0.455,60,1126,257.0,3605.0,12,1136,3488,4060,3233,3908,459,1126,6,20,41,7,15,8,36,41,48,17,0,8,280,187,220,75,215,138,183,118,4060,27,19,1126,1136
06037120108,316000,1331,1803,32,84,110,72,991,38,31,33,55,416,151,2673,1194,4532,0.4836,30,1407,2102.0,5825.0,0,1457,3647,4592,4312,4555,465,1407,91,17,17,68,0,0,78,46,25,64,0,47,132,186,158,70,112,223,94,90,4592,176,235,1407,1457
06037120300,474700,1242,2021,0,37,53,86,461,139,32,34,82,957,184,2785,745,5066,0.3856,145,1418,5214.0,7213.0,0,1521,2781,5066,4776,4998,908,1418,40,43,84,31,0,17,17,113,33,63,65,100,164,115,124,123,72,191,162,42,5066,338,436,1418,1521
06037120400,496400,1438,1805,89,191,178,163,1390,0,202,116,15,730,333,3782,283,6424,0.3739,15,2120,3948.0,8533.0,11,2120,3647,6533,5758,6457,798,2120,8,12,48,25,102,35,17,178,63,32,25,143,146,215,193,60,183,244,216,107,6533,310,354,2120,2120
06037121010,548100,1952,2479,28,32,37,116,449,100,51,66,43,809,188,2656,553,4737,0.464,138,1258,4565.0,6394.0,10,1297,2746,4737,4500,4713,661,1258,39,49,64,26,72,18,71,99,3,54,68,70,131,31,110,59,49,192,125,104,4737,307,387,1258,1297
06037121020,573700,1430,2082,66,59,3,79,492,26,113,15,37,600,166,2008,498,3679,0.4456,17,1092,3376.0,5251.0,15,1159,2313,3701,3395,3691,545,1092,23,15,92,28,10,7,40,37,76,42,5,20,118,37,109,71,70,97,109,83,3701,325,192,1092,1159
06037121101,492400,1346,2088,103,111,56,11,565,63,46,32,54,369,55,1673,330,3128,0.4225,75,934,2105.0,3897.0,7,1021,2220,3128,2867,3118,402,934,8,38,49,5,8,15,4,28,28,38,4,7,111,83,58,35,89,76,99,45,3128,118,217,934,1021
06037121102,542800,2130,2212,22,10,38,13,334,25,42,32,18,455,51,1101,249,2206,0.4861,18,789,2518.0,3899.0,1,831,1126,2247,2101,2233,302,789,16,27,26,37,38,15,16,91,27,46,65,26,10,45,100,19,38,73,67,54,2247,297,112,789,831
06037121210,495600,1181,1771,43,16,32,60,254,76,28,75,16,563,46,1392,103,2936,0.3805,14,817,3235.0,4326.0,0,861,2222,3077,2768,3040,471,817,46,61,74,27,29,51,96,71,74,78,10,41,65,41,135,37,46,86,91,16,3077,309,140,817,861
06037121221,522000,1656,2190,9,49,41,0,159,18,19,32,35,339,80,1373,194,2379,0.4179,14,498,2092.0,2726.0,0,539,1930,2379,2289,2379,278,498,19,56,46,11,0,12,48,48,26,10,0,5,44,45,77,48,89,39,40,46,2379,108,195,498,539
06037121222,556000,1579,1418,22,150,86,150,746,27,22,51,25,444,171,2351,945,4681,0.4341,3,1190,2636.0,5697.0,0,1252,4007,4688,4594,4651,589,1190,11,31,87,0,32,0,0,137,41,13,0,37,245,117,194,90,62,153,111,97,4688,160,221,1190,1252
06037121600,581500,2231,1899,0,4,41,6,135,20,91,141,43,715,100,1390,493,2825,0.4177,8,850,4316.0,5003.0,0,879,874,2838,2644,2824,363,850,19,52,51,33,33,37,40,31,60,39,52,14,32,156,11,35,31,97,65,65,2838,400,290,850,879
06037121801,545400,1377,1688,51,41,47,18,741,32,14,27,41,345,149,1638,333,3089,0.394,45,1086,1827.0,3877.0,9,1282,2479,3165,2874,3101,521,1086,11,40,26,6,65,0,0,30,62,0,6,10,94,116,168,64,13,106,170,77,3165,134,175,1086,1282
06037121802,547600,1250,2390,0,14,52,32,244,38,29,58,43,497,85,1311,622,3067,0.422,11,741,2687.0,3751.0,16,799,1954,3088,2612,3083,355,741,61,8,61,26,20,6,36,23,54,66,19,0,71,100,77,28,132,101,71,35,3088,188,244,741,799
06037121900,583500,1416,1754,8,44,124,26,553,11,15,0,80,441,140,1749,587,3639,0.418,114,994,2401.0,4562.0,25,1183,3005,3686,3102,3642,432,994,0,20,65,0,15,10,24,44,91,81,17,0,65,137,98,38,81,189,151,104,3686,200,206,994,1183
06037122000,572700,1794,2122,33,42,13,46,453,105,76,53,38,1148,283,2806,468,5390,0.5556,48,1601,6495.0,8274.0,41,1631,2300,5390,5228,5390,717,1601,55,29,146,14,24,26,27,191,220,72,147,77,142,252,66,48,31,107,288,163,5390,668,389,1601,1631
06037122120,516600,1559,1672,54,48,54,21,516,10,53,18,52,620,193,2359,682,4740,0.4023,64,1136,3383.0,5598.0,0,1189,3816,4772,4563,4713,616,1136,67,77,53,16,22,13,79,37,49,56,34,0,37,300,168,94,98,180,159,132,4772,247,282,1136,1189
06037122121,457800,1273,1838,14,62,40,70,442,36,38,26,0,316,54,1396,568,2898,0.391,49,758,1805.0,3229.0,0,794,2298,2909,2653,2900,440,758,19,29,58,20,6,0,27,47,19,24,0,10,43,86,112,74,98,127,157,59,2909,86,166,758,794
06037122122,408100,1448,1961,27,4,7,119,493,0,3,0,0,151,51,1092,680,2641,0.3881,24,644,760.0,2711.0,0,656,2519,2644,2606,2622,310,644,9,49,18,13,14,0,32,12,37,0,17,35,51,190,82,50,179,43,110,89,2644,40,69,644,656
06037122200,491100,1538,1726,44,0,45,90,455,59,31,47,39,429,75,1729,477,3542,0.4067,66,884,2290.0,4102.0,0,941,2640,3542,3402,3509,548,884,41,53,54,14,17,15,66,26,15,52,18,7,80,50,133,122,131,121,142,38,3542,134,233,884,941
06037122410,391700,1260,-666666666,129,82,94,87,933,0,6,0,14,204,106,1622,788,3356,0.5431,95,1137,1075.0,3946.0,70,1167,2803,3471,3123,3379,404,1137,38,91,15,28,13,0,9,31,41,32,22,64,138,145,154,114,91,139,76,68,3471,118,40,1137,1167
06037122420,540600,1402,1628,113,93,29,116,921,20,47,34,11,452,139,2514,578,5020,0.4687,161,1373,2432.0,5442.0,19,1373,3976,5029,4800,5029,583,1373,27,77,27,0,0,20,17,0,82,78,45,5,49,145,175,160,121,114,204,169,5029,172,183,1373,1373
06037123010,499600,1229,1848,38,59,0,69,670,41,29,10,5,355,56,1642,758,3897,0.465,44,1025,1987.0,4518.0,0,1066,3308,3911,3662,3898,389,1025,14,65,30,51,0,22,40,63,73,0,27,37,127,152,221,145,82,83,211,139,3911,126,196,1025,1066
06037123020,426300,1286,1404,0,94,5,0,273,27,82,17,40,485,135,1670,244,2979,0.4453,12,758,2757.0,3747.0,0,770,2713,3028,2882,3021,384,758,60,19,72,37,5,38,54,33,35,34,22,20,96,57,123,81,37,66,100,34,3028,186,227,758,770
06037123103,539600,1457,1989,82,201,32,80,1043,54,55,61,0,554,200,2507,506,3774,0.4199,136,1597,2727.0,5764.0,20,1710,2038,3816,3451,3783,438,1597,0,53,42,8,0,0,0,17,113,9,26,63,68,63,113,65,0,65,134,128,3816,357,147,1597,1710
06037123104,638300,1269,2520,44,51,62,85,1067,122,25,23,49,545,116,2781,829,4783,0.4352,96,1612,2920.0,6258.0,0,1823,2674,4848,4566,4848,851,1612,63,12,70,21,28,19,53,53,79,25,24,10,154,192,204,22,154,110,135,64,4848,239,254,1612,1823
06037123203,608100,1352,2797,72,98,133,62,861,33,0,0,30,151,6,1465,591,3446,0.3637,93,1012,747.0,3313.0,20,1058,2669,3446,3154,3408,416,1012,44,18,9,0,11,0,9,15,41,10,12,53,92,148,82,102,143,167,107,52,3446,45,65,1012,1058
06037123204,605800,1426,2147,54,113,169,96,844,5,20,12,14,194,254,2087,853,3476,0.3916,57,1038,953.0,3695.0,0,1104,2706,3508,3251,3487,345,1038,6,12,25,29,13,0,0,4,34,14,7,10,44,71,56,37,98,119,140,29,3508,106,59,1038,1104
06037123205,491800,1402,2152,50,33,63,25,584,8,28,7,33,171,164,1445,768,2697,0.4883,112,755,1073.0,2986.0,0,800,1950,2716,2554,2650,353,755,16,6,26,36,0,0,0,40,33,20,6,0,56,80,76,137,160,97,52,27,2716,95,61,755,800
06037123206,475500,1162,2051,14,104,74,25,633,49,0,0,3,187,151,1218,654,2323,0.5103,66,820,1006.0,2725.0,4,878,1836,2323,2201,2273,294,820,0,54,29,6,31,0,47,16,33,17,32,30,45,85,66,4,91,77,30,16,2323,108,71,820,878
06037123301,477600,1740,1560,124,43,36,192,1011,61,42,119,0,628,126,2605,754,4434,0.4859,57,1639,3553.0,6925.0,60,1741,1740,4467,3770,4389,636,1639,44,79,16,38,43,0,57,147,119,43,55,66,72,127,42,0,178,75,145,18,4467,409,186,1639,1741
06037123303,586900,1554,1785,55,88,43,80,613,13,23,35,22,262,134,1568,578,2846,0.4472,49,875,1525.0,3794.0,0,917,1638,2860,2676,2860,394,875,27,59,19,7,21,26,31,3,55,42,60,9,101,62,42,19,45,84,93,53,2860,104,158,875,917
06037123304,633200,1378,1524,58,84,95,153,1383,65,9,2,14,425,143,1952,1092,4581,0.475,52,1808,2241.0,6635.0,25,1872,2060,4581,4363,4581,842,1808,50,80,40,166,79,23,86,122,195,104,142,170,178,127,152,95,0,71,139,105,4581,292,120,1808,1872
06037123410,595600,1387,-666666666,38,61,95,71,903,33,0,10,0,297,156,2073,540,3784,0.4475,53,1200,1504.0,4756.0,0,1285,1401,3861,3493,3825,633,1200,66,30,29,19,0,10,15,29,52,7,28,27,98,162,40,0,187,80,217,49,3861,124,145,1200,1285
06037123420,588200,1215,2417,35,59,119,48,1142,35,94,84,45,507,190,2755,1166,5015,0.4837,166,1649,2884.0,7032.0,0,1668,2873,5015,4488,4971,799,1649,48,59,27,69,27,0,52,52,177,22,25,0,185,199,97,91,79,181,234,51,5015,291,211,1649,1668
06037123510,672300,1314,2979,90,70,137,118,1247,90,68,0,0,425,195,2763,1058,5071,0.522,92,1672,2690.0,6931.0,52,1723,2662,5200,4806,5180,660,1672,34,45,44,14,16,15,64,85,116,40,52,96,94,144,85,107,129,217,194,135,5200,267,130,1672,1723
06037123520,645400,1318,2091,44,37,22,32,518,27,10,28,9,254,159,1333,736,2799,0.4722,49,772,1486.0,3276.0,10,810,1610,2799,2599,2743,433,772,7,73,24,4,18,23,32,32,32,86,0,10,52,72,109,78,146,114,60,23,2799,119,98,772,810
06037123601,647400,1405,2144,80,125,51,70,1150,38,133,145,54,766,204,2606,820,4849,0.4925,118,1916,4304.0,8180.0,0,1987,1595,4961,4468,4890,813,1916,23,75,65,52,43,37,103,72,112,50,50,172,305,142,156,110,90,65,164,41,4961,489,261,1916,1987
06037123602,796400,1416,2458,31,52,40,65,790,29,51,30,70,500,131,1818,940,3435,0.5601,16,1290,3132.0,6021.0,0,1320,993,3435,3159,3422,579,1290,88,21,60,9,0,9,27,125,104,35,19,89,35,29,114,103,70,121,87,20,3435,368,124,1290,1320
06037123700,632600,1683,1938,85,182,22,20,864,89,169,82,46,813,82,2635,540,4612,0.4255,18,1677,4544.0,6999.0,0,1796,1441,4612,4146,4612,730,1677,29,69,44,69,76,53,28,47,59,116,43,55,38,153,77,172,128,46,96,70,4612,437,306,1677,1796
06037123800,835900,1499,2412,111,137,204,51,1366,20,63,35,63,927,169,3167,997,5939,0.4967,69,2293,5480.0,9824.0,16,2414,1664,5941,5314,5885,1037,2293,65,47,105,12,43,44,16,90,157,119,57,52,138,64,102,46,201,201,274,128,5941,559,346,2293,2414
06037123901,680400,1527,2018,88,52,207,116,983,55,64,25,24,503,94,2442,737,4860,0.4638,36,1486,2777.0,6264.0,0,1568,2619,4862,4723,4839,790,1486,69,23,92,44,13,16,6,134,15,12,84,29,233,269,175,100,132,61,153,29,4862,381,112,1486,1568
06037123902,701300,1704,2159,78,178,46,78,723,27,45,85,40,364,92,1574,472,2653,0.4046,56,1087,2026.0,4484.0,0,1159,817,2653,2208,2616,365,1087,67,32,15,7,0,0,31,17,22,39,29,24,51,141,101,52,49,38,47,9,2653,278,86,1087,1159
06037124000,988000,1572,2188,103,207,34,27,1094,122,135,27,61,1100,157,2939,530,5225,0.5014,55,2194,7407.0,11582.0,0,2288,622,5225,3967,5186,740,2194,76,153,41,49,67,138,40,44,87,59,129,107,228,215,33,44,85,100,125,40,5225,876,224,2194,2288
06037124102,782700,1505,3361,58,69,93,110,1082,0,45,101,30,280,128,2090,1044,3561,0.4974,105,1362,1546.0,4885.0,0,1543,1490,3600,3203,3541,369,1362,126,17,27,25,12,12,8,29,18,33,0,22,33,186,105,38,80,82,174,68,3600,136,144,1362,1543
06037124103,654800,1209,2219,21,27,21,58,366,30,9,9,24,207,40,896,341,1878,0.4485,27,573,1110.0,2258.0,0,598,1186,1889,1781,1861,302,573,21,17,36,16,26,9,18,44,32,16,19,4,69,15,114,33,57,38,89,25,1889,101,83,573,598
06037124104,635400,1325,1965,89,32,98,45,870,10,39,12,0,179,122,1530,350,2548,0.491,19,1049,995.0,3349.0,0,1105,1442,2577,2393,2543,237,1049,0,35,0,0,16,56,64,51,26,27,0,58,63,152,124,33,20,13,75,11,2577,73,84,1049,1105
06037124105,535900,1367,1522,33,85,77,85,702,4,44,3,9,137,54,1194,245,2287,0.3922,26,839,693.0,2785.0,0,893,1266,2287,2032,2227,360,839,14,8,0,9,0,8,7,31,47,13,0,13,82,121,13,27,128,36,108,34,2287,89,44,839,893
06037124201,614100,1523,2227,31,16,158,93,532,30,47,85,13,548,149,2064,511,3548,0.3782,0,1080,3042.0,4564.0,0,1146,2161,3548,3328,3541,399,1080,0,26,20,44,0,2,9,24,45,32,32,44,110,64,178,22,115,97,94,34,3548,235,286,1080,1146
06037124203,653300,1445,2299,39,90,40,36,517,11,34,11,21,267,35,1164,245,2216,0.4415,34,784,1407.0,3130.0,0,853,1189,2216,2002,2170,344,784,42,12,30,0,0,33,38,9,54,19,34,0,85,32,40,18,28,61,26,41,2216,139,123,784,853
06037124204,282400,1272,1205,91,80,87,27,691,7,6,10,0,118,103,1110,491,1862,0.4102,7,809,560.0,2552.0,0,953,1005,1867,1702,1858,173,809,0,16,6,18,0,0,30,17,33,41,21,0,52,31,64,0,3,74,23,36,1867,81,37,809,953
06037124300,675000,1318,2061,21,76,94,49,839,25,38,37,11,334,49,1579,269,2845,0.4726,75,1173,1656.0,4183.0,0,1382,1596,2892,2621,2892,311,1173,2,20,40,42,14,2,44,45,38,45,47,40,14,69,48,67,22,94,49,7,2892,260,56,1173,1382
06037124400,898800,1573,2302,218,223,64,112,1113,35,54,44,31,577,179,3017,381,4748,0.4325,73,1690,3646.0,8345.0,12,1713,1255,4855,4254,4782,856,1690,8,89,47,57,18,47,65,41,62,19,24,95,142,141,112,103,241,78,89,51,4855,423,146,1690,1713
06037124500,862400,1734,2534,48,56,66,27,527,32,53,38,28,671,39,1741,405,2807,0.52,13,1198,4461.0,6579.0,44,1280,376,2807,2616,2780,503,1198,74,93,14,21,0,0,41,115,24,15,14,53,86,110,8,8,84,62,75,23,2807,575,96,1198,1280
06037124600,858700,1906,2313,49,47,95,94,846,67,46,20,0,446,87,1579,232,2606,0.4835,0,1292,2839.0,6234.0,8,1426,380,2606,2125,2589,485,1292,27,14,115,38,5,26,69,123,84,32,30,26,12,64,37,37,17,14,81,6,2606,382,64,1292,1426
06037124700,990000,1776,2579,355,136,69,144,1473,70,66,132,79,1086,247,3379,286,5515,0.5092,48,2559,6777.0,11809.0,170,2661,841,5606,4660,5569,1029,2559,77,93,27,133,21,33,46,53,186,78,44,85,118,54,61,57,137,20,164,145,5606,868,218,2559,2661
06037124902,804800,1468,3700,39,117,179,167,1309,15,14,38,29,234,195,1794,477,3058,0.4544,36,1543,1219.0,4676.0,0,1638,673,3075,2671,3063,370,1543,6,49,44,39,29,29,15,21,40,8,116,52,41,62,97,47,145,111,49,0,3075,134,100,1543,1638
06037124903,528900,1746,2262,142,234,53,149,1205,16,69,35,29,341,250,2208,652,3558,0.396,49,1546,1593.0,6269.0,23,1654,932,3746,3323,3692,454,1546,4,79,98,29,15,24,103,27,47,48,23,89,118,23,72,27,85,137,146,10,3746,227,114,1546,1654
06037125101,598300,1700,2155,71,267,186,140,1637,38,40,111,9,410,326,2692,441,3567,0.3938,0,2047,1986.0,7349.0,0,2189,577,3567,2933,3541,338,2047,89,15,0,16,0,9,14,0,44,16,24,0,26,0,35,0,20,67,48,22,3567,354,56,2047,2189
06037125102,1155400,1705,3786,93,38,11,46,493,15,87,14,10,362,32,1234,294,2121,0.4637,11,855,2457.0,4265.0,0,886,427,2121,1777,2011,392,855,72,56,0,38,0,0,15,75,21,0,2,95,153,12,12,29,165,75,58,0,2121,288,74,855,886
06037125200,803100,1715,2637,104,209,122,111,1290,76,36,47,45,542,195,2471,353,4006,0.4126,29,1832,3146.0,7764.0,31,2060,1050,4006,3373,3988,610,1832,27,32,29,13,16,15,19,61,81,12,8,25,0,219,134,0,152,152,30,74,4006,360,182,1832,2060
06037125310,781900,1799,1945,94,280,76,67,1640,13,15,54,22,253,76,2293,658,3804,0.558,68,1893,1295.0,5464.0,140,2270,1393,3844,3411,3803,508,1893,34,34,29,12,13,10,20,0,118,2,54,23,185,40,83,0,87,13,34,42,3844,172,58,1893,2270
06037125321,479500,1594,2286,66,55,214,281,1411,15,39,0,35,116,54,1944,440,3089,0.4305,0,1527,527.0,4490.0,27,1588,1207,3089,2634,3089,317,1527,35,80,133,50,0,0,29,0,29,57,0,0,0,35,96,146,0,0,82,0,3089,97,19,1527,1588
06037125322,-666666666,1860,-666666666,30,19,266,98,1352,0,0,0,0,0,98,1293,602,2052,0.5227,79,1352,-666666666.0,3432.0,37,1571,757,2052,1512,2052,114,1352,26,0,0,0,0,15,0,49,29,151,86,29,0,0,0,0,0,66,0,0,2052,0,0,1352,1571
06037125402,659000,1885,3001,169,163,218,85,1537,24,54,63,20,465,312,3020,467,4139,0.4371,25,2002,2645.0,7949.0,101,2054,654,4139,3289,4117,555,2002,15,19,18,0,14,10,0,0,34,0,32,27,90,54,85,0,46,9,7,86,4139,327,133,2002,2054
06037125403,384700,1823,1944,92,245,107,140,1247,24,11,0,10,83,136,2183,224,2576,0.3315,46,1330,351.0,4152.0,9,1481,882,2576,2053,2518,284,1330,0,0,0,21,35,23,0,0,0,64,0,26,58,14,13,0,0,0,0,0,2576,75,8,1330,1481
06037125404,-666666666,1994,-666666666,87,143,136,243,1507,0,0,0,0,0,109,1919,652,2694,0.4323,17,1507,-666666666.0,4198.0,114,1778,198,2694,1936,2694,237,1507,13,1,0,34,0,0,0,0,60,33,0,1,0,0,0,19,0,0,55,0,2694,0,0,1507,1778
06037125501,686300,1458,2962,118,186,131,106,1467,27,3,8,7,134,214,1955,585,2886,0.516,47,1601,763.0,5153.0,94,1625,476,2886,2372,2789,331,1601,0,8,49,10,15,105,0,34,58,29,16,14,79,48,33,4,103,41,27,4,2886,94,40,1601,1625
06037125502,672500,1736,2673,149,122,260,199,1411,23,59,48,49,518,307,2618,519,3631,0.6202,49,1929,2608.0,7126.0,37,2051,799,3631,3160,3624,498,1929,28,193,45,19,0,45,24,44,70,39,78,28,44,12,50,10,88,30,36,51,3631,427,79,1929,2051
06037125600,1011800,1651,3154,40,133,30,70,693,32,88,45,46,584,105,1570,365,2963,0.579,221,1277,3918.0,6165.0,10,1377,737,2963,2741,2951,476,1277,18,20,63,50,47,45,48,0,62,71,79,20,117,163,40,32,114,42,27,92,2963,414,170,1277,1377
06037127102,400000,1389,1574,58,136,0,85,974,56,152,48,7,592,292,3335,1489,5518,0.4561,118,1566,2937.0,6185.0,10,1605,3855,5525,5042,5369,684,1566,8,0,75,74,5,0,4,84,23,0,6,36,187,166,166,71,197,253,88,119,5525,304,225,1566,1605
06037127103,342900,1268,900,179,137,148,104,971,6,0,28,0,224,67,1796,105,3020,0.2988,63,1195,1110.0,4921.0,20,1315,1493,3020,2760,2973,564,1195,38,13,34,15,0,21,27,67,42,30,0,27,19,88,202,74,112,97,45,55,3020,137,77,1195,1315
06037127104,538700,1480,1825,138,45,37,58,994,29,49,44,26,383,150,2350,630,4183,0.4467,106,1377,2162.0,5605.0,0,1419,2448,4183,3934,4162,713,1377,35,12,25,10,0,10,56,11,25,27,9,32,104,91,259,54,184,43,330,141,4183,305,68,1377,1419
06037127210,503100,1300,2029,114,91,255,74,1303,52,95,63,18,599,241,3403,850,5933,0.4407,33,1902,3269.0,7109.0,56,2018,3507,5933,4839,5816,842,1902,54,28,121,21,22,28,5,7,142,9,58,91,253,284,77,79,193,135,129,32,5933,320,224,1902,2018
06037127220,508900,1371,2120,58,21,85,183,1119,41,69,14,16,568,257,2677,949,4959,0.5445,34,1687,3013.0,6307.0,22,1763,2928,4959,4407,4917,667,1687,27,11,75,59,19,23,20,68,244,67,0,39,164,60,266,75,141,157,149,38,4959,246,286,1687,1763
06037127300,563800,1484,2244,71,89,106,58,890,84,110,19,14,460,124,2192,437,3545,0.4239,18,1350,2624.0,5371.0,13,1442,2108,3693,3236,3655,495,1350,10,24,90,11,22,17,0,49,99,5,24,45,127,104,151,47,145,70,65,158,3693,253,179,1350,1442
06037127400,490900,1455,2250,151,264,192,100,1420,34,84,49,33,505,163,3547,819,6414,0.427,112,1925,2695.0,7773.0,29,2042,4984,6414,5652,6271,1013,1925,0,41,64,38,24,6,56,112,53,14,12,11,300,258,172,61,390,253,136,50,6414,290,175,1925,2042
06037127520,264500,1226,1101,70,212,171,107,1351,0,0,11,28,71,218,2428,1395,4875,0.3647,85,1422,284.0,4328.0,9,1453,3875,4875,4048,4850,396,1422,48,41,20,29,9,0,31,28,64,38,49,0,165,245,274,116,126,312,215,88,4875,23,27,1422,1453
06037127603,551200,1537,1648,99,119,15,83,809,13,3,5,0,123,130,1523,536,2855,0.411,69,932,706.0,3579.0,0,945,2213,2855,2585,2749,283,932,6,32,13,11,0,0,29,21,45,48,5,9,156,93,110,156,91,92,81,81,2855,87,21,932,945
06037127604,482800,1403,2128,167,78,53,225,1338,15,0,42,41,160,68,1778,666,3285,0.4787,11,1498,926.0,4694.0,109,1568,1843,3285,2851,3257,483,1498,8,0,35,56,37,38,13,15,145,75,13,31,93,160,32,127,149,6,19,56,3285,87,39,1498,1568
06037127605,592100,1654,-666666666,64,138,50,41,1014,0,18,0,7,187,120,2010,1177,4016,0.4722,102,1201,575.0,4428.0,0,1238,2632,4016,3521,3960,428,1201,12,39,25,0,0,0,5,0,38,4,43,0,117,164,444,121,73,126,179,23,4016,64,29,1201,1238
06037127606,555800,1483,1806,72,140,34,18,699,35,105,7,11,432,52,1873,455,3133,0.4457,0,1131,2500.0,4900.0,11,1235,1947,3133,2753,3055,448,1131,7,27,6,0,0,36,47,65,99,7,6,42,75,85,64,0,131,94,88,99,3133,297,128,1131,1235
06037127711,648800,1454,2138,80,82,58,75,708,20,82,49,0,414,165,1999,508,3271,0.4213,74,1122,2623.0,5284.0,10,1187,1751,3271,2732,3263,488,1122,38,30,8,31,7,33,13,67,24,47,19,24,139,98,113,74,8,91,47,88,3271,354,60,1122,1187
06037127712,626300,1524,2005,85,51,111,181,1324,0,11,17,0,247,72,2028,852,3858,0.429,20,1571,1613.0,5805.0,51,1626,2316,3858,3227,3838,517,1571,58,14,46,0,16,15,40,0,37,14,28,0,67,171,172,72,135,208,50,38,3858,187,60,1571,1626
06037127803,571900,1448,1417,135,60,108,104,1250,128,18,57,8,402,152,2336,1321,4899,0.4547,138,1652,2280.0,6619.0,362,1790,2693,4907,3541,4851,611,1652,51,39,51,29,25,95,70,39,160,63,97,146,97,235,124,30,154,222,115,110,4907,182,199,1652,1790
06037127804,556600,1492,2233,202,56,88,202,1231,46,84,16,13,353,248,3003,481,4825,0.3744,108,1584,2430.0,6253.0,0,1656,2750,4832,4332,4797,537,1584,3,35,69,3,65,0,24,51,28,6,45,39,165,98,249,120,161,32,86,123,4832,268,32,1584,1656
06037127805,594500,1255,2064,87,78,132,100,942,17,46,28,0,285,132,1848,351,3233,0.4205,52,1227,1817.0,4793.0,7,1246,2028,3511,3315,3493,438,1227,53,53,167,24,53,63,48,96,3,21,36,100,76,134,87,97,45,170,25,30,3511,167,118,1227,1246
06037127806,529100,1412,2673,113,51,8,99,914,19,25,22,13,256,128,1837,532,3015,0.3918,59,1170,1406.0,4336.0,46,1275,1902,3015,2635,2983,432,1170,14,34,26,8,0,39,22,11,37,0,29,0,87,112,67,50,73,101,142,53,3015,176,80,1170,1275
06037127910,546100,1228,2650,61,48,123,99,1139,53,0,41,0,365,292,2677,1092,4944,0.4816,114,1504,2127.0,5898.0,95,1673,4006,5131,4841,5081,694,1504,26,21,31,18,63,27,105,18,45,51,32,58,65,171,122,115,159,211,298,162,5131,178,163,1504,1673
06037127920,584000,1483,1898,58,79,44,48,947,46,24,43,30,558,206,2803,1193,4710,0.4352,31,1505,3256.0,7091.0,0,1505,2140,4710,4249,4680,702,1505,50,14,65,48,0,0,82,22,34,44,48,25,64,149,48,119,167,171,112,13,4710,320,188,1505,1505
06037128101,608000,1684,1855,57,38,101,81,802,40,64,45,0,337,152,1903,512,3309,0.5477,84,1139,1948.0,5227.0,30,1211,1624,3344,3055,3282,577,1139,24,23,39,10,18,0,41,22,25,60,29,70,111,88,78,63,92,70,159,39,3344,233,99,1139,1211
06037128102,582300,1373,1210,57,196,108,212,1264,11,0,9,25,283,125,2781,981,4932,0.3574,71,1547,1559.0,5743.0,50,1614,3705,4958,4097,4939,865,1547,14,32,23,61,6,13,67,0,126,18,0,13,87,194,104,103,134,176,214,146,4958,111,117,1547,1614
06037128210,495700,1531,2266,125,97,132,45,1505,0,0,0,9,44,194,2780,1854,5296,0.4214,147,1549,190.0,5426.0,0,1617,4221,5296,4771,5121,540,1549,10,30,0,0,0,11,0,40,31,25,11,10,257,122,184,163,379,138,279,110,5296,5,32,1549,1617
06037128220,662900,1327,2508,0,55,138,91,816,20,7,31,22,374,23,1637,561,2858,0.5143,19,1190,2351.0,4788.0,0,1241,1254,2858,2528,2834,413,1190,44,21,58,35,38,0,9,16,26,16,22,25,43,70,75,52,133,59,46,25,2858,284,80,1190,1241
06037128302,484200,1292,1391,207,146,67,104,1362,9,19,34,13,225,125,2932,1144,5096,0.3617,16,1587,1333.0,5682.0,11,1622,3803,5096,4614,5071,695,1587,20,34,65,68,20,38,16,47,44,33,43,23,274,109,78,160,102,172,220,86,5096,118,80,1587,1622
06037128303,395500,1304,-666666666,43,73,110,156,1099,0,30,0,0,63,207,2362,1319,4051,0.3796,36,1162,269.0,3954.0,84,1195,3466,4063,3539,4006,516,1162,0,0,26,9,11,0,16,11,35,0,11,30,164,169,155,196,64,205,83,52,4063,41,22,1162,1195
06037128400,756300,1857,2864,35,61,56,124,782,160,95,101,198,1006,124,2918,750,4531,0.4116,8,1788,6009.0,9098.0,80,1843,1407,4547,3972,4531,718,1788,0,121,80,19,0,26,15,35,91,18,28,19,68,210,128,64,105,69,282,56,4547,753,253,1788,1843
06037128500,681800,1710,2750,165,187,164,134,1230,44,140,33,49,868,141,2781,196,4187,0.3851,66,2098,5008.0,9382.0,0,2229,657,4205,3728,4121,663,2098,19,83,26,41,14,15,48,60,140,7,33,61,98,89,79,0,167,63,49,44,4205,775,93,2098,2229
06037128601,634100,1369,2280,93,292,49,98,1325,44,26,51,38,345,224,2953,1126,5035,0.4847,40,1670,1937.0,6566.0,20,1763,2412,5052,4781,5040,778,1670,19,1,70,0,20,0,41,22,43,7,50,0,120,92,215,82,294,211,93,189,5052,158,165,1670,1763
06037128602,887500,1555,2868,81,76,50,0,592,75,67,83,67,657,153,1857,443,3210,0.4789,23,1249,4696.0,6803.0,41,1298,474,3217,3001,3210,610,1249,50,26,85,34,30,14,49,51,107,30,11,0,150,87,71,79,86,71,35,34,3217,489,144,1249,1298
06037128703,562500,1944,1817,77,88,145,208,1294,47,12,23,0,321,421,2245,213,2942,0.4497,71,1615,1847.0,6495.0,0,1806,510,3077,2602,3077,351,1615,21,55,139,18,0,30,20,56,44,25,140,52,30,101,33,8,33,11,40,10,3077,295,26,1615,1806
06037128704,846900,1941,3130,0,73,80,54,368,56,57,46,60,611,100,1614,212,2242,0.4307,0,979,3609.0,5170.0,12,1026,450,2242,1808,2242,383,979,32,77,5,28,0,6,2,29,115,22,39,12,0,45,12,41,14,10,78,35,2242,508,103,979,1026
06037128801,633900,1710,2625,144,184,121,94,1486,37,22,55,10,445,221,2641,411,3673,0.4485,13,1931,2586.0,7455.0,40,2118,535,3673,3047,3618,559,1931,12,11,62,31,24,0,45,49,41,45,43,10,92,22,69,14,34,21,59,49,3673,346,99,1931,2118
06037128802,809500,1800,1576,205,212,167,65,1362,14,134,27,31,681,83,2744,180,4343,0.4274,0,2043,3862.0,8828.0,72,2303,638,4343,3441,4287,798,2043,15,14,17,0,22,159,116,17,91,18,32,298,123,88,90,0,149,178,77,27,4343,494,187,2043,2303
06037128910,926300,1724,3365,43,198,113,81,1017,115,139,90,117,921,275,3030,288,4775,0.4665,56,1938,5730.0,9680.0,33,1986,785,4805,3981,4694,811,1938,109,52,121,13,38,24,101,33,37,54,16,0,244,198,160,106,129,82,84,25,4805,564,352,1938,1986
06037131021,560600,1397,2750,8,100,86,62,757,5,53,9,15,202,87,1790,400,3463,0.3602,21,959,1317.0,3696.0,8,1025,2127,3463,3302,3463,538,959,27,30,19,8,21,8,24,26,30,21,0,17,68,252,144,131,9,180,165,21,3463,142,45,959,1025
06037131022,545300,1684,2481,73,41,94,114,885,15,21,15,35,131,107,1954,463,3006,0.4333,30,1016,875.0,4162.0,0,1077,1509,3011,2474,2974,452,1016,37,0,45,21,26,25,0,7,18,44,0,48,55,86,50,112,57,97,57,44,3011,71,60,1016,1077
06037131023,515000,1728,2677,0,27,43,11,422,9,0,16,42,393,80,1546,465,2968,0.3874,5,815,2129.0,3660.0,13,828,1808,2968,2662,2938,496,815,14,10,6,14,10,0,9,11,53,0,34,70,123,152,28,41,169,71,82,0,2968,124,198,815,828
06037131024,559200,1834,1038,63,53,52,65,395,57,40,57,31,576,171,2315,548,4116,0.531,71,971,3062.0,4873.0,11,990,2907,4120,3826,4083,594,971,28,247,27,0,0,0,63,36,42,0,25,12,91,76,156,118,70,62,211,155,4120,189,317,971,990
06037131100,602600,2697,1981,0,0,9,0,81,106,221,64,53,946,149,2014,250,3268,0.3952,29,1027,5372.0,5821.0,5,1083,1636,3293,3004,3274,487,1027,28,41,35,5,12,43,0,72,100,52,15,16,71,74,111,65,95,72,99,65,3293,550,362,1027,1083
06037131200,595600,1942,2243,0,27,25,10,249,78,274,0,40,962,32,1777,282,3536,0.3918,0,1211,5777.0,6699.0,10,1232,1308,3537,3423,3527,741,1211,49,123,29,10,15,29,15,106,60,73,19,41,45,113,23,70,54,125,231,85,3537,617,335,1211,1232
06037131300,546100,2431,2208,36,10,77,0,304,109,64,37,42,853,119,2586,562,4969,0.3924,70,1157,5299.0,7398.0,0,1200,3121,4988,4697,4922,582,1157,30,60,40,22,8,35,59,67,99,63,19,50,120,171,179,145,193,255,203,49,4988,441,311,1157,1200
06037131400,485000,1726,1940,154,64,124,108,1058,82,71,137,83,849,114,3588,571,6557,0.386,32,1907,4918.0,8959.0,0,1957,3287,6679,6080,6633,864,1907,55,96,70,115,44,38,82,157,91,118,61,113,242,222,260,73,133,250,130,127,6679,371,372,1907,1957
06037131600,557400,1357,2094,0,47,46,10,264,69,61,98,102,1106,210,2609,528,4968,0.3721,112,1370,6795.0,8108.0,0,1438,2977,4983,4758,4943,775,1370,48,62,62,83,21,37,34,32,136,11,77,75,64,79,261,162,45,159,175,87,4983,531,504,1370,1438
06037131701,522400,1484,2578,56,221,93,46,1013,101,99,26,72,920,183,2908,896,5424,0.4473,49,1933,5273.0,9010.0,0,1933,2773,5424,4901,5332,751,1933,168,14,65,66,6,0,55,130,104,20,76,46,218,124,283,118,192,60,216,62,5424,665,203,1933,1933
06037131702,571900,1601,2514,29,34,0,21,457,61,150,52,54,805,106,1937,140,3748,0.4372,38,1262,4475.0,6323.0,19,1305,1375,3815,3329,3776,570,1262,28,30,22,0,102,86,39,46,39,31,81,48,147,122,175,113,64,184,145,17,3815,481,313,1262,1305
06037131801,515900,1230,1464,127,100,60,81,807,0,35,11,0,206,117,1616,516,3157,0.3977,0,1013,1050.0,3316.0,0,1159,1959,3157,2949,3117,484,1013,0,55,6,25,0,14,37,66,42,56,20,65,165,154,125,0,130,78,116,30,3157,76,99,1013,1159
06037131802,579500,1955,1897,91,0,5,8,188,78,12,51,12,574,51,1884,61,3039,0.34,0,762,3490.0,4491.0,0,807,1207,3039,2823,3039,410,762,0,32,45,0,43,0,68,37,55,53,7,16,45,43,60,0,0,171,52,169,3039,302,190,762,807
06037131900,574000,2442,2305,7,74,72,10,331,137,73,96,10,1044,264,2635,300,4617,0.3252,31,1375,5712.0,7473.0,84,1429,1999,4623,4385,4611,823,1375,44,53,54,61,9,40,3,62,64,41,46,29,91,95,145,104,128,54,217,139,4623,401,612,1375,1429
06037132001,580900,1439,2364,29,65,0,75,417,175,29,38,45,796,84,1760,171,3473,0.4292,46,1213,4536.0,6049.0,8,1213,1141,3473,3241,3421,527,1213,47,60,40,142,11,50,8,26,43,28,9,50,190,147,89,80,31,139,224,0,3473,416,318,1213,1213
06037132002,617100,2061,2344,130,61,0,26,487,67,69,29,136,668,55,2076,132,3658,0.3581,64,1155,3836.0,6909.0,0,1186,2044,3699,3158,3644,637,1155,31,76,42,33,8,41,41,41,48,19,8,16,95,146,66,30,173,179,140,237,3699,474,156,1155,1186
06037132101,610200,1617,2128,112,48,52,68,1077,49,65,66,55,570,233,2491,1499,4727,0.5124,57,1647,3493.0,7347.0,93,1745,2760,4727,4321,4668,545,1647,42,26,44,0,27,7,0,32,70,36,17,24,246,78,82,31,363,201,283,117,4727,446,103,1647,1745
06037132102,516900,1845,2226,95,89,118,45,1218,100,110,65,0,910,316,3183,602,5027,0.4357,101,2128,5451.0,9962.0,63,2161,1876,5027,4249,5011,644,2128,78,117,132,43,11,27,40,127,188,35,51,56,137,79,156,54,98,107,153,149,5027,734,162,2128,2161
06037132301,364000,1145,2865,190,22,242,222,1248,61,7,0,0,163,48,2483,783,4189,0.5228,48,1411,833.0,4375.0,0,1525,2390,4189,3607,4147,543,1411,0,34,44,89,59,17,38,17,32,47,6,23,90,175,40,73,145,76,153,81,4189,84,0,1411,1525
06037132302,573800,1623,1834,97,8,43,36,568,70,61,55,9,427,115,2096,217,3470,0.3262,0,995,2340.0,4414.0,0,995,2311,3516,3222,3516,595,995,29,0,26,10,10,0,29,24,128,70,0,0,22,119,145,50,16,50,209,62,3516,283,130,995,995
06037132501,568000,1466,2255,76,26,99,39,674,47,65,39,5,535,176,2166,393,4170,0.4241,64,1209,2835.0,5739.0,41,1281,2708,4553,4033,4447,521,1209,16,208,29,35,19,44,68,29,156,49,79,237,168,110,140,49,92,254,111,17,4553,205,262,1209,1281
06037132502,413900,1670,1547,20,16,54,68,598,49,86,13,19,651,274,1501,777,3278,0.5159,26,1249,3110.0,5519.0,0,1267,1139,3358,3047,3322,478,1249,44,23,38,48,26,96,65,36,152,137,80,60,108,33,78,41,103,18,154,43,3358,411,197,1249,1267
06037132700,593100,1242,2415,48,46,40,18,605,101,212,88,18,1060,112,2649,751,4882,0.5275,71,1665,6111.0,8163.0,0,1758,2903,4882,4266,4816,896,1665,32,32,186,29,8,48,59,50,245,37,23,55,155,179,250,70,162,97,225,161,4882,685,305,1665,1758
06037132900,652200,2083,2366,12,59,62,67,544,38,198,62,56,760,95,2002,180,3882,0.4792,21,1304,4541.0,6703.0,0,1371,826,3882,3389,3820,739,1304,20,47,32,61,36,12,44,55,144,39,35,75,135,43,190,85,109,67,63,176,3882,440,242,1304,1371
06037133000,471800,2106,2197,63,80,0,11,413,44,15,178,31,1038,205,2540,906,4749,0.4054,0,1451,5669.0,7716.0,11,1483,2926,4866,4489,4861,873,1451,26,211,68,72,13,95,74,74,18,43,51,21,244,42,143,78,95,189,128,108,4866,551,386,1451,1483
06037133101,609600,1814,2167,44,16,11,8,241,42,34,39,0,378,24,897,104,1782,0.4602,0,619,2161.0,3178.0,0,619,407,1782,1643,1770,326,619,9,24,7,36,32,0,24,7,16,47,38,15,49,63,88,20,65,71,14,16,1782,244,127,619,619
06037133102,662700,1553,2442,18,51,205,68,946,67,41,14,122,474,84,1794,603,3783,0.5193,81,1420,2987.0,6008.0,0,1467,1105,3944,3499,3911,612,1420,26,45,23,46,11,124,65,30,51,54,200,255,130,101,204,82,48,124,32,86,3944,320,149,1420,1467
06037134001,467800,1505,1865,17,70,85,86,604,6,56,34,15,341,106,2319,458,3623,0.3417,23,945,1732.0,4094.0,0,963,2615,3623,3411,3578,455,945,39,47,45,0,0,0,5,28,33,46,0,22,72,148,77,70,95,80,149,115,3623,123,171,945,963
06037134002,557300,1244,1829,21,5,98,52,681,12,101,40,15,475,138,2152,516,3849,0.4726,40,1156,2713.0,4892.0,45,1201,2050,3849,3643,3849,462,1156,42,85,32,5,23,35,56,60,66,63,12,36,95,124,144,31,138,73,119,100,3849,285,129,1156,1201
06037134101,606100,1558,2542,42,75,44,152,576,70,117,56,34,807,190,2613,1264,5441,0.478,51,1383,5179.0,7409.0,34,1458,3195,5455,4624,5407,922,1383,34,72,59,13,42,0,23,105,82,20,74,53,364,297,122,161,315,93,148,19,5455,452,351,1383,1458
06037134103,577300,1283,1756,108,48,15,16,587,49,92,60,58,727,113,2158,1354,4546,0.4169,20,1314,4516.0,6677.0,0,1335,2545,4645,4250,4571,745,1314,35,71,35,222,26,70,73,50,67,192,166,102,143,52,321,104,154,108,97,75,4645,498,196,1314,1335
06037134104,583700,1411,2503,25,62,78,74,718,146,79,0,61,607,209,2510,783,4495,0.4527,67,1325,3695.0,6074.0,46,1372,1738,4502,4036,4448,694,1325,29,9,80,28,58,9,37,78,85,23,20,63,212,192,176,125,82,147,90,75,4502,375,138,1325,1372
06037134201,597000,1423,2397,57,54,28,14,285,95,138,69,96,1099,167,2961,413,4938,0.3703,30,1384,6472.0,7812.0,0,1437,2216,4941,4660,4844,770,1384,84,17,9,0,17,8,34,68,39,22,26,77,150,117,82,73,191,189,107,148,4941,663,339,1384,1437
06037134302,590900,2770,2406,24,0,23,36,288,161,110,105,52,1115,97,2289,708,4127,0.4058,23,1403,6449.0,8120.0,0,1435,1421,4136,3967,4102,663,1403,41,70,84,11,19,26,13,38,99,27,20,161,132,64,135,33,73,125,134,107,4136,792,263,1403,1435
06037134303,546000,2208,1919,104,101,60,55,498,116,133,106,168,1400,310,3365,387,5516,0.4481,98,1898,7704.0,10345.0,0,1919,2180,5618,5371,5618,935,1898,55,11,142,36,43,98,97,82,173,59,101,71,93,111,172,106,51,148,133,62,5618,980,339,1898,1919
06037134304,600800,1794,2106,0,23,22,18,335,75,29,76,65,603,123,1325,371,2750,0.4338,9,938,3804.0,5139.0,5,958,789,2908,2223,2844,472,938,26,25,151,36,5,72,57,92,47,11,32,28,81,91,54,54,147,104,96,41,2908,379,211,938,958
06037134305,-666666666,1415,-666666666,35,154,121,58,1222,0,5,0,0,5,57,2335,843,3961,0.4073,34,1227,,,0,1248,3177,3961,3632,3889,534,1227,6,0,0,13,14,0,0,0,33,91,0,0,274,151,62,73,76,154,150,53,3961,0,0,1227,1248
06037134306,454700,1519,1813,71,204,109,19,1148,33,53,12,15,332,146,2434,555,4344,0.3723,58,1480,1709.0,5544.0,0,1488,2415,4468,4125,4457,787,1480,42,11,57,11,131,56,10,25,143,46,116,33,158,155,60,55,126,133,142,53,4468,207,106,1480,1488
06037134421,845400,3501,3158,0,21,31,19,155,225,106,84,87,1382,210,2661,56,4609,0.3884,43,1537,10067.0,11041.0,0,1562,432,4609,4344,4588,1122,1537,52,119,118,48,76,45,9,27,122,102,43,64,65,91,144,93,143,107,55,210,4609,1060,322,1537,1562
06037134422,697500,2917,2478,10,57,13,4,263,97,103,152,68,1316,153,2470,185,4681,0.4275,12,1579,8756.0,10150.0,19,1666,724,4681,4351,4661,905,1579,14,24,82,59,95,32,28,62,154,83,40,177,61,192,155,29,151,154,156,69,4681,954,337,1579,1666
06037134423,699900,3501,2242,34,9,11,9,356,58,128,49,85,1017,101,1715,243,3537,0.4314,9,1373,7219.0,8094.0,0,1406,253,3537,3248,3511,741,1373,51,108,99,47,27,99,128,83,73,36,27,252,103,55,67,51,54,95,23,74,3537,787,220,1373,1406
06037134424,950300,3501,3295,9,0,6,12,107,63,100,50,72,913,96,1510,54,2947,0.3844,25,1020,6988.0,7564.0,0,1030,164,2947,2743,2901,802,1020,46,61,73,85,33,37,38,82,151,30,29,47,71,35,209,39,47,53,68,25,2947,698,208,1020,1030
06037134520,396100,1340,1088,188,43,211,182,1720,34,32,7,0,216,226,3131,1007,5761,0.4278,35,1936,956.0,5863.0,36,2072,4316,5761,5004,5601,639,1936,18,26,17,60,29,0,40,63,66,40,75,75,188,104,227,138,253,260,104,46,5761,107,53,1936,2072
06037134521,434100,1610,2069,65,41,65,83,647,0,0,0,8,116,99,1798,627,3336,0.4174,57,763,570.0,2922.0,3,774,3037,3344,3097,3278,352,763,9,0,7,17,15,0,0,44,5,6,10,6,203,115,93,77,73,186,173,80,3344,28,62,763,774
06037134522,434400,1302,-666666666,39,138,72,101,1177,27,0,14,35,341,112,2441,1667,4574,0.4587,134,1518,1968.0,5573.0,0,1587,2965,4574,3831,4503,492,1518,11,85,0,29,0,0,21,46,10,41,7,111,135,183,112,174,146,220,113,28,4574,261,80,1518,1587
06037134710,530000,1440,1417,129,30,186,189,1337,0,22,9,51,292,182,2781,1464,5369,0.4825,104,1629,1572.0,5802.0,0,1684,3285,5398,4950,5323,609,1629,96,47,53,67,37,54,62,28,24,10,60,14,175,147,183,160,324,153,210,23,5398,188,86,1629,1684
06037134720,525900,1678,2189,41,46,123,94,830,59,104,222,23,968,222,3220,791,5421,0.4301,48,1798,5294.0,8465.0,0,1821,3080,5421,4746,5360,847,1798,57,61,61,12,24,10,26,38,64,50,47,34,65,219,172,95,201,186,203,53,5421,600,281,1798,1821
06037134801,553200,2142,2203,30,37,7,36,356,33,124,81,44,751,113,1844,413,3325,0.4078,0,1107,4050.0,5615.0,0,1137,1308,3333,3126,3298,413,1107,43,39,87,0,3,6,54,71,49,96,37,21,78,54,34,80,67,39,163,44,3333,467,229,1107,1137
06037134802,512800,2463,1869,42,9,0,7,211,123,54,24,72,648,101,1806,344,3094,0.353,56,859,3683.0,4779.0,0,914,1321,3107,2746,3071,427,859,14,38,43,24,10,38,25,70,100,32,50,22,65,49,59,72,57,92,130,41,3107,385,213,859,914
06037134901,625200,1246,2930,39,15,27,40,355,76,70,68,53,642,80,1527,554,2677,0.4613,1,997,4196.0,5633.0,0,1056,477,2691,2497,2646,485,997,19,29,16,109,16,16,41,58,85,32,47,37,81,75,35,60,70,111,80,29,2691,492,150,997,1056
06037134904,566900,1223,2340,71,55,7,37,824,100,49,57,70,579,305,2843,651,4441,0.4651,124,1403,3413.0,6565.0,0,1502,2180,4452,4109,4431,581,1403,33,6,104,21,26,14,29,37,60,96,19,22,39,52,201,44,97,35,138,95,4452,334,152,1403,1502
06037134905,525400,2549,2259,230,335,136,95,2293,21,39,9,27,334,268,3998,827,5074,0.4334,13,2627,1342.0,8377.0,480,2879,518,5074,3690,5044,643,2627,27,0,22,47,13,10,0,105,55,28,23,61,45,53,27,0,96,27,0,59,5074,280,54,2627,2879
06037134906,-666666666,1599,-666666666,134,175,114,82,1135,0,0,0,0,0,99,1925,463,3042,0.38,0,1135,-666666666.0,3662.0,0,1135,1934,3042,2275,2980,544,1135,0,26,30,0,0,0,14,27,0,0,19,42,85,107,65,41,177,79,36,47,3042,0,0,1135,1135
06037134907,-666666666,2276,-666666666,190,189,93,185,1523,0,0,0,0,0,385,2426,873,3325,0.3971,65,1523,-666666666.0,4695.0,137,1674,761,3325,2151,3325,507,1523,0,0,0,0,0,0,0,0,0,0,0,0,152,0,69,0,86,56,0,0,3325,0,0,1523,1674
06037135102,651500,3097,2722,7,30,37,30,152,277,127,90,50,1100,56,2165,55,3860,0.3832,13,1252,7292.0,7991.0,0,1305,539,3867,3476,3822,849,1252,7,161,95,68,42,32,90,64,109,40,22,46,57,53,113,54,160,66,149,59,3867,850,233,1252,1305
06037135111,610600,1905,1941,85,83,46,74,533,50,157,105,19,732,83,2035,300,4050,0.3251,105,1265,4511.0,7001.0,0,1338,1196,4050,3494,3948,637,1265,0,17,39,10,0,0,39,50,32,42,21,153,143,148,222,98,159,45,89,0,4050,548,184,1265,1338
06037135113,337400,2560,1106,143,242,137,138,1094,12,14,0,7,212,125,2045,135,3138,0.3682,16,1306,887.0,4939.0,0,1511,526,3138,2445,3098,537,1306,5,76,49,37,18,0,80,23,64,43,33,14,126,42,62,92,51,70,31,18,3138,149,63,1306,1511
06037135115,560400,1904,2183,52,106,74,252,1233,0,58,33,17,273,260,1899,371,3098,0.4647,39,1506,1276.0,4371.0,0,1896,648,3110,2161,3050,501,1506,0,0,78,0,39,0,52,65,17,39,50,15,33,91,45,0,186,29,65,92,3110,227,46,1506,1896
06037135116,590700,1749,969,307,101,161,12,957,0,0,0,0,65,222,773,198,1463,0.4946,13,1022,312.0,2731.0,0,1022,315,1463,1335,1463,206,1022,0,11,43,0,0,96,13,14,67,77,36,73,0,15,63,12,38,0,0,0,1463,51,14,1022,1022
06037135201,682800,3147,2851,0,28,6,6,192,70,34,41,113,723,144,1520,376,3013,0.4012,12,915,4814.0,5539.0,0,963,518,3013,2746,2999,563,915,16,22,44,13,27,31,33,32,76,35,16,74,129,144,165,73,96,106,100,85,3013,443,280,915,963
06037135202,637200,3283,2385,8,22,17,23,324,128,113,86,94,1128,193,2162,304,4618,0.3363,46,1452,7216.0,8942.0,0,1530,777,4618,4233,4542,873,1452,68,46,27,18,40,37,15,13,50,44,59,159,125,246,189,44,119,256,269,61,4618,674,424,1452,1530
06037135204,642200,2414,2219,11,55,12,0,179,131,256,86,111,1465,195,2369,163,5135,0.3664,0,1644,8783.0,9783.0,0,1644,874,5135,4337,5049,958,1644,12,20,18,21,108,21,66,82,23,76,75,39,323,212,190,84,109,143,136,0,5135,911,513,1644,1644
06037135205,838400,3096,2679,0,24,0,0,102,87,47,99,35,676,84,832,320,1934,0.4606,3,778,4857.0,5851.0,0,778,37,1938,1730,1918,427,778,15,90,80,126,44,0,48,91,39,111,21,104,93,103,17,0,93,52,0,0,1938,606,70,778,778
06037137000,863600,3373,3194,0,7,39,0,341,138,173,131,93,1442,195,2324,244,5184,0.4873,125,1783,10177.0,12025.0,16,1842,420,5184,4548,5103,1077,1783,98,124,92,76,67,180,60,92,223,109,30,184,115,163,112,111,156,114,151,79,5184,1094,348,1783,1842
06037137103,456800,2281,2299,90,59,232,73,1073,65,135,101,171,1338,160,3243,717,5540,0.4112,39,2411,6516.0,10891.0,0,2575,913,5540,4550,5433,1113,2411,28,82,127,28,46,0,91,137,149,159,64,47,143,105,32,11,213,131,0,13,5540,1005,295,2411,2575
06037137104,724100,2223,2331,25,0,9,0,154,72,37,112,44,812,67,1366,439,2579,0.4695,36,966,4750.0,5654.0,10,1045,330,2579,2284,2559,483,966,65,31,41,53,30,37,81,42,39,102,0,66,44,120,56,86,36,67,85,0,2579,568,225,966,1045
06037137202,823100,1847,2829,85,0,125,84,738,85,120,15,114,546,145,1899,297,3281,0.4608,63,1284,3475.0,6230.0,0,1333,274,3281,2727,3229,534,1284,60,14,48,63,0,30,15,54,31,39,0,15,56,60,33,0,163,52,66,74,3281,401,145,1284,1333
06037137203,731700,1743,2689,65,40,32,0,345,7,28,10,116,515,62,1264,189,2601,0.5262,41,860,3070.0,4391.0,0,860,870,2609,2118,2544,398,860,0,8,23,19,38,0,9,20,104,41,27,0,65,70,78,224,18,0,186,235,2609,352,163,860,860
06037137301,972900,3501,3124,4,7,14,0,38,120,76,56,18,706,41,1224,87,2314,0.421,5,744,5280.0,5549.0,21,815,160,2314,2211,2295,534,744,15,35,55,44,31,35,27,31,71,35,18,40,0,41,56,138,19,33,181,51,2314,503,192,744,815
06037137302,884200,3354,2987,0,0,0,0,150,126,196,205,70,1428,122,2123,233,4392,0.3973,51,1578,10528.0,11443.0,0,1611,395,4392,3980,4364,1075,1578,120,108,172,101,26,136,28,97,144,75,78,96,121,135,115,39,102,104,114,102,4392,1070,358,1578,1611
06037137401,818500,2413,3087,83,120,66,0,454,122,83,73,17,1030,118,2276,141,4091,0.4099,6,1484,6820.0,8934.0,0,1638,663,4091,3571,4034,879,1484,42,52,55,63,19,31,83,61,89,85,31,28,122,119,147,79,210,116,93,76,4091,777,241,1484,1638
06037137402,889000,2491,3488,38,28,0,95,558,109,97,201,69,1455,239,2634,162,5554,0.4021,0,2013,10039.0,12531.0,0,2223,669,5626,4826,5581,1165,2013,74,107,122,109,29,82,129,134,119,113,25,129,296,172,82,56,459,321,121,54,5626,1074,369,2013,2223
06037137501,1120300,2431,4001,78,145,104,126,1251,67,0,94,33,739,276,2903,813,5241,0.5192,0,1990,5483.0,10638.0,370,2142,570,5254,4069,5166,788,1990,19,48,68,81,33,72,30,61,49,145,25,105,367,106,265,56,131,190,24,59,5254,662,77,1990,2142
06037137502,821200,2532,3016,51,17,37,9,564,159,63,32,100,1180,120,2374,223,4337,0.4449,11,1744,8108.0,10012.0,40,1984,666,4337,3767,4288,909,1744,27,75,65,31,38,51,37,60,88,51,163,136,149,135,153,64,99,68,144,66,4337,946,189,1744,1984
06037137504,1369600,3501,3698,10,0,0,0,65,29,43,47,114,612,27,890,28,1928,0.5084,19,677,5029.0,5488.0,0,714,227,1928,1641,1910,413,677,8,29,79,35,14,31,24,22,91,20,40,33,46,64,103,35,39,90,52,21,1928,511,101,677,714
06037138000,880100,3501,3391,51,75,0,0,336,234,216,94,51,1458,178,2542,249,4766,0.3764,8,1794,10048.0,12124.0,0,1929,343,4766,4260,4704,1221,1794,54,114,201,115,6,64,96,114,140,48,26,75,191,208,150,58,199,114,77,9,4766,1201,257,1794,1929
06037139001,707600,1874,1995,252,76,62,70,1092,84,67,180,92,1169,220,3331,226,5561,0.3722,57,2261,6271.0,10247.0,0,2315,1012,5561,4971,5561,984,2261,26,33,83,68,19,96,78,86,138,65,63,20,232,221,119,71,226,216,142,0,5561,687,425,2261,2315
06037139200,581000,1955,2138,75,119,96,90,1040,79,30,112,70,1217,241,3024,637,5994,0.4373,43,2257,6870.0,10994.0,17,2493,864,5994,5056,5968,1018,2257,24,54,91,43,53,126,128,129,279,36,164,88,112,187,175,55,205,38,192,81,5994,876,341,2257,2493
06037139301,894100,2844,3654,0,0,49,29,231,121,102,156,76,1228,197,2345,280,4013,0.3981,83,1459,8158.0,9303.0,0,1648,552,4106,3628,4106,726,1459,29,93,57,68,123,9,36,47,81,91,10,41,117,61,127,144,137,59,227,105,4106,764,454,1459,1648
06037139302,301500,1747,1344,198,171,158,177,1503,51,19,13,42,396,177,2877,792,5016,0.4334,67,1899,1521.0,6185.0,0,2032,1775,5016,3995,4989,638,1899,84,15,58,79,49,8,54,61,36,41,70,35,94,196,162,83,85,117,217,61,5016,222,156,1899,2032
06037139303,381900,1368,1870,69,73,173,68,1512,90,97,14,7,710,195,2557,742,4527,0.5879,73,2222,3302.0,8125.0,0,2333,1095,4682,3871,4626,439,2222,20,14,33,0,6,178,155,107,85,108,40,185,145,142,120,50,52,68,54,118,4682,564,146,2222,2333
06037139401,678600,1406,3422,78,68,28,21,847,43,22,75,0,346,20,1434,275,2488,0.5071,21,1193,1911.0,4243.0,8,1278,344,2488,2174,2488,461,1193,0,32,32,69,10,108,22,10,117,0,59,146,56,116,29,63,26,31,29,12,2488,283,63,1193,1278
06037139402,1433600,3011,4001,0,17,10,0,132,31,67,11,42,834,69,1501,171,2979,0.4635,13,966,7268.0,8171.0,32,1037,274,2979,2618,2904,687,966,25,45,66,33,27,62,37,41,56,81,29,28,113,69,113,48,123,45,119,57,2979,715,119,966,1037
06037139502,914600,1659,3559,17,10,23,73,348,124,29,43,39,772,107,1731,206,3004,0.4888,16,1120,4840.0,6353.0,0,1205,381,3004,2746,2997,658,1120,45,32,39,62,57,35,138,14,110,18,63,57,132,135,46,8,78,116,61,10,3004,557,202,1120,1205
06037139504,546500,1752,2434,184,108,113,91,1393,28,47,22,19,463,250,2363,834,4128,0.4992,102,1856,2320.0,7442.0,77,2006,291,4128,3800,4087,636,1856,55,29,18,11,38,49,40,91,70,72,175,129,102,65,35,37,164,75,162,10,4128,358,105,1856,2006
06037139505,416300,1727,1214,23,86,168,147,1335,32,0,0,14,342,237,1827,1272,2965,0.5511,0,1677,1383.0,5831.0,0,1706,685,2965,2432,2929,281,1677,37,38,44,37,0,14,0,58,144,28,14,74,97,126,63,0,145,130,0,0,2965,279,63,1677,1706
06037139506,388000,1729,1341,152,116,113,60,850,50,78,69,13,660,143,1814,245,3416,0.363,16,1510,2880.0,5739.0,0,1510,880,3416,2665,3394,539,1510,94,0,46,0,64,49,62,124,63,95,0,67,7,126,22,20,76,17,239,127,3416,485,167,1510,1510
06037139600,1186400,2526,2377,43,145,219,39,862,83,101,150,57,1402,332,2670,249,5196,0.4958,17,2264,9842.0,12945.0,96,2415,458,5241,4801,5227,1172,2264,132,124,118,116,69,42,9,85,234,53,135,116,48,225,121,129,198,149,198,13,5241,1142,227,2264,2415
06037139701,1269700,2777,3356,30,14,46,0,548,156,119,75,53,1492,199,2807,710,5810,0.4685,14,2040,11293.0,14229.0,195,2246,469,5889,5275,5821,1189,2040,15,46,140,113,85,93,17,223,312,67,72,97,139,159,83,146,120,115,182,228,5889,1175,293,2040,2246
06037139703,1700500,3240,4001,0,0,9,0,123,45,45,16,25,766,52,1162,171,2718,0.4874,11,889,6211.0,7063.0,0,975,29,2747,2539,2733,598,889,69,86,73,42,22,44,63,21,122,41,16,51,83,50,82,91,77,134,119,55,2747,625,68,889,975
06037139704,1304700,3239,3318,0,0,16,113,178,50,75,116,11,776,35,1184,53,2620,0.5382,0,954,6008.0,7103.0,22,1053,3,2620,2411,2620,550,954,20,44,48,50,114,5,16,68,65,52,6,24,43,51,209,103,0,156,213,41,2620,621,155,954,1053
06037139705,1628700,-666666666,4001,0,0,0,0,78,199,79,59,46,1213,117,1927,101,3820,0.464,0,1291,9705.0,10124.0,0,1308,111,3820,3476,3820,909,1291,44,110,76,83,71,24,99,63,85,96,124,102,59,187,108,74,166,91,153,58,3820,1077,136,1291,1308
06037139801,1247300,3501,3901,10,0,14,19,52,91,52,60,106,1174,109,1849,88,3478,0.501,0,1226,8759.0,9195.0,0,1277,193,3478,3229,3478,844,1226,93,44,81,71,52,20,34,66,113,53,51,102,14,128,177,95,92,74,60,53,3478,971,203,1226,1277
06037139802,1219600,3236,3695,11,12,0,0,120,81,89,30,92,1300,34,1680,205,4041,0.4951,54,1420,10721.0,11701.0,54,1458,230,4041,3843,4026,1167,1420,44,71,104,117,68,109,86,76,207,95,59,39,61,180,209,79,134,94,89,50,4041,1059,241,1420,1458
06037141101,715700,1915,2758,239,146,111,188,1675,23,24,54,28,540,218,2867,392,4757,0.4816,70,2215,3268.0,9463.0,22,2559,611,4757,3702,4698,537,2215,14,21,58,0,50,0,17,83,55,28,0,42,392,207,280,14,139,10,117,12,4757,496,44,2215,2559
06037141102,1038900,1876,2880,96,119,80,76,927,51,47,91,23,507,165,2063,233,3120,0.4742,44,1434,3155.0,6493.0,9,1499,360,3120,2609,3090,521,1434,53,54,31,29,8,9,15,16,47,50,30,30,97,154,44,39,133,37,51,36,3120,433,67,1434,1499
06037141201,844000,1820,3276,303,299,183,150,1810,26,65,0,74,350,169,2968,345,4201,0.4122,51,2160,2084.0,8647.0,39,2243,772,4201,3479,4113,549,2160,32,33,28,8,33,54,63,30,52,49,25,38,166,55,18,0,229,33,60,32,4201,298,52,2160,2243
06037141202,928700,2064,2872,116,96,112,123,817,38,129,35,7,639,119,1866,319,3001,0.505,41,1456,4276.0,7329.0,65,1553,257,3001,2555,2948,605,1456,91,38,33,20,0,8,49,54,14,20,0,33,110,22,67,84,52,73,47,28,3001,496,143,1456,1553
06037141303,556300,1989,2561,75,211,130,155,1402,8,50,34,8,326,141,2323,444,3431,0.4315,36,1728,1521.0,6530.0,0,1805,508,3436,2766,3410,649,1728,38,10,23,76,28,25,15,29,59,67,62,63,75,50,42,24,60,58,15,18,3436,268,58,1728,1805
06037141304,1098000,1904,3370,104,143,143,44,832,185,49,124,101,765,173,2296,321,3185,0.5829,0,1597,4971.0,7979.0,182,1691,245,3185,2649,3177,434,1597,0,39,92,8,0,15,32,21,73,59,52,62,34,86,93,36,83,26,84,0,3185,723,35,1597,1691
06037141305,923200,2171,2820,190,78,113,162,942,42,69,35,0,409,105,1884,165,2606,0.4797,33,1351,3005.0,6274.0,35,1477,557,2606,2055,2606,540,1351,75,19,51,12,10,25,12,13,63,57,14,0,0,32,0,28,89,0,86,52,2606,395,14,1351,1477
06037141306,1129900,2022,4001,159,87,116,147,1236,95,0,12,31,333,426,2471,84,3176,0.5241,30,1569,2380.0,6779.0,56,1692,793,3240,2573,3176,532,1569,37,0,84,0,0,0,11,29,37,0,43,39,144,44,89,79,0,45,25,7,3240,272,61,1569,1692
06037141400,1177900,1847,4001,107,2,100,165,956,122,96,97,25,1079,117,2658,223,5332,0.5352,32,2035,7948.0,11188.0,116,2153,483,5366,4826,5366,1005,2035,37,54,91,34,35,48,38,72,116,52,90,184,188,328,258,56,200,123,148,88,5366,708,342,2035,2153
06037141500,2000001,-666666666,4001,0,0,0,0,26,61,63,83,50,1054,44,1409,81,3015,0.5059,0,1080,,,18,1171,65,3015,2719,2981,631,1080,15,73,76,9,59,48,24,66,79,45,25,129,42,42,45,30,84,152,71,57,3015,987,67,1080,1171
06037141600,1360000,3501,4001,51,17,0,0,206,171,126,46,86,1574,172,2616,200,4198,0.4715,0,1780,10896.0,12161.0,0,1975,270,4198,3845,4140,992,1780,37,127,174,69,8,8,71,80,60,73,48,76,134,121,141,115,115,26,83,70,4198,1404,170,1780,1975
06037141700,1559300,3501,3906,0,54,0,0,85,111,78,125,45,1157,252,1922,99,3342,0.4166,18,1242,8309.0,8871.0,13,1416,164,3342,2829,3322,890,1242,24,76,70,63,56,24,17,36,97,36,25,63,125,58,54,115,100,38,88,69,3342,991,166,1242,1416
06037143101,736800,2347,3130,45,64,12,62,383,97,0,11,21,710,106,1139,101,2050,0.581,25,1093,3820.0,5295.0,27,1172,160,2074,1770,2069,405,1093,87,0,49,11,29,0,84,0,0,10,60,110,19,150,14,30,3,29,56,0,2074,567,143,1093,1172
06037143102,745700,2057,2566,100,83,57,108,890,14,13,0,0,254,135,1681,151,2139,0.4312,34,1144,1404.0,4672.0,14,1216,400,2139,1869,2139,400,1144,0,27,27,24,14,0,28,38,28,24,0,0,44,0,29,31,79,0,0,0,2139,226,28,1144,1216
06037143200,793800,1698,2899,211,144,112,108,1432,98,42,79,104,687,220,3253,324,4351,0.4267,19,2119,4329.0,9169.0,55,2276,1102,4351,3371,4351,767,2119,54,18,39,56,0,0,17,19,83,22,0,21,0,19,49,0,191,55,87,55,4351,616,71,2119,2276
06037143301,736300,1749,2293,186,111,28,41,1190,67,0,117,27,397,71,2214,183,3586,0.4869,62,1587,2341.0,6745.0,11,1666,732,3586,3309,3586,524,1587,0,76,9,40,45,17,59,9,135,34,0,14,154,115,99,0,0,155,51,65,3586,360,37,1587,1666
06037143302,1084500,1813,2911,233,109,65,33,876,62,199,30,24,810,138,1838,205,3104,0.4613,36,1686,5392.0,8504.0,64,1729,405,3104,2694,3104,618,1686,0,92,94,47,51,47,88,93,19,44,60,11,103,45,37,14,63,34,46,12,3104,748,62,1686,1729
06037143401,851800,2509,2900,198,137,84,272,1231,244,93,141,99,1111,259,3443,174,5602,0.3996,131,2342,6375.0,11202.0,41,2413,536,5602,4839,5495,1010,2342,25,75,48,30,14,262,75,23,133,91,90,170,142,155,155,22,260,100,143,78,5602,668,426,2342,2413
06037143402,947600,1857,3447,108,55,83,36,436,44,69,0,0,376,15,1154,140,1973,0.5903,12,812,2375.0,3942.0,0,856,247,1973,1649,1898,355,812,12,9,12,29,12,0,33,59,56,0,0,19,200,30,17,30,75,78,0,21,1973,258,118,812,856
06037143500,1202500,2273,3815,265,179,10,175,1257,51,295,76,40,1116,319,3319,465,5633,0.4409,53,2373,7531.0,12601.0,132,2546,640,5633,4906,5562,1029,2373,84,23,226,126,0,36,27,45,134,48,62,45,98,103,153,83,220,173,151,86,5633,889,227,2373,2546
06037143602,709900,1708,3142,184,112,99,21,1223,164,18,75,19,1075,237,2765,520,4595,0.5446,105,2298,6356.0,10964.0,75,2487,530,4897,4276,4874,829,2298,23,75,98,34,14,37,51,97,89,74,91,89,166,140,0,152,0,107,15,23,4897,911,164,2298,2487
06037143603,804200,1810,2310,95,123,62,128,979,84,17,43,14,385,96,1733,165,2442,0.4175,22,1364,2046.0,5282.0,18,1486,382,2442,2161,2419,385,1364,23,44,66,6,8,25,23,49,0,33,15,24,99,5,33,17,91,32,0,22,2442,306,79,1364,1486
06037143605,833300,2589,3242,26,153,47,54,909,12,12,0,0,64,100,1505,184,1803,0.4204,0,973,347.0,2994.0,7,1056,161,1803,1133,1803,212,973,0,0,16,0,0,0,0,0,0,0,16,0,0,0,20,0,9,14,0,0,1803,61,3,973,1056
06037143606,-666666666,1953,-666666666,103,116,189,33,955,0,0,0,0,18,120,1420,108,1701,0.3945,45,973,,,5,1049,170,1701,1235,1701,184,973,0,0,0,0,0,0,11,13,33,0,0,18,88,13,17,0,0,0,11,0,1701,5,13,973,1049
06037143700,1322900,1895,4001,68,9,43,86,524,242,87,46,251,1343,198,2469,244,3767,0.53,57,1867,8387.0,10189.0,0,2105,527,3767,3428,3767,673,1867,36,48,95,9,8,0,122,17,48,71,44,47,191,48,44,11,51,107,95,42,3767,1160,175,1867,2105
06037143801,1247800,2592,2983,175,55,121,32,554,131,97,67,0,848,155,2039,118,3342,0.3942,0,1402,5451.0,8035.0,0,1412,199,3342,2854,3319,728,1402,15,94,76,18,54,18,0,91,30,0,65,0,132,150,108,42,100,124,0,59,3342,698,150,1402,1412
06037143802,1823500,2058,4001,130,79,163,8,631,81,45,28,0,432,98,1762,51,2501,0.4502,12,1063,3261.0,5924.0,0,1134,391,2501,1960,2462,440,1063,52,101,84,38,38,0,0,108,57,22,13,28,54,103,41,0,61,59,0,45,2501,379,53,1063,1134
06037143901,1648200,2350,4001,35,0,7,0,147,81,217,19,46,1478,219,2308,90,4345,0.5321,11,1625,10721.0,11591.0,39,1809,447,4363,3938,4312,987,1625,46,83,298,36,23,20,64,35,68,71,39,48,82,190,132,86,44,260,186,77,4363,1185,271,1625,1809
06037143902,1172700,2058,3145,88,63,69,22,610,120,15,58,67,743,134,1709,281,2860,0.5836,13,1353,5415.0,7700.0,21,1466,415,2860,2638,2860,530,1353,29,16,95,17,47,57,49,35,41,32,45,68,46,73,111,30,10,93,96,33,2860,699,44,1353,1466
06037181000,899800,1654,2592,24,103,120,121,714,196,283,120,126,1601,107,3261,504,6311,0.4928,72,2315,9992.0,12913.0,30,2383,2104,6357,5110,6178,1355,2315,114,142,47,84,90,71,97,135,148,200,202,47,228,187,196,0,169,317,158,0,6357,989,594,2315,2383
06037181300,885100,1762,3073,39,95,71,28,467,79,91,44,63,829,163,2521,242,3931,0.4476,20,1296,5227.0,7408.0,26,1401,1047,3959,3424,3863,749,1296,33,104,44,57,33,33,47,82,75,28,62,26,129,75,80,35,81,60,75,52,3959,523,269,1296,1401
06037181400,744900,1655,2188,189,291,120,103,1139,45,63,34,68,535,235,2738,439,4669,0.406,43,1674,2658.0,6583.0,27,1775,1757,4797,4343,4779,714,1674,36,2,58,45,8,64,26,71,137,59,23,213,153,192,100,96,73,46,174,101,4797,288,219,1674,1775
06037181500,782200,1737,2579,23,13,39,1,330,256,60,54,72,1075,18,2092,387,3927,0.4593,34,1405,6669.0,8122.0,26,1438,886,3934,3599,3871,773,1405,12,144,84,52,42,59,35,165,152,18,39,11,141,121,25,51,99,80,144,42,3934,779,236,1405,1438
06037181600,855000,1518,2199,48,162,31,91,675,43,31,45,31,404,209,2501,143,2971,0.4431,21,1079,2388.0,4894.0,19,1158,1601,4697,3443,4652,485,1079,12,35,40,13,12,33,20,26,58,11,56,56,110,53,35,69,37,79,91,153,4697,253,119,1079,1158
06037183101,685500,1408,1727,110,44,24,101,531,62,50,19,23,642,33,1592,413,2749,0.4873,28,1173,3488.0,5371.0,0,1292,1491,2749,2454,2714,372,1173,15,45,29,69,0,23,28,38,31,88,3,8,124,85,112,36,53,121,20,40,2749,428,203,1173,1292
06037183103,645800,1449,2743,79,192,349,169,1267,20,150,14,43,385,271,2788,570,4800,0.4043,72,1652,2220.0,6677.0,7,1669,2754,4800,4451,4717,770,1652,54,49,29,0,26,0,57,50,20,24,7,45,157,75,68,93,150,276,261,78,4800,84,301,1652,1669
06037183104,721300,1427,1977,56,31,23,7,230,12,78,66,51,507,65,1157,183,1980,0.4768,49,737,3046.0,4002.0,0,812,990,1985,1858,1976,306,737,19,12,73,38,27,21,51,26,60,76,20,30,9,39,50,32,27,40,26,28,1985,356,132,737,812
06037183220,659600,1252,1970,19,134,55,50,543,41,68,0,111,572,135,2115,447,3483,0.4293,0,1115,2965.0,4752.0,0,1176,2186,3597,3361,3587,519,1115,37,64,23,45,26,10,19,58,84,45,32,35,136,128,46,39,54,80,87,109,3597,364,165,1115,1176
06037183221,797200,1356,1559,99,76,37,0,540,39,46,29,15,598,221,2352,349,3704,0.4115,51,1138,3043.0,5073.0,19,1184,2843,3779,3210,3779,489,1138,30,62,82,36,0,4,0,57,43,8,5,85,60,56,132,112,64,39,95,92,3779,316,262,1138,1184
06037183222,799700,1346,2310,50,179,99,23,594,120,111,54,86,936,101,2172,353,3562,0.4506,49,1530,4877.0,6906.0,6,1584,1250,3569,3211,3510,586,1530,136,59,82,23,45,26,38,61,140,110,48,93,108,34,20,12,71,94,62,12,3569,612,309,1530,1584
06037183300,635200,1603,2039,61,26,186,130,664,85,54,35,42,455,142,2065,285,3514,0.4183,102,1119,2495.0,4857.0,0,1173,2138,3528,3335,3515,502,1119,18,57,70,16,11,15,38,60,77,19,89,15,80,63,98,48,53,93,146,49,3528,248,156,1119,1173
06037183401,714400,1583,1596,18,30,48,83,389,15,27,36,38,429,54,1258,428,2404,0.4723,74,818,2177.0,3868.0,8,843,1229,2439,2218,2432,396,818,52,38,40,16,18,38,9,48,95,53,29,99,49,35,72,64,44,21,81,15,2439,248,142,818,843
06037183402,773900,1479,2530,78,134,63,70,841,5,8,14,40,239,119,1726,403,2903,0.4576,88,1080,1121.0,4500.0,0,1102,983,3020,2598,3003,306,1080,25,5,17,39,5,10,13,29,45,43,16,76,28,51,56,41,179,42,83,16,3020,127,87,1080,1102
06037183510,758200,1954,2188,14,24,0,0,167,24,67,67,56,647,116,1546,151,2530,0.3964,14,814,3300.0,4096.0,6,814,1653,2535,2216,2493,327,814,44,33,25,29,0,44,39,5,50,18,14,47,85,18,54,42,49,46,48,54,2535,328,252,814,814
06037183520,714800,1208,1276,33,139,110,125,786,36,0,36,10,375,184,1968,616,3584,0.4565,47,1161,2235.0,4659.0,39,1212,3061,3676,3432,3630,560,1161,31,34,86,19,8,25,39,18,42,28,43,4,90,103,147,128,94,114,115,20,3676,193,143,1161,1212
06037183610,667700,1333,2021,70,77,45,35,635,68,25,60,15,342,150,1703,554,2913,0.404,62,977,1895.0,3989.0,13,1054,2001,2919,2502,2828,336,977,21,54,5,7,18,27,31,19,56,10,17,18,117,15,73,23,151,45,50,43,2919,143,190,977,1054
06037183620,760000,1200,2377,43,84,66,17,525,58,85,35,45,496,89,1746,419,3027,0.4319,16,1021,2805.0,4824.0,22,1083,1902,3038,2821,2992,424,1021,17,22,49,42,0,30,56,26,60,51,18,17,95,0,83,72,48,63,63,48,3038,352,133,1021,1083
06037183701,467000,1263,1973,73,72,44,48,760,69,89,35,62,556,182,2135,365,3382,0.4367,7,1316,2810.0,5113.0,0,1349,2171,3382,3075,3367,439,1316,19,30,86,37,0,54,13,39,173,31,48,0,53,208,42,0,75,91,36,11,3382,381,164,1316,1349
06037183702,865000,1513,2477,25,86,60,17,598,34,23,79,58,530,131,1677,350,2995,0.5401,12,1128,3589.0,5657.0,10,1146,1423,2995,2602,2972,507,1128,25,42,7,17,0,12,18,49,67,70,0,7,224,151,29,77,90,0,24,50,2995,457,73,1128,1146
06037183810,618400,1272,2067,171,154,137,82,1246,0,14,10,14,190,242,2400,948,4130,0.3718,23,1436,1160.0,4816.0,0,1523,3250,4130,3673,4077,453,1436,73,0,26,30,9,0,32,99,16,0,0,8,132,138,104,84,133,172,69,120,4130,105,85,1436,1523
06037183820,595900,1317,1661,319,128,121,17,1015,24,52,3,11,209,160,2148,542,3452,0.4055,0,1224,1060.0,4238.0,22,1239,2552,3452,3021,3416,399,1224,0,0,0,0,0,0,0,13,0,21,0,13,160,45,159,32,45,94,27,57,3452,109,89,1224,1239
06037185101,727900,1513,2781,107,94,64,57,706,37,48,55,51,268,151,1938,222,2786,0.4093,99,974,1479.0,3904.0,0,1025,1498,2869,2529,2869,384,974,26,0,36,8,17,17,19,41,0,23,17,16,114,149,54,0,19,70,29,67,2869,119,87,974,1025
06037185102,970000,3176,3385,62,0,10,0,332,154,116,44,19,1104,225,2324,139,3459,0.3729,0,1436,6308.0,7161.0,0,1536,1096,3459,2689,3332,916,1436,18,31,77,51,0,0,17,133,55,24,14,34,140,52,61,38,48,25,39,25,3459,913,170,1436,1536
06037185202,871900,1745,2238,13,126,31,59,743,58,109,37,9,758,105,2338,347,4162,0.6048,105,1501,4432.0,7300.0,0,1561,1990,4162,3830,4148,597,1501,44,114,58,38,6,11,0,21,139,31,10,9,195,200,62,13,232,140,25,46,4162,388,351,1501,1561
06037185203,693300,1353,1363,111,43,38,6,526,21,35,24,5,365,86,1648,647,2862,0.4969,38,891,1977.0,4047.0,19,961,2116,2862,2507,2838,280,891,54,34,32,0,0,5,22,24,51,30,17,21,93,63,23,28,89,94,70,17,2862,254,93,891,961
06037185204,879400,2043,1875,27,18,0,7,214,75,61,41,20,516,39,1029,191,1923,0.4662,5,730,3282.0,4143.0,4,757,732,1923,1827,1923,348,730,16,43,65,6,36,0,48,51,57,69,20,32,14,98,63,26,6,18,81,31,1923,421,79,730,757
06037185310,610500,1278,1607,87,64,100,27,599,4,20,64,12,308,135,1595,501,3175,0.3853,38,907,1561.0,3797.0,0,942,2737,3180,3013,3156,328,907,15,19,90,9,53,5,42,41,41,51,25,35,82,179,85,47,129,115,72,65,3180,141,122,907,942
06037185320,539900,1212,1672,41,36,73,25,547,21,21,58,16,348,113,1561,775,2938,0.4702,43,895,1906.0,3775.0,0,951,2490,2957,2743,2957,339,895,32,0,63,7,42,0,47,23,23,23,25,60,52,98,72,38,67,67,69,77,2957,157,155,895,951
06037186100,792100,1453,2576,65,70,188,74,772,194,126,122,24,1102,209,3217,281,4928,0.4139,15,1874,6283.0,9302.0,7,1930,1486,4929,4449,4915,856,1874,115,49,71,49,48,18,74,68,112,48,54,34,172,112,121,31,91,183,65,46,4929,705,340,1874,1930
06037186201,841300,1296,2487,103,95,207,119,855,120,37,12,19,423,55,1950,459,3578,0.4575,123,1278,2306.0,4956.0,252,1384,1669,3608,3358,3532,513,1278,33,8,38,42,9,122,0,84,160,68,58,58,273,41,115,8,130,14,26,70,3608,201,222,1278,1384
06037186202,684800,1678,2761,39,10,13,88,322,60,19,24,38,335,63,1159,195,1920,0.4122,9,657,1683.0,2968.0,57,739,806,1920,1322,1884,364,657,0,0,26,41,0,0,16,41,32,9,15,11,19,55,18,60,65,26,85,25,1920,191,110,657,739
06037186203,796800,2298,2313,0,43,53,68,222,164,68,72,24,860,164,1918,139,3113,0.3856,16,1082,4803.0,5758.0,0,1090,1340,3113,2837,3093,648,1082,0,124,30,92,0,38,25,7,108,47,15,14,151,31,130,19,67,129,81,57,3113,622,215,1082,1090
06037186301,687500,1515,3080,38,62,85,38,592,71,14,17,0,241,192,1593,627,2740,0.4515,67,833,1442.0,3509.0,28,899,1863,2749,2350,2698,324,833,7,15,47,8,10,5,14,0,75,30,20,5,103,75,99,27,98,76,113,71,2749,137,104,833,899
06037186302,827100,1543,2234,87,47,83,52,761,194,137,119,106,1154,298,3373,289,5263,0.4675,44,1915,6735.0,9912.0,24,2062,2224,5282,4671,5259,921,1915,84,90,189,73,8,48,18,31,257,36,25,108,101,54,49,43,118,163,55,37,5282,823,273,1915,2062
06037186401,495800,1366,1611,79,88,136,89,818,8,0,0,5,108,101,1650,557,3198,0.4426,44,926,486.0,3316.0,7,969,2575,3198,2963,3161,437,926,4,43,29,24,7,17,15,28,38,50,42,8,102,177,118,74,158,93,106,60,3198,66,24,926,969
06037186403,670500,1382,2094,63,53,41,76,494,6,45,32,15,332,81,1438,397,2809,0.4677,25,826,1949.0,3820.0,10,859,1871,2809,2598,2768,384,826,48,16,27,15,22,23,39,49,70,31,30,62,71,112,49,37,124,135,84,28,2809,193,104,826,859
06037186404,642700,1479,1963,12,63,76,40,554,21,19,33,36,217,228,1624,633,2809,0.4949,69,771,1104.0,3222.0,0,825,1947,2809,2582,2781,269,771,20,14,5,4,21,15,0,20,26,11,0,63,71,126,127,57,61,42,19,101,2809,81,111,771,825
06037187101,852800,1505,2201,138,38,29,89,599,63,105,14,101,618,65,1783,247,3163,0.3953,5,1217,3180.0,5701.0,21,1334,963,3213,2871,3187,534,1217,22,49,129,48,61,101,54,21,72,117,27,46,63,14,26,12,31,107,99,71,3213,316,291,1217,1334
06037187102,779900,1169,2655,156,49,91,58,1031,89,91,95,0,600,203,2386,831,4376,0.5092,134,1631,3055.0,6531.0,458,1637,2118,4376,3931,4333,735,1631,0,47,73,9,46,0,152,21,167,18,66,58,192,90,103,49,119,101,57,22,4376,316,228,1631,1637
06037187200,640000,1750,1792,71,68,91,47,665,40,33,27,6,382,142,2106,165,3324,0.44,27,1047,1980.0,4248.0,178,1099,2092,3324,3080,3311,370,1047,9,24,45,16,21,0,51,18,22,76,42,63,85,96,69,18,42,56,39,58,3324,181,146,1047,1099
06037187300,1048400,1990,2979,106,104,77,145,1003,66,57,92,5,590,220,2556,332,3715,0.4508,24,1593,3345.0,7667.0,65,1703,831,3715,3097,3667,471,1593,29,14,34,20,28,6,49,28,60,62,16,17,146,98,93,51,57,6,36,8,3715,490,75,1593,1703
06037188100,783900,1697,1838,169,183,121,231,1526,19,58,0,5,383,52,2542,541,3932,0.4527,68,1909,2117.0,7216.0,8,2028,2113,3960,3367,3917,508,1909,23,28,110,32,1,4,242,14,94,25,3,1,65,96,51,38,18,53,22,41,3960,353,30,1909,2028
06037188201,1092300,1839,2250,197,263,131,112,1370,49,17,44,0,336,176,2403,297,3252,0.5059,42,1706,1930.0,6573.0,6,1961,485,3262,2574,3252,435,1706,0,23,30,6,8,32,42,43,51,17,40,24,43,72,71,0,61,77,55,3,3262,281,49,1706,1961
06037188202,1733300,1692,3757,59,30,49,52,607,43,78,85,39,656,66,1923,100,2887,0.5211,8,1263,4951.0,6859.0,0,1338,402,2887,2340,2851,453,1263,77,56,40,48,18,29,25,43,79,60,39,44,114,41,5,32,157,52,17,10,2887,552,104,1263,1338
06037188300,878600,2134,1956,88,81,142,49,754,78,58,40,17,632,149,2280,356,3822,0.4599,32,1386,3540.0,6646.0,0,1501,1062,3822,3236,3734,585,1386,73,166,127,48,12,11,72,33,92,41,40,28,179,65,31,58,78,62,56,64,3822,404,116,1386,1501
06037189101,905500,1951,2306,158,174,74,68,1000,20,7,48,16,253,118,1857,186,2600,0.4365,64,1253,1361.0,4911.0,24,1453,280,2600,2131,2575,379,1253,0,33,23,28,0,0,59,21,25,19,9,43,96,36,28,0,87,33,20,0,2600,168,85,1253,1453
06037189102,1579200,1763,3803,204,226,162,184,1517,18,12,33,0,443,246,2834,207,3960,0.4601,120,1960,2924.0,7819.0,12,2064,586,3960,3270,3941,672,1960,21,13,57,25,12,37,30,98,80,55,25,61,208,88,51,8,78,46,22,25,3960,290,153,1960,2064
06037189201,736800,1596,2717,142,214,198,83,1675,10,30,0,7,124,140,2049,568,3074,0.4778,46,1799,808.0,5724.0,0,1962,506,3088,2405,3025,296,1799,7,54,34,18,12,20,8,29,82,54,19,33,65,9,12,0,103,62,0,0,3088,115,9,1799,1962
06037189202,1846300,1887,3055,178,78,22,58,750,13,75,0,46,511,113,1644,213,2781,0.5335,23,1261,3771.0,6963.0,0,1474,304,2781,2482,2764,594,1261,30,47,58,29,48,9,40,41,15,53,28,9,143,7,44,48,210,0,48,10,2781,489,22,1261,1474
06037189300,1796900,1328,2755,17,0,0,0,79,64,172,55,37,1393,117,1900,359,3212,0.5701,22,1472,10326.0,10661.0,0,1560,87,3212,3033,3159,678,1472,37,122,99,0,54,29,98,29,87,44,20,17,140,109,53,22,123,109,44,34,3212,1259,134,1472,1560
06037189400,1520700,2288,4001,50,108,106,15,658,93,38,44,72,873,159,2116,142,3130,0.4998,20,1531,5627.0,8497.0,0,2039,182,3145,2911,3131,581,1531,13,13,111,14,19,14,58,54,50,15,0,21,60,96,41,129,79,60,25,31,3145,738,135,1531,2039
06037189501,690300,1821,2885,61,110,140,32,1104,49,25,43,23,290,232,1836,228,2179,0.5033,0,1394,1631.0,5739.0,0,1654,239,2179,1609,2179,245,1394,0,147,77,12,0,0,0,31,20,0,25,0,71,0,0,33,50,13,0,0,2179,243,15,1394,1654
06037189502,1329700,1644,1697,43,140,198,53,1200,108,0,0,0,131,221,1629,375,2049,0.4302,20,1331,1066.0,4490.0,0,1508,405,2049,1709,2049,154,1331,15,12,19,11,0,0,12,105,49,2,14,13,0,0,0,0,0,0,0,1,2049,131,0,1331,1508
06037189600,1165300,1661,3036,144,168,259,153,1278,0,137,31,47,707,125,2729,401,3788,0.5343,10,1985,4445.0,8249.0,0,2296,734,3825,3411,3825,664,1985,38,32,98,0,18,2,15,80,1,0,13,24,84,20,100,98,0,0,97,0,3825,522,185,1985,2296
06037189702,1204700,1486,3721,63,161,32,39,709,71,45,48,37,683,221,1694,309,2426,0.553,152,1392,4355.0,6498.0,36,1706,227,2436,2004,2436,403,1392,21,76,52,6,10,0,0,26,68,55,19,67,12,30,14,57,63,0,35,0,2436,569,114,1392,1706
06037189703,1703500,2191,2616,66,0,31,55,471,33,52,53,8,557,14,1250,126,1880,0.6097,51,1028,3408.0,4771.0,15,1244,174,1880,1522,1880,234,1028,43,59,16,0,10,0,11,46,32,33,43,0,0,0,0,0,95,22,0,0,1880,507,50,1028,1244
06037189704,1296600,1932,3135,0,0,15,43,297,51,27,12,50,455,40,724,127,1471,0.541,0,752,3016.0,3732.0,13,1388,154,1471,1209,1471,279,752,0,52,26,32,14,15,14,29,0,0,12,152,14,24,79,0,43,13,124,24,1471,390,43,752,1388
06037189801,883300,1898,-666666666,57,126,71,106,920,0,10,6,13,328,78,1342,203,1839,0.5064,77,1248,1944.0,5033.0,141,1663,184,1839,1551,1839,234,1248,61,10,17,12,0,12,6,45,158,0,51,38,0,15,40,18,8,20,0,0,1839,322,6,1248,1663
06037189802,1132800,1740,4001,67,87,84,118,986,18,36,0,0,206,182,1376,339,2149,0.5742,135,1192,1001.0,4398.0,0,1192,275,2158,1805,2158,379,1192,0,0,88,22,18,51,0,16,33,122,3,36,51,91,0,18,52,17,24,0,2158,105,36,1192,1192
06037189903,582400,2085,1806,35,211,122,71,1068,15,13,15,32,538,174,1642,239,2182,0.453,48,1606,1870.0,4826.0,0,1722,329,2182,1792,2182,220,1606,0,0,22,53,9,58,24,41,29,17,0,65,0,47,0,0,15,0,0,0,2182,461,77,1606,1722
06037189904,-666666666,1832,-666666666,151,157,146,134,1471,0,0,0,0,32,127,1875,295,2375,0.4245,63,1503,156.0,3873.0,96,1680,602,2382,1792,2382,207,1503,14,24,4,0,0,13,9,13,23,0,0,51,23,0,0,0,51,0,0,0,2382,32,0,1503,1680
06037189905,677400,1793,1990,171,188,76,68,1124,15,110,10,29,302,22,1833,206,2588,0.488,15,1426,1456.0,4831.0,0,1519,627,2615,2242,2572,364,1426,26,56,24,23,30,0,41,43,53,14,27,26,54,164,155,2,11,0,9,27,2615,223,71,1426,1519
06037189906,651300,2070,761,204,85,35,89,1330,16,0,0,0,92,176,2220,431,2634,0.4785,144,1422,440.0,4368.0,48,1568,137,2634,1959,2608,434,1422,16,7,12,16,0,0,0,7,0,13,7,0,0,0,0,0,26,0,0,0,2634,38,54,1422,1568
06037189907,1096600,1701,1983,177,89,112,178,1363,0,10,0,0,54,131,1715,270,2418,0.4117,0,1417,232.0,4279.0,0,1529,566,2418,2033,2402,357,1417,11,26,0,11,19,19,37,0,22,0,33,30,0,10,0,0,168,131,12,30,2418,44,10,1417,1529
06037190101,-666666666,1411,-666666666,130,144,60,96,1245,0,0,0,0,0,212,1241,346,1653,0.4407,48,1245,-666666666.0,2800.0,0,1579,270,1653,1292,1653,69,1245,0,11,27,11,0,0,1,0,31,14,0,0,0,0,0,0,0,51,0,0,1653,0,0,1245,1579
06037190102,632100,1817,1586,75,344,139,101,1402,0,13,0,0,63,195,2377,345,2700,0.4073,12,1465,259.0,4570.0,62,1640,709,2716,1997,2716,235,1465,0,0,14,13,40,0,14,13,37,38,0,0,44,0,26,0,0,0,0,0,2716,35,28,1465,1640
06037190201,-666666666,1305,-666666666,135,92,217,140,1378,0,0,0,0,9,203,1652,635,2443,0.5224,97,1387,,,0,1750,1219,2895,2263,2895,181,1387,0,5,10,79,0,22,23,0,82,19,45,74,0,16,107,15,0,100,39,7,2895,9,0,1387,1750
06037190202,-666666666,1682,-666666666,148,401,153,212,2248,0,0,0,0,38,144,2367,763,3256,0.467,140,2286,,,112,2685,720,3256,2513,3176,131,2286,55,16,74,41,21,0,40,15,38,86,50,0,126,0,0,0,0,0,0,0,3256,38,0,2286,2685
06037190302,838200,1636,2032,84,86,63,197,1108,0,0,24,2,148,179,2003,630,2985,0.5262,30,1256,1145.0,4032.0,0,1416,806,2985,2587,2982,324,1256,52,53,18,3,23,66,50,9,31,54,69,65,3,0,0,21,7,102,23,71,2985,118,28,1256,1416
06037190303,1068200,1129,4001,198,107,177,179,1690,0,53,0,0,64,361,2049,508,2824,0.5011,75,1754,353.0,3540.0,36,1899,675,2850,2539,2778,228,1754,9,82,16,34,0,14,11,46,25,22,48,32,24,0,13,0,72,0,0,0,2850,64,0,1754,1899
06037190401,473300,1389,-666666666,132,112,268,95,1683,0,0,0,0,22,203,2162,325,2996,0.4309,100,1705,88.0,4486.0,0,1867,919,2996,2710,2996,349,1705,15,4,37,20,48,12,127,26,81,94,103,0,29,0,33,0,0,16,25,33,2996,14,8,1705,1867
06037190402,-666666666,1455,-666666666,126,139,201,101,1214,0,0,0,0,8,34,1327,449,2070,0.422,15,1222,,,0,1328,336,2070,1700,2057,131,1222,9,29,21,22,7,30,21,11,26,30,9,29,0,10,0,31,36,62,0,36,2070,8,0,1222,1328
06037190510,-666666666,1458,-666666666,145,263,134,195,1591,0,0,0,0,0,202,2250,940,3771,0.475,122,1591,-666666666.0,4655.0,348,2014,1520,3815,3279,3815,553,1591,8,65,48,22,3,4,100,40,50,16,22,22,14,212,25,81,48,141,164,23,3815,0,0,1591,2014
06037190520,499200,1332,2240,29,189,275,181,1425,9,0,13,0,131,213,2242,1163,4144,0.5129,100,1556,575.0,4136.0,11,1647,1825,4144,3810,4144,595,1556,24,8,49,33,2,109,72,89,114,10,20,14,300,153,139,49,91,85,30,9,4144,16,100,1556,1647
06037190701,1125000,1228,-666666666,89,29,173,66,833,9,7,0,0,96,65,835,629,1693,0.6297,41,929,186.0,2246.0,0,1191,345,1693,1407,1693,95,929,35,10,109,13,36,0,51,18,26,8,0,46,0,0,0,0,45,129,34,0,1693,74,13,929,1191
06037190702,718100,1540,2679,20,168,18,14,660,14,7,22,0,89,112,957,66,1127,0.5345,22,749,498.0,2305.0,0,931,295,1127,945,1127,130,749,33,0,12,18,0,0,0,0,0,15,30,18,21,0,0,0,0,0,16,7,1127,71,18,749,931
06037190801,845000,1187,-666666666,84,94,163,128,1152,0,6,19,0,65,283,1338,984,2462,0.5873,10,1217,328.0,3607.0,22,1417,1073,2663,2115,2663,289,1217,47,30,26,19,50,98,31,9,103,48,27,63,0,0,58,67,0,51,35,35,2663,48,0,1217,1417
06037190802,719600,1401,2158,199,134,219,86,1272,14,23,21,0,147,142,1918,648,3071,0.4449,36,1419,833.0,4500.0,18,1641,951,3071,2696,3061,327,1419,28,66,0,69,14,6,18,10,90,27,0,25,53,0,0,9,21,9,92,34,3071,115,32,1419,1641
06037190901,862100,1204,2718,93,178,61,110,1229,0,5,0,0,107,163,2638,1197,4361,0.4896,67,1336,505.0,3728.0,0,1572,3298,4361,4011,4313,433,1336,39,5,51,0,7,0,36,34,72,10,10,30,66,98,166,43,128,74,61,87,4361,76,0,1336,1572
06037190902,1103400,1353,1250,221,239,101,159,1505,0,0,0,0,68,97,2264,714,3752,0.4256,20,1573,346.0,5222.0,87,1755,2223,3793,3504,3793,484,1573,23,55,83,20,12,0,52,28,23,56,27,6,26,79,92,99,66,79,132,63,3793,49,12,1573,1755
06037191000,689300,2010,3138,110,302,456,356,2708,16,24,32,20,103,339,3669,610,4817,0.4676,187,2811,591.0,8096.0,1574,4132,1670,4817,3687,4817,581,2811,8,38,0,14,70,45,0,0,13,0,10,0,0,60,128,23,174,0,51,93,4817,79,24,2811,4132
06037191110,663800,1132,3147,94,189,121,151,1055,0,8,0,0,38,83,1512,1361,3424,0.4766,44,1093,227.0,2856.0,0,1251,1199,3634,3296,3624,232,1093,110,61,67,15,34,27,85,61,195,76,109,49,34,21,10,7,23,63,2,13,3634,16,15,1093,1251
06037191120,1088000,1234,918,79,95,63,121,1479,0,0,0,5,158,347,2167,649,3552,0.5492,37,1637,984.0,4529.0,26,1763,1803,3732,3326,3717,405,1637,89,26,68,24,56,57,27,43,70,20,61,57,106,94,160,15,14,85,80,12,3732,105,52,1637,1763
06037191201,782100,1244,2508,157,160,191,146,1643,7,0,0,0,89,273,3439,1071,4771,0.4621,111,1732,447.0,4987.0,0,1934,1996,5088,4574,5061,620,1732,172,191,66,51,79,25,83,71,147,47,76,39,42,44,87,0,116,16,24,68,5088,30,24,1732,1934
06037191203,1078100,1125,-666666666,89,69,104,77,1012,0,12,0,0,44,246,1541,736,2287,0.506,22,1056,238.0,2475.0,0,1176,1210,2287,2065,2287,229,1056,66,35,90,44,47,0,23,50,103,44,22,0,36,70,19,91,11,12,9,2,2287,32,12,1056,1176
06037191204,798100,1234,-666666666,50,50,142,83,748,8,4,0,0,42,62,984,481,1703,0.471,49,790,186.0,2007.0,5,855,779,1703,1397,1658,232,790,13,91,17,35,6,8,13,39,23,53,0,27,64,62,20,0,34,30,27,25,1703,22,12,790,855
06037191301,688500,1294,-666666666,64,181,81,111,808,0,6,4,6,144,28,1316,569,2310,0.5061,63,952,745.0,2977.0,11,1010,1151,2320,2161,2320,203,952,10,7,36,41,7,31,12,47,83,62,22,35,64,41,76,12,10,47,61,6,2320,86,58,952,1010
06037191302,625000,1379,-666666666,105,91,85,40,755,0,4,0,0,69,94,1262,234,1847,0.4262,0,824,343.0,2427.0,0,994,965,1873,1626,1873,255,824,20,6,0,0,15,5,19,17,10,14,0,18,30,13,24,43,52,19,48,5,1873,57,12,824,994
06037191410,566000,1122,2632,59,154,195,110,1395,0,18,0,0,65,198,2355,811,3729,0.4501,6,1460,353.0,3677.0,0,1617,2507,3841,3351,3827,383,1460,8,18,48,35,3,21,22,38,21,46,33,65,35,98,150,75,105,47,33,56,3841,29,30,1460,1617
06037191420,825000,1524,2172,192,32,140,105,1022,12,0,8,0,129,133,2627,338,3698,0.4254,29,1151,758.0,3792.0,0,1188,2596,3698,3395,3664,453,1151,14,14,19,0,0,0,0,30,31,0,0,0,88,71,41,49,63,34,124,63,3698,40,14,1151,1188
06037191500,822900,1268,2801,157,179,177,182,1431,85,14,32,9,399,242,3266,1121,5904,0.4585,85,1830,2560.0,7321.0,0,1928,3346,5928,5442,5862,782,1830,39,93,68,45,0,16,77,52,102,102,41,60,97,92,101,65,129,143,217,150,5928,185,110,1830,1928
06037191610,1170000,1390,3750,169,156,165,89,1238,0,24,0,0,110,156,2472,1127,4016,0.4528,52,1348,689.0,4049.0,17,1508,2259,4016,3422,3992,349,1348,55,34,40,10,30,0,34,33,49,39,0,21,101,70,27,17,105,221,207,86,4016,44,47,1348,1508
06037191620,856600,1215,-666666666,72,127,29,95,992,6,0,0,0,88,160,1319,964,2557,0.4362,23,1080,319.0,2677.0,38,1205,1372,2600,2380,2600,264,1080,8,32,71,26,36,14,0,0,43,18,47,116,46,172,53,9,170,20,76,50,2600,70,18,1080,1205
06037191710,583300,1065,-666666666,92,82,114,170,1146,13,0,0,0,60,114,1504,810,2632,0.4434,57,1206,287.0,3034.0,12,1432,1795,2632,2527,2632,399,1206,0,47,13,29,28,38,23,59,167,18,31,0,29,37,20,28,61,51,33,100,2632,15,33,1206,1432
06037191720,819000,1097,-666666666,91,184,59,63,1180,0,0,0,0,74,75,1900,752,3253,0.4381,25,1254,353.0,3726.0,0,1431,2369,3266,3148,3266,339,1254,24,13,62,27,0,0,15,23,38,16,8,33,79,144,181,44,63,99,21,59,3266,45,29,1254,1431
06037191810,667600,1490,1913,31,27,139,118,1127,11,12,10,0,63,165,2135,652,3188,0.3794,0,1190,356.0,4099.0,40,1284,2244,3188,3012,3166,326,1190,0,0,21,10,15,0,0,52,50,14,0,0,142,57,73,162,22,134,0,22,3188,63,0,1190,1284
06037191820,632700,1628,2745,219,238,230,53,1636,0,35,18,0,118,170,2644,395,3615,0.42,119,1754,568.0,6085.0,273,1985,1193,3615,2932,3560,318,1754,0,30,6,48,98,2,0,20,41,0,31,34,80,37,34,15,103,46,15,51,3615,80,38,1754,1985
06037191901,758300,1741,2243,182,220,151,129,1827,0,10,0,0,58,138,2425,541,3404,0.4364,90,1885,265.0,5834.0,33,2118,634,3404,2945,3402,350,1885,9,18,16,31,0,0,0,0,0,17,0,76,115,61,19,0,57,25,104,32,3404,58,0,1885,2118
06037191902,1421100,2052,3186,81,72,107,81,810,76,48,35,64,666,37,2030,265,2777,0.573,10,1476,3996.0,7046.0,77,1727,210,2777,2322,2756,451,1476,0,81,48,9,26,14,15,43,17,57,17,13,37,59,59,54,43,73,42,13,2777,542,106,1476,1727
06037192001,1564500,1796,3563,60,105,59,134,869,24,34,16,0,206,110,1452,346,2070,0.6386,8,1075,1218.0,3888.0,186,1304,287,2209,1689,2205,277,1075,8,28,50,24,27,29,17,89,16,67,28,53,54,20,0,4,13,70,32,35,2209,170,36,1075,1304
06037192002,1257800,2226,2347,86,90,42,95,618,64,86,48,43,721,154,1895,207,2659,0.4655,21,1339,4383.0,6867.0,41,1498,103,2684,2325,2670,462,1339,37,26,23,76,14,0,9,52,64,110,11,36,52,8,83,12,33,0,5,56,2684,613,108,1339,1498
06037192300,1092100,2010,2885,55,99,53,55,872,9,95,8,31,462,169,1852,207,2428,0.5437,60,1334,2496.0,5450.0,0,1746,443,2428,2093,2428,455,1334,0,30,68,37,20,13,35,23,78,21,28,31,47,19,17,15,49,18,4,8,2428,322,140,1334,1746
06037192410,1181800,1757,2581,258,134,83,59,1158,0,43,49,24,654,172,2413,368,4008,0.5667,34,1812,3755.0,7975.0,39,2002,576,4008,3673,4008,577,1812,24,43,17,40,48,28,37,29,110,98,76,86,38,56,29,29,242,69,37,39,4008,498,156,1812,2002
06037192420,822600,1591,2979,113,86,161,177,1184,60,14,26,12,187,95,2485,450,3930,0.4543,7,1371,981.0,4989.0,103,1439,1858,3949,3629,3916,539,1371,51,97,55,9,23,0,18,0,94,22,60,0,125,44,8,72,151,173,96,15,3949,98,75,1371,1439
06037192510,682300,1515,2845,49,47,134,52,944,16,20,12,10,323,120,2195,546,3905,0.4205,49,1267,1586.0,4662.0,0,1293,1898,3981,3795,3938,722,1267,0,50,49,9,14,8,85,24,91,39,16,0,281,125,212,20,67,53,60,14,3981,119,186,1267,1293
06037192520,673100,1310,2049,210,204,103,93,1488,12,9,0,0,150,285,3102,1077,5445,0.371,42,1638,812.0,5589.0,9,1775,4046,5445,4895,5368,626,1638,97,51,133,0,0,9,77,54,85,22,15,52,109,240,101,45,313,166,181,116,5445,96,54,1638,1775
06037192610,1039500,1418,-666666666,127,70,104,182,1337,0,13,12,0,96,194,2274,760,3751,0.3715,58,1433,592.0,4693.0,0,1706,2432,3756,3066,3747,341,1433,52,111,32,13,0,17,24,70,68,57,18,0,99,148,113,65,96,105,43,17,3756,52,44,1433,1706
06037192620,738600,1281,2850,94,121,52,95,1158,0,0,0,0,42,139,1891,652,3637,0.3838,20,1200,214.0,3826.0,6,1310,2443,3658,3426,3611,581,1200,26,0,32,9,39,0,0,65,17,44,4,18,147,88,100,40,101,115,87,104,3658,28,4,1200,1310
06037192700,727800,1431,2338,38,94,127,176,952,0,27,14,0,149,64,1808,810,3689,0.4187,0,1101,921.0,4145.0,16,1255,2258,3689,3120,3669,424,1101,20,47,62,27,10,6,10,40,22,26,48,29,0,85,58,39,41,283,67,28,3689,97,28,1101,1255
06037194101,1679100,1975,4001,58,99,117,112,1171,107,30,62,6,596,163,2353,213,3463,0.542,29,1767,3931.0,7837.0,0,2117,273,3463,3046,3463,657,1767,91,29,22,105,90,26,8,9,88,56,0,21,29,49,70,0,42,36,97,8,3463,479,97,1767,2117
06037194102,1719900,1640,3091,10,14,34,14,270,71,37,19,22,1133,108,1677,322,2782,0.5469,0,1403,7590.0,8561.0,6,1701,187,2782,2501,2706,594,1403,10,39,100,65,68,11,50,28,52,47,54,74,86,72,27,71,24,37,90,11,2782,1017,116,1403,1701
06037194200,1892400,1928,4001,23,57,15,5,438,81,210,89,53,1091,208,2263,137,3445,0.4855,30,1529,7295.0,8767.0,14,2008,147,3504,3114,3475,582,1529,43,68,175,12,0,30,19,59,32,110,10,18,115,48,154,36,11,77,49,28,3504,879,212,1529,2008
06037194300,2000001,3501,4001,35,7,0,8,299,81,87,70,69,1090,28,1798,167,3022,0.5386,15,1389,7397.0,9039.0,48,1737,219,3022,2628,2983,623,1389,36,37,93,79,17,78,7,87,40,24,74,16,63,51,184,8,17,72,84,84,3022,846,244,1389,1737
06037194401,1574600,1931,2364,152,195,55,52,1162,35,11,0,0,244,183,1967,174,2439,0.5174,35,1406,1845.0,6085.0,25,1538,411,2571,2198,2571,344,1406,0,0,22,0,10,18,6,113,39,20,42,86,31,25,0,4,8,11,48,0,2571,244,0,1406,1538
06037194402,1018000,2441,3594,124,92,153,112,1385,69,188,20,0,711,90,2713,402,3362,0.4667,61,2096,3169.0,8243.0,0,2322,135,3362,2797,3362,480,2096,49,83,54,60,50,27,28,59,0,4,0,54,89,16,0,0,20,15,15,0,3362,509,202,2096,2322
06037194500,1878300,2085,2688,39,63,39,85,560,29,14,16,3,435,95,1286,124,2021,0.5803,38,995,2942.0,5159.0,152,1162,158,2070,1874,2051,373,995,38,55,35,39,35,0,25,18,26,38,32,48,48,32,11,19,95,57,19,4,2070,370,65,995,1162
06037195100,1302600,1851,3044,58,151,114,193,982,131,118,103,62,1226,163,2705,179,4980,0.4792,77,2208,8515.0,12552.0,0,2407,928,5193,4618,5193,1034,2208,51,96,79,46,20,90,24,73,100,37,45,82,183,222,120,27,145,219,102,88,5193,871,331,2208,2407
06037195201,1282100,1699,2088,188,115,159,137,1257,25,37,0,0,347,63,2049,240,3013,0.46,46,1604,2204.0,6183.0,12,1652,551,3013,2570,2983,487,1604,28,11,18,82,9,79,54,25,74,62,11,58,44,27,57,47,50,32,0,10,3013,268,65,1604,1652
06037195202,1248900,2387,2605,195,109,58,25,747,68,79,20,43,677,98,2101,219,3252,0.4987,28,1424,4429.0,7686.0,0,1555,574,3252,2998,3219,667,1424,53,32,17,19,39,51,0,19,31,40,30,0,158,64,46,16,58,39,100,52,3252,542,130,1424,1555
06037195300,782500,1571,1737,167,151,76,97,1102,23,15,10,11,285,194,2018,248,2798,0.4775,137,1387,1407.0,5125.0,9,1558,830,2798,2563,2788,379,1387,5,27,22,28,0,39,14,0,67,17,16,36,36,71,39,16,33,18,54,19,2798,202,78,1387,1558
06037195400,1179400,1530,2743,241,246,47,99,1300,117,45,15,0,936,139,3134,194,4350,0.5687,41,2236,5913.0,10294.0,17,2460,1046,4359,4162,4303,506,2236,14,61,42,40,58,31,38,105,33,77,23,27,0,53,28,27,126,63,39,10,4359,726,200,2236,2460
06037195500,896900,1622,2226,323,219,220,42,1425,34,87,96,47,1081,231,3554,245,5528,0.5535,149,2506,6543.0,12240.0,176,2608,1498,5528,4910,5480,731,2506,74,51,149,62,43,13,36,72,71,100,118,41,162,0,76,76,145,80,96,57,5528,849,177,2506,2608
06037195600,861000,1204,1604,53,185,40,77,901,86,0,59,10,363,69,1564,665,2736,0.4948,33,1264,2274.0,5138.0,0,1317,1403,2775,2340,2775,433,1264,98,45,22,15,18,0,38,103,62,21,29,39,83,58,30,39,27,47,45,45,2775,318,43,1264,1317
06037195710,753800,1493,2576,76,91,160,89,1517,20,12,32,0,184,187,2529,1402,4471,0.3941,0,1701,930.0,5994.0,13,1752,2899,4588,4171,4571,256,1701,35,43,83,0,35,0,0,75,69,21,19,79,62,77,139,27,68,94,129,44,4588,118,41,1701,1752
06037195720,650300,1338,2295,40,65,108,30,643,23,4,5,24,167,66,1137,268,1801,0.4655,28,810,813.0,2688.0,17,988,1019,1809,1532,1774,183,810,30,65,33,9,22,0,29,32,26,5,16,18,57,21,23,0,50,32,11,4,1809,122,44,810,988
06037195802,854400,1564,2125,64,76,62,80,815,21,10,6,24,229,140,1769,358,2927,0.4495,59,1044,1161.0,3638.0,65,1115,1591,2939,2599,2911,325,1044,14,26,24,25,11,0,121,30,53,95,22,28,113,67,62,20,100,72,4,49,2939,99,102,1044,1115
06037195803,993800,1681,2762,96,106,77,124,802,14,24,13,13,259,165,1764,395,2439,0.3956,59,1061,1400.0,4278.0,0,1190,824,2439,2174,2409,285,1061,18,36,14,0,7,35,15,32,26,0,9,0,123,56,18,16,36,20,30,17,2439,209,36,1061,1190
06037195804,837700,1402,2075,149,91,189,9,838,0,47,27,0,268,55,1636,264,2533,0.4749,27,1106,1369.0,4338.0,0,1221,1138,2533,2070,2500,306,1106,9,0,9,9,47,57,40,33,20,10,24,55,29,78,17,21,53,92,0,13,2533,188,80,1106,1221
06037195901,1187500,1524,3063,139,112,65,49,974,14,22,16,8,141,301,1732,328,2338,0.5055,141,1115,743.0,3894.0,0,1270,831,2392,2069,2377,350,1115,60,32,64,17,0,17,50,7,23,35,19,51,41,0,19,36,19,13,45,10,2392,55,55,1115,1270
06037195902,1019200,1497,2656,83,20,79,61,776,9,43,51,8,258,113,1289,269,2016,0.5336,0,1034,1430.0,4289.0,17,1171,277,2016,1688,1975,240,1034,0,24,31,0,0,12,5,12,41,3,0,0,231,29,42,0,66,0,30,12,2016,245,5,1034,1171
06037195903,695700,1442,-666666666,84,80,60,68,715,11,25,11,0,146,59,1311,232,1868,0.4183,34,861,730.0,3140.0,0,933,856,1868,1646,1861,229,861,5,32,6,2,6,0,16,0,7,12,67,19,40,0,34,24,30,34,15,14,1868,107,25,861,933
06037197200,615500,1668,2080,51,0,10,59,480,27,0,97,18,686,54,1972,181,3708,0.3987,76,1166,3499.0,5481.0,0,1247,1712,3708,3174,3694,495,1166,30,34,27,126,11,57,11,99,111,80,38,106,167,13,62,102,80,48,30,82,3708,357,299,1166,1247
06037197300,1003500,1630,2709,94,219,143,112,1288,112,26,21,80,521,193,2848,422,4021,0.4216,50,1809,2794.0,6942.0,63,1901,1346,4021,3720,4021,497,1809,142,53,18,25,48,9,65,19,126,9,21,74,24,74,56,37,78,19,74,19,4021,327,161,1809,1901
06037197410,980500,1717,2238,131,254,83,67,889,83,105,75,39,888,183,2641,251,3887,0.4527,166,1777,5219.0,8799.0,9,1866,1236,3887,3470,3856,718,1777,29,18,49,103,4,16,14,29,135,50,60,23,126,69,24,45,100,57,71,26,3887,688,190,1777,1866
06037197420,875600,1480,2650,171,205,124,41,1070,105,31,48,0,458,115,2275,194,3468,0.4575,70,1528,2454.0,6001.0,6,1620,1612,3587,3143,3556,404,1528,3,22,10,26,0,54,28,37,56,30,0,41,121,19,98,43,49,80,0,59,3587,347,99,1528,1620
06037197500,918700,1455,2691,217,287,152,63,1398,12,28,28,16,313,166,2905,171,3884,0.4019,0,1711,1491.0,6611.0,0,1770,1659,3884,3475,3867,377,1711,0,67,51,23,11,11,18,60,22,53,15,28,76,58,123,54,59,67,34,5,3884,175,118,1711,1770
06037197600,760900,1777,2250,47,107,116,108,672,41,15,5,0,178,87,1544,162,2201,0.4092,28,850,1203.0,3563.0,10,907,1157,2201,1727,2184,229,850,26,0,20,14,5,5,9,8,69,47,23,63,31,29,21,46,33,9,21,5,2201,114,56,850,907
06037197700,565200,1621,1808,156,244,153,115,1872,58,9,0,0,269,126,3146,1081,5331,0.5842,84,2141,1395.0,8227.0,17,2208,1317,5341,4585,5324,639,2141,38,53,30,102,59,44,62,70,261,55,27,65,203,84,28,35,117,87,151,47,5341,217,48,2141,2208
06037199001,451700,1188,518,146,48,38,75,608,0,30,0,0,133,104,1446,669,2676,0.3629,73,741,589.0,3152.0,0,788,1594,2676,2116,2571,449,741,13,19,11,9,14,29,40,33,62,22,14,50,102,109,0,65,72,101,167,7,2676,16,117,741,788
06037199002,431300,1310,1938,81,49,113,147,792,22,33,40,7,225,73,1634,427,2725,0.4548,36,1017,851.0,3583.0,32,1060,1598,2752,2471,2692,453,1017,33,32,24,17,14,24,38,25,24,0,26,0,131,110,85,43,33,66,34,35,2752,101,83,1017,1060
06037199110,544200,1430,1918,71,45,83,18,332,59,21,39,49,439,162,1481,590,3072,0.4021,43,771,2240.0,3614.0,6,804,2801,3072,2821,3035,322,771,30,28,47,25,14,20,54,16,49,50,13,32,177,82,128,23,66,115,137,101,3072,179,189,771,804
06037199120,544200,1069,-666666666,54,28,85,25,908,23,7,17,8,203,245,1979,1409,3826,0.4831,63,1111,1026.0,4395.0,0,1159,2925,4127,3706,4059,361,1111,28,24,37,33,18,46,43,45,62,53,31,158,107,119,168,140,125,151,123,83,4127,72,118,1111,1159
06037199201,484000,1246,-666666666,161,139,76,66,857,0,12,0,0,255,156,1847,592,3727,0.5382,31,1112,988.0,4299.0,0,1222,2278,3727,3438,3703,570,1112,16,0,26,0,36,152,9,29,25,51,34,71,95,91,174,72,87,116,101,86,3727,144,88,1112,1222
06037199202,609100,1491,1344,30,75,43,70,455,45,38,25,9,508,150,1522,516,2902,0.4803,45,963,2347.0,4345.0,0,981,1938,2910,2420,2839,332,963,120,35,68,24,45,19,15,21,174,57,33,33,71,53,66,24,68,56,49,72,2910,301,126,963,981
06037199300,679800,1306,2047,106,26,10,6,516,88,85,26,69,854,263,2842,465,4325,0.5157,103,1370,5348.0,7474.0,0,1370,2482,4368,3864,4344,685,1370,24,36,39,50,20,55,38,133,112,52,109,104,18,31,118,70,89,33,84,165,4368,562,287,1370,1370
06037199400,539700,1294,1716,94,72,121,36,1154,0,33,11,82,361,359,2558,1352,4849,0.4677,38,1515,1917.0,6448.0,0,1543,3194,4857,4226,4770,600,1515,0,57,29,34,0,16,75,36,71,29,55,18,90,73,161,102,275,124,219,72,4857,185,159,1515,1543
06037199700,599600,1260,-666666666,50,123,60,86,969,13,26,0,0,235,52,1722,754,3006,0.5201,69,1204,1297.0,4563.0,0,1255,2043,3006,2626,3006,384,1204,34,8,39,46,41,46,20,81,61,21,14,41,65,49,70,17,48,37,90,18,3006,156,26,1204,1255
06037199801,474300,1206,-666666666,45,40,24,57,603,0,15,19,25,300,147,1707,792,3618,0.425,81,903,1605.0,3933.0,0,957,2500,3618,3267,3566,404,903,3,18,10,4,18,9,41,29,101,25,0,130,226,279,86,100,149,113,63,105,3618,86,196,903,957
06037199802,587800,1129,1757,58,23,47,73,397,44,0,0,53,215,78,1154,319,2400,0.3808,48,612,1289.0,2994.0,0,635,1062,2419,2277,2364,265,612,0,44,8,32,29,19,31,8,89,19,51,104,93,129,50,50,56,35,133,18,2419,92,104,612,635
06037199900,492700,982,1850,46,38,82,68,691,0,35,8,10,154,159,1334,450,2687,0.4706,13,845,973.0,3224.0,0,896,2202,2687,2579,2677,294,845,32,45,33,36,11,0,49,18,55,25,107,36,82,112,98,33,73,54,87,70,2687,89,59,845,896
06037201110,621500,1156,2248,0,26,45,6,289,39,74,27,50,493,27,1246,286,2203,0.454,32,782,3006.0,4043.0,0,844,1562,2203,2062,2189,362,782,0,92,22,5,26,25,27,5,54,61,19,9,68,18,37,30,37,52,83,75,2203,313,142,782,844
06037201120,611100,1446,1773,194,106,51,18,736,56,110,26,18,497,286,2499,381,4043,0.4212,27,1233,2792.0,5947.0,0,1342,3182,4043,3696,3955,490,1233,61,0,66,69,0,26,42,60,80,9,0,59,126,147,124,65,171,121,91,56,4043,324,158,1233,1342
06037201200,596800,1210,-666666666,31,44,30,42,342,30,50,24,0,434,99,1443,302,2709,0.4776,36,776,2408.0,3754.0,0,805,2135,2709,2524,2659,381,776,5,42,28,63,6,31,6,33,20,21,23,52,76,75,163,12,49,56,69,78,2709,249,123,776,805
06037201301,615100,1081,1416,33,155,12,5,588,105,52,65,43,529,236,2247,997,4295,0.4424,96,1117,3189.0,5293.0,0,1135,3470,4377,4109,4331,575,1117,93,17,63,74,21,71,41,54,66,93,50,73,161,264,95,21,127,139,74,79,4377,271,218,1117,1135
06037201302,494200,2088,2112,80,65,150,120,631,160,82,113,83,1268,37,2277,454,4242,0.4225,77,1899,5970.0,8343.0,21,2009,863,4247,3507,4154,642,1899,36,60,74,22,93,61,76,36,125,191,31,67,230,44,0,26,101,27,39,7,4247,926,316,1899,2009
06037201401,502500,1201,1713,57,64,93,123,734,47,63,37,2,539,84,2042,1015,4562,0.4133,63,1273,2752.0,5738.0,0,1349,3559,4568,4177,4423,508,1273,49,6,29,32,40,32,44,92,10,38,57,99,127,37,239,98,213,147,87,151,4568,291,178,1273,1349
06037201402,552800,1134,1318,12,111,48,13,424,95,125,52,32,1095,101,2335,954,4752,0.4705,43,1519,6079.0,7629.0,0,1555,3654,4800,4579,4775,713,1519,104,13,58,39,66,129,32,199,77,201,128,88,152,124,142,57,19,153,200,49,4800,518,499,1519,1555
06037201501,568800,1331,1499,145,41,92,112,785,152,82,40,20,751,245,2797,927,5501,0.3884,100,1536,4274.0,7574.0,0,1691,4527,5560,5135,5494,690,1536,48,22,81,32,27,130,73,137,66,55,65,152,240,246,144,91,61,118,137,106,5560,390,262,1536,1691
06037201503,487900,1188,1404,84,56,197,95,715,26,15,50,20,310,94,1613,751,3318,0.4059,64,1025,1754.0,4077.0,0,1051,2921,3330,2986,3252,441,1025,26,44,54,16,5,33,7,73,49,6,17,24,138,91,119,113,134,56,116,71,3330,110,172,1025,1051
06037201504,557500,1333,1115,15,38,20,0,277,20,44,12,14,363,81,1022,364,2111,0.4564,5,640,1986.0,3226.0,0,645,1639,2151,1997,2151,352,640,4,24,63,13,24,29,58,50,32,17,11,29,50,39,23,41,86,103,76,54,2151,194,126,640,645
06037201601,492700,1121,1563,27,54,17,41,311,46,12,37,51,448,262,1317,570,2445,0.4695,25,759,2203.0,3409.0,0,784,1825,2445,2210,2428,268,759,5,49,18,38,7,28,77,34,49,30,12,44,44,82,54,62,9,40,116,34,2445,254,176,759,784
06037201602,540900,1284,1843,67,72,27,19,379,21,62,35,41,417,173,1401,381,2961,0.4081,46,796,2310.0,3872.0,0,820,2513,2971,2788,2954,344,796,7,63,34,98,13,20,7,76,165,40,34,23,44,117,69,67,63,89,128,44,2971,249,120,796,820
06037201700,516300,1297,1599,82,28,100,26,557,107,116,114,67,912,377,3038,653,4200,0.4041,61,1469,4948.0,7129.0,18,1599,3090,5194,4306,5139,664,1469,20,25,45,136,90,58,89,47,83,91,5,26,91,63,103,46,76,90,40,104,5194,588,263,1469,1599
06037203100,572600,1104,2663,56,129,240,92,1085,0,20,47,0,163,154,2304,1019,4615,0.441,165,1248,847.0,5218.0,0,1296,4355,4615,4291,4576,425,1248,0,0,0,17,17,12,16,0,81,39,10,14,72,269,189,188,169,300,223,84,4615,36,54,1248,1296
06037203200,456400,1435,1643,87,159,66,65,951,10,51,27,43,397,182,2651,1473,5577,0.4631,110,1348,1883.0,5810.0,10,1411,5311,5631,4851,5428,641,1348,32,79,19,31,40,28,19,75,50,39,50,22,345,222,175,185,157,300,308,95,5631,156,187,1348,1411
06037203300,532600,1163,1833,58,52,12,14,367,0,39,0,0,66,57,784,280,1285,0.4067,14,433,334.0,1435.0,0,466,1461,1899,1374,1891,120,433,0,5,17,0,16,6,0,21,14,11,0,0,39,12,5,342,10,21,92,124,1899,5,61,433,466
06037203500,506400,1159,1250,104,61,49,31,681,17,5,5,0,300,76,1356,1061,3148,0.5182,49,981,1589.0,3880.0,8,1081,2288,3153,2911,3135,385,981,43,109,28,24,36,19,4,0,87,21,68,37,92,110,176,55,101,28,199,20,3153,193,97,981,1081
06037203601,297400,1322,549,40,125,47,71,678,0,0,7,0,145,100,1438,465,2901,0.3607,17,823,673.0,3334.0,0,865,2932,2943,2524,2933,281,823,34,30,14,0,32,20,17,37,48,0,85,99,87,69,122,46,42,33,99,13,2943,19,126,823,865
06037203602,579700,1236,2098,41,38,50,54,379,0,0,44,0,177,18,861,521,1873,0.3686,8,556,787.0,2216.0,0,585,1728,1873,1613,1847,261,556,23,0,9,13,29,0,0,42,13,44,23,0,47,61,21,18,110,18,165,31,1873,108,69,556,585
06037203710,527300,1168,1051,87,38,23,44,588,0,4,44,14,230,74,1827,506,3627,0.3823,33,818,1216.0,3560.0,0,871,3563,3636,3344,3636,370,818,19,39,46,11,0,17,28,20,38,69,102,17,164,97,87,131,154,99,85,89,3636,92,121,818,871
06037203720,579100,1086,1523,68,45,116,95,728,30,0,43,11,260,67,1878,943,4014,0.3889,121,988,1250.0,3937.0,0,1043,3945,4014,3891,3978,361,988,27,43,43,43,13,0,102,45,32,33,0,49,11,244,270,80,222,96,149,103,4014,53,153,988,1043
06037203800,405600,1142,1009,75,81,68,111,744,0,13,11,0,522,106,2184,1527,4803,0.4627,44,1266,2685.0,5486.0,0,1285,4678,4803,4446,4698,536,1266,68,45,125,52,0,7,35,111,120,39,9,53,160,198,127,14,189,75,125,172,4803,152,271,1266,1285
06037203900,493300,1130,1750,113,10,49,18,463,27,0,0,0,242,77,1636,593,3053,0.4253,20,705,1448.0,3374.0,0,733,3067,3206,3054,3184,264,705,34,31,34,37,0,4,36,57,79,24,4,48,187,107,86,175,107,79,63,47,3206,108,69,705,733
06037204110,446800,1003,1603,58,58,39,118,523,18,23,77,15,326,153,1736,641,3493,0.3947,17,849,1940.0,3947.0,0,911,3331,3493,3405,3484,422,849,13,7,16,36,0,29,0,38,63,38,27,101,61,109,152,10,75,95,148,265,3493,90,179,849,911
06037204120,448600,1333,722,31,47,143,7,531,21,15,16,0,237,120,1342,297,2925,0.358,63,768,1269.0,3564.0,0,768,2703,2925,2612,2925,263,768,16,22,21,17,15,44,28,28,76,57,17,46,66,158,75,154,114,179,114,25,2925,95,90,768,768
06037204200,428900,1029,1538,77,58,107,29,775,17,0,0,11,213,113,1686,1250,3621,0.4361,85,988,1179.0,3794.0,55,1065,3499,3621,3406,3579,309,988,6,2,17,0,13,0,28,32,7,50,38,41,274,123,131,78,136,57,161,95,3621,112,52,988,1065
06037204300,476900,1092,1380,83,107,81,157,941,33,0,85,0,416,183,2492,1281,5625,0.4178,95,1357,2109.0,5112.0,23,1414,5478,5714,5295,5582,632,1357,75,9,32,60,32,46,145,7,273,72,131,97,295,228,269,40,178,182,136,148,5714,182,176,1357,1414
06037204410,463400,1192,755,50,53,61,52,574,6,20,0,0,94,55,1270,768,2765,0.3986,27,668,601.0,2764.0,0,690,2679,2791,2570,2781,251,668,29,42,17,29,49,21,30,20,16,99,21,5,29,86,100,62,32,69,196,126,2791,55,24,668,690
06037204420,440000,1051,873,109,92,52,44,803,0,0,0,0,68,90,1281,889,2936,0.4534,44,871,367.0,2782.0,0,994,2664,2951,2580,2951,259,871,0,19,22,1,21,7,15,0,0,42,2,120,67,92,109,36,83,165,129,59,2951,44,24,871,994
06037204600,381300,1172,1516,36,50,78,47,908,25,0,71,0,236,223,1869,989,4271,0.4825,164,1144,1317.0,5078.0,0,1179,3909,4271,3476,4248,393,1144,71,36,10,16,20,12,36,54,28,34,56,40,71,170,204,73,171,110,380,111,4271,104,102,1144,1179
06037204700,466900,1193,1386,11,55,22,60,609,65,59,0,0,628,260,2707,1166,5603,0.4261,107,1237,3166.0,5902.0,0,1292,5462,5660,5330,5511,584,1237,0,58,21,74,9,51,15,44,72,107,52,112,289,188,191,150,154,244,308,59,5660,197,261,1237,1292
06037204810,468100,1191,1765,61,95,74,65,855,21,25,48,55,446,146,2031,1025,4922,0.3825,70,1301,2298.0,5560.0,0,1358,4715,4922,4595,4904,606,1301,19,112,22,13,37,57,112,101,13,0,22,32,112,193,343,245,81,209,123,39,4922,199,167,1301,1358
06037204820,424200,1472,1136,19,26,83,11,307,13,29,0,0,210,20,1059,434,2141,0.3883,13,517,1028.0,2257.0,0,573,1989,2141,2083,2115,288,517,13,15,0,33,17,52,1,24,16,31,24,27,100,80,101,74,34,98,70,32,2141,109,66,517,573
06037204910,549700,1002,1420,59,86,58,88,757,16,0,26,19,211,141,1550,956,3494,0.4737,118,968,1198.0,3954.0,147,978,3333,3494,3243,3393,298,968,14,51,47,30,7,0,31,39,66,63,0,30,193,105,128,53,147,72,177,193,3494,78,105,968,978
06037204920,463500,1072,1184,57,40,49,23,421,17,10,57,24,246,88,1226,582,2796,0.3953,51,667,1310.0,2821.0,26,707,2740,2796,2523,2727,312,667,19,48,8,48,17,26,49,4,5,23,47,84,110,128,162,63,97,65,54,52,2796,77,100,667,707
06037205110,-666666666,1345,-666666666,113,162,49,101,833,0,0,0,0,0,186,1846,713,3697,0.331,51,833,-666666666.0,3020.0,0,864,3541,3697,3368,3659,347,833,21,7,22,0,0,8,19,32,15,4,20,7,186,154,122,90,248,31,216,63,3697,0,0,833,864
06037205120,440000,1089,1350,50,127,123,31,778,9,0,0,0,112,225,1628,1574,3754,0.4516,107,890,470.0,3616.0,0,907,3670,3754,3287,3695,268,890,17,7,46,14,16,8,31,8,36,34,29,25,80,88,178,62,240,157,312,163,3754,45,37,890,907
06037206010,661800,1140,-666666666,108,297,151,238,1316,35,0,19,0,102,304,2207,1172,3966,0.5117,34,1418,570.0,5107.0,179,1447,2174,3966,3473,3869,392,1418,21,23,0,70,17,18,40,54,98,34,80,12,90,71,156,89,64,73,49,69,3966,31,43,1418,1447
06037206020,-666666666,2432,-666666666,21,39,71,45,281,0,0,0,0,0,8,444,76,559,0.2635,0,281,-666666666.0,808.0,0,296,3986,9476,4475,9476,43,281,15,29,6,6,0,0,0,0,8,0,0,0,0,0,0,9,6,0,0,0,9476,0,0,281,296
06037206050,400000,994,850,101,82,35,101,789,0,0,7,0,32,97,960,531,2151,0.5799,13,821,126.0,3118.0,10,859,1837,2192,1977,2158,182,821,5,26,11,31,32,34,57,17,67,35,46,141,57,31,104,33,71,105,0,89,2192,23,9,821,859
06037206051,828900,2195,2568,46,89,77,41,519,58,19,58,31,390,50,1114,117,1405,0.3648,0,909,1071.0,2209.0,0,1092,325,1405,1158,1405,154,909,0,48,39,0,0,0,0,0,1,0,10,0,0,17,0,0,15,0,0,0,1405,164,201,909,1092
06037206052,584900,2695,2386,205,151,189,72,1459,46,0,16,0,186,92,2314,415,2841,0.4902,14,1645,517.0,4055.0,1024,2146,536,2841,1275,2813,315,1645,15,14,9,0,0,0,14,16,0,0,0,0,63,0,0,6,88,0,0,0,2841,78,103,1645,2146
06037206053,591000,999,2013,66,52,104,57,1034,0,68,15,20,163,79,1343,927,2972,0.5521,92,1197,904.0,3165.0,8,1216,2190,3014,2837,2989,274,1197,3,11,41,34,47,10,22,26,40,43,62,326,65,127,37,51,126,126,108,9,3014,92,48,1197,1216
06037206054,564100,1281,2047,108,11,0,87,563,0,0,13,0,58,66,1182,777,2580,0.3957,45,621,295.0,2887.0,0,621,1950,2589,2368,2588,355,621,0,35,25,21,13,0,1,18,32,22,18,22,52,73,122,43,73,129,148,160,2589,20,38,621,621
06037206201,456300,2097,2606,64,165,143,121,1188,0,0,0,0,52,194,1285,698,2154,0.5313,35,1240,174.0,3283.0,480,1403,395,2154,1079,2154,111,1240,59,36,8,19,33,0,0,0,43,16,0,19,0,0,24,0,0,0,24,22,2154,35,17,1240,1403
06037206202,425000,-666666666,1958,99,64,268,157,1038,31,0,34,28,157,61,647,885,1719,0.676,91,1195,323.0,2398.0,37,1244,107,1724,1304,1705,142,1195,14,16,91,38,45,31,15,17,120,119,91,107,19,0,0,0,50,0,0,0,1724,106,20,1195,1244
06037206301,-666666666,342,-666666666,20,104,265,126,1113,0,0,0,0,25,116,415,1213,1833,0.4701,253,1138,,,0,1382,271,1867,1103,1867,0,1138,28,150,26,0,37,23,18,59,0,0,107,0,9,0,0,0,0,6,0,0,1867,25,0,1138,1382
06037206302,-666666666,272,-666666666,0,27,240,186,640,0,0,0,0,0,222,568,1813,2376,0.5121,268,640,-666666666.0,788.0,24,753,425,2400,1325,2400,0,640,0,3,65,0,8,0,24,8,51,19,0,16,19,0,0,0,5,0,0,0,2400,0,0,640,753
06037206303,-666666666,292,-666666666,0,111,101,73,564,0,0,0,0,0,150,351,1617,1989,0.5739,243,564,-666666666.0,861.0,34,760,464,1989,1202,1989,0,564,2,57,17,15,0,65,11,14,0,0,0,36,0,21,0,0,0,0,0,0,1989,0,0,564,760
06037207101,438900,1881,738,254,271,59,97,1696,0,0,0,0,46,135,2249,867,3906,0.4339,21,1742,228.0,4940.0,31,1922,571,3906,2540,3826,380,1742,21,18,33,27,32,43,36,36,64,0,152,68,205,33,45,50,79,98,35,0,3906,40,6,1742,1922
06037207102,489500,1341,-666666666,71,94,281,166,1352,1,0,0,0,34,167,1604,1086,3181,0.5339,0,1386,202.0,4344.0,290,1418,729,3181,2886,3167,452,1386,4,5,60,78,18,46,51,122,77,53,128,83,16,63,83,192,58,0,40,18,3181,33,1,1386,1418
06037207103,587000,1008,4001,60,62,23,60,895,7,0,0,0,30,137,1223,596,2144,0.5551,16,925,150.0,3095.0,0,947,162,2144,1763,2125,338,925,53,57,19,53,6,7,36,79,67,54,39,7,23,22,89,31,67,36,8,8,2144,23,7,925,947
06037207303,-666666666,1461,-666666666,167,218,386,143,1586,0,0,0,0,24,66,1375,454,2187,0.5931,191,1610,,,258,1818,480,2187,1623,2187,193,1610,36,32,13,72,36,0,0,0,47,22,35,48,0,0,39,0,15,0,19,0,2187,0,11,1610,1818
06037207304,-666666666,-666666666,-666666666,146,132,334,156,1698,0,0,0,0,0,216,1211,1133,2022,0.6301,225,1698,-666666666.0,2452.0,7,1930,536,2022,1593,2022,53,1698,139,19,0,0,0,0,0,18,36,0,0,0,0,0,0,0,19,0,0,0,2022,0,0,1698,1930
06037207305,-666666666,1991,-666666666,38,177,86,19,614,0,0,0,0,26,55,803,34,961,0.3927,0,640,,,17,758,363,961,717,961,147,640,0,0,0,0,0,0,0,0,0,0,0,0,0,0,0,92,0,0,0,0,961,11,15,640,758
06037207306,641800,953,3042,67,14,429,0,1216,15,19,0,15,129,85,1160,468,1724,0.5933,61,1345,228.0,1853.0,124,1780,404,1863,1401,1863,125,1345,0,44,85,0,13,0,30,58,0,13,0,0,0,0,0,0,0,35,0,0,1863,15,95,1345,1780
06037207307,-666666666,459,-666666666,24,160,350,0,1142,0,0,0,0,0,77,777,647,1424,0.6552,271,1142,-666666666.0,1773.0,135,1245,227,1424,1113,1424,42,1142,0,0,18,0,0,0,0,14,0,0,0,0,0,0,43,0,0,0,0,0,1424,0,0,1142,1245
06037207308,-666666666,2308,-666666666,113,146,162,88,830,0,0,0,0,0,89,1053,129,1323,0.3366,0,830,-666666666.0,1604.0,0,949,172,1323,923,1323,128,830,0,0,0,0,0,0,29,0,0,0,0,14,0,0,30,0,0,0,0,0,1323,0,0,830,949
06037207400,-666666666,2459,-666666666,58,16,60,43,467,0,0,0,0,0,81,675,209,913,0.5953,0,467,-666666666.0,1418.0,210,523,684,1596,831,1596,71,467,1,0,13,0,11,0,0,5,18,0,1,0,13,0,0,5,48,12,6,0,1596,0,0,467,523
06037207501,662000,2156,2820,113,98,151,129,1129,28,0,31,0,185,106,1576,391,2133,0.5464,0,1314,754.0,3528.0,10,1671,575,2133,1504,2119,305,1314,15,19,16,13,0,0,37,11,7,0,19,19,48,11,0,0,39,10,10,11,2133,122,52,1314,1671
06037207502,-666666666,477,-666666666,255,91,411,614,2297,0,0,0,0,0,72,1269,1155,3072,0.6679,54,2297,-666666666.0,4338.0,343,2531,155,3072,2355,3059,543,2297,0,15,94,51,118,240,8,23,113,285,336,351,29,0,0,0,26,0,19,0,3072,0,0,2297,2531
06037207711,900900,2778,4001,138,270,67,98,988,40,0,18,53,194,60,1333,173,1661,0.4599,0,1182,617.0,2680.0,535,1663,290,1661,965,1661,210,1182,27,29,0,0,13,0,0,0,0,23,0,7,24,0,0,0,0,0,16,16,1661,116,63,1182,1663
06037207712,758600,2381,2422,216,167,416,279,2246,0,15,22,118,288,87,2312,1025,3454,0.529,89,2534,656.0,4884.0,1205,2991,451,3469,2011,3448,353,2534,71,0,114,0,17,21,16,0,14,17,95,328,30,16,15,0,21,0,0,0,3469,159,129,2534,2991
06037207901,589800,2428,-666666666,189,94,70,191,1378,25,0,0,0,132,95,1587,621,2582,0.5832,11,1510,284.0,3315.0,486,1832,767,2582,1521,2582,353,1510,0,37,0,6,36,0,0,17,70,30,0,57,0,32,49,46,0,0,32,47,2582,25,81,1510,1832
06037207902,862500,2638,3423,300,382,444,303,2954,36,57,32,23,423,304,4440,972,5718,0.4294,55,3377,1485.0,7554.0,2146,3865,1437,5746,3255,5730,673,3377,10,0,0,0,0,21,0,0,21,0,0,0,31,0,0,65,67,60,28,16,5746,188,184,3377,3865
06037208001,-666666666,2212,-666666666,48,29,137,105,1122,30,0,0,0,30,105,1704,855,2410,0.4656,26,1152,,,0,1194,1005,2410,1550,2410,246,1152,0,0,0,0,0,38,0,0,0,12,14,0,0,114,0,0,92,0,38,0,2410,30,0,1152,1194
06037208002,687500,1086,1387,67,87,85,41,1180,0,21,0,9,141,219,2144,1556,4920,0.5255,61,1321,794.0,4678.0,0,1321,4256,4920,4700,4884,434,1321,0,57,0,10,9,0,0,33,47,47,163,14,321,75,207,0,259,346,178,61,4920,94,47,1321,1321
06037208301,-666666666,1293,-666666666,99,119,40,18,543,0,0,0,36,36,73,1222,687,2101,0.4084,34,579,,,0,589,1918,2101,1944,2080,202,579,12,7,0,0,0,0,22,0,11,0,20,16,41,57,47,51,35,106,183,73,2101,0,36,579,589
06037208302,776000,971,2347,219,53,112,374,1611,0,31,0,0,264,191,2857,1491,5265,0.4502,225,1875,1523.0,6442.0,42,1915,3746,5265,4797,5201,464,1875,26,105,28,0,12,38,76,60,50,78,51,39,73,155,141,83,221,256,177,49,5265,221,32,1875,1915
06037208401,710200,1161,2181,108,212,294,158,1486,0,0,0,0,37,268,2746,1140,4608,0.4096,81,1523,171.0,3985.0,0,1523,2985,4619,4094,4596,516,1523,18,14,65,95,20,20,63,19,59,63,44,126,174,169,159,44,123,32,59,22,4619,28,9,1523,1523
06037208402,697600,1264,1836,123,52,61,67,682,0,0,5,17,157,70,1552,560,2934,0.4694,27,839,878.0,3329.0,32,869,2060,2983,2787,2921,343,839,20,52,4,10,8,32,62,16,28,32,8,45,178,102,76,52,65,69,120,47,2983,34,70,839,869
06037208501,831300,1535,1839,35,92,93,115,803,7,0,0,7,81,93,1575,345,2462,0.4133,18,884,311.0,2653.0,25,979,1078,2462,2172,2440,272,884,16,7,26,13,5,27,53,21,57,14,31,71,17,55,61,43,83,24,15,25,2462,22,59,884,979
06037208502,-666666666,1076,-666666666,57,214,178,189,1481,0,0,0,0,11,132,2391,897,4331,0.3912,111,1492,,,35,1556,3435,4360,4025,4289,403,1492,17,49,47,25,35,0,29,149,104,51,21,4,107,79,154,154,201,63,126,65,4360,11,0,1492,1556
06037208610,781800,1372,1807,186,239,178,163,1420,7,13,7,0,122,205,2640,701,4376,0.3842,15,1542,696.0,4863.0,0,1633,2340,4388,3821,4289,519,1542,49,29,60,35,18,0,22,45,55,59,48,19,155,138,89,77,113,113,109,16,4388,67,50,1542,1633
06037208620,664600,1398,1581,154,186,66,230,1449,29,15,3,9,183,193,2506,927,4290,0.4464,132,1632,1090.0,5287.0,0,1748,2035,4303,3884,4266,453,1632,32,33,33,62,8,0,9,53,81,52,22,71,256,135,24,51,168,125,87,53,4303,144,31,1632,1748
06037208710,402900,1515,1987,244,175,267,243,1842,0,26,26,18,270,235,3216,449,5136,0.389,57,2112,833.0,5938.0,0,2253,1725,5136,4589,5083,915,2112,43,172,57,158,54,49,96,110,63,44,12,85,77,67,108,46,202,100,96,76,5136,124,119,2112,2253
06037208720,-666666666,948,-666666666,169,183,209,71,1520,11,0,0,0,24,226,2274,1486,3746,0.465,75,1544,,,0,1636,2825,3746,3196,3721,371,1544,26,22,56,27,29,10,57,23,14,28,11,0,51,117,90,85,124,138,86,26,3746,24,0,1544,1636
06037208801,-666666666,1221,-666666666,122,67,194,161,1318,0,0,0,0,19,23,1705,674,3186,0.395,72,1337,,,65,1361,1811,3284,2919,3258,208,1337,26,37,40,72,16,0,0,80,106,74,63,77,33,54,58,43,82,66,117,17,3284,19,0,1337,1361
06037208802,-666666666,1190,-666666666,46,76,271,200,1462,0,0,0,9,16,108,1753,625,3049,0.461,66,1478,,,91,1520,1577,3049,2344,2969,323,1478,45,0,36,30,15,15,14,57,49,14,88,9,131,226,73,31,118,23,47,0,3049,7,9,1478,1520
06037208902,-666666666,1181,-666666666,46,42,32,92,658,0,0,0,0,0,112,1471,891,2462,0.4254,24,658,-666666666.0,1605.0,11,717,2306,2566,2331,2532,198,658,0,20,27,8,15,0,0,0,9,27,3,5,95,62,148,37,109,71,87,86,2566,0,0,658,717
06037208903,-666666666,1042,-666666666,154,183,73,67,1073,0,0,10,0,10,154,2295,1583,3795,0.414,36,1083,,,45,1172,3294,3878,3504,3847,241,1083,55,49,10,24,0,28,27,5,5,52,0,9,128,167,91,112,117,68,130,73,3878,0,0,1083,1172
06037208904,-666666666,833,-666666666,48,137,283,89,1375,0,0,0,0,18,95,2055,1830,4094,0.465,44,1393,,,31,1461,3528,4190,4014,4180,318,1393,18,29,52,84,42,0,24,59,40,47,69,89,154,100,148,40,140,293,204,31,4190,18,0,1393,1461
06037209103,-666666666,991,-666666666,93,46,168,118,1097,0,0,0,0,8,115,1640,1957,3595,0.3771,152,1105,,,0,1138,3236,3595,3133,3470,279,1105,22,25,23,31,5,10,37,11,54,33,42,18,249,173,120,80,106,168,116,102,3595,8,0,1105,1138
06037209104,-666666666,918,-666666666,38,155,148,67,962,0,0,0,0,0,54,1209,882,2442,0.4399,36,962,-666666666.0,2208.0,0,1027,1949,2442,2155,2442,247,962,50,72,11,11,0,10,55,5,12,39,13,30,101,109,84,42,60,70,79,63,2442,0,0,962,1027
06037209105,-666666666,1031,-666666666,132,133,110,53,1095,0,0,0,0,0,147,1695,2040,3829,0.5429,63,1095,-666666666.0,2500.0,0,1095,3327,3829,3530,3779,251,1095,87,0,0,0,41,0,0,30,171,0,16,0,215,277,291,105,193,94,153,46,3829,0,0,1095,1095
06037209106,-666666666,1066,2600,34,170,78,82,1042,0,0,52,3,110,76,1490,739,2277,0.5282,58,1152,310.0,2440.0,137,1238,986,2277,1782,2263,226,1152,0,22,50,16,0,59,0,33,27,0,0,0,70,30,32,0,105,36,0,49,2277,97,0,1152,1238
06037209201,626800,2333,3109,118,213,96,400,1586,12,22,33,0,170,12,2205,527,3021,0.4219,48,1756,309.0,4354.0,569,2164,434,3021,1689,3021,407,1756,16,11,17,12,0,25,11,0,0,0,25,0,109,21,0,0,43,38,0,23,3021,64,74,1756,2164
06037209202,-666666666,1098,-666666666,10,14,109,140,568,0,0,0,0,0,43,777,474,1604,0.4003,23,568,-666666666.0,1529.0,0,632,1009,1604,1503,1604,80,568,0,0,26,0,0,0,0,5,21,0,0,0,110,39,194,15,34,0,137,58,1604,0,0,568,632
06037209300,-666666666,1051,-666666666,140,189,271,130,2156,0,0,0,0,10,162,2712,2179,5090,0.4724,179,2166,,,0,2372,3557,5090,4009,4974,592,2166,24,94,8,24,31,0,0,38,8,35,0,0,233,111,119,64,225,97,188,77,5090,0,0,2166,2372
06037209401,-666666666,915,-666666666,314,191,195,129,1546,0,0,0,0,9,130,1912,1327,3767,0.4289,132,1555,,,110,1664,2836,4018,3561,3986,433,1555,176,93,32,22,11,51,65,69,32,82,27,96,70,149,102,70,38,149,178,108,4018,9,0,1555,1664
06037209402,-666666666,957,-666666666,204,36,102,121,1165,8,0,0,0,26,269,2451,1452,3972,0.3872,73,1191,88.0,2101.0,17,1296,3696,4132,3534,4092,259,1191,17,47,64,14,8,5,31,19,38,14,13,56,207,235,162,131,64,86,115,80,4132,18,0,1191,1296
06037209403,-666666666,809,-666666666,60,100,162,143,1488,0,0,0,19,19,216,2302,1327,4537,0.467,147,1507,,,0,1546,3276,4678,4241,4678,560,1507,186,78,87,29,41,28,55,11,96,43,43,80,0,270,214,86,97,155,268,54,4678,0,0,1507,1546
06037209510,-666666666,1149,-666666666,76,88,101,51,987,0,0,0,0,8,89,1582,1131,2987,0.4298,17,995,,,0,1068,2014,3054,2716,3028,325,995,5,33,11,12,9,21,30,57,71,41,0,10,57,49,180,44,54,173,75,14,3054,8,0,995,1068
06037209520,-666666666,1018,-666666666,42,170,107,73,937,0,0,0,0,9,164,1559,976,2874,0.4134,64,946,,,0,1028,2432,2874,2562,2816,205,946,10,11,42,22,0,6,72,24,15,0,0,24,147,176,128,37,160,67,52,47,2874,9,0,946,1028
06037209810,-666666666,900,-666666666,101,48,45,130,722,0,0,0,0,15,152,1234,629,2257,0.3913,10,737,,,0,793,1970,2640,2368,2595,192,737,4,12,42,64,4,21,15,26,113,36,73,110,58,106,46,36,69,34,37,33,2640,15,0,737,793
06037209820,695100,980,2234,41,60,122,51,655,41,6,0,0,125,147,1401,839,2824,0.469,55,780,895.0,2728.0,0,827,2615,2833,2625,2765,189,780,28,0,46,0,0,0,11,58,4,41,0,0,170,177,63,20,65,131,114,87,2833,41,54,780,827
06037210010,367600,906,1481,36,69,123,204,1061,10,21,26,6,163,91,1734,1132,3261,0.471,42,1224,645.0,3079.0,0,1258,2740,3345,3065,3345,302,1224,79,19,51,30,22,12,23,40,62,59,17,74,113,108,137,38,101,137,51,54,3345,93,28,1224,1258
06037211000,1933500,2402,4001,84,111,78,75,778,57,109,79,54,1172,178,2854,356,5068,0.6073,36,1950,9094.0,11476.0,316,2310,718,5073,4445,4978,1042,1950,59,65,210,55,33,13,146,141,168,28,60,49,106,87,57,101,171,119,159,39,5073,961,196,1950,2310
06037211121,775000,1488,1325,76,103,195,63,808,20,0,0,0,57,148,1403,272,2226,0.3406,7,865,348.0,3020.0,0,1063,840,2243,2073,2204,286,865,32,13,37,10,0,6,19,41,6,18,6,33,100,6,90,31,5,34,30,69,2243,42,15,865,1063
06037211122,-666666666,1587,-666666666,170,129,77,49,1138,0,4,0,0,4,33,1730,965,3024,0.4112,124,1142,,,0,1354,1053,3024,2627,3024,337,1142,0,13,7,61,23,2,29,20,40,9,27,0,62,37,187,32,110,77,103,24,3024,4,0,1142,1354
06037211123,-666666666,1629,-666666666,126,53,113,85,784,0,0,0,0,0,70,918,354,1478,0.4284,48,784,-666666666.0,2125.0,210,983,217,1478,1040,1478,166,784,0,23,23,0,0,0,0,63,18,15,16,38,0,0,0,0,0,0,0,35,1478,0,0,784,983
06037211124,460000,1552,2340,147,196,300,185,1949,0,0,0,11,114,302,3073,719,4743,0.4347,74,2063,475.0,6013.0,0,2278,1432,4806,4338,4806,944,2063,53,220,15,59,0,0,92,40,54,0,0,18,156,70,46,18,182,92,46,136,4806,57,57,2063,2278
06037211201,706300,1472,2732,130,78,91,64,930,0,5,10,0,65,92,1628,511,2759,0.3558,46,995,323.0,3327.0,0,1101,1750,2759,2426,2732,288,995,77,0,15,17,5,19,0,32,50,14,57,11,14,70,47,54,91,104,27,34,2759,25,40,995,1101
06037211202,-666666666,1118,-666666666,70,166,171,84,888,0,0,0,0,17,89,1421,366,2217,0.375,34,905,,,66,1049,1480,2217,1978,2217,213,905,19,22,12,0,0,0,20,13,43,19,13,54,38,16,10,54,46,49,58,19,2217,7,0,905,1049
06037211310,-666666666,1257,-666666666,136,159,144,129,1317,9,0,0,0,45,166,2497,698,3807,0.3917,132,1362,,,9,1502,2507,3840,3354,3805,354,1362,48,73,9,0,0,0,66,30,23,13,2,45,96,91,108,106,121,97,80,76,3840,0,45,1362,1502
06037211320,-666666666,1212,-666666666,140,152,57,170,1223,0,0,0,0,13,76,1541,956,3288,0.5017,42,1236,,,0,1355,1673,3288,3031,3288,276,1236,0,0,41,23,15,0,0,10,85,48,34,0,275,71,108,9,172,79,66,86,3288,13,0,1236,1355
06037211410,1614300,1343,-666666666,30,119,148,72,1048,13,0,0,0,70,89,1763,245,3064,0.4214,22,1118,501.0,3374.0,0,1249,1133,3103,2865,3096,586,1118,11,40,29,42,0,36,14,87,41,0,51,27,66,51,176,14,94,120,102,30,3103,18,52,1118,1249
06037211420,829500,1332,2719,89,98,136,86,1080,25,22,35,0,184,119,2230,510,3247,0.479,89,1264,1154.0,3774.0,36,1411,1652,3255,2798,3215,381,1264,17,57,46,5,0,0,35,56,39,57,7,0,75,36,160,49,99,76,21,40,3255,128,56,1264,1411
06037211500,1652800,1256,4001,81,140,106,68,1148,81,30,44,0,594,112,2441,422,4147,0.6293,77,1742,4633.0,8264.0,24,1985,900,4147,3737,4135,656,1742,30,34,54,42,20,13,28,28,92,87,30,93,227,69,101,70,23,182,107,26,4147,444,150,1742,1985
06037211701,718400,1621,2660,63,43,91,62,722,43,14,10,0,430,105,1416,284,2566,0.6095,35,1152,2655.0,5292.0,0,1352,338,2566,2397,2539,399,1152,20,21,33,118,16,0,9,14,76,80,38,228,98,55,103,35,14,51,13,6,2566,371,48,1152,1352
06037211703,-666666666,1332,1970,118,232,179,210,1893,61,7,21,0,233,117,2713,721,4560,0.4092,42,2126,871.0,5264.0,0,2255,1559,4560,4181,4446,684,2126,46,73,137,0,2,34,57,13,87,79,51,61,138,59,104,69,99,103,89,61,4560,107,73,2126,2255
06037211704,443000,1435,1875,123,105,206,227,1478,14,0,27,9,175,68,1868,428,2825,0.4897,17,1653,622.0,4365.0,0,1870,703,2832,2541,2823,398,1653,52,9,9,55,56,0,17,7,72,137,95,78,22,32,31,13,29,60,58,37,2832,119,56,1653,1870
06037211802,-666666666,1280,1482,213,254,178,218,1957,17,0,14,9,146,119,2583,1024,4320,0.4935,9,2103,489.0,5399.0,71,2393,1653,4320,3736,4282,715,2103,31,106,38,64,59,20,41,49,110,28,42,10,85,140,17,54,53,211,9,14,4320,95,51,2103,2393
06037211803,402200,1545,1315,180,179,184,40,1382,32,13,0,9,138,157,2172,563,3874,0.4173,21,1520,554.0,4145.0,0,1738,630,3874,3380,3829,620,1520,54,29,66,4,0,10,35,21,12,0,10,14,185,62,176,10,119,120,10,91,3874,67,30,1520,1738
06037211804,857600,1448,-666666666,63,90,166,146,1274,5,0,0,0,41,206,1700,642,3101,0.4171,18,1315,245.0,3584.0,0,1504,808,3110,2762,3084,497,1315,7,21,61,51,27,16,0,21,62,72,16,20,64,29,82,95,13,147,95,42,3110,20,16,1315,1504
06037211910,386800,1356,1431,176,257,222,83,1878,8,9,8,0,59,129,2764,533,4287,0.3176,39,1937,170.0,4970.0,34,2154,2132,4287,3711,4254,504,1937,33,63,49,7,0,13,0,40,33,7,48,54,81,110,19,132,82,59,137,18,4287,28,17,1937,2154
06037211921,-666666666,1306,-666666666,90,53,77,101,914,0,0,0,0,11,0,1345,522,2353,0.3556,48,925,,,0,1030,1182,2353,1949,2261,284,925,0,0,41,20,0,11,4,0,20,0,27,11,91,31,59,0,100,111,0,23,2353,0,11,925,1030
06037211922,-666666666,1320,-666666666,154,118,99,136,1236,0,0,8,0,20,206,1994,465,3464,0.3383,114,1256,,,0,1446,1821,3464,2801,3366,503,1256,7,9,40,1,13,0,23,7,13,7,15,0,222,84,40,22,130,44,16,72,3464,12,8,1256,1446
06037212101,553000,1659,1983,111,137,70,149,1331,5,0,40,21,124,51,1875,454,2717,0.4926,31,1455,439.0,3609.0,24,1567,546,2717,2085,2695,382,1455,15,34,81,12,0,0,38,0,93,12,0,29,34,29,9,39,27,47,28,14,2717,85,39,1455,1567
06037212102,-666666666,1236,-666666666,105,124,153,119,1233,0,0,0,0,15,38,1276,542,2691,0.4507,88,1248,,,19,1427,616,2691,2334,2623,340,1248,23,43,59,12,29,55,9,8,99,60,67,44,171,244,34,7,83,43,44,51,2691,10,5,1248,1427
06037212202,1062500,1433,-666666666,51,83,160,117,1255,0,0,0,0,26,115,1903,1092,3380,0.4094,49,1281,120.0,4020.0,122,1391,2203,3404,2945,3318,308,1281,8,17,68,11,14,0,47,34,87,36,0,19,68,179,131,90,114,94,60,36,3404,14,0,1281,1391
06037212203,-666666666,1001,-666666666,220,189,109,195,1626,0,0,0,0,0,77,1595,980,2873,0.5085,25,1626,-666666666.0,3202.0,338,1788,1512,2889,2432,2889,226,1626,15,10,77,20,0,56,22,22,58,71,78,164,0,27,27,107,23,51,52,5,2889,0,0,1626,1788
06037212204,-666666666,1091,-666666666,109,135,108,66,1273,0,5,0,0,21,67,1725,919,3194,0.4545,70,1294,128.0,2717.0,19,1354,2160,3194,2857,3194,292,1294,30,31,32,46,10,0,0,43,57,60,51,0,148,93,97,77,51,53,103,94,3194,0,12,1294,1354
06037212303,-666666666,1437,-666666666,182,134,125,165,1635,0,0,0,0,8,132,2220,1528,4153,0.4611,10,1643,,,342,1812,2678,4174,3442,4128,418,1643,67,21,40,0,0,0,27,0,2,0,20,0,129,56,74,11,215,278,139,42,4174,0,8,1643,1812
06037212304,-666666666,1083,-666666666,61,55,102,81,737,0,0,0,0,0,72,928,466,1689,0.3904,74,737,-666666666.0,1441.0,0,883,1123,1689,1474,1668,180,737,6,10,27,0,10,0,5,0,31,15,20,46,20,59,56,28,67,26,96,57,1689,0,0,737,883
06037212305,-666666666,1208,-666666666,82,94,177,51,995,0,12,0,0,12,86,1572,1008,3069,0.4312,67,1007,,,0,1096,2206,3079,2730,3047,308,1007,22,31,3,11,0,10,36,12,21,20,0,0,107,168,105,68,81,122,210,79,3079,0,12,1007,1096
06037212306,466700,1470,2229,56,65,174,152,1102,7,13,0,0,36,126,1847,898,3310,0.452,67,1138,132.0,3672.0,0,1217,1976,3310,2791,3286,394,1138,37,16,68,30,51,0,0,17,50,29,15,0,139,142,109,100,181,100,106,7,3310,11,25,1138,1217
06037212410,-666666666,1480,-666666666,71,215,162,116,1602,0,0,0,0,7,106,2671,597,4329,0.4888,18,1609,,,0,1914,2275,4345,4103,4323,444,1609,57,28,19,0,7,26,35,78,95,23,12,27,116,204,29,77,255,38,62,29,4345,0,7,1609,1914
06037212420,441700,1352,-666666666,58,93,69,82,1078,0,0,0,0,90,54,1806,827,3163,0.3846,49,1168,479.0,3440.0,7,1266,1727,3163,2907,3070,442,1168,26,43,7,25,23,37,18,14,82,76,40,6,97,128,173,12,128,40,54,102,3163,54,36,1168,1266
06037212501,1056300,1362,2659,45,59,132,109,929,0,0,0,0,31,30,1329,306,1996,0.4498,40,960,206.0,2778.0,0,1016,1126,1996,1703,1985,163,960,11,29,12,13,7,0,21,24,7,43,13,14,45,37,42,25,41,45,34,19,1996,20,11,960,1016
06037212502,593800,1564,1505,157,119,148,150,1173,0,26,0,0,97,58,1901,376,2657,0.3728,46,1270,458.0,3262.0,239,1482,934,2657,2022,2645,328,1270,36,0,46,21,5,70,50,66,48,0,5,55,8,56,64,34,29,40,54,47,2657,49,48,1270,1482
06037212610,885400,1375,3382,95,64,145,140,1406,19,88,27,37,405,87,2739,1074,4729,0.4928,66,1811,2039.0,6126.0,0,1984,1786,4740,4015,4693,737,1811,108,19,56,38,11,38,23,48,52,116,10,11,74,215,155,23,49,123,126,91,4740,225,141,1811,1984
06037212620,875000,1358,2700,152,189,206,228,1697,0,5,0,0,84,149,2445,968,4072,0.3943,149,1781,481.0,5256.0,0,1860,1649,4120,3520,4024,515,1781,76,28,42,91,16,0,24,0,114,59,0,10,176,141,73,22,104,54,107,38,4120,47,37,1781,1860
06037212701,1064900,1481,2875,18,23,50,22,494,14,20,14,29,299,38,1134,319,2164,0.4965,50,793,2033.0,3700.0,60,838,358,2281,2053,2278,373,793,40,0,79,52,50,16,65,37,63,58,44,46,30,129,58,18,36,31,74,66,2281,190,109,793,838
06037212702,1067000,1991,3139,53,98,108,36,749,40,47,109,41,708,101,2273,495,3536,0.4908,16,1457,4312.0,7677.0,10,1540,570,3630,3350,3612,679,1457,57,17,12,78,29,54,61,42,85,120,5,24,111,53,99,15,97,54,24,12,3630,467,215,1457,1540
06037212800,1108200,1235,2798,15,22,127,8,825,67,10,72,37,640,104,2102,358,3358,0.4963,34,1465,3941.0,7346.0,14,1574,878,3370,3004,3333,552,1465,89,9,98,38,21,46,18,88,141,9,131,58,63,49,31,9,67,45,98,9,3370,451,181,1465,1574
06037212900,937500,1212,3162,128,64,245,71,1289,9,0,0,0,182,137,2408,741,4093,0.5208,50,1471,997.0,5130.0,0,1585,2049,4102,3784,4102,511,1471,45,36,23,10,87,43,25,124,63,33,6,46,57,143,148,44,110,141,159,43,4102,92,90,1471,1585
06037213100,933800,1203,2577,37,82,49,57,764,20,58,14,0,279,36,1485,841,3008,0.5401,62,1043,1608.0,4039.0,5,1092,881,3089,2761,3071,431,1043,33,17,14,62,35,32,36,33,39,70,41,47,43,137,45,29,91,86,80,5,3089,158,113,1043,1092
06037213201,653100,1254,2528,176,119,112,99,1521,8,0,15,0,110,238,2282,1085,4277,0.4157,183,1631,424.0,4911.0,132,1856,1975,4277,3712,4203,717,1631,0,69,32,29,47,28,17,85,95,148,38,25,128,87,98,84,87,138,205,115,4277,77,27,1631,1856
06037213202,612800,1218,1716,75,99,289,114,1094,30,0,0,0,229,137,2175,904,3863,0.5096,103,1323,1101.0,4637.0,7,1450,2466,3863,3582,3823,587,1323,17,64,59,20,18,0,63,51,76,18,44,46,86,174,88,38,54,103,36,60,3863,139,78,1323,1450
06037213310,657900,1254,2321,100,50,188,27,861,34,15,55,0,168,91,1888,534,2731,0.4488,63,1029,765.0,3663.0,0,1146,1600,2731,2438,2731,283,1029,73,0,7,20,0,20,84,71,24,0,24,0,86,9,91,33,43,22,43,0,2731,52,116,1029,1146
06037213320,639700,1034,1609,57,93,126,96,947,12,0,15,0,84,26,1610,636,2622,0.4955,28,1031,469.0,3034.0,90,1080,1848,2638,2461,2638,353,1031,0,41,33,19,21,8,34,26,75,76,27,35,57,68,54,21,72,46,74,0,2638,65,19,1031,1080
06037213401,-666666666,1227,-666666666,203,245,97,171,1654,0,0,0,8,8,123,2844,1172,4775,0.3932,117,1662,,,0,1798,3529,4820,4404,4744,531,1662,28,81,31,19,0,21,46,46,66,0,18,42,83,280,131,83,120,183,160,67,4820,0,8,1662,1798
06037213402,867300,1289,2234,118,147,129,180,1602,0,10,0,10,138,161,2624,1196,4997,0.493,32,1740,791.0,5843.0,73,1902,3418,5002,4474,4936,669,1740,17,43,63,9,18,0,82,71,57,43,47,0,150,122,65,70,145,216,117,192,5002,104,8,1740,1902
06037214000,1903700,1807,2974,20,23,76,46,493,58,70,76,50,827,172,2002,88,3882,0.448,63,1320,6766.0,9308.0,14,1374,278,3882,3696,3855,818,1320,9,81,127,43,32,21,39,37,89,45,41,52,169,120,129,87,149,123,198,78,3882,645,182,1320,1374
06037214100,2000001,2467,3887,175,28,43,157,967,59,8,33,10,712,107,2276,143,3532,0.5611,42,1679,5405.0,9965.0,35,1847,307,3532,3081,3506,677,1679,87,16,118,8,9,17,57,34,86,131,8,57,90,85,100,58,47,87,124,120,3532,636,76,1679,1847
06037214400,-666666666,2257,1107,196,164,171,120,1764,7,0,9,0,40,272,2426,302,3126,0.4804,33,1804,159.0,6712.0,0,1981,293,3126,2605,3064,468,1804,0,20,0,9,0,0,8,61,34,0,7,9,164,0,8,0,38,52,8,0,3126,31,9,1804,1981
06037214501,1900000,2779,-666666666,147,188,101,209,1476,0,0,0,10,44,88,1860,261,3444,0.4443,23,1520,209.0,5462.0,0,1820,374,3444,2522,3437,503,1520,7,12,22,18,10,0,63,0,129,20,8,33,128,164,159,0,108,149,30,0,3444,32,12,1520,1820
06037214503,-666666666,2496,-666666666,63,120,108,128,1394,0,0,0,0,22,54,1826,429,3334,0.495,13,1416,,,0,1595,128,3334,2811,3297,549,1416,0,38,78,29,0,25,39,62,45,71,61,16,105,132,102,12,97,103,45,18,3334,22,0,1416,1595
06037214504,-666666666,2410,-666666666,41,249,162,47,1544,0,0,0,31,51,242,2075,698,3898,0.4968,23,1595,264.0,6045.0,0,1814,348,3898,2359,3835,652,1595,0,0,15,0,14,27,83,31,24,0,13,40,132,70,296,69,82,225,80,4,3898,51,0,1595,1814
06037214505,-666666666,2771,-666666666,61,82,73,108,786,0,0,0,0,0,44,938,140,1307,0.5184,0,786,-666666666.0,2689.0,0,925,79,1307,806,1307,131,786,0,0,0,21,0,0,0,0,0,23,25,0,0,77,10,9,29,19,0,13,1307,0,0,786,925
06037214600,1353400,2200,2896,86,59,100,164,971,19,5,13,0,292,82,1667,171,2287,0.5216,23,1263,1733.0,6113.0,72,1436,264,2358,1898,2318,403,1263,18,34,12,0,9,52,0,9,42,43,37,168,78,27,0,8,27,30,9,0,2358,286,6,1263,1436
06037214700,1704000,1771,3000,118,53,51,69,640,25,69,27,16,460,114,1408,186,2294,0.5444,41,1100,3029.0,5931.0,33,1320,219,2376,2192,2366,453,1100,55,17,46,43,36,38,13,36,122,53,21,54,29,9,16,8,39,74,44,53,2376,420,40,1100,1320
06037214800,1532400,1939,1370,129,116,116,111,1122,23,37,16,0,372,149,1895,407,2791,0.5013,32,1494,2556.0,7137.0,56,1686,193,2839,2355,2786,473,1494,0,13,77,0,0,87,60,70,84,72,0,45,105,67,66,14,55,0,44,21,2839,358,14,1494,1686
06037214902,864100,2251,3509,206,56,78,116,1184,0,47,33,0,399,100,1863,135,2574,0.4068,120,1583,1518.0,5499.0,0,1961,106,2578,1906,2513,309,1583,33,18,16,0,49,27,51,18,13,56,33,134,74,0,54,0,104,24,0,18,2578,356,43,1583,1961
06037214903,692500,2012,2100,25,81,97,15,1041,17,5,0,0,182,27,996,331,1657,0.5457,13,1223,673.0,3993.0,0,1319,223,1657,1339,1646,130,1223,0,0,11,0,0,107,6,33,0,44,25,0,11,0,0,0,11,0,0,0,1657,138,44,1223,1319
06037214904,900000,2222,3988,90,18,55,31,687,0,30,15,0,146,3,1054,67,1452,0.4866,0,833,715.0,3124.0,18,1071,37,1452,1257,1452,271,833,0,0,31,0,0,0,0,30,130,2,0,32,0,34,0,0,88,0,0,0,1452,146,0,833,1071
06037215101,745400,2061,-666666666,143,186,139,173,1671,9,28,0,0,95,200,2358,278,2985,0.4555,41,1766,358.0,5174.0,0,1926,538,2985,2168,2897,385,1766,0,46,11,0,0,0,0,36,13,8,0,10,98,20,0,0,117,8,0,0,2985,47,48,1766,1926
06037215102,-666666666,1899,-666666666,150,328,180,266,1899,0,0,0,0,30,220,2313,358,3040,0.4011,0,1929,,,0,2195,647,3040,2402,3030,200,1929,12,13,37,0,0,0,37,0,20,22,12,0,160,11,8,0,53,9,13,0,3040,10,20,1929,2195
06037216100,972100,2167,2023,47,57,45,71,378,16,33,32,20,586,43,1132,251,2086,0.4505,6,964,4394.0,5932.0,40,1094,328,2086,1852,2066,436,964,5,63,101,17,32,0,25,27,52,112,9,9,37,6,42,68,41,10,37,38,2086,536,50,964,1094
06037216201,1518800,2234,1833,82,126,61,52,1007,25,0,23,0,386,20,1855,440,2578,0.5963,30,1393,2591.0,6312.0,79,1556,280,2578,1746,2578,404,1393,0,23,0,0,0,0,0,62,60,3,17,16,43,39,27,52,68,37,32,0,2578,348,38,1393,1556
06037216202,1157000,1879,2848,160,93,134,107,1044,14,53,30,16,377,79,2019,145,2739,0.4585,62,1421,2204.0,6139.0,0,1574,546,2757,2406,2731,448,1421,51,59,57,42,0,19,30,42,18,5,13,22,25,50,35,0,69,33,0,0,2757,262,99,1421,1574
06037216301,1680600,2723,2451,0,0,0,0,136,39,26,33,0,478,44,755,69,1575,0.5278,0,614,3457.0,4265.0,0,669,211,1575,1423,1539,323,614,0,14,194,36,16,0,19,55,57,20,14,58,5,102,60,49,46,0,0,26,1575,341,137,614,669
06037216302,932600,1843,2723,188,170,100,128,1288,51,30,48,0,313,47,2266,175,2989,0.4409,28,1601,1687.0,6645.0,68,1954,391,2989,2635,2964,488,1601,0,30,21,56,0,17,46,0,71,37,29,54,41,11,23,60,0,22,85,18,2989,258,55,1601,1954
06037216401,821400,1832,-666666666,270,258,269,44,1699,0,0,32,0,140,183,2571,337,3745,0.4373,6,1839,731.0,7128.0,0,2216,286,3786,2943,3748,411,1839,0,78,63,19,33,34,10,0,144,126,33,16,175,10,26,42,52,48,42,35,3786,99,13,1839,2216
06037216402,696000,2144,2306,83,134,133,75,1054,0,13,0,0,87,115,1582,225,2424,0.4701,22,1141,411.0,4599.0,30,1433,172,2443,2235,2431,275,1141,29,60,42,12,10,64,0,0,91,72,27,36,16,91,5,22,76,73,27,35,2443,65,22,1141,1433
06037216700,1063800,1896,2556,65,131,208,57,978,85,35,21,34,574,81,2443,315,3367,0.43,32,1552,3335.0,7133.0,40,1808,654,3493,3030,3441,524,1552,32,39,46,34,46,19,45,19,90,13,38,33,37,23,20,9,74,19,78,13,3493,391,183,1552,1808
06037216800,1406300,1950,3305,138,68,59,104,898,66,16,32,16,490,80,2103,116,3110,0.4985,51,1388,3605.0,7484.0,11,1702,553,3110,2817,3030,536,1388,44,32,17,17,21,69,27,43,72,10,29,43,152,43,73,52,91,19,51,66,3110,406,84,1388,1702
06037216901,1075000,1771,2920,42,46,0,17,523,25,0,65,112,753,72,1506,258,2586,0.488,14,1276,4248.0,6299.0,0,1390,546,2586,2414,2586,378,1276,24,0,21,53,18,71,36,73,21,115,24,17,16,29,76,3,91,37,0,40,2586,586,123,1276,1390
06037216902,1347500,1828,3902,95,145,118,33,943,64,28,0,23,247,180,1516,478,2197,0.5135,0,1190,1625.0,5869.0,0,1228,244,2275,1915,2275,238,1190,8,22,28,0,0,46,8,7,48,0,16,37,32,0,0,15,0,115,140,126,2275,224,23,1190,1228
06037217001,1364800,1945,3032,24,57,51,144,575,42,26,30,54,445,106,1408,129,3010,0.4554,63,1020,3191.0,5335.0,0,1137,235,3032,2768,2966,566,1020,26,33,37,38,23,28,11,6,40,54,24,23,173,147,136,42,114,145,215,90,3032,264,170,1020,1137
06037217002,1145000,1951,3209,176,283,115,139,1415,18,47,29,16,523,76,2682,415,4611,0.4908,15,1938,3241.0,8744.0,19,2360,579,4611,4231,4564,668,1938,0,33,64,88,29,15,18,73,43,88,63,30,64,136,289,90,178,144,127,123,4611,386,137,1938,2360
06037217101,1020200,1401,1629,78,39,91,63,733,48,8,0,23,175,383,1651,286,2964,0.4019,11,908,1119.0,3657.0,0,1025,1670,2964,2768,2962,388,908,0,45,17,27,13,0,41,0,16,0,0,0,77,0,288,209,90,85,67,63,2964,104,23,908,1025
06037217102,1186000,1894,2528,105,26,99,90,915,40,82,0,0,358,44,1706,238,2658,0.4695,16,1273,2020.0,5760.0,0,1392,349,2658,1934,2611,378,1273,0,90,0,0,21,0,79,17,177,16,56,13,94,0,0,0,87,26,20,0,2658,273,85,1273,1392
06037217200,1042500,1518,1962,193,119,201,204,1322,6,6,58,16,414,121,2566,478,4105,0.5456,74,1736,2299.0,7377.0,11,1872,1566,4105,3776,4033,639,1736,40,154,89,34,35,8,47,26,89,178,15,17,81,51,96,47,151,88,57,10,4105,306,108,1736,1872
06037218110,886500,1233,1956,56,85,79,103,948,39,42,12,0,301,195,1802,715,3532,0.5123,38,1249,1638.0,4790.0,0,1350,1812,3532,3155,3508,241,1249,25,23,102,43,8,13,11,29,48,38,46,44,112,73,168,115,72,138,81,68,3532,224,61,1249,1350
06037218120,669600,1030,1954,44,113,199,53,1016,61,0,14,31,344,72,2007,1070,4223,0.5247,75,1360,2018.0,5668.0,54,1565,2891,4244,3841,4179,533,1360,26,76,32,45,8,0,35,17,140,24,65,25,232,96,139,0,216,137,79,67,4244,184,135,1360,1565
06037218210,770500,1337,2218,56,63,198,135,976,13,12,52,12,214,112,1967,625,3422,0.4126,23,1190,1047.0,4456.0,0,1297,2560,3621,3351,3621,399,1190,26,33,71,29,6,13,99,0,10,40,20,16,66,44,14,150,64,136,237,18,3621,118,46,1190,1297
06037218220,1209200,1728,3235,95,61,117,86,919,61,53,30,6,523,125,2488,456,3877,0.5242,27,1442,4105.0,7567.0,0,1589,1782,3877,3511,3847,384,1442,33,82,67,4,19,0,46,12,86,61,0,38,86,47,43,25,119,105,65,35,3877,403,114,1442,1589
06037218300,889800,1558,2227,50,390,247,191,1780,75,99,0,0,522,462,3489,912,5250,0.3875,72,2302,2646.0,9163.0,0,2411,2223,5281,5066,5271,557,2302,0,38,20,37,13,26,30,76,17,85,25,55,215,108,59,72,13,108,118,65,5281,310,123,2302,2411
06037218400,681200,1613,2178,104,169,73,75,992,72,43,43,10,421,112,2673,473,4699,0.3711,52,1413,2112.0,6221.0,19,1547,3164,4699,4172,4651,615,1413,51,32,27,14,18,38,9,24,33,59,67,9,176,149,297,112,147,152,81,54,4699,137,252,1413,1547
06037218500,739700,1330,1652,61,44,27,38,695,22,6,0,22,264,57,1363,553,2655,0.5134,80,959,1486.0,4049.0,13,1054,1483,2655,2415,2623,228,959,23,43,30,12,11,6,64,35,48,36,51,13,59,30,113,86,16,117,71,58,2655,150,104,959,1054
06037218600,640900,1266,2167,64,87,38,64,794,44,51,82,12,340,78,1727,438,2992,0.4191,110,1134,1931.0,4892.0,0,1182,1613,3081,2776,3001,376,1134,45,24,20,11,11,23,40,0,58,48,4,59,120,43,39,17,90,49,123,0,3081,237,87,1134,1182
06037218701,727000,1469,1802,75,43,23,41,543,34,36,0,72,315,106,1262,309,2157,0.4306,60,858,2152.0,4454.0,0,931,875,2157,1946,2157,233,858,9,7,49,23,8,23,6,18,23,26,10,22,70,55,47,21,2,73,67,35,2157,263,47,858,931
06037218702,720100,1335,2333,67,43,83,48,680,9,55,0,40,188,106,1139,411,2232,0.4603,39,868,1166.0,3294.0,0,933,1106,2232,1967,2184,273,868,24,51,50,8,0,14,14,55,102,0,7,20,43,65,92,52,68,79,61,50,2232,144,38,868,933
06037218800,832300,1385,2280,89,78,81,27,768,22,17,26,0,204,71,1330,434,2595,0.43,39,972,1260.0,4297.0,0,1020,1186,2619,2358,2584,395,972,101,40,70,15,6,1,17,43,169,10,0,46,82,53,95,25,85,36,56,36,2619,117,65,972,1020
06037218900,827500,1359,1269,100,153,213,183,1881,20,26,0,49,345,169,3151,1176,5747,0.4825,123,2226,2701.0,9293.0,8,2360,2261,5757,5163,5631,654,2226,23,122,86,49,0,8,71,183,50,51,11,30,253,111,182,40,124,76,169,130,5757,212,133,2226,2360
06037219010,636200,1232,2034,49,32,83,32,529,22,28,24,95,515,111,1820,428,3276,0.4403,57,1044,2830.0,5104.0,7,1070,1950,3318,3091,3283,533,1044,91,15,42,79,59,0,0,27,53,79,8,14,40,61,101,46,87,127,69,57,3318,253,242,1044,1070
06037219020,569300,1322,2100,64,57,132,20,706,66,25,73,52,660,307,2241,1606,5244,0.4267,100,1366,3429.0,6183.0,15,1478,3471,5298,4893,5184,516,1366,27,12,105,92,41,0,11,19,81,104,30,61,306,396,169,115,105,231,178,131,5298,243,285,1366,1478
06037219300,600400,1202,2097,278,38,146,26,1153,31,36,44,12,308,173,2060,829,3875,0.4621,59,1461,2152.0,6130.0,0,1524,2430,3906,3709,3877,452,1461,22,9,24,26,10,10,51,35,54,60,47,20,75,81,86,41,187,123,300,133,3906,206,102,1461,1524
06037219500,679700,1410,1479,1,38,0,24,219,23,61,29,17,614,49,1071,81,2098,0.4508,25,833,3538.0,4556.0,0,888,376,2098,1792,2029,264,833,36,53,30,21,20,27,26,51,68,57,25,46,58,29,127,23,84,76,2,13,2098,436,159,833,888
06037219700,615200,1335,1934,122,36,107,60,634,125,12,118,0,694,106,2520,724,4702,0.4311,35,1328,3516.0,5755.0,0,1453,3507,4724,4412,4685,614,1328,23,59,68,0,10,39,41,59,85,0,8,24,105,132,191,86,40,105,251,66,4724,269,328,1328,1453
06037219800,568700,1294,1750,51,93,49,19,646,10,63,3,16,332,68,1602,554,2910,0.4454,32,978,1640.0,4007.0,20,1084,2247,2915,2676,2853,316,978,9,20,17,9,0,22,24,4,42,37,4,33,49,123,46,42,99,149,100,45,2915,171,144,978,1084
06037219901,485700,1194,1684,15,110,93,198,1155,42,72,0,32,360,87,2420,819,4724,0.4427,15,1515,1964.0,5723.0,8,1616,3554,4724,4337,4696,503,1515,8,0,30,36,1,7,46,37,38,21,23,1,128,296,393,194,48,200,178,56,4724,198,138,1515,1616
06037219902,582600,1406,1607,36,92,60,29,535,59,87,25,16,540,94,1564,673,3177,0.4136,0,1075,2497.0,4544.0,61,1151,2141,3177,2908,3149,474,1075,8,38,22,49,44,4,47,58,90,23,27,0,37,52,178,48,58,38,42,101,3177,267,127,1075,1151
06037220000,569900,1376,2502,48,14,150,122,1593,12,78,35,153,521,290,2495,1215,4784,0.5077,45,2114,2956.0,9045.0,87,2356,2374,4784,4369,4784,493,2114,89,65,38,92,0,20,82,94,82,81,47,67,135,91,118,93,19,297,204,147,4784,300,220,2114,2356
06037220100,784700,1022,2232,75,8,25,58,542,30,13,26,63,560,130,1080,418,2487,0.5856,32,1102,3070.0,5060.0,0,1176,928,2487,2231,2468,315,1102,46,25,67,35,44,10,7,58,34,88,36,124,79,0,41,17,29,80,100,77,2487,467,85,1102,1176
06037221110,750000,994,2400,178,57,133,71,933,0,0,11,0,138,225,1828,1197,3668,0.41,104,1071,1204.0,3216.0,18,1226,3173,3668,3503,3668,285,1071,0,0,50,51,23,11,30,13,108,95,4,34,35,148,189,110,122,85,135,140,3668,98,40,1071,1226
06037221120,627600,1152,975,70,161,23,50,731,0,10,0,0,67,91,1682,893,3129,0.4223,115,798,323.0,2749.0,0,867,2936,3129,3042,3129,285,798,9,19,63,6,15,8,11,31,19,10,0,46,66,129,83,83,79,149,148,106,3129,21,42,798,867
06037221210,758200,1245,2813,35,100,64,68,626,45,17,0,12,251,76,1782,591,3317,0.435,32,877,1566.0,3854.0,0,943,2683,3331,3203,3315,352,877,45,13,36,21,6,15,7,37,48,92,16,76,84,103,141,56,58,153,47,16,3331,123,82,877,943
06037221220,547900,1078,1775,124,65,86,83,804,26,12,13,4,168,102,1839,612,3224,0.4159,42,972,883.0,3573.0,0,1026,2854,3227,2828,3190,407,972,31,7,31,42,61,10,29,12,24,64,77,28,64,92,116,63,88,49,88,66,3227,60,96,972,1026
06037221302,554500,1176,2455,83,143,179,66,1112,8,17,0,26,154,96,2419,710,4129,0.5306,28,1266,1376.0,5351.0,0,1376,2816,4204,3810,4172,322,1266,14,32,46,45,6,49,29,20,14,34,51,42,121,38,128,101,64,56,276,107,4204,109,45,1266,1376
06037221303,745000,1140,3139,25,62,114,17,667,0,14,7,0,61,99,1218,910,2654,0.4332,32,728,421.0,2738.0,0,802,2112,2697,2392,2668,291,728,27,0,23,16,27,7,22,9,15,13,47,30,111,148,64,15,70,86,76,85,2697,30,31,728,802
06037221304,649600,1341,2734,98,46,124,169,1094,0,45,9,0,73,56,1714,534,3833,0.4298,134,1167,456.0,4469.0,0,1241,2594,3912,3741,3864,477,1167,18,26,44,12,10,35,44,29,47,20,37,218,167,218,148,20,129,50,217,46,3912,73,0,1167,1241
06037221401,596900,1198,1644,37,64,51,145,983,24,0,19,0,176,28,1412,807,3074,0.4947,34,1159,1052.0,3896.0,0,1294,1288,3422,3130,3381,344,1159,12,6,73,50,18,33,63,51,55,74,108,206,155,68,137,76,100,34,60,15,3422,81,95,1159,1294
06037221402,1035700,1213,2735,79,41,56,58,715,30,28,15,8,230,230,1459,745,2984,0.5216,75,945,1842.0,4279.0,0,1029,1653,3188,2872,3126,382,945,27,15,72,28,26,36,36,51,63,69,50,63,102,119,57,74,112,94,96,63,3188,149,63,945,1029
06037221500,841800,973,2459,78,47,68,112,880,19,7,36,74,215,136,1811,1253,3682,0.5074,109,1095,1383.0,4414.0,0,1229,2297,3688,3415,3688,357,1095,17,61,50,28,81,35,24,28,55,75,53,87,100,180,151,51,78,154,102,59,3688,95,87,1095,1229
06037221601,653400,1134,2083,29,148,76,54,796,45,0,22,0,173,196,1824,780,3226,0.5133,48,969,1193.0,3834.0,0,996,2316,3226,2908,3226,281,969,28,7,45,0,0,5,40,35,63,0,23,8,40,93,82,82,106,46,103,51,3226,88,62,969,996
06037221602,628800,1132,1478,81,65,88,63,819,4,0,0,0,104,49,1473,691,2711,0.4474,27,923,501.0,3198.0,0,938,2221,2711,2533,2700,273,923,28,7,31,10,0,0,38,7,63,76,16,21,74,101,82,23,47,57,104,57,2711,46,53,923,938
06037221710,556000,1180,1827,102,82,79,60,808,15,10,0,0,157,221,1616,812,2867,0.4289,5,965,957.0,3754.0,18,1087,2114,2890,2416,2883,215,965,18,18,92,42,7,4,46,36,14,55,25,64,60,42,28,38,34,64,48,24,2890,89,57,965,1087
06037221810,622500,1272,2579,88,33,27,51,819,8,16,0,0,85,154,1445,1313,2740,0.6107,10,904,544.0,3252.0,0,992,1358,2782,1985,2782,148,904,3,8,30,46,0,3,0,12,11,18,15,18,16,35,80,57,21,39,44,19,2782,23,62,904,992
06037221820,839600,1595,-666666666,33,38,104,93,889,0,0,0,0,68,398,1307,1162,2175,0.8913,11,957,766.0,3350.0,0,1135,459,2424,1391,2424,102,957,0,0,0,25,0,0,0,32,46,0,11,32,0,0,31,3,18,38,0,8,2424,63,5,957,1135
06037221900,912500,1066,2933,56,117,66,80,858,0,0,0,0,44,286,1791,1737,2665,0.5325,63,902,220.0,3276.0,19,1016,1074,4200,2788,4200,102,902,0,8,32,11,32,0,9,0,25,80,22,40,0,69,52,0,18,69,52,15,4200,29,15,902,1016
06037222001,652200,1371,1711,27,52,12,48,481,47,42,45,20,465,160,1781,334,2942,0.391,32,946,2913.0,4761.0,6,1003,1980,2942,2646,2926,304,946,3,15,33,17,0,8,16,43,48,69,41,12,66,68,107,25,53,59,50,42,2942,302,135,946,1003
06037222002,556900,1404,1436,13,116,22,107,881,24,80,20,13,525,250,2575,1118,4997,0.4584,111,1406,2665.0,6015.0,0,1417,3612,5072,4509,5041,390,1406,101,0,57,13,0,28,27,71,105,34,7,129,88,151,340,231,137,97,149,81,5072,229,274,1406,1417
06037222100,606400,1430,1928,88,63,74,73,778,10,64,36,6,427,183,2512,1020,4614,0.4328,100,1205,2754.0,5851.0,8,1249,2883,4614,3884,4530,417,1205,24,48,26,0,17,35,101,0,129,7,42,0,275,90,51,77,174,120,125,53,4614,257,119,1205,1249
06037222200,843200,1269,2294,96,29,54,106,946,17,0,84,50,318,125,2150,943,4091,0.5495,76,1264,2390.0,5875.0,0,1327,3026,4127,3893,4083,512,1264,47,19,118,9,0,0,0,30,42,39,26,8,101,239,157,99,82,42,146,75,4127,262,56,1264,1327
06037222500,536300,1375,1668,74,167,132,40,785,49,45,53,9,444,110,2584,1203,5190,0.4149,53,1229,2446.0,5610.0,0,1348,3574,5195,4840,5156,509,1229,14,28,56,20,35,45,43,47,69,47,25,8,141,135,248,96,182,156,328,102,5195,198,147,1229,1348
06037222600,492000,1193,-666666666,26,159,65,50,1383,20,27,11,30,286,469,2965,1858,5532,0.4742,48,1669,1413.0,7241.0,72,1878,3116,5638,4563,5638,316,1669,21,85,95,22,22,7,56,38,73,55,28,32,118,70,114,99,50,123,82,86,5638,81,141,1669,1878
06037222700,-666666666,1549,-666666666,16,16,0,0,108,0,0,0,0,0,378,1259,202,280,0.5681,0,108,-666666666.0,364.0,0,143,664,3959,1694,3959,5,108,0,0,0,0,0,0,0,0,0,0,0,0,0,0,0,54,0,0,0,32,3959,0,0,108,143
06037224010,-666666666,974,-666666666,156,78,167,112,1551,0,0,0,0,7,44,1793,737,2906,0.5253,98,1558,,,353,1787,1633,2906,2204,2893,199,1558,58,15,0,21,0,35,0,10,76,71,0,8,38,31,106,18,0,49,97,45,2906,7,0,1558,1787
06037224020,666700,960,842,112,73,69,77,853,0,0,0,0,42,105,1424,1041,2728,0.4632,112,895,327.0,2205.0,0,1020,2172,2746,2290,2668,217,895,0,0,5,0,6,0,0,19,24,5,0,0,160,94,127,32,121,90,101,68,2746,18,17,895,1020
06037224200,765000,1105,1822,7,99,83,74,725,7,5,7,0,71,45,1345,564,2617,0.4691,89,796,414.0,2781.0,0,826,2392,2632,2522,2611,297,796,5,14,38,0,0,0,0,11,23,0,17,10,53,48,156,106,50,140,81,51,2632,44,15,796,826
06037224310,763400,972,-666666666,85,13,53,36,528,1,0,0,0,83,55,1204,739,2145,0.4174,6,611,504.0,2053.0,0,637,1873,2169,1944,2124,173,611,41,21,30,0,0,0,0,31,15,6,0,31,79,26,42,10,132,119,75,57,2169,64,16,611,637
06037224320,629800,868,2759,70,64,91,166,1110,0,18,0,0,45,67,1346,1395,2926,0.5365,91,1155,281.0,2521.0,0,1172,2531,2947,2772,2919,209,1155,14,24,24,0,34,102,27,80,51,61,29,114,23,160,45,28,110,255,99,15,2947,45,0,1155,1172
06037224410,697900,1138,2078,56,54,91,143,855,9,0,12,15,285,85,1688,754,2936,0.5623,39,1140,2163.0,5017.0,7,1229,1692,3083,2566,3083,303,1140,27,42,39,19,0,85,10,41,29,18,22,39,60,60,52,80,0,83,69,37,3083,225,39,1140,1229
06037224420,812500,878,2295,62,66,72,159,826,0,11,11,0,57,232,1430,804,2389,0.4284,31,883,508.0,2268.0,0,943,2171,2651,2336,2637,198,883,11,40,64,11,19,11,9,44,0,25,0,9,72,27,77,27,40,68,165,67,2651,46,11,883,943
06037224600,472400,1069,1638,75,66,59,29,666,19,0,20,17,124,147,1740,888,3137,0.3761,63,790,655.0,2722.0,25,838,2892,3280,2950,3256,295,790,44,35,49,2,4,45,34,40,49,28,21,25,89,102,172,89,73,112,86,71,3280,45,48,790,838
06037224701,-666666666,2011,-666666666,0,43,12,10,253,0,0,0,0,11,113,1054,468,802,0.565,6,264,,,0,320,529,2880,1429,2880,28,264,0,0,0,0,0,0,0,6,0,0,0,0,12,0,0,37,7,0,0,15,2880,4,7,264,320
06037224702,-666666666,1590,-666666666,8,23,39,36,714,0,0,0,0,0,331,1313,1300,1675,0.6757,0,714,-666666666.0,2116.0,0,858,366,3145,1591,3145,26,714,0,11,0,12,0,0,0,0,0,0,0,0,0,0,0,0,0,0,12,9,3145,0,0,714,858
06037226001,375000,1091,1867,17,56,20,49,501,0,4,0,5,79,127,1207,915,2231,0.4129,53,580,434.0,2001.0,15,592,1943,2268,2156,2235,269,580,0,11,5,15,4,0,0,11,0,10,0,0,110,215,155,75,56,67,29,5,2268,64,0,580,592
06037226002,511800,1306,2444,83,75,87,125,1048,5,18,7,32,109,108,1339,712,2048,0.5329,115,1157,220.0,1621.0,0,1313,981,2053,1586,2024,221,1157,4,16,16,0,23,0,0,0,15,19,0,0,0,28,53,40,44,77,29,75,2053,26,55,1157,1313
06037226410,496000,1276,1755,51,80,89,63,742,0,0,0,24,130,134,1790,1192,3612,0.3391,75,872,822.0,3349.0,0,906,3562,3627,3488,3616,473,872,9,56,12,33,11,21,0,12,57,25,29,12,93,220,157,114,55,126,140,122,3627,45,82,872,906
06037226420,373500,1101,2175,46,156,30,151,1066,28,13,23,19,264,303,2589,1417,5271,0.4138,88,1330,1415.0,5367.0,23,1358,4615,5382,4938,5336,731,1330,62,17,24,28,41,35,14,96,67,33,34,4,264,210,137,136,86,309,169,132,5382,63,145,1330,1358
06037226701,439800,1250,1592,39,16,91,17,406,12,40,56,18,240,50,1531,409,3107,0.3825,29,646,1378.0,3056.0,0,646,3045,3135,2780,3135,434,646,5,0,0,0,0,0,23,23,0,0,0,0,178,220,170,111,47,97,50,48,3135,37,150,646,646
06037226702,456200,1217,1636,26,41,126,11,614,0,94,28,11,278,346,2549,1605,4929,0.4605,198,892,1609.0,4013.0,0,892,4867,4954,4643,4954,316,892,27,28,10,25,40,11,20,0,28,0,10,13,233,188,160,76,179,297,39,175,4954,49,229,892,892
06037227010,402900,1231,1602,62,100,231,79,918,52,10,24,0,188,374,2320,1209,5069,0.3352,168,1106,1149.0,4876.0,0,1142,4858,5163,4457,5087,551,1106,22,0,230,56,8,0,16,44,34,15,9,0,223,268,275,148,195,130,240,154,5163,86,85,1106,1142
06037227020,431300,1348,1590,27,43,20,71,593,36,6,0,10,235,158,1968,597,3691,0.3523,77,828,1180.0,3928.0,7,853,3669,3726,3607,3692,410,828,21,0,19,45,17,21,21,30,53,51,0,17,141,160,111,122,87,78,187,66,3726,52,150,828,853
06037228100,403400,1376,1817,96,64,60,50,648,51,9,108,0,511,139,2588,1121,5377,0.4177,76,1159,2490.0,5747.0,0,1274,4722,5377,4620,5253,520,1159,12,195,39,0,0,0,83,39,54,46,30,50,193,185,350,111,188,236,215,143,5377,184,245,1159,1274
06037228210,395200,1066,1655,31,27,44,149,728,29,99,21,51,310,262,2012,1324,4338,0.4068,102,1038,1628.0,4397.0,0,1065,3911,4338,4203,4257,327,1038,67,59,26,9,55,10,57,55,53,23,46,20,203,100,152,66,123,218,273,140,4338,36,185,1038,1065
06037228220,430500,1204,1773,51,72,52,66,632,31,51,22,22,323,216,2065,1495,4485,0.3973,104,955,1765.0,4252.0,0,1006,4097,4490,4147,4490,431,955,28,57,45,0,4,0,35,45,37,73,6,21,104,276,190,106,140,123,230,140,4490,56,145,955,1006
06037228310,377600,1105,1896,79,88,62,146,759,47,32,44,0,275,138,2212,790,4512,0.4326,184,1034,1519.0,4654.0,0,1043,4314,4562,4378,4499,480,1034,19,14,18,13,0,25,9,56,75,20,8,34,154,196,239,112,177,122,244,162,4562,61,106,1034,1043
06037228320,403400,1332,1464,84,37,48,54,568,17,15,7,0,150,84,1430,935,3256,0.386,33,718,807.0,3117.0,0,745,3184,3271,3143,3265,350,718,14,14,22,0,5,0,33,37,9,0,4,0,111,140,315,158,88,202,119,80,3271,56,61,718,745
06037228410,419500,1433,1847,79,24,19,57,575,14,0,18,34,156,166,1711,965,3461,0.633,22,731,737.0,3098.0,0,746,3183,3489,3231,3456,344,731,13,33,37,0,0,11,0,13,39,0,11,18,118,216,181,81,57,90,103,140,3489,22,73,731,746
06037228420,463900,1115,1985,74,63,61,40,513,45,17,0,37,178,119,1575,1106,3337,0.4351,30,691,953.0,3100.0,0,719,3116,3337,2998,3302,328,691,14,14,0,0,0,0,18,24,0,14,0,0,140,206,228,157,88,121,179,20,3337,35,69,691,719
06037228500,411200,1361,2050,9,107,44,41,888,35,0,30,37,278,228,2409,2011,5071,0.5298,71,1166,1499.0,5179.0,0,1226,4283,5196,4685,5063,495,1166,45,57,19,0,0,0,29,16,34,11,45,12,181,275,164,10,172,366,191,284,5196,39,188,1166,1226
06037228600,543800,1271,2329,77,49,234,55,830,53,29,46,20,290,208,2412,1545,4975,0.3918,171,1120,1458.0,5148.0,0,1165,4576,5041,4584,4966,494,1120,30,84,104,0,0,0,70,0,46,32,20,0,187,201,238,191,157,250,164,149,5041,17,219,1120,1165
06037228710,386400,1335,2157,23,110,71,56,797,9,33,24,29,231,90,1874,1363,4024,0.4012,61,1028,1145.0,4571.0,22,1058,3584,4024,3846,4001,323,1028,9,20,0,28,0,5,0,35,6,24,27,5,192,122,251,47,151,231,188,63,4024,56,163,1028,1058
06037228720,408700,1195,1632,167,21,85,58,776,32,29,28,20,329,180,2362,1416,5024,0.3777,123,1105,1916.0,5146.0,0,1126,4498,5053,4590,4991,500,1105,69,0,47,25,0,0,37,46,33,15,16,31,253,231,236,93,141,270,200,149,5053,103,160,1105,1126
06037228800,406300,1100,2105,81,11,82,78,731,0,140,22,19,505,204,2532,1526,5379,0.4312,163,1236,2404.0,5509.0,0,1302,5101,5421,5014,5401,490,1236,27,11,19,50,0,20,26,31,87,0,54,19,84,384,313,118,206,179,169,204,5421,113,241,1236,1302
06037228900,371600,824,-666666666,69,38,65,76,607,12,17,10,0,147,250,1111,1168,2947,0.5382,140,754,782.0,3438.0,0,799,2640,2947,2793,2916,220,754,0,21,0,64,0,0,57,41,16,66,0,5,122,161,92,108,70,92,175,197,2947,27,60,754,799
06037229100,450500,1428,2275,68,31,30,79,615,37,35,89,33,486,133,2459,1228,5125,0.3674,59,1101,2826.0,5778.0,12,1140,4509,5157,4894,5117,460,1101,0,9,55,13,9,17,32,17,113,25,18,48,198,233,268,117,228,220,224,104,5157,248,195,1101,1140
06037229200,351500,1180,1793,117,60,77,86,876,63,69,0,29,292,162,2617,837,5006,0.4117,61,1168,1411.0,4869.0,0,1262,4331,5012,4836,5012,472,1168,34,24,43,59,59,0,92,9,16,16,103,0,143,249,207,67,189,168,152,100,5012,61,132,1168,1262
06037229300,500800,1152,697,113,43,132,81,1087,47,18,20,39,353,322,2757,1601,5846,0.4,182,1440,1702.0,6080.0,21,1478,5265,5846,5297,5804,615,1440,11,0,52,41,0,0,33,30,22,0,0,10,290,139,235,75,181,338,350,234,5846,53,151,1440,1478
06037229410,402000,1337,2336,13,41,59,67,648,36,39,0,58,218,40,1837,945,3948,0.4289,7,866,1409.0,4154.0,4,910,3716,3948,3687,3920,349,866,34,65,25,0,15,0,6,23,17,16,11,8,336,192,83,58,195,182,64,141,3948,70,78,866,910
06037229420,387400,1280,2013,18,34,119,50,690,7,58,21,21,353,213,2141,1157,4421,0.4405,71,1043,2100.0,4891.0,0,1068,4026,4421,3870,4362,389,1043,31,0,0,41,13,13,7,33,0,38,21,27,282,208,157,76,164,116,196,100,4421,153,117,1043,1068
06037231100,422900,1076,1168,61,53,57,42,593,0,6,6,0,79,236,1421,1775,3359,0.482,69,672,508.0,2788.0,23,745,2451,3374,2527,3350,243,672,42,37,90,36,0,11,26,29,5,0,28,9,78,121,101,73,38,80,139,66,3374,61,10,672,745
06037231210,411300,1117,1469,10,89,56,145,1037,52,23,0,0,158,184,1988,1626,3968,0.4615,61,1195,900.0,4698.0,0,1283,3122,3975,3733,3878,582,1195,98,20,9,37,0,0,117,58,70,37,21,5,138,169,221,56,167,104,177,38,3975,18,64,1195,1283
06037231220,537700,998,-666666666,50,110,183,196,1288,0,14,0,0,142,270,1954,994,4482,0.5276,174,1430,893.0,5676.0,46,1438,2874,4482,4145,4445,564,1430,13,9,40,61,93,0,12,20,34,185,0,59,120,306,176,151,145,248,183,84,4482,31,80,1430,1438
06037231301,470900,1423,-666666666,51,46,105,0,596,19,0,0,40,231,31,1031,683,2344,0.5741,54,827,931.0,3279.0,0,862,1894,2349,2041,2305,275,827,16,89,0,6,5,0,0,77,65,31,7,23,158,83,76,1,113,11,30,134,2349,48,89,827,862
06037231302,563500,1421,1738,85,50,24,20,507,14,142,13,17,382,140,1886,191,3258,0.3114,38,889,2274.0,4445.0,25,934,2244,3258,3118,3258,335,889,3,12,0,31,49,0,19,4,31,0,0,37,128,61,174,91,49,0,100,5,3258,160,215,889,934
06037231400,534500,1118,2152,54,177,82,19,878,82,25,90,44,674,62,2597,991,4864,0.4642,47,1552,3629.0,6691.0,0,1639,3282,4869,4630,4750,523,1552,87,68,60,0,0,0,67,115,20,104,29,71,159,63,77,129,133,200,114,62,4869,295,245,1552,1639
06037231500,576600,1225,2033,38,124,37,98,550,42,119,115,53,891,137,2767,626,5251,0.5449,144,1441,5437.0,7398.0,0,1493,3198,5257,5040,5203,465,1441,0,58,118,50,60,18,24,49,102,124,61,41,128,148,194,120,174,96,101,106,5257,469,348,1441,1493
06037231601,541100,1175,1641,32,43,87,63,492,6,35,0,0,272,147,1499,335,2652,0.3517,174,764,1476.0,3601.0,0,806,1478,2652,2439,2652,167,764,6,55,69,0,0,0,11,20,0,27,34,48,0,72,24,0,95,46,140,83,2652,137,103,764,806
06037231602,537900,1109,2539,51,27,0,35,283,43,0,32,0,315,36,1088,318,2088,0.4502,45,598,1595.0,2921.0,13,664,1417,2088,1738,2061,310,598,22,16,0,20,0,10,110,0,0,21,49,10,0,38,51,56,101,38,75,47,2088,102,190,598,664
06037231603,566900,1321,1119,39,28,104,48,705,0,20,0,20,123,43,1143,848,2706,0.4508,79,828,763.0,3588.0,85,843,2177,2782,2556,2692,249,828,20,19,53,46,24,13,9,29,13,20,20,51,255,0,100,44,112,237,23,22,2782,50,62,828,843
06037231710,482500,1122,-666666666,128,87,125,47,1146,0,0,9,17,93,119,2020,1315,4116,0.4788,129,1239,552.0,4930.0,0,1291,3613,4135,3841,4095,467,1239,26,16,39,0,0,29,20,28,28,45,39,0,169,155,121,59,120,176,140,39,4135,47,46,1239,1291
06037231720,384100,1078,1646,113,62,163,135,1199,27,22,10,9,255,202,2490,1397,5016,0.4638,112,1454,1345.0,5608.0,0,1599,4224,5016,4807,4992,377,1454,29,8,190,43,42,13,11,35,58,20,0,46,345,197,259,55,65,260,84,71,5016,112,91,1454,1599
06037231800,515400,1127,2003,61,118,91,123,1218,0,20,26,24,229,244,2765,2043,5680,0.4254,158,1447,1375.0,6312.0,0,1478,5089,5720,5153,5607,595,1447,12,40,51,0,7,8,19,48,53,20,3,10,170,264,200,174,229,261,217,235,5720,114,69,1447,1478
06037231901,444100,1121,1728,0,94,0,0,496,50,12,0,0,293,147,1643,769,3033,0.4774,44,789,1289.0,3426.0,32,813,2829,3137,2889,3137,368,789,15,0,38,0,0,0,11,8,56,84,5,18,18,132,69,70,134,93,79,48,3137,28,171,789,813
06037231902,443200,1138,2632,0,63,16,36,513,51,0,0,45,248,57,1344,1538,3254,0.4115,88,761,1450.0,3433.0,40,780,2961,3261,3055,3235,237,761,0,0,31,4,0,0,9,7,4,23,33,11,91,183,145,123,147,238,130,104,3261,49,138,761,780
06037232110,329500,1061,1608,43,16,52,61,649,12,18,17,44,167,106,1270,809,2920,0.4442,132,816,915.0,3452.0,0,859,2593,2920,2591,2888,306,816,12,21,55,11,0,0,24,29,42,2,21,1,164,139,137,88,85,71,190,14,2920,59,103,816,859
06037232120,458100,1273,1863,55,221,45,95,1145,23,36,94,8,328,187,2367,1388,5410,0.374,211,1473,1812.0,7085.0,10,1576,4097,5457,4848,5349,455,1473,19,43,19,0,31,0,49,43,78,17,11,14,379,255,122,90,252,200,314,103,5457,172,56,1473,1576
06037232200,457200,1121,2148,35,28,104,153,558,25,53,12,0,311,168,1847,581,3499,0.4168,72,869,1943.0,4211.0,0,926,2459,3619,3330,3597,278,869,25,22,45,0,31,39,29,50,119,80,40,49,88,102,91,100,23,66,127,116,3619,65,193,869,926
06037232300,450600,1014,2002,72,31,65,29,513,57,98,96,71,685,112,2882,946,5468,0.4177,117,1198,3787.0,6235.0,0,1198,3859,5492,5264,5437,537,1198,25,94,27,45,12,77,190,98,89,28,0,29,97,265,322,25,181,161,123,60,5492,203,274,1198,1198
06037232401,451800,1433,2012,71,34,23,38,601,66,94,34,0,507,79,1725,630,3884,0.4026,52,1108,3070.0,5608.0,0,1168,2237,3912,3459,3848,471,1108,28,64,144,22,15,0,37,104,26,32,24,0,96,177,123,13,213,44,74,206,3912,238,234,1108,1168
06037232402,502200,1320,1541,37,29,0,19,404,28,108,7,0,500,12,1669,558,3089,0.4933,71,904,2874.0,4346.0,0,1038,1975,3089,2941,3070,306,904,23,8,58,47,21,27,67,16,51,15,47,0,27,70,89,52,91,39,117,55,3089,313,145,904,1038
06037232500,466400,1126,2131,0,177,82,9,714,76,107,9,53,751,136,2458,875,5015,0.4753,84,1465,4045.0,7197.0,0,1535,3222,5039,4798,5025,540,1465,40,94,69,49,22,0,63,42,111,47,33,77,40,197,81,305,83,56,210,96,5039,394,292,1465,1535
06037232601,431300,1275,1625,23,30,38,6,279,0,13,17,0,272,6,856,554,1905,0.4355,45,551,1505.0,2670.0,0,586,1331,1905,1768,1894,250,551,2,44,41,0,0,0,13,22,37,37,8,25,59,54,48,49,53,143,35,112,1905,99,167,551,586
06037232602,452400,1392,1540,69,63,65,17,756,48,0,85,5,565,106,2052,1586,4803,0.4754,70,1321,3125.0,6573.0,0,1352,3608,4840,4588,4840,450,1321,7,0,3,1,29,25,23,39,137,84,59,104,64,128,193,157,189,227,158,146,4840,282,217,1321,1352
06037232701,505800,1552,2122,39,21,51,0,366,0,21,13,58,211,31,1104,692,2464,0.4168,108,577,1099.0,2852.0,0,591,1745,2464,2445,2464,212,577,19,12,8,16,27,16,24,27,34,19,13,0,87,116,102,23,60,187,121,36,2464,47,151,577,591
06037232702,440700,1086,1659,71,24,0,80,641,33,22,20,46,370,80,2022,1379,4290,0.5095,130,1011,2063.0,4670.0,7,1107,3810,4290,4106,4259,418,1011,18,0,26,0,0,0,0,46,32,55,58,15,103,179,114,37,122,110,297,92,4290,129,200,1011,1107
06037232800,473500,1140,1893,48,43,53,23,614,35,23,50,38,319,152,2214,1210,4539,0.5195,65,933,1883.0,4429.0,17,966,3857,4568,4344,4545,346,933,46,36,20,25,0,8,21,52,0,6,0,38,140,241,210,89,200,123,260,73,4568,94,106,933,966
06037234001,772500,1215,2433,0,10,32,89,260,59,91,140,22,773,58,1335,410,2590,0.4322,54,1033,4664.0,5567.0,0,1085,359,2595,2363,2549,468,1033,19,50,86,21,78,11,68,52,28,80,64,37,51,17,48,56,48,63,92,13,2595,617,156,1033,1085
06037234002,620200,1497,1416,0,9,103,25,553,20,22,0,10,429,0,1009,635,2685,0.5053,10,982,2623.0,4872.0,12,1069,1756,2711,2428,2711,377,982,49,55,13,61,50,0,104,42,96,60,79,23,0,114,77,9,237,159,9,37,2711,396,33,982,1069
06037234200,699100,2091,1844,8,30,55,10,339,157,13,67,29,823,44,1352,87,2520,0.517,72,1162,5404.0,6962.0,17,1177,296,2520,2257,2520,343,1162,4,26,15,46,11,29,13,60,102,32,77,62,29,44,60,28,122,13,92,113,2520,717,106,1162,1177
06037234301,823100,1265,2618,91,144,54,49,647,14,0,0,0,271,48,1066,247,1869,0.5045,79,918,1762.0,3949.0,0,976,224,1869,1440,1869,264,918,24,35,12,0,0,0,56,28,0,0,27,16,91,57,0,0,138,0,33,19,1869,117,154,918,976
06037234302,622000,1329,1568,28,52,48,182,1149,33,0,98,14,191,197,1190,327,2126,0.4036,57,1340,1149.0,5931.0,0,1495,193,2144,1797,2126,74,1340,30,0,31,0,0,0,21,18,125,19,21,0,18,154,0,15,0,0,91,0,2144,191,0,1340,1495
06037234501,497700,1215,1947,19,11,15,12,250,75,92,65,60,622,151,1409,272,2939,0.433,60,872,3461.0,4503.0,0,971,1020,2974,2605,2974,423,872,0,58,24,29,44,36,64,41,40,68,52,50,88,51,70,66,55,185,161,88,2974,416,116,872,971
06037234502,611500,1160,2575,57,46,91,30,802,30,33,63,22,386,195,1478,676,3184,0.5013,18,1188,2215.0,5652.0,0,1278,864,3195,2925,3127,296,1188,8,0,89,33,24,20,66,16,42,24,25,8,184,77,80,80,52,38,82,24,3195,190,165,1188,1278
06037234600,569800,1617,1733,26,56,7,44,549,161,158,87,13,1127,274,2524,816,5004,0.4644,138,1676,6745.0,8845.0,0,1828,1805,5011,4543,4993,666,1676,31,55,26,35,0,45,96,89,81,184,49,14,82,148,141,159,46,268,192,75,5011,701,310,1676,1828
06037234700,456400,1204,1776,0,37,67,39,713,9,70,91,109,644,183,2059,794,3677,0.4694,65,1357,3205.0,5889.0,0,1473,1621,3692,3295,3681,517,1357,41,79,18,64,10,22,88,66,69,79,7,46,0,158,35,105,34,94,150,97,3692,382,186,1357,1473
06037234800,431300,1559,1685,67,39,64,37,469,57,70,59,131,673,168,2025,257,3371,0.3678,95,1142,3642.0,5589.0,7,1173,1437,3371,3151,3371,401,1142,48,47,34,0,0,9,44,60,24,13,53,56,22,92,119,91,118,34,91,20,3371,334,295,1142,1173
06037234901,465200,962,956,116,95,182,78,1238,0,0,0,0,30,201,1562,1450,3315,0.4726,253,1268,125.0,4831.0,0,1388,1211,3315,2680,3281,279,1268,9,12,67,62,9,5,0,54,25,21,9,18,117,171,64,131,10,201,147,61,3315,12,18,1268,1388
06037234902,612300,1035,2599,26,64,94,76,1531,70,27,9,42,312,221,2170,944,4104,0.5373,202,1843,1798.0,7070.0,0,2013,2072,4222,3909,4092,421,1843,45,175,17,14,24,15,84,67,46,76,81,27,235,88,227,27,82,63,183,55,4222,136,167,1843,2013
06037235100,692400,2446,2368,12,36,19,25,427,159,241,73,136,1320,318,2439,442,4205,0.409,40,1747,7955.0,10160.0,43,1981,719,4229,3951,4178,683,1747,10,52,56,27,94,31,65,72,44,267,62,21,99,70,25,52,127,33,74,7,4229,989,308,1747,1981
06037235201,461100,1447,1735,0,16,29,32,251,91,24,108,77,692,18,1329,458,2787,0.4312,24,943,4071.0,5117.0,0,996,1121,2835,2714,2822,324,943,13,60,13,28,28,4,32,35,50,67,38,19,52,89,89,70,99,26,102,123,2835,475,157,943,996
06037235202,543400,1053,1879,73,11,220,128,1210,0,51,49,63,594,221,2083,906,4068,0.5863,125,1804,3578.0,7423.0,0,1989,1143,4068,3515,3981,326,1804,92,92,36,38,38,24,127,25,95,101,14,60,64,43,127,54,150,41,66,19,4068,476,118,1804,1989
06037236001,656700,1963,2203,34,65,27,24,471,148,232,188,135,1583,188,2576,238,4082,0.3845,59,2054,9181.0,11195.0,0,2255,442,4082,3515,4082,552,2054,13,130,74,40,132,72,98,159,135,35,45,193,40,15,10,41,0,21,75,10,4082,1363,220,2054,2255
06037236101,662600,1233,1794,30,43,54,108,993,105,0,44,7,327,177,1169,787,2628,0.5452,138,1320,1810.0,4492.0,0,1394,572,2628,2332,2594,288,1320,0,18,188,38,23,9,122,24,158,113,46,0,112,37,67,40,50,45,0,0,2628,237,90,1320,1394
06037236102,461700,1112,-666666666,45,173,204,128,1461,0,52,16,0,473,128,2367,701,3405,0.4881,234,1934,1842.0,7045.0,0,2110,1025,3405,3078,3405,300,1934,36,100,17,0,1,0,89,137,0,0,0,71,0,43,122,69,30,0,75,0,3405,413,60,1934,2110
06037236203,-666666666,1288,-666666666,55,162,67,171,1415,0,0,0,0,28,97,1575,1207,3599,0.4094,67,1443,,,0,1626,1485,3599,3133,3512,405,1443,51,72,51,12,6,0,51,22,49,35,17,9,314,145,181,80,199,120,85,44,3599,18,0,1443,1626
06037236204,-666666666,1218,-666666666,50,84,94,105,1239,0,0,0,0,0,148,1501,1176,3137,0.5802,150,1239,-666666666.0,4679.0,0,1458,1250,3137,2799,3072,196,1239,0,41,4,10,0,0,13,0,12,24,24,10,101,41,160,46,175,96,222,69,3137,0,0,1239,1458
06037236205,362200,1261,-666666666,19,26,168,95,1235,0,0,19,0,46,135,1422,998,3347,0.5132,322,1281,203.0,4462.0,0,1439,1126,3347,3140,3234,273,1281,0,14,15,36,0,0,20,40,15,0,12,28,59,97,120,213,113,78,234,39,3347,27,19,1281,1439
06037236206,-666666666,1342,-666666666,132,177,67,126,1304,0,0,0,0,0,218,1526,693,2568,0.3892,53,1304,-666666666.0,4621.0,0,1438,1300,2568,2332,2568,302,1304,138,36,0,59,0,0,54,86,0,0,74,52,0,111,120,58,0,15,56,79,2568,0,0,1304,1438
06037236400,837400,1334,3060,112,87,161,57,1010,165,95,65,111,1130,138,2594,275,4368,0.4376,89,2140,6870.0,10831.0,0,2255,330,4368,3962,4368,509,2140,21,39,78,42,21,20,110,83,80,101,110,78,36,65,97,77,148,141,121,104,4368,937,185,2140,2255
06037237101,550600,1133,2203,60,78,33,48,718,29,11,22,12,274,46,1662,934,4030,0.477,133,992,1489.0,4747.0,0,1021,2980,4099,3699,4029,266,992,26,58,55,0,0,0,17,49,34,25,22,10,160,188,158,97,262,305,245,26,4099,76,139,992,1021
06037237102,420300,1188,1766,23,119,66,106,780,10,26,14,20,228,46,1443,1172,4047,0.4189,100,1008,1206.0,4644.0,5,1035,3202,4054,3899,4004,375,1008,88,10,7,16,8,0,23,28,34,21,8,72,98,298,142,161,164,115,148,87,4054,106,63,1008,1035
06037237201,407600,1283,1888,127,40,102,65,627,30,29,46,14,419,205,1850,957,3996,0.4754,101,1046,2367.0,5340.0,12,1098,2951,4049,3750,4007,459,1046,23,36,20,13,12,5,9,42,10,45,0,38,138,104,181,67,94,115,108,125,4049,251,80,1046,1098
06037237202,463300,1464,1810,15,40,20,97,717,18,54,103,11,520,188,2078,1186,4606,0.4894,101,1237,2741.0,5847.0,0,1295,3213,4611,4515,4602,463,1237,61,30,38,30,0,0,39,11,31,25,12,47,206,182,170,117,185,313,75,186,4611,269,168,1237,1295
06037237300,470500,1122,1852,46,0,66,29,766,195,85,128,58,1051,200,3112,702,5322,0.424,181,1817,5945.0,8758.0,0,1923,2688,5407,5212,5391,616,1817,83,13,0,75,24,0,66,76,91,149,33,31,62,155,199,168,95,116,110,80,5407,647,296,1817,1923
06037237401,399800,1234,1866,43,45,13,31,470,65,76,58,20,625,152,2221,1378,4452,0.4596,98,1095,3521.0,5791.0,0,1110,3265,4490,4266,4470,445,1095,27,12,0,23,9,11,33,47,24,41,19,14,132,163,158,125,61,173,123,170,4490,205,333,1095,1110
06037237402,409000,1187,1640,55,16,55,21,361,90,60,36,27,654,125,2136,374,3605,0.4247,24,1015,3503.0,4995.0,0,1022,2364,3605,3421,3569,438,1015,0,105,69,29,11,31,18,70,95,14,58,37,60,33,67,32,109,80,52,73,3605,280,348,1015,1022
06037237500,422200,953,1300,73,32,56,32,677,35,0,0,6,112,61,1163,1131,2694,0.4395,65,789,455.0,3156.0,0,829,1979,2728,2606,2728,180,789,36,34,27,25,17,19,14,42,5,15,8,14,77,79,144,98,92,71,155,59,2728,20,34,789,829
06037237600,350700,1152,1667,86,79,159,254,899,14,20,17,21,266,293,1863,960,3914,0.4493,119,1165,1398.0,5352.0,0,1213,3112,3914,3798,3886,417,1165,11,44,18,0,115,0,79,98,11,18,89,70,61,184,147,185,192,131,67,19,3914,79,157,1165,1213
06037237710,518800,1200,2179,65,0,206,63,921,0,22,45,35,172,209,1840,1651,4728,0.4728,113,1093,1022.0,5432.0,41,1129,2913,4728,4426,4711,446,1093,15,0,10,0,0,0,0,87,0,0,11,40,153,369,372,49,123,206,283,261,4728,58,30,1093,1129
06037237720,373800,1148,1737,36,48,57,70,710,0,37,0,13,173,17,1242,1455,3704,0.4569,165,883,949.0,4009.0,0,935,2918,3855,3715,3752,234,883,1,0,0,0,5,0,38,32,8,10,5,24,429,176,229,76,224,318,116,154,3855,29,107,883,935
06037237800,425600,1104,1942,0,13,54,101,540,59,6,39,99,798,160,1813,659,4015,0.6234,4,1338,4726.0,7136.0,0,1402,1836,4015,3732,3989,405,1338,18,27,0,58,39,0,51,39,41,41,197,23,112,232,181,38,38,171,126,95,4015,461,323,1338,1402
06037237900,471800,1353,2096,15,10,90,0,468,30,85,50,94,921,276,2263,864,4651,0.4668,138,1389,5316.0,7047.0,0,1409,1325,4651,4123,4622,434,1389,102,35,87,8,45,15,42,60,82,8,107,47,106,286,76,0,227,184,116,164,4651,518,352,1389,1409
06037238000,470700,1366,2036,0,227,126,112,1135,149,149,128,64,1273,472,3115,674,6221,0.4574,229,2408,7211.0,11706.0,0,2467,1431,6232,5652,6223,722,2408,114,84,37,20,83,57,43,176,66,74,148,161,206,10,297,97,66,134,375,22,6232,825,371,2408,2467
06037238100,498500,1089,1903,197,114,22,48,1302,137,59,106,70,810,105,2771,936,5314,0.4938,145,2112,4836.0,11170.0,0,2200,1838,5314,4663,5282,409,2112,58,105,75,20,48,39,140,48,94,80,26,73,128,90,143,62,241,133,142,6,5314,643,94,2112,2200
06037238200,457300,1066,1984,203,0,83,127,1342,78,17,125,37,769,86,2289,1212,5368,0.4671,98,2111,4094.0,9833.0,0,2411,1597,5448,5293,5412,440,2111,48,65,198,43,0,11,117,30,83,190,131,224,45,143,108,60,26,76,102,188,5448,629,140,2111,2411
06037238310,346900,1213,1818,118,68,86,119,1247,0,33,8,0,160,75,2321,1615,5222,0.4714,33,1407,914.0,6114.0,26,1430,4095,5222,4878,5183,456,1407,51,37,6,9,8,17,60,10,45,122,0,30,211,214,82,149,220,240,163,191,5222,65,95,1407,1430
06037238320,465300,987,2042,45,65,84,40,947,0,0,0,28,126,99,1434,1222,3501,0.4287,79,1073,582.0,4449.0,0,1127,2388,3542,3335,3470,334,1073,19,26,17,9,0,20,57,0,29,0,71,27,141,244,155,53,193,145,166,74,3542,87,23,1073,1127
06037238400,533600,1230,1767,25,43,48,62,646,289,43,56,135,1183,118,2217,642,4612,0.4768,39,1829,6629.0,9228.0,102,1859,1177,4618,4412,4575,624,1829,135,55,119,42,47,42,28,51,152,165,78,120,243,87,149,53,139,62,117,13,4618,822,328,1829,1859
06037239201,365400,1131,2138,43,28,66,56,695,25,0,14,0,151,110,1678,945,3346,0.4097,90,846,799.0,3485.0,0,874,2923,3353,3033,3300,383,846,10,0,51,0,0,26,4,24,22,0,3,0,236,87,80,98,89,109,214,72,3353,38,113,846,874
06037239202,567300,1315,2565,97,45,250,46,987,15,8,24,62,228,293,2975,1473,6423,0.4357,210,1215,1296.0,6107.0,51,1279,5815,6442,5688,6374,554,1215,0,180,0,61,0,0,29,0,33,0,0,39,135,560,447,161,244,211,273,117,6442,32,143,1215,1279
06037239310,389800,1219,1450,52,102,28,59,813,0,11,5,0,199,186,2057,1006,4559,0.4164,67,1012,930.0,4401.0,38,1075,4140,4596,4133,4538,458,1012,30,15,13,22,0,17,5,35,36,20,7,2,214,257,272,165,172,292,210,159,4596,55,114,1012,1075
06037239320,504100,1303,1652,15,34,29,57,493,20,0,90,12,309,115,1745,948,3535,0.4071,53,802,1533.0,3674.0,0,833,3086,3535,3102,3459,440,802,18,10,18,24,6,0,35,3,26,28,4,0,151,127,140,133,109,137,179,71,3535,62,198,802,833
06037239330,386500,1350,1548,30,82,0,13,458,15,19,22,14,247,78,1251,638,2795,0.4678,85,705,1308.0,3286.0,0,723,2540,2795,2678,2795,379,705,9,31,27,16,0,48,32,5,27,30,11,0,124,201,157,88,32,147,35,20,2795,89,103,705,723
06037239501,357500,1329,1634,50,20,84,146,631,23,19,13,0,339,143,1767,680,3517,0.3973,72,970,1647.0,4356.0,0,1006,2605,3533,3221,3489,297,970,15,38,17,0,24,0,32,32,4,51,34,62,75,154,87,98,232,105,117,126,3533,93,218,970,1006
06037239502,405800,1303,1640,60,21,77,79,638,15,23,19,5,273,100,1783,960,3940,0.4274,83,911,1315.0,4067.0,51,956,3059,3990,3699,3975,320,911,3,41,39,7,17,0,36,68,12,14,0,15,178,185,243,104,114,185,206,124,3990,66,137,911,956
06037239601,439000,1183,1425,26,85,38,106,579,9,0,52,33,311,107,1676,770,3657,0.3574,75,890,1756.0,4291.0,6,990,2725,3675,3468,3649,374,890,46,22,25,0,31,12,15,15,7,31,14,69,132,213,152,122,78,198,118,67,3675,126,140,890,990
06037239602,385300,1157,1531,36,36,51,82,669,4,11,12,5,241,117,1492,1294,3960,0.3703,117,910,1510.0,4410.0,10,984,3305,3960,3639,3917,346,910,12,20,32,62,0,0,1,35,38,9,91,7,132,184,305,104,163,156,233,107,3960,72,130,910,984
06037239701,378000,1171,1724,58,16,78,67,901,17,17,31,0,230,179,1970,1927,4662,0.4597,168,1131,1227.0,4906.0,0,1143,4078,4738,4375,4644,358,1131,26,45,17,8,17,0,25,38,56,11,25,56,386,271,277,139,166,129,238,42,4738,45,155,1131,1143
06037239702,386900,1299,1745,12,95,77,113,873,34,13,9,5,291,166,1710,1524,4346,0.4727,95,1164,1543.0,5408.0,20,1200,2757,4352,4141,4294,325,1164,39,14,13,31,6,0,18,56,90,39,7,6,101,219,181,250,140,167,139,137,4352,129,89,1164,1200
06037239801,413100,1255,1507,26,56,54,35,618,37,8,26,7,322,231,1895,925,3722,0.5017,120,940,1587.0,4149.0,27,986,2848,3761,3260,3737,311,940,54,25,24,24,3,0,7,38,46,15,12,20,124,107,203,119,163,85,229,47,3761,108,113,940,986
06037239802,396600,1305,1860,162,61,22,45,892,37,0,0,38,421,194,2473,1607,5811,0.4077,179,1313,2173.0,5859.0,9,1354,4225,5857,5173,5782,480,1313,63,17,28,0,0,0,64,45,46,53,37,0,197,273,344,191,204,174,269,138,5857,192,210,1313,1354
06037240010,373100,1202,1464,63,29,131,15,750,0,0,4,0,237,164,1583,1256,3809,0.4335,113,987,1283.0,4503.0,31,1070,3032,3809,3485,3790,321,987,10,0,32,12,11,0,11,91,19,34,5,0,96,94,206,214,163,168,118,62,3809,103,119,987,1070
06037240020,398900,1523,1745,39,42,78,47,670,38,39,67,55,578,275,2553,1428,5312,0.3914,203,1248,3193.0,6630.0,0,1325,4187,5321,4718,5287,427,1248,10,29,10,20,2,0,45,92,75,58,0,38,103,228,318,145,181,176,271,173,5321,192,308,1248,1325
06037240200,372400,1242,1964,68,102,119,83,1023,0,48,79,35,430,249,2494,1675,5484,0.4004,187,1453,2524.0,6925.0,18,1502,3978,5523,5143,5460,529,1453,33,0,46,41,0,0,28,32,112,96,23,7,203,248,220,124,121,257,318,161,5523,100,276,1453,1502
06037240301,521100,1228,2427,41,126,100,45,711,0,11,9,0,188,149,968,1616,2872,0.5438,105,899,990.0,3871.0,0,947,1584,2881,2421,2839,270,899,5,17,83,27,21,0,48,8,0,64,46,14,216,136,132,63,270,134,21,102,2881,112,57,899,947
06037240302,468300,1071,1941,136,90,19,52,647,17,9,0,11,118,212,1386,874,2811,0.4104,12,765,628.0,3366.0,0,788,2330,2811,2576,2811,140,765,0,7,0,20,0,0,11,60,11,8,56,6,172,82,222,40,58,59,103,107,2811,71,47,765,788
06037240401,437800,1196,1917,199,70,50,112,1160,53,26,103,52,431,139,2733,1615,6141,0.4207,77,1591,2219.0,6908.0,0,1662,4932,6141,5904,5993,683,1591,50,26,18,48,0,37,23,121,17,55,10,20,219,221,249,120,353,252,317,155,6141,92,225,1591,1662
06037240402,389100,1147,1594,48,50,48,65,639,15,104,7,30,532,140,1580,912,3626,0.4562,112,1171,2516.0,5023.0,0,1203,2420,3626,3171,3579,449,1171,15,0,34,9,28,24,17,26,105,49,32,21,171,162,107,93,141,101,268,135,3626,309,94,1171,1203
06037240500,427900,1298,1796,57,88,138,169,1330,0,33,53,0,396,323,3003,2473,7013,0.5231,169,1726,2262.0,8042.0,66,1775,5218,7035,6532,6986,513,1726,24,21,17,41,30,30,0,14,100,73,34,0,327,310,297,273,300,260,289,297,7035,159,103,1726,1775
06037240600,359700,1564,1545,86,37,178,57,873,24,28,17,29,357,325,2326,1476,5911,0.3923,118,1230,1888.0,5983.0,0,1317,3866,5911,5439,5815,430,1230,17,75,15,151,37,167,72,36,61,33,93,56,368,226,263,258,306,205,223,99,5911,115,107,1230,1317
06037240700,374300,1510,1883,131,69,34,87,908,107,94,69,10,765,184,3167,1144,6462,0.4201,100,1673,3847.0,8055.0,0,1764,4945,6462,6180,6415,515,1673,0,34,22,35,18,0,56,94,61,61,35,52,259,278,336,156,151,184,297,262,6462,351,275,1673,1764
06037240800,361800,1135,1637,40,52,67,77,570,61,49,46,65,562,241,1994,1353,4476,0.4195,139,1132,2916.0,5275.0,0,1143,3172,4494,4171,4453,439,1132,36,35,34,17,20,21,35,34,67,20,8,50,124,175,170,137,365,187,163,79,4494,193,265,1132,1143
06037240901,354800,1559,1177,19,20,32,0,246,40,8,88,22,351,100,1216,494,2715,0.4484,54,597,1842.0,3086.0,0,597,2390,2735,2631,2673,212,597,0,6,16,30,9,34,25,0,89,59,0,33,93,132,175,90,133,102,128,66,2735,198,89,597,597
06037240902,360600,1350,1860,0,80,33,57,503,0,4,19,0,311,93,1519,1318,3774,0.6581,141,814,1515.0,3912.0,0,856,3099,3774,3233,3655,271,814,11,8,157,33,0,0,50,16,93,0,32,0,185,292,219,19,247,184,48,161,3774,128,149,814,856
06037241001,404700,1148,1650,94,55,73,55,564,34,12,116,15,506,97,1914,843,4429,0.4513,83,1070,2801.0,5204.0,0,1127,2974,4445,4211,4329,465,1070,9,0,9,47,11,0,46,287,32,0,19,295,263,73,132,162,201,121,115,95,4445,196,217,1070,1127
06037241002,373600,1411,1718,17,78,39,32,547,48,57,34,33,407,131,1721,765,3943,0.4758,71,954,2339.0,4888.0,0,965,2307,3950,3667,3939,383,954,48,22,46,12,4,4,41,38,44,20,5,62,104,202,137,65,146,126,233,180,3950,101,195,954,965
06037241110,407800,1401,1949,31,30,123,21,482,63,28,4,19,320,52,1628,618,3631,0.3454,37,802,1986.0,4208.0,23,865,3063,3648,3350,3551,419,802,17,74,15,0,4,0,0,87,28,32,8,4,257,185,175,116,146,139,160,82,3648,103,141,802,865
06037241120,388000,1112,1402,0,12,62,71,904,76,0,27,0,398,137,1769,1757,4389,0.5197,172,1302,1872.0,5457.0,0,1302,3248,4389,4121,4327,364,1302,173,50,43,9,0,0,26,33,35,24,51,0,88,157,209,104,213,238,291,121,4389,171,163,1302,1302
06037241201,409500,1334,1849,17,0,23,61,402,28,65,33,40,503,98,1567,883,3232,0.6069,66,905,2647.0,4198.0,2,918,2016,3245,2993,3230,264,905,12,26,22,46,5,0,0,24,23,35,25,16,126,146,232,97,78,96,110,50,3245,241,190,905,918
06037241202,430800,1208,1684,76,88,62,70,982,107,20,108,37,574,258,2463,1656,5917,0.4716,66,1556,3323.0,7359.0,0,1590,3292,5922,5558,5829,450,1556,20,0,19,24,38,41,25,111,23,130,9,84,389,226,193,42,315,245,207,124,5922,224,287,1556,1590
06037241300,413800,1186,1831,21,35,25,56,432,21,21,34,29,304,72,1176,573,2511,0.4376,41,736,1759.0,3422.0,0,761,1253,2511,2482,2498,354,736,0,27,11,24,33,0,22,27,24,45,28,10,69,162,118,33,89,70,77,56,2511,201,101,736,761
06037241400,409300,1181,2033,66,67,67,19,583,69,28,15,69,350,71,1785,842,3672,0.4636,104,933,1860.0,4320.0,14,983,2510,3672,3473,3625,338,933,21,9,0,12,12,0,36,24,11,23,22,26,102,74,150,75,157,182,184,147,3672,143,161,933,983
06037242000,397100,1199,1738,141,45,114,71,801,27,5,46,13,323,232,1786,1082,4053,0.4689,106,1124,1741.0,5429.0,0,1161,2905,4074,3619,4007,466,1124,59,24,74,15,0,12,25,24,49,3,52,11,218,139,160,130,64,313,184,83,4074,92,92,1124,1161
06037242100,-666666666,805,-666666666,19,112,88,80,754,0,0,0,0,1,179,910,1787,2743,0.5384,187,755,,,0,811,2072,2743,2609,2655,108,755,13,0,0,0,0,0,24,21,0,0,0,24,172,185,134,112,161,180,169,53,2743,0,1,755,811
06037242201,302500,1343,1315,11,22,37,53,709,0,36,23,38,297,130,1641,966,3979,0.4691,103,1006,1766.0,4841.0,0,1042,3432,4012,3837,4012,337,1006,42,51,38,20,45,43,4,77,19,9,39,12,147,234,196,58,141,129,135,73,4012,98,133,1006,1042
06037242202,378100,869,1747,23,13,73,0,486,11,33,8,34,237,135,980,1229,2743,0.5189,108,723,1177.0,3229.0,0,723,1951,2816,2582,2756,280,723,11,6,0,0,0,3,0,23,30,39,0,24,187,126,114,110,135,66,151,98,2816,79,73,723,723
06037242300,377000,1119,1432,97,78,142,192,1062,17,0,0,0,256,166,1861,1961,5034,0.4771,254,1318,1464.0,6228.0,0,1343,3577,5073,4712,5017,397,1318,0,13,30,20,60,0,9,10,0,70,0,49,218,274,203,70,254,210,521,270,5073,122,105,1318,1343
06037242600,404500,537,2583,84,60,292,84,1274,25,0,0,45,107,217,1402,2274,4584,0.5149,295,1381,724.0,5803.0,0,1421,2739,4584,4165,4295,168,1381,9,0,0,0,0,0,90,11,39,42,24,0,307,406,190,84,308,106,329,125,4584,35,67,1381,1421
06037242700,408900,1057,2245,18,45,48,84,568,46,64,54,104,858,77,2325,1743,5726,0.397,101,1426,5454.0,7845.0,58,1474,4355,5756,5214,5599,538,1426,0,31,30,20,0,0,61,33,216,31,22,17,380,82,353,86,252,303,118,77,5756,355,313,1426,1474
06037243001,350500,1780,1523,0,0,23,139,293,18,48,57,49,458,194,1925,710,3704,0.2953,53,751,2449.0,3870.0,0,768,3504,3704,3449,3632,401,751,0,0,38,0,36,0,27,0,0,53,11,43,218,219,75,91,126,213,123,62,3704,98,255,751,768
06037243002,373700,1717,1710,13,29,22,0,174,12,49,0,48,397,180,1274,563,2668,0.3798,47,571,2209.0,3296.0,0,713,2392,2668,2396,2635,306,571,24,26,26,34,8,0,9,23,16,0,13,9,33,126,126,108,93,204,134,44,2668,124,144,571,713
06037243100,335600,881,1607,32,71,108,89,1011,13,56,29,13,446,386,2330,2029,5953,0.4559,364,1457,2411.0,7115.0,0,1507,3799,6090,5649,5975,525,1457,24,33,69,72,29,14,14,56,109,16,27,34,342,389,252,171,338,173,387,199,6090,105,194,1457,1507
06037261102,2000001,2908,4001,0,0,6,0,112,99,122,52,22,1375,43,1714,114,3630,0.5626,25,1487,12063.0,12699.0,25,1828,159,3630,3183,3560,939,1487,29,92,116,104,86,60,52,78,120,100,46,86,166,78,165,58,50,82,22,85,3630,1219,156,1487,1828
06037261103,2000001,-666666666,3337,56,0,7,0,100,37,54,21,65,609,70,917,91,1787,0.4149,10,709,4766.0,5206.0,0,786,151,1815,1681,1804,452,709,13,41,60,71,0,21,47,73,23,43,17,11,29,50,26,22,49,40,128,30,1815,548,61,709,786
06037261104,2000001,1862,4001,8,12,0,0,58,43,33,12,50,575,39,822,99,1606,0.538,0,633,4330.0,4690.0,31,806,80,1606,1481,1591,372,633,9,0,126,69,9,37,0,0,91,39,18,72,8,88,66,8,34,10,31,32,1606,515,60,633,806
06037261200,1555300,1935,4001,11,11,19,0,171,95,81,49,140,1409,77,2032,197,4132,0.5304,23,1580,9361.0,10401.0,0,1854,403,4185,3830,4120,968,1580,31,84,114,167,23,45,85,158,81,132,45,32,201,88,91,10,129,98,112,16,4185,1016,376,1580,1854
06037262100,2000001,3029,4001,0,14,9,0,109,76,33,108,45,962,75,1240,137,2557,0.5223,0,1071,9426.0,9975.0,12,1396,139,2566,2430,2557,634,1071,71,103,184,13,24,48,78,73,77,89,130,55,86,28,21,133,91,9,45,31,2566,893,57,1071,1396
06037262200,2000001,2399,4001,63,73,88,15,470,97,51,81,139,1202,54,2094,88,4344,0.557,0,1672,9635.0,12090.0,96,1957,74,4471,3949,4464,1003,1672,65,33,150,73,53,75,59,166,121,83,40,176,99,195,108,89,115,117,109,167,4471,973,196,1672,1957
06037262301,2000001,2679,4001,0,0,11,0,37,16,69,78,18,772,61,1240,220,2083,0.4842,0,809,5745.0,6033.0,13,1004,270,2596,2131,2545,505,809,38,103,49,68,51,82,75,44,99,57,39,31,76,47,93,12,34,41,57,87,2596,655,117,809,1004
06037262302,2000001,2512,3964,29,22,78,7,256,120,35,59,0,1068,45,1319,251,2941,0.5246,0,1324,9209.0,10401.0,51,1467,264,2959,2710,2950,616,1324,10,29,73,45,83,124,36,82,159,43,25,44,75,103,152,80,15,67,77,139,2959,945,123,1324,1467
06037262303,2000001,-666666666,3496,0,0,0,0,30,75,32,23,53,1033,20,1264,140,2759,0.5132,0,1063,8409.0,8586.0,58,1214,145,2759,2477,2759,734,1063,12,227,88,71,36,33,25,119,123,50,15,53,73,113,73,37,19,116,112,71,2759,912,121,1063,1214
06037262400,2000001,3501,4001,12,0,0,0,183,45,139,40,34,918,21,1206,78,3059,0.5254,0,1101,8001.0,9369.0,15,1349,160,3059,2493,2991,773,1101,71,62,72,149,37,26,84,38,159,77,11,67,115,50,93,75,127,87,139,76,3059,808,110,1101,1349
06037262501,2000001,1856,3511,0,35,14,6,133,104,93,108,21,1202,85,1524,137,3785,0.5068,0,1335,9084.0,9632.0,76,1450,81,3794,3391,3760,894,1335,13,93,48,59,42,110,80,36,83,62,44,55,192,194,84,75,339,50,82,125,3794,1037,165,1335,1450
06037262601,2000001,3501,4001,0,10,0,45,115,124,51,82,68,1175,69,1741,83,3478,0.493,31,1290,9420.0,10211.0,0,1363,136,3478,3011,3453,847,1290,33,50,154,90,23,22,60,43,133,36,45,61,183,48,132,64,56,145,147,28,3478,973,186,1290,1363
06037262604,2000001,3490,3514,17,72,26,14,458,159,45,168,12,1818,37,2357,305,5532,0.5364,48,2276,12206.0,14506.0,0,2454,254,5532,5263,5532,1231,2276,67,66,77,150,88,110,73,92,262,111,62,259,184,293,195,70,45,192,312,129,5532,1380,420,2276,2454
06037262704,2000001,2225,3733,95,37,34,28,503,104,56,32,55,1032,49,1657,178,3489,0.5899,0,1535,7086.0,9132.0,127,1783,121,3489,2881,3489,797,1535,30,68,65,9,44,66,70,33,77,39,79,132,86,176,136,85,43,83,121,78,3489,898,134,1535,1783
06037262706,2000001,1909,4001,49,26,17,18,314,104,38,26,34,1029,29,1771,162,3692,0.5609,10,1343,8614.0,10050.0,27,1534,193,3692,3295,3664,806,1343,19,42,127,68,16,30,31,95,65,85,36,56,83,116,102,106,115,173,310,42,3692,877,152,1343,1534
06037262802,2000001,1931,4001,24,48,0,25,252,79,66,25,42,1055,73,1412,93,3231,0.5637,29,1307,9178.0,10664.0,20,1565,187,3231,2817,3151,828,1307,94,107,52,70,90,58,62,58,173,81,38,49,101,177,89,45,83,70,119,99,3231,965,90,1307,1565
06037264000,2000001,2365,3796,67,22,32,45,255,91,67,38,4,1002,71,1364,124,3102,0.5544,20,1257,8748.0,10094.0,74,1347,126,3150,2768,3148,759,1257,0,31,101,89,44,131,52,38,147,51,78,28,79,68,146,3,75,204,145,55,3150,912,70,1257,1347
06037264102,785000,2383,2951,173,150,106,113,1061,55,128,58,38,638,46,1964,195,3048,0.433,36,1699,3261.0,6843.0,25,1852,331,3048,2576,3012,372,1699,6,69,111,28,55,79,57,45,53,82,24,90,53,35,17,10,58,25,25,24,3048,532,106,1699,1852
06037264103,801500,2332,3305,157,171,65,82,1059,54,159,10,18,503,136,2121,316,2751,0.3729,40,1562,1841.0,5543.0,0,1660,328,2751,2332,2665,397,1562,9,8,30,27,58,9,8,27,52,23,9,62,137,34,42,0,28,63,6,0,2751,298,180,1562,1660
06037264303,691500,2734,3182,90,168,76,190,1157,57,45,89,17,386,121,2228,246,2836,0.3995,53,1543,1856.0,6337.0,0,1704,265,2836,2154,2836,322,1543,0,0,0,0,56,24,0,21,85,0,0,26,44,0,30,0,99,0,40,0,2836,354,32,1543,1704
06037264304,719300,2195,4001,192,114,105,18,1225,33,0,30,0,221,98,1875,131,2606,0.4884,10,1446,861.0,5086.0,23,1570,128,2606,1307,2596,266,1446,47,46,32,0,0,0,0,0,14,0,35,0,27,0,0,204,22,91,128,0,2606,209,12,1446,1570
06037264305,2000001,2628,3354,127,102,60,48,1031,65,13,13,20,694,71,2415,316,4688,0.5819,32,1725,4458.0,9200.0,61,1938,908,4688,3689,4409,685,1725,13,139,60,141,0,13,112,105,90,30,132,108,517,33,86,50,109,113,130,9,4688,586,90,1725,1938
06037264306,1157600,2195,3920,101,73,79,111,638,43,0,18,25,351,8,1392,198,2000,0.4434,0,989,1889.0,4142.0,108,1095,37,2000,1672,2000,307,989,0,28,33,0,0,70,0,21,11,0,18,50,77,37,0,0,70,10,28,0,2000,265,86,989,1095
06037265100,2000001,3028,4001,58,110,56,26,569,56,32,0,8,734,19,896,140,2531,0.6414,0,1303,5838.0,7620.0,0,1558,105,2531,2172,2500,579,1303,86,20,120,46,10,145,19,43,200,64,98,258,67,12,28,30,0,120,111,22,2531,618,116,1303,1558
06037265201,1141900,1935,3789,0,9,9,21,287,21,56,13,10,576,108,1233,304,2166,0.6845,0,863,3478.0,4280.0,10,1168,290,2845,2156,2845,416,863,39,130,11,13,21,17,20,77,45,9,23,137,26,28,33,8,43,9,59,29,2845,338,238,863,1168
06037265203,1073000,2381,2769,0,16,114,23,557,10,13,5,15,502,41,982,353,2146,0.6077,0,1059,2848.0,4650.0,174,1482,386,2146,1581,2141,171,1059,104,14,78,36,20,41,38,0,25,70,45,103,57,27,0,43,5,21,34,16,2146,458,44,1059,1482
06037265204,-666666666,3067,3250,39,32,0,0,547,0,68,12,0,92,9,674,416,1358,0.5917,36,639,208.0,1758.0,0,946,83,1358,508,1358,119,639,11,11,47,0,33,0,0,0,0,0,11,32,39,12,25,0,41,13,13,0,1358,92,0,639,946
06037265301,-666666666,-666666666,-666666666,0,0,0,0,0,0,0,0,0,0,1099,3907,0,0,-666666666.0,0,0,-666666666.0,-666666666.0,0,0,2922,12957,2115,12957,0,0,0,0,0,0,0,0,0,0,0,0,0,0,0,0,0,88,0,0,0,251,12957,0,0,0,0
06037265303,625000,2297,3709,112,0,67,76,1486,17,24,0,13,77,111,2578,3270,5089,0.6352,17,1563,448.0,5058.0,0,1788,1175,5089,2150,5089,187,1563,0,6,54,0,0,0,0,6,47,0,0,0,0,30,0,16,77,0,11,8,5089,60,17,1563,1788
06037265304,-666666666,2016,-666666666,62,0,21,22,857,0,0,0,0,0,150,1240,1405,2056,0.6244,0,857,-666666666.0,2807.0,92,1158,352,2625,961,2600,77,857,7,0,0,0,0,68,0,0,0,0,0,0,0,16,0,23,25,6,19,8,2625,0,0,857,1158
06037265306,-666666666,1968,-666666666,0,64,23,0,479,0,0,17,0,17,27,959,1153,1478,0.6345,38,496,,,0,541,458,1929,667,1929,0,496,0,0,0,0,0,0,0,0,0,0,0,0,0,0,0,16,0,0,0,0,1929,17,0,496,541
06037265307,-666666666,1873,-666666666,36,76,41,9,1145,0,0,0,0,0,13,882,1042,1927,0.6664,0,1145,-666666666.0,3399.0,27,1373,145,1927,1124,1927,60,1145,0,13,0,0,0,0,0,0,6,0,0,0,0,0,20,0,17,19,0,0,1927,0,0,1145,1373
06037265410,1803600,1929,4001,29,12,55,24,312,13,104,29,21,385,20,739,136,1770,0.5244,0,697,2702.0,4122.0,7,741,66,1775,1563,1768,344,697,3,6,63,9,41,4,57,23,20,18,49,26,70,77,105,51,36,56,15,55,1775,281,102,697,741
06037265420,2000001,2516,3100,49,0,28,46,260,34,28,10,25,396,25,826,166,1591,0.5698,4,656,3396.0,4617.0,26,732,88,1591,1329,1570,358,656,62,16,32,55,5,17,24,41,35,33,5,17,52,73,68,27,31,66,63,0,1591,338,58,656,732
06037265521,-666666666,2179,2750,60,47,55,126,1026,12,0,36,0,72,89,1075,642,1849,0.5836,95,1098,324.0,3069.0,0,1230,141,1849,1208,1812,193,1098,53,0,0,0,0,0,0,0,0,22,0,66,88,13,0,0,15,13,0,34,1849,72,0,1098,1230
06037265522,-666666666,2308,1745,123,61,94,63,855,42,14,0,13,175,18,1288,887,2431,0.546,0,1030,1094.0,3751.0,0,1211,168,2431,969,2380,401,1030,18,57,22,14,49,19,0,37,14,15,13,22,44,0,0,0,105,1,0,1,2431,151,24,1030,1211
06037265523,865200,2473,-666666666,100,10,51,17,976,16,21,8,0,533,91,1823,220,2704,0.5431,0,1509,2586.0,6439.0,0,1598,371,2704,1852,2692,306,1509,16,0,77,26,12,26,0,14,74,79,0,0,22,60,0,17,79,79,0,20,2704,464,69,1509,1598
06037265524,848500,2467,3000,169,133,27,103,874,17,10,45,0,430,38,1675,196,2710,0.4285,132,1304,1931.0,5093.0,0,1384,179,2710,2102,2682,266,1304,14,12,31,29,43,14,63,34,123,148,12,9,51,65,24,23,100,58,64,51,2710,276,154,1304,1384
06037265601,1194100,2408,1571,50,101,99,30,775,47,68,64,11,668,35,1846,414,3480,0.5618,46,1443,3683.0,6858.0,0,1587,255,3480,2574,3480,627,1443,24,38,30,47,17,181,39,65,147,51,25,181,95,70,104,14,96,78,36,17,3480,509,159,1443,1587
06037265602,1158700,2972,3926,17,114,22,63,530,64,58,35,9,1011,209,1618,417,3101,0.6408,11,1541,4773.0,6954.0,0,1961,176,3101,2585,3039,642,1541,41,37,200,20,19,83,25,76,85,90,70,136,57,28,53,28,80,33,15,14,3101,865,136,1541,1961
06037265701,2000001,1909,3350,23,0,9,0,416,32,0,29,0,302,48,840,95,1486,0.5267,0,718,2092.0,3465.0,18,846,156,1507,1355,1507,295,718,42,23,0,39,30,16,0,36,50,58,16,28,0,39,7,0,75,81,56,24,1507,264,38,718,846
06037265702,1863500,2668,3119,8,23,64,57,733,74,23,21,91,739,144,1326,278,2985,0.5936,9,1472,4053.0,7312.0,0,1821,56,2985,2520,2906,599,1472,77,13,65,51,190,51,37,39,186,73,140,232,112,162,154,0,101,0,8,0,2985,624,102,1472,1821
06037267101,881700,2141,3680,14,201,94,45,772,81,63,135,32,700,219,2147,318,3646,0.4481,0,1472,4245.0,6952.0,0,1541,411,3646,3292,3617,552,1472,0,30,24,110,32,14,0,66,67,58,53,21,72,100,112,113,93,77,276,0,3646,499,201,1472,1541
06037267102,971700,2266,3109,49,152,127,59,811,52,28,115,10,659,82,1802,288,3081,0.5921,0,1470,3883.0,7045.0,11,1640,270,3081,2906,3053,499,1470,0,87,0,18,42,27,0,10,25,168,74,88,87,59,47,13,44,168,10,49,3081,422,237,1470,1640
06037267201,1136900,2361,2000,50,96,155,57,922,33,12,59,18,306,95,1749,447,3043,0.4868,19,1228,1704.0,5524.0,0,1431,111,3043,2359,3043,531,1228,143,49,70,22,0,18,64,54,0,18,0,12,19,58,34,0,154,45,26,0,3043,190,109,1228,1431
06037267202,1093900,2495,2817,151,105,51,86,1045,85,22,15,23,650,157,2387,479,3756,0.4909,0,1695,3631.0,7659.0,130,1830,394,3756,2824,3690,631,1695,0,42,66,100,14,0,30,98,64,91,14,134,185,90,142,4,59,67,0,48,3756,439,211,1695,1830
06037267300,541000,1637,-666666666,208,211,158,179,1880,0,36,0,0,226,70,3355,590,4251,0.4436,11,2106,864.0,5930.0,16,2313,855,4340,3623,4316,453,2106,43,54,129,36,22,51,20,57,4,82,18,50,57,40,15,0,25,29,52,8,4340,105,121,2106,2313
06037267403,693600,2150,2479,151,253,357,177,1681,32,44,11,34,251,448,3016,623,3929,0.3645,6,1932,1099.0,6993.0,17,2076,495,3929,3319,3914,283,1932,0,53,15,40,0,67,14,0,19,31,18,125,30,0,10,0,38,19,0,0,3929,181,70,1932,2076
06037267404,1029300,2315,-666666666,143,136,106,148,1270,22,53,0,42,248,143,2285,649,3227,0.4447,0,1518,1248.0,5382.0,0,1607,328,3227,2579,3209,321,1518,9,0,44,19,17,11,24,29,42,0,34,18,7,31,14,49,62,6,0,28,3227,170,78,1518,1607
06037267405,712000,2466,2500,129,95,141,190,1298,0,15,15,16,136,97,2181,171,2737,0.4035,17,1434,533.0,5097.0,0,1556,313,2803,2364,2708,264,1434,15,15,42,32,44,25,0,32,46,0,9,29,36,18,0,0,122,0,0,0,2803,116,20,1434,1556
06037267406,639200,2102,2009,35,142,124,57,713,14,17,0,0,311,48,1409,167,1898,0.418,34,1024,1386.0,4273.0,34,1059,305,1918,1522,1892,211,1024,0,0,0,17,17,0,57,27,42,38,17,91,52,23,0,26,41,22,0,0,1918,280,31,1024,1059
06037267502,1122400,1848,1900,185,141,171,60,1093,98,42,13,3,504,123,2212,369,3357,0.466,22,1597,2618.0,6493.0,46,1769,830,3357,2737,3350,530,1597,6,43,49,28,13,42,35,17,34,24,0,40,136,82,121,0,16,68,61,0,3357,346,158,1597,1769
06037267503,881500,2183,3298,135,85,49,35,1085,83,11,0,26,141,60,1743,162,2296,0.4461,18,1226,1178.0,4990.0,0,1226,136,2296,2039,2296,166,1226,0,0,90,0,0,0,0,0,0,105,17,0,144,12,0,0,0,0,0,0,2296,131,10,1226,1226
06037267504,675000,2143,2438,321,158,184,168,1420,81,24,54,39,344,78,2935,169,4094,0.3872,24,1764,1549.0,6886.0,62,1778,1147,4094,3565,4068,660,1764,0,0,38,17,0,29,39,20,79,0,0,35,177,215,0,32,185,18,0,18,4094,253,58,1764,1778
06037267600,944300,2252,1037,107,111,80,87,722,38,13,0,15,559,31,1516,396,2591,0.501,0,1281,3149.0,5886.0,39,1378,415,2591,2159,2591,288,1281,0,60,82,23,0,22,61,5,127,79,66,178,19,9,7,44,89,21,8,24,2591,445,114,1281,1378
06037267700,930800,2109,2758,201,131,147,137,1195,46,57,41,15,545,36,2430,231,3475,0.4363,8,1740,2559.0,6543.0,27,1864,561,3475,2909,3414,577,1740,85,52,46,32,17,27,26,95,31,57,39,92,79,0,36,52,91,27,61,8,3475,426,110,1740,1864
06037267800,1279000,1970,2250,78,40,46,44,556,73,80,61,54,825,28,1545,208,2880,0.5232,7,1381,5106.0,7218.0,50,1448,386,2894,2503,2860,580,1381,8,25,54,85,16,34,0,42,148,81,71,25,101,39,81,36,92,179,79,44,2894,682,135,1381,1448
06037267901,1343800,3245,3383,11,9,12,37,419,25,32,18,47,1082,71,1063,146,2560,0.5779,16,1501,6108.0,7745.0,180,2113,122,2560,2192,2541,489,1501,40,32,78,162,101,161,36,59,194,181,78,199,49,31,45,4,30,41,25,0,2560,961,117,1501,2113
06037267902,1097700,2673,3721,117,120,190,93,923,110,33,74,50,753,59,2123,165,3565,0.4485,0,1676,4575.0,8063.0,35,1844,122,3565,2920,3515,670,1676,9,74,62,12,30,0,105,30,84,73,0,25,94,141,80,37,155,173,44,34,3565,550,154,1676,1844
06037269000,1658900,2136,2979,128,217,90,15,716,114,130,56,32,1429,23,2473,193,4673,0.5065,36,2145,10351.0,12419.0,80,2455,715,4744,4388,4722,970,2145,27,96,241,44,14,51,24,83,84,67,29,328,63,110,74,117,89,151,35,50,4744,1098,331,2145,2455
06037269100,1701400,2295,2340,94,123,123,101,1263,36,9,52,61,612,174,2099,388,4612,0.5361,29,1875,3883.0,9213.0,0,2076,243,4612,4053,4498,849,1875,27,31,32,58,30,97,25,29,70,27,81,188,356,236,122,86,225,276,138,40,4612,429,174,1875,2076
06037269300,2000001,2793,3336,71,18,25,0,267,123,62,40,44,1223,103,2082,108,3948,0.503,35,1490,9501.0,10678.0,0,1625,234,3948,3796,3942,900,1490,132,90,87,59,41,21,51,54,122,76,57,38,89,275,126,138,113,95,120,26,3948,964,259,1490,1625
06037269500,2000001,3501,3096,0,0,44,0,156,107,118,36,52,1179,50,1628,79,3741,0.4873,0,1335,8551.0,9671.0,24,1443,97,3741,3447,3701,1001,1335,46,107,125,0,58,37,28,42,126,9,122,97,122,102,210,82,134,236,135,137,3741,959,220,1335,1443
06037269601,687500,1444,2276,60,74,162,71,861,20,0,10,57,192,121,2144,428,3426,0.3872,105,1053,1276.0,4454.0,0,1195,1831,3440,2967,3379,443,1053,0,11,67,14,11,11,12,0,98,40,6,0,27,126,39,52,115,142,51,56,3440,63,119,1053,1195
06037269602,1112000,1709,2351,88,80,100,73,886,14,10,0,0,166,129,1768,488,2706,0.4267,6,1052,783.0,3853.0,0,1141,1295,2784,2479,2775,303,1052,16,10,26,0,0,9,15,38,16,21,0,28,61,56,38,26,71,26,121,58,2784,137,20,1052,1141
06037269700,963000,1730,3017,114,178,19,62,822,40,26,26,19,706,138,2348,398,3715,0.5065,18,1528,3855.0,6936.0,0,1673,1152,3715,3425,3701,531,1528,14,31,23,7,24,42,27,69,38,41,0,46,83,37,72,35,65,180,135,47,3715,467,195,1528,1673
06037269800,899400,1916,2780,283,88,114,128,1279,36,26,63,10,329,50,2464,135,3218,0.4099,23,1608,1811.0,5805.0,8,1748,695,3218,2820,3218,517,1608,12,28,22,38,0,15,11,12,48,0,17,0,33,73,69,31,80,72,75,11,3218,215,98,1608,1748
06037269903,995400,1823,2134,206,128,241,214,1649,0,0,10,0,95,169,2423,321,3258,0.361,111,1744,358.0,5475.0,42,1884,605,3365,2608,3365,245,1744,0,37,10,43,11,11,10,18,42,0,0,17,60,55,10,49,61,12,16,0,3365,33,24,1744,1884
06037269905,-666666666,1824,-666666666,143,207,247,111,1388,0,0,0,0,0,90,1913,166,2305,0.3909,45,1388,-666666666.0,4091.0,165,1545,493,2305,1834,2293,265,1388,0,0,16,0,12,12,26,38,21,0,9,0,26,16,17,0,26,15,0,19,2305,0,0,1388,1545
06037269906,676300,1990,2205,248,277,324,74,1527,36,0,0,11,97,37,2613,209,3192,0.3654,13,1624,395.0,5381.0,16,1766,662,3192,2686,3192,609,1624,0,21,37,32,0,0,0,44,21,0,0,13,35,33,35,8,74,0,71,19,3192,69,28,1624,1766
06037269907,726900,2055,1806,167,209,133,168,1255,0,0,17,7,98,63,2096,168,2653,0.378,6,1353,379.0,4502.0,0,1494,338,2653,2159,2631,244,1353,29,0,35,18,0,9,10,16,14,18,20,10,35,37,6,0,22,29,17,0,2653,70,28,1353,1494
06037269908,-666666666,1738,-666666666,176,122,281,38,1271,0,0,0,0,75,18,1470,116,1885,0.3534,0,1346,,,0,1489,160,1885,1551,1885,170,1346,0,19,56,0,0,0,16,19,205,0,0,15,2,1,58,16,0,0,5,0,1885,75,0,1346,1489
06037269909,-666666666,1735,-666666666,242,180,193,32,1198,0,0,0,0,23,162,1709,55,2139,0.3454,20,1221,,,52,1347,672,2282,2062,2282,294,1221,5,22,13,58,14,3,177,0,16,11,16,39,0,60,54,0,0,114,0,0,2282,23,0,1221,1347
06037270101,-666666666,1886,-666666666,121,242,100,136,948,11,24,11,2,288,0,1549,114,2102,0.3823,25,1236,999.0,4032.0,0,1284,278,2102,1807,2085,181,1236,0,0,0,0,0,0,0,73,22,16,0,0,33,40,30,0,0,0,40,0,2102,249,39,1236,1284
06037270102,1073900,1749,1828,121,147,61,170,1055,87,0,0,0,132,66,1984,282,3017,0.384,14,1187,812.0,3864.0,0,1334,850,3017,2818,3017,275,1187,16,0,22,23,0,0,14,38,30,0,19,31,108,0,61,0,48,101,84,41,3017,46,15,1187,1334
06037270200,987100,1556,2553,127,114,215,44,951,5,10,23,55,358,85,2240,428,3590,0.4271,81,1309,2004.0,5305.0,15,1371,1744,3590,3192,3582,445,1309,24,4,57,25,16,0,31,14,44,72,41,19,23,101,71,27,70,6,67,123,3590,199,141,1309,1371
06037270300,1120500,1658,-666666666,50,102,49,44,437,64,75,43,5,743,42,1568,188,2507,0.4827,11,1180,4561.0,6112.0,5,1290,1002,2521,1929,2521,358,1180,0,12,22,16,27,10,17,35,22,31,40,38,90,47,55,48,117,26,46,43,2521,594,149,1180,1290
06037271100,1146900,2106,2731,24,21,27,35,349,84,29,69,38,556,117,1324,145,2444,0.556,77,905,3214.0,4377.0,11,1017,546,2493,2156,2461,413,905,16,10,73,19,35,103,17,32,100,29,45,37,67,90,64,19,42,28,66,27,2493,342,200,905,1017
06037271200,831000,1858,3008,208,197,78,30,955,21,7,19,15,173,28,1947,167,2627,0.3946,28,1128,1012.0,4166.0,64,1265,1025,2627,2023,2611,229,1128,0,7,39,0,0,34,14,33,7,21,7,1,20,86,41,0,96,62,32,8,2627,128,45,1128,1265
06037271300,1085900,2016,3044,96,63,104,39,686,139,66,41,113,1319,44,2477,465,4612,0.5099,16,2005,7600.0,10204.0,21,2112,679,4613,3980,4540,941,2005,12,100,31,27,136,0,32,0,184,99,43,92,203,104,73,63,66,171,127,91,4613,1100,210,2005,2112
06037271400,1413200,3501,2815,20,0,19,0,135,212,267,57,46,1294,50,1654,53,3750,0.4437,0,1429,7712.0,8577.0,10,1487,534,3750,3419,3628,753,1429,57,82,105,19,32,63,83,49,95,236,35,111,161,177,178,27,127,135,59,87,3750,947,340,1429,1487
06037271500,1704500,2183,2765,38,161,91,35,642,15,28,26,0,702,48,1581,250,3144,0.5038,0,1344,4936.0,7538.0,24,1400,276,3165,2869,3136,650,1344,38,17,74,82,122,32,32,32,122,103,88,65,66,98,95,48,114,154,134,19,3165,541,161,1344,1400
06037271600,1359400,1878,2327,93,235,159,176,1449,60,30,70,46,581,71,2851,468,4975,0.4596,9,2030,3465.0,8403.0,20,2177,673,4975,3754,4770,1136,2030,30,45,39,20,69,26,18,74,47,103,0,32,211,164,84,44,320,23,18,30,4975,356,225,2030,2177
06037271702,1108700,1852,1896,195,134,122,140,1531,61,60,16,56,480,134,2750,796,4204,0.4661,60,2011,2706.0,7313.0,89,2151,835,4204,3331,4131,767,2011,14,0,31,13,20,7,21,33,45,48,89,36,204,108,57,33,154,90,73,25,4204,362,92,2011,2151
06037271703,1297800,2008,-666666666,135,60,277,92,923,15,55,12,62,372,113,2004,202,2662,0.3618,0,1295,2124.0,5371.0,0,1418,479,2677,2256,2677,332,1295,57,0,53,14,0,0,82,0,61,77,27,34,0,7,19,16,53,42,73,0,2677,212,160,1295,1418
06037271704,1256800,2265,3300,304,179,81,34,1051,19,39,32,67,336,103,2084,323,3557,0.3812,21,1387,2258.0,5413.0,20,1478,140,3569,2867,3553,572,1387,31,76,33,34,10,1,12,33,13,11,2,78,253,100,35,51,58,176,154,11,3569,157,179,1387,1478
06037271801,1085700,1670,2875,140,133,118,185,1499,0,6,10,32,219,83,2021,466,3099,0.4313,32,1718,1273.0,5526.0,9,2014,838,3099,2720,3071,459,1718,38,19,20,29,0,0,38,39,69,9,21,34,76,23,36,0,42,9,41,23,3099,194,25,1718,2014
06037271803,548300,1752,1474,179,150,266,81,1364,13,71,18,13,194,129,2308,240,3009,0.356,13,1558,756.0,4702.0,0,1766,1037,3009,2557,2872,372,1558,55,63,0,0,0,0,31,49,0,13,29,0,108,0,38,30,69,8,0,14,3009,171,0,1558,1766
06037271804,1204200,2031,3775,118,207,67,49,798,0,35,0,0,335,143,1824,64,2494,0.4094,58,1133,1720.0,4489.0,11,1187,612,2494,2275,2494,401,1133,81,76,26,39,18,0,15,10,0,19,0,0,0,32,48,0,40,75,63,11,2494,213,122,1133,1187
06037271901,1371800,1959,2513,77,76,163,65,937,55,23,0,31,532,45,2198,228,3257,0.4572,8,1469,3086.0,6213.0,0,1493,711,3257,2957,3247,564,1469,54,79,57,16,29,28,78,27,16,24,28,8,30,20,29,123,60,12,119,61,3257,427,105,1469,1493
06037271902,1537400,1502,2955,160,228,196,71,1282,31,48,0,21,572,130,2396,293,3865,0.4824,0,1854,4170.0,7721.0,49,1938,1059,3865,3496,3797,691,1854,48,43,47,74,13,31,30,45,48,84,48,14,49,98,152,31,87,66,67,39,3865,507,57,1854,1938
06037272100,1249600,1906,1969,68,82,140,82,778,113,142,52,38,1111,74,2705,482,4780,0.4883,76,1889,7090.0,10029.0,13,1961,1337,4780,4080,4728,759,1889,34,72,29,45,74,92,0,156,56,35,68,10,77,148,144,36,119,113,90,252,4780,854,257,1889,1961
06037272201,951100,1747,2784,92,176,131,84,865,12,24,7,20,191,90,1542,241,2209,0.4578,17,1056,1019.0,3804.0,36,1134,790,2209,1800,2200,307,1056,17,38,36,8,5,20,34,13,20,9,25,0,12,21,38,0,48,26,82,0,2209,138,53,1056,1134
06037272202,916200,1786,2598,149,175,171,108,1419,38,8,74,0,265,145,2602,397,3423,0.5236,19,1684,1211.0,5778.0,0,1813,1158,3423,2917,3423,274,1684,50,22,47,29,43,0,7,18,25,7,0,24,74,4,22,8,134,31,13,46,3423,181,84,1684,1813
06037272301,971200,2054,2461,115,153,98,24,893,100,81,50,9,500,151,1974,320,3288,0.4339,36,1393,3215.0,6655.0,77,1437,766,3395,2810,3341,521,1393,16,161,58,13,23,0,87,14,129,54,20,64,67,71,118,55,166,42,20,90,3395,360,140,1393,1437
06037272302,1210900,1513,2894,229,194,277,159,1520,10,74,26,24,245,147,2661,321,3989,0.4786,69,1765,1293.0,6047.0,21,1916,1805,3989,3640,3963,503,1765,90,93,30,30,4,47,6,0,28,51,36,35,58,85,118,56,89,21,43,65,3989,199,46,1765,1916
06037273100,1688600,3265,2696,91,81,52,24,643,68,36,14,5,602,75,1859,239,2761,0.4824,10,1245,3624.0,6183.0,72,1347,590,2761,2251,2715,368,1245,10,48,29,0,17,19,49,40,42,21,22,39,109,59,60,25,73,66,39,21,2761,464,134,1245,1347
06037273200,1636600,2415,3579,111,92,93,44,921,41,38,9,48,619,204,2056,396,3163,0.5274,28,1540,3179.0,6689.0,48,1792,973,3163,2505,3065,419,1540,65,0,53,9,10,82,7,28,70,75,29,42,158,9,65,11,50,66,11,0,3163,539,80,1540,1792
06037273300,1908200,2053,4001,222,40,115,70,1150,79,49,0,7,306,143,1785,571,2963,0.574,8,1456,1850.0,6122.0,0,1806,590,2963,2592,2925,387,1456,79,21,40,0,18,0,11,87,44,7,0,0,75,57,144,25,21,28,169,58,2963,190,109,1456,1806
06037273403,2000001,1385,4001,37,54,25,25,707,43,3,0,0,313,68,1042,263,1405,0.7138,0,1020,1642.0,2924.0,0,1199,169,1429,1232,1429,165,1020,0,62,0,33,0,27,0,4,12,0,20,12,29,0,0,0,0,34,0,0,1429,313,0,1020,1199
06037273404,1602800,1843,2332,55,124,47,178,797,94,0,0,0,276,55,1164,92,1437,0.4826,55,1073,1615.0,3442.0,0,1364,58,1437,1130,1437,101,1073,16,17,46,8,0,47,0,0,65,0,48,0,16,0,16,0,0,17,0,0,1437,261,15,1073,1364
06037273502,1833300,2078,2485,150,176,345,68,1308,63,11,0,36,404,123,2021,325,2792,0.4828,24,1712,2049.0,6032.0,0,2067,296,2792,2443,2792,386,1712,58,31,66,8,24,0,46,11,28,37,15,16,49,25,35,34,32,63,13,0,2792,294,88,1712,2067
06037273600,2000001,2700,2980,18,43,75,72,463,70,82,18,26,645,57,1489,115,2413,0.5329,10,1108,3635.0,5478.0,18,1172,526,2413,1834,2395,528,1108,53,34,45,50,10,0,9,69,71,20,0,35,19,41,32,32,88,54,93,45,2413,547,91,1108,1172
06037273700,1683200,1949,2801,51,119,87,66,778,61,44,66,28,501,113,1867,317,2992,0.4744,109,1279,2900.0,5910.0,29,1362,647,2992,2475,2984,547,1279,10,19,54,34,33,0,23,33,31,18,0,33,46,39,110,53,144,85,56,62,2992,354,136,1279,1362
06037273800,1542500,2031,3250,103,133,102,90,1024,32,48,43,28,492,68,2028,185,2922,0.5118,9,1516,2637.0,6015.0,18,1679,721,2922,2435,2901,377,1516,64,34,21,24,28,0,47,45,43,21,0,31,45,76,56,39,57,81,15,11,2922,337,151,1516,1679
06037273902,2000001,2220,4001,248,82,84,171,1252,158,62,97,12,1106,259,2785,440,4399,0.5263,31,2358,6208.0,10454.0,61,2617,454,4416,3837,4416,882,2358,63,16,79,96,115,199,26,107,199,120,0,0,99,52,77,40,91,45,33,26,4416,1040,66,2358,2617
06037274100,1356100,2839,4001,73,129,137,54,1394,97,142,53,69,814,146,2903,691,4704,0.4955,66,2208,3559.0,8756.0,13,2618,220,4757,3851,4757,769,2208,63,129,79,47,19,0,49,38,54,44,12,7,190,262,94,32,149,153,52,38,4757,461,353,2208,2618
06037274202,1597100,2325,3598,143,167,138,99,1181,144,102,53,71,1143,215,2899,297,4151,0.4848,18,2324,6690.0,11084.0,23,2921,510,4151,3705,4085,663,2324,102,9,78,60,87,51,51,73,84,53,0,30,186,7,42,111,41,98,59,17,4151,1004,139,2324,2921
06037275101,953900,1947,1673,61,8,50,23,279,26,4,30,13,165,12,685,109,1060,0.4169,53,444,905.0,1855.0,0,483,276,1060,870,1040,200,444,14,6,9,12,14,21,16,15,31,11,5,24,17,29,8,0,49,13,1,15,1060,103,62,444,483
06037275102,1111800,1627,1648,68,176,116,49,987,19,50,24,40,355,80,2267,1168,4282,0.391,11,1342,1670.0,4858.0,9,1349,3224,4282,4014,4218,605,1342,23,13,31,26,27,0,4,16,70,23,2,1,222,126,252,79,219,173,122,73,4282,223,84,1342,1349
06037275200,907700,1466,908,116,227,68,116,1280,73,26,0,0,397,241,2291,476,3814,0.4904,28,1677,2084.0,6129.0,67,1771,1614,3814,3282,3776,604,1677,171,66,36,28,0,13,79,138,24,72,19,60,166,126,174,6,74,29,34,29,3814,293,91,1677,1771
06037275311,970700,1883,1933,118,352,39,119,1392,43,76,150,146,1144,249,2956,366,5275,0.4487,86,2536,7046.0,11399.0,0,2600,1329,5275,4661,5252,1090,2536,48,47,197,77,80,49,124,146,200,58,169,20,30,136,78,8,154,108,83,23,5275,848,292,2536,2600
06037275312,871900,3115,2758,13,17,0,62,545,60,45,51,13,503,51,1363,76,2061,0.442,51,1048,2921.0,4739.0,17,1096,109,2061,1502,1986,349,1048,29,0,24,28,33,0,18,26,95,29,56,28,46,61,0,0,58,34,30,0,2061,428,75,1048,1096
06037275313,1015600,2925,2694,48,80,13,14,615,150,55,133,77,1061,44,1739,550,3196,0.4908,0,1676,5551.0,8033.0,14,1808,616,3196,2803,3159,569,1676,64,66,85,22,18,12,79,78,35,125,44,0,37,7,0,0,45,13,20,11,3196,884,163,1676,1808
06037275400,1010500,2972,3091,220,314,174,17,1381,100,64,79,93,938,114,3152,145,4185,0.4461,15,2319,4164.0,8524.0,325,2434,613,4185,3402,4114,763,2319,36,36,61,0,0,32,72,65,43,55,27,62,96,126,24,30,73,31,44,0,4185,673,230,2319,2434
06037275500,741400,1087,2033,55,58,238,162,1238,27,77,43,25,574,104,2476,1562,5201,0.5611,82,1812,3199.0,7928.0,0,1840,3322,5337,4934,5337,682,1812,71,75,87,22,16,9,31,164,95,12,71,124,168,210,286,101,151,312,122,16,5337,340,187,1812,1840
06037275603,893500,1915,2130,53,84,27,16,529,85,98,38,28,711,55,1688,137,2864,0.4553,0,1240,3981.0,5876.0,6,1278,811,2864,2572,2864,483,1240,5,9,69,39,0,81,12,52,92,20,35,64,73,169,11,13,66,67,68,34,2864,539,172,1240,1278
06037275604,1076000,3443,3979,370,237,300,299,2523,355,234,313,115,1806,100,5799,359,9492,0.4218,0,4329,9125.0,17576.0,2149,4733,1240,9559,7458,9390,2042,4329,63,93,48,123,67,48,35,75,133,25,88,15,534,342,59,0,731,420,90,0,9559,1103,621,4329,4733
06037275605,1503600,2587,4001,115,104,26,162,1153,74,0,40,0,339,150,1588,293,2685,0.4414,0,1492,2036.0,5880.0,69,1828,243,2685,2181,2544,376,1492,28,32,0,0,30,0,0,0,154,0,39,75,31,13,17,0,233,30,0,13,2685,265,74,1492,1828
06037276000,1040800,2825,2849,194,102,110,165,919,257,327,132,90,1738,147,3681,196,5812,0.3427,117,2657,11303.0,14893.0,457,2875,1208,5960,5286,5946,1391,2657,95,84,208,66,23,41,109,108,188,60,35,116,110,107,91,49,37,217,281,53,5960,1383,344,2657,2875
06037276101,591000,2382,2383,259,113,166,47,1430,52,0,15,0,173,174,2307,264,3034,0.4149,0,1603,668.0,5397.0,53,1744,326,3034,2516,3034,274,1603,0,0,34,0,0,0,0,23,95,0,0,4,110,96,19,0,27,25,47,18,3034,94,79,1603,1744
06037276102,892500,1843,1936,124,19,105,51,1036,37,21,30,69,457,260,1815,225,3010,0.4332,32,1493,2278.0,6455.0,8,1679,931,3010,2596,3010,182,1493,28,19,47,40,16,0,131,21,41,17,0,22,0,69,126,65,162,59,105,0,3010,277,180,1493,1679
06037276400,1194800,2359,1970,46,32,7,0,193,78,145,75,60,1239,103,1860,362,4104,0.406,17,1432,8382.0,9612.0,18,1601,582,4104,3621,4086,862,1432,37,147,91,54,39,53,75,53,138,112,116,132,96,50,103,74,124,121,70,46,4104,887,352,1432,1601
06037276500,961900,2134,2881,11,34,15,17,278,33,33,40,55,436,255,2824,416,1899,0.4981,10,714,2718.0,4133.0,9,733,1009,5710,3311,5710,338,714,26,43,24,37,0,14,24,18,20,18,33,45,43,55,29,48,42,26,25,95,5710,347,89,714,733
06037276601,1502000,2226,3024,84,46,78,40,635,59,91,61,45,1011,156,2282,201,4030,0.5096,82,1646,7377.0,9989.0,0,1860,558,4030,3485,4001,836,1646,50,71,83,137,24,34,55,93,56,96,42,67,115,91,125,46,57,52,99,29,4030,830,163,1646,1860
06037276605,670100,2522,2385,138,35,121,69,828,43,29,80,13,558,205,1457,36,2640,0.3245,0,1386,2173.0,5519.0,0,1428,217,2640,2171,2567,400,1386,0,205,13,110,13,0,253,57,100,28,0,20,88,42,25,0,16,26,25,0,2640,506,37,1386,1428
06037276606,641900,2341,2646,49,120,44,75,915,155,69,88,143,867,105,2130,193,3084,0.4827,39,1782,3724.0,6976.0,0,1900,511,3084,2051,3065,429,1782,38,25,15,65,0,0,0,49,91,12,11,29,19,0,61,40,0,24,84,0,3084,753,114,1782,1900
06037276607,1051000,2575,2376,94,177,132,105,989,30,0,20,96,387,78,1811,331,2587,0.4142,74,1376,2587.0,5339.0,110,1571,336,2587,1904,2558,246,1376,9,86,12,0,0,31,0,0,36,1,10,31,22,30,0,0,194,67,20,40,2587,261,126,1376,1571
06037276608,526400,2058,2188,94,52,31,65,631,68,16,33,54,523,93,1533,177,2060,0.4661,0,1154,2319.0,3963.0,0,1171,397,2147,1818,2147,292,1154,14,31,12,0,0,30,0,45,0,26,29,27,0,103,60,0,0,18,0,50,2147,388,135,1154,1171
06037277000,1330200,2440,1789,74,56,38,56,611,244,98,27,10,1533,143,2857,109,5581,0.4389,23,2144,10868.0,13472.0,98,2294,946,5581,5261,5516,1457,2144,85,76,141,58,66,56,0,68,140,159,78,59,162,143,106,58,148,112,89,251,5581,1322,185,2144,2294
06037277100,907200,3125,2943,109,26,48,0,264,124,83,162,25,814,75,1740,82,3176,0.3169,0,1078,4741.0,6064.0,0,1140,506,3176,2895,3148,690,1078,49,25,40,34,11,10,10,84,46,68,42,10,345,91,62,17,83,45,124,61,3176,551,262,1078,1140
06037277200,447300,1674,2119,40,44,61,93,779,20,14,0,8,187,80,1017,306,1943,0.4705,8,966,819.0,3899.0,44,1168,749,1943,1701,1943,171,966,78,0,51,0,0,0,20,0,70,36,0,86,51,29,47,75,20,30,42,14,1943,161,26,966,1168
06037277400,-666666666,1581,-666666666,18,5,33,0,206,0,0,0,0,0,61,262,159,576,0.4854,0,206,-666666666.0,827.0,0,289,187,576,557,568,50,206,0,21,0,0,0,0,0,11,0,0,1,2,49,33,23,33,0,37,11,0,576,0,0,206,289
06037278001,901100,1910,2291,73,41,27,0,391,79,103,66,31,648,6,1406,174,2338,0.4342,35,1039,3786.0,5244.0,22,1202,729,2338,2159,2318,520,1039,4,61,39,0,0,0,36,16,48,14,29,130,30,43,64,26,127,88,20,13,2338,519,129,1039,1202
06037278102,1578100,2357,2872,84,111,32,83,677,67,50,35,42,825,100,2034,179,3008,0.4597,37,1502,5105.0,7688.0,0,1687,367,3008,2541,2958,688,1502,80,55,155,76,0,0,73,96,82,26,31,28,56,68,63,37,48,9,34,0,3008,689,125,1502,1687
06037291110,490500,1175,2333,225,86,134,93,1006,58,10,36,41,310,186,2244,741,4321,0.4355,91,1316,2093.0,5797.0,13,1395,2352,4370,3966,4314,420,1316,33,74,20,64,30,19,0,67,68,32,8,0,268,75,160,74,232,130,214,128,4370,236,64,1316,1395
06037291120,475800,1223,2031,109,67,81,14,476,33,38,12,6,184,143,1409,548,2548,0.3981,62,660,1032.0,2863.0,16,679,1756,2548,2438,2508,259,660,9,6,22,40,12,7,6,0,43,27,23,7,50,60,105,76,118,96,64,52,2548,98,59,660,679
06037291130,455900,983,1516,58,23,64,5,254,25,107,81,32,727,130,1931,393,3427,0.3693,32,981,3734.0,4626.0,3,1048,2243,3458,3252,3451,538,981,24,32,30,32,7,21,21,36,48,29,61,64,145,92,167,60,12,95,85,33,3458,326,288,981,1048
06037291210,504800,1344,1714,40,65,72,72,892,72,41,23,80,794,222,2920,757,5413,0.4351,94,1686,4465.0,8053.0,62,1745,3083,5429,5135,5379,801,1686,77,44,90,26,19,66,92,40,67,84,55,43,111,93,185,97,252,180,91,26,5429,473,272,1686,1745
06037291220,619000,1273,2569,115,57,6,22,638,16,29,93,14,470,109,1701,635,3451,0.5225,56,1108,2514.0,4745.0,0,1124,1995,3451,3116,3404,556,1108,16,26,24,53,21,44,40,25,74,76,51,56,83,74,90,66,83,82,151,88,3451,252,180,1108,1124
06037291300,594900,1226,1692,6,20,43,20,298,121,75,72,50,854,62,1722,91,3231,0.408,2,1152,5092.0,6451.0,97,1177,798,3237,3098,3213,573,1152,14,18,46,97,17,110,20,20,78,109,47,112,83,38,74,6,152,54,81,23,3237,569,254,1152,1177
06037292001,582100,1412,-666666666,28,179,111,83,1122,15,0,22,57,257,197,2261,1330,4381,0.4111,66,1379,1265.0,5756.0,0,1479,2379,4451,4027,4404,567,1379,52,52,64,27,0,31,56,24,67,26,49,30,122,61,175,139,104,194,213,92,4451,159,98,1379,1479
06037292002,618000,2412,2189,23,0,53,0,139,79,9,51,52,391,49,1085,193,1939,0.3478,12,530,2308.0,3088.0,0,547,924,1944,1752,1944,300,530,5,30,31,6,15,0,10,11,48,21,30,18,66,159,14,16,53,132,48,11,1944,204,165,530,547
06037293203,525400,1287,2561,94,26,215,50,728,11,0,10,11,283,146,1667,258,2965,0.3312,0,1011,1446.0,3664.0,0,1227,1724,3013,2748,2962,463,1011,20,0,32,0,0,0,0,86,32,11,24,55,85,123,127,69,62,96,130,78,3013,148,53,1011,1227
06037293204,580100,1561,1547,17,33,43,17,552,22,66,0,34,519,153,1930,691,4260,0.3928,0,1071,2863.0,4851.0,0,1098,2849,4260,3906,4230,640,1071,0,47,82,0,5,100,51,76,30,49,29,18,199,240,167,42,21,292,122,398,4260,175,107,1071,1098
06037293205,469400,1374,1960,37,66,89,92,730,11,17,0,0,175,120,1905,652,3371,0.5012,68,905,736.0,3539.0,39,997,2319,3402,2932,3333,416,905,17,63,18,18,0,0,0,22,46,40,9,5,231,123,107,41,147,39,46,42,3402,41,84,905,997
06037293206,462100,1544,2893,66,47,186,0,605,12,12,12,14,154,113,1439,592,2829,0.4232,55,759,850.0,3275.0,0,847,2158,2862,2490,2862,384,759,0,24,2,32,10,0,0,0,18,23,0,7,120,214,144,11,48,166,53,116,2862,97,45,759,847
06037293301,580500,1730,2119,65,32,33,34,379,36,29,31,64,564,26,1595,213,2808,0.398,31,943,3194.0,4893.0,14,997,491,2834,2603,2834,467,943,7,33,57,127,12,4,11,114,168,49,22,21,26,40,58,43,52,58,123,60,2834,342,222,943,997
06037293302,538400,1657,2235,17,184,22,143,635,88,99,26,53,1047,90,2448,420,5049,0.3981,86,1682,5702.0,8175.0,0,1763,1828,5084,4573,5026,755,1682,56,57,49,34,22,22,34,55,183,71,58,15,181,268,152,10,144,105,311,198,5084,714,252,1682,1763
06037293304,529500,1193,1916,227,161,111,147,1067,54,31,82,43,521,255,2703,521,5149,0.395,28,1588,2580.0,6624.0,0,1682,3035,5149,4868,5046,744,1588,16,0,111,0,24,11,48,72,97,65,47,22,276,76,96,161,176,353,224,93,5149,240,261,1588,1682
06037293306,613900,1497,1768,33,33,4,16,217,44,57,69,38,593,90,1310,100,2475,0.3676,4,810,3755.0,4523.0,6,847,961,2485,2171,2471,455,810,51,27,27,9,5,26,31,60,53,32,32,29,94,130,102,33,39,48,49,33,2485,451,132,810,847
06037293307,369500,1193,1817,97,75,86,15,680,35,21,4,21,221,80,1401,472,2491,0.4772,0,901,1000.0,3331.0,5,947,1563,2491,2366,2475,337,901,16,4,58,14,0,0,35,17,26,9,11,0,200,63,139,16,51,144,37,4,2491,142,60,901,947
06037294110,465200,1265,1590,24,40,13,37,517,73,24,9,39,553,162,1637,415,3701,0.5205,69,1070,3135.0,5060.0,0,1084,3048,3701,3434,3642,584,1070,86,40,38,40,41,20,35,20,60,35,21,24,120,205,116,125,64,138,165,44,3701,244,267,1070,1084
06037294120,403000,1420,1625,31,78,16,29,407,25,26,24,4,222,85,1263,764,2969,0.4646,40,629,1052.0,2666.0,0,638,2826,2969,2698,2953,342,629,11,0,4,8,0,20,5,8,40,46,8,0,86,191,126,146,72,136,90,34,2969,58,94,629,638
06037294200,431300,1099,1541,22,31,0,82,460,154,121,78,53,895,189,2531,393,4831,0.3506,11,1355,4951.0,6674.0,0,1444,4245,4831,4446,4743,880,1355,131,51,10,32,22,70,62,85,58,51,45,42,146,20,182,62,191,240,190,144,4831,352,419,1355,1444
06037294301,428400,1170,1427,19,0,25,9,188,34,100,20,11,495,25,1317,115,2709,0.3642,11,683,2797.0,3533.0,12,683,2294,2709,2655,2709,454,683,5,36,70,23,37,14,25,54,50,24,46,5,61,135,117,91,86,74,83,54,2709,187,178,683,683
06037294302,414800,1136,1566,100,56,78,105,700,10,50,45,44,514,128,2137,663,4317,0.3635,78,1214,2679.0,5203.0,10,1278,3735,4317,3956,4231,571,1214,6,28,54,67,23,15,38,81,29,38,63,20,192,146,124,90,114,38,268,63,4317,283,187,1214,1278
06037294410,350800,1108,1634,145,73,173,88,900,23,70,96,42,720,358,2379,1218,4985,0.4686,43,1620,3616.0,7351.0,0,1668,2621,4996,4424,4927,777,1620,108,0,74,19,17,7,65,8,93,22,34,96,32,92,242,171,182,194,251,126,4996,413,300,1620,1668
06037294421,392900,1339,1516,59,66,24,81,637,14,48,10,46,385,101,1460,649,2866,0.4231,62,1022,1772.0,4006.0,0,1065,2067,2866,2465,2866,417,1022,35,0,45,42,17,17,17,16,34,67,48,11,63,73,155,45,96,63,142,29,2866,236,143,1022,1065
06037294510,488300,1192,2160,49,33,60,58,737,43,16,61,25,409,168,2159,1001,4843,0.372,139,1146,2530.0,5130.0,0,1224,4618,4843,4462,4741,785,1146,25,27,17,62,17,52,64,49,27,43,16,30,215,269,286,16,228,150,149,23,4843,100,243,1146,1224
06037294520,484500,1288,2029,23,55,57,61,630,54,35,26,2,280,180,1882,772,3846,0.4604,36,910,1726.0,3896.0,0,934,3649,3846,3473,3821,549,910,45,25,36,30,0,6,31,31,57,12,6,0,243,157,209,97,137,144,174,127,3846,82,129,910,934
06037294610,457200,1169,1799,106,70,128,47,795,24,87,14,0,374,264,2012,836,4263,0.4157,50,1169,2046.0,4796.0,0,1215,3839,4263,3794,4219,602,1169,12,56,80,16,36,72,21,85,36,81,68,65,216,345,155,78,98,175,89,24,4263,159,170,1169,1215
06037294620,373400,1207,1375,10,47,105,51,649,24,43,32,6,386,150,2263,587,4545,0.3535,25,1035,1965.0,4802.0,0,1063,4328,4546,4291,4496,689,1035,78,31,29,21,26,19,76,40,67,59,13,21,164,175,141,155,106,231,31,115,4546,83,209,1035,1063
06037294701,460200,1006,1255,44,36,117,97,778,0,17,2,50,202,68,1372,978,3080,0.4915,55,980,1126.0,3611.0,0,1027,2700,3080,2622,3027,349,980,12,28,41,12,22,27,20,5,43,56,11,34,136,141,160,72,100,74,101,78,3080,58,129,980,1027
06037294810,434400,1178,2260,79,105,122,62,882,13,0,0,11,121,110,1913,909,3906,0.3666,70,1003,663.0,3659.0,0,1058,3529,3923,3520,3860,398,1003,0,23,29,22,5,11,6,28,31,5,13,22,99,180,191,113,129,253,181,109,3923,26,81,1003,1058
06037294820,346700,1107,2171,130,96,72,68,848,0,0,0,4,80,132,1529,1262,3482,0.4611,85,928,370.0,3183.0,0,974,3359,3482,3179,3411,443,928,28,10,24,23,13,4,0,38,43,4,38,3,92,286,256,62,150,193,139,61,3482,63,17,928,974
06037294830,380600,1125,1403,120,81,83,124,903,27,3,0,14,169,90,2012,1108,4356,0.3964,96,1072,997.0,4361.0,0,1092,3999,4399,4035,4288,502,1072,38,9,18,0,8,21,29,45,58,13,10,6,177,229,300,138,194,195,180,114,4399,80,62,1072,1092
06037294900,401500,1063,1670,32,71,77,32,651,24,30,65,25,292,75,1591,1057,3788,0.4853,79,943,1548.0,4235.0,35,971,3277,3831,3360,3754,470,943,14,11,33,22,16,25,39,25,49,24,11,68,196,159,211,150,163,177,136,174,3831,77,162,943,971
06037295103,596600,2611,2585,0,89,101,71,484,243,242,162,67,1566,149,2855,218,5319,0.3573,77,2050,8720.0,11075.0,0,2195,1873,5319,4686,5275,1215,2050,41,49,215,14,53,145,68,74,154,74,120,117,68,139,92,73,80,172,187,41,5319,1064,449,2050,2195
06037296210,507100,988,1634,65,77,63,71,839,80,45,4,0,274,174,1824,847,3652,0.4289,87,1113,1409.0,4328.0,0,1132,3274,3652,3169,3519,442,1113,26,16,34,47,9,6,10,10,44,33,14,5,198,101,146,51,183,89,237,27,3652,138,130,1113,1132
06037296220,366100,911,-666666666,199,197,202,156,1751,0,0,10,0,75,79,1769,1340,3968,0.5789,223,1826,272.0,6639.0,0,1899,2345,3968,3405,3943,331,1826,47,37,17,27,118,22,135,106,58,72,50,80,77,62,53,0,25,323,75,157,3968,34,35,1826,1899
06037296300,518800,2166,2583,46,77,43,66,595,117,155,179,36,1339,166,2502,331,4770,0.421,98,1934,7748.0,9958.0,88,1962,1154,4784,4280,4692,978,1934,59,103,98,93,18,24,89,96,150,81,46,25,198,128,65,81,122,63,165,102,4784,953,360,1934,1962
06037296401,595300,1456,2042,0,59,24,6,223,113,82,108,106,1072,73,1584,106,3188,0.4267,0,1295,6130.0,6764.0,45,1385,932,3228,2959,3181,640,1295,24,24,139,44,83,34,78,88,172,57,83,114,129,26,10,21,80,46,119,114,3228,856,210,1295,1385
06037296402,577400,1639,2271,26,15,66,16,231,164,143,59,70,899,115,1853,109,3113,0.3299,20,1130,5398.0,6455.0,41,1221,1582,3142,2962,3129,746,1130,24,43,36,35,27,47,96,52,55,23,8,47,60,80,33,18,82,114,136,4,3142,534,323,1130,1221
06037296500,473000,1231,959,100,76,13,57,738,72,29,56,18,466,119,1687,700,3284,0.5234,96,1204,2768.0,5174.0,0,1285,2265,3284,3016,3220,292,1204,24,45,61,40,0,0,0,95,36,57,41,40,97,152,75,33,142,59,113,30,3284,318,148,1204,1285
06037296600,560600,1450,2017,80,66,72,119,1659,15,9,25,36,351,334,2937,635,5189,0.5603,113,2010,1808.0,7645.0,58,2185,3675,5214,4338,5149,579,2010,54,35,31,52,0,17,170,0,98,63,8,19,355,125,92,40,139,237,107,25,5214,234,117,2010,2185
06037296901,593800,1278,2065,305,63,80,14,1398,20,14,7,0,170,162,2507,1017,4440,0.4285,106,1568,1003.0,6346.0,0,1720,3008,4440,3743,4367,413,1568,15,3,20,6,2,22,1,39,14,83,0,24,159,226,258,0,109,123,163,165,4440,133,37,1568,1720
06037296902,581800,1265,1841,89,148,94,95,1255,46,89,11,7,316,179,2240,647,4109,0.4557,80,1571,1859.0,6622.0,0,1674,2629,4174,3726,4042,566,1571,26,25,27,72,6,35,47,53,81,3,34,28,151,181,89,17,181,55,227,106,4174,206,84,1571,1674
06037297001,765100,1735,2750,13,0,0,13,130,49,62,98,28,458,26,888,0,1404,0.3316,0,588,2923.0,3477.0,0,625,353,1404,1307,1404,396,588,13,0,42,0,15,15,25,29,53,0,0,49,13,62,16,28,35,10,16,0,1404,403,55,588,625
06037297002,774900,1776,2628,160,177,14,23,762,21,194,104,44,973,100,2485,225,4287,0.3982,0,1735,5622.0,8932.0,0,1795,1308,4287,3300,4213,820,1735,19,106,35,30,15,115,19,93,47,81,18,108,114,65,173,19,305,165,120,78,4287,769,204,1735,1795
06037297110,531300,1149,2058,133,152,142,118,1342,41,43,16,26,218,245,2369,1309,4628,0.4682,126,1560,1255.0,6416.0,0,1676,3119,4693,3699,4669,537,1560,45,131,58,0,9,60,37,18,34,32,23,68,127,91,219,42,16,232,143,96,4693,66,114,1560,1676
06037297120,600800,1287,2268,48,107,106,76,758,31,80,29,30,288,77,1616,571,3040,0.4494,52,1046,1379.0,4163.0,3,1118,2060,3062,2749,3027,324,1046,35,60,76,5,17,0,107,20,48,47,8,28,130,102,106,61,42,58,154,88,3062,109,164,1046,1118
06037297201,483200,1522,2145,66,108,127,118,1069,30,44,46,9,396,68,2371,556,4343,0.3683,35,1465,1960.0,6403.0,0,1504,2915,4421,3752,4373,643,1465,47,34,19,50,10,41,0,54,29,50,60,5,125,227,60,62,224,235,129,54,4421,325,57,1465,1504
06037297202,636100,1590,2214,160,91,98,80,864,74,102,9,50,681,57,2207,527,4049,0.4672,23,1545,3887.0,7733.0,0,1723,1917,4049,3679,4037,541,1545,18,35,114,20,73,31,25,24,138,79,17,45,106,72,45,157,177,205,167,25,4049,415,235,1545,1723
06037297300,753800,2219,2605,64,15,40,50,376,39,12,43,27,408,25,977,44,2075,0.4266,0,784,2364.0,4319.0,25,886,620,2113,1661,2113,380,784,44,28,13,5,41,18,71,30,56,72,25,55,103,70,35,56,62,74,47,31,2113,326,72,784,886
06037297400,787600,1735,1444,14,19,9,5,206,89,77,78,35,1463,75,1390,257,3183,0.492,24,1669,8847.0,9841.0,9,1783,584,3183,2982,3183,697,1669,57,61,183,74,36,72,29,80,246,114,126,257,32,27,46,46,0,78,39,39,3183,1301,162,1669,1783
06037297501,808700,2359,-666666666,0,32,22,21,153,68,46,15,54,957,23,1436,337,2845,0.5519,0,1110,5584.0,6227.0,0,1114,1191,2845,2598,2809,559,1110,50,95,21,15,45,16,69,82,0,0,77,142,36,109,221,87,0,8,30,47,2845,688,269,1110,1114
06037297502,550100,1679,2195,30,47,57,31,421,55,154,52,59,575,23,1008,9,2006,0.3866,35,996,3331.0,4939.0,18,1066,509,2006,1672,2006,342,996,9,23,64,22,73,9,9,30,17,54,36,116,99,0,45,0,0,114,32,0,2006,404,171,996,1066
06037297601,683400,1780,1771,96,89,77,40,1020,34,36,19,7,251,88,1402,66,2976,0.4392,20,1271,1232.0,5978.0,0,1383,1158,3017,2393,2953,519,1271,23,89,42,20,34,8,28,42,54,19,28,0,64,117,80,31,204,172,53,85,3017,204,47,1271,1383
06037297602,626000,1484,2364,88,168,149,29,970,98,78,70,59,680,89,1897,659,3515,0.4815,30,1650,3827.0,7666.0,0,1817,1472,3515,3032,3515,628,1650,80,78,113,63,10,0,46,86,96,0,19,22,87,121,145,38,38,58,162,48,3515,546,113,1650,1817
06037300100,991700,2255,2673,84,19,94,17,290,150,257,133,120,1789,161,2791,184,6279,0.3548,0,2079,12061.0,13585.0,0,2196,838,6279,5830,6173,1554,2079,99,48,351,52,80,32,121,185,58,161,116,112,175,285,354,202,151,174,213,30,6279,1217,530,2079,2196
06037300200,862000,2112,2417,63,38,33,84,557,200,160,220,0,1296,151,2602,506,5378,0.4563,50,1853,8443.0,10834.0,5,1979,550,5378,4848,5244,1186,1853,114,59,79,75,36,52,137,75,107,103,59,118,168,213,199,80,251,153,64,65,5378,847,413,1853,1979
06037300301,808700,2622,2861,43,31,17,13,267,199,282,153,113,1759,28,3393,165,6194,0.3777,44,2026,10091.0,11234.0,0,2161,288,6194,5666,6134,1382,2026,49,135,174,41,87,30,155,123,47,71,128,76,126,128,308,18,100,274,358,112,6194,1022,636,2026,2161
06037300400,694400,2066,2809,13,117,0,19,566,198,141,35,72,1468,250,2994,281,6200,0.3993,39,2034,8437.0,10741.0,0,2133,896,6200,5266,6102,1406,2034,51,88,105,65,52,0,36,67,142,120,26,11,228,254,249,156,364,107,207,137,6200,742,712,2034,2133
06037300501,696200,1991,2422,3,90,57,0,285,20,38,120,110,762,133,1609,52,3032,0.3659,8,1047,4345.0,5604.0,0,1079,563,3039,2752,3025,582,1047,19,21,92,28,6,35,45,53,55,81,16,70,83,119,106,79,108,104,54,57,3039,443,307,1047,1079
06037300503,681700,1716,2424,122,311,66,151,1614,79,64,56,73,639,256,3058,583,5475,0.4422,37,2253,3482.0,9266.0,22,2295,1179,5475,4800,5475,905,2253,101,16,90,0,50,0,124,117,77,60,38,62,82,161,330,104,52,146,374,146,5475,354,208,2253,2295
06037300601,525600,1836,2206,87,49,164,78,1249,159,48,167,76,908,66,3327,529,6252,0.432,63,2157,4719.0,9677.0,25,2314,1185,6334,6021,6315,1081,2157,70,83,18,6,0,13,177,83,78,93,18,111,301,85,227,154,23,252,169,238,6334,419,401,2157,2314
06037300602,905100,1646,3339,77,45,61,70,748,106,108,66,4,661,170,1870,325,3323,0.5002,57,1409,4323.0,6928.0,0,1409,438,3455,3073,3415,817,1409,47,35,66,86,39,115,20,46,130,53,52,82,0,125,90,51,76,33,89,96,3455,429,232,1409,1409
06037300701,1107600,2706,3361,28,100,54,0,348,219,130,77,214,1703,99,2585,151,5280,0.4309,59,2051,12316.0,13637.0,0,2213,327,5280,4831,5280,1324,2051,35,31,167,126,5,68,74,235,208,54,93,51,56,158,186,23,181,182,241,81,5280,1395,280,2051,2213
06037300702,1129400,3182,3461,0,16,0,33,213,139,145,99,187,2223,128,2529,427,6170,0.4495,10,2436,18070.0,19695.0,0,2649,722,6170,5804,6077,1314,2436,80,79,117,69,74,108,52,672,91,123,128,179,98,280,195,76,138,97,157,31,6170,1980,243,2436,2649
06037300800,899600,1864,2948,134,194,116,346,1513,143,22,32,87,1291,386,3961,721,7132,0.5089,24,2804,8207.0,14248.0,0,3068,840,7165,6575,7165,1368,2804,38,29,95,130,42,57,33,67,297,111,124,40,118,92,306,36,0,194,196,420,7165,827,406,2804,3068
06037300901,1073100,1907,3241,35,71,0,0,286,119,175,108,98,1772,144,2733,92,5757,0.4231,31,2058,12767.0,14048.0,0,2272,264,5757,5469,5757,1291,2058,106,221,194,63,14,123,0,87,127,92,142,79,178,146,85,114,181,176,109,42,5757,1341,410,2058,2272
06037300902,1043800,3102,3514,0,5,5,22,63,74,34,138,78,748,50,1141,62,2257,0.383,7,811,5479.0,5867.0,0,826,288,2257,2107,2247,630,811,31,6,85,87,64,13,12,79,54,59,29,9,17,51,65,75,40,71,123,13,2257,578,170,811,826
06037301000,931200,1850,3227,221,180,163,146,1246,47,59,27,34,850,204,2917,697,5398,0.5239,64,2096,5471.0,10661.0,0,2245,867,5408,4709,5354,927,2096,0,68,205,33,58,51,69,23,106,116,73,53,349,42,148,111,270,183,112,7,5408,702,138,2096,2245
06037301100,908700,1807,2770,140,191,143,289,1770,159,157,21,82,1099,166,3848,806,7290,0.482,58,2869,7221.0,15410.0,0,2925,848,7313,6039,7239,1201,2869,81,45,176,46,121,134,14,83,188,141,110,276,305,38,152,120,155,165,85,221,7313,848,251,2869,2925
06037301203,561700,1866,1702,53,105,100,44,1091,35,19,93,30,816,246,2441,460,4576,0.5665,18,1907,4116.0,8734.0,0,1983,619,4576,3780,4453,831,1907,22,173,49,104,86,33,55,62,118,199,133,151,69,74,60,25,144,88,57,11,4576,512,278,1907,1983
06037301204,564700,1917,1182,336,145,295,59,1855,0,15,0,0,301,130,2907,650,4662,0.4788,174,2156,1311.0,7640.0,0,2323,797,4750,3968,4659,780,2156,70,109,19,82,102,0,52,184,68,9,9,162,157,73,35,70,111,67,24,58,4750,225,64,2156,2323
06037301205,870300,2366,2873,0,20,13,7,191,47,75,27,24,531,122,1187,66,2114,0.4506,8,722,3477.0,4366.0,0,722,168,2114,2002,2114,483,722,13,39,12,32,79,14,24,48,53,20,28,66,58,53,65,59,32,38,35,35,2114,381,144,722,722
06037301206,777500,1788,1814,245,135,111,49,1470,40,30,29,9,359,283,2594,815,5322,0.4291,121,1829,2101.0,8410.0,0,1996,514,5330,4213,5322,996,1829,70,85,55,61,61,36,110,111,149,100,74,19,87,167,156,59,106,77,137,87,5330,250,84,1829,1996
06037301300,1187500,1890,2780,0,0,3,5,45,61,89,16,50,655,81,1015,93,1954,0.5146,4,700,4917.0,5161.0,0,724,143,1954,1807,1929,438,700,57,38,21,42,20,5,52,28,48,43,31,32,66,81,27,21,31,64,61,39,1954,503,152,700,724
06037301400,965500,2430,3126,0,7,20,6,227,166,110,52,61,1079,126,2068,61,3988,0.4573,0,1306,7132.0,8404.0,0,1349,516,3988,3562,3969,922,1306,72,74,44,93,58,8,82,54,83,55,57,46,97,95,44,56,74,140,281,116,3988,727,352,1306,1349
06037301501,857500,3097,2608,19,5,0,5,120,35,28,36,15,424,38,1057,83,1846,0.4155,0,544,2604.0,3261.0,0,633,174,1846,1810,1830,354,544,5,25,54,29,11,31,71,56,70,11,23,31,16,23,32,5,57,29,59,44,1846,244,156,544,633
06037301502,529000,1717,2433,147,175,92,119,2148,0,41,0,13,257,512,3514,1568,6798,0.4747,251,2405,1305.0,10450.0,0,2518,661,6798,6283,6685,1175,2405,15,156,51,29,72,28,50,118,283,127,68,68,83,56,295,65,74,316,99,97,6798,172,78,2405,2518
06037301601,695100,1651,-666666666,199,11,226,147,2123,0,38,50,0,194,212,2949,1124,5607,0.5196,108,2317,986.0,9304.0,0,2359,1548,5657,5176,5578,846,2317,18,34,156,89,88,56,36,19,198,192,269,80,229,74,64,47,123,157,77,62,5657,106,88,2317,2359
06037301602,712200,1654,2909,102,137,126,39,1225,30,41,30,20,424,248,2709,409,4385,0.4207,65,1649,2408.0,7551.0,0,1761,1796,4472,4022,4399,505,1649,47,20,99,18,5,13,60,76,19,18,62,79,85,105,186,47,136,110,134,47,4472,221,203,1649,1761
06037301701,676100,1663,2323,54,84,92,38,642,11,38,50,3,423,79,1744,200,2837,0.4569,18,1065,2489.0,5137.0,0,1088,725,2837,2640,2834,409,1065,23,87,38,48,0,39,84,77,49,24,67,24,71,72,67,19,38,54,59,24,2837,260,148,1065,1088
06037301702,601700,1526,1598,71,144,238,94,1660,0,37,20,0,404,227,3013,888,6010,0.4894,55,2064,2518.0,9587.0,40,2095,1305,6075,5656,6067,998,2064,85,117,65,114,41,45,93,73,261,19,108,50,242,174,133,101,82,226,47,79,6075,200,204,2064,2095
06037301801,501500,1742,1435,184,164,199,117,1901,16,55,27,0,340,223,2877,1051,5167,0.4725,64,2241,1438.0,8361.0,408,2475,1116,5176,4270,5112,926,2241,34,12,236,32,60,14,22,93,172,95,72,22,81,125,159,21,167,171,83,65,5176,291,49,2241,2475
06037301802,511400,2122,2317,158,139,181,102,1761,10,43,62,38,340,250,3137,662,4948,0.5157,44,2101,1680.0,8095.0,837,2399,686,4948,4254,4873,683,2101,27,8,19,89,71,15,53,60,49,95,66,8,37,75,122,95,143,64,89,35,4948,233,95,2101,2399
06037301901,518400,1853,2009,209,191,150,104,1291,61,0,8,22,600,132,2409,770,4608,0.4242,135,1891,2914.0,8252.0,0,2104,524,4718,4160,4578,773,1891,67,23,0,51,13,121,35,43,118,152,97,152,228,32,197,56,269,84,16,65,4718,515,85,1891,2104
06037301902,593400,1833,2221,0,24,90,129,840,25,23,40,28,266,286,1597,515,3215,0.4312,14,1106,1453.0,4871.0,0,1279,298,3308,2973,3308,548,1106,0,32,95,46,0,165,41,82,97,18,44,89,91,6,13,89,43,49,157,34,3308,154,91,1106,1279
06037302002,564500,1574,1879,73,101,118,57,1512,34,25,15,0,248,260,2231,1091,3889,0.4823,170,1760,1074.0,6259.0,69,1907,767,3889,2849,3804,702,1760,34,31,85,34,0,6,99,87,72,62,24,66,254,43,34,71,42,55,26,18,3889,191,57,1760,1907
06037302003,526300,1714,1448,85,167,203,29,1363,20,87,0,22,179,59,1808,685,3730,0.4683,13,1542,817.0,6442.0,0,1641,367,3730,3160,3720,648,1542,8,50,92,76,45,0,5,105,54,67,80,38,55,134,48,36,110,101,43,40,3730,90,89,1542,1641
06037302004,480200,1652,1775,100,206,102,76,1368,0,17,46,0,238,129,2285,828,4172,0.4672,64,1606,1225.0,6719.0,0,1726,1076,4194,3899,4154,622,1606,39,29,25,65,0,48,85,152,75,99,41,83,49,60,67,89,163,81,83,66,4194,113,113,1606,1726
06037302102,762500,1595,2752,289,135,104,73,1518,160,56,97,26,903,204,3627,325,6388,0.4621,51,2421,5450.0,11369.0,0,2696,1552,6413,5699,6396,1409,2421,82,10,62,123,92,106,91,148,180,104,57,166,246,87,64,0,261,226,143,121,6413,604,236,2421,2696
06037302103,676000,1566,2702,220,203,147,69,1677,37,27,8,10,197,319,2597,1319,5241,0.4733,188,1874,932.0,7786.0,0,2058,900,5242,4496,5192,782,1874,46,48,95,103,87,51,89,121,168,116,119,44,46,103,103,59,154,111,136,72,5242,92,76,1874,2058
06037302104,693200,1743,2425,160,187,104,92,1217,17,34,15,27,165,148,2062,493,3565,0.4128,96,1382,817.0,5684.0,0,1465,904,3679,2916,3591,617,1382,22,52,44,109,6,71,9,19,73,66,54,35,209,98,146,49,57,69,77,27,3679,80,85,1382,1465
06037302201,578100,1496,1411,178,122,187,212,1723,0,0,17,0,97,78,1707,1001,3838,0.5681,50,1820,464.0,5870.0,65,1932,389,3838,3261,3776,745,1820,0,50,22,60,93,214,44,45,97,141,162,115,30,38,101,15,129,60,94,7,3838,68,29,1820,1932
06037302202,535100,1590,-666666666,111,87,125,170,1832,0,0,0,0,141,112,2567,1559,5586,0.5037,100,1973,657.0,7389.0,0,2013,1424,5586,4880,5586,841,1973,39,46,123,52,78,52,20,76,181,169,89,48,105,165,159,122,143,115,165,117,5586,64,36,1973,2013
06037302301,468900,1822,1771,116,93,47,76,1027,47,39,20,32,336,190,1975,652,3703,0.4585,36,1363,1530.0,5818.0,0,1520,894,3836,3289,3817,596,1363,50,31,69,44,44,28,73,47,63,25,84,71,76,108,57,15,101,136,69,16,3836,165,155,1363,1520
06037302302,641300,1571,2229,207,121,171,150,1834,0,17,23,0,72,228,2793,938,5246,0.4523,70,1906,450.0,7122.0,57,2012,2279,5361,4951,5343,681,1906,68,90,50,21,39,41,24,70,39,55,131,91,65,190,215,74,167,239,74,86,5361,28,34,1906,2012
06037302401,462500,1616,2272,546,245,100,321,2591,4,38,22,20,148,512,4070,1691,7375,0.503,171,2739,1076.0,11207.0,527,2862,2781,7464,6411,7444,1319,2739,23,108,155,42,32,18,74,97,80,92,159,65,215,189,123,90,116,27,248,136,7464,69,68,2739,2862
06037302503,643400,1579,1190,119,8,142,25,1272,5,25,7,13,137,289,2087,920,4046,0.502,89,1409,737.0,5668.0,0,1550,1049,4066,3677,3941,559,1409,105,48,85,30,23,62,46,98,93,103,37,132,20,96,100,29,195,102,59,65,4066,79,45,1409,1550
06037302504,451500,1519,1680,71,132,135,49,1204,9,6,28,11,183,193,1820,785,3970,0.4515,347,1387,819.0,5697.0,23,1410,1137,3970,3479,3930,599,1387,69,50,43,72,30,0,6,52,49,85,67,27,0,177,35,86,141,46,145,150,3970,121,36,1387,1410
06037302505,666700,1404,-666666666,147,117,150,149,1445,0,0,18,0,68,122,2099,906,4513,0.422,60,1513,550.0,5968.0,0,1583,1348,4553,4325,4509,749,1513,17,25,171,5,27,19,79,63,125,45,18,146,175,152,89,116,44,118,99,11,4553,65,0,1513,1583
06037302506,719700,1658,2736,107,67,74,15,907,128,61,33,32,410,130,1928,646,3350,0.4991,59,1317,2489.0,5850.0,0,1345,847,3456,3083,3441,594,1317,0,31,59,42,47,57,13,83,61,46,90,61,34,85,57,10,120,43,69,0,3456,269,136,1317,1345
06037310100,940800,2320,3016,10,42,22,0,182,110,226,177,96,1750,144,2801,518,5239,0.4833,26,1932,11551.0,12605.0,0,2068,869,5245,4782,5195,1258,1932,42,90,108,173,106,47,100,71,91,244,61,111,115,158,140,60,112,142,103,86,5245,1463,244,1932,2068
06037310201,904100,1933,3353,69,35,250,232,988,121,46,98,320,1127,326,3308,381,5889,0.4154,96,2115,7623.0,11739.0,0,2124,1002,5908,5275,5891,1369,2115,66,21,126,228,24,0,97,382,198,28,33,32,105,71,243,43,59,189,198,121,5908,801,326,2115,2124
06037310202,875700,1900,2278,146,101,117,147,1085,30,25,97,57,699,191,2623,460,4824,0.4284,171,1784,4568.0,8571.0,0,1875,520,4863,4213,4758,980,1784,59,26,134,39,99,10,16,102,87,63,73,74,115,128,171,67,138,60,154,90,4863,468,221,1784,1875
06037310300,865300,3501,1960,0,0,35,0,114,129,93,83,17,927,98,1418,156,2909,0.4217,0,1041,6281.0,6869.0,7,1071,286,2947,2733,2940,720,1041,19,16,63,59,21,21,67,49,33,138,2,29,81,142,113,39,100,39,70,40,2947,677,250,1041,1071
06037310400,811600,1893,2589,36,29,51,179,550,39,78,35,33,659,96,1731,144,3438,0.4714,37,1209,4087.0,6590.0,0,1332,518,3438,2999,3417,657,1209,11,54,61,27,13,29,27,69,147,45,13,52,76,185,101,48,161,140,61,14,3438,413,204,1209,1332
06037310501,691000,1474,1742,112,180,331,103,1296,0,13,0,28,219,163,2509,393,4020,0.4649,35,1515,1147.0,5576.0,0,1634,2313,4037,3545,3974,529,1515,5,20,73,24,0,0,81,61,50,9,0,55,137,257,96,13,116,89,103,59,4037,109,76,1515,1634
06037310601,579400,1787,2324,86,338,173,63,1765,176,22,87,59,603,243,3594,1260,6905,0.4084,99,2368,2875.0,9226.0,0,2471,1567,6924,5729,6752,1095,2368,254,54,26,27,14,62,70,101,100,10,25,53,451,191,236,57,271,295,161,113,6924,313,290,2368,2471
06037310602,850500,1841,2643,20,86,58,29,551,46,47,14,15,510,91,1653,144,2764,0.5075,25,1061,3260.0,5281.0,0,1135,460,2764,2459,2698,582,1061,35,39,31,24,18,27,0,40,53,47,0,71,141,100,41,46,15,45,100,62,2764,377,133,1061,1135
06037310701,582300,1211,2341,51,128,262,84,1031,11,9,0,0,71,83,966,546,2121,0.5567,183,1102,346.0,3474.0,0,1142,279,2121,1915,2096,317,1102,48,12,66,28,81,24,27,45,62,124,134,28,32,52,41,41,24,22,40,0,2121,23,48,1102,1142
06037310703,669400,1623,2055,186,205,19,275,1706,11,39,6,17,221,62,2114,716,4517,0.4485,138,1927,966.0,6306.0,0,2052,875,4517,4256,4517,768,1927,0,47,51,11,25,68,26,109,166,80,22,72,155,144,68,140,93,152,80,61,4517,98,123,1927,2052
06037310704,493900,1610,1563,116,116,174,203,1914,16,15,39,0,170,258,2502,569,4015,0.4797,11,2084,780.0,6584.0,45,2259,749,4050,3713,4046,590,2084,8,62,39,73,17,134,86,29,98,65,56,148,103,50,49,8,23,29,76,9,4050,164,6,2084,2259
06037310705,498200,1843,-666666666,41,96,165,274,1183,24,0,23,14,129,12,1110,589,2293,0.5014,79,1312,547.0,4338.0,0,1359,70,2293,1708,2274,246,1312,0,0,0,48,17,152,54,0,0,140,196,15,29,31,0,0,0,0,79,78,2293,115,0,1312,1359
06037310800,785300,1259,1641,96,49,101,77,1018,206,133,88,47,1109,121,2739,686,5114,0.5141,38,2127,6595.0,10110.0,0,2188,1259,5124,4569,5103,934,2127,69,41,71,43,50,74,70,58,124,22,58,91,80,76,121,125,153,117,74,143,5124,784,325,2127,2188
06037310900,704000,1717,2622,28,47,69,54,735,191,248,205,70,1634,304,3525,324,6117,0.3786,66,2369,9278.0,12193.0,0,2469,1616,6144,5697,6122,1068,2369,29,41,91,89,23,21,26,58,136,191,137,94,242,111,235,99,196,92,76,70,6144,999,559,2369,2469
06037311000,727400,1900,2541,124,43,56,12,514,65,88,61,59,878,156,1888,528,3516,0.4034,5,1392,5257.0,7132.0,0,1468,1201,3516,3120,3451,745,1392,17,46,23,28,48,0,22,29,71,84,82,35,135,97,65,95,92,91,169,78,3516,637,198,1392,1468
06037311100,701300,1556,2138,116,122,49,15,464,65,118,106,42,1000,144,2173,685,4182,0.3977,24,1464,5642.0,7768.0,0,1464,1191,4191,4048,4151,783,1464,47,18,147,38,0,13,37,93,113,54,48,30,151,106,171,96,96,59,96,142,4191,527,393,1464,1464
06037311200,680600,1765,2083,47,28,54,145,685,87,94,37,36,586,94,1834,192,3150,0.4061,28,1271,3373.0,6149.0,0,1294,543,3155,2830,3149,422,1271,0,61,80,21,45,0,22,56,91,66,37,32,93,41,44,25,54,72,58,24,3155,363,223,1271,1294
06037311300,731300,1877,2273,187,49,48,58,566,158,174,73,42,983,130,2276,251,3857,0.384,46,1549,5913.0,7869.0,0,1586,1131,3857,3591,3823,668,1549,26,38,86,51,20,33,41,36,92,97,44,43,132,155,90,15,86,49,81,38,3857,656,309,1549,1586
06037311400,855700,1908,2492,107,23,25,25,370,55,107,23,37,570,103,1338,79,2235,0.5339,35,940,3509.0,5010.0,0,999,376,2245,2073,2230,366,940,3,22,25,79,8,9,31,46,42,32,63,14,73,30,69,34,73,37,52,33,2245,459,103,940,999
06037311500,837300,1911,2596,132,135,64,115,1107,124,133,56,106,1087,234,3541,284,6013,0.4275,48,2194,6841.0,10662.0,38,2357,1338,6013,5118,5890,1017,2194,54,58,56,31,7,79,98,35,36,69,18,14,289,108,163,50,156,270,35,177,6013,591,455,2194,2357
06037311601,-666666666,2108,1861,117,94,57,61,609,75,0,0,0,327,62,1199,66,2608,0.4162,0,936,2272.0,4699.0,27,971,1054,2608,2320,2608,317,936,0,45,22,0,74,0,127,17,7,1,0,1,0,0,154,210,205,200,126,0,2608,139,188,936,971
06037311602,653100,2121,1560,131,131,164,132,1924,55,13,73,12,462,295,2757,951,4306,0.6015,76,2386,2665.0,8996.0,0,2789,444,4323,3105,4292,559,2386,92,48,18,29,65,68,68,26,55,55,23,60,66,18,49,0,45,109,15,0,4323,391,71,2386,2789
06037311700,878100,1739,2862,116,221,112,85,1141,174,168,35,93,1475,231,3495,297,5717,0.4662,0,2616,9426.0,13480.0,0,2873,1457,5966,5400,5966,1077,2616,137,37,123,127,45,62,101,76,144,171,97,98,51,108,92,99,13,124,310,110,5966,1264,211,2616,2873
06037311801,601400,1631,2514,104,141,121,79,993,18,25,35,22,258,34,1785,426,2896,0.4298,0,1251,1343.0,4818.0,0,1352,1288,2896,2530,2868,388,1251,8,24,56,15,7,15,13,8,32,0,31,44,43,64,39,104,61,73,74,17,2896,155,96,1251,1352
06037311802,831700,1763,3609,167,229,101,146,1213,7,24,156,0,315,148,2813,245,4255,0.4453,69,1528,1759.0,6005.0,11,1654,2019,4266,3845,4266,583,1528,6,52,3,25,0,0,29,16,27,0,0,15,88,143,130,86,114,81,68,83,4266,252,63,1528,1654
06037320101,454600,2172,1780,40,0,0,0,171,70,159,35,65,858,164,2193,121,3567,0.369,0,1029,5357.0,6121.0,15,1045,3166,3578,3376,3573,693,1029,95,75,30,51,24,0,41,21,68,11,14,0,101,56,116,76,14,75,96,120,3578,555,252,1029,1045
06037320102,502300,1662,2036,0,29,24,29,245,52,189,11,44,668,90,1960,389,3893,0.4015,10,913,3758.0,4762.0,28,987,3588,3893,3655,3857,512,913,100,18,44,46,10,19,10,64,47,29,50,95,203,49,245,93,92,113,48,61,3893,202,397,913,987
06037320201,434700,1215,1549,53,61,51,70,897,17,3,47,0,270,80,1918,488,4111,0.5171,32,1167,1537.0,4706.0,18,1254,3963,4111,3712,4111,535,1167,10,3,77,34,47,0,66,0,47,12,13,4,151,211,248,121,46,195,139,113,4111,127,72,1167,1254
06037320202,496300,1412,2023,21,19,118,41,534,113,94,40,22,881,241,3233,473,6132,0.3995,62,1415,5128.0,7895.0,0,1509,5836,6248,5530,6085,897,1415,38,60,73,21,68,12,44,58,186,17,98,24,245,182,80,7,349,145,349,117,6248,420,350,1415,1509
06037320300,463500,1462,1318,143,58,118,20,916,71,57,41,54,1026,118,3087,781,6414,0.4466,52,1942,5242.0,9211.0,0,2045,5946,6414,5883,6341,962,1942,90,53,86,24,120,17,104,44,134,34,100,71,149,276,71,226,218,199,110,117,6414,577,357,1942,2045
06037400205,1395400,-666666666,4001,0,0,7,0,70,79,70,60,25,779,42,1225,63,2411,0.4096,13,849,6815.0,7405.0,6,973,358,2536,2251,2512,681,849,60,48,55,55,25,42,0,78,29,70,35,60,15,71,144,169,35,33,82,58,2536,683,96,849,973
06037400206,804400,3189,2726,25,11,12,7,130,192,120,220,137,1578,295,3005,168,5605,0.4132,23,1708,11769.0,12707.0,0,1779,1234,5615,5064,5573,1436,1708,55,131,240,88,59,39,53,123,121,93,54,38,37,130,264,130,116,142,228,92,5615,1166,391,1708,1779
06037400207,728500,2239,2687,14,6,0,0,109,178,164,103,88,1351,174,2459,117,4598,0.3808,29,1460,10116.0,10974.0,25,1554,1244,4625,4481,4625,1115,1460,37,97,131,50,15,19,58,124,115,44,112,19,77,113,154,118,35,172,246,64,4625,918,433,1460,1554
06037400208,750000,2210,2259,0,31,0,13,62,92,26,30,37,448,0,632,18,1296,0.3171,0,510,3526.0,3950.0,0,510,412,1296,1239,1264,295,510,16,98,63,0,0,0,51,40,58,0,28,0,32,19,22,13,32,19,20,0,1296,404,44,510,510
06037400209,796400,-666666666,2675,0,47,0,0,79,210,105,92,228,1544,125,2387,70,4386,0.388,13,1623,,,20,1664,1042,4398,4226,4396,1200,1623,13,176,188,68,11,55,81,32,156,41,52,85,16,117,158,142,76,27,164,98,4398,1349,195,1623,1664
06037400304,554800,1785,2171,25,26,200,358,1326,173,251,133,25,1339,81,4018,611,7807,0.3987,17,2665,9050.0,15279.0,237,2783,2682,7989,6485,7894,1464,2665,113,47,85,53,0,37,16,100,288,172,31,21,147,318,252,70,149,351,198,183,7989,914,425,2665,2783
06037400402,716300,1705,1887,20,94,22,9,336,129,80,45,19,963,229,2344,207,4110,0.4473,11,1299,6948.0,8461.0,0,1363,1275,4119,3533,4073,737,1299,86,70,41,22,14,32,28,16,85,32,39,59,138,90,89,119,150,130,82,27,4119,643,292,1299,1363
06037400403,647800,2015,2372,13,32,32,66,497,110,148,50,0,871,107,2206,262,4073,0.4001,24,1368,5963.0,8437.0,0,1389,1597,4135,3785,4096,761,1368,34,138,93,24,24,2,101,71,89,50,9,51,240,79,123,67,159,25,72,56,4135,567,290,1368,1389
06037400404,883500,-666666666,2681,0,13,10,0,84,97,131,107,125,1299,137,2112,221,4201,0.4517,0,1383,9550.0,10128.0,0,1424,574,4201,3678,4189,1060,1383,129,53,118,56,59,74,96,85,52,59,76,78,12,93,69,133,63,64,211,81,4201,1012,257,1383,1424
06037400501,932100,3501,2913,22,0,0,0,39,79,44,39,11,646,92,946,97,2023,0.4804,15,685,5511.0,5785.0,18,771,192,2049,1914,2049,474,685,10,60,26,26,31,33,39,46,62,20,66,49,36,32,53,65,0,69,64,25,2049,555,91,685,771
06037400602,484000,1490,1733,102,65,59,215,683,97,52,46,43,656,136,2342,415,4435,0.3692,30,1339,3886.0,6814.0,24,1452,3291,4449,4026,4363,662,1339,43,27,42,59,36,13,35,20,120,13,17,15,236,150,194,38,135,167,121,98,4449,448,143,1339,1452
06037400603,470500,1642,1990,64,201,80,46,624,77,103,127,194,1048,213,2961,278,4939,0.3682,0,1672,5903.0,8687.0,0,1833,2734,4974,4290,4933,978,1672,32,92,84,31,15,0,106,70,53,54,0,10,54,75,226,106,213,125,155,36,4974,655,375,1672,1833
06037400605,454300,1642,1920,39,50,29,16,403,210,110,119,93,1905,229,3858,640,5389,0.4353,56,2308,11707.0,13565.0,475,2529,2401,7571,6726,7473,961,2308,25,95,114,95,22,17,19,468,188,101,44,80,169,187,79,75,131,158,51,60,7571,1585,290,2308,2529
06037400801,652400,1893,2133,40,127,10,22,431,112,140,162,55,1421,112,3446,333,5364,0.4851,8,1852,9659.0,12389.0,217,1944,2104,6825,5659,6718,1200,1852,60,93,47,84,81,73,114,83,125,95,37,94,216,147,177,82,179,91,145,103,6825,1010,391,1852,1944
06037401001,672600,2712,2086,38,15,23,0,130,80,109,71,41,829,71,1386,112,2819,0.3806,0,959,5456.0,6268.0,0,959,658,2819,2713,2813,617,959,27,42,48,70,37,7,59,17,31,80,70,74,66,73,142,35,72,92,107,103,2819,575,236,959,959
06037401002,684200,1680,2397,78,169,85,145,893,112,66,76,19,673,68,2067,296,4052,0.434,22,1566,3960.0,7731.0,0,1654,1025,4052,3619,4006,836,1566,13,69,75,12,40,73,41,32,99,66,69,148,79,151,93,52,190,95,99,119,4052,487,186,1566,1654
06037401101,627800,1641,1903,88,136,242,130,1099,63,181,39,19,757,74,2628,396,5286,0.4502,68,1856,4932.0,9209.0,0,1931,2401,5374,4800,5316,1038,1856,34,111,80,143,7,32,94,116,64,11,69,94,122,109,236,346,125,83,363,38,5374,535,200,1856,1931
06037401102,549800,1936,1696,100,165,92,47,683,54,46,104,73,575,131,2161,262,3939,0.3326,30,1258,3075.0,5679.0,324,1362,1600,4037,3024,3927,656,1258,29,45,33,34,10,6,55,20,74,94,1,15,147,160,67,71,204,129,256,120,4037,285,280,1258,1362
06037401201,621000,2528,2450,29,0,0,8,83,112,79,158,64,925,69,1787,162,3630,0.4415,16,1008,6069.0,6439.0,0,1097,1641,3630,3331,3561,657,1008,65,28,69,7,14,7,58,44,47,62,0,16,264,136,96,86,122,122,148,55,3630,571,300,1008,1097
06037401202,542800,1755,1694,37,28,17,24,226,116,230,83,76,1097,249,2195,409,4297,0.3365,35,1323,6824.0,8300.0,34,1323,1742,4384,4108,4384,764,1323,46,76,43,42,21,47,67,40,140,120,35,99,13,205,208,168,57,98,161,100,4384,640,420,1323,1323
06037401203,574100,1832,1845,31,8,49,18,325,103,180,72,103,1252,94,2705,487,4818,0.3702,34,1577,7542.0,9087.0,22,1622,2470,5014,3944,4962,842,1577,70,60,32,57,61,44,39,48,167,175,47,64,123,124,99,69,73,151,166,147,5014,733,497,1577,1622
06037401303,848100,3501,3280,12,0,0,4,83,120,120,63,54,652,36,1268,63,2156,0.4016,10,735,4760.0,5409.0,10,776,716,2156,2122,2156,520,735,39,54,36,14,13,45,57,28,33,78,30,53,16,12,58,51,20,27,63,26,2156,503,137,735,776
06037401304,725500,-666666666,2475,0,56,0,0,221,234,168,75,20,1609,149,3120,225,5235,0.4053,7,1830,11288.0,12625.0,0,1875,1407,5305,5054,5305,1277,1830,87,158,82,65,74,43,165,75,93,153,38,6,25,67,329,39,28,246,113,147,5305,1239,362,1830,1875
06037401311,552500,1835,1796,84,77,237,15,758,118,232,117,56,1438,109,3201,717,6626,0.388,64,2196,8932.0,12407.0,9,2370,2460,6626,5631,6521,1241,2196,105,100,34,112,30,46,110,104,120,53,69,73,200,196,286,67,352,193,277,181,6626,1025,332,2196,2370
06037401312,324000,1513,1343,10,28,60,0,398,33,111,68,19,1401,149,2197,256,4713,0.4373,9,1799,8077.0,9549.0,47,1865,1633,4981,4381,4981,851,1799,121,23,181,135,32,14,52,167,326,142,278,82,232,64,70,22,76,82,303,47,4981,1060,198,1799,1865
06037401500,515200,1315,1709,42,89,24,99,485,211,102,134,113,1303,369,3139,876,5540,0.4408,64,1788,7740.0,9378.0,36,1902,3305,6038,5404,5945,667,1788,88,30,39,91,32,29,23,85,65,77,100,74,262,206,177,70,280,75,223,168,6038,691,568,1788,1902
06037401601,357600,1921,1144,88,34,122,39,635,163,160,101,43,1733,150,2516,570,5538,0.4528,157,2368,10398.0,12863.0,46,2397,1841,5547,4638,5374,1127,2368,76,229,271,30,51,0,115,290,153,230,172,74,205,174,147,65,119,91,146,41,5547,1430,283,2368,2397
06037401602,559600,1664,1904,56,122,97,46,1078,148,107,66,55,1059,286,3386,610,6122,0.4614,22,2137,6284.0,11174.0,84,2166,2758,6143,5338,6119,963,2137,15,91,36,13,8,11,55,172,34,61,42,72,124,297,152,81,165,222,239,137,6143,644,338,2137,2166
06037401705,624700,2618,2078,8,34,9,0,116,104,118,41,53,809,41,1552,78,2867,0.3075,19,925,5574.0,6089.0,32,973,884,2867,2484,2844,658,925,33,26,62,52,27,74,35,41,48,77,43,100,39,81,76,92,81,45,74,22,2867,598,185,925,973
06037401706,490100,1601,2188,58,68,30,83,878,77,81,85,49,676,186,2630,297,4145,0.3943,92,1554,4295.0,7497.0,0,1674,2071,4167,3541,4119,551,1554,52,41,56,51,23,13,27,49,43,86,8,87,49,171,75,52,109,34,98,137,4167,501,175,1554,1674
06037401707,395800,1417,1664,113,54,92,131,1267,170,164,151,130,1400,267,4111,1743,8064,0.4618,90,2667,7458.0,11981.0,276,2723,4859,8333,7401,8263,846,2667,32,179,100,37,23,99,133,124,205,116,217,172,323,268,294,45,281,168,187,96,8333,861,468,2667,2723
06037401801,644600,1798,2388,26,20,20,71,283,123,265,63,24,1194,89,1989,178,3903,0.3624,14,1477,7966.0,9284.0,55,1632,862,4294,3572,4238,928,1477,65,15,228,86,15,16,121,88,171,15,0,24,130,19,45,50,96,154,242,37,4294,944,250,1477,1632
06037401802,658800,1828,1905,58,0,44,24,233,108,84,166,70,1111,42,1826,139,3497,0.3883,5,1344,8301.0,9465.0,113,1383,662,3497,3326,3474,823,1344,24,54,100,61,49,95,24,71,99,96,68,124,65,33,193,59,104,81,39,135,3497,950,161,1344,1383
06037401901,-666666666,1600,-666666666,15,4,32,9,92,0,0,0,0,0,205,1691,0,202,0.2183,4,92,-666666666.0,405.0,0,121,823,3661,2164,3661,40,92,0,0,0,0,0,0,0,0,0,0,0,0,9,4,0,14,5,0,0,17,3661,0,0,92,121
06037401902,785000,1454,2017,114,280,138,147,1760,134,64,65,21,1161,220,3121,292,6386,0.4261,20,2921,8173.0,14969.0,0,3116,1541,6511,5168,6405,1385,2921,0,127,147,126,209,94,74,71,200,169,356,298,206,84,178,132,131,23,130,106,6511,1009,133,2921,3116
06037402001,558500,1753,2167,27,86,32,54,621,50,74,29,55,673,102,2010,277,3526,0.4057,49,1294,4098.0,6826.0,61,1294,1034,3526,3058,3498,558,1294,14,70,30,0,5,8,49,99,42,5,40,37,105,41,101,20,280,40,109,47,3526,449,224,1294,1294
06037402002,551800,1486,1753,27,40,37,123,770,103,77,88,60,842,94,2011,355,3900,0.4292,41,1612,5121.0,8369.0,0,1703,1263,3997,3716,3980,433,1612,22,55,17,29,27,62,26,118,269,83,48,134,88,128,148,40,64,67,84,80,3997,648,179,1612,1703
06037402101,416500,1804,1794,22,53,86,37,287,27,105,62,17,748,302,2658,816,5206,0.3396,0,1035,4246.0,5879.0,0,1060,4019,5206,4548,5112,677,1035,43,82,69,22,21,8,46,12,32,87,64,0,184,107,167,34,205,242,350,118,5206,313,249,1035,1060
06037402102,437700,1407,1699,16,76,46,74,340,207,90,84,81,928,194,2469,932,4831,0.4026,98,1268,5943.0,7714.0,0,1325,3407,4952,4704,4952,711,1268,50,43,70,20,29,62,30,48,31,94,63,60,193,124,181,80,256,168,124,66,4952,489,362,1268,1325
06037402200,490800,1386,1757,97,51,43,89,605,138,97,274,80,1481,234,3450,728,6443,0.3624,12,2086,9735.0,12669.0,0,2203,4140,6931,5698,6770,982,2086,81,76,120,44,137,43,83,179,135,215,114,98,340,162,172,100,170,67,209,137,6931,1096,340,2086,2203
06037402301,409600,1520,1318,144,54,75,57,607,112,46,53,34,765,111,2687,678,5178,0.3378,82,1372,4472.0,7241.0,0,1383,4166,5270,4853,5252,781,1372,48,26,38,3,31,54,27,88,45,31,30,95,206,148,152,101,196,202,313,133,5270,439,284,1372,1383
06037402303,360500,1189,1686,50,31,89,89,656,46,50,32,54,372,163,1897,839,3529,0.383,62,1028,2129.0,4763.0,0,1072,2813,3687,3321,3632,417,1028,12,73,23,22,22,25,25,8,22,8,36,55,205,113,76,109,156,31,66,87,3687,258,107,1028,1072
06037402304,168800,1163,876,62,60,96,48,642,14,18,15,15,346,93,2142,1133,4432,0.435,103,988,1729.0,4234.0,0,1017,4002,4444,3994,4356,347,988,15,34,17,5,11,0,19,27,32,36,16,31,256,223,195,65,186,147,202,70,4444,85,190,988,1017
06037402403,-666666666,1330,1294,66,45,16,56,327,73,20,93,88,756,268,2937,250,4196,0.3729,18,1083,4299.0,6163.0,28,1146,3701,5749,4530,5665,538,1083,56,28,15,12,6,47,10,110,51,35,8,18,127,116,125,134,248,24,122,60,5749,332,345,1083,1146
06037402404,-666666666,-666666666,-666666666,0,0,4,0,4,0,0,0,0,0,206,685,0,8,-666666666.0,0,4,,,0,4,578,2056,923,2056,4,4,0,0,0,0,0,0,0,0,0,0,0,0,0,0,0,16,0,0,0,69,2056,0,0,4,4
06037402405,389000,1700,1643,9,0,32,17,108,28,14,37,23,424,73,1108,534,2273,0.3778,17,532,2574.0,3179.0,0,538,1996,2280,1999,2243,324,532,0,48,68,8,20,9,0,23,54,33,19,37,102,87,71,64,84,71,63,59,2280,195,188,532,538
06037402406,366800,1335,1505,85,81,74,29,485,75,97,89,23,782,141,2496,952,4902,0.4283,113,1267,4526.0,6651.0,0,1296,3837,4924,4428,4832,732,1267,11,9,68,0,10,0,12,26,220,23,43,0,205,138,275,136,161,138,207,109,4924,391,313,1267,1296
06037402501,327400,1121,1180,44,103,141,113,973,51,0,52,30,312,119,2304,980,4975,0.3668,90,1285,1650.0,5080.0,112,1370,4469,5048,4292,4986,600,1285,72,33,41,47,41,11,0,27,70,132,29,0,264,224,173,99,168,194,153,60,5048,67,134,1285,1370
06037402503,463400,1429,941,138,53,116,162,695,0,29,31,26,384,154,1879,1023,4167,0.3435,136,1079,2180.0,5401.0,0,1079,2954,4167,3694,4084,499,1079,0,60,67,23,0,50,8,8,14,47,34,7,184,112,180,78,130,95,192,247,4167,229,58,1079,1079
06037402504,422300,1122,1731,12,31,0,52,516,26,10,10,0,234,44,1202,533,2739,0.3817,70,750,1199.0,3019.0,0,775,2108,2739,2659,2739,319,750,15,0,85,80,13,20,65,62,23,75,25,33,37,183,185,44,66,32,118,79,2739,92,87,750,775
06037402601,391000,1315,1777,33,0,31,77,509,53,31,0,0,245,55,1567,672,3048,0.4488,84,754,1394.0,3565.0,0,793,2497,3184,2807,3133,208,754,0,90,0,0,16,0,67,50,33,12,0,26,201,136,64,72,131,127,102,13,3184,104,128,754,793
06037402602,502400,1067,1991,55,97,22,77,1086,52,125,139,0,930,146,2702,393,4840,0.4496,32,2016,6469.0,10619.0,0,2086,2877,4852,4426,4802,1008,2016,30,21,93,0,26,55,128,52,74,72,0,94,58,135,28,55,174,190,146,121,4852,588,278,2016,2086
06037402702,363200,1135,1837,81,42,127,69,1054,14,43,50,50,330,128,2210,2315,5233,0.4134,194,1384,1738.0,5541.0,32,1480,4455,5251,4329,5132,590,1384,27,36,60,10,0,14,28,34,43,4,0,0,350,203,357,245,249,176,216,98,5251,157,129,1384,1480
06037402703,376300,1715,1623,46,69,18,7,499,134,100,93,53,806,94,2371,630,5527,0.3668,168,1305,4401.0,6795.0,14,1361,3916,5533,5109,5462,622,1305,29,84,37,0,8,45,22,89,15,40,27,26,143,352,136,171,228,290,398,319,5533,360,291,1305,1361
06037402705,426600,1663,1218,23,21,14,0,151,48,94,76,24,717,133,1680,167,3357,0.3289,28,868,4261.0,5077.0,5,892,2620,3388,3059,3351,476,868,24,53,74,53,19,10,35,69,95,40,14,26,116,97,121,74,75,89,101,89,3388,337,349,868,892
06037402706,418400,1753,1742,65,51,29,45,364,51,74,64,27,564,144,1938,585,3496,0.3817,62,928,3544.0,5711.0,0,967,2762,3562,3247,3562,467,928,18,25,23,45,35,12,18,31,34,30,94,17,141,175,72,110,66,97,91,73,3562,325,217,928,967
06037402801,357500,1171,1210,85,83,44,159,800,23,40,37,23,284,114,2389,818,4837,0.3695,129,1084,1524.0,4805.0,0,1129,4438,4837,4244,4790,505,1084,9,21,35,8,17,0,0,61,94,24,0,14,265,339,223,179,199,231,215,45,4837,71,101,1084,1129
06037402803,375600,1516,1417,53,53,63,31,441,32,3,30,27,273,84,1699,433,3385,0.3916,0,714,1674.0,3668.0,0,738,3152,3415,3174,3343,394,714,0,17,13,7,0,0,0,55,2,6,24,37,151,159,129,92,84,91,172,97,3415,86,119,714,738
06037402804,344000,1340,1654,67,147,78,37,740,17,31,26,31,214,145,2013,864,4274,0.378,72,954,1228.0,4497.0,0,981,3649,4280,3885,4233,558,954,32,16,24,19,0,30,10,40,28,10,14,28,206,112,313,137,85,119,285,121,4280,66,130,954,981
06037402902,396300,1197,1364,97,48,107,120,759,107,57,104,29,886,165,3328,1499,7184,0.4011,72,1645,5233.0,8708.0,51,1671,5278,7336,6507,7290,893,1645,56,101,138,36,28,15,35,104,271,86,45,56,145,289,440,225,218,171,184,183,7336,319,497,1645,1671
06037402903,395900,1286,1689,26,23,35,40,451,91,63,55,47,496,134,1685,910,3873,0.4428,77,947,3095.0,5023.0,10,989,3100,3912,3554,3852,464,947,25,18,44,34,53,54,11,0,110,46,50,23,156,121,170,61,119,184,177,178,3912,208,234,947,989
06037402904,393700,1853,1399,0,0,13,38,219,54,71,41,34,625,96,1865,419,3626,0.3627,48,844,3657.0,4626.0,0,875,3004,3644,3264,3589,502,844,90,47,23,25,11,5,14,8,67,9,15,12,211,139,99,78,147,191,124,63,3644,268,266,844,875
06037403000,375100,1859,1504,54,60,0,0,332,160,63,7,5,1207,146,3507,894,6924,0.375,88,1539,7261.0,9121.0,0,1539,5682,7003,6608,6936,892,1539,29,76,108,123,53,31,66,125,186,96,86,97,298,160,58,104,179,132,295,147,7003,488,605,1539,1539
06037403305,677700,2493,2138,68,4,17,0,171,42,107,70,20,507,45,1286,174,2269,0.3574,0,678,2934.0,3867.0,0,694,320,2285,1946,2285,506,678,42,13,23,42,28,8,21,63,51,37,5,0,16,84,89,66,27,120,84,41,2285,306,179,678,694
06037403316,581700,1764,2046,51,10,152,23,654,246,229,244,113,1946,62,3700,548,7183,0.43,39,2600,12893.0,16238.0,0,2620,1078,7183,6221,7092,1353,2600,85,193,194,61,30,16,71,138,173,120,26,375,222,156,323,71,214,199,113,89,7183,1449,475,2600,2620
06037403317,610700,2418,1810,13,26,58,24,262,118,122,86,51,1401,90,2790,242,5252,0.3962,32,1663,9286.0,10578.0,0,1691,1889,5272,4824,5258,926,1663,67,98,58,54,103,67,66,67,81,30,131,115,94,106,185,61,37,179,101,102,5272,1005,352,1663,1691
06037403318,568700,1813,2003,28,36,37,8,400,209,239,60,103,1642,219,3272,610,5917,0.3793,141,2042,10950.0,13046.0,31,2130,1801,5938,5374,5917,1134,2042,35,116,134,168,39,78,184,226,114,225,6,10,75,103,194,167,76,127,68,169,5938,1168,465,2042,2130
06037403319,610300,1937,1776,24,94,68,21,520,87,146,87,53,1112,195,2279,311,4342,0.3784,31,1632,6698.0,8810.0,0,1702,982,4355,3877,4311,900,1632,65,67,89,37,26,1,27,155,62,68,29,75,79,45,156,120,127,92,82,50,4355,726,379,1632,1702
06037403320,830500,2362,2347,24,36,16,13,211,118,204,190,69,1350,42,2702,185,5011,0.3871,50,1561,9143.0,10427.0,0,1751,695,5040,4664,5002,1211,1561,75,88,167,50,54,9,83,80,128,41,41,21,163,187,218,42,102,69,220,74,5040,904,435,1561,1751
06037403321,664700,1956,2292,0,37,38,1,361,128,153,113,134,1361,286,3039,623,5690,0.4321,59,1722,9662.0,11579.0,0,1731,1401,5715,5261,5704,969,1722,106,86,76,20,106,57,52,132,173,118,67,76,280,12,171,87,83,151,162,80,5715,1008,299,1722,1731
06037403323,746100,2579,1868,27,17,39,61,473,102,133,121,43,1276,218,2854,168,5518,0.3381,13,1749,8390.0,10794.0,0,1805,653,5540,4796,5492,1225,1749,82,74,82,141,67,36,70,61,164,90,86,13,97,49,239,137,60,82,261,189,5540,953,323,1749,1805
06037403324,994700,1920,2340,44,0,66,0,504,95,58,84,105,1585,81,3806,735,7357,0.5195,36,2089,11556.0,13578.0,0,2271,1405,7357,6395,7228,1637,2089,80,184,132,105,16,0,213,127,178,62,50,14,336,282,224,61,98,205,210,92,7357,1107,403,2089,2271
06037403325,726200,2405,2221,70,94,43,5,343,153,31,196,84,1239,42,2460,294,5214,0.444,18,1582,8591.0,10270.0,157,1592,929,5214,4663,5116,1076,1582,82,49,135,36,22,0,52,104,143,43,19,46,243,201,195,106,181,138,131,143,5214,874,345,1582,1592
06037403326,587000,2228,1518,21,20,0,0,213,50,44,9,44,457,54,1118,167,2426,0.4426,29,670,2931.0,4387.0,0,744,776,2426,2240,2416,490,670,36,93,35,28,35,6,36,105,61,47,22,13,22,24,21,16,189,41,114,35,2426,254,195,670,744
06037403327,590800,2492,1876,40,24,30,8,150,121,105,58,43,665,42,1323,201,2304,0.3971,21,815,4250.0,5114.0,0,851,514,2304,2238,2294,482,815,45,56,39,29,10,9,27,77,39,74,49,0,109,10,68,28,40,15,63,54,2304,555,110,815,851
06037403328,612500,2076,1832,92,86,30,41,559,107,206,116,38,1151,124,2868,224,5630,0.4051,49,1710,7149.0,9986.0,0,1710,1331,5630,5079,5575,1148,1710,28,104,89,34,55,70,53,69,107,62,38,103,204,174,105,97,179,228,116,141,5630,705,437,1710,1710
06037403401,681000,2756,1913,60,52,8,45,412,180,67,79,119,1111,93,2454,491,5092,0.4159,14,1523,7136.0,9896.0,8,1563,1105,5092,4565,5057,1036,1523,72,78,135,103,71,18,50,114,156,134,68,20,147,250,173,26,148,159,119,94,5092,723,342,1523,1563
06037403402,692800,2574,1881,5,14,0,24,174,38,103,127,45,881,118,1799,174,3550,0.3674,25,1055,5723.0,6808.0,36,1119,886,3561,3261,3523,651,1055,62,45,46,56,28,19,46,102,51,71,10,49,151,93,61,83,126,80,74,62,3561,522,348,1055,1119
06037403403,923600,2287,1990,9,5,11,0,158,124,122,98,113,1546,104,2450,240,5165,0.4556,18,1704,10780.0,11791.0,0,1752,949,5165,4864,5139,1268,1704,114,156,238,37,129,40,172,300,63,54,138,55,98,43,124,88,76,114,112,173,5165,1213,310,1704,1752
06037403404,934100,3120,2441,5,7,0,0,61,59,34,31,41,638,118,1130,205,2432,0.4886,25,699,4978.0,5373.0,11,738,352,2443,2304,2424,526,699,21,78,73,43,57,6,28,54,71,52,58,19,49,32,117,41,17,49,113,76,2443,487,134,699,738
06037403407,1171600,-666666666,2967,12,0,0,0,23,47,22,62,13,683,37,1270,144,2327,0.4108,0,706,5172.0,5339.0,0,787,243,2327,2288,2327,562,706,23,42,48,16,0,18,50,36,45,0,15,36,21,44,47,60,35,38,64,65,2327,492,186,706,787
06037403408,710900,2431,1833,89,9,10,29,309,91,108,150,236,1757,71,3396,296,6702,0.3837,85,2066,11735.0,13986.0,0,2148,995,6702,5975,6689,1479,2066,129,238,130,160,12,56,179,118,194,119,47,82,67,92,269,67,138,240,177,62,6702,1247,484,2066,2148
06037403409,771400,2181,1926,41,47,10,50,382,154,42,41,22,971,75,2126,426,4460,0.4211,5,1353,6559.0,8617.0,0,1448,1197,4474,3921,4439,831,1353,29,87,76,109,55,39,55,30,113,159,10,62,71,207,153,57,71,86,103,83,4474,694,248,1353,1448
06037403500,956200,1948,2474,17,0,17,0,147,42,25,33,36,415,65,806,95,1550,0.4545,14,562,3403.0,3804.0,0,648,543,1550,1457,1540,234,562,5,41,63,31,10,5,0,72,58,9,25,160,13,13,18,13,14,31,7,21,1550,318,97,562,648
06037403601,668700,1852,2177,25,130,307,14,633,89,243,100,85,1473,216,3595,637,7278,0.3706,85,2106,10468.0,13217.0,0,2216,4558,7283,6735,7238,1090,2106,116,89,144,155,34,134,176,72,170,126,57,92,172,381,227,101,129,132,153,138,7283,803,670,2106,2216
06037403702,638000,2125,2502,0,26,7,20,150,122,133,237,25,1025,36,2012,117,3938,0.3111,0,1175,6746.0,7815.0,29,1185,1891,3943,3551,3917,767,1175,14,26,54,53,77,1,15,44,69,87,38,31,115,204,66,103,127,115,121,27,3943,640,371,1175,1185
06037403703,569200,2130,1855,9,10,14,20,274,193,82,104,33,1186,116,2107,486,4474,0.4229,6,1460,7452.0,8348.0,6,1596,1665,4485,4222,4474,772,1460,84,132,106,62,48,38,59,120,123,135,92,209,20,109,119,52,48,157,126,56,4485,708,458,1460,1596
06037403721,536500,1350,2075,23,113,70,146,760,219,155,50,0,917,328,2718,633,4983,0.426,47,1677,5671.0,9062.0,25,1747,2682,4983,4559,4983,738,1677,51,167,29,65,59,75,53,52,198,96,39,102,132,96,165,151,87,113,99,65,4983,537,329,1677,1747
06037403722,592800,1468,2182,76,108,69,88,941,121,28,53,13,656,203,2739,752,5098,0.4265,30,1597,3818.0,7479.0,0,1652,3289,5144,4448,5054,755,1597,47,6,63,61,12,0,56,70,42,60,26,23,259,238,153,40,120,108,332,111,5144,474,136,1597,1652
06037403801,443000,1679,1949,130,88,210,66,898,80,189,94,89,1134,269,3440,830,5939,0.3705,119,2032,6602.0,10509.0,0,2114,3392,5948,5112,5914,993,2032,43,33,50,53,22,47,60,45,69,80,33,41,126,114,243,136,172,104,191,116,5948,712,359,2032,2114
06037403802,467800,1833,1520,134,71,103,58,825,111,52,144,89,1225,255,3447,843,6743,0.428,30,2050,6998.0,10732.0,4,2123,3663,6813,5718,6730,1039,2050,54,113,160,52,8,15,49,94,201,48,74,39,193,224,219,183,182,334,196,93,6813,672,499,2050,2123
06037403901,474600,2162,1755,5,12,29,11,209,53,64,52,66,666,79,1395,355,2927,0.4352,7,875,3614.0,4744.0,0,908,1369,2935,2778,2913,454,875,65,41,45,3,38,10,75,32,31,42,27,63,65,59,105,75,18,98,135,69,2935,357,286,875,908
06037403902,558300,1763,2041,39,62,110,21,465,81,31,113,108,1041,135,2513,480,4892,0.3968,18,1506,6241.0,8179.0,0,1524,2343,5274,4591,5206,826,1506,76,70,87,37,50,6,39,64,79,55,44,77,184,235,64,62,219,244,223,218,5274,607,378,1506,1524
06037404000,521600,1718,2055,30,78,57,50,483,39,136,58,20,798,229,2690,591,4413,0.4033,116,1281,4612.0,6752.0,0,1326,2905,4413,3955,4331,569,1281,30,38,54,10,16,0,45,61,59,22,10,77,25,139,137,26,172,48,221,67,4413,337,441,1281,1326
06037404100,416900,1695,1694,59,61,42,6,530,60,85,41,46,916,155,3051,602,6057,0.3246,87,1446,4972.0,7594.0,0,1446,5081,6087,5378,6044,763,1446,22,50,49,119,57,20,27,76,81,94,31,1,127,216,174,156,298,112,293,100,6087,337,410,1446,1446
06037404201,431000,1435,1785,56,9,29,18,421,107,30,53,64,491,140,1728,712,3222,0.428,46,912,2687.0,4314.0,19,968,2164,3249,2843,3135,482,912,40,8,44,49,25,0,0,71,29,16,31,0,185,149,105,68,92,77,119,68,3249,255,189,912,968
06037404203,487300,1482,1613,52,44,14,50,374,81,53,39,18,417,126,2225,479,2966,0.3946,16,791,2400.0,3956.0,0,876,2541,4370,3662,4358,411,791,16,15,76,34,6,6,22,19,38,12,64,35,52,31,214,45,48,95,83,88,4370,124,254,791,876
06037404301,429400,1440,1507,71,112,41,123,1037,35,24,17,48,303,141,2574,1324,5454,0.4043,0,1340,1606.0,5859.0,12,1398,4861,5454,4999,5349,700,1340,39,122,57,0,22,17,47,30,102,30,43,37,332,286,113,93,335,202,263,68,5454,152,117,1340,1398
06037404302,447100,1795,1632,45,21,28,5,217,19,64,74,12,388,52,1139,128,2214,0.2964,31,605,2198.0,3142.0,0,605,1605,2221,1945,2157,307,605,5,57,56,0,25,10,86,69,18,19,5,12,74,119,27,31,112,99,67,24,2221,209,154,605,605
06037404401,426600,1491,1888,40,51,44,54,359,42,87,62,83,648,116,2111,609,3957,0.3146,20,1007,3205.0,4803.0,0,1025,3367,3969,3772,3940,587,1007,13,61,21,34,14,11,62,14,60,36,23,8,146,99,252,48,140,87,125,76,3969,209,316,1007,1025
06037404402,444700,2238,1812,52,33,93,21,445,70,59,92,47,699,224,2692,382,5016,0.4127,96,1144,4222.0,6722.0,4,1199,3471,5115,4134,5011,561,1144,79,89,10,24,7,9,27,31,93,8,76,73,128,89,78,171,178,26,141,228,5115,333,300,1144,1199
06037404501,375000,1634,472,0,9,84,113,311,15,8,14,8,388,13,1323,332,2652,0.3314,10,699,1956.0,3227.0,13,699,2462,2791,2501,2731,352,699,26,12,72,8,3,18,9,41,29,0,13,0,33,105,141,40,120,75,209,61,2791,89,241,699,699
06037404503,402700,1805,1405,9,21,0,18,167,57,50,53,41,618,117,1550,283,2740,0.3551,12,785,3257.0,3993.0,79,829,1839,2763,2552,2745,470,785,44,36,94,11,13,20,6,36,24,56,26,41,34,75,69,36,69,108,43,60,2763,241,299,785,829
06037404504,419300,1467,1163,49,69,234,49,884,16,49,21,14,432,162,2763,1050,4934,0.3564,47,1316,2300.0,5564.0,27,1373,3567,4934,4447,4928,545,1316,31,95,26,25,20,9,66,70,68,0,29,27,136,185,277,74,91,153,123,90,4934,92,310,1316,1373
06037404600,475000,1307,1231,4,3,25,26,86,67,37,35,8,319,36,681,115,1357,0.4493,9,405,1898.0,2263.0,20,432,1253,1365,1305,1340,153,405,22,13,13,11,3,25,28,12,5,38,24,28,51,64,40,27,51,31,51,37,1365,165,131,405,432
06037404701,429500,1748,1468,95,26,22,86,440,129,82,119,75,873,151,2854,348,5908,0.3336,85,1313,4502.0,6678.0,0,1381,4379,5939,5473,5857,724,1313,33,61,79,130,81,0,43,31,167,34,72,93,351,165,256,136,117,64,208,45,5939,198,502,1313,1381
06037404702,423000,1714,1073,80,37,109,77,645,17,30,34,18,718,157,2934,685,5424,0.3747,85,1363,3502.0,6649.0,0,1379,3439,5424,4971,5348,580,1363,72,82,42,29,2,29,122,33,47,61,51,35,130,165,164,167,210,185,133,125,5424,262,381,1363,1379
06037404703,483300,1400,1517,11,58,44,23,412,65,6,25,22,303,85,1520,488,3214,0.397,44,715,1596.0,3213.0,0,745,2658,3225,3092,3206,410,715,7,36,61,18,22,22,0,28,28,27,58,10,115,114,102,40,70,140,197,95,3225,91,155,715,745
06037404804,445200,1501,1888,82,31,86,33,567,65,66,47,11,509,65,2415,685,4647,0.4429,0,1076,2858.0,5621.0,52,1085,3237,4704,4596,4626,688,1076,95,53,80,39,9,32,24,64,47,33,26,9,231,146,255,77,200,66,241,66,4704,211,188,1076,1085
06037404805,436400,1509,1821,43,70,93,3,466,80,25,0,33,271,61,1537,378,3074,0.4742,41,737,1331.0,3469.0,0,747,2192,3074,2912,3015,364,737,6,22,6,0,15,40,0,28,30,15,77,16,82,74,132,38,120,83,82,103,3074,141,97,737,747
06037404806,393900,1603,1560,56,56,133,43,657,96,70,62,73,819,254,3221,635,6231,0.398,109,1476,4405.0,7391.0,0,1546,4570,6337,5911,6317,772,1476,78,131,59,78,28,8,94,72,110,23,30,152,173,211,174,143,40,283,305,116,6337,322,370,1476,1546
06037404901,435700,1385,1528,75,28,124,20,504,132,92,60,18,831,294,3560,553,6143,0.3339,107,1335,4613.0,6943.0,21,1335,4380,6143,5989,6143,978,1335,68,168,110,9,30,8,58,55,122,139,50,55,146,210,190,82,170,94,145,81,6143,281,357,1335,1335
06037404902,455500,1866,1688,34,10,32,37,230,63,85,109,60,660,128,1954,272,3922,0.4014,25,890,3793.0,4964.0,5,890,2727,3933,3707,3873,519,890,28,32,75,21,13,26,67,93,76,70,72,22,70,116,131,80,128,77,148,107,3933,257,341,890,890
06037404903,445100,1488,1828,24,47,19,23,193,33,65,36,28,398,61,1194,264,2344,0.349,5,591,2333.0,3232.0,0,603,1616,2344,2192,2344,328,591,21,5,31,31,0,24,25,34,46,33,0,20,50,82,102,13,37,94,96,85,2344,181,197,591,603
06037405001,449000,1263,1599,15,72,76,0,364,125,148,83,111,966,197,2791,968,5834,0.3351,47,1330,5235.0,6992.0,0,1351,4677,5849,5728,5796,891,1330,47,117,94,58,8,10,60,103,113,37,26,57,58,119,188,198,237,187,287,78,5849,336,501,1330,1351
06037405002,438100,1370,1336,53,25,23,0,258,61,24,27,54,480,111,1617,269,3477,0.3544,7,738,2551.0,3668.0,16,753,2930,3488,3348,3476,391,738,38,21,31,53,0,26,20,56,61,67,42,37,81,109,128,94,172,80,124,70,3488,165,179,738,753
06037405101,409700,1409,1316,33,21,61,9,507,103,19,102,59,777,159,3080,820,5745,0.4123,44,1284,4237.0,6967.0,0,1304,4054,5843,5540,5807,662,1284,37,61,74,92,45,20,61,68,80,59,22,140,227,316,230,55,138,115,167,92,5843,229,283,1284,1304
06037405102,387600,1589,1566,64,39,57,85,741,53,49,101,34,665,199,2544,816,5133,0.4396,33,1406,3482.0,6128.0,11,1457,3638,5204,4997,5197,657,1406,85,59,57,54,34,50,154,165,93,72,30,78,98,144,169,116,148,215,141,61,5204,296,249,1406,1457
06037405201,451800,1560,1561,28,77,42,30,595,72,53,61,55,768,188,2551,561,5146,0.362,95,1363,4548.0,7153.0,38,1400,3948,5146,4389,5146,719,1363,24,36,100,33,40,18,27,38,82,49,0,44,181,283,147,149,111,86,203,110,5146,347,339,1363,1400
06037405202,462300,1387,1740,36,102,48,98,538,72,61,84,75,610,181,2722,831,4901,0.4001,101,1148,3173.0,5382.0,0,1221,3793,4908,4674,4899,629,1148,41,30,92,62,16,17,29,46,77,46,95,46,94,144,200,56,98,89,121,121,4908,176,319,1148,1221
06037405203,470600,1979,1570,22,24,8,28,156,58,53,42,38,537,90,1555,561,3011,0.3378,4,693,2981.0,3791.0,0,729,2121,3098,2990,3043,455,693,70,16,56,100,16,6,31,65,47,58,32,4,90,41,39,85,287,76,61,66,3098,205,262,693,729
06037405301,468800,1544,1788,17,53,51,80,477,45,93,27,22,479,122,1676,328,3097,0.4685,14,956,2828.0,4696.0,0,973,2018,3097,2526,3045,414,956,45,15,17,23,44,33,78,19,41,75,48,10,123,87,104,98,36,129,137,75,3097,212,243,956,973
06037405302,533200,1633,1803,19,136,67,18,658,57,57,100,67,861,108,2953,532,5492,0.3824,68,1519,5432.0,8443.0,0,1554,3864,5522,4992,5468,800,1519,27,30,107,111,16,68,35,102,114,61,50,10,218,173,160,62,128,232,180,137,5522,449,357,1519,1554
06037405400,455600,1469,1413,16,0,176,23,290,147,75,139,56,976,103,2640,137,4951,0.3192,55,1266,6140.0,7470.0,0,1326,3797,4988,4831,4977,787,1266,27,92,158,48,61,17,91,38,120,83,67,12,144,123,145,210,93,153,81,68,4988,431,415,1266,1326
06037405500,537000,1509,1781,6,16,75,55,473,114,130,102,53,1325,126,2979,528,6459,0.4077,38,1798,8259.0,10332.0,0,1876,4129,6475,5876,6348,1135,1798,62,74,94,66,59,20,105,171,108,67,96,41,278,321,158,128,205,260,270,70,6475,688,594,1798,1876
06037405600,591500,762,2089,20,58,22,19,493,210,79,66,48,1111,46,2742,266,5228,0.452,46,1604,6975.0,8938.0,0,1647,3485,5335,5052,5238,830,1604,48,110,129,40,75,32,127,46,119,79,25,138,298,135,76,26,255,198,79,82,5335,589,426,1604,1647
06037405701,459600,1536,2076,24,87,5,21,286,183,65,105,128,812,165,2448,51,4080,0.3031,40,1098,4835.0,6028.0,0,1098,2482,4080,3914,4080,579,1098,2,57,57,28,21,14,0,41,58,22,0,0,78,129,218,158,129,175,147,127,4080,429,318,1098,1098
06037405702,493600,1490,1907,59,85,51,44,424,92,90,90,196,1097,177,2881,320,4966,0.3379,44,1521,6259.0,8184.0,0,1550,3118,4966,4606,4966,873,1521,52,11,85,38,16,16,11,41,89,72,29,85,98,153,81,131,95,125,77,187,4966,570,461,1521,1550
06037405800,461600,1815,1802,76,49,65,66,605,107,106,60,72,1100,166,3115,366,5832,0.3745,95,1705,6010.0,8506.0,0,1730,3964,5840,5316,5817,907,1705,11,23,106,50,28,70,50,49,174,95,74,70,191,211,135,23,282,65,233,103,5840,551,468,1705,1730
06037405900,466800,1424,1642,11,41,18,52,368,64,67,49,65,847,150,2041,185,3850,0.3956,29,1215,4940.0,6534.0,57,1244,2502,3869,3433,3854,523,1215,24,36,92,69,38,6,76,113,7,29,60,68,99,64,124,54,227,97,27,120,3869,490,307,1215,1244
06037406000,513700,1797,1652,38,59,14,40,461,48,106,114,79,1041,216,3115,406,5415,0.3579,80,1502,6547.0,9172.0,28,1603,3435,5565,5302,5508,803,1502,59,66,71,71,0,9,33,23,127,108,89,27,181,209,173,182,122,200,225,69,5565,656,327,1502,1603
06037406101,496900,1545,2648,44,138,51,73,658,92,83,41,11,450,172,1700,178,2811,0.4257,98,1108,2642.0,5676.0,0,1148,1880,2905,2585,2861,419,1108,14,50,30,6,5,11,47,65,21,25,34,51,163,8,13,33,56,146,58,67,2905,309,141,1108,1148
06037406103,572400,1506,1989,313,309,203,165,1832,131,122,47,52,757,315,4521,905,7785,0.4646,154,2589,4559.0,11686.0,0,2707,5477,7912,6733,7835,1059,2589,65,80,57,141,37,40,27,93,189,36,44,99,282,190,156,329,236,125,216,253,7912,432,285,2589,2707
06037406201,560100,1231,2270,31,58,121,101,930,14,52,54,28,322,182,1724,758,3673,0.4823,33,1252,1931.0,5408.0,0,1260,2539,3740,3026,3717,491,1252,0,16,63,58,59,31,11,30,71,137,93,109,125,99,109,21,85,111,228,97,3740,111,169,1252,1260
06037406300,869500,1805,2408,71,75,120,17,502,133,77,55,77,1295,168,3090,500,5964,0.4987,52,1797,9435.0,11406.0,71,1893,2138,5964,5165,5953,1086,1797,101,55,93,91,82,75,156,76,102,111,261,49,129,118,231,120,198,48,119,77,5964,987,277,1797,1893
06037406413,627200,1479,2248,10,31,16,56,418,200,225,151,163,1556,223,3229,337,6241,0.405,34,1974,10316.0,12307.0,0,2050,3675,6250,5835,6196,1025,1974,59,147,89,78,94,41,107,70,139,72,109,161,185,197,130,119,121,159,240,96,6250,1065,456,1974,2050
06037406500,576200,1651,1943,95,44,27,67,585,163,101,117,107,1194,269,3497,365,6375,0.3866,117,1779,7186.0,9554.0,122,1972,3240,6512,6008,6486,1048,1779,72,167,73,40,33,39,138,41,106,106,6,35,138,369,261,121,127,177,244,59,6512,549,567,1779,1972
06037406601,584100,2035,1750,24,29,32,29,262,159,156,26,88,1182,116,2618,676,5307,0.3833,132,1444,8022.0,9418.0,0,1482,2779,5375,5050,5321,811,1444,61,143,24,26,29,44,80,87,66,94,33,170,199,161,153,125,147,135,289,70,5375,675,474,1444,1482
06037406602,541300,1728,1899,20,62,20,58,343,81,171,48,8,889,111,2375,493,4887,0.4132,29,1232,5073.0,6830.0,0,1232,3293,4887,4624,4873,795,1232,43,39,52,5,31,199,52,40,86,58,61,94,86,230,98,116,78,128,110,160,4887,414,359,1232,1232
06037406701,607600,1958,2056,58,0,16,29,313,137,70,26,27,569,103,1877,127,3231,0.3482,7,882,3970.0,5358.0,0,908,2124,3259,3058,3212,442,882,31,79,103,29,12,13,15,54,31,63,23,62,54,112,133,65,69,43,94,33,3259,251,303,882,908
06037406702,579400,2017,1551,100,136,177,82,911,34,152,78,51,967,271,3257,352,5958,0.3659,110,1878,5975.0,9815.0,322,2060,3274,6259,5452,6259,972,1878,38,27,136,64,52,83,48,103,61,57,110,160,199,117,200,117,110,185,214,79,6259,620,307,1878,2060
06037406801,553800,1745,2037,9,34,0,22,227,149,126,108,53,1061,215,2598,333,4894,0.3737,68,1288,6602.0,7530.0,4,1308,3249,5023,4562,4931,769,1288,157,81,59,37,74,31,13,170,89,35,76,86,140,146,165,75,54,141,80,42,5023,511,465,1288,1308
06037406903,453600,1327,1617,44,90,32,116,652,239,124,99,99,1390,249,4021,906,8205,0.4089,87,2042,8352.0,11257.0,33,2126,6159,8251,7673,8206,1288,2042,91,82,95,83,95,39,104,82,254,135,91,125,128,241,433,99,250,315,277,183,8251,466,829,2042,2126
06037407001,465300,1793,1592,25,19,6,15,197,39,151,132,97,1058,266,2996,856,5957,0.3599,31,1255,6562.0,7515.0,0,1290,5318,5974,5769,5874,659,1255,37,65,73,33,80,22,155,88,73,30,42,212,176,102,125,126,154,107,191,165,5974,444,473,1255,1290
06037407002,453500,1907,1719,17,4,11,0,78,72,94,63,25,623,163,1860,383,3463,0.3661,17,701,3640.0,4048.0,0,761,2987,3475,3329,3429,400,701,29,42,26,39,3,45,36,83,21,30,37,48,101,130,109,95,96,63,90,69,3475,256,261,701,761
06037407101,424900,1431,1355,77,64,51,34,539,69,35,41,20,619,80,2407,700,4965,0.3405,53,1158,3508.0,5702.0,0,1165,4445,4973,4677,4930,482,1158,22,63,44,33,40,24,25,44,63,15,69,46,158,125,236,67,169,192,165,178,4973,186,306,1158,1165
06037407102,484700,1600,1774,50,41,16,7,310,102,119,21,61,1034,173,3030,163,5670,0.3635,44,1344,5948.0,7507.0,37,1388,4617,5697,5366,5562,772,1344,79,195,128,29,36,34,22,125,37,59,42,62,177,147,115,93,228,144,89,61,5697,488,407,1344,1388
06037407201,446200,1509,1620,61,36,10,27,385,96,0,118,33,489,152,1907,474,3742,0.3867,42,874,2816.0,4806.0,0,874,3066,3742,3702,3731,402,874,40,75,61,48,10,0,19,48,25,6,44,53,80,152,97,111,24,76,110,153,3742,79,320,874,874
06037407202,461100,1833,1099,7,21,24,21,158,100,31,27,7,641,76,1506,768,3433,0.4231,36,799,3775.0,4740.0,0,799,2676,3526,3261,3517,593,799,19,95,49,21,129,25,60,130,69,0,24,37,140,101,108,22,84,143,130,72,3526,246,335,799,799
06037407301,476100,1941,1651,23,27,26,47,236,77,99,75,51,750,145,2430,343,4653,0.3594,30,986,4656.0,5989.0,0,986,3402,4671,4361,4628,543,986,23,74,145,41,24,31,40,68,136,74,52,71,90,142,223,109,59,89,133,93,4671,321,390,986,986
06037407302,433500,2103,1572,28,19,12,68,184,68,78,76,22,637,74,1611,575,3682,0.3623,22,821,3607.0,4549.0,0,821,3035,3682,3427,3639,468,821,0,28,52,29,6,11,65,65,104,5,17,40,40,163,336,175,145,157,133,75,3682,301,288,821,821
06037407400,578200,2550,1860,3,20,0,11,120,74,19,54,14,404,71,1210,46,2002,0.3326,0,524,2398.0,2995.0,0,538,902,2002,1928,1993,368,524,17,19,19,21,27,0,0,30,33,9,0,11,55,100,49,0,23,53,82,72,2002,138,259,524,538
06037407501,461700,1596,1401,30,76,24,46,466,107,17,15,22,542,75,2340,468,4413,0.3566,15,1008,3179.0,5213.0,0,1039,3050,4413,4078,4372,669,1008,41,28,60,35,18,21,50,0,87,55,66,4,142,240,147,71,113,121,112,48,4413,188,276,1008,1039
06037407502,480800,1672,1549,34,73,18,19,252,97,53,43,30,556,137,2109,335,3890,0.4509,44,808,3388.0,4746.0,0,862,3298,3890,3725,3876,474,808,41,14,40,30,18,38,44,37,43,21,33,5,84,120,130,67,34,76,157,90,3890,200,294,808,862
06037407601,446100,1200,1790,55,32,71,70,660,78,37,11,0,382,227,2160,1085,4303,0.4096,54,1042,2152.0,4521.0,0,1073,3380,4303,3590,4209,571,1042,0,42,19,0,48,0,9,32,52,0,7,32,95,110,240,173,191,132,163,70,4303,101,249,1042,1073
06037407602,463700,1436,1371,87,28,25,14,294,79,97,117,22,784,349,2589,208,4451,0.3308,43,1078,4739.0,6088.0,18,1093,3534,4451,4139,4445,506,1078,46,16,54,37,50,4,50,127,48,59,49,17,32,89,209,106,30,114,187,81,4451,351,371,1078,1093
06037407701,426700,1260,1414,58,91,76,96,673,54,21,33,37,402,81,2136,775,4027,0.4432,42,1075,2285.0,4896.0,0,1192,3082,4051,3803,4040,498,1075,43,73,29,37,64,26,64,76,82,70,27,94,74,102,117,99,49,110,124,73,4051,179,218,1075,1192
06037407702,425100,1757,1180,103,26,36,0,433,119,66,216,88,1359,147,3238,547,6854,0.3699,30,1792,8182.0,10718.0,4,1857,5039,6940,6722,6865,1087,1792,48,45,92,88,27,8,57,148,167,133,49,66,161,166,203,96,298,290,221,95,6940,697,609,1792,1857
06037407801,456500,1420,2035,18,0,9,7,203,83,116,80,34,848,281,3105,589,5704,0.4535,56,1051,5422.0,6492.0,0,1069,3699,5704,5537,5691,704,1051,145,20,109,20,41,9,49,66,160,92,24,28,165,147,176,92,304,85,90,124,5704,324,373,1051,1069
06037407802,468600,2056,1752,27,28,37,14,182,49,100,38,83,569,86,1883,179,3273,0.3014,15,751,3391.0,4366.0,0,779,2241,3273,2947,3257,435,751,24,34,26,29,23,29,37,53,66,10,22,31,78,155,113,58,54,49,101,41,3273,247,252,751,779
06037407901,479600,1880,1799,18,0,59,0,210,118,114,112,37,692,117,2195,241,3986,0.3656,35,902,4332.0,5543.0,0,911,2823,3992,3651,3953,526,902,44,51,86,28,8,0,74,116,71,31,14,40,55,164,93,144,175,101,93,18,3992,267,349,902,911
06037407902,469200,1889,1306,32,13,0,0,112,47,15,0,28,387,61,843,90,1583,0.3489,0,499,2288.0,3027.0,0,521,691,1588,1535,1568,262,499,1,51,39,23,0,16,0,50,52,23,17,15,19,4,41,11,24,16,31,23,1588,217,170,499,521
06037408003,540400,1701,1625,27,72,17,0,287,155,58,11,57,891,146,2272,535,4404,0.3942,27,1178,5808.0,7007.0,0,1255,2560,4415,3978,4362,653,1178,66,54,23,87,111,38,57,27,93,131,44,63,164,74,59,26,94,90,170,47,4415,559,296,1178,1255
06037408004,390300,1758,1750,79,40,111,0,358,70,25,55,32,446,55,1428,121,2514,0.3892,0,804,2504.0,3939.0,0,846,1043,2521,2169,2481,446,804,0,32,43,6,21,23,2,52,53,30,20,126,132,50,47,38,40,53,62,16,2521,202,231,804,846
06037408005,663000,1803,2075,90,86,28,36,531,183,76,46,57,1072,169,3006,476,5336,0.3906,39,1603,7513.0,10466.0,70,1665,2205,5377,4675,5327,924,1603,11,61,73,50,14,15,75,92,108,46,5,63,120,195,154,144,109,122,226,67,5377,757,310,1603,1665
06037408006,589000,1743,1929,73,112,28,29,525,73,77,21,22,443,127,1695,552,3240,0.3736,32,968,2629.0,4788.0,0,1012,1269,3240,2837,3189,461,968,15,52,69,15,0,0,32,74,105,3,0,38,96,109,131,83,50,208,69,63,3240,254,164,968,1012
06037408133,571800,1718,2213,119,68,168,66,868,178,68,90,50,711,213,3074,536,5616,0.3972,44,1579,4519.0,7906.0,0,1631,2690,5622,4997,5538,827,1579,103,40,38,71,11,14,7,162,128,43,36,65,197,165,142,68,268,346,144,40,5622,426,274,1579,1631
06037408134,532100,1913,2140,36,15,32,7,155,109,72,48,52,665,32,1456,442,2746,0.4154,30,820,4104.0,5057.0,25,826,734,2746,2530,2737,389,820,37,48,113,14,12,29,16,81,126,19,11,40,57,67,79,6,40,42,29,40,2746,485,158,820,826
06037408135,562400,1868,1908,39,101,215,16,658,49,148,34,64,684,138,2526,887,4612,0.4299,34,1342,4210.0,7820.0,0,1364,1840,4617,3374,4486,647,1342,67,46,72,123,15,8,97,101,171,12,49,16,79,118,233,22,256,52,103,55,4617,451,214,1342,1364
06037408136,536000,2125,1279,44,10,14,42,194,143,48,56,51,760,77,2047,206,3590,0.3341,26,954,4702.0,5886.0,0,973,1550,3590,3259,3544,559,954,31,34,61,71,0,50,33,108,76,37,12,85,118,50,101,50,34,84,104,37,3590,447,260,954,973
06037408137,454900,1812,1654,133,121,77,33,791,101,92,17,46,576,189,2283,622,4134,0.3682,50,1367,3252.0,6313.0,0,1420,1808,4134,3394,4124,553,1367,25,38,53,52,43,0,103,23,48,102,21,20,106,54,50,121,53,137,87,59,4134,346,209,1367,1420
06037408138,329500,1391,1429,67,34,33,0,277,142,91,34,77,909,108,2356,382,4968,0.2942,30,1186,5108.0,6328.0,59,1260,4432,5020,4804,5003,609,1186,46,44,89,45,4,9,56,109,172,49,28,7,180,216,168,129,107,107,364,88,5020,450,267,1186,1260
06037408139,435400,2015,1333,7,62,20,26,215,64,35,54,58,645,169,2330,515,4562,0.3358,55,860,3900.0,5158.0,0,877,4347,4689,4338,4666,542,860,49,56,38,40,34,19,63,71,52,120,32,50,104,224,184,138,123,152,97,132,4689,190,320,860,877
06037408140,367200,1229,1176,33,81,16,0,266,12,22,14,36,538,149,2109,417,3973,0.3711,59,804,2944.0,4409.0,0,837,3500,3973,3826,3938,486,804,6,0,55,70,12,1,31,38,55,15,65,8,68,57,164,247,124,22,263,118,3973,111,336,804,837
06037408141,422900,1564,1387,27,15,30,59,225,66,57,32,42,727,237,2303,204,4597,0.3063,31,952,4075.0,5167.0,0,1007,3671,4626,4303,4501,627,952,87,45,13,29,41,28,32,44,101,63,6,56,253,139,115,85,125,85,161,82,4626,284,356,952,1007
06037408212,577900,1684,1548,4,44,54,8,251,89,117,80,33,1184,197,2333,363,4979,0.5082,46,1435,7144.0,8424.0,13,1435,1602,4985,4617,4928,932,1435,73,18,75,245,34,65,56,63,276,149,43,141,226,135,103,47,145,80,128,168,4985,687,330,1435,1435
06037408213,465800,1571,1472,150,114,47,104,915,65,101,108,65,849,160,3068,638,6113,0.3351,34,1764,4722.0,8633.0,0,1822,1608,6154,5614,5969,938,1764,108,27,52,108,37,9,224,157,64,160,65,86,431,117,57,48,263,144,140,58,6154,524,264,1764,1822
06037408301,461900,1403,1830,10,49,73,13,523,162,103,174,27,993,239,3289,655,6231,0.3417,23,1516,5422.0,7841.0,13,1618,5354,6319,6050,6226,920,1516,130,54,56,65,44,17,46,65,116,74,35,36,203,204,150,73,129,243,122,87,6319,347,486,1516,1618
06037408302,520900,1924,1488,62,0,12,21,213,90,57,109,86,797,159,1770,178,3528,0.3855,7,1010,4912.0,6107.0,0,1081,2784,3528,3321,3502,700,1010,27,24,121,62,19,13,24,73,77,7,74,13,138,83,123,62,43,160,186,41,3528,497,235,1010,1081
06037408303,587900,1994,1800,37,53,0,13,149,115,86,33,36,1121,197,2468,211,4748,0.3678,36,1270,6771.0,7696.0,0,1283,3636,4764,4295,4688,723,1270,42,50,92,100,44,9,48,30,181,125,43,39,255,36,101,18,153,81,116,73,4764,655,285,1270,1283
06037408401,522900,1710,1910,64,31,59,23,471,55,108,67,67,825,109,2347,410,4561,0.4123,8,1296,5178.0,7212.0,0,1296,2984,4595,4441,4571,703,1296,26,55,52,87,7,12,142,45,83,57,51,155,97,52,285,137,105,37,149,100,4595,309,437,1296,1296
06037408402,630500,2522,1216,0,67,11,0,153,87,151,124,48,1809,236,3395,368,6655,0.3894,40,1962,12233.0,13051.0,0,2015,3757,6669,5951,6549,1108,1962,90,136,78,151,59,105,107,124,127,176,213,69,171,117,141,83,164,58,228,101,6669,1135,609,1962,2015
06037408503,717300,2542,1497,9,26,22,21,116,185,98,134,65,1817,168,3282,292,6617,0.4249,87,1933,13246.0,13991.0,0,2025,2246,6626,6341,6578,1432,1933,118,180,172,121,51,80,90,117,159,83,59,85,185,131,82,93,355,190,147,104,6626,1269,520,1933,2025
06037408504,553100,1914,1995,53,46,112,43,599,144,90,57,34,887,236,3031,501,5554,0.3843,41,1486,6118.0,8693.0,0,1574,3190,5556,5071,5520,787,1486,21,25,106,83,63,7,0,91,103,54,64,162,140,148,178,86,181,236,118,84,5556,481,330,1486,1574
06037408505,732100,2094,1902,5,0,9,4,141,39,55,32,62,589,82,1157,292,2517,0.5346,10,730,4386.0,5275.0,0,759,1078,2526,2403,2517,500,730,54,71,49,73,14,24,58,44,78,70,41,12,79,33,103,33,135,51,52,25,2526,411,154,730,759
06037408623,603200,1893,933,44,41,10,14,278,32,53,33,11,720,66,1458,214,3224,0.4211,6,998,4455.0,5901.0,0,1068,802,3224,2901,3193,653,998,24,106,101,60,47,40,82,95,97,75,40,105,57,69,74,66,71,81,100,52,3224,534,171,998,1068
06037408624,616700,2308,1206,26,11,0,24,98,136,57,93,67,952,28,1732,167,3224,0.4009,12,1050,5954.0,6490.0,14,1114,863,3229,3129,3197,636,1050,27,16,58,20,80,7,30,51,80,78,58,139,66,101,35,44,22,36,166,12,3229,566,326,1050,1114
06037408625,665200,2137,2295,10,33,45,10,278,134,97,20,101,957,22,1733,443,3830,0.4356,7,1235,6538.0,7973.0,0,1301,1235,3841,3402,3794,897,1235,51,20,73,120,28,25,25,93,79,127,79,29,145,156,204,87,88,137,61,56,3841,666,291,1235,1301
06037408626,735500,1837,2114,32,58,57,12,429,41,84,56,130,926,107,2153,572,3981,0.4822,36,1355,6136.0,7488.0,0,1586,735,3981,3199,3941,844,1355,126,122,38,34,36,45,69,84,59,10,110,57,99,88,58,9,80,48,158,67,3981,625,228,1355,1586
06037408627,716200,2524,1902,3,0,5,17,81,32,86,69,52,818,14,1449,243,2864,0.3645,32,899,5395.0,5909.0,0,928,543,2864,2655,2796,689,899,36,92,137,108,27,0,17,98,109,108,46,12,64,43,20,31,104,53,53,43,2864,572,228,899,928
06037408628,658800,1564,1087,31,88,119,61,664,74,58,43,23,1200,76,2720,536,5358,0.4521,42,1864,7408.0,10052.0,0,1943,1617,5358,4863,5231,989,1864,102,76,200,36,41,107,137,67,158,94,74,127,103,88,147,81,156,130,160,50,5358,881,282,1864,1943
06037408629,688600,2369,1285,0,11,22,6,99,44,52,48,18,769,69,1450,224,2833,0.4097,35,868,4868.0,5421.0,0,991,599,2839,2595,2817,668,868,34,54,81,83,37,31,33,72,100,66,40,42,43,56,72,61,60,60,75,28,2839,514,255,868,991
06037408631,534400,1924,1890,50,14,14,97,377,94,200,101,60,1102,199,2944,477,5046,0.4535,81,1479,6579.0,8612.0,0,1514,2479,5084,4464,4982,776,1479,28,123,47,40,26,53,81,101,101,25,24,98,113,111,103,43,107,173,196,20,5084,646,395,1479,1514
06037408703,973100,3207,2628,0,72,0,9,120,104,241,67,73,1740,128,3111,304,6106,0.4217,45,1860,12921.0,13625.0,0,1892,770,6125,5574,6024,1389,1860,69,184,132,90,30,75,136,89,99,79,81,104,229,98,131,160,131,59,93,107,6125,1169,551,1860,1892
06037408705,597700,1799,1770,26,87,54,95,496,182,47,76,25,1380,176,2899,638,5896,0.4789,51,1876,7778.0,10167.0,0,1887,950,5928,5530,5886,997,1876,27,248,183,71,40,26,51,59,142,96,23,96,196,164,321,82,157,89,105,26,5928,784,542,1876,1887
06037408707,814100,2161,2271,21,40,12,0,218,198,166,149,53,1923,80,3333,192,6596,0.3517,28,2141,13368.0,14811.0,9,2257,850,6610,6087,6538,1493,2141,94,140,156,92,103,54,126,145,133,136,18,138,173,89,82,71,186,157,290,142,6610,1356,522,2141,2257
06037408722,616300,1952,1129,33,33,17,35,235,46,64,80,50,996,119,2401,371,4447,0.3775,0,1231,5665.0,6994.0,5,1331,1008,4470,4059,4424,836,1231,109,82,183,77,11,0,39,125,155,28,8,76,106,60,109,95,141,73,95,22,4470,510,387,1231,1331
06037408724,516300,1409,-666666666,120,167,238,204,1484,0,0,0,0,43,195,2706,1061,5396,0.389,150,1527,291.0,4402.0,0,1595,2815,5396,4665,5296,823,1527,35,32,55,46,0,8,44,21,76,28,19,20,286,223,164,70,382,348,134,93,5396,23,20,1527,1595
06037408725,562300,1596,1542,50,84,101,57,817,120,34,95,49,1109,146,3212,705,6414,0.4415,35,1926,6540.0,9877.0,6,1981,1826,6449,5985,6406,983,1926,120,108,194,100,41,127,246,135,177,93,168,78,156,91,180,125,192,154,182,84,6449,560,504,1926,1981
06037408800,406900,1602,1415,79,89,106,53,1413,0,52,0,19,239,230,2326,1338,4509,0.5143,81,1652,1239.0,5598.0,297,1836,3065,4570,3194,4470,444,1652,15,18,30,9,15,32,28,20,16,20,25,18,222,52,194,42,177,155,148,104,4570,69,85,1652,1836
06037408900,560400,1537,1523,20,52,216,15,845,197,184,115,65,1613,191,2834,420,5884,0.4541,0,2458,9989.0,13441.0,82,2594,2289,6021,5461,6016,1329,2458,76,78,133,71,183,152,77,183,227,236,206,192,130,139,145,159,72,155,223,18,6021,1198,380,2458,2594
06037409000,368900,1868,1244,30,182,104,94,996,33,407,45,70,1095,255,3998,1328,7180,0.3723,21,2091,5979.0,10207.0,0,2246,5392,7550,6575,7511,1134,2091,213,27,121,7,6,66,12,69,175,38,42,112,88,83,61,152,319,404,168,68,7550,638,367,2091,2246
06037409100,461700,1692,1439,17,34,20,77,415,130,75,34,31,966,165,2562,618,5396,0.405,71,1381,5991.0,8104.0,0,1423,3478,5403,4901,5324,889,1381,23,87,157,28,32,54,58,151,60,52,104,55,135,147,90,123,149,229,112,91,5403,509,355,1381,1423
06037430003,666100,1952,2440,11,20,9,0,92,185,175,111,76,1513,173,3030,360,5183,0.3475,43,1605,9861.0,10448.0,0,1605,2213,5183,4945,5148,1128,1605,55,92,109,95,61,23,57,119,158,65,51,61,94,113,79,33,135,128,76,66,5183,1003,391,1605,1605
06037430004,422100,2045,1292,29,66,0,23,292,33,107,136,9,720,169,1457,160,2577,0.3507,0,1012,3951.0,5088.0,34,1139,950,2633,2419,2633,418,1012,77,0,84,88,23,19,63,91,136,65,36,20,4,80,93,36,26,98,60,11,2633,517,170,1012,1139
06037430005,481200,2279,1443,21,143,0,12,462,104,122,48,65,818,294,2148,116,3584,0.3661,47,1280,4603.0,7214.0,0,1357,1973,3683,3416,3622,615,1280,22,61,22,64,35,36,9,26,147,35,21,32,209,170,107,52,109,93,68,21,3683,465,353,1280,1357
06037430101,434900,1340,1567,91,25,198,173,1121,79,64,45,131,726,111,2206,945,4964,0.5116,33,1847,3972.0,8414.0,36,1866,2590,5132,4674,5120,653,1847,8,98,149,53,77,69,31,135,139,172,179,206,76,105,231,79,149,123,163,106,5132,478,200,1847,1866
06037430102,439500,1606,1796,99,29,35,97,547,94,127,63,28,691,177,2756,391,4768,0.362,47,1238,3692.0,6269.0,0,1288,3465,4768,4341,4729,638,1238,79,93,18,3,53,0,50,129,88,124,42,32,59,43,30,46,134,112,137,84,4768,271,286,1238,1288
06037430200,1625000,3501,4001,7,0,0,11,181,19,5,23,22,242,30,419,45,999,0.6606,13,423,2133.0,3040.0,14,543,104,1045,913,1041,208,423,16,5,25,15,21,71,17,4,51,6,47,96,13,7,32,3,36,19,15,5,1045,221,21,423,543
06037430301,900300,2577,2321,84,66,72,50,375,151,239,57,68,1256,77,2374,284,4656,0.4136,19,1631,8445.0,10494.0,0,1743,1124,4665,4334,4653,1114,1631,85,44,108,99,8,35,59,123,103,95,73,72,128,97,294,42,55,73,82,76,4665,924,316,1631,1743
06037430302,740000,1635,2322,20,164,97,32,747,101,166,135,14,1398,32,2882,363,5252,0.4357,13,2145,8844.0,12618.0,14,2390,1288,5281,4970,5281,1145,2145,67,105,94,71,71,40,17,84,159,93,67,97,53,167,179,89,148,130,211,25,5281,1042,356,2145,2390
06037430400,1322100,1896,2287,12,73,20,35,284,95,68,120,40,1163,64,2455,163,4643,0.4612,7,1447,8289.0,9781.0,23,1569,573,4643,4185,4625,1032,1447,13,92,168,199,0,51,143,173,117,81,7,100,107,58,251,88,71,96,196,96,4643,799,364,1447,1569
06037430501,1033000,1862,2759,155,7,48,10,438,128,142,129,108,1269,67,2478,146,4286,0.3981,9,1707,8826.0,10740.0,10,1956,325,4286,4059,4268,818,1707,26,47,140,77,42,19,35,94,194,89,56,77,89,59,17,102,184,141,90,31,4286,1089,163,1707,1956
06037430502,985800,1661,2679,137,266,103,299,1508,148,79,127,105,1464,224,3515,521,6527,0.5376,13,2972,9306.0,15788.0,0,3306,1081,6543,5672,6543,1299,2972,43,85,71,158,45,74,29,151,230,184,145,60,304,190,196,78,87,141,291,47,6543,1107,357,2972,3306
06037430600,2000001,3501,3247,0,0,0,12,140,35,58,95,60,1270,87,1984,396,4748,0.4518,0,1410,9748.0,10828.0,27,1581,149,4748,4334,4713,1008,1410,83,96,74,134,93,30,34,112,69,110,50,58,173,155,115,87,155,101,330,64,4748,968,261,1410,1581
06037430701,1427600,1801,2534,96,34,102,76,766,40,162,65,26,1133,59,2402,539,5628,0.4914,49,1899,8359.0,11950.0,0,1994,1066,5671,4718,5595,1199,1899,26,109,70,52,27,163,95,46,75,94,107,257,162,193,262,155,225,135,120,100,5671,845,281,1899,1994
06037430721,929400,1515,2838,70,132,74,55,590,45,80,49,29,751,231,1692,494,3666,0.4176,161,1341,4505.0,6720.0,144,1402,525,3745,3424,3682,641,1341,25,59,36,119,19,18,57,47,205,97,28,54,68,66,147,92,206,164,171,73,3745,530,206,1341,1402
06037430723,642800,1718,1256,140,142,82,152,1050,80,104,29,49,695,94,2367,493,4841,0.3917,12,1745,3492.0,8003.0,0,1948,823,4841,4116,4768,760,1745,20,49,45,14,48,18,26,22,18,22,48,49,152,140,178,78,168,94,297,153,4841,397,287,1745,1948
06037430724,618700,1773,1404,82,243,154,32,1393,45,30,48,28,421,138,2462,545,4565,0.4003,49,1814,2082.0,7548.0,0,2177,788,4565,3956,4508,582,1814,11,61,90,7,51,11,57,39,50,64,50,42,207,183,159,52,143,173,52,27,4565,219,164,1814,2177
06037430801,796800,1570,2593,213,98,214,29,1266,126,99,204,29,974,250,3701,352,6654,0.3605,31,2240,5850.0,10995.0,17,2400,1342,6691,5694,6674,962,2240,78,45,66,0,47,0,105,107,43,48,46,0,259,164,178,177,147,317,166,350,6691,580,380,2240,2400
06037430802,1233600,1821,3005,18,0,28,54,340,91,81,31,55,1007,96,1940,738,4346,0.4493,32,1347,7062.0,8941.0,19,1380,385,4346,3731,4288,885,1347,66,173,64,19,0,22,93,92,107,42,93,22,48,207,118,99,53,162,146,112,4346,707,283,1347,1380
06037430803,1153500,1632,1798,67,66,0,38,476,95,84,99,47,1355,59,2331,363,5393,0.4675,10,1831,10073.0,12503.0,35,1949,795,5393,5057,5314,1365,1831,89,75,249,117,38,105,115,165,126,80,115,61,258,214,171,145,69,47,273,40,5393,1105,231,1831,1949
06037430901,641800,1640,1687,147,115,115,90,1038,20,57,23,22,482,205,2238,492,4333,0.4222,25,1520,2610.0,6859.0,0,1566,2077,4377,3929,4333,669,1520,27,43,67,60,33,29,43,22,44,65,84,44,153,132,169,120,109,92,117,85,4377,265,176,1520,1566
06037430902,623300,1910,1820,248,135,236,37,1142,88,50,30,39,566,124,2580,393,4638,0.3547,47,1708,3182.0,8553.0,13,1808,2058,4725,3945,4696,724,1708,43,27,51,39,13,72,23,65,96,112,32,47,131,84,83,80,146,205,151,69,4725,420,132,1708,1808
06037431002,658000,1111,1174,30,39,41,53,490,30,46,32,20,716,103,1364,164,2812,0.4938,13,1206,4250.0,6264.0,0,1282,714,2827,2644,2799,518,1206,24,85,136,37,27,35,17,57,146,73,39,36,50,91,73,47,51,32,66,34,2827,571,145,1206,1282
06037431003,661600,1685,2273,116,90,52,85,1044,19,68,52,20,430,96,2495,847,4696,0.4225,29,1474,2368.0,7153.0,0,1597,2719,4707,4100,4669,507,1474,20,0,22,23,9,42,136,30,40,0,0,32,45,289,165,101,181,287,260,49,4707,307,123,1474,1597
06037431004,593400,1545,1829,66,214,151,0,769,53,19,8,30,416,165,1785,340,3444,0.4317,66,1185,2322.0,5962.0,0,1299,2164,3444,3241,3396,355,1185,21,0,43,0,53,9,13,75,30,124,15,0,70,119,99,99,124,83,149,84,3444,362,54,1185,1299
06037431100,563600,1700,1936,169,248,66,135,1240,116,152,99,70,996,208,3965,359,6987,0.344,0,2236,5858.0,11303.0,18,2294,3897,6992,6438,6982,846,2236,34,56,121,45,13,0,25,137,53,30,57,66,383,193,414,69,0,222,210,169,6992,551,379,2236,2294
06037431200,488400,1390,1919,38,15,65,53,555,131,72,143,45,913,202,3231,677,6203,0.389,24,1468,5045.0,7785.0,0,1565,4323,6351,6028,6280,835,1468,44,60,40,50,36,16,64,109,129,57,18,80,152,187,267,253,122,161,260,52,6351,334,462,1468,1565
06037431300,638600,1693,2360,94,17,10,15,256,68,78,48,37,570,41,1504,213,2700,0.375,17,826,3402.0,4472.0,9,905,1218,2700,2478,2611,508,826,23,66,85,0,0,11,38,76,61,35,18,10,121,98,48,48,105,47,60,15,2700,371,190,826,905
06037431400,678700,1233,1772,34,27,71,40,406,106,92,0,28,945,146,2043,486,4098,0.4601,18,1351,5854.0,7941.0,18,1407,1460,4098,3639,4075,719,1351,50,58,63,66,16,85,97,80,99,179,41,88,15,167,96,50,155,156,99,92,4098,569,311,1351,1407
06037431501,539100,1451,1415,11,88,43,61,554,100,117,22,51,952,59,1992,637,4020,0.4485,66,1506,5170.0,7382.0,24,1561,1520,4046,3663,4035,741,1506,76,37,97,101,75,8,70,125,45,166,83,68,82,158,69,47,76,80,123,47,4046,708,188,1506,1561
06037431502,657500,1923,2263,47,15,78,0,490,55,27,57,54,866,67,2061,665,4083,0.5118,55,1356,5456.0,7919.0,0,1434,1162,4138,3621,4104,660,1356,38,40,62,125,9,0,19,65,101,155,11,59,134,102,103,136,89,117,177,35,4138,581,255,1356,1434
06037431600,1192200,1672,2522,30,23,25,23,362,59,141,30,37,1025,50,1978,257,4271,0.5022,27,1387,6799.0,8293.0,90,1495,396,4348,4128,4348,818,1387,20,87,91,140,37,52,21,122,83,129,71,122,31,64,143,78,120,51,212,124,4348,746,260,1387,1495
06037431701,1527800,1815,2735,47,39,9,80,529,30,145,150,62,1572,89,3187,246,6057,0.5005,30,2101,11679.0,14602.0,24,2343,419,6094,5747,6060,1297,2101,125,89,120,327,75,98,61,177,187,212,212,49,99,45,338,134,16,49,171,39,6094,1234,329,2101,2343
06037431800,817300,1908,1372,203,120,34,58,772,144,52,62,46,1103,140,2583,507,5207,0.4368,26,1875,6594.0,9918.0,45,2108,636,5349,4836,5349,1024,1875,136,119,146,101,32,48,123,105,224,50,60,329,87,75,170,67,66,111,119,115,5349,747,327,1875,2108
06037431900,805800,1455,2074,14,79,20,107,819,12,70,36,74,499,182,2046,562,3841,0.4466,48,1318,2990.0,6373.0,19,1444,717,3841,3470,3841,621,1318,17,18,75,80,29,47,22,50,183,20,0,59,48,43,60,111,138,195,165,50,3841,217,269,1318,1444
06037432001,848500,1969,2505,10,0,0,0,155,95,46,35,18,436,42,978,154,2107,0.3624,0,591,2672.0,3245.0,8,616,233,2462,2387,2462,464,591,36,0,16,29,74,173,0,73,53,56,89,140,45,98,70,7,0,89,35,67,2462,224,184,591,616
06037432002,773600,1493,1368,35,150,127,45,826,104,52,54,14,946,127,2657,467,4967,0.4371,35,1772,5842.0,9198.0,34,1840,939,4967,4738,4922,910,1772,44,180,99,92,0,0,41,72,183,0,102,16,89,127,71,131,179,147,110,97,4967,610,282,1772,1840
06037432101,667700,2051,2312,0,51,43,27,361,120,166,51,100,989,88,2240,166,4177,0.3501,21,1350,6202.0,7918.0,9,1391,650,4204,3725,4147,805,1350,51,71,59,65,40,0,50,54,87,62,30,136,145,173,185,45,52,94,102,25,4204,673,293,1350,1391
06037432102,719100,1945,1800,67,16,29,7,349,135,79,98,81,1271,59,2894,366,5890,0.426,0,1620,8051.0,9772.0,100,1750,1122,5934,5515,5833,1138,1620,46,36,119,60,73,35,21,103,138,78,126,85,282,236,208,71,166,153,307,142,5934,767,445,1620,1750
06037432201,626000,1544,2167,62,34,50,176,620,69,60,22,61,736,51,2752,554,5320,0.3613,8,1356,4217.0,7131.0,0,1408,680,5448,4786,5448,742,1356,30,53,36,176,29,58,44,94,38,92,106,74,211,184,117,253,207,142,122,43,5448,321,336,1356,1408
06037432202,604700,1296,980,60,34,74,0,483,50,24,72,30,702,98,2049,395,4180,0.438,11,1185,4263.0,6258.0,0,1234,1240,4185,3913,4097,682,1185,143,45,36,50,67,85,65,55,187,33,76,59,149,147,65,83,122,46,145,68,4185,393,273,1185,1234
06037432300,526200,1787,1290,11,73,53,22,479,54,45,14,55,627,163,1765,599,4057,0.3931,63,1106,3554.0,5496.0,22,1137,2062,4063,3632,4063,650,1106,46,55,54,109,11,54,64,53,53,72,16,87,281,227,177,95,88,76,29,74,4063,393,147,1106,1137
06037432401,584800,1459,1496,61,102,68,38,582,62,26,55,0,427,59,1818,588,3883,0.3717,4,1009,2265.0,4723.0,0,1042,2441,3970,3651,3883,482,1009,70,46,93,13,7,70,34,87,45,62,46,57,112,102,163,178,168,111,134,104,3970,209,173,1009,1042
06037432402,496300,1322,2105,129,136,38,52,926,63,29,86,49,620,119,2828,1239,6493,0.3806,89,1546,3470.0,6791.0,0,1689,3600,6579,6223,6562,638,1546,42,53,26,124,60,39,61,59,61,209,50,93,190,268,217,159,310,126,221,121,6579,184,258,1546,1689
06037432501,454900,1588,1295,9,43,80,90,605,109,44,52,11,802,42,2445,460,4727,0.5078,55,1407,3946.0,6269.0,0,1407,2418,4835,4467,4783,618,1407,58,21,116,38,67,18,50,51,108,237,71,38,161,62,147,55,79,42,237,37,4835,375,346,1407,1407
06037432502,569900,1290,1271,77,26,84,29,310,43,12,40,36,602,95,2308,181,3913,0.2692,44,912,3534.0,4801.0,0,923,1961,3969,3689,3969,381,912,42,75,0,0,12,0,63,85,11,69,38,18,183,106,229,0,70,7,68,59,3969,239,357,912,923
06037432601,526000,1568,1581,133,53,110,141,894,85,59,57,32,871,168,3745,984,7267,0.3988,234,1765,5431.0,9436.0,0,1828,4013,7280,7009,7197,958,1765,98,232,62,51,28,54,32,86,115,81,52,44,156,247,223,113,65,232,290,112,7280,493,282,1765,1828
06037432602,537000,1587,1532,70,52,9,0,418,15,48,13,79,708,63,2241,413,4530,0.4467,52,1126,4190.0,6258.0,0,1151,2412,4535,4437,4524,645,1126,32,124,58,34,5,93,97,82,47,26,52,250,189,194,149,40,105,65,61,53,4535,404,246,1126,1151
06037432700,470400,1426,1106,176,32,66,28,752,12,35,59,50,670,257,2980,791,6062,0.3559,78,1422,3790.0,7143.0,177,1515,4546,6158,5824,6119,730,1422,134,38,53,51,18,34,53,125,117,42,25,29,320,330,224,197,136,186,340,149,6158,262,354,1422,1515
06037432801,418600,803,764,7,59,92,54,623,0,25,5,0,232,26,1001,650,2515,0.5137,38,855,1118.0,2888.0,0,903,1355,2515,2382,2499,408,855,57,41,92,28,72,106,37,47,93,48,135,130,72,16,60,13,79,46,50,47,2515,65,135,855,903
06037432802,457000,1345,564,71,176,203,124,1209,0,0,0,4,171,302,2754,1341,5356,0.4374,159,1380,807.0,5812.0,0,1484,4186,5356,4753,5243,531,1380,12,24,38,140,12,31,4,11,169,32,0,0,226,144,201,205,223,203,199,82,5356,44,120,1380,1484
06037432901,607600,1288,1377,78,0,142,88,575,37,56,41,24,599,95,2258,540,4061,0.3946,29,1174,3515.0,5505.0,0,1314,1477,4061,3899,4061,772,1174,70,32,0,49,47,10,50,87,46,23,58,43,172,97,136,81,37,9,175,103,4061,301,271,1174,1314
06037432902,589700,1379,1109,34,36,3,12,178,51,78,15,38,659,98,1477,250,3133,0.4079,24,837,3584.0,4291.0,4,923,1044,3210,3107,3210,460,837,73,52,118,52,46,64,78,60,123,66,63,72,63,49,77,109,17,59,150,30,3210,273,327,837,923
06037433103,460800,1392,1150,61,90,66,95,894,115,59,42,26,973,265,3714,1433,7207,0.4333,156,1867,4947.0,8557.0,0,1922,3545,7231,6851,7157,955,1867,57,46,192,88,51,41,81,183,127,118,101,30,256,105,232,170,57,85,217,142,7231,387,351,1867,1922
06037433200,479000,1086,1736,57,65,163,71,892,7,90,29,12,780,160,2906,867,6001,0.4219,39,1672,4669.0,7597.0,30,1770,3629,6092,5733,6068,963,1672,87,91,93,74,64,0,123,93,128,56,57,103,110,199,201,150,146,135,151,216,6092,347,352,1672,1770
06037433302,522700,1236,689,64,64,75,0,378,0,0,0,5,90,5,850,239,1704,0.3958,7,468,416.0,1819.0,0,490,1090,1711,1302,1687,180,468,24,14,0,7,12,19,14,8,15,26,15,7,44,37,56,39,40,33,97,34,1711,43,36,468,490
06037433304,451500,1327,1602,25,122,156,53,923,48,35,15,4,209,169,2369,847,4502,0.4255,56,1132,1167.0,4832.0,0,1195,3207,4691,4152,4661,516,1132,19,69,31,36,66,15,27,65,65,53,26,93,194,104,193,115,39,139,224,132,4691,83,93,1132,1195
06037433305,383600,1442,1410,49,202,154,100,1040,52,20,37,0,279,122,2167,1130,4585,0.4309,168,1319,1543.0,5516.0,0,1319,3005,4617,3961,4598,525,1319,0,41,133,51,34,55,90,22,56,6,49,69,49,69,60,94,178,134,259,140,4617,137,129,1319,1319
06037433306,512900,1407,1404,28,79,59,44,454,14,32,32,10,403,73,1765,723,3394,0.416,88,857,2464.0,4688.0,0,857,2255,3527,3372,3506,448,857,53,20,44,44,31,31,23,20,102,42,33,59,59,102,131,70,62,100,179,60,3527,247,146,857,857
06037433307,461900,1444,1511,0,46,26,42,455,26,21,21,28,370,75,1604,424,2847,0.4086,32,825,2150.0,4136.0,5,825,1620,2858,2625,2835,441,825,27,39,39,17,43,19,27,32,35,0,63,0,118,97,65,69,45,49,115,83,2858,203,155,825,825
06037433402,442200,1357,-666666666,68,88,110,87,719,70,7,73,6,420,143,2656,759,4830,0.3814,109,1139,1974.0,5104.0,31,1158,3524,4904,4480,4884,539,1139,61,26,99,19,0,8,34,38,63,15,8,24,120,249,155,91,102,94,143,81,4904,128,238,1139,1158
06037433403,503000,1190,2011,55,95,95,110,898,1,14,76,27,362,135,2285,810,4821,0.3647,31,1260,1959.0,4803.0,60,1265,3832,4842,4328,4784,654,1260,30,11,27,23,34,11,11,16,102,39,21,19,312,182,309,46,159,311,106,42,4842,172,156,1260,1265
06037433505,474000,1436,888,59,99,74,39,666,43,14,21,23,376,290,2345,927,4800,0.4325,31,1042,1940.0,4777.0,0,1105,2829,4800,4436,4768,617,1042,12,57,48,42,34,14,25,150,43,32,26,2,167,242,196,98,145,123,177,32,4800,114,195,1042,1105
06037433506,-666666666,1225,391,63,30,64,129,771,0,6,8,23,278,238,1731,1099,3925,0.3734,49,1049,1142.0,4141.0,0,1084,3387,4013,3641,3937,437,1049,17,66,90,14,19,17,38,40,48,23,22,32,136,65,228,134,201,119,135,58,4013,29,192,1049,1084
06037433601,571200,1420,1522,16,33,69,18,685,36,70,10,76,646,183,2696,547,5482,0.3851,41,1331,3512.0,6705.0,15,1384,1527,5482,4894,5366,828,1331,76,49,58,148,30,96,133,61,191,49,67,118,222,89,61,90,211,70,72,75,5482,235,342,1331,1384
06037433602,497000,1606,1053,30,54,37,17,401,25,22,46,0,435,103,1234,609,2936,0.5056,62,836,2197.0,3834.0,27,880,797,2936,2624,2887,535,836,48,59,45,54,23,37,47,36,80,58,32,86,68,55,134,49,93,54,85,47,2936,167,237,836,880
06037433803,471300,1475,1500,5,0,0,18,155,91,75,39,61,730,31,1556,480,3363,0.3615,33,885,3971.0,4787.0,52,899,2626,3363,3169,3333,514,885,51,37,41,23,79,10,16,35,90,49,64,61,154,62,133,127,70,76,25,72,3363,368,281,885,899
06037433804,396600,1473,1320,56,34,33,51,575,20,4,87,48,529,82,2161,1852,4783,0.4033,95,1104,2945.0,5338.0,0,1104,4366,4795,4331,4721,418,1104,56,15,56,60,35,0,29,9,60,46,10,21,219,190,202,137,334,184,171,106,4795,299,189,1104,1104
06037433901,501900,1342,1122,99,38,94,93,972,11,13,17,9,387,339,3227,1544,5713,0.3998,104,1359,2080.0,5836.0,0,1374,4226,5724,5315,5601,609,1359,38,32,25,92,0,0,25,55,13,12,48,64,221,144,187,90,202,249,197,84,5724,183,155,1359,1374
06037433903,465800,1246,534,120,82,42,39,817,0,35,13,9,596,99,2439,1324,5325,0.4125,43,1413,3116.0,6233.0,4,1543,4710,5328,4958,5205,604,1413,37,51,75,33,23,35,65,50,65,32,28,99,294,131,176,95,233,282,133,74,5328,332,213,1413,1543
06037434001,403900,1452,1073,13,37,27,28,246,22,53,19,59,720,193,2063,556,4083,0.3675,64,966,3925.0,4964.0,30,1007,2849,4128,3767,4037,641,966,4,41,45,50,12,32,15,44,78,35,2,19,126,166,195,71,183,117,193,121,4128,253,355,966,1007
06037434003,488900,1384,1080,27,68,69,89,557,5,39,4,10,403,181,2154,852,4073,0.4432,77,960,2122.0,4349.0,5,1013,3436,4104,3699,4062,396,960,39,36,52,75,6,62,35,61,59,52,13,21,122,138,186,71,33,172,159,71,4104,149,184,960,1013
06037434004,494500,1429,1231,15,76,34,42,289,76,11,5,21,442,102,1542,290,3037,0.3704,16,731,2373.0,3544.0,0,731,2434,3037,2653,2999,459,731,54,21,20,29,0,128,42,16,99,24,20,76,92,80,97,44,107,39,32,71,3037,105,304,731,731
06037434100,445100,1406,1260,94,44,95,43,713,98,67,52,37,907,139,3399,838,6786,0.4199,67,1620,4982.0,8236.0,17,1665,5247,6804,6213,6757,837,1620,84,49,119,37,69,19,137,63,77,109,48,136,169,232,248,153,157,168,253,224,6804,389,445,1620,1665
06037460001,1894200,1625,3028,10,0,9,0,36,69,18,111,22,535,44,939,38,1708,0.4931,0,571,4206.0,4449.0,8,624,170,1718,1638,1713,406,571,39,44,50,0,0,60,24,21,27,21,34,26,100,89,82,37,0,15,38,32,1718,486,38,571,624
06037460002,889400,-666666666,2391,7,48,0,6,170,75,105,94,58,915,97,1330,168,2795,0.4247,0,1085,6006.0,7079.0,6,1150,378,2795,2510,2782,655,1085,17,113,102,45,32,55,48,108,71,38,25,72,118,19,50,10,76,126,12,36,2795,718,191,1085,1150
06037460101,1098800,1832,2467,17,32,71,45,245,191,182,136,22,2152,171,3222,174,6076,0.5047,0,2397,15458.0,16478.0,0,2500,684,6076,5618,6076,1445,2397,33,74,274,108,49,235,54,55,245,225,226,74,101,62,144,192,25,150,55,61,6076,1740,412,2397,2500
06037460200,756800,1858,3059,0,30,47,64,389,243,174,45,171,1408,353,3034,385,5541,0.4611,99,1797,9056.0,10866.0,0,1972,1830,5622,5339,5579,861,1797,50,73,110,43,165,52,25,86,160,304,29,102,200,165,154,68,191,181,225,162,5622,1057,273,1797,1972
06037460301,852100,2155,2947,29,2,62,0,253,127,146,87,26,1162,172,2552,525,4239,0.4393,98,1415,7833.0,9141.0,11,1637,691,4239,3711,4200,838,1415,54,66,73,58,40,29,54,111,54,37,58,77,156,107,112,52,111,85,96,42,4239,850,303,1415,1637
06037460302,613900,1843,1920,67,0,42,17,468,104,178,33,51,1155,334,2422,463,4488,0.4335,19,1623,6073.0,8425.0,0,1674,2004,4529,4042,4487,562,1623,30,28,68,33,4,47,30,300,142,82,46,34,130,227,209,53,95,92,132,32,4529,737,385,1623,1674
06037460401,734500,1796,2571,13,7,10,23,143,35,15,19,19,220,53,634,93,1071,0.4536,4,363,1355.0,2064.0,0,393,307,1071,829,1040,206,363,4,16,35,8,0,9,4,13,14,20,9,22,54,40,7,12,54,7,16,26,1071,140,80,363,393
06037460501,1668000,3501,3515,0,8,22,40,152,123,99,103,116,1506,75,2294,176,5139,0.4648,7,1658,11600.0,12638.0,0,1873,423,5151,4756,5099,1285,1658,67,61,183,68,96,36,103,132,90,91,100,46,198,46,178,201,106,245,161,136,5151,1101,376,1658,1873
06037460502,1508600,3501,4001,0,12,0,0,93,197,38,154,99,1307,75,2270,116,4710,0.4101,18,1400,9556.0,10096.0,5,1503,436,4725,4481,4710,1172,1400,99,38,98,48,8,26,50,36,73,64,1,74,174,237,164,123,272,85,226,232,4725,819,488,1400,1503
06037460601,1504400,2426,3647,70,40,18,13,406,108,187,99,42,1333,91,2643,140,5312,0.4916,0,1739,9973.0,11947.0,24,1786,538,5312,4993,5289,1282,1739,70,94,132,52,77,29,51,131,98,78,29,135,246,141,225,97,44,148,125,207,5312,967,356,1739,1786
06037460700,2000001,2633,4001,16,0,0,0,97,67,85,74,12,1411,22,1862,232,4890,0.5237,28,1508,11809.0,12469.0,11,1588,588,4890,4080,4890,1187,1508,44,67,96,100,36,60,29,79,180,63,26,120,42,142,262,253,146,167,366,166,4890,969,442,1508,1588
06037460800,1754800,-666666666,3418,0,0,0,2,12,119,63,110,56,1125,69,1383,92,2822,0.515,34,1137,,,0,1390,389,2822,2529,2822,804,1137,10,36,131,109,28,78,18,82,142,91,28,137,31,63,89,99,74,56,92,15,2822,957,168,1137,1390
06037460900,637000,1865,1867,38,168,79,56,812,94,204,140,56,1127,259,3581,1054,6582,0.3855,39,1939,6464.0,10125.0,8,2087,4177,6669,6132,6550,831,1939,8,53,88,67,67,16,35,124,158,48,71,66,200,90,145,49,408,356,89,191,6669,624,455,1939,2087
06037461000,644500,1475,2439,18,63,21,19,432,260,80,73,125,1099,172,2975,555,5624,0.4312,39,1531,6579.0,8529.0,0,1694,2928,5780,5152,5741,671,1531,79,11,140,109,0,14,44,217,121,53,63,49,116,165,272,87,210,179,191,106,5780,519,468,1531,1694
06037461100,766200,1730,2236,86,133,84,35,794,113,135,146,96,1063,64,2716,384,5438,0.4128,44,1857,6289.0,9842.0,175,1954,2406,5438,4893,5387,982,1857,17,13,95,60,98,50,100,89,191,82,90,84,205,176,145,68,138,209,101,108,5438,695,319,1857,1954
06037461200,956100,1816,2574,33,15,0,0,251,249,71,122,105,1441,63,2318,151,4479,0.4149,18,1692,10319.0,11495.0,15,1848,1003,4497,4185,4486,1173,1692,78,58,206,34,39,61,59,107,123,195,29,63,34,82,164,50,130,111,67,72,4497,1219,211,1692,1848
06037461300,736700,1904,2185,232,132,90,124,1310,28,55,55,63,1217,64,3121,530,6315,0.5198,196,2527,7696.0,12764.0,39,2672,1138,6456,5711,6369,1250,2527,32,115,168,74,28,143,145,47,118,179,126,145,144,104,148,136,233,48,267,34,6456,921,296,2527,2672
06037461400,695600,1818,1568,53,85,110,84,748,36,20,9,73,531,26,1593,391,3178,0.5216,54,1279,3253.0,6160.0,0,1385,1075,3207,2551,3129,595,1279,84,8,28,46,28,25,13,96,54,21,8,112,66,93,55,35,157,157,199,0,3207,406,111,1279,1385
06037461501,651500,1740,1870,53,51,29,42,646,93,85,32,20,647,91,2034,327,3917,0.4149,31,1293,3571.0,5863.0,0,1407,1840,3917,3815,3906,485,1293,47,55,88,24,0,0,21,81,158,69,111,6,149,99,64,111,149,149,125,79,3917,407,199,1293,1407
06037461502,610700,1571,1962,56,76,76,123,1057,106,34,56,95,768,70,2547,1562,5869,0.4617,77,1825,4145.0,8340.0,42,1912,3426,6533,5581,6434,524,1825,84,43,86,153,28,62,54,151,133,129,88,292,300,155,199,50,179,167,153,104,6533,426,280,1825,1912
06037461600,645400,1628,2336,101,213,39,138,1201,102,94,55,40,609,184,3231,963,6125,0.4919,61,1810,3793.0,9154.0,7,1913,3402,6125,5910,6111,746,1810,21,78,29,10,50,30,85,131,53,32,21,62,135,106,316,265,84,152,267,262,6125,347,227,1810,1913
06037461700,932200,2354,2988,8,8,33,0,96,98,63,26,31,548,60,803,67,1423,0.4902,9,644,3739.0,4284.0,5,679,226,1450,1308,1415,312,644,58,30,97,21,28,7,70,39,82,61,13,49,48,6,16,13,47,30,6,12,1450,524,22,644,679
06037461901,619200,1343,2284,180,204,291,125,1487,1,55,11,0,223,119,2612,1324,4809,0.4641,103,1710,1278.0,6460.0,0,1779,2790,4809,4101,4737,618,1710,15,59,20,18,29,0,84,11,7,92,91,0,120,99,237,35,69,74,231,47,4809,122,80,1710,1779
06037461902,763900,1554,-666666666,96,57,137,123,1088,0,0,0,0,78,79,944,631,1814,0.5541,105,1166,337.0,3644.0,77,1412,226,1814,1260,1814,143,1166,14,0,7,40,9,66,53,19,33,19,30,61,9,18,19,7,11,8,8,0,1814,63,8,1166,1412
06037462001,645300,1487,2258,103,169,123,8,926,0,40,20,16,319,163,2396,1080,4471,0.4212,35,1245,1906.0,5534.0,0,1295,3013,4524,3969,4468,574,1245,25,22,47,4,0,11,128,26,10,0,50,0,251,188,231,28,127,150,116,20,4524,217,82,1245,1295
06037462002,599400,1255,2224,17,76,50,66,889,0,55,0,29,241,27,1828,1300,3633,0.555,57,1130,1471.0,4063.0,15,1245,2537,3633,3354,3606,357,1130,8,48,44,10,0,0,37,0,72,12,108,40,144,125,126,41,80,51,109,174,3633,86,120,1130,1245
06037462100,789100,1461,2555,112,162,150,158,1285,118,121,35,43,631,110,2912,1071,5482,0.5155,52,1916,4150.0,9003.0,0,1936,2897,5504,4989,5456,698,1916,0,11,76,45,45,11,45,91,134,66,22,169,147,174,117,155,106,156,186,63,5504,429,202,1916,1936
06037462201,781300,1435,2670,255,123,238,252,1872,21,11,23,9,93,110,2027,1031,3823,0.5095,19,1965,509.0,6293.0,0,2093,1400,3883,3392,3863,530,1965,19,13,39,43,45,127,43,15,110,47,148,224,148,143,52,0,86,73,47,34,3883,72,21,1965,2093
06037462202,606400,2319,3089,148,194,45,112,1208,47,8,7,5,311,104,1765,884,3083,0.5333,51,1519,1309.0,5274.0,231,1920,634,3083,2267,2965,473,1519,23,21,19,19,6,5,34,12,27,18,22,35,102,32,17,0,145,42,27,8,3083,258,53,1519,1920
06037462301,655800,1691,2761,190,256,132,101,1576,60,45,31,10,345,217,2930,997,5216,0.4426,97,1921,1803.0,7863.0,0,2030,3080,5216,4712,5142,576,1921,27,91,41,20,15,58,18,58,20,67,73,89,106,232,221,127,171,99,111,76,5216,249,96,1921,2030
06037462302,580700,1851,2117,210,158,220,155,1267,50,27,37,0,338,81,2238,597,3311,0.4926,22,1605,1468.0,5897.0,131,1722,1018,3311,2419,3270,460,1605,0,13,54,10,54,25,0,46,37,38,53,47,37,92,0,10,104,50,8,0,3311,278,47,1605,1722
06037462400,842300,1764,2447,50,86,88,62,669,97,80,28,110,857,47,2272,412,3936,0.4748,19,1526,5479.0,8216.0,0,1584,1355,3943,3468,3943,779,1526,70,47,41,53,13,25,78,70,156,5,46,67,210,25,139,31,90,77,70,44,3943,635,222,1526,1584
06037462500,848100,1866,2688,103,106,81,76,953,173,289,226,63,1675,94,3200,403,6510,0.4345,36,2628,10640.0,14925.0,29,2786,1605,6538,5804,6429,1420,2628,49,88,41,153,89,25,137,121,170,197,35,34,350,251,120,138,60,180,211,75,6538,1222,440,2628,2786
06037462600,899100,1230,2909,43,26,11,22,209,60,146,45,36,716,146,1176,90,2278,0.4916,0,925,5110.0,5838.0,0,948,602,2286,2111,2255,518,925,66,39,49,30,19,61,37,65,19,99,30,25,64,19,136,28,16,98,133,32,2286,565,151,925,948
06037462700,796500,1682,1582,266,140,210,75,1501,49,73,6,91,703,260,3474,895,5377,0.4813,115,2204,3942.0,9548.0,68,2496,2119,5386,4489,5336,1012,2204,135,144,83,36,19,31,93,20,70,19,17,57,168,32,101,59,275,106,63,88,5386,535,154,2204,2496
06037462800,832500,1966,2632,25,130,109,100,652,8,13,36,66,405,51,1759,260,2854,0.3682,87,1057,2559.0,5421.0,0,1182,902,2854,2432,2834,436,1057,0,51,37,19,20,48,0,31,91,33,0,12,198,64,89,34,64,71,49,40,2854,312,84,1057,1182
06037462900,765500,1959,1862,77,35,45,82,344,192,140,70,14,1131,58,1866,164,3700,0.4296,68,1475,6539.0,8277.0,0,1542,1294,3700,3473,3670,825,1475,61,5,73,107,61,276,17,47,47,81,58,66,222,74,46,96,54,72,104,89,3700,921,191,1475,1542
06037463000,1109800,2307,3186,28,128,60,25,462,88,51,71,39,653,61,1550,141,2884,0.4923,46,1115,4203.0,5896.0,161,1223,403,2919,2233,2878,579,1115,31,17,23,95,0,52,7,17,65,42,16,45,90,37,93,39,174,82,40,35,2919,442,199,1115,1223
06037463103,843000,1894,2208,68,65,7,29,598,133,164,164,38,1407,58,2992,300,6093,0.4656,39,2005,9047.0,11886.0,16,2297,2276,6125,5579,6047,1116,2005,33,114,161,39,106,56,132,125,99,134,128,75,184,163,298,18,242,151,146,79,6125,1050,317,2005,2297
06037463200,865700,1717,2152,90,89,26,45,623,50,46,73,93,889,153,2079,249,3572,0.4799,9,1512,5827.0,8407.0,0,1566,822,3602,3281,3591,733,1512,28,28,84,46,43,41,78,56,69,119,107,131,30,66,33,92,93,67,83,50,3602,697,192,1512,1566
06037463300,933700,1612,3027,43,45,53,55,420,86,46,20,8,453,47,1304,167,2038,0.4832,5,873,2949.0,4686.0,4,921,414,2038,1758,2023,378,873,29,24,50,38,12,21,29,25,52,40,13,9,36,7,45,77,49,47,34,17,2038,372,77,873,921
06037463400,856800,1724,1888,151,251,38,109,1402,119,56,132,31,1126,74,3522,262,5818,0.4449,11,2528,6750.0,12401.0,142,2856,1589,5835,5366,5801,922,2528,9,94,89,109,73,0,27,82,219,55,91,28,212,136,55,42,194,57,42,71,5835,890,224,2528,2856
06037463500,589500,1854,2184,324,243,189,75,1852,83,88,91,14,645,300,3883,385,5055,0.4903,23,2497,3149.0,9968.0,0,3003,975,6064,4099,5916,834,2497,76,38,47,55,16,6,40,25,157,50,30,38,248,61,13,4,251,91,12,46,6064,599,38,2497,3003
06037463601,585500,1922,1905,357,319,393,287,2541,160,28,44,67,772,131,3942,878,5986,0.3977,24,3313,3359.0,12227.0,64,3751,1333,5993,4340,5879,895,3313,99,17,33,111,58,17,0,71,129,93,148,220,221,58,52,59,129,19,22,16,5993,677,95,3313,3751
06037463602,533300,2366,2232,223,637,237,244,2746,135,30,58,37,567,117,4086,921,6369,0.4478,20,3313,2260.0,10928.0,249,3753,1047,6414,4323,6275,1150,3313,101,12,44,11,42,121,72,61,88,202,61,0,74,46,79,38,374,53,23,0,6414,423,116,3313,3753
06037463700,1560300,2636,3352,124,198,149,97,1004,57,44,19,24,621,55,1921,237,3151,0.4894,17,1625,4685.0,8112.0,216,2045,467,3151,2264,3124,684,1625,38,83,59,31,77,48,24,58,80,59,38,100,44,72,54,41,22,50,64,0,3151,593,28,1625,2045
06037463800,1182300,2778,3068,36,34,39,0,189,219,94,154,73,1359,63,2058,145,4147,0.4761,10,1548,9421.0,10479.0,0,1669,859,4188,3837,4150,915,1548,62,89,61,123,75,52,42,134,176,103,43,19,191,245,179,47,184,147,53,55,4188,1002,357,1548,1669
06037463900,996400,2089,2453,39,90,64,57,672,25,34,65,39,770,153,1600,189,3075,0.4749,9,1442,4928.0,8324.0,29,1770,391,3249,2686,3188,698,1442,47,115,101,63,52,73,21,69,192,143,98,151,99,35,73,1,49,20,68,9,3249,682,88,1442,1770
06037464000,1257200,1759,2773,73,170,152,33,850,188,245,59,123,1663,266,3333,346,5544,0.5031,0,2513,11273.0,14993.0,0,2809,915,5575,4854,5530,982,2513,0,0,199,116,30,0,46,139,77,101,73,193,219,163,82,52,154,109,98,34,5575,1476,187,2513,2809
06037464101,2000001,-666666666,2326,0,0,0,0,40,62,20,72,16,700,19,1037,172,2176,0.4189,0,740,5912.0,6137.0,0,907,44,2176,2124,2169,551,740,18,37,55,62,35,44,19,62,53,61,19,25,84,0,60,39,0,61,80,55,2176,577,123,740,907
06037464102,2000001,2463,3980,86,16,0,0,285,122,42,56,27,984,47,2162,578,4742,0.4198,0,1269,7990.0,10208.0,0,1483,473,4742,3611,4742,908,1269,83,86,97,129,0,26,0,100,135,91,42,84,104,139,167,170,156,83,136,180,4742,810,174,1269,1483
06037464200,1830500,3501,3336,33,27,32,38,300,93,117,111,147,1717,62,2651,175,6074,0.496,9,2017,12009.0,13909.0,54,2210,399,6102,5615,6077,1464,2017,100,115,139,50,81,41,81,74,191,105,89,108,84,325,284,232,198,121,202,134,6102,1230,431,2017,2210
06037480002,927600,2447,2586,33,14,19,14,201,44,115,94,26,1042,238,1966,129,3890,0.3695,52,1243,6722.0,7842.0,7,1337,727,3978,3621,3930,805,1243,35,56,52,59,151,141,55,72,82,52,55,72,102,33,98,81,87,93,109,78,3978,766,244,1243,1337
06037480011,763600,1615,1634,136,107,17,91,1061,52,84,29,41,721,134,2708,829,5117,0.4307,26,1782,4208.0,8586.0,32,1892,1674,5154,4228,4953,829,1782,26,103,34,41,21,32,35,198,59,18,96,24,208,148,234,96,270,119,112,155,5154,500,214,1782,1892
06037480012,834500,1545,1752,88,38,136,75,656,71,35,71,91,961,0,2298,241,4689,0.4036,23,1617,5883.0,8209.0,8,1747,875,4689,4352,4644,1008,1617,45,129,113,35,21,21,69,28,124,107,43,139,174,154,80,60,131,125,106,133,4689,515,416,1617,1747
06037480101,884400,1918,2299,2,44,135,6,553,71,55,119,25,696,132,1870,421,3990,0.4135,11,1249,4506.0,6957.0,27,1325,367,3996,3553,3996,667,1249,27,112,78,15,53,78,80,61,141,43,74,57,188,46,89,85,238,72,74,35,3996,455,202,1249,1325
06037480102,775800,1667,1921,33,15,69,28,482,47,136,57,32,845,110,2204,390,4362,0.4403,18,1327,5439.0,7443.0,0,1452,786,4428,4237,4415,833,1327,44,60,97,48,50,25,60,99,101,87,74,37,109,82,96,73,113,151,120,70,4428,504,313,1327,1452
06037480201,879900,2309,2507,22,0,24,0,153,135,71,46,80,1022,89,1853,63,3631,0.4313,0,1175,6898.0,7715.0,0,1319,799,3722,3436,3651,785,1175,4,71,97,52,38,45,24,59,143,78,16,88,175,28,125,56,70,61,148,45,3722,649,334,1175,1319
06037480202,873000,1863,1923,37,17,37,46,242,34,27,35,36,754,28,1421,192,2772,0.4521,9,996,4616.0,5826.0,5,1113,798,2772,2515,2745,550,996,34,18,23,125,26,54,37,146,33,57,104,13,135,90,81,37,91,52,80,38,2772,568,160,996,1113
06037480302,704900,1420,2130,157,131,162,101,1094,90,68,79,39,676,43,2496,392,4217,0.4829,52,1770,3980.0,8116.0,13,1797,1414,4217,3700,4171,802,1770,10,30,84,111,71,93,62,76,55,54,169,79,75,22,116,91,55,82,63,43,4217,519,141,1770,1797
06037480303,598300,1605,1359,114,194,95,127,1204,20,30,0,33,348,240,2678,429,4499,0.3644,5,1552,1923.0,6694.0,26,1630,1751,4499,3750,4412,610,1552,74,12,114,28,24,0,70,52,83,43,26,40,142,138,38,153,114,87,112,54,4499,208,140,1552,1630
06037480304,591500,1409,1424,107,231,150,108,1565,11,0,7,0,310,60,2540,789,4288,0.5339,77,1875,1568.0,6973.0,111,1992,1353,4482,3920,4482,656,1875,28,77,93,28,30,55,44,45,92,80,82,82,66,40,80,65,97,66,105,167,4482,203,107,1875,1992
06037480400,808700,1673,2029,124,254,62,38,1214,101,54,72,26,932,55,2709,496,5435,0.5064,60,2146,5527.0,10021.0,10,2452,1753,5446,4950,5389,903,2146,118,69,21,161,32,50,28,38,282,205,21,158,237,103,55,28,148,118,84,116,5446,633,271,2146,2452
06037480500,1360000,1543,3635,117,152,54,73,654,196,132,44,94,1392,46,3002,413,5132,0.5236,13,2046,11250.0,13898.0,0,2246,756,5137,4767,5125,1083,2046,86,94,73,43,54,49,42,125,82,64,78,64,54,254,154,144,63,28,139,78,5137,1178,214,2046,2246
06037480601,915600,1920,2289,122,216,150,203,1191,45,30,11,38,321,188,2187,502,3925,0.4732,0,1512,2103.0,6893.0,0,1581,995,3925,3272,3884,599,1512,71,0,17,0,0,0,17,61,28,0,15,23,87,322,219,72,77,143,143,80,3925,229,77,1512,1581
06037480602,969900,1839,3167,194,106,36,109,905,158,135,41,35,696,75,2421,138,3848,0.4201,62,1601,4594.0,7981.0,0,1749,661,3959,3653,3931,843,1601,61,30,40,15,10,35,90,33,49,29,26,126,143,126,78,78,141,79,36,103,3959,555,141,1601,1749
06037480702,1139400,2175,2482,79,88,10,0,417,165,66,108,66,1084,147,2230,122,4134,0.4535,8,1501,7267.0,9465.0,0,1730,727,4134,3763,4099,984,1501,64,40,85,66,76,41,60,65,55,72,50,68,199,116,135,31,76,196,117,87,4134,784,280,1501,1730
06037480703,1065600,1765,3225,76,50,124,36,572,103,22,51,12,675,87,2249,152,4132,0.4615,0,1247,4594.0,7152.0,0,1281,913,4132,3657,4068,662,1247,40,39,40,7,35,13,18,42,80,51,27,35,191,228,118,61,86,180,120,87,4132,405,238,1247,1281
06037480704,944900,1754,3052,119,413,98,27,1194,74,89,26,58,570,47,2353,407,4176,0.427,22,1764,3496.0,8289.0,7,1898,786,4191,3655,4154,697,1764,46,40,36,14,20,0,46,54,56,86,33,39,91,123,271,85,134,196,108,61,4191,325,236,1764,1898
06037480802,600100,1200,1527,62,58,32,11,398,83,53,169,33,734,73,1625,461,3238,0.367,28,1132,3507.0,4880.0,0,1132,1618,3277,3206,3258,627,1132,59,46,56,24,36,104,38,66,139,35,60,24,116,42,76,78,43,11,71,33,3277,340,326,1132,1132
06037480803,631000,1589,1633,75,60,21,30,525,14,23,82,62,719,74,1891,366,3440,0.4611,36,1244,4025.0,6130.0,0,1281,1941,3474,3200,3453,553,1244,57,62,100,12,8,0,80,60,75,37,29,35,105,96,133,95,73,79,61,48,3474,443,222,1244,1281
06037480804,611500,1510,1855,159,138,139,150,1393,90,76,20,10,418,99,2874,637,5339,0.4147,65,1811,2180.0,7591.0,0,1981,2095,5350,4947,5251,966,1811,61,52,30,71,38,16,16,54,162,50,54,80,322,40,104,57,221,217,57,69,5350,285,95,1811,1981
06037480901,606400,1457,1727,183,175,116,111,1314,48,10,45,1,366,106,2763,863,4978,0.4199,115,1680,1910.0,6744.0,0,1746,1802,5020,4424,4944,662,1680,58,94,58,44,29,25,69,73,57,117,79,89,113,81,162,77,70,126,103,116,5020,199,131,1680,1746
06037480902,544200,1392,1821,102,114,128,47,1127,0,5,12,9,255,103,2234,1106,4452,0.4274,103,1382,1236.0,5284.0,0,1501,1796,4452,4078,4427,703,1382,20,38,8,21,95,0,21,46,58,98,15,44,138,84,146,173,64,137,291,74,4452,73,159,1382,1501
06037480903,648200,1398,1894,48,60,38,46,759,32,56,15,16,347,68,1676,651,3181,0.4375,21,1106,1906.0,4757.0,9,1120,883,3181,3021,3138,439,1106,52,34,43,26,27,5,27,39,88,43,38,95,106,58,48,125,157,56,61,26,3181,213,99,1106,1120
06037481001,631900,1579,2237,119,85,104,119,1140,52,30,37,20,621,79,2120,538,4516,0.4555,89,1761,2886.0,7755.0,18,1852,1140,4826,4518,4811,730,1761,14,184,186,58,61,133,165,161,90,90,77,339,75,63,110,65,55,104,81,90,4826,292,321,1761,1852
06037481002,569000,1597,1367,166,120,223,71,1453,71,85,46,12,609,109,2879,191,5187,0.4291,104,2062,2821.0,8077.0,68,2240,1644,5187,4367,5148,825,2062,78,76,58,75,39,84,43,102,95,66,111,108,246,81,46,16,88,114,186,0,5187,429,180,2062,2240
06037481101,634600,1503,1904,118,181,116,98,1113,58,13,27,38,336,147,2416,534,4171,0.4095,9,1449,1844.0,6274.0,56,1590,1469,4427,3910,4366,606,1449,27,55,60,25,32,73,26,41,114,93,127,152,91,55,94,35,99,87,166,139,4427,216,57,1449,1590
06037481102,595900,1674,1955,100,136,50,77,1142,0,21,8,7,159,98,1825,364,3466,0.541,7,1301,757.0,5018.0,29,1378,871,3643,3059,3560,585,1301,41,20,13,33,49,6,8,54,99,32,37,92,222,140,50,109,91,61,83,42,3643,102,57,1301,1378
06037481103,699400,1433,1375,134,140,83,26,830,39,78,13,98,874,87,2976,845,5305,0.4476,41,1704,4929.0,8119.0,62,1897,1778,5365,5066,5290,779,1704,28,126,89,34,16,60,86,115,111,82,15,207,102,46,196,90,115,156,68,111,5365,514,312,1704,1897
06037481201,662000,1662,-666666666,69,48,51,64,694,31,42,28,16,554,119,1918,604,4028,0.3885,51,1248,3119.0,5972.0,26,1277,1383,4095,3784,4095,654,1248,60,91,66,37,9,18,49,81,57,57,48,20,38,143,193,73,114,163,158,89,4095,339,215,1248,1277
06037481203,623400,1472,1913,117,102,97,156,1050,93,116,19,25,870,198,3464,475,6124,0.3943,44,1920,4981.0,9094.0,0,2097,2000,6128,5571,6096,922,1920,55,110,224,73,100,43,27,118,87,29,37,124,272,122,90,66,83,130,112,55,6128,445,393,1920,2097
06037481300,596700,1219,1204,42,30,16,77,335,49,20,33,0,517,81,1603,307,3220,0.4209,30,852,2819.0,4156.0,13,870,995,3225,3110,3202,489,852,21,53,63,67,10,68,78,41,69,23,19,100,69,56,86,88,35,64,136,71,3225,240,218,852,870
06037481401,613700,1476,1506,108,68,80,27,937,20,55,48,49,717,115,3046,884,5478,0.4481,5,1654,4108.0,7910.0,32,1795,1143,5494,5200,5465,833,1654,77,71,73,24,13,22,27,61,69,141,41,82,163,76,79,105,63,189,68,69,5494,406,257,1654,1795
06037481403,668100,1382,929,47,57,60,0,476,72,16,19,16,375,117,1592,536,3155,0.4355,0,851,2029.0,3986.0,0,888,524,3172,3051,3160,412,851,0,31,38,33,39,23,33,137,0,10,125,26,180,33,105,31,36,42,10,79,3172,231,72,851,888
06037481404,658600,1460,1182,27,27,48,0,498,52,82,33,43,640,94,2065,233,3758,0.3938,15,1138,3956.0,6248.0,0,1252,713,3758,3649,3713,559,1138,15,113,34,19,59,45,102,93,74,67,154,132,71,43,121,55,72,62,57,0,3758,423,134,1138,1252
06037481500,629900,1719,982,54,56,20,59,531,32,133,62,38,1065,146,2316,352,4460,0.4061,35,1596,5758.0,8054.0,0,1643,741,4542,4323,4519,841,1596,72,88,143,85,25,78,41,126,134,139,171,126,63,36,75,147,86,76,101,75,4542,632,355,1596,1643
06037481603,641600,1440,-666666666,35,33,74,21,557,25,14,6,7,590,137,1777,411,3226,0.4459,43,1147,3156.0,5269.0,0,1319,728,3226,2714,3196,531,1147,31,73,65,76,10,0,68,56,54,17,15,12,112,77,133,16,70,113,87,20,3226,404,179,1147,1319
06037481604,532400,1454,1395,177,115,44,64,914,34,29,48,12,492,118,2093,266,3970,0.4018,12,1406,2658.0,6155.0,0,1513,1493,3970,3413,3928,753,1406,9,39,99,12,32,41,75,10,86,73,34,121,140,158,65,80,152,49,83,50,3970,235,252,1406,1513
06037481605,549700,1289,-666666666,61,95,31,91,589,14,23,19,0,457,51,1680,286,2711,0.4339,7,1046,2359.0,4620.0,9,1071,632,2711,2646,2711,416,1046,12,41,55,47,8,30,62,75,76,35,31,20,32,33,63,77,87,16,21,50,2711,275,182,1046,1071
06037481606,631000,1462,1824,143,122,69,48,1141,8,63,10,85,486,133,2675,894,5065,0.4577,14,1627,2552.0,6800.0,0,1728,1481,5081,4706,5051,990,1627,36,80,96,145,32,66,73,65,77,132,77,87,17,159,114,96,117,160,158,33,5081,226,193,1627,1728
06037481711,493600,1510,1859,75,69,105,173,1003,8,43,8,28,332,96,1916,570,4050,0.3824,26,1335,1825.0,5531.0,0,1452,382,4238,3655,4221,629,1335,46,51,116,69,29,149,118,55,64,95,81,194,68,124,82,79,50,89,54,45,4238,198,117,1335,1452
06037481712,640100,1509,1801,75,134,20,125,1206,14,12,65,10,513,221,2835,1132,5570,0.4938,75,1719,2863.0,7282.0,33,1748,854,5570,5317,5487,1005,1719,136,27,78,21,19,192,71,40,64,113,172,75,203,92,87,165,75,58,106,224,5570,265,248,1719,1748
06037481713,621100,1683,2028,100,92,42,22,690,14,29,26,6,271,97,1460,423,2655,0.464,29,961,1373.0,4146.0,0,1158,646,2655,2148,2639,501,961,42,80,23,55,25,41,0,27,33,46,59,3,49,69,60,27,62,68,10,48,2655,153,118,961,1158
06037481714,499500,1200,876,51,43,68,65,673,17,7,24,12,269,57,1151,646,2696,0.5042,20,942,1361.0,3809.0,0,977,181,2702,2527,2702,418,942,4,34,55,80,35,55,29,45,57,65,70,209,35,32,43,46,68,24,117,21,2702,161,89,942,977
06037481800,650800,1682,1287,19,16,0,5,179,72,87,40,38,704,35,1280,95,2477,0.4263,17,883,4157.0,4929.0,5,938,501,2485,2386,2436,511,883,15,54,64,17,38,76,12,57,75,73,54,108,80,41,58,28,13,37,81,40,2485,511,181,883,938
06037481901,642900,1841,1650,57,40,36,31,609,132,101,70,130,1427,155,2989,365,5716,0.4374,52,2036,8174.0,11044.0,0,2044,3035,5758,5384,5674,1101,2036,64,60,172,62,49,78,55,139,117,101,104,109,111,172,325,91,45,145,159,112,5758,905,420,2036,2044
06037481902,647600,1527,1791,0,37,41,46,461,23,10,45,65,574,31,1593,580,3315,0.3878,29,1035,3246.0,4953.0,30,1157,1655,3325,3039,3281,395,1035,69,88,29,70,28,68,21,4,66,56,28,73,83,126,131,16,157,89,58,19,3325,372,153,1035,1157
06037482001,689700,1721,1417,0,0,21,0,155,96,69,18,23,802,56,1137,136,2673,0.4149,14,957,5080.0,5728.0,6,994,361,2673,2500,2654,592,957,51,78,33,15,112,77,32,87,79,31,132,114,91,45,22,65,12,96,43,11,2673,495,297,957,994
06037482002,749600,1244,1224,124,267,203,20,1195,78,78,130,78,1400,269,3361,674,6939,0.4482,74,2595,8306.0,12389.0,0,2666,2352,6947,6170,6885,1230,2595,19,100,199,108,249,67,28,181,200,138,206,113,222,290,195,203,93,191,196,44,6947,1064,311,2595,2666
06037482101,663200,1496,1576,68,119,88,62,758,45,53,35,55,717,114,2303,479,4565,0.4566,45,1475,4005.0,6786.0,12,1587,1168,4574,4028,4544,690,1475,39,30,96,118,65,55,68,91,113,136,92,46,100,75,127,69,150,109,122,122,4574,319,312,1475,1587
06037482102,708700,2163,1653,19,45,23,30,220,72,113,15,55,794,66,1487,266,3059,0.4177,50,1014,4880.0,6143.0,0,1108,632,3079,2802,3066,551,1014,52,86,68,78,14,41,81,117,83,90,69,75,107,68,76,8,65,142,79,7,3079,534,229,1014,1108
06037482201,626200,1388,1841,68,79,87,25,622,62,0,12,66,667,102,1729,669,3906,0.4765,152,1289,3383.0,5595.0,7,1379,971,3923,3378,3906,607,1289,12,53,80,80,44,70,21,53,108,114,63,71,115,65,111,32,129,97,44,25,3923,334,300,1289,1379
06037482202,545500,1634,1568,108,193,44,20,1133,15,19,78,31,582,130,2525,683,5293,0.4344,122,1715,3176.0,7835.0,0,1765,1120,5329,5044,5250,1025,1715,63,143,117,75,41,7,67,113,89,130,6,78,198,214,132,87,50,142,190,86,5329,364,192,1715,1765
06037482301,636200,1455,1299,0,137,128,36,814,83,16,0,3,522,248,2932,823,5514,0.459,53,1336,2696.0,6283.0,5,1405,925,5515,5390,5514,797,1336,55,184,92,39,36,59,89,92,56,26,73,100,55,132,172,119,141,122,116,168,5515,238,180,1336,1405
06037482303,498300,1449,1090,91,92,58,170,947,14,32,0,13,557,134,2661,931,5713,0.4392,40,1504,2913.0,6459.0,29,1561,1703,5713,5141,5674,948,1504,59,167,63,111,47,81,152,61,107,65,0,30,139,142,166,152,342,145,125,43,5713,192,313,1504,1561
06037482304,557200,1292,642,71,43,83,17,624,15,0,0,0,191,88,1549,917,2984,0.4259,23,815,767.0,3175.0,12,923,1266,3037,2805,3023,320,815,42,28,45,21,19,37,20,44,77,29,41,34,70,105,46,119,68,82,79,48,3037,64,93,815,923
06037482401,625800,1441,1336,81,45,46,19,610,25,21,13,19,347,83,1801,430,3491,0.4109,31,957,1867.0,4129.0,0,984,1395,3491,3385,3466,554,957,86,44,48,34,33,34,50,44,93,62,37,13,76,83,145,65,177,44,22,63,3491,133,143,957,984
06037482403,510000,1334,665,45,53,53,41,675,0,0,0,0,277,0,1517,724,3471,0.3826,28,952,1250.0,3622.0,0,952,1575,3471,3397,3471,676,952,39,13,23,33,0,121,13,30,71,39,8,119,167,14,79,91,137,0,188,16,3471,73,141,952,952
06037482404,483700,2181,2313,0,0,0,18,224,118,34,81,29,1007,52,1753,129,3340,0.4249,10,1231,5926.0,7178.0,0,1231,661,3443,3238,3443,816,1231,37,136,76,25,47,18,28,152,57,40,27,137,0,0,118,353,31,26,100,23,3443,681,326,1231,1231
06037482502,605000,1225,1250,28,46,35,47,493,5,21,40,13,386,89,1646,542,3394,0.4813,7,879,2207.0,4094.0,0,983,656,3399,3161,3380,486,879,25,46,40,19,39,48,41,39,47,57,33,23,126,105,108,123,132,33,71,46,3399,126,192,879,983
06037482503,606900,1536,1230,50,97,109,43,590,68,25,3,43,467,113,2116,315,4303,0.3499,12,1057,2599.0,5255.0,7,1116,1090,4303,4067,4250,622,1057,35,51,58,46,25,28,145,42,29,56,77,62,212,172,140,39,83,47,171,37,4303,181,198,1057,1116
06037482521,522500,1794,1362,26,28,15,60,407,83,34,33,72,1041,137,2800,379,5371,0.4135,72,1448,5442.0,7368.0,0,1553,1666,5642,5323,5542,859,1448,111,77,155,47,18,78,186,63,98,95,153,129,199,58,123,103,244,99,152,107,5642,411,483,1448,1553
06037482522,438300,1564,1070,74,61,26,35,522,103,52,65,0,969,114,2409,290,4347,0.3719,77,1491,5554.0,7669.0,10,1518,2077,4403,3908,4337,746,1491,50,52,51,9,82,161,149,28,101,90,76,198,115,54,125,121,84,145,98,14,4403,560,336,1491,1518
06037482600,663900,1868,1312,60,5,85,28,756,141,33,95,8,1484,66,3142,503,6446,0.4802,35,2240,9080.0,12315.0,66,2364,1682,6446,5996,6384,1507,2240,86,102,63,173,116,249,119,48,90,115,247,132,73,231,113,220,24,109,225,75,6446,1089,370,2240,2364
06037482701,601400,1570,1494,97,15,22,64,580,104,88,30,69,740,100,2197,446,4078,0.371,24,1320,3895.0,5957.0,0,1411,2327,4120,3708,4073,540,1320,22,60,58,58,5,42,21,131,94,76,50,115,105,110,229,21,105,54,55,83,4120,427,241,1320,1411
06037482702,600600,1781,1536,11,10,48,14,274,36,68,21,22,549,26,1241,141,2373,0.453,0,823,3246.0,4443.0,0,863,943,2383,2174,2356,403,823,29,43,24,29,19,42,60,40,39,36,53,125,31,20,42,29,102,46,60,85,2383,345,161,823,863
06037482801,612000,1506,788,45,49,42,25,426,23,46,70,30,844,144,1867,348,4162,0.4069,27,1270,4558.0,6307.0,0,1338,1930,4162,3940,4137,582,1270,14,18,134,27,63,43,75,63,66,119,67,80,227,80,108,37,98,226,115,50,4162,424,386,1270,1338
06037500100,898600,-666666666,2380,0,0,0,0,66,87,67,111,15,999,29,1634,49,3499,0.4363,59,1065,7260.0,7823.0,4,1111,1192,3521,2957,3478,732,1065,26,61,90,62,30,104,20,44,153,129,49,39,147,31,109,42,104,40,141,46,3521,779,183,1065,1111
06037500202,991600,1421,2985,27,0,0,45,176,189,112,16,91,1293,65,2067,42,4941,0.4677,8,1469,10392.0,11046.0,7,1602,2233,4970,4604,4906,1000,1469,44,108,74,66,122,82,27,193,141,48,115,146,143,187,90,58,119,95,302,25,4970,885,408,1469,1602
06037500203,663200,2600,2390,0,21,58,0,106,80,181,73,87,1117,53,2002,73,4068,0.3317,29,1223,7101.0,7598.0,0,1223,1289,4230,4083,4230,835,1223,35,20,101,96,84,82,20,58,15,72,110,138,189,168,130,38,121,66,97,78,4230,632,450,1223,1223
06037500204,897000,3250,2491,21,0,21,0,97,160,21,0,24,762,26,1234,50,2127,0.4971,0,859,5621.0,6059.0,0,872,287,2134,1979,2075,595,859,0,128,52,21,27,21,42,48,95,22,21,0,0,65,131,65,59,0,3,47,2134,673,89,859,872
06037500300,648400,2053,1615,13,14,0,7,72,55,82,86,45,1075,50,1533,67,2931,0.3916,0,1147,6868.0,7278.0,0,1165,1495,2931,2882,2915,721,1147,86,47,145,69,34,32,104,152,39,117,9,8,32,27,25,8,35,134,77,39,2931,821,254,1147,1165
06037500402,488900,1264,1777,46,93,28,62,566,49,23,30,96,673,36,2391,424,5182,0.4433,54,1239,3421.0,5610.0,0,1257,4637,5190,4888,5094,659,1239,19,59,85,50,93,14,17,47,53,81,104,48,142,185,252,193,173,141,137,80,5190,202,403,1239,1257
06037500403,458700,2181,1465,0,0,42,0,60,152,143,65,61,1008,65,1708,387,3464,0.4075,26,1068,6048.0,6359.0,0,1101,2998,3464,3312,3431,522,1068,37,18,71,40,28,23,53,23,87,68,33,192,98,92,128,143,55,71,72,62,3464,565,415,1068,1101
06037500404,458700,1773,1651,35,20,5,0,244,142,81,113,94,1033,90,2527,197,4250,0.3819,41,1277,5655.0,6935.0,0,1313,3620,4278,4122,4278,780,1277,139,88,40,126,37,50,40,102,111,77,27,15,77,93,128,60,178,12,104,44,4278,519,445,1277,1313
06037500500,335800,1319,1158,25,8,36,0,230,54,14,31,64,604,16,1342,234,2830,0.4015,18,834,2851.0,3896.0,5,863,2544,2846,2636,2825,421,834,40,45,14,47,30,13,47,21,120,24,72,31,83,69,88,121,24,34,65,121,2846,249,243,834,863
06037500600,433500,1265,1524,9,13,35,15,213,75,99,87,66,997,59,2528,466,5036,0.3961,33,1210,5316.0,6188.0,0,1336,4837,5036,4749,4970,786,1210,0,26,61,134,33,17,28,18,70,117,102,51,90,110,142,126,75,177,290,195,5036,336,489,1210,1336
06037500700,466300,1756,-666666666,32,68,100,23,439,80,107,111,63,1414,113,3452,1014,7072,0.4023,10,1853,8237.0,10048.0,0,1853,6675,7196,6734,7151,971,1853,92,92,71,90,24,226,34,102,88,150,94,245,113,229,226,146,168,217,191,160,7196,702,670,1853,1853
06037500800,469100,1905,1797,69,23,63,7,370,83,64,31,83,973,95,2786,226,5252,0.386,16,1343,5708.0,7432.0,0,1386,4944,5299,4790,5225,826,1343,45,48,55,110,56,15,19,60,77,132,4,49,160,152,252,135,119,47,129,153,5299,438,381,1343,1386
06037500900,453600,1197,1763,99,57,100,245,1002,158,138,39,34,849,69,2957,1100,5862,0.5172,8,1851,4745.0,8132.0,0,1896,5412,5948,5586,5908,703,1851,18,87,85,79,14,11,138,93,194,56,26,182,128,207,106,188,20,232,286,173,5948,320,460,1851,1896
06037501001,462600,1578,1986,31,43,16,53,292,57,47,51,64,474,42,1549,547,3331,0.3385,0,766,2579.0,4032.0,0,780,3212,3361,3042,3215,514,766,71,18,12,28,30,16,15,40,25,17,27,30,137,83,90,156,146,83,152,60,3361,174,271,766,780
06037501002,479000,1762,1946,24,10,56,39,233,221,92,80,162,1141,144,2393,155,4759,0.3623,20,1374,6384.0,7407.0,0,1374,3936,4759,4667,4722,944,1374,39,46,66,46,46,18,29,53,98,68,29,65,138,221,149,88,77,145,102,76,4759,563,535,1374,1374
06037501200,538400,1425,2020,96,21,28,59,440,155,130,105,38,944,119,2479,236,4807,0.3369,8,1384,5677.0,7607.0,0,1423,3184,4814,4279,4759,857,1384,56,40,21,50,35,19,79,36,77,72,56,69,98,212,237,122,166,227,139,122,4814,553,345,1384,1423
06037501301,554000,1458,1752,11,94,0,0,239,103,55,75,5,863,84,1407,101,3098,0.3186,17,1102,5012.0,5964.0,0,1133,2020,3098,2896,3055,466,1102,15,120,0,58,21,14,25,46,97,105,0,206,104,137,45,52,51,60,13,36,3098,636,195,1102,1133
06037501302,611200,1356,2143,8,110,69,0,770,189,5,31,0,699,153,1893,353,3766,0.4501,29,1469,3938.0,7049.0,0,1509,2781,3766,3561,3745,596,1469,0,69,166,48,18,13,0,121,195,25,29,54,21,162,80,67,197,54,68,69,3766,521,164,1469,1509
06037501400,540700,1314,1960,135,14,29,54,874,48,48,27,35,377,134,1804,610,3419,0.4599,10,1251,2158.0,5588.0,0,1301,2728,3430,3001,3423,506,1251,0,64,26,14,18,0,70,25,27,23,42,14,85,57,96,52,155,142,76,69,3430,176,200,1251,1301
06037501501,662000,1811,2293,48,33,0,4,159,86,106,98,31,672,55,1180,249,2150,0.3545,16,831,4598.0,5290.0,11,851,1193,2150,1983,2150,371,831,35,88,38,54,16,15,29,45,63,44,27,37,12,42,52,0,22,29,37,36,2150,549,119,831,851
06037501503,578900,1461,1913,229,150,180,136,1407,81,45,0,21,411,123,2918,814,5583,0.4044,16,1818,2522.0,8324.0,0,1942,4115,5583,4964,5540,684,1818,22,64,77,0,13,0,84,40,103,46,51,120,216,108,237,105,145,222,276,105,5583,309,102,1818,1942
06037501504,483000,1109,2176,142,180,134,149,1350,6,33,38,0,124,21,1501,556,3206,0.4416,46,1474,693.0,4852.0,0,1546,2465,3222,2841,3159,338,1474,51,16,43,47,15,69,33,67,107,29,139,106,77,88,50,9,83,123,95,103,3222,86,38,1474,1546
06037501600,731700,1456,2800,68,79,195,13,820,115,122,153,45,1427,257,3697,660,6481,0.4357,38,2247,10073.0,13421.0,0,2247,3220,7425,6303,7305,1131,2247,141,214,44,15,108,38,186,43,77,157,81,51,205,183,360,172,115,240,85,246,7425,1169,232,2247,2247
06037501700,619700,1486,2096,60,22,45,47,377,116,142,38,68,909,62,1678,183,3486,0.4509,8,1286,5652.0,7292.0,0,1343,1934,3486,3115,3474,737,1286,35,58,23,16,53,27,17,8,84,42,0,205,104,183,106,48,95,130,70,54,3486,601,308,1286,1343
06037501802,582000,1609,1753,25,34,25,45,519,44,94,36,66,697,35,1558,459,3248,0.4198,12,1216,4045.0,5916.0,0,1260,2189,3281,2901,3249,533,1216,18,22,39,61,44,33,12,35,14,59,61,60,165,80,179,33,134,49,76,72,3281,449,227,1216,1260
06037501803,476300,1208,1984,50,150,162,150,1203,49,0,6,36,159,105,2428,596,4276,0.3806,47,1362,764.0,4848.0,6,1405,3566,4372,3746,4275,527,1362,55,5,60,17,0,23,0,30,44,30,5,21,130,136,147,230,224,121,124,147,4372,63,81,1362,1405
06037501804,454200,1282,2006,56,35,52,73,541,0,42,24,7,177,33,933,456,2123,0.4956,40,718,967.0,2706.0,0,804,1747,2174,1980,2135,243,718,9,38,10,16,8,27,21,36,35,54,13,40,123,68,86,42,130,70,34,36,2174,82,78,718,804
06037501900,514700,-666666666,1989,12,0,0,8,197,67,90,73,117,1043,116,2109,320,4259,0.3575,16,1240,5803.0,6850.0,0,1301,3067,4259,4110,4259,759,1240,28,31,48,56,33,9,127,97,52,48,10,73,76,120,156,84,179,107,124,102,4259,485,517,1240,1301
06037502003,458700,1380,1707,30,30,27,36,314,42,39,20,46,382,111,1479,422,2609,0.3353,31,696,2096.0,3318.0,0,711,2214,2609,2422,2603,414,696,14,40,37,3,6,8,16,33,17,0,26,7,57,95,127,80,49,38,131,71,2609,150,209,696,711
06037502004,455200,1597,1993,31,35,30,81,402,59,65,59,33,562,82,1987,512,4277,0.3903,27,964,2939.0,4892.0,0,994,3835,4284,4064,4273,515,964,30,68,32,58,0,11,33,30,51,91,25,11,82,182,257,163,82,69,173,102,4284,175,251,964,994
06037502005,487300,1629,1834,21,35,18,86,475,78,142,45,13,787,106,2231,290,4905,0.3903,39,1262,4623.0,6642.0,0,1262,3888,4905,4740,4812,622,1262,74,54,19,12,31,14,71,53,60,81,44,26,217,123,268,147,106,229,210,140,4905,364,351,1262,1262
06037502100,430500,1354,998,50,35,77,0,559,78,120,52,115,1068,49,2035,631,4623,0.4572,53,1627,5696.0,7907.0,0,1627,3933,4881,4531,4851,697,1627,45,0,99,52,28,79,37,60,129,105,29,195,68,144,33,122,79,273,168,61,4881,699,320,1627,1627
06037502200,467100,1650,1375,26,128,83,87,613,120,169,57,64,1268,224,3678,751,7039,0.4185,48,1881,7266.0,9694.0,0,1905,6387,7039,6715,6981,1197,1881,80,163,27,101,8,77,55,64,164,143,30,69,132,120,132,52,302,187,166,117,7039,664,518,1881,1905
06037502303,460800,1409,1750,69,83,66,52,744,135,56,107,66,1301,154,3654,1332,8436,0.3735,147,2045,6949.0,9741.0,0,2089,7754,8506,8188,8446,1037,2045,89,55,126,74,184,39,60,97,137,197,85,107,226,240,493,167,339,236,205,134,8506,580,466,2045,2089
06037502401,485500,1102,1602,9,24,6,42,391,50,102,75,117,957,126,2463,543,4895,0.3519,138,1348,5319.0,6861.0,18,1372,4357,5059,4748,4878,735,1348,20,43,54,61,15,9,34,69,27,71,75,112,215,170,125,35,288,150,254,81,5059,441,380,1348,1372
06037502402,466900,1763,1445,19,23,0,14,92,104,55,61,70,896,160,1835,132,3629,0.3714,29,988,5151.0,5649.0,0,1000,3337,3678,3426,3644,641,988,36,55,79,34,50,65,50,125,85,65,33,31,41,72,90,62,122,93,135,51,3678,442,372,988,1000
06037502500,471600,1360,1765,38,92,19,86,537,63,87,98,26,597,146,2346,367,4003,0.4463,11,1134,3303.0,5333.0,0,1158,3932,4166,3977,4153,556,1134,54,28,90,35,36,0,67,30,95,49,6,77,24,202,102,59,73,55,146,79,4166,287,242,1134,1158
06037502602,498600,1305,1475,72,36,58,54,716,88,48,0,24,538,128,2061,525,4130,0.4438,59,1254,3273.0,5913.0,0,1298,3620,4155,3921,4091,537,1254,0,61,41,81,49,14,67,81,47,102,27,80,128,87,51,175,49,105,190,96,4155,278,234,1254,1298
06037502603,492400,1788,1974,28,15,16,0,131,90,56,72,55,678,63,1694,73,3378,0.3407,27,809,4117.0,4866.0,0,809,2882,3378,3159,3378,440,809,7,70,86,11,11,61,18,91,132,39,50,81,126,117,122,102,57,39,75,38,3378,341,277,809,809
06037502604,486200,1161,2570,5,8,0,38,95,151,59,22,102,1040,92,2208,135,3931,0.4447,7,1135,5245.0,5688.0,0,1135,3714,3931,3835,3931,844,1135,70,50,57,5,45,16,13,64,47,112,33,43,88,81,69,25,63,156,143,71,3931,427,523,1135,1135
06037502700,451000,1452,1856,59,65,119,63,454,86,281,171,137,1425,96,3521,537,6938,0.3406,41,1879,7952.0,10025.0,23,1941,5523,7007,6757,6982,925,1879,62,65,64,52,22,180,79,53,155,50,94,104,162,206,320,148,170,141,271,119,7007,689,578,1879,1941
06037502801,475600,2008,1898,0,23,29,33,225,186,112,180,81,1470,97,3179,824,6121,0.3791,14,1695,8330.0,9513.0,0,1751,5018,6133,5863,6034,991,1695,107,25,90,55,18,38,100,78,52,106,61,81,211,121,280,112,149,82,316,85,6133,723,603,1695,1751
06037502901,471000,2224,1761,43,103,32,0,242,178,99,109,46,1319,62,3214,456,5937,0.3414,51,1561,7669.0,8811.0,0,1561,4632,5937,5602,5920,857,1561,83,49,92,21,49,62,71,93,87,26,15,48,111,112,38,115,186,208,284,65,5937,629,621,1561,1561
06037503000,479800,1309,1763,98,117,171,37,786,106,43,112,45,633,243,3091,1156,6065,0.3298,66,1419,3470.0,6769.0,0,1484,4747,6115,5681,5947,859,1419,23,69,3,12,10,0,17,64,14,19,29,0,360,246,242,225,255,96,392,84,6115,148,314,1419,1484
06037503103,465900,2186,1543,37,60,55,49,372,69,43,40,150,887,171,2502,648,5285,0.4361,6,1259,5003.0,6813.0,0,1291,4424,5302,5147,5244,757,1259,34,95,68,65,0,29,39,47,114,63,95,29,137,299,220,185,91,195,132,87,5302,367,402,1259,1291
06037503104,455400,1639,1441,16,20,18,14,219,23,31,110,10,445,54,1237,270,2652,0.2947,18,664,2196.0,3180.0,6,678,2165,2652,2575,2644,442,664,5,9,12,48,44,16,20,23,38,28,17,6,25,100,172,52,220,37,95,51,2652,112,270,664,678
06037503105,470200,1496,2166,115,91,30,59,385,25,66,40,49,535,69,1657,290,3549,0.3203,7,920,3001.0,4366.0,0,981,2701,3549,2963,3494,458,920,11,0,23,38,15,19,38,32,30,65,9,29,166,78,183,129,98,205,177,51,3549,284,212,920,981
06037503106,522600,1757,1900,26,42,73,48,487,79,63,87,36,688,59,1937,363,3858,0.4063,11,1175,3908.0,5712.0,0,1183,2709,3869,3668,3822,549,1175,8,19,26,0,9,130,62,47,45,9,56,89,53,120,99,78,149,56,109,186,3869,300,344,1175,1183
06037503201,572900,-666666666,2487,3,0,0,0,26,103,160,85,48,1002,84,1975,215,4110,0.3422,0,1028,5875.0,6008.0,0,1065,2889,4179,4059,4164,785,1028,25,6,90,54,29,54,72,66,59,17,79,78,123,141,112,77,24,187,176,146,4179,475,359,1028,1065
06037503202,511300,1181,2092,74,12,95,0,445,213,83,74,41,864,55,2300,601,4482,0.4262,7,1309,4945.0,6644.0,13,1365,3466,4482,4256,4434,847,1309,59,53,52,12,40,65,33,67,92,61,81,32,139,119,198,96,45,113,169,95,4482,383,454,1309,1365
06037503301,557300,2192,1703,0,37,18,0,136,112,117,87,121,875,80,1855,126,3560,0.3018,12,1011,5320.0,5963.0,0,1056,2407,3560,3336,3490,565,1011,32,98,60,51,16,45,35,39,67,5,15,47,147,97,143,84,85,56,142,58,3560,530,330,1011,1056
06037503302,559800,1464,1997,145,217,89,35,888,97,135,85,63,926,141,2977,443,6071,0.3772,38,1814,5430.0,8919.0,0,1858,4514,6089,5425,6032,982,1814,81,42,82,36,26,18,45,39,70,27,30,60,267,148,274,138,257,37,233,95,6089,519,330,1814,1858
06037503401,585800,1813,1955,62,57,74,0,510,139,136,200,111,1633,266,3473,588,6858,0.387,46,2143,9120.0,10913.0,0,2218,4383,6911,6469,6803,1087,2143,160,79,166,94,75,62,136,110,25,79,44,90,114,128,311,136,302,185,223,168,6911,829,764,2143,2218
06037503402,590500,2032,2102,45,43,25,44,268,55,162,127,56,1003,119,1993,284,3834,0.3717,50,1271,5891.0,7218.0,0,1328,2289,3834,3445,3830,862,1271,35,38,79,37,17,42,61,33,79,3,43,53,73,193,130,50,99,118,152,80,3834,616,387,1271,1328
06037503501,533100,1504,1742,91,26,97,138,747,139,204,128,100,1214,287,3575,513,6643,0.4522,70,1961,7234.0,10196.0,0,2017,4776,6643,5949,6592,1010,1961,23,102,8,62,27,8,68,40,51,42,79,77,187,85,334,168,139,433,294,112,6643,727,358,1961,2017
06037503502,524300,1835,2049,62,52,6,8,273,171,82,89,54,828,93,2271,219,4344,0.3112,18,1101,4680.0,6114.0,0,1185,3161,4378,4098,4353,689,1101,22,50,79,19,0,9,15,82,61,36,14,24,90,158,246,171,104,109,178,170,4378,304,469,1101,1185
06037503601,586800,1530,2051,0,23,0,0,159,173,166,84,47,1035,102,2187,91,3924,0.3973,54,1194,6484.0,7118.0,0,1200,2086,4126,3902,4091,742,1194,28,27,87,101,15,46,40,84,82,107,43,133,65,192,104,72,51,90,154,25,4126,664,353,1194,1200
06037503602,778900,1963,2103,0,7,0,14,123,79,91,108,72,1027,75,2154,269,3829,0.439,9,1150,6817.0,7534.0,0,1192,1653,3846,3617,3833,688,1150,52,130,60,29,55,31,25,22,79,109,74,59,45,75,127,70,80,45,173,47,3846,661,341,1150,1192
06037503701,599800,1379,2042,47,51,39,137,698,112,149,55,28,949,100,2371,273,4671,0.4192,36,1647,5710.0,7932.0,0,1655,2673,4685,4299,4655,829,1647,41,41,79,69,49,78,22,37,33,107,141,39,110,114,116,75,167,183,124,73,4685,538,401,1647,1655
06037503702,607900,1681,1621,36,47,69,102,628,136,156,78,35,1145,135,2763,496,5497,0.389,65,1773,7096.0,9562.0,57,1773,2959,5497,5044,5497,1164,1773,52,51,104,79,39,67,44,60,123,70,39,58,140,81,221,212,176,261,184,118,5497,798,347,1773,1773
06037503704,639600,1193,2357,0,22,62,0,579,170,175,111,94,1397,166,2328,195,4587,0.477,72,1976,7948.0,8975.0,0,1992,742,4587,4060,4587,1253,1976,130,207,268,222,26,117,42,255,261,75,192,142,130,51,71,43,21,170,29,63,4587,962,379,1976,1992
06037503705,687500,1947,2237,66,17,29,59,300,54,49,89,71,791,92,1517,27,2975,0.4039,24,1091,5051.0,6440.0,0,1091,537,2975,2840,2962,694,1091,91,53,73,12,102,10,46,67,145,21,112,46,60,48,90,26,97,41,111,2,2975,517,274,1091,1091
06037503801,611000,2274,2031,44,70,8,86,288,56,99,20,81,890,91,1831,184,3539,0.3111,77,1178,5487.0,6495.0,0,1186,1426,3539,3164,3539,678,1178,30,38,41,24,51,34,119,86,67,39,74,78,35,67,122,99,74,90,34,70,3539,523,315,1178,1186
06037503802,589900,2152,1803,57,34,0,19,340,167,256,102,109,1335,198,3097,133,5124,0.3629,0,1675,7192.0,8968.0,0,1675,2002,5136,4750,5087,1014,1675,116,92,77,69,13,46,76,51,32,52,21,55,100,168,130,36,161,53,89,214,5136,799,431,1675,1675
06037503901,587200,2532,1913,7,30,0,4,115,130,46,51,39,596,79,1210,211,2376,0.3414,23,711,3497.0,4162.0,24,715,1137,2387,2275,2337,455,711,40,43,44,13,43,16,32,61,50,16,28,37,69,89,53,29,81,81,46,25,2387,342,223,711,715
06037503902,593400,2511,2136,7,0,15,31,240,88,178,214,71,1263,109,2704,137,5453,0.324,27,1503,7697.0,8865.0,0,1503,2703,5459,5260,5449,1055,1503,91,74,54,36,114,20,85,23,139,57,90,81,186,193,210,141,134,68,213,224,5459,694,529,1503,1503
06037504001,595200,1088,-666666666,30,18,0,21,397,88,89,114,112,1051,121,2715,399,3555,0.4705,34,1448,6059.0,7115.0,0,1510,2279,5901,4789,5840,630,1448,18,34,95,35,38,90,44,46,176,43,54,118,143,124,85,72,48,133,89,61,5901,715,310,1448,1510
06037504002,600900,1250,2161,35,119,5,33,292,128,72,128,56,1244,92,2808,314,5276,0.3706,19,1536,7390.0,8473.0,0,1547,2684,5578,4797,5547,1053,1536,27,113,70,25,45,52,57,19,91,30,68,12,91,124,342,249,32,179,160,77,5578,567,606,1536,1547
06037504101,469700,1259,1735,78,13,74,51,506,74,82,44,67,809,295,2298,347,4716,0.3959,99,1315,4864.0,6913.0,0,1385,3031,4726,4458,4722,692,1315,38,87,96,47,40,70,99,51,146,114,65,127,112,126,98,61,55,155,238,55,4726,386,348,1315,1385
06037504200,488900,1391,1858,95,131,100,156,1457,65,62,39,102,752,183,3148,1220,7202,0.4809,72,2209,4140.0,10123.0,98,2246,5233,7291,6636,7259,1022,2209,53,93,131,136,41,40,128,131,138,130,104,107,230,153,171,184,295,251,274,140,7291,378,325,2209,2246
06037530005,638800,1375,923,7,43,26,7,296,31,33,53,33,968,97,1571,92,3616,0.4122,16,1264,6389.0,8452.0,0,1404,1288,3649,3542,3636,790,1264,67,71,151,105,104,184,22,158,108,154,126,45,80,57,139,71,127,36,44,28,3649,686,268,1264,1404
06037530006,537900,1659,790,202,60,103,119,1258,6,35,0,14,359,178,2587,533,4738,0.4568,124,1617,2069.0,6642.0,0,1691,2689,4767,4361,4742,639,1617,27,21,61,39,15,44,58,109,68,6,42,74,218,167,146,93,69,103,148,49,4767,203,156,1617,1691
06037530007,617300,1749,2045,70,116,61,22,604,164,149,40,111,1466,231,3270,613,6406,0.3932,23,2070,9706.0,11986.0,0,2213,4187,6406,5659,6341,999,2070,69,82,89,109,85,120,158,120,90,186,118,152,122,165,248,77,246,135,172,54,6406,976,457,2070,2213
06037530101,423100,1347,969,132,162,150,245,1227,28,0,38,20,424,450,2575,1255,5057,0.4946,167,1651,2201.0,7120.0,0,1737,4230,5268,4888,5234,455,1651,53,76,59,67,34,19,49,69,121,78,117,202,100,197,188,18,271,258,131,43,5268,331,78,1651,1737
06037530102,531800,1260,1636,64,52,210,52,1053,109,39,29,86,557,168,2511,428,4791,0.4905,42,1610,3549.0,7675.0,0,1696,3889,4888,4541,4751,579,1610,54,56,66,75,44,94,79,62,93,100,91,168,131,152,100,115,78,65,116,47,4888,412,145,1610,1696
06037530202,530000,1418,1919,73,9,34,40,302,150,193,24,42,968,169,2587,226,4243,0.377,21,1270,6150.0,7532.0,0,1367,3897,4304,4151,4254,566,1270,31,47,103,12,37,9,64,111,139,45,90,73,70,115,132,35,122,105,106,60,4304,580,331,1270,1367
06037530203,535300,1300,2003,64,92,68,34,635,30,22,40,7,249,145,1445,329,2408,0.4554,29,884,1588.0,4072.0,7,986,1899,2408,2228,2391,370,884,7,22,33,31,0,8,7,9,87,9,30,57,63,34,22,73,0,44,13,69,2408,152,97,884,986
06037530204,456000,1587,1760,38,216,66,45,760,70,25,26,23,395,132,2445,308,3940,0.3434,49,1155,2162.0,5374.0,0,1184,3624,3940,3108,3929,506,1155,17,29,87,7,28,0,21,13,26,47,8,12,38,102,145,49,89,57,148,110,3940,153,225,1155,1184
06037530301,440500,1183,1188,6,48,40,14,396,21,15,23,0,218,54,977,373,2159,0.3833,10,614,1248.0,2974.0,0,623,2019,2165,2104,2159,281,614,26,7,13,50,40,0,14,20,30,64,37,30,96,96,22,48,38,99,102,56,2165,69,108,614,623
06037530302,457300,1097,1512,110,56,149,97,1094,59,80,65,119,859,317,3253,1197,6617,0.4475,54,1953,4742.0,9006.0,0,2008,6061,6641,6068,6536,818,1953,96,28,95,106,62,39,82,63,63,83,61,53,352,126,236,117,130,215,67,183,6641,344,437,1953,2008
06037530400,505100,915,1747,54,67,142,71,776,21,33,0,51,373,115,1415,581,3827,0.5306,143,1149,1849.0,5121.0,0,1248,2855,3835,3575,3784,424,1149,24,95,28,48,42,0,56,49,83,116,25,60,128,356,110,35,194,105,101,170,3835,209,149,1149,1248
06037530500,427500,1162,1559,101,106,101,49,637,31,43,60,0,438,144,2117,556,4097,0.3539,51,1075,2315.0,5123.0,0,1153,3636,4099,3868,4076,505,1075,26,29,23,0,25,35,74,6,90,37,20,38,184,161,147,43,96,100,129,44,4099,157,228,1075,1153
06037530603,462800,1308,1556,46,29,97,42,566,78,69,60,43,670,253,2223,668,4327,0.4118,42,1236,3818.0,6314.0,0,1293,3844,4344,4064,4296,585,1236,17,56,85,50,26,5,62,60,80,25,16,33,129,97,143,64,139,153,152,61,4344,361,243,1236,1293
06037530700,462000,1190,1795,19,45,46,19,289,41,15,23,18,242,69,1141,380,1990,0.4198,17,531,1165.0,2326.0,0,571,1916,2058,1890,2048,289,531,4,28,16,32,0,33,17,23,28,38,13,17,33,99,90,32,82,47,47,28,2058,62,113,531,571
06037530801,464200,1130,1200,109,89,48,127,796,133,112,21,12,658,200,2784,774,5528,0.4805,20,1454,3658.0,7419.0,0,1545,4864,5528,5323,5435,660,1454,108,20,40,4,10,24,21,66,59,72,25,60,225,97,124,201,165,179,249,93,5528,350,242,1454,1545
06037530802,445300,1250,1804,8,62,6,16,323,58,68,103,30,521,68,1561,462,3067,0.377,58,844,2967.0,4598.0,0,896,2935,3088,2946,3088,421,844,39,8,19,61,12,0,11,8,64,18,29,25,82,132,181,38,23,102,78,23,3088,239,221,844,896
06037530901,448800,1353,1656,73,58,31,123,672,22,6,22,27,251,120,1955,699,3763,0.4203,21,923,1621.0,4889.0,6,951,3772,3827,3710,3788,521,923,26,17,33,26,13,0,66,54,21,14,28,0,126,90,148,126,104,133,170,104,3827,90,84,923,951
06037530902,415300,922,1230,91,98,157,144,853,65,0,29,10,342,114,1617,870,4032,0.4029,75,1195,1756.0,4951.0,0,1227,3862,4057,3808,4026,483,1195,24,90,81,38,13,0,33,40,104,126,7,81,70,167,321,173,123,66,197,177,4057,159,122,1195,1227
06037531000,424100,1320,1268,35,52,59,61,692,73,10,0,36,581,129,2177,819,5123,0.379,8,1273,3339.0,6699.0,0,1343,5039,5129,4913,5045,714,1273,9,22,82,35,38,32,24,57,62,70,10,79,219,300,216,98,125,218,242,106,5129,241,278,1273,1343
06037531101,509700,1300,1375,154,145,63,15,772,27,55,8,19,436,195,2324,858,5258,0.3703,90,1208,2605.0,6298.0,0,1235,5247,5281,4969,5206,541,1208,40,7,17,27,31,27,25,20,78,56,31,81,143,88,387,205,134,181,269,38,5281,244,151,1208,1235
06037531102,468900,1185,1415,30,65,119,68,692,23,17,34,6,185,129,1459,590,2995,0.4269,43,877,991.0,4044.0,6,901,2970,3008,2943,2994,384,877,0,30,42,48,7,11,9,23,58,65,25,35,60,98,75,57,168,171,117,46,3008,80,59,877,901
06037531201,398300,1153,1302,146,105,113,126,878,59,22,0,0,302,48,2104,925,4733,0.4274,102,1180,1675.0,5371.0,0,1217,4650,4733,4570,4715,491,1180,8,44,46,66,125,0,65,36,75,79,0,0,135,160,256,277,189,112,208,82,4733,68,208,1180,1217
06037531202,446900,1219,1351,29,64,171,171,820,0,73,72,23,357,296,2251,587,4792,0.3123,18,1177,1870.0,5287.0,28,1238,4659,4816,4276,4816,600,1177,16,131,35,0,0,82,22,62,27,0,15,77,89,232,321,177,147,129,135,188,4816,123,181,1177,1238
06037531301,417400,1203,1199,178,111,120,98,1093,44,7,0,0,241,144,2230,1222,5012,0.3796,54,1334,1423.0,6119.0,15,1442,5007,5140,4905,5106,588,1334,37,45,125,19,3,11,48,35,54,45,3,129,206,210,200,127,45,288,228,319,5140,130,105,1334,1442
06037531302,457800,1201,1561,41,117,156,126,987,84,22,9,80,417,104,2622,1089,5850,0.4262,38,1404,2349.0,6533.0,0,1441,5806,5894,5771,5840,667,1404,31,45,33,76,8,17,0,70,75,40,18,33,460,217,310,163,117,205,148,86,5894,72,265,1404,1441
06037531502,478800,1150,1686,77,15,34,39,601,23,0,32,24,186,171,1561,529,3374,0.3495,0,787,989.0,3587.0,0,787,3361,3384,3297,3353,444,787,11,10,49,11,0,10,20,35,15,19,13,12,172,92,169,81,113,149,142,83,3384,61,95,787,787
06037531503,461000,1142,1705,41,146,66,60,626,15,12,25,16,179,10,1373,519,2805,0.3168,28,805,999.0,3555.0,0,866,2820,2841,2699,2797,305,805,17,0,12,25,0,15,0,20,0,9,27,37,171,90,105,102,110,101,111,61,2841,90,70,805,866
06037531504,551400,1169,1524,112,67,92,69,595,21,24,33,93,359,155,2256,363,4158,0.3533,16,954,1883.0,4255.0,0,1084,4140,4158,4026,4101,378,954,8,30,30,23,19,0,40,49,34,40,18,18,161,119,236,98,241,95,149,63,4158,80,131,954,1084
06037531602,431500,1160,1036,26,109,79,62,883,29,5,0,13,233,83,2048,1217,4237,0.4388,58,1116,1249.0,4833.0,0,1135,4141,4246,4067,4133,371,1116,46,0,74,38,9,9,29,79,130,22,0,27,214,183,160,56,148,162,106,69,4246,86,90,1116,1135
06037531603,419200,1245,1502,159,43,59,20,644,36,8,7,7,307,138,1708,531,3681,0.4194,35,951,1698.0,4478.0,0,979,3522,3703,3491,3688,432,951,6,32,23,75,0,12,16,26,51,50,21,37,98,160,169,80,57,191,161,94,3703,126,145,951,979
06037531604,444500,1181,863,42,68,47,75,586,13,18,14,11,249,113,1535,972,3313,0.3877,34,835,1369.0,3907.0,0,864,3316,3343,3226,3302,361,835,6,50,25,5,50,12,47,7,57,20,11,37,102,87,171,48,160,136,78,110,3343,110,126,835,864
06037531701,433900,1193,1290,95,61,125,22,847,61,58,30,22,576,238,2800,1232,6066,0.4247,92,1423,3330.0,7241.0,0,1444,5906,6066,5586,5980,693,1423,69,20,64,41,8,0,75,31,113,29,49,57,203,234,297,78,160,340,222,255,6066,201,298,1423,1444
06037531702,468300,1123,938,188,145,70,44,1045,48,15,26,21,357,171,2527,710,5039,0.3336,101,1402,1898.0,5639.0,0,1457,4825,5039,4902,4902,568,1402,18,0,82,18,0,76,37,77,50,39,57,29,163,129,208,155,172,123,114,221,5039,137,176,1402,1457
06037531800,440900,1086,1198,57,121,38,28,883,14,107,11,51,421,118,2494,674,4687,0.3756,35,1304,2303.0,6187.0,0,1359,4545,4687,4497,4687,534,1304,79,68,50,28,30,25,60,147,43,22,17,56,29,112,201,136,118,146,262,71,4687,194,203,1304,1359
06037531901,422000,1188,1703,59,190,163,212,1229,35,54,68,8,509,94,3216,1194,6223,0.4035,94,1738,2668.0,7542.0,0,1830,6111,6239,6046,6239,861,1738,9,56,42,12,19,77,71,55,92,36,8,94,100,137,293,124,119,318,172,179,6239,266,166,1738,1830
06037531902,412600,1178,1433,61,95,8,64,534,75,99,25,7,596,152,2490,647,4285,0.4009,17,1130,2917.0,4931.0,18,1150,4178,4325,4173,4297,584,1130,7,14,83,7,0,17,18,71,37,29,95,36,154,94,130,36,155,86,163,49,4325,196,308,1130,1150
06037532001,442300,960,1759,18,80,40,62,669,22,10,35,6,245,80,1208,761,2885,0.4211,59,914,1265.0,3800.0,15,1007,2767,2885,2644,2866,527,914,6,14,52,44,36,23,21,41,80,20,74,14,58,88,62,91,258,18,121,0,2885,146,87,914,1007
06037532002,417900,1296,1287,51,63,79,33,559,42,35,18,4,442,144,2029,743,3584,0.4031,26,1001,2290.0,4590.0,113,1052,3232,3584,3244,3538,494,1001,8,5,116,6,23,5,11,22,53,25,40,11,123,67,219,73,131,94,142,99,3584,201,195,1001,1052
06037532101,461300,1434,1446,152,97,99,267,1326,55,89,84,20,518,286,3683,940,7305,0.358,110,1844,2804.0,8279.0,0,1888,6980,7305,6885,7123,785,1844,96,65,75,8,51,32,72,72,114,46,36,5,211,373,200,268,481,370,290,114,7305,190,244,1844,1888
06037532102,507700,1551,2014,17,48,41,58,291,50,51,97,79,605,71,1835,264,3525,0.3494,47,896,3211.0,4574.0,0,960,3176,3530,3481,3530,523,896,26,38,39,75,34,30,30,60,23,41,57,28,84,81,127,84,20,127,81,106,3530,233,314,896,960
06037532200,474300,1466,1566,176,246,39,148,1203,44,20,8,11,541,177,3772,921,7155,0.3634,114,1744,3154.0,8468.0,0,1793,6679,7282,6719,7240,711,1744,58,88,59,68,43,3,41,109,79,83,42,94,182,213,397,162,295,417,168,148,7282,303,168,1744,1793
06037532302,401200,1118,1242,97,22,70,53,460,43,88,6,44,708,131,2208,418,4630,0.3749,73,1168,3640.0,5814.0,0,1215,4567,4755,4550,4755,643,1168,31,36,111,74,82,16,46,53,100,76,14,6,106,242,109,113,90,161,244,236,4755,138,471,1168,1215
06037532303,450000,1159,1515,67,50,48,13,610,120,58,53,14,693,152,2269,691,4652,0.4569,69,1303,3929.0,6261.0,0,1303,4530,4660,4388,4629,599,1303,40,200,56,48,30,79,148,49,77,84,112,102,125,113,211,38,68,115,111,15,4660,348,209,1303,1303
06037532304,442900,838,1766,49,28,66,25,500,28,61,13,23,532,232,1789,983,4090,0.4353,52,1032,3166.0,5145.0,0,1092,3241,4090,3447,4066,463,1032,52,63,80,95,12,78,53,87,75,54,55,6,34,52,62,10,85,97,174,102,4090,261,248,1032,1092
06037532500,372300,1181,1625,46,76,26,67,631,46,58,15,60,521,225,2273,958,4281,0.4337,55,1152,2941.0,5105.0,0,1172,3967,4281,4038,4226,536,1152,44,9,18,18,0,92,8,58,60,13,21,17,187,85,176,64,266,182,135,69,4281,198,290,1152,1172
06037532605,355700,1207,1659,100,233,156,57,1017,0,0,26,69,193,205,1943,1113,4055,0.5526,69,1210,1272.0,5116.0,8,1256,3867,4055,3855,4006,662,1210,18,74,208,1,50,27,40,19,63,36,18,31,112,73,136,159,165,134,97,148,4055,100,79,1210,1256
06037532606,451300,992,1846,102,163,76,68,1136,0,13,0,0,112,132,2051,994,3936,0.4102,27,1248,633.0,4010.0,0,1268,3918,4016,3709,3929,414,1248,35,57,31,52,20,0,21,65,93,23,43,49,147,121,260,102,123,102,30,48,4016,67,45,1248,1268
06037532607,452500,1198,1702,71,111,88,97,1054,25,40,20,12,321,179,2672,1319,5647,0.4306,87,1375,1661.0,5456.0,21,1393,5503,5669,5122,5571,677,1375,50,87,83,27,15,3,37,55,70,21,17,128,196,240,263,131,216,227,250,175,5669,130,112,1375,1393
06037532700,287500,1157,1017,79,60,87,76,553,49,16,27,11,191,111,1797,725,3377,0.3432,11,744,920.0,3250.0,0,763,3153,3377,3282,3341,331,744,11,28,33,24,10,7,16,38,42,0,0,13,127,198,135,78,106,115,160,68,3377,14,120,744,763
06037532800,382800,1175,1485,28,99,44,80,556,13,19,33,46,395,86,1835,1107,4655,0.3636,114,951,1975.0,4106.0,0,995,4465,4655,4163,4504,468,951,10,38,32,17,0,17,8,72,17,0,10,23,360,155,242,136,306,231,174,109,4655,112,186,951,995
06037532900,354500,1149,1549,40,261,87,72,1203,40,19,0,46,427,221,3104,2005,6658,0.3818,114,1630,2150.0,6367.0,15,1694,6174,6674,6387,6569,607,1630,55,21,81,16,32,50,17,22,92,43,56,11,259,396,260,178,211,215,236,237,6674,152,219,1630,1694
06037533001,440600,1076,-666666666,50,88,22,21,647,13,17,26,34,441,149,1664,1347,4470,0.3827,120,1088,2354.0,5024.0,0,1111,4224,4488,4346,4446,365,1088,23,0,44,78,13,36,29,8,115,34,27,154,164,202,160,177,155,253,366,116,4488,90,259,1088,1111
06037533002,372500,1175,1433,14,15,32,23,352,0,46,0,8,235,116,1089,899,2636,0.443,45,587,1280.0,2621.0,0,628,2547,2636,2340,2601,310,587,23,0,14,0,0,16,4,51,25,22,0,18,101,131,170,57,146,157,122,44,2636,95,98,587,628
06037533103,368900,1130,-666666666,49,33,89,52,642,0,2,0,7,113,41,1444,829,3210,0.4216,76,755,641.0,2653.0,0,788,3175,3238,2855,3195,271,755,6,0,18,15,10,18,26,37,5,39,25,18,161,156,153,101,195,100,136,90,3238,27,31,755,788
06037533104,345200,1026,1553,178,153,183,94,1178,39,0,29,0,110,93,2174,1034,4548,0.3807,49,1288,486.0,4169.0,0,1288,4410,4548,3962,4475,488,1288,50,53,31,36,36,26,29,68,99,34,0,18,164,99,252,89,261,212,237,123,4548,5,95,1288,1288
06037533105,473800,1205,1653,104,63,17,8,570,0,0,0,22,90,226,1258,633,2519,0.3548,48,660,398.0,2581.0,0,676,2519,2519,2184,2507,312,660,5,4,12,8,12,0,10,12,26,9,56,4,37,82,122,41,76,87,83,89,2519,36,46,660,676
06037533108,444900,1108,1323,112,54,133,100,1035,8,23,8,19,232,325,2682,1333,4837,0.3814,78,1267,1286.0,4684.0,0,1351,4741,4872,4291,4822,545,1267,36,24,12,18,29,28,55,70,50,36,11,9,147,110,321,152,153,149,190,67,4872,114,95,1267,1351
06037533201,430400,1045,1500,40,31,54,74,459,29,8,45,18,200,263,1385,425,2709,0.3596,72,659,1101.0,2797.0,0,681,2709,2709,2470,2660,322,659,12,34,33,15,19,33,18,51,25,10,6,0,83,132,84,81,39,147,73,38,2709,60,91,659,681
06037533204,440300,1298,1496,48,106,64,82,666,41,37,29,13,377,234,2431,587,4848,0.3519,44,1043,2056.0,4836.0,0,1060,4751,4862,4553,4820,531,1043,31,34,39,30,37,0,51,52,35,47,8,9,136,126,184,175,144,242,201,95,4862,120,220,1043,1060
06037533300,421100,1106,1855,40,33,111,75,715,39,0,0,42,164,70,1577,627,3494,0.3745,24,879,798.0,3408.0,0,914,3417,3494,3332,3454,362,879,27,6,20,12,0,8,16,4,39,5,0,17,200,170,173,115,211,163,190,62,3494,46,97,879,914
06037533401,372900,1193,938,58,148,30,39,825,9,0,23,24,458,150,2560,1364,4965,0.3503,32,1283,2283.0,5262.0,0,1300,4936,4976,4497,4887,796,1283,0,68,25,178,51,0,0,49,87,62,22,34,94,189,90,153,187,98,225,79,4976,117,314,1283,1300
06037533402,405700,1074,1598,82,98,54,57,773,27,0,30,19,245,166,1830,917,3798,0.4948,17,1018,1273.0,3681.0,0,1036,3738,3798,3679,3755,567,1018,21,35,57,0,26,10,27,39,42,24,32,64,127,124,176,98,172,73,187,106,3798,127,75,1018,1036
06037533403,555000,1130,-666666666,35,52,30,89,496,5,33,27,0,306,81,1358,242,2656,0.385,15,802,1585.0,3417.0,0,802,2466,2799,2643,2791,446,802,19,107,79,55,18,25,28,106,28,44,47,42,89,114,143,62,58,108,58,33,2799,71,99,802,802
06037533501,457400,1115,1520,68,25,69,27,477,28,14,0,4,251,190,1597,617,3077,0.3821,60,728,1167.0,2737.0,0,751,3076,3077,2941,3077,344,728,19,8,22,50,0,16,27,16,32,30,21,0,78,164,76,108,46,24,142,31,3077,74,68,728,751
06037533504,437100,1172,1658,87,55,86,172,691,29,24,39,16,272,198,2227,674,4108,0.4006,70,963,1525.0,4059.0,10,978,4049,4175,3918,4124,491,963,25,22,42,24,19,41,21,86,74,18,9,49,160,200,169,50,158,111,141,74,4175,62,174,963,978
06037533601,589500,1310,2426,156,120,165,39,965,17,17,30,0,187,207,2299,959,4643,0.3517,51,1152,1040.0,4833.0,0,1168,4345,4674,4391,4623,496,1152,30,17,41,23,0,0,27,58,20,11,52,0,204,288,257,138,65,129,108,137,4674,50,55,1152,1168
06037533602,444300,1210,1638,49,76,168,161,998,24,30,14,26,339,115,2429,742,5490,0.3611,37,1337,1920.0,5482.0,0,1383,4636,5490,5262,5394,767,1337,0,32,70,42,55,30,67,30,85,81,0,8,590,175,320,128,263,183,106,62,5490,86,155,1337,1383
06037533603,450600,1106,2293,66,101,166,114,1338,21,0,8,86,450,291,2744,2358,6863,0.4822,58,1788,2404.0,7017.0,0,1839,6441,6863,6373,6718,737,1788,37,9,86,56,10,87,34,117,94,42,32,62,449,198,265,196,190,333,260,224,6863,162,239,1788,1839
06037533701,358500,1108,1358,63,105,50,51,653,4,23,13,5,209,30,1495,486,3079,0.4087,31,862,1055.0,3154.0,4,899,2964,3082,2942,3066,392,862,14,33,85,18,8,16,7,27,91,0,16,24,54,181,124,53,158,126,115,37,3082,54,90,862,899
06037533702,452400,1216,1814,47,75,64,60,726,14,21,30,6,192,160,2000,906,3734,0.4285,59,918,978.0,3734.0,0,966,3712,3734,3493,3658,460,918,34,22,67,1,0,18,31,19,28,12,7,6,120,178,119,80,127,129,138,64,3734,40,104,918,966
06037533703,456300,1220,2134,89,90,62,27,694,0,13,53,60,297,250,2499,942,5183,0.3769,73,991,1435.0,4689.0,0,991,5244,5244,5040,5184,610,991,21,11,32,53,11,0,118,21,52,132,0,14,139,188,339,132,314,162,300,65,5244,53,109,991,991
06037533803,464800,1268,2053,69,134,142,44,985,62,36,78,21,538,129,2715,1395,5761,0.4165,73,1523,3196.0,6856.0,0,1608,4824,5899,5634,5884,832,1523,36,62,14,8,54,87,52,79,21,28,26,43,226,287,224,188,149,176,238,86,5899,124,269,1523,1608
06037533804,408100,1152,881,0,0,91,83,559,8,38,34,52,568,150,2114,478,3993,0.4616,116,1127,2367.0,4567.0,0,1127,3933,3993,3868,3955,565,1127,28,44,12,10,22,19,93,22,72,67,57,19,67,86,134,72,58,51,221,186,3993,110,312,1127,1127
06037533805,443400,1230,1444,56,71,94,59,629,49,37,11,33,452,39,2078,889,4011,0.496,41,1081,2646.0,4843.0,4,1107,3877,4011,3877,3989,564,1081,39,21,85,7,23,13,48,26,63,64,56,37,43,126,117,65,241,128,82,64,4011,243,148,1081,1107
06037533806,335800,1354,875,61,92,57,66,602,60,24,27,0,320,170,2167,594,3595,0.3508,17,922,1244.0,3591.0,9,941,3391,3604,3275,3578,381,922,17,8,76,0,10,24,13,16,46,8,0,33,116,138,76,57,118,31,107,89,3604,73,139,922,941
06037533901,410700,1249,-666666666,108,161,69,76,1025,0,4,0,42,326,161,2810,1634,5476,0.3706,43,1351,1689.0,5997.0,0,1383,5015,5476,5252,5409,825,1351,26,24,15,46,14,44,21,69,23,50,0,52,200,289,183,199,175,169,207,154,5476,78,196,1351,1383
06037533902,403800,1397,1519,90,110,19,74,783,16,21,38,23,223,81,1939,855,4444,0.3304,48,1006,1154.0,4618.0,6,1037,4463,4500,4271,4444,410,1006,21,76,17,12,0,0,45,20,34,31,10,9,114,102,291,185,135,100,280,63,4500,89,113,1006,1037
06037534001,438600,1212,1218,103,132,191,123,1094,0,26,8,0,249,187,2617,1083,5387,0.3485,87,1343,1451.0,5900.0,0,1353,5311,5387,5099,5262,782,1343,35,71,52,8,29,19,27,50,39,78,0,31,143,121,271,127,168,242,193,244,5387,18,167,1343,1353
06037534002,402100,1430,-666666666,96,48,84,46,663,44,21,0,24,318,88,2086,1133,4206,0.4324,88,981,1545.0,4255.0,0,996,4079,4350,4049,4307,515,981,40,45,50,19,13,24,25,74,62,14,44,32,172,156,177,105,148,223,281,59,4350,140,91,981,996
06037534101,390800,1252,1338,5,88,7,16,383,5,20,5,0,111,89,1143,610,2399,0.3779,45,494,641.0,2211.0,0,494,2258,2399,2373,2380,262,494,8,43,35,19,24,0,15,21,0,45,0,0,54,166,100,45,68,54,56,112,2399,19,43,494,494
06037534102,480300,1278,2119,164,164,117,34,1261,30,0,0,32,192,284,2769,2059,6227,0.3819,108,1453,963.0,5824.0,0,1503,6137,6227,5796,6055,577,1453,16,65,36,83,0,0,0,25,11,56,36,16,148,435,226,155,369,161,303,185,6227,53,104,1453,1503
06037534201,-666666666,1334,696,115,109,40,61,746,33,8,0,0,229,37,1978,1065,4520,0.3421,66,975,1184.0,4078.0,0,975,4497,4641,4472,4594,397,975,39,32,17,30,32,9,15,0,21,21,26,35,204,275,307,157,106,267,177,54,4641,58,123,975,975
06037534202,338600,1310,-666666666,62,113,133,57,923,11,0,15,0,264,257,2307,1733,5279,0.4251,109,1187,1057.0,4758.0,13,1249,5066,5350,5048,5291,397,1187,16,33,15,31,20,72,32,64,79,49,4,22,185,231,306,100,149,224,235,125,5350,31,163,1187,1249
06037534203,387000,1265,1250,24,67,80,83,689,0,14,34,12,178,50,1417,833,3397,0.4165,43,867,1149.0,3643.0,0,884,3369,3440,2989,3412,353,867,26,0,46,5,22,33,6,52,38,29,35,21,187,122,233,71,48,164,125,69,3440,32,102,867,884
06037534301,416400,1299,1545,32,89,59,155,909,0,27,0,21,142,204,2065,1003,4185,0.3935,76,1051,841.0,4635.0,0,1104,3950,4185,4068,4114,573,1051,8,56,26,0,0,28,56,0,16,37,0,60,234,103,175,89,129,173,314,211,4185,87,55,1051,1104
06037534302,466400,1371,1575,30,90,94,60,731,28,18,0,24,133,127,1717,1244,3866,0.3767,90,864,823.0,3928.0,0,878,3765,3875,3692,3850,514,864,22,47,27,9,18,4,54,10,36,32,17,6,132,240,212,153,120,55,167,78,3875,40,79,864,878
06037534403,314300,1442,1125,47,70,157,10,706,0,2,0,13,68,76,1290,866,3144,0.3659,57,774,329.0,3417.0,5,815,2987,3147,2770,3147,468,774,40,6,68,26,22,0,81,0,26,19,0,13,119,87,123,87,183,53,112,57,3147,25,25,774,815
06037534404,427000,1321,-666666666,51,91,101,38,691,12,0,38,12,249,132,1742,858,3430,0.4219,94,940,1440.0,4240.0,0,946,3277,3459,3169,3344,435,940,14,75,18,33,0,29,62,22,20,26,0,11,92,74,174,45,168,142,98,157,3459,110,110,940,946
06037534405,-666666666,1407,-666666666,84,58,94,109,753,0,23,0,5,194,144,1922,1259,4272,0.4032,45,947,1064.0,4462.0,0,1007,4148,4280,4085,4235,417,947,26,21,54,21,0,3,24,20,74,20,4,33,179,282,265,98,123,174,289,62,4280,54,124,947,1007
06037534406,457100,1358,1929,62,77,133,98,1082,0,36,0,0,42,144,2061,1283,4641,0.4113,69,1124,371.0,5052.0,0,1139,4650,4660,4336,4606,398,1124,7,24,23,63,25,17,0,19,38,30,0,25,105,98,279,60,284,287,190,140,4660,15,21,1124,1139
06037534501,407200,1284,1572,106,68,138,52,792,73,13,59,0,531,525,2912,946,5756,0.3961,119,1323,2961.0,6343.0,0,1344,5621,5768,5352,5743,489,1323,28,0,78,0,34,118,90,42,25,31,59,14,400,127,286,203,171,184,231,110,5768,227,253,1323,1344
06037534502,434500,982,1776,0,15,0,18,272,101,34,50,37,678,116,2056,983,3972,0.4283,7,950,3709.0,4646.0,0,971,3753,3972,3776,3905,521,950,67,41,16,8,25,30,8,15,85,8,49,8,197,88,180,91,118,219,73,92,3972,245,289,950,971
06037534700,434300,1226,1801,51,40,52,21,326,154,70,77,42,669,131,2378,314,4377,0.3437,40,995,4028.0,5394.0,15,1026,4286,4393,4059,4379,607,995,24,48,65,32,51,17,63,67,70,49,39,57,75,95,151,116,104,129,137,77,4393,207,348,995,1026
06037534802,440300,1190,1316,45,45,23,16,283,31,42,35,5,340,79,1292,405,2464,0.3896,37,623,1903.0,2990.0,12,650,2410,2464,2353,2449,275,623,42,18,59,23,0,0,24,41,32,89,0,14,45,127,61,45,43,119,105,20,2464,162,130,623,650
06037534803,391500,1281,1246,25,88,28,87,636,116,28,12,18,527,150,2433,792,4508,0.3969,44,1163,2900.0,5296.0,0,1189,4497,4605,4248,4571,602,1163,27,6,127,7,20,51,44,40,63,76,27,45,79,134,217,94,102,234,181,121,4605,252,149,1163,1189
06037534804,462500,1093,1750,33,48,88,50,489,39,87,20,30,466,221,2172,1039,4414,0.4087,62,955,2567.0,4370.0,0,973,4417,4477,4227,4428,623,955,45,0,107,18,14,21,13,18,125,2,49,36,106,229,236,79,246,155,221,69,4477,55,280,955,973
06037534900,431200,1233,1732,145,224,104,71,896,0,0,12,112,493,568,3475,672,6202,0.3155,45,1389,2398.0,6041.0,47,1431,6145,6202,5762,6070,795,1389,0,0,104,6,25,23,18,57,55,28,20,25,194,99,294,171,161,220,222,154,6202,117,234,1389,1431
06037535001,441500,1046,2003,52,17,57,42,520,37,33,25,45,391,151,1852,860,3992,0.405,91,911,1936.0,4056.0,6,976,3442,3992,3381,3876,347,911,8,12,44,15,30,3,40,40,37,22,27,29,156,219,160,58,232,205,103,82,3992,141,137,911,976
06037535002,405500,1129,1196,33,46,90,35,582,23,19,26,22,320,87,1691,1248,3919,0.4267,68,902,1680.0,3972.0,14,902,3819,3919,3817,3890,383,902,44,18,9,17,24,0,51,49,21,59,0,24,150,196,207,32,200,257,128,122,3919,100,142,902,902
06037535101,362400,1267,975,163,78,230,81,1405,83,21,16,10,576,388,3631,1836,8067,0.377,42,1981,2817.0,8507.0,15,2030,7406,8098,7552,7956,1179,1981,76,139,76,36,96,30,36,58,94,78,11,0,336,361,413,169,466,160,305,151,8098,208,245,1981,2030
06037535102,413400,1215,1783,36,89,52,21,614,42,62,77,23,457,101,2079,725,4540,0.3661,26,1071,2347.0,5189.0,0,1130,4051,4541,4139,4508,537,1071,53,44,43,9,5,0,22,29,33,9,9,9,278,247,190,174,144,118,197,170,4541,140,221,1071,1130
06037535200,375000,1547,1836,15,13,77,71,580,37,43,48,15,617,319,2807,1095,6138,0.4278,126,1197,3565.0,6347.0,21,1299,5460,6240,5817,6203,599,1197,115,44,19,12,0,0,57,57,11,26,0,15,240,280,226,136,210,278,340,247,6240,145,287,1197,1299
06037535300,385000,1191,1474,25,0,23,47,659,110,28,85,58,730,148,3211,1729,6670,0.4372,79,1389,3735.0,6359.0,7,1427,6369,6670,6440,6558,818,1389,8,58,24,44,35,0,29,92,25,63,0,8,310,281,301,139,303,224,238,136,6670,150,356,1389,1427
06037535400,329700,1330,1272,34,66,54,23,460,81,16,0,6,297,40,1239,723,3265,0.4143,78,757,1671.0,3640.0,0,769,2998,3295,3134,3239,381,757,0,8,117,7,30,0,18,14,69,36,0,6,138,49,177,95,84,162,138,130,3295,86,186,757,769
06037535501,560300,1104,2093,93,39,60,152,778,21,23,55,8,160,145,1510,780,3529,0.3624,87,938,760.0,3357.0,0,972,3455,3549,3219,3465,440,938,63,29,69,0,14,8,66,30,77,25,0,16,204,151,159,74,129,273,195,47,3549,37,68,938,972
06037535502,530200,1206,1542,30,207,28,60,865,92,39,87,44,466,225,3101,958,5538,0.4173,22,1331,2657.0,6254.0,0,1345,5273,5606,4786,5606,654,1331,11,42,76,13,54,7,0,24,66,74,34,12,100,126,193,132,93,84,266,103,5606,200,176,1331,1345
06037535503,456100,1153,1864,19,39,32,29,406,17,67,41,21,277,178,1370,330,2464,0.3655,46,683,1503.0,3159.0,0,683,2444,2481,2322,2451,357,683,9,0,9,39,0,37,12,14,52,35,19,30,27,136,135,46,66,47,99,61,2481,84,168,683,683
06037535603,422300,1249,1575,64,47,46,93,703,0,0,72,5,298,264,1694,1116,3890,0.4007,113,1001,1662.0,4540.0,147,1029,3786,3901,3521,3809,432,1001,42,24,30,19,4,23,49,41,58,15,26,59,204,174,183,101,209,79,188,81,3901,121,148,1001,1029
06037535604,424400,1141,1729,81,134,43,63,651,42,71,16,20,389,218,2290,818,4527,0.3845,50,1040,2096.0,4534.0,0,1052,4496,4527,4011,4469,525,1040,37,42,64,4,22,0,19,58,48,0,56,23,183,166,213,75,192,168,208,91,4527,114,201,1040,1052
06037535605,431100,1261,1442,143,80,92,124,813,42,37,8,0,323,404,2422,783,4987,0.3426,43,1136,1461.0,4569.0,0,1157,4929,4987,4573,4958,636,1136,43,48,18,48,8,72,0,40,22,190,21,0,316,167,211,182,70,132,275,90,4987,32,202,1136,1157
06037535606,412300,1068,1665,56,47,29,40,268,24,39,13,37,197,117,1032,256,2143,0.316,18,465,916.0,1792.0,0,495,2084,2143,1987,2122,282,465,24,15,11,0,0,1,16,5,32,33,0,21,86,89,117,43,90,113,61,141,2143,36,78,465,495
06037535607,416500,1250,1393,0,24,54,70,344,33,40,13,125,664,102,1810,618,4252,0.4486,34,1008,3333.0,4658.0,25,1008,4205,4252,4002,4229,591,1008,59,16,114,33,0,32,127,174,79,17,0,12,97,229,284,131,61,99,252,121,4252,232,231,1008,1008
06037535701,442800,1168,1564,97,164,17,102,840,49,121,55,31,563,279,2575,521,5349,0.3605,77,1403,3210.0,6434.0,0,1440,4764,5363,5212,5300,721,1403,104,86,37,27,9,0,14,43,86,36,13,35,245,71,242,101,158,235,145,63,5363,198,237,1403,1440
06037535702,435000,1207,1470,202,110,142,119,974,63,24,36,0,452,141,2636,889,5793,0.4304,65,1426,2489.0,6101.0,0,1426,5653,5854,5384,5767,527,1426,13,82,89,9,18,0,109,21,120,45,33,36,212,202,285,195,123,217,257,63,5854,182,183,1426,1426
06037535802,391800,1236,1589,98,26,96,103,693,55,106,44,8,838,178,2983,834,6382,0.3887,97,1531,4937.0,7726.0,0,1593,6173,6406,6138,6406,800,1531,27,86,105,20,31,35,50,97,173,79,0,46,137,320,372,158,152,231,200,139,6406,230,447,1531,1593
06037535803,447900,1252,1823,32,36,109,28,678,56,18,6,0,300,169,1939,522,3799,0.411,34,978,1643.0,4154.0,0,978,3755,3799,3589,3719,489,978,34,25,71,29,22,0,39,79,37,26,37,0,183,112,71,15,171,103,181,126,3799,93,190,978,978
06037535804,446200,1272,2222,110,38,85,114,938,45,7,4,9,490,265,3158,1465,6021,0.4644,221,1428,2656.0,6269.0,0,1476,5825,6051,5677,5977,640,1428,115,10,39,34,0,26,39,45,22,4,17,9,112,303,168,130,176,205,445,272,6051,78,241,1428,1476
06037535901,466600,1278,1774,37,28,162,10,783,74,160,32,53,839,195,2958,881,6185,0.3905,64,1622,4741.0,7951.0,0,1641,6063,6185,5845,6089,912,1622,50,121,37,6,18,0,19,23,126,47,82,0,92,217,234,269,75,183,442,85,6185,305,401,1622,1641
06037535902,444500,1168,1621,102,78,43,59,434,82,61,123,50,989,131,3189,691,6244,0.3485,56,1423,5452.0,7265.0,0,1462,5860,6265,5720,6228,832,1423,161,62,119,64,5,96,91,73,171,43,65,6,84,185,236,140,167,194,257,133,6265,281,543,1423,1462
06037536000,455500,1118,1419,91,131,51,81,748,32,19,24,17,247,222,1966,623,3639,0.3823,104,995,1461.0,4172.0,0,1031,3562,3655,3414,3642,478,995,30,15,29,58,7,13,0,62,81,6,6,33,154,150,104,113,65,166,56,91,3655,108,102,995,1031
06037536102,365000,2116,1795,0,42,0,22,246,97,20,62,69,775,74,1689,305,3279,0.396,25,1021,4189.0,5457.0,0,1046,2640,3279,3091,3222,525,1021,0,14,111,62,26,43,18,8,128,141,16,13,129,72,58,93,125,90,50,85,3279,479,274,1021,1046
06037536103,429700,1290,1810,100,75,66,83,747,170,112,38,44,705,356,3055,700,5198,0.3644,52,1452,3859.0,6584.0,0,1472,5063,5278,4864,5226,714,1452,83,50,57,36,45,10,29,52,41,29,80,27,288,163,180,106,161,98,240,86,5278,306,279,1452,1472
06037536104,457200,1390,1697,99,64,72,48,587,63,66,22,26,443,192,2029,515,3841,0.4208,71,1030,2456.0,4987.0,0,1067,3625,3841,3478,3760,556,1030,43,30,19,49,17,12,25,30,52,47,25,23,188,50,115,71,135,173,161,109,3841,183,255,1030,1067
06037536201,481300,1172,1578,9,11,45,30,272,68,14,87,9,583,135,1726,535,3021,0.4317,47,855,3317.0,4307.0,0,876,2701,3021,2841,3005,482,855,9,27,38,12,0,0,17,21,25,39,7,28,40,85,128,139,120,104,120,21,3021,240,294,855,876
06037536202,455300,1014,1715,0,104,130,70,622,40,51,103,87,601,193,2224,545,4462,0.4082,130,1223,3211.0,5554.0,0,1223,4131,4462,4205,4404,720,1223,41,95,40,43,20,0,40,61,68,72,46,48,125,55,266,63,236,90,64,114,4462,233,247,1223,1223
06037540000,423400,1248,2025,78,129,215,82,992,61,53,48,55,569,317,3401,1563,7224,0.3903,76,1561,2965.0,7376.0,0,1591,6925,7304,7030,7204,1023,1561,29,119,48,38,0,15,29,51,134,35,27,35,277,203,328,263,298,305,397,129,7304,78,377,1561,1591
06037540101,412300,1510,1612,63,28,41,45,461,127,122,83,19,1081,433,3130,872,6488,0.4335,132,1542,6657.0,8512.0,0,1565,5345,6555,6461,6524,952,1542,21,136,9,181,8,40,0,87,188,136,67,0,426,166,214,109,120,240,161,104,6555,360,599,1542,1565
06037540102,427100,1500,1658,22,74,27,17,408,86,82,65,26,955,224,3171,822,6246,0.4383,40,1363,5317.0,7317.0,0,1371,5359,6278,5979,6253,719,1363,74,30,99,52,32,0,36,65,60,76,14,0,217,149,210,97,226,269,371,154,6278,362,396,1363,1371
06037540201,364400,1143,1398,59,47,25,60,460,0,7,23,7,97,149,989,723,2381,0.4228,60,557,435.0,2123.0,13,569,2368,2413,2266,2375,294,557,15,21,18,8,2,0,0,33,53,0,0,9,173,70,107,56,117,93,153,40,2413,7,35,557,569
06037540202,446500,1232,1686,16,194,114,132,1190,27,93,0,8,386,228,3015,1452,6538,0.3986,74,1576,2161.0,6691.0,0,1607,6212,6896,6264,6719,871,1576,89,63,35,67,58,23,32,65,55,47,35,97,408,198,418,116,233,373,142,201,6896,123,173,1576,1607
06037540203,374000,1300,1608,61,65,138,67,880,53,38,0,59,435,192,2720,1247,5864,0.3822,176,1315,2665.0,6191.0,0,1374,5313,5931,5684,5911,626,1315,16,7,16,20,0,0,15,46,39,5,39,33,154,194,209,177,159,280,233,86,5931,113,272,1315,1374
06037540300,375500,1253,1602,113,26,74,87,525,121,134,48,0,696,136,2276,442,4834,0.3445,31,1221,3542.0,5814.0,0,1221,4706,4834,4502,4730,644,1221,34,45,42,42,9,20,17,39,83,0,9,33,168,143,204,76,207,226,293,55,4834,231,342,1221,1221
06037540400,331400,982,1340,23,21,25,0,249,42,24,19,14,208,54,966,703,2043,0.4819,61,457,1232.0,2185.0,8,474,1723,2043,1955,2033,229,457,5,7,22,11,22,0,6,0,17,17,4,0,12,90,79,53,80,71,98,110,2043,73,84,457,474
06037540501,413300,1170,1903,32,39,0,0,387,80,32,52,35,550,114,2244,582,3965,0.3704,51,937,3066.0,4710.0,0,994,4552,6013,4772,5968,570,937,40,0,25,27,0,12,53,35,0,24,36,2,118,76,231,93,68,109,169,69,6013,190,208,937,994
06037540502,477100,1212,2169,76,291,101,97,1345,51,30,83,37,300,356,3061,1556,6942,0.4189,279,1645,1554.0,6907.0,0,1727,6051,6942,6341,6906,719,1645,0,50,26,24,19,0,0,21,20,17,20,17,310,431,461,145,337,291,315,139,6942,119,140,1645,1727
06037540600,330900,1239,1238,40,53,48,98,710,8,50,58,43,409,507,2053,1610,5030,0.4135,158,1119,1935.0,5160.0,0,1119,4172,5102,4211,4922,376,1119,31,49,14,28,0,21,0,47,7,71,16,66,593,320,111,83,218,380,229,104,5102,109,152,1119,1119
06037540700,423400,1305,1639,20,5,50,21,373,87,17,5,73,450,144,1309,372,3071,0.4035,140,823,2531.0,4343.0,78,886,1909,3169,2624,3122,225,823,38,40,29,28,0,46,8,37,20,5,4,23,172,162,183,60,101,173,177,0,3169,192,223,823,886
06037540800,437200,1239,1751,28,19,53,9,440,67,245,96,146,1046,125,2780,414,5476,0.4041,91,1486,5759.0,7534.0,48,1587,2762,5511,5109,5450,795,1486,22,6,35,16,58,7,44,27,54,52,28,51,213,246,177,177,165,201,274,136,5511,321,682,1486,1587
06037540901,383700,1313,1670,45,0,21,33,487,82,65,48,53,726,119,2367,652,4685,0.4872,114,1213,3813.0,6065.0,12,1223,3472,4931,4409,4913,527,1213,36,58,239,26,26,15,0,95,144,62,14,124,122,117,135,131,52,144,204,29,4931,287,294,1213,1223
06037540902,420600,1305,1737,63,27,44,110,528,74,82,38,30,975,235,2464,670,4408,0.4644,56,1503,5782.0,8307.0,45,1579,1783,4452,3963,4420,452,1503,46,40,62,88,6,19,44,26,81,45,42,32,162,141,45,86,157,88,226,66,4452,671,247,1503,1579
06037541003,441700,875,1261,63,5,22,0,181,76,42,184,60,1139,328,2309,460,4314,0.3662,113,1320,6609.0,7498.0,0,1346,1458,4379,4118,4351,549,1320,22,51,85,33,12,31,18,46,85,170,99,37,60,230,113,92,109,97,102,60,4379,615,399,1320,1346
06037541100,389000,876,1709,7,43,34,25,239,56,28,81,31,639,209,1386,825,3062,0.4786,99,878,3785.0,4874.0,0,951,1610,3094,2965,3075,310,878,16,5,40,0,4,6,21,48,34,98,15,40,158,137,141,109,85,42,87,38,3094,391,150,878,951
06037541200,421000,1695,1947,16,45,17,96,408,221,253,102,218,1411,110,2515,488,6408,0.3326,94,1819,7910.0,9946.0,0,1892,2163,6416,6253,6323,752,1819,70,73,87,91,28,16,66,119,53,116,46,167,173,518,194,189,523,185,222,111,6416,641,628,1819,1892
06037541300,384300,1395,1659,6,21,0,34,405,89,80,50,31,998,295,2649,760,5404,0.3836,106,1403,5600.0,7424.0,0,1450,3955,5413,5189,5335,641,1403,53,40,103,36,10,10,73,67,50,71,34,34,189,210,165,145,194,329,206,65,5413,474,342,1403,1450
06037541401,332000,1379,1644,21,0,0,80,644,31,95,0,0,304,144,1429,1268,3590,0.449,192,948,1653.0,4524.0,24,948,2908,3590,2689,3461,476,948,37,48,66,0,12,0,0,29,39,112,33,0,203,107,132,41,144,196,139,14,3590,78,154,948,948
06037541402,347600,1474,1407,71,18,43,94,382,27,56,20,17,459,42,1839,776,3991,0.4053,26,841,2271.0,4392.0,0,910,3486,3991,3819,3963,392,841,53,0,28,40,0,0,0,9,49,0,0,0,240,167,159,101,134,103,224,174,3991,190,220,841,910
06037541500,366600,1199,1833,18,130,100,57,877,34,69,32,97,513,184,2785,607,5922,0.3953,109,1390,2990.0,6984.0,0,1436,5230,5975,5730,5975,664,1390,9,49,26,16,12,16,0,29,80,0,0,17,214,348,259,156,220,300,335,115,5975,189,192,1390,1436
06037541603,343100,1152,1596,45,44,43,33,423,19,10,49,32,269,136,1379,1044,3118,0.399,112,692,1432.0,3154.0,0,703,2800,3221,2910,3176,360,692,10,18,51,26,26,12,3,12,32,26,39,20,110,149,242,114,79,175,196,44,3221,75,136,692,703
06037541604,411200,1174,1903,102,26,78,148,974,0,9,51,45,385,132,2272,1388,5474,0.4125,104,1359,2258.0,6130.0,0,1407,4738,5492,5097,5411,700,1359,60,61,45,20,30,12,59,64,30,55,69,8,301,278,226,82,181,242,293,200,5492,120,196,1359,1407
06037541605,355900,1239,1272,106,0,29,17,780,36,73,32,78,624,206,2384,863,5069,0.4046,94,1404,3099.0,6543.0,0,1456,3585,5069,4884,5069,673,1404,60,25,119,0,21,22,25,8,144,11,10,62,101,167,100,128,59,74,285,98,5069,259,298,1404,1456
06037541606,388300,1238,1826,49,49,125,5,486,12,48,20,13,151,81,1062,570,2537,0.4155,58,637,1001.0,3011.0,0,637,2158,2537,2211,2502,305,637,16,13,37,10,9,0,32,21,11,0,2,7,118,97,173,54,84,129,179,41,2537,50,47,637,637
06037541700,441400,1257,1808,44,39,28,45,353,113,134,69,83,1005,399,3204,698,6586,0.3539,120,1358,6442.0,8040.0,0,1382,6019,6586,6330,6478,784,1358,48,0,133,64,60,30,190,103,63,90,28,0,269,313,234,130,279,171,143,167,6586,322,499,1358,1382
06037541801,423600,1307,1869,82,116,90,57,707,54,50,26,62,447,279,2190,522,5127,0.3125,58,1154,2296.0,5419.0,18,1191,4011,5127,4842,5002,678,1154,33,9,0,27,6,0,107,16,74,80,13,41,174,201,267,96,227,221,274,74,5127,98,203,1154,1191
06037541802,434700,1269,2112,13,14,47,22,317,27,55,49,40,952,260,2741,364,5713,0.3387,49,1269,5263.0,6518.0,0,1282,4506,5713,5577,5610,865,1269,30,21,9,0,0,18,40,35,59,9,23,45,256,302,125,121,122,186,58,57,5713,242,476,1269,1282
06037542000,402600,1238,2033,44,0,13,37,305,103,39,20,79,782,174,2219,392,4493,0.3575,122,1087,4476.0,5782.0,0,1118,2883,4493,4229,4425,501,1087,21,71,72,45,18,0,45,15,85,78,0,56,151,158,137,146,94,58,212,98,4493,345,252,1087,1118
06037542103,355300,1299,1625,10,36,24,51,366,61,41,11,36,408,125,1426,428,3167,0.3509,40,774,2148.0,3736.0,0,802,2733,3174,3057,3127,411,774,29,22,50,3,8,0,28,10,32,32,17,33,32,116,196,84,81,124,95,104,3174,147,149,774,802
06037542104,381200,1473,1765,25,18,127,31,389,104,16,33,0,482,49,2237,545,4348,0.4264,19,871,2566.0,4164.0,0,897,4015,4438,4285,4426,515,871,44,18,21,10,21,0,16,24,44,21,6,4,201,115,118,159,100,180,126,109,4438,60,220,871,897
06037542105,389200,1449,1188,36,62,31,123,723,57,20,24,0,378,283,2362,1028,5024,0.479,130,1101,2077.0,4988.0,0,1137,4264,5032,4700,5003,457,1101,29,58,48,38,38,58,0,70,51,44,60,6,169,364,264,141,88,215,218,59,5032,112,215,1101,1137
06037542106,398400,1155,1685,19,55,99,39,489,0,16,31,13,247,73,1191,849,2896,0.3344,57,736,1108.0,3151.0,0,765,2341,2917,2727,2895,262,736,39,34,54,3,6,0,19,47,4,31,13,2,110,138,132,138,84,41,182,82,2917,47,149,736,765
06037542200,361100,1228,1545,0,49,20,16,424,169,120,82,71,1032,242,3233,1493,6987,0.4804,158,1456,5520.0,7546.0,9,1528,5139,6999,6392,6951,690,1456,19,51,68,41,53,0,70,77,88,67,108,7,285,438,445,117,215,126,286,293,6999,384,374,1456,1528
06037542401,392400,1468,1543,13,91,37,0,389,57,0,161,21,777,339,2205,770,4267,0.3848,165,1166,4369.0,6030.0,0,1217,2515,4309,4202,4262,549,1166,25,0,98,31,38,0,47,35,85,29,54,33,164,92,100,174,78,171,266,133,4309,443,233,1166,1217
06037542402,396900,1559,1421,52,11,14,6,278,58,56,39,21,606,181,2025,255,3790,0.3218,60,884,3417.0,4810.0,0,900,2284,3790,3671,3775,507,884,36,8,28,4,109,0,23,31,34,160,17,28,96,137,187,67,58,150,122,93,3790,246,234,884,900
06037542501,377800,1003,1425,155,80,9,89,691,52,7,22,5,555,275,2013,1465,4503,0.4113,175,1246,2991.0,6235.0,0,1256,2135,4503,4118,4458,467,1246,58,5,21,38,0,0,29,18,51,113,44,20,62,172,239,151,172,136,267,92,4503,414,138,1246,1256
06037542502,352800,1189,1394,75,133,61,118,929,29,0,39,18,405,129,2300,1862,5481,0.4292,103,1334,2242.0,5636.0,0,1384,3520,5481,4933,5281,412,1334,0,57,83,19,36,50,27,49,42,80,30,15,409,302,193,91,443,211,184,96,5481,186,159,1334,1384
06037542601,402900,1077,1824,46,58,22,39,543,52,0,9,5,214,89,1532,1076,3525,0.4602,86,757,1183.0,3479.0,5,810,2921,3539,3255,3441,363,757,6,46,27,11,0,0,11,9,18,8,45,24,139,145,157,94,192,176,120,77,3539,38,126,757,810
06037542602,376900,1118,1665,70,92,15,72,697,103,134,4,42,620,315,2794,826,5504,0.3838,175,1317,3194.0,5952.0,105,1442,4148,5504,5278,5461,595,1317,10,54,39,0,59,7,41,32,72,7,51,0,113,117,260,175,276,223,175,188,5504,152,301,1317,1442
06037542700,365200,1391,1646,60,75,16,28,481,78,100,66,36,899,238,2802,972,5853,0.3462,161,1380,4519.0,6637.0,24,1427,4859,5853,5340,5637,820,1380,45,26,20,0,23,33,11,12,108,44,13,72,355,172,274,228,225,102,367,98,5853,334,415,1380,1427
06037542800,360900,1250,1667,35,16,0,0,162,25,67,50,82,768,89,1227,629,2969,0.3907,4,930,4296.0,5094.0,0,963,1474,2969,2870,2945,335,930,29,23,14,10,97,0,85,16,73,41,48,156,77,95,139,73,51,144,39,97,2969,446,221,930,963
06037542900,384100,1227,1428,14,50,9,8,250,51,44,29,36,537,112,1500,786,3292,0.4255,27,787,2719.0,3844.0,0,806,2857,3299,3106,3221,410,787,28,9,18,6,9,5,44,51,40,22,10,25,119,135,84,102,127,150,155,34,3299,171,311,787,806
06037543000,393900,1216,1632,0,51,2,0,316,104,64,73,22,871,273,2206,433,4487,0.4111,103,1187,5059.0,6394.0,0,1270,2084,4487,4197,4446,462,1187,24,83,24,27,54,37,11,70,93,84,22,10,99,197,150,75,224,148,265,31,4487,412,409,1187,1270
06037543100,414500,1446,1641,8,170,38,21,450,69,100,60,145,1348,259,3608,1224,7359,0.4668,99,1798,7967.0,10319.0,0,1871,4367,7445,6947,7346,803,1798,5,68,27,16,46,28,49,72,113,101,68,137,268,370,301,118,290,203,317,205,7445,641,566,1798,1871
06037543201,398100,1364,1718,14,53,37,48,350,61,50,59,28,509,133,1434,468,3444,0.3742,85,859,3220.0,4831.0,0,908,2210,3444,3258,3414,438,859,8,36,14,23,0,26,32,12,41,18,35,54,126,230,181,71,148,168,151,53,3444,240,211,859,908
06037543203,351400,1259,1291,31,46,47,8,559,57,16,25,10,603,240,1798,998,4460,0.4546,66,1162,3076.0,5029.0,0,1175,3809,4460,4262,4448,576,1162,67,1,52,19,12,25,29,11,105,27,61,26,103,128,188,203,240,181,223,109,4460,207,275,1162,1175
06037543304,571600,2856,1978,19,81,7,0,239,252,322,243,101,1789,299,3625,121,6488,0.3428,29,2028,12049.0,13593.0,0,2071,527,6506,6262,6451,994,2028,39,137,214,121,76,149,71,108,172,127,108,50,156,163,125,131,50,104,115,146,6506,1430,322,2028,2071
06037543305,122000,1136,1048,0,0,33,7,77,220,113,22,67,1165,123,2009,498,3747,0.3731,55,1242,6494.0,6897.0,18,1242,2012,3808,3427,3793,556,1242,41,90,96,107,11,11,83,80,108,20,12,10,74,100,65,73,104,116,143,166,3808,713,382,1242,1242
06037543306,441100,2542,1338,0,117,38,65,364,136,137,60,148,1394,209,3667,462,6927,0.4366,26,1758,8233.0,10283.0,0,1758,2677,7016,6522,6980,970,1758,66,78,95,105,97,54,15,141,197,104,72,48,252,173,477,29,179,156,130,194,7016,728,483,1758,1758
06037543321,516900,-666666666,1987,108,0,20,12,424,191,227,145,65,1530,264,2896,906,5719,0.456,90,1954,8930.0,11230.0,0,1954,640,5768,4952,5742,849,1954,46,66,134,104,27,104,294,233,279,187,41,67,124,68,105,86,63,276,222,60,5768,988,513,1954,1954
06037543322,587400,2738,2011,0,3,38,0,136,381,129,116,147,1945,275,3686,376,7265,0.3935,17,2081,13596.0,14453.0,0,2140,611,7283,6768,7211,1121,2081,43,140,167,125,258,59,26,182,103,302,113,50,27,83,189,106,129,202,280,99,7283,1317,564,2081,2140
06037543400,471300,1590,1595,37,18,7,25,196,87,94,81,31,714,64,1650,198,3542,0.4049,59,910,4195.0,5334.0,0,922,2014,3542,3404,3531,519,910,10,59,51,54,46,68,38,37,130,133,51,49,65,102,188,26,49,93,105,79,3542,327,325,910,922
06037543501,439200,1358,1699,51,206,227,60,910,64,134,124,49,912,260,3560,902,6885,0.4132,82,1822,4765.0,8473.0,42,1947,2268,6890,6384,6873,991,1822,54,38,123,85,13,79,81,252,239,184,27,25,240,259,260,96,94,123,207,152,6890,425,389,1822,1947
06037543502,523500,1563,2083,103,16,57,60,543,228,183,48,52,1113,220,3030,475,4757,0.4093,40,1656,5395.0,7546.0,58,1777,2633,4790,4492,4737,759,1656,83,60,73,36,43,11,40,91,72,58,32,10,142,81,120,58,16,64,88,92,4790,576,518,1656,1777
06037543503,563500,1450,1767,108,103,24,29,770,82,96,87,66,1167,126,3025,780,5421,0.446,0,1937,6636.0,9687.0,0,2021,2134,5889,4891,5799,989,1937,56,70,259,82,93,128,26,58,382,126,115,133,194,23,12,20,154,273,91,53,5889,844,285,1937,2021
06037543601,524900,1597,1723,22,52,66,58,365,144,34,58,48,659,191,2075,532,4314,0.3447,62,1024,4019.0,5707.0,0,1101,1707,4334,4182,4301,680,1024,10,155,24,71,4,19,53,38,54,47,23,67,71,161,136,138,81,99,196,143,4334,220,418,1024,1101
06037543603,526700,1175,1243,7,0,0,21,99,66,75,83,133,1463,73,1824,233,4103,0.486,38,1562,8825.0,9292.0,0,1570,884,4170,3994,4170,807,1562,61,210,81,143,176,15,94,103,121,293,175,103,70,42,110,27,13,92,81,14,4170,1131,308,1562,1570
06037543605,428600,1732,1704,0,83,14,0,238,206,188,252,13,1334,86,2258,198,4042,0.3988,0,1572,6621.0,7587.0,0,1667,1017,4042,3647,3997,800,1572,73,54,49,39,121,0,46,122,117,117,36,0,70,126,76,53,170,243,18,67,4042,864,428,1572,1667
06037543606,506700,1277,1747,99,95,24,95,486,38,26,86,100,787,20,1960,210,3556,0.3934,0,1273,4153.0,5927.0,219,1362,1334,3806,3500,3806,505,1273,47,88,105,33,69,26,66,75,149,80,6,120,253,34,54,0,346,103,69,0,3806,346,365,1273,1362
06037543607,519300,1172,1920,30,19,56,0,156,176,142,98,56,1144,89,2409,337,5005,0.3068,17,1300,7505.0,8340.0,0,1340,1801,5112,4749,5027,900,1300,87,130,90,80,48,11,41,168,112,281,25,80,186,132,212,135,165,78,42,103,5112,584,537,1300,1340
06037543701,480100,1971,1628,15,27,5,0,133,68,69,55,42,504,99,1594,203,3081,0.2927,12,637,3048.0,3799.0,0,649,1639,3104,2858,3048,459,637,15,46,43,24,10,0,43,57,50,15,32,21,153,49,147,67,68,99,117,39,3104,133,326,637,649
06037543703,524600,1514,2198,34,43,23,26,317,55,135,69,33,658,205,1850,196,3610,0.4048,18,975,4107.0,5338.0,1,1059,2003,3621,3267,3617,544,975,34,48,83,42,40,7,60,61,58,108,18,25,108,26,91,68,134,122,47,92,3621,359,256,975,1059
06037543704,524900,1934,1852,10,26,10,27,143,85,133,35,80,637,109,1689,151,2836,0.2831,7,780,3830.0,4520.0,0,839,1717,2836,2642,2808,557,780,20,58,54,8,30,0,46,83,11,10,15,12,91,8,90,32,83,37,57,97,2836,248,371,780,839
06037543705,457800,1413,1872,16,23,0,16,293,100,75,73,61,628,41,1677,540,3281,0.371,32,921,3369.0,4548.0,0,972,1968,3281,3148,3254,634,921,44,13,40,51,15,27,41,23,7,38,21,33,13,196,127,109,98,125,80,90,3281,261,330,921,972
06037543801,414100,1265,1192,153,28,7,17,259,159,29,56,68,1013,122,2147,257,4564,0.3941,23,1272,5917.0,7232.0,0,1347,1664,4573,4302,4528,737,1272,41,34,105,42,75,19,64,74,139,114,96,40,202,87,71,44,187,141,152,118,4573,513,442,1272,1347
06037543803,479900,1413,-666666666,51,49,48,80,527,56,40,44,54,741,40,2119,506,3969,0.5203,18,1268,4084.0,6433.0,100,1382,998,3969,3482,3915,660,1268,16,0,24,91,22,0,26,17,123,54,53,51,166,22,221,59,165,118,131,127,3969,434,241,1268,1382
06037543804,567400,1476,2412,51,47,31,44,248,33,31,21,109,452,50,1465,260,2882,0.3282,0,700,2712.0,3966.0,0,751,827,2887,2722,2887,439,700,12,2,71,14,17,158,108,38,49,0,14,185,1,70,66,228,0,25,63,1,2887,171,172,700,751
06037543903,477100,1644,1252,18,35,48,15,305,85,64,51,58,733,137,2011,244,3508,0.4371,0,1038,4165.0,5348.0,41,1155,1674,3536,3245,3487,571,1038,67,86,139,35,38,17,40,82,89,36,40,59,121,68,90,46,37,61,106,35,3536,326,317,1038,1155
06037543905,397400,1676,1685,13,60,64,39,470,60,48,41,50,530,175,2204,615,4403,0.3894,29,1000,2726.0,5309.0,14,1045,3421,4408,4018,4319,453,1000,11,14,38,23,17,11,25,59,79,37,9,44,209,152,197,101,130,161,111,142,4408,178,300,1000,1045
06037544001,436400,1667,972,0,7,51,26,344,125,108,61,19,847,110,2543,226,4399,0.3799,15,1191,4547.0,6116.0,0,1216,3064,4399,4154,4376,572,1191,1,45,47,17,14,35,14,27,85,29,4,79,146,164,101,175,170,81,86,90,4399,419,406,1191,1216
06037544002,481500,1304,1807,5,52,26,59,259,49,53,59,33,511,155,1859,800,3717,0.4029,16,770,2759.0,3866.0,0,796,2690,3717,3365,3680,425,770,62,48,22,14,5,17,30,60,65,29,12,75,272,202,102,32,122,56,122,72,3717,242,164,770,796
06037550101,467700,1452,1666,9,10,10,0,153,141,57,98,99,937,110,2122,574,4131,0.5188,9,1090,4955.0,5680.0,0,1090,3113,4163,3974,4149,818,1090,62,29,36,50,8,168,42,115,78,22,18,198,224,142,49,87,135,122,141,65,4163,341,483,1090,1090
06037550201,494400,1306,1685,51,60,85,18,329,39,58,57,22,447,30,1380,283,2970,0.336,34,776,2509.0,3794.0,28,790,2434,2973,2805,2928,446,776,22,17,13,39,16,0,37,39,17,39,25,20,133,176,173,30,111,109,114,80,2973,211,199,776,790
06037550202,441400,1726,1662,22,58,0,36,325,126,89,188,111,1157,193,2975,526,5605,0.3179,65,1482,6089.0,7516.0,0,1482,4124,5611,5380,5535,846,1482,72,43,42,4,49,41,93,23,137,61,54,53,116,196,229,104,197,260,116,76,5611,415,599,1482,1482
06037550301,446400,1898,1675,98,26,88,0,461,63,142,52,23,602,189,2518,196,4916,0.3198,57,1063,3598.0,5520.0,16,1093,3369,5030,4481,5006,433,1063,52,31,4,38,5,59,5,25,39,80,98,101,196,151,230,137,363,153,163,53,5030,259,273,1063,1093
06037550501,540100,1427,2354,5,157,17,72,619,106,84,0,0,486,105,2125,102,3612,0.3905,49,1105,2915.0,5406.0,32,1105,2854,3674,3253,3674,595,1105,29,0,38,10,0,0,20,34,87,0,0,12,122,0,353,203,109,128,58,123,3674,325,120,1105,1105
06037550502,731300,2157,2886,18,108,11,55,361,60,124,105,65,821,64,2409,102,4165,0.4139,31,1182,6101.0,8413.0,0,1299,2744,4165,3962,4123,793,1182,6,15,97,72,0,101,57,34,73,25,16,53,141,100,155,129,82,24,70,165,4165,495,299,1182,1299
06037550601,593000,1493,2319,114,235,33,37,927,60,101,75,164,883,177,3213,1070,6287,0.442,145,1810,5377.0,8499.0,32,1883,4982,6385,5841,6335,909,1810,0,76,88,15,6,58,48,46,16,49,57,33,247,343,272,135,332,274,342,40,6385,366,431,1810,1883
06037550602,645400,2213,2106,14,0,10,10,145,107,59,82,86,950,19,1934,159,3951,0.449,28,1095,5738.0,6578.0,20,1141,2818,3951,3563,3937,617,1095,71,50,66,96,44,5,90,69,57,32,83,31,52,91,159,135,76,135,106,28,3951,524,328,1095,1141
06037550700,609700,1990,2196,6,55,152,14,428,271,81,129,152,1408,204,3167,239,6303,0.3345,19,1836,8129.0,9948.0,25,1975,4250,6311,5894,6242,1071,1836,91,87,158,64,13,29,192,137,59,78,43,150,231,305,113,81,367,182,195,141,6311,688,630,1836,1975
06037550801,641500,1365,1948,78,77,47,21,663,69,125,86,43,882,97,2457,237,4939,0.3625,58,1545,5792.0,8629.0,0,1592,3589,4939,4501,4797,1050,1545,54,94,46,4,44,69,157,19,80,24,34,70,81,195,182,100,314,94,136,94,4939,463,419,1545,1592
06037550802,610400,1277,2579,76,162,41,73,431,17,0,10,9,164,75,1255,62,2239,0.3238,26,595,999.0,2861.0,0,648,1605,2239,2198,2239,325,595,95,21,20,0,0,15,18,12,21,44,0,0,52,79,106,0,143,34,90,0,2239,99,42,595,648
06037550901,680700,1423,2833,132,97,132,140,1120,45,37,8,28,226,362,2575,1073,4399,0.4841,39,1346,1442.0,5749.0,51,1390,3167,4405,3880,4337,614,1346,0,46,42,38,21,38,34,90,9,28,74,3,127,167,126,92,116,163,180,35,4405,110,98,1346,1390
06037550902,650100,1547,2358,254,159,116,128,1268,30,126,5,48,523,195,2934,709,5344,0.4523,51,1791,3266.0,8580.0,0,1824,3634,5350,4619,5285,811,1791,41,32,100,53,21,28,43,29,43,71,0,37,212,159,205,115,103,78,277,123,5350,343,172,1791,1824
06037551001,612100,2037,2170,0,12,46,20,287,28,66,108,36,624,12,1416,81,2966,0.3558,31,911,4354.0,5712.0,0,1013,2197,2966,2718,2896,655,911,0,38,81,63,0,0,0,128,75,41,0,0,118,0,125,130,34,152,104,24,2966,388,216,911,1013
06037551002,641900,1803,1859,104,137,27,141,532,56,40,70,101,840,195,2042,71,4235,0.5607,0,1372,5271.0,7417.0,14,1423,2805,4235,3644,4185,763,1372,0,162,189,34,9,49,10,217,60,56,50,204,50,171,128,42,104,145,66,88,4235,483,357,1372,1423
06037551101,380800,1306,1636,68,158,80,71,715,27,58,17,32,567,42,1683,280,3738,0.3777,33,1282,3003.0,5371.0,8,1338,3041,3738,3508,3700,554,1282,9,11,77,0,11,9,12,32,271,10,11,27,159,180,102,23,142,181,149,129,3738,406,161,1282,1338
06037551102,531900,1503,2080,188,207,239,194,1561,33,0,9,11,178,106,2869,800,5546,0.3647,103,1739,1044.0,6832.0,0,1787,4739,5546,4973,5447,704,1739,22,14,42,0,27,0,23,51,35,20,0,10,148,185,206,163,164,120,205,297,5546,112,25,1739,1787
06037551201,496600,1629,1794,18,103,86,108,787,44,20,19,43,361,111,1646,249,3450,0.389,31,1148,2130.0,5192.0,0,1192,2398,3529,3260,3529,571,1148,46,137,8,12,0,38,35,47,212,47,23,86,46,97,131,51,19,142,261,101,3529,172,140,1148,1192
06037551203,527700,1522,2160,0,59,73,21,404,144,14,91,25,697,261,2191,247,3747,0.3498,30,1101,3986.0,5637.0,0,1101,2738,3747,3382,3747,461,1101,115,14,13,0,11,27,124,28,65,0,46,12,188,223,123,111,32,153,167,18,3747,281,416,1101,1101
06037551204,577000,1473,1430,54,129,69,44,714,12,47,65,0,357,52,1493,456,3296,0.4498,0,1071,1933.0,5314.0,0,1098,2789,3390,3295,3307,573,1071,76,33,9,0,0,51,44,91,22,48,0,49,54,80,120,155,165,0,288,30,3390,152,185,1071,1098
06037551300,374600,1588,1231,143,119,226,172,1317,25,89,40,21,451,237,3246,742,5515,0.3262,16,1768,1964.0,7197.0,0,1877,4568,5708,5115,5621,746,1768,37,35,96,62,52,43,91,93,122,46,40,112,111,206,91,97,125,133,112,163,5708,240,208,1768,1877
06037551401,553900,1429,1859,104,56,77,143,811,53,12,15,59,445,238,2163,342,4097,0.4107,0,1256,2338.0,5482.0,9,1292,3209,4141,3977,4106,466,1256,0,35,25,18,19,11,101,45,85,63,23,30,95,132,136,154,206,78,119,130,4141,204,190,1256,1292
06037551402,566800,1962,2045,53,112,58,31,533,91,62,87,44,837,184,2566,450,4970,0.3675,12,1370,4952.0,7235.0,0,1393,3674,4973,4418,4815,647,1370,21,52,46,36,13,8,20,47,56,23,40,41,162,248,181,160,166,251,41,106,4973,373,416,1370,1393
06037551501,532500,1481,1820,136,15,65,30,580,83,70,146,111,801,179,2440,232,4675,0.4017,6,1381,4656.0,7351.0,0,1445,3295,4742,3961,4669,776,1381,54,54,29,25,19,33,45,78,85,68,47,21,38,108,159,57,172,167,299,122,4742,401,322,1381,1445
06037551502,608400,1723,1805,80,48,89,157,619,58,166,83,18,734,95,2539,224,4777,0.3898,25,1353,4467.0,7038.0,0,1380,3456,4885,4680,4885,803,1353,11,17,88,52,15,134,40,76,101,34,61,30,145,134,168,81,91,95,267,157,4885,363,305,1353,1380
06037551700,586000,1621,2140,138,53,40,101,650,123,65,43,69,997,170,2971,522,6059,0.3921,84,1647,5771.0,8707.0,0,1647,4921,6066,5769,5967,914,1647,100,41,50,50,112,19,143,53,155,37,102,37,226,141,225,107,88,202,254,135,6066,577,324,1647,1647
06037551801,490400,1495,1967,8,155,12,26,345,100,92,13,116,598,90,1943,46,3122,0.3212,20,943,3576.0,4798.0,0,943,2220,3122,2902,3112,505,943,0,0,22,9,31,31,5,69,0,0,35,20,56,138,43,55,48,121,127,13,3122,408,125,943,943
06037551802,484900,1725,1962,109,22,99,85,767,75,88,76,0,639,148,2252,454,4081,0.4094,33,1406,4055.0,6461.0,0,1406,2810,4081,3744,4065,550,1406,14,156,78,16,0,0,98,69,151,0,0,20,118,52,156,103,0,95,154,284,4081,373,213,1406,1406
06037551900,473000,1496,1914,33,12,21,10,245,100,118,146,195,1132,62,2732,246,5106,0.3544,7,1377,6018.0,7170.0,12,1396,3225,5290,4936,5128,826,1377,37,152,62,60,27,18,74,146,81,47,27,68,213,98,147,104,172,206,157,102,5290,545,433,1377,1396
06037552001,467900,1818,1929,70,72,18,15,285,70,165,27,65,751,99,1923,140,4050,0.3732,49,1036,4261.0,5575.0,5,1062,2956,4143,3926,4137,618,1036,23,55,51,14,30,19,32,56,81,25,49,56,140,149,124,113,112,187,188,65,4143,270,391,1036,1062
06037552002,440300,1549,2138,34,50,114,58,539,36,12,58,13,379,119,1807,375,3258,0.3713,63,918,2019.0,3815.0,0,990,2113,3379,3104,3372,387,918,16,72,5,25,0,18,36,43,35,47,43,27,108,71,105,128,98,28,110,91,3379,108,215,918,990
06037552100,459000,1180,2023,23,57,98,51,636,157,96,191,99,1184,153,2838,675,6561,0.4303,118,1820,6310.0,8446.0,0,1859,4943,6570,5880,6369,1018,1820,10,182,79,60,51,53,80,63,75,133,85,41,322,227,372,224,316,87,257,66,6570,389,577,1820,1859
06037552200,446300,1384,1925,60,219,130,29,1281,55,41,70,8,340,112,2666,973,5804,0.3726,81,1621,1857.0,6306.0,0,1726,4389,5804,5551,5698,714,1621,63,32,57,16,0,0,14,79,46,28,20,0,263,209,400,193,236,312,255,121,5804,147,176,1621,1726
06037552301,433200,2144,1775,38,154,41,68,448,67,36,57,88,686,108,2014,405,4237,0.3306,6,1134,3848.0,5965.0,0,1190,2697,4376,3976,4358,559,1134,17,60,38,28,30,24,81,23,117,25,32,45,147,190,118,235,128,136,125,117,4376,370,208,1134,1190
06037552302,534100,1431,2219,31,43,72,8,621,48,200,85,51,711,35,2458,409,4292,0.3942,68,1332,3763.0,5704.0,26,1352,2043,4304,4068,4255,729,1332,142,60,117,32,16,0,66,31,114,64,82,33,103,23,56,42,42,137,157,13,4304,286,217,1332,1352
06037552400,447600,1650,2055,5,0,0,18,99,21,35,27,26,455,50,1096,125,2339,0.415,80,554,2548.0,3013.0,0,574,1856,2339,2059,2323,307,554,0,41,20,21,32,17,18,33,17,21,22,31,73,110,162,41,112,45,93,41,2339,147,253,554,574
06037552601,422800,1728,1615,0,43,94,23,384,171,108,39,48,819,211,2970,518,5560,0.44,67,1203,4497.0,6105.0,16,1225,4835,5560,5170,5484,627,1203,8,27,27,16,17,1,135,23,24,53,16,98,234,134,234,106,246,219,206,79,5560,232,348,1203,1225
06037552602,455200,1785,1605,0,54,11,32,311,26,81,40,24,708,123,1863,691,3923,0.3845,64,1019,4165.0,5474.0,22,1042,2065,3974,3655,3953,600,1019,29,38,43,45,6,39,32,32,86,93,107,23,223,84,82,117,73,135,106,21,3974,290,340,1019,1042
06037552700,473200,1794,1762,7,15,30,16,281,275,63,255,73,1341,275,3340,597,6654,0.3537,88,1622,7358.0,8773.0,0,1694,4523,6712,6145,6639,948,1622,41,192,107,13,36,42,111,88,110,70,43,97,218,115,268,138,292,173,173,158,6712,505,637,1622,1694
06037552800,487000,1710,1843,57,74,52,57,465,117,45,138,104,1161,227,3000,292,5759,0.4179,9,1626,6322.0,8307.0,0,1718,4092,5771,5240,5708,941,1626,79,66,51,46,38,11,65,80,100,43,160,30,135,225,250,73,183,120,137,79,5771,519,568,1626,1718
06037552900,477500,1784,1719,56,90,84,55,893,73,81,62,114,1066,88,3318,1014,7270,0.412,112,1959,6086.0,10201.0,6,2004,4162,7286,6922,7155,967,1959,94,49,32,71,16,25,192,129,112,101,39,85,241,125,195,122,231,124,154,257,7286,591,411,1959,2004
06037553000,465600,1898,1950,54,69,67,0,254,133,106,130,98,931,136,2596,267,4988,0.3109,18,1185,5304.0,6595.0,6,1218,3910,4988,4641,4871,712,1185,24,147,19,87,33,32,68,81,67,133,21,106,277,122,89,60,257,15,134,129,4988,369,456,1185,1218
06037553100,581000,1879,2181,140,131,76,140,922,95,88,16,85,952,446,3643,996,6737,0.4131,47,1874,5599.0,9760.0,15,1983,3434,6737,5686,6694,818,1874,67,55,51,25,22,8,31,76,77,47,52,53,270,231,220,222,257,357,243,37,6737,570,366,1874,1983
06037553201,494900,1732,1975,46,59,40,20,296,90,87,129,19,684,115,2302,230,3951,0.3279,6,980,4173.0,5532.0,0,1001,2692,3969,3702,3898,619,980,17,35,48,36,24,3,44,31,41,12,21,59,163,105,176,64,35,184,74,78,3969,379,284,980,1001
06037553202,488800,1472,1917,82,13,21,33,265,30,85,52,35,662,72,1871,179,3506,0.3404,20,927,3871.0,5417.0,0,962,2383,3526,3188,3526,538,927,0,45,17,0,24,36,70,41,49,18,42,101,28,157,121,90,82,203,51,12,3526,312,239,927,962
06037553300,443800,827,1375,32,28,29,0,196,64,143,48,19,758,85,1798,142,3211,0.4488,8,954,3946.0,4637.0,0,1003,2251,3211,3106,3203,530,954,0,66,70,49,0,10,24,44,64,61,68,22,59,30,70,45,22,97,31,133,3211,350,360,954,1003
06037553400,462400,1528,1839,102,27,23,61,399,61,59,30,13,563,94,2064,147,3493,0.3641,30,962,3098.0,4843.0,0,1016,2876,3497,3349,3438,466,962,110,37,38,13,3,22,27,68,41,24,42,22,48,92,94,16,100,101,134,37,3497,250,280,962,1016
06037553502,309700,1395,1184,138,80,99,19,698,53,22,18,8,432,58,2060,430,3868,0.5718,7,1130,1867.0,4150.0,0,1209,2672,3920,3622,3899,424,1130,77,28,34,16,24,17,17,63,74,23,24,45,84,80,237,109,71,144,174,76,3920,159,247,1130,1209
06037553503,407000,1431,1613,33,82,41,105,544,36,21,17,32,285,17,1647,452,3301,0.3217,39,829,1401.0,3664.0,11,853,2822,3330,2983,3248,359,829,41,25,4,18,17,4,32,38,68,6,10,9,103,26,125,103,111,85,44,53,3330,85,113,829,853
06037553504,392300,1401,1375,63,37,100,33,563,77,28,47,13,745,177,2556,602,4998,0.3588,31,1308,3695.0,6120.0,0,1308,4178,4998,4649,4940,697,1308,24,33,29,69,11,34,31,77,76,43,11,15,135,174,143,147,207,193,191,111,4998,350,248,1308,1308
06037553601,424400,1445,1693,63,113,52,22,932,31,52,32,28,362,104,2153,691,4526,0.4256,124,1294,1859.0,5555.0,0,1310,3898,4542,4247,4467,560,1294,9,18,47,0,68,10,41,40,38,68,0,0,238,90,178,204,105,57,280,84,4542,123,211,1294,1310
06037553602,404400,1804,1625,28,107,117,109,903,79,91,10,77,440,204,2444,490,4555,0.3536,22,1343,2351.0,5871.0,0,1402,3449,4568,3907,4460,505,1343,31,40,10,10,0,12,43,34,37,25,12,0,167,77,368,201,137,139,188,62,4568,197,156,1343,1402
06037553701,301900,1375,1521,79,87,82,0,510,33,81,12,0,391,80,1938,827,4056,0.343,52,901,2144.0,4222.0,0,915,3797,4056,3600,4043,565,901,5,66,53,16,14,12,36,30,31,28,15,18,43,203,364,115,54,100,227,51,4056,137,168,901,915
06037553702,409300,1243,1369,51,55,44,62,508,51,152,15,114,699,84,2134,563,4600,0.328,47,1207,3555.0,5760.0,0,1250,4215,4600,4344,4535,689,1207,48,72,25,19,37,0,61,0,88,0,11,0,167,170,235,121,158,133,207,149,4600,264,331,1207,1250
06037553801,381500,1533,1642,35,66,86,84,730,32,10,31,32,297,188,2210,951,4476,0.3719,14,1027,1767.0,4673.0,0,1027,3922,4575,4264,4533,627,1027,14,6,10,22,28,9,31,11,57,20,0,34,135,213,314,126,209,74,177,131,4575,113,148,1027,1027
06037553802,202900,1390,1095,55,61,186,61,1151,11,44,24,120,936,258,3461,1505,7221,0.4036,52,2087,4547.0,9329.0,9,2087,5431,7229,6806,7134,961,2087,84,34,17,44,45,0,48,58,81,104,82,22,238,329,393,175,176,324,284,184,7229,424,380,2087,2087
06037553901,477300,1376,1443,148,110,79,9,729,115,44,95,63,811,125,3057,707,6304,0.3862,38,1540,4634.0,7738.0,0,1665,5228,6502,5950,6444,933,1540,172,70,29,36,6,70,104,54,71,74,141,91,284,341,250,183,87,242,276,94,6502,276,310,1540,1665
06037553902,266800,1653,1303,57,123,125,70,925,20,66,36,35,565,174,3206,1155,5629,0.3764,85,1490,2666.0,6499.0,0,1634,4491,5629,5048,5601,553,1490,47,33,44,19,46,0,29,70,57,39,40,0,137,158,380,174,173,167,192,143,5629,284,167,1490,1634
06037554001,535900,1429,1702,33,156,31,100,431,137,31,85,28,724,121,2096,372,4132,0.3425,15,1155,4221.0,6272.0,0,1255,2122,4143,3803,4143,584,1155,144,83,48,35,12,55,13,71,137,37,0,10,79,90,237,88,119,190,91,23,4143,373,294,1155,1255
06037554002,514500,1370,2140,78,199,105,79,1016,26,51,63,13,575,313,2835,610,5301,0.4293,55,1591,3205.0,7123.0,112,1706,3386,5301,4763,5272,689,1591,32,46,43,4,18,31,75,33,53,8,39,16,136,243,196,109,188,230,185,129,5301,208,316,1591,1706
06037554101,455000,1314,1984,19,80,42,133,650,24,54,0,27,293,173,1737,559,3181,0.3969,0,943,1453.0,3724.0,0,1055,2266,3181,2881,3157,427,943,0,52,15,0,0,10,0,36,67,23,0,16,102,277,100,34,232,28,73,0,3181,143,90,943,1055
06037554105,347800,1431,-666666666,252,100,182,110,1366,7,6,0,27,84,197,2061,1315,4594,0.4289,120,1450,384.0,5198.0,0,1569,2395,4594,4032,4541,650,1450,46,0,34,0,13,0,34,23,64,33,33,21,133,262,239,40,287,186,387,58,4594,26,51,1450,1569
06037554106,550400,1317,1848,83,97,131,78,738,36,34,66,44,466,121,1954,652,3797,0.4576,50,1204,2793.0,5761.0,4,1292,2089,3810,3481,3764,500,1204,44,25,30,61,13,6,42,45,8,31,69,37,98,68,109,125,172,91,121,39,3810,290,169,1204,1292
06037554201,476300,1634,1911,77,27,28,87,423,116,71,158,67,642,77,2140,152,3870,0.3214,24,1065,3759.0,5626.0,0,1083,2612,3890,3526,3858,594,1065,95,14,32,30,40,15,43,7,76,79,42,12,95,85,126,146,77,66,141,17,3890,310,258,1065,1083
06037554203,517000,1135,1163,164,44,35,117,854,21,0,71,25,399,179,1971,483,3788,0.5437,0,1253,2485.0,5485.0,0,1259,2223,3877,3677,3872,507,1253,39,48,63,5,0,78,12,34,62,56,10,47,66,124,142,109,151,63,154,160,3877,254,90,1253,1259
06037554204,461300,1275,1963,221,107,140,102,1471,83,6,38,0,214,210,2417,622,4698,0.4136,45,1685,1058.0,5832.0,0,1786,3248,4705,4352,4695,791,1685,74,44,39,30,53,18,19,70,102,52,26,60,117,97,194,104,168,166,175,71,4705,112,67,1685,1786
06037554301,422900,1664,1633,63,99,117,121,608,32,42,60,13,401,77,1860,212,3410,0.3844,22,1009,2032.0,4728.0,0,1077,2146,3412,3266,3412,530,1009,60,28,0,35,0,0,26,0,21,12,7,43,87,237,39,52,138,38,201,97,3412,114,261,1009,1077
06037554302,316100,1508,828,84,115,49,107,807,5,25,0,29,328,193,2183,494,4238,0.4012,39,1135,1474.0,4636.0,11,1135,2596,4384,3948,4277,384,1135,27,7,20,32,6,0,10,0,58,3,0,9,202,63,289,78,210,242,130,108,4384,105,117,1135,1135
06037554403,350000,1486,1464,230,110,158,92,1328,67,76,24,27,411,277,2968,1237,5501,0.3774,104,1739,1855.0,7294.0,91,1915,2818,5564,5136,5549,677,1739,31,38,26,79,21,38,32,64,117,21,21,17,153,264,314,206,177,107,146,116,5564,186,198,1739,1915
06037554404,425400,1514,2558,159,79,109,176,1072,53,11,35,0,209,64,2237,448,4210,0.377,20,1281,1130.0,5643.0,0,1326,2294,4286,3827,4257,597,1281,16,78,7,33,13,0,64,96,130,26,0,54,121,136,171,41,141,265,123,75,4286,96,104,1281,1326
06037554405,449500,1217,2202,132,84,105,75,1040,63,41,35,31,249,164,1821,447,3543,0.4578,12,1289,1423.0,5417.0,0,1419,1429,3543,3200,3455,462,1289,36,18,7,118,12,3,104,168,36,106,53,14,159,7,67,60,152,164,104,39,3543,109,131,1289,1419
06037554406,576400,1464,1708,25,49,34,93,733,128,45,90,84,731,138,1919,654,4057,0.4509,13,1464,4628.0,7732.0,0,1515,965,4206,3959,4185,733,1464,43,26,116,87,132,21,32,99,153,149,115,32,13,63,65,61,60,150,190,198,4206,448,232,1464,1515
06037554511,731200,2701,1044,47,12,8,38,305,74,154,18,16,813,85,2086,56,4096,0.4037,8,1118,5263.0,7002.0,0,1149,443,4096,3829,4096,729,1118,90,40,53,116,36,17,54,65,66,118,27,49,109,140,174,121,75,91,170,69,4096,493,296,1118,1149
06037554512,757400,2723,1775,87,163,64,102,660,228,181,87,51,1458,229,3092,241,6336,0.3635,108,2118,9768.0,12416.0,284,2234,659,6336,5508,6277,1388,2118,91,73,146,161,159,85,37,136,225,200,131,74,242,195,144,78,147,101,210,82,6336,1040,418,2118,2234
06037554513,634100,2763,1883,0,72,6,50,206,53,49,23,41,615,26,1165,89,2630,0.3936,3,821,3847.0,5068.0,0,827,314,2630,2471,2579,561,821,38,42,93,48,58,15,36,37,120,79,54,23,80,85,120,47,105,47,71,49,2630,403,206,821,827
06037554514,628200,2147,1823,61,55,3,10,529,94,106,57,92,1045,129,2503,229,4776,0.4267,36,1574,6406.0,8858.0,0,1574,1138,4784,4412,4762,964,1574,60,186,164,30,38,63,22,78,93,127,49,62,127,134,126,140,124,95,215,41,4784,697,303,1574,1574
06037554515,652400,2610,793,19,0,52,21,204,84,63,44,22,872,25,1554,51,3315,0.4013,48,1076,5583.0,6736.0,0,1164,405,3341,3097,3324,768,1076,31,32,190,167,23,82,44,89,272,159,20,25,116,44,80,25,37,51,105,33,3341,627,171,1076,1164
06037554516,815600,2622,1956,51,17,0,0,108,95,146,108,45,1107,240,1918,40,3872,0.3908,9,1215,7469.0,8013.0,7,1256,399,3872,3718,3849,916,1215,52,98,156,70,28,16,85,118,213,97,5,55,99,214,9,122,16,46,176,32,3872,742,365,1215,1256
06037554517,711900,2179,1594,45,112,92,38,544,107,108,48,28,808,81,2271,328,4353,0.5137,50,1352,5418.0,7461.0,0,1423,676,4353,3521,4353,870,1352,92,79,16,115,40,87,132,99,101,64,57,21,116,88,144,126,79,129,87,30,4353,514,294,1352,1423
06037554518,744400,2912,2038,27,9,0,9,195,118,147,104,92,1363,83,2483,249,5083,0.362,46,1558,8316.0,9516.0,0,1594,645,5129,4660,4978,1146,1558,45,155,92,103,49,53,21,135,154,113,22,100,173,154,172,75,202,167,203,40,5129,789,511,1558,1594
06037554519,826900,2500,2110,35,29,0,0,135,38,202,65,44,1081,122,1806,216,3671,0.4207,50,1216,7103.0,7841.0,9,1238,329,3671,3484,3671,845,1216,72,73,106,124,56,236,37,85,66,140,126,58,21,56,114,92,75,20,68,89,3671,679,391,1216,1238
06037554521,682600,1869,1615,79,96,46,32,609,170,112,45,9,1254,169,2741,321,6054,0.4535,57,1863,8433.0,10945.0,0,1951,1176,6072,5152,5970,1125,1863,81,103,281,85,62,64,70,128,326,128,87,223,214,116,79,140,200,139,175,115,6072,977,236,1863,1951
06037554522,681700,2849,2002,20,23,73,0,178,146,178,97,61,1317,119,2322,309,5090,0.3341,48,1495,8221.0,9285.0,0,1524,809,5104,4603,5080,1046,1495,76,102,209,101,24,75,157,107,264,68,29,141,136,238,100,70,42,112,144,52,5104,806,495,1495,1524
06037554600,461600,1938,1443,54,137,54,19,529,40,130,21,28,648,124,2155,262,4066,0.3362,24,1177,3415.0,5948.0,21,1308,1798,4074,3760,4062,702,1177,46,28,25,44,24,31,38,95,26,61,56,43,131,97,110,200,96,121,99,22,4074,331,285,1177,1308
06037554700,423400,2025,1342,35,6,44,14,278,21,89,21,48,678,188,2152,386,4112,0.3732,19,956,3869.0,5439.0,0,1010,3072,4112,3940,4101,650,956,18,131,17,74,31,20,43,32,121,89,35,50,68,60,154,63,111,128,108,58,4112,222,379,956,1010
06037554801,504600,1721,-666666666,41,46,42,37,271,46,13,15,16,468,102,1500,456,2964,0.4111,16,739,2748.0,4095.0,19,784,2158,2964,2735,2906,449,739,19,73,14,24,3,43,55,24,34,8,37,61,37,87,173,16,161,52,68,80,2964,253,139,739,784
06037554802,683800,1712,2428,34,153,92,87,771,177,43,29,12,939,261,2912,421,5823,0.3999,62,1710,6111.0,9400.0,14,1859,1351,6201,5352,6151,986,1710,41,117,109,92,65,30,51,101,81,69,201,78,174,120,179,59,214,153,144,92,6201,605,291,1710,1859
06037554900,587400,1792,1822,16,338,75,73,1077,97,87,130,51,968,166,3921,346,7278,0.3237,97,2045,5772.0,10533.0,18,2080,2424,7291,6853,7126,1119,2045,20,187,134,124,16,68,9,172,132,66,102,109,159,70,239,124,149,224,300,160,7291,419,476,2045,2080
06037555001,564200,1590,2098,6,59,138,23,603,92,139,123,64,954,114,2533,716,5215,0.4455,16,1557,5570.0,8201.0,11,1557,2246,5215,4687,5170,700,1557,29,5,119,26,55,57,17,120,144,98,14,191,118,114,117,150,140,212,293,31,5215,505,378,1557,1557
06037555002,538800,1714,2059,60,80,17,123,632,102,80,32,66,561,74,2026,268,3705,0.3665,36,1193,3073.0,5795.0,0,1193,1568,3705,3444,3655,493,1193,14,77,11,47,15,20,74,114,40,6,18,26,81,190,130,39,117,70,98,33,3705,294,261,1193,1193
06037555105,464100,1890,1544,151,0,194,34,864,112,174,71,55,800,153,3304,367,5612,0.3836,40,1664,4762.0,8584.0,40,1815,2690,5667,4949,5627,634,1664,62,83,48,15,24,33,64,79,55,70,14,33,86,122,111,96,122,107,220,91,5667,472,262,1664,1815
06037555106,491500,1410,1586,11,52,103,83,590,35,5,12,37,332,130,1681,345,2888,0.3905,62,922,1725.0,4119.0,0,966,1743,2903,2643,2903,342,922,90,13,57,0,30,35,58,15,57,49,0,0,59,86,77,78,83,84,105,36,2903,202,119,922,966
06037555107,524900,1616,1746,51,79,22,96,609,146,146,55,107,1235,310,3365,424,5974,0.4103,94,1844,7015.0,9408.0,0,1886,2177,5990,5552,5918,1097,1844,50,82,45,73,48,47,54,117,99,86,18,142,165,136,206,154,247,176,98,156,5990,546,604,1844,1886
06037555202,695900,3132,2368,0,31,0,0,134,97,236,97,56,970,128,1964,335,3965,0.4059,19,1104,6639.0,7520.0,0,1111,979,3965,3700,3925,614,1104,54,9,106,14,21,54,25,38,135,21,100,49,101,139,172,47,80,188,205,135,3965,573,386,1104,1111
06037555211,438500,1536,1543,41,53,26,66,815,72,9,47,59,582,97,2588,1434,5828,0.4452,79,1397,2875.0,6031.0,0,1448,5165,5835,5473,5748,918,1397,13,81,23,104,8,79,12,64,54,33,63,55,278,180,277,147,102,203,287,186,5835,230,242,1397,1448
06037555212,378000,1528,1107,76,92,95,46,639,42,110,92,21,746,56,2512,1003,5423,0.3274,106,1385,3598.0,6091.0,0,1436,4076,5474,5044,5322,842,1385,38,29,46,22,36,7,66,119,37,61,48,4,180,375,189,78,290,147,101,84,5474,247,449,1385,1436
06037555300,459500,1761,1800,0,11,11,0,92,59,97,108,109,919,47,1830,1112,4838,0.3872,22,1011,5097.0,5564.0,0,1041,3143,5195,4727,5184,543,1011,186,64,268,13,74,136,26,68,138,20,5,57,41,113,143,78,34,58,181,53,5195,410,435,1011,1041
06037570001,613200,1708,1877,105,58,14,15,366,131,101,98,31,1174,235,2797,232,4981,0.354,5,1540,6950.0,8456.0,0,1562,1580,5017,4607,4948,860,1540,79,11,61,61,41,8,72,12,141,36,21,67,131,175,121,35,207,100,135,90,5017,668,406,1540,1562
06037570002,590700,2074,2387,22,48,0,14,173,72,96,73,92,619,50,1286,91,2501,0.4056,0,792,3816.0,4576.0,0,819,714,2501,2190,2490,461,792,42,9,32,10,7,16,25,46,39,31,16,11,30,77,109,43,58,87,108,88,2501,367,236,792,819
06037570003,578600,2138,2115,24,21,24,30,239,131,93,90,131,1036,144,2280,160,3991,0.3418,44,1275,5831.0,7055.0,0,1320,1647,4011,3798,3921,766,1275,73,45,70,52,11,9,46,34,97,32,22,29,254,24,57,96,84,108,37,58,4011,588,426,1275,1320
06037570100,554300,2035,2039,10,31,48,29,179,50,22,31,31,520,118,1288,342,2906,0.4123,43,699,3220.0,4104.0,0,754,1076,2982,2582,2964,417,699,38,22,69,19,10,33,52,26,52,50,88,46,87,82,119,10,73,148,74,28,2982,273,201,699,754
06037570202,414700,1598,1818,14,32,35,28,585,117,59,116,227,1145,222,3170,1116,6097,0.4348,77,1730,6379.0,8900.0,0,1758,3966,6214,5813,6172,1001,1730,51,57,37,6,27,63,46,124,19,45,50,18,220,129,314,55,287,305,142,149,6214,508,544,1730,1758
06037570203,472700,1385,2057,141,98,90,71,1029,38,0,23,37,171,147,1946,851,4061,0.4502,68,1200,1009.0,4756.0,89,1258,3040,4069,3583,4013,483,1200,27,19,28,2,19,20,37,13,25,0,0,0,154,232,259,113,214,114,95,71,4069,46,96,1200,1258
06037570204,497300,1248,1404,34,202,69,59,923,59,11,49,0,364,151,2336,514,4339,0.4327,16,1287,1969.0,5647.0,48,1332,2555,4511,4132,4427,601,1287,88,64,57,60,14,14,51,137,133,44,66,66,106,64,98,48,227,157,126,41,4511,142,168,1287,1332
06037570303,394900,1226,1948,37,27,149,24,728,80,50,40,116,545,88,2380,667,4552,0.4037,166,1273,2573.0,5042.0,10,1318,2670,4552,4128,4356,553,1273,41,35,13,0,0,20,28,35,0,0,20,0,225,145,140,79,394,146,93,133,4552,168,285,1273,1318
06037570304,386800,1337,1553,133,103,110,111,892,39,37,79,67,551,145,2344,686,4872,0.3692,116,1443,2650.0,5950.0,0,1490,3098,4899,4216,4760,510,1443,38,6,96,46,0,6,14,13,46,78,0,18,221,171,167,176,100,277,204,144,4899,201,255,1443,1490
06037570305,95300,1135,990,84,188,80,224,1023,0,0,0,0,320,45,1941,853,4060,0.343,197,1343,1694.0,4913.0,0,1392,3049,4060,3830,4013,470,1343,13,0,30,0,0,37,52,87,16,0,25,0,143,248,123,10,287,130,80,55,4060,140,149,1343,1392
06037570306,454100,1037,2390,37,0,32,0,422,27,88,22,14,470,87,1768,564,2906,0.5126,53,892,2744.0,4211.0,0,892,1447,2906,2814,2906,469,892,13,0,26,0,0,0,0,20,41,0,0,0,140,63,115,81,71,58,45,127,2906,242,200,892,892
06037570402,436400,1420,1994,36,38,6,12,259,130,62,50,57,740,191,1549,470,3360,0.4574,66,999,4148.0,5290.0,0,1026,1697,3376,3072,3340,420,999,25,32,64,47,17,0,46,40,97,65,0,35,131,186,55,119,104,119,111,98,3376,338,373,999,1026
06037570403,412700,1285,1709,50,71,96,55,610,34,65,11,54,450,92,2045,823,4196,0.3498,117,1060,2338.0,4822.0,0,1145,3459,4196,3980,4111,543,1060,27,7,8,31,0,15,26,33,59,10,7,7,144,213,167,99,317,236,112,77,4196,221,220,1060,1145
06037570404,457600,1466,1800,21,40,27,35,329,40,64,46,69,560,321,2050,811,3974,0.4007,67,889,3167.0,4708.0,0,926,2719,3980,3753,3921,462,889,17,12,16,7,8,8,19,39,59,46,13,20,145,149,313,57,103,179,83,128,3980,184,261,889,926
06037570502,447300,1462,1732,38,113,54,41,985,91,114,67,115,898,219,2931,687,6004,0.4004,116,1883,4385.0,8832.0,0,1905,3352,6027,5656,5929,690,1883,31,68,80,50,57,68,34,61,167,38,146,0,156,112,264,131,186,267,269,173,6027,367,427,1883,1905
06037570503,504000,1119,1425,18,35,55,152,505,20,65,59,33,707,452,2384,1536,4601,0.3954,34,1212,3408.0,4934.0,0,1212,3017,4624,3689,4624,545,1212,6,105,19,0,0,25,5,90,143,0,0,78,82,326,179,197,206,116,233,168,4624,245,283,1212,1212
06037570504,472500,1289,1600,0,0,76,24,331,21,58,26,69,666,164,1477,1092,3838,0.4352,103,997,4118.0,5493.0,0,997,2584,3838,3819,3838,430,997,0,73,70,56,0,23,0,105,72,0,0,30,73,90,228,19,186,105,183,66,3838,334,261,997,997
06037570601,442000,1157,1611,37,148,128,92,816,44,72,97,44,760,285,3048,838,5925,0.3707,265,1576,3708.0,6766.0,0,1646,3834,5925,5488,5854,638,1576,73,49,54,21,0,0,36,41,74,42,19,27,138,205,315,132,262,211,155,108,5925,225,305,1576,1646
06037570602,457600,1457,2045,72,167,138,15,960,45,90,166,57,755,336,3247,326,5665,0.3807,58,1715,4287.0,8006.0,0,1730,2641,5692,4996,5606,757,1715,37,68,113,105,22,0,108,180,20,80,16,0,183,229,158,101,170,237,150,82,5692,457,236,1715,1730
06037570603,-666666666,1389,262,174,228,157,73,1450,0,0,0,5,209,269,2365,1297,4877,0.3954,182,1659,1092.0,6755.0,0,1743,1822,4964,4322,4882,466,1659,17,69,24,0,14,0,14,41,7,17,0,2,153,289,163,126,317,329,170,119,4964,103,96,1659,1743
06037570701,608900,2083,2042,52,266,195,117,1100,173,232,104,112,1442,207,4294,337,7545,0.3493,8,2542,9332.0,13414.0,107,2555,2475,7545,6556,7438,1264,2542,20,58,97,52,27,95,92,66,25,132,82,93,248,547,160,63,224,117,302,245,7545,968,429,2542,2555
06037570703,587900,2538,1779,21,17,23,4,105,101,105,71,40,828,20,1438,240,2826,0.3915,29,933,5106.0,5740.0,0,945,941,2826,2587,2814,502,933,16,38,60,63,30,23,17,39,71,62,43,60,101,49,94,57,59,44,88,78,2826,569,249,933,945
06037570800,593500,2091,2037,22,0,103,31,366,149,122,190,98,1296,99,2896,291,5342,0.3406,14,1662,7094.0,8777.0,0,1732,1541,5364,4848,5297,1037,1662,0,56,64,29,0,42,56,77,39,68,20,75,207,117,256,65,191,165,181,150,5364,719,503,1662,1732
06037570901,607300,2308,1837,69,39,20,0,251,99,192,107,79,1481,330,2946,386,5635,0.351,44,1732,8943.0,10420.0,0,1792,1816,5684,5223,5624,1037,1732,28,69,104,67,123,44,29,67,100,88,77,45,113,162,148,44,189,233,162,66,5684,913,530,1732,1792
06037570902,597700,1993,1946,57,45,66,12,345,82,99,107,60,792,66,1807,183,3395,0.3565,25,1137,4603.0,6408.0,0,1181,922,3395,2919,3336,555,1137,18,52,50,19,0,143,36,79,141,0,20,34,77,98,115,27,79,37,146,21,3395,506,260,1137,1181
06037571000,609400,2679,2082,19,12,27,0,142,188,229,145,141,1672,110,2899,160,5407,0.35,36,1814,10439.0,11274.0,0,1933,1432,5437,4870,5380,1124,1814,52,76,60,57,30,94,85,117,78,32,112,79,191,90,252,116,229,29,285,62,5437,1112,535,1814,1933
06037571101,603600,2435,2290,5,27,24,2,114,197,246,146,65,1481,59,2666,73,4922,0.3971,24,1595,8818.0,9393.0,0,1623,1625,4922,4590,4795,1027,1595,36,86,93,141,11,8,55,48,27,19,0,108,269,74,65,134,154,147,89,82,4922,856,598,1595,1623
06037571102,622400,2225,2249,0,16,9,43,157,159,147,83,55,1021,70,1834,272,3450,0.3694,63,1178,6757.0,7732.0,38,1216,711,3450,3099,3450,772,1178,29,26,31,16,20,40,94,32,37,15,58,22,51,144,168,65,70,112,51,76,3450,719,289,1178,1216
06037571201,779000,1278,2537,125,81,79,85,589,151,62,172,56,838,95,1898,267,3884,0.4155,59,1427,5909.0,8086.0,0,1445,1145,3884,3345,3868,742,1427,125,74,119,18,52,104,47,78,98,27,34,158,59,126,172,15,135,83,16,170,3884,574,264,1427,1445
06037571202,614600,1429,1634,58,76,67,0,702,66,58,102,65,901,90,2169,459,4028,0.4236,65,1603,5638.0,8378.0,0,1688,945,4028,3540,4028,710,1603,93,50,100,44,81,0,36,30,92,112,30,1,120,117,133,126,17,104,95,0,4028,712,189,1603,1688
06037571300,660200,2315,1956,0,0,0,0,64,231,40,64,166,1385,112,2032,147,4253,0.3898,41,1449,8975.0,9354.0,0,1518,1423,4258,4036,4204,765,1449,78,67,60,20,64,37,31,165,89,65,108,119,185,90,128,98,113,108,81,98,4258,969,371,1449,1518
06037571400,587600,1850,2172,75,106,14,9,630,128,75,241,94,1054,131,2455,317,4761,0.3815,85,1684,6461.0,9069.0,0,1723,1641,4761,4321,4669,821,1684,128,39,63,45,13,14,164,48,48,93,53,38,294,171,69,75,172,141,57,63,4761,636,379,1684,1723
06037571502,545300,1582,1177,77,92,96,66,850,67,44,74,41,930,141,2492,520,4759,0.41,108,1780,5024.0,8469.0,36,1887,1456,4779,4055,4665,609,1780,40,92,125,132,0,0,98,141,144,52,21,78,284,47,203,78,66,176,96,38,4779,571,325,1780,1887
06037571504,600200,1427,2027,99,198,50,169,1002,104,218,42,81,999,59,2854,412,4901,0.4587,84,2001,5999.0,9147.0,0,2082,1595,4901,3980,4804,897,2001,91,80,47,48,12,36,32,80,24,25,6,0,160,168,156,178,281,12,199,44,4901,684,309,2001,2082
06037571505,533600,1530,1992,31,12,130,82,407,54,59,87,16,512,109,1741,294,3034,0.3893,26,919,2727.0,4121.0,0,957,1442,3034,2834,3034,349,919,16,11,36,50,10,0,22,44,29,19,21,21,115,131,62,9,136,23,36,35,3034,204,270,919,957
06037571600,333300,496,-666666666,83,89,117,104,825,0,0,7,0,20,115,792,1018,2314,0.4302,141,845,48.0,3296.0,0,856,734,2314,2091,2243,111,845,12,28,3,24,0,15,8,37,38,21,6,0,84,155,189,72,76,96,126,167,2314,7,13,845,856
06037571701,440300,1348,1518,82,226,56,38,1146,54,19,72,29,578,255,3100,1851,6566,0.4267,129,1724,3089.0,7577.0,46,1762,4205,6647,5241,6446,586,1724,23,72,61,36,25,0,48,10,65,43,43,14,418,288,455,159,236,86,203,177,6647,278,266,1724,1762
06037571703,407800,1268,2025,110,50,53,143,651,10,18,0,91,347,80,1659,375,3259,0.4401,24,998,1845.0,4160.0,0,1045,2069,3367,3176,3337,376,998,6,68,69,23,7,7,71,27,75,16,66,59,77,101,136,13,72,112,92,84,3367,134,149,998,1045
06037571704,419200,1341,1590,75,54,101,130,757,26,83,40,31,463,130,2237,878,4026,0.3721,59,1220,2348.0,5398.0,0,1220,2594,4026,3764,4000,616,1220,14,75,34,20,23,6,59,73,39,11,0,33,60,162,194,93,115,189,49,66,4026,277,147,1220,1220
06037571800,872600,1829,2849,36,80,69,8,412,96,99,60,48,838,58,1719,103,3104,0.4877,30,1250,5864.0,7550.0,0,1332,919,3176,2837,3176,535,1250,71,47,102,37,16,44,26,96,74,52,40,90,56,137,48,18,32,89,221,38,3176,693,133,1250,1332
06037571900,735300,1459,2683,200,41,282,102,1261,148,102,125,15,906,108,2746,194,5403,0.4393,11,2167,6278.0,11946.0,0,2300,1641,5403,4216,5403,1058,2167,55,99,79,33,0,129,37,59,125,40,0,48,93,216,192,121,87,142,252,86,5403,763,143,2167,2300
06037572001,637600,1460,2358,108,31,59,75,648,317,205,123,260,1531,62,3638,273,6135,0.414,31,2179,8826.0,11575.0,0,2291,1602,6201,5565,6115,1037,2179,42,108,105,42,33,33,184,70,22,56,21,97,199,204,285,112,301,139,138,95,6201,924,548,2179,2291
06037572201,563200,1395,2401,21,214,176,97,1000,54,50,136,152,1001,271,2968,1195,5894,0.3836,121,2001,5677.0,8921.0,7,2001,2879,6038,5601,6017,926,2001,22,63,122,37,47,46,32,13,169,85,95,113,145,148,192,100,177,113,204,69,6038,524,456,2001,2001
06037572202,563700,1429,2396,26,98,0,23,344,118,92,91,36,692,39,1791,259,3141,0.4648,18,1036,4204.0,5749.0,0,1069,1167,3297,3077,3283,376,1036,16,76,79,25,15,8,31,83,56,35,34,54,134,34,136,50,28,123,56,0,3297,401,267,1036,1069
06037572301,424700,1369,1603,50,62,87,34,489,41,20,49,33,424,132,1838,751,3746,0.3666,31,913,2362.0,4343.0,11,972,2643,3764,3401,3753,584,913,22,42,31,8,16,0,17,21,16,12,20,13,118,189,99,96,106,139,194,61,3764,160,190,913,972
06037572500,238300,613,1232,59,176,281,55,976,0,6,85,68,428,174,1622,854,3973,0.4446,50,1404,2201.0,5897.0,0,1422,1436,3973,3582,3973,398,1404,52,21,181,17,17,78,64,133,29,138,53,81,139,68,164,56,63,348,51,189,3973,220,145,1404,1422
06037572600,425300,1542,1710,8,38,31,0,229,163,31,74,55,953,308,2782,662,5058,0.438,41,1182,5387.0,6309.0,9,1249,2614,5058,4661,5049,741,1182,114,0,47,31,21,64,32,48,117,72,65,48,131,113,97,61,87,123,222,125,5058,400,444,1182,1249
06037572700,459900,1181,1565,84,41,84,10,426,73,55,94,50,902,183,2516,402,4844,0.3662,38,1328,5210.0,7071.0,0,1339,2172,4850,4659,4850,877,1328,25,37,121,61,68,0,28,30,79,89,22,42,155,114,97,67,21,146,253,158,4850,454,390,1328,1339
06037573002,414100,1232,1836,51,160,98,184,978,18,8,5,21,93,139,1863,865,3721,0.3213,55,1071,500.0,4031.0,0,1144,2610,3721,3387,3675,486,1071,0,20,10,0,0,0,9,0,74,5,0,41,125,198,99,59,99,172,201,62,3721,33,60,1071,1144
06037573003,574700,1248,2084,12,0,21,29,240,39,46,78,30,356,69,993,248,1778,0.385,30,596,2021.0,2922.0,0,642,777,1788,1612,1751,283,596,14,29,20,25,10,0,11,34,42,7,0,5,57,72,82,26,55,53,12,17,1788,217,131,596,642
06037573004,557500,1281,2200,187,182,126,121,1415,49,24,8,35,184,136,2532,854,4866,0.4241,122,1599,1000.0,6050.0,0,1691,2623,4866,3992,4778,587,1599,37,12,18,34,30,0,0,36,16,35,36,20,219,179,96,181,214,107,276,10,4866,82,94,1599,1691
06037573101,575200,1242,2150,116,26,23,239,1069,29,64,77,0,338,255,2344,1329,4611,0.4808,53,1407,1759.0,6121.0,0,1453,2470,4741,3920,4705,547,1407,0,48,61,6,4,37,6,137,78,0,0,111,237,394,221,22,65,19,147,12,4741,235,73,1407,1453
06037573102,564000,1190,2326,0,55,170,46,470,0,38,22,14,529,59,1463,618,2785,0.3991,1,999,3087.0,5123.0,0,1029,1713,2785,2509,2713,354,999,0,17,17,0,15,17,28,36,52,30,0,16,131,96,36,30,155,76,86,81,2785,432,61,999,1029
06037573201,438300,1169,1731,49,53,113,127,855,10,75,23,44,392,89,1974,1289,4306,0.5446,46,1247,2125.0,5504.0,0,1344,2894,4339,3894,4299,509,1247,23,10,55,40,32,0,11,41,10,23,16,37,33,185,254,109,178,90,227,105,4339,165,133,1247,1344
06037573202,450300,1263,1900,45,101,109,154,1092,88,72,41,73,578,148,2928,1063,6312,0.5623,87,1670,3269.0,7631.0,57,1730,3620,6348,5617,6278,713,1670,73,22,186,51,0,12,114,46,132,86,0,38,315,125,253,27,255,208,227,130,6348,217,328,1670,1730
06037573300,459300,1352,2014,78,93,36,40,706,13,38,46,7,324,212,1729,1347,4074,0.39,95,1030,1740.0,4515.0,21,1057,1826,4112,3437,4042,294,1030,25,26,26,0,0,15,35,5,71,42,12,38,168,258,174,36,159,96,167,54,4112,194,111,1030,1057
06037573401,598200,1429,2303,78,38,50,56,389,38,31,6,25,167,28,811,171,1458,0.3568,4,556,854.0,2556.0,0,572,536,1458,1350,1419,175,556,7,46,37,6,0,6,27,25,22,16,0,36,82,23,57,3,52,25,38,37,1458,135,32,556,572
06037573402,485300,1500,1954,273,284,60,83,1536,135,50,0,70,1036,133,3563,972,6728,0.4186,79,2572,5639.0,11610.0,77,2717,3083,6778,5964,6732,943,2572,29,32,136,70,4,0,49,207,183,4,6,7,327,231,114,22,150,97,291,130,6778,873,163,2572,2717
06037573403,570300,2154,2521,38,50,26,45,348,130,123,53,85,1020,53,1904,322,3194,0.4033,0,1368,6010.0,7580.0,0,1411,564,3194,2760,3182,539,1368,21,8,28,21,28,34,45,63,22,70,52,22,69,42,40,0,74,66,114,52,3194,891,129,1368,1411
06037573601,634200,2406,2400,32,125,0,20,272,293,300,189,53,2013,108,3352,258,6505,0.3966,0,2285,12401.0,13868.0,0,2342,1453,6522,6209,6479,1481,2285,94,81,238,76,41,115,102,125,166,49,39,159,120,233,228,104,229,191,76,45,6522,1460,553,2285,2342
06037573700,639800,2236,2398,11,9,62,20,226,228,238,189,93,1470,88,2650,221,5062,0.3403,18,1696,8809.0,10071.0,0,1724,1544,5091,4596,5014,1086,1696,36,36,91,34,46,38,24,75,83,85,61,67,152,196,222,29,366,199,118,50,5091,946,503,1696,1724
06037573800,653600,2698,1831,7,26,15,77,172,227,207,76,60,1339,77,2156,341,4335,0.4467,52,1511,8722.0,9723.0,0,1545,809,4335,4187,4307,875,1511,50,128,112,8,13,29,59,107,134,66,20,134,95,119,40,39,98,169,268,46,4335,985,354,1511,1545
06037573902,788800,1828,1961,13,14,38,0,127,58,75,83,23,747,10,1035,23,1981,0.3984,7,874,5102.0,5693.0,0,911,440,1981,1800,1981,455,874,25,14,92,41,14,86,9,61,94,49,26,42,11,23,68,37,20,41,54,83,1981,644,97,874,911
06037574000,733100,2253,2148,9,17,43,0,171,150,214,170,97,1753,66,2771,193,5086,0.3592,10,1924,11166.0,12199.0,0,1988,1001,5086,4793,5011,1078,1924,86,83,107,80,56,56,67,72,86,153,70,105,156,160,226,92,105,101,74,108,5086,1324,422,1924,1988
06037574100,639200,2356,2207,46,65,84,71,427,211,221,195,92,1382,58,2530,197,5038,0.3343,7,1809,8030.0,10150.0,0,1839,920,5058,4661,5017,1118,1809,54,114,100,44,0,9,48,208,171,32,34,57,142,208,264,56,139,113,206,63,5058,1046,325,1809,1839
06037574201,644600,2654,2445,33,14,17,8,128,104,130,108,73,908,88,1446,78,3001,0.3583,19,1036,5617.0,6358.0,0,1099,382,3001,2834,2990,643,1036,45,39,5,18,20,37,4,46,32,46,38,90,127,227,100,90,67,31,66,27,3001,616,274,1036,1099
06037574202,627900,1713,2083,16,145,41,73,391,67,61,9,13,366,32,1172,78,2098,0.356,18,757,1975.0,3607.0,6,757,827,2400,2146,2383,318,757,34,13,67,25,16,47,33,46,27,56,38,77,80,57,111,36,26,54,68,9,2400,202,143,757,757
06037574300,680800,1818,2364,198,132,87,40,618,287,101,73,99,1564,354,3172,65,5924,0.3224,0,2182,9721.0,12572.0,17,2238,1374,5942,5420,5890,1413,2182,38,89,50,129,47,47,22,54,143,87,13,133,299,10,170,82,88,53,465,209,5942,1001,563,2182,2238
06037574400,662800,2811,2067,29,10,73,37,285,144,254,214,40,1693,74,2784,186,5509,0.3827,16,1978,10508.0,12173.0,0,1978,909,5509,5191,5413,1158,1978,88,96,130,31,44,85,91,78,213,60,35,115,139,121,249,95,180,53,334,106,5509,1136,533,1978,1978
06037574500,690400,2762,2286,17,18,52,10,220,325,228,164,97,2017,94,3454,150,6625,0.3796,24,2237,13344.0,14800.0,0,2320,1202,6625,6254,6500,1406,2237,61,129,136,33,99,51,75,184,270,83,66,150,224,156,113,105,305,129,159,102,6625,1531,486,2237,2320
06037574602,766600,2594,2650,7,13,11,0,41,48,0,3,29,521,0,572,80,1273,0.556,0,562,3608.0,3828.0,0,583,166,1273,1064,1273,304,562,26,26,27,34,19,65,22,34,23,17,36,71,52,22,41,21,27,18,0,38,1273,449,72,562,583
06037574800,963600,1370,1553,80,119,32,63,708,173,68,8,20,820,71,1803,324,3056,0.5485,0,1528,4871.0,7126.0,0,1596,501,3069,2769,3069,523,1528,13,7,76,73,7,28,8,53,55,105,30,50,97,42,100,9,52,20,76,22,3069,692,104,1528,1596
06037574901,672500,2212,2570,18,113,33,12,343,203,169,98,54,1017,96,2152,339,3897,0.3678,26,1360,6370.0,8096.0,0,1400,918,3897,3324,3817,824,1360,5,75,46,37,39,9,29,12,46,42,33,17,51,94,170,108,134,93,74,47,3897,707,298,1360,1400
06037574902,608700,1960,1857,135,136,101,124,1450,0,43,12,63,293,140,2221,1917,4771,0.4789,30,1743,1614.0,7734.0,0,1888,1049,5481,3836,5407,366,1743,16,12,49,0,6,18,29,8,64,60,13,0,240,61,117,42,133,131,114,33,5481,189,97,1743,1888
06037575001,598300,2175,2522,216,107,176,8,1107,110,23,138,40,662,210,2584,789,4283,0.449,83,1769,3510.0,7637.0,8,1839,1476,4283,3715,4228,611,1769,13,26,53,33,0,0,55,75,29,18,16,45,41,96,151,138,138,112,173,14,4283,434,228,1769,1839
06037575002,593200,1726,2577,199,100,88,81,1190,84,165,51,45,724,136,2691,506,4233,0.4398,41,1914,3732.0,8629.0,0,2084,1224,4583,3999,4476,553,1914,42,125,91,23,26,56,96,57,85,42,50,76,174,120,67,59,135,59,69,58,4583,566,140,1914,2084
06037575101,382500,1380,1954,74,54,139,146,1159,11,52,55,67,357,139,2166,1213,4231,0.3963,62,1516,1745.0,6591.0,0,1588,2362,4231,3912,4139,407,1516,16,10,25,0,18,15,33,19,62,25,20,21,215,196,116,103,231,173,154,74,4231,312,26,1516,1588
06037575102,448100,1255,1774,111,180,49,35,1113,34,11,9,11,174,118,1956,956,4042,0.4298,11,1287,803.0,4834.0,11,1303,2579,4066,3755,4019,469,1287,12,41,58,35,14,0,36,48,30,40,0,0,109,184,204,118,184,131,61,41,4066,67,80,1287,1303
06037575103,419600,1348,2125,223,246,92,249,1808,33,99,35,20,282,247,3239,596,5101,0.3898,33,2090,1311.0,7861.0,0,2171,2699,5131,4549,4999,544,2090,90,43,81,7,0,0,0,69,41,14,11,30,212,106,98,28,117,100,177,117,5131,159,97,2090,2171
06037575201,389100,1302,1387,105,201,85,78,996,11,16,24,20,243,225,2222,947,4730,0.3849,60,1239,1091.0,5112.0,0,1374,2684,4745,4487,4729,435,1239,54,11,11,0,29,0,25,63,30,21,0,76,177,189,186,71,93,127,196,188,4745,106,92,1239,1374
06037575202,430800,1190,2132,81,62,129,74,938,25,7,0,0,175,299,1829,1112,3796,0.4235,86,1113,1030.0,4521.0,0,1211,2572,3796,3373,3774,361,1113,81,61,98,0,0,0,48,34,29,12,0,0,210,186,151,139,115,148,139,114,3796,82,68,1113,1211
06037575300,390200,1076,1525,160,54,202,193,1108,0,10,0,5,142,230,1898,1347,4297,0.3882,103,1250,765.0,4735.0,0,1317,2848,4382,3841,4315,386,1250,29,51,32,32,0,30,24,26,59,32,31,17,177,52,188,85,292,289,213,151,4382,90,29,1250,1317
06037575401,558300,1158,458,71,154,90,88,1224,0,10,0,0,46,389,2407,1332,4577,0.4401,131,1270,276.0,4579.0,0,1340,3600,4602,3464,4515,384,1270,50,18,16,0,10,11,40,37,8,19,0,0,293,192,126,96,176,234,128,64,4602,16,30,1270,1340
06037575402,277500,1192,1652,85,165,129,37,883,23,10,105,7,185,178,2107,969,3935,0.3411,80,1068,691.0,3984.0,0,1137,3292,3935,3282,3854,336,1068,12,18,4,10,15,7,9,10,36,9,5,5,122,108,166,87,189,212,159,123,3935,128,38,1068,1137
06037575801,448000,1237,2222,41,88,149,35,715,0,4,11,9,40,73,1145,660,2240,0.3839,52,755,261.0,2858.0,22,792,1715,2240,1909,2227,195,755,0,11,8,2,2,2,11,11,6,0,5,0,139,67,161,55,75,80,97,12,2240,29,5,755,792
06037575802,472800,1217,1629,57,226,156,82,1374,64,0,49,0,299,305,2904,1587,5460,0.4233,139,1673,1894.0,6793.0,0,1755,4052,5499,4652,5387,663,1673,40,103,29,0,0,16,21,49,0,8,25,7,230,227,259,104,222,268,116,127,5499,172,102,1673,1755
06037575803,356800,829,1773,70,124,164,302,1118,21,7,32,0,164,132,1420,1144,3189,0.5841,43,1282,749.0,4453.0,0,1350,1982,3205,2680,3064,438,1282,17,56,72,71,0,27,33,174,89,127,26,69,78,189,89,9,208,98,45,70,3205,105,25,1282,1350
06037575901,338500,1329,1711,25,83,191,49,959,95,96,96,29,524,272,1935,1134,3695,0.4793,155,1483,2225.0,5859.0,0,1620,1746,3695,3361,3695,415,1483,0,0,0,27,0,24,22,19,64,25,0,0,132,46,144,116,86,139,240,75,3695,434,90,1483,1620
06037575902,365900,1333,1833,259,310,460,312,2615,18,94,47,21,404,243,3428,865,5293,0.4293,139,3019,1385.0,8458.0,152,3346,1733,5411,4061,5257,485,3019,36,39,44,31,24,10,0,42,14,146,64,13,89,176,161,20,243,97,50,19,5411,233,130,3019,3346
06037576001,463600,2166,1982,323,483,267,166,2335,173,91,51,57,963,243,4502,252,5311,0.3876,98,3298,3412.0,10274.0,311,4004,835,5416,4010,5416,827,3298,16,18,117,23,6,16,48,30,55,50,0,0,55,70,0,18,70,24,48,63,5416,632,261,3298,4004
06037576200,442800,1165,2702,264,213,247,143,2455,0,0,21,161,555,407,3186,1300,5079,0.4681,152,3010,2445.0,9101.0,35,3272,1613,5079,3832,5079,310,3010,42,104,40,0,28,30,0,41,35,0,79,25,73,21,118,146,118,0,61,90,5079,440,100,3010,3272
06037576301,406100,1292,2192,137,138,110,166,1696,59,23,27,0,150,98,2322,967,4399,0.4538,71,1846,690.0,6603.0,117,1965,2252,4409,3591,4334,616,1846,8,42,15,26,0,38,59,32,95,39,58,18,140,119,189,54,83,123,98,42,4409,98,43,1846,1965
06037576302,376000,1250,2099,148,88,0,91,998,12,13,0,31,117,237,1985,717,3386,0.3874,121,1115,646.0,4051.0,25,1244,1909,3526,3096,3490,166,1115,15,51,31,2,36,0,47,4,23,4,40,25,109,194,89,67,143,71,121,121,3526,47,70,1115,1244
06037576401,445500,1193,1397,82,81,202,140,1143,0,8,0,0,164,176,2270,1783,5172,0.4162,218,1307,784.0,4910.0,0,1334,3606,5172,4894,5160,354,1307,24,37,77,0,8,0,54,57,29,35,29,42,167,223,345,75,237,174,209,173,5172,32,85,1307,1334
06037576402,440000,1270,2313,104,101,106,91,1079,10,43,41,12,256,183,2274,1260,4740,0.3714,103,1335,1139.0,5026.0,0,1412,3341,4805,4010,4663,489,1335,0,15,78,0,0,22,36,9,38,0,8,42,161,196,206,118,264,175,189,75,4805,115,136,1335,1412
06037576403,421100,1273,1653,146,75,98,178,1139,16,64,8,0,242,229,2367,1071,5018,0.4284,91,1381,1264.0,5718.0,0,1463,2966,5043,4577,5031,491,1381,13,80,0,0,0,32,49,10,12,20,0,49,168,226,260,111,153,237,213,51,5043,98,85,1381,1463
06037576501,447500,1290,1724,111,81,103,137,1247,31,17,6,13,125,138,1564,827,2921,0.4546,90,1372,552.0,4597.0,10,1546,1278,2986,2547,2976,265,1372,11,52,62,0,0,0,36,53,15,63,31,10,117,139,169,57,82,31,85,69,2986,97,7,1372,1546
06037576502,379100,1371,1398,268,160,313,133,1641,68,101,65,0,388,168,2835,587,5176,0.4111,157,2029,1697.0,7260.0,0,2180,2707,5176,4326,5124,577,2029,54,19,10,20,23,0,275,10,22,0,0,0,135,81,90,118,102,61,86,168,5176,306,74,2029,2180
06037576503,493500,1246,2165,242,184,103,183,1538,85,58,0,5,261,140,2752,379,3743,0.3879,34,1799,1176.0,6400.0,0,1856,1607,3941,3151,3889,320,1799,48,16,51,20,9,19,10,30,41,26,18,31,51,37,95,13,57,78,64,14,3941,143,94,1799,1856
06037576601,618900,1402,-666666666,321,259,181,296,2088,66,0,117,14,489,242,2842,521,3733,0.4674,44,2577,2382.0,8939.0,0,2867,1133,3758,2997,3752,398,2577,86,21,29,14,17,31,45,42,112,78,2,2,19,98,0,45,6,52,0,5,3758,453,36,2577,2867
06037576602,675300,1489,2599,420,465,108,75,2234,116,91,35,24,482,155,3443,767,4692,0.4097,29,2716,2106.0,9856.0,0,2979,1360,4781,3683,4682,531,2716,117,68,26,26,18,0,15,51,66,123,9,14,0,64,18,0,99,0,146,0,4781,375,107,2716,2979
06037576700,653400,1671,2564,144,142,165,75,1125,91,55,73,31,814,128,2607,237,3876,0.4388,41,1939,4525.0,8863.0,11,2256,845,4015,3310,3932,797,1939,68,124,53,44,36,5,42,93,133,30,50,80,168,78,15,0,133,0,44,5,4015,656,158,1939,2256
06037576801,496300,1385,1628,234,90,277,85,1407,20,40,22,0,366,55,2109,553,3698,0.4714,21,1773,2118.0,7359.0,0,2021,1608,3699,3240,3622,468,1773,45,1,43,26,0,10,30,25,34,37,37,138,117,100,152,20,110,154,63,0,3699,330,36,1773,2021
06037576802,664800,1620,2514,157,239,107,89,1367,34,73,47,32,398,119,2681,217,3830,0.379,10,1765,2125.0,7730.0,0,1911,1174,3938,3570,3925,487,1765,65,52,139,2,9,0,76,30,54,24,9,45,40,12,98,58,89,46,39,10,3938,346,41,1765,1911
06037576901,565800,1285,1736,45,192,228,135,1533,38,26,7,35,231,215,2654,1425,4969,0.4386,27,1764,1038.0,6560.0,0,1950,2568,4992,4306,4880,664,1764,45,48,18,8,0,1,83,39,41,11,0,0,165,165,114,76,184,143,99,27,4992,107,109,1764,1950
06037576903,388300,1288,1859,151,107,31,113,1151,8,0,6,19,124,66,1766,988,3327,0.3942,48,1275,545.0,4770.0,0,1414,1910,3327,2920,3327,401,1275,32,41,7,16,0,37,24,13,55,11,0,0,32,61,94,91,134,101,158,112,3327,70,54,1275,1414
06037576904,691500,1407,2352,125,146,37,133,957,20,40,26,0,268,76,1762,801,3018,0.4824,114,1225,1412.0,5215.0,0,1286,1331,3050,2574,3019,369,1225,10,23,13,21,0,0,21,9,87,0,29,13,65,26,234,0,85,65,84,33,3050,197,71,1225,1286
06037577000,605100,1563,2214,325,367,390,136,2592,86,57,57,114,666,102,4791,1066,6919,0.4302,160,3258,3543.0,13015.0,0,3303,1882,7064,5809,7030,922,3258,17,75,99,58,15,28,26,164,10,61,10,19,148,217,190,95,162,70,46,57,7064,490,161,3258,3303
06037577100,670400,1494,1827,359,352,333,239,2259,127,87,87,186,978,251,4768,484,6837,0.3605,57,3237,5294.0,14426.0,0,3370,1728,6966,5886,6784,1114,3237,41,45,60,171,28,82,61,118,52,52,29,29,350,22,131,198,244,202,40,13,6966,831,147,3237,3370
06037577200,865700,1728,1745,519,447,323,69,2512,77,66,16,34,666,158,4166,623,5758,0.3996,15,3178,4426.0,13039.0,16,3443,1319,5758,5034,5742,631,3178,38,25,104,62,0,10,31,64,78,46,60,14,53,14,66,58,78,73,43,53,5758,607,59,3178,3443
06037577300,1019600,1575,2875,803,506,225,181,2666,166,36,70,95,975,178,4177,262,5594,0.3537,45,3641,6087.0,15531.0,53,3849,970,5594,4234,5594,815,3641,5,54,148,66,0,0,59,65,129,37,21,36,79,0,88,94,120,63,69,42,5594,915,60,3641,3849
06037577400,995300,1831,2822,151,175,64,58,961,66,57,43,9,486,23,1845,277,2739,0.461,22,1447,3174.0,6745.0,0,1668,477,2771,2218,2701,505,1447,52,59,42,37,0,28,46,39,80,0,9,7,24,53,21,57,136,56,60,9,2771,398,88,1447,1668
06037577501,1200200,1873,3071,22,90,83,24,509,100,133,33,76,1201,77,1766,355,3398,0.4867,8,1710,7707.0,9918.0,18,1906,395,3398,3106,3398,687,1710,120,76,105,135,70,86,89,134,114,82,50,87,6,32,38,40,35,56,70,44,3398,1062,123,1710,1906
06037577504,1712000,1869,2986,96,45,62,11,429,27,35,16,8,334,25,815,177,1420,0.5202,0,763,2342.0,3930.0,9,820,146,1420,1088,1420,237,763,0,48,51,43,14,22,0,27,87,22,6,11,13,39,34,9,28,34,41,4,1420,299,35,763,820
06037577602,675000,2337,1485,36,15,53,61,498,74,67,32,56,995,73,1501,236,3016,0.4735,4,1493,5961.0,7879.0,39,1594,317,3016,2589,2900,655,1493,41,37,103,133,53,63,77,109,101,108,65,44,128,41,43,33,55,35,27,56,3016,865,130,1493,1594
06037577604,619200,3000,2263,22,6,0,25,128,35,59,48,28,661,12,895,47,1632,0.4232,15,789,3308.0,3815.0,6,868,184,1632,1476,1627,341,789,4,20,65,54,6,21,76,28,98,80,9,10,5,21,7,35,11,0,4,7,1632,561,100,789,868
06037577605,1080100,1978,2588,0,53,70,101,371,100,186,164,108,1683,103,2389,457,4301,0.4985,13,2054,11117.0,13012.0,14,2107,564,4301,3970,4287,893,2054,90,181,109,63,25,63,77,212,172,186,27,131,72,101,94,40,68,96,60,65,4301,1467,216,2054,2107
06037577606,886700,2360,2419,31,121,162,130,759,40,68,131,41,777,61,2307,198,4067,0.4605,0,1536,5024.0,8348.0,11,1769,963,4067,3711,4008,731,1536,80,69,3,0,0,82,0,102,35,69,30,15,38,149,152,88,296,106,201,57,4067,570,207,1536,1769
06037577700,473100,1453,1806,33,127,18,49,466,68,49,96,104,748,180,2476,393,4514,0.3566,141,1214,4331.0,6602.0,0,1244,2117,4516,4272,4475,583,1214,23,32,36,51,37,13,19,76,92,19,36,79,74,154,135,105,98,133,119,34,4516,391,271,1214,1244
06037577800,490300,1839,1730,42,111,25,0,299,92,154,52,37,1023,186,2316,191,4621,0.3022,0,1322,5697.0,7111.0,0,1399,3342,4659,4325,4659,765,1322,98,17,41,14,51,66,14,59,52,23,19,148,91,314,200,86,217,126,146,118,4659,611,315,1322,1399
06037577900,435400,1428,2131,112,243,181,105,1476,144,165,92,89,987,157,3090,542,5518,0.406,58,2463,5212.0,10101.0,0,2588,1186,5754,4996,5677,816,2463,59,103,131,117,85,208,58,111,108,110,72,220,57,106,110,165,129,78,36,107,5754,678,294,2463,2588
06037578000,430900,1131,1120,122,143,78,117,1120,42,36,3,65,449,265,2782,1855,6349,0.4162,146,1569,2177.0,6351.0,78,1596,4322,6380,5293,6279,749,1569,90,42,89,33,17,4,29,69,80,40,19,16,168,245,307,108,245,210,167,166,6380,127,218,1569,1596
06037578100,-666666666,-666666666,-666666666,0,0,0,0,0,0,0,0,0,0,89,497,0,0,-666666666.0,0,0,-666666666.0,-666666666.0,0,0,522,2371,1168,2371,0,0,12,9,25,0,8,28,0,0,0,0,4,0,0,0,0,4,0,0,0,37,2371,0,0,0,0
06037599000,712500,1632,2417,114,23,163,169,1101,25,58,23,23,536,1,2360,395,3678,0.4013,23,1637,3369.0,7454.0,0,2398,1866,3696,3314,3696,808,1637,65,63,51,79,1,108,31,153,185,2,25,25,0,57,194,68,95,52,244,25,3696,380,156,1637,2398
06037599100,-666666666,1669,-666666666,28,0,0,0,67,0,0,0,0,12,0,339,82,466,0.6772,0,79,,,0,179,91,710,630,710,41,79,13,69,0,0,0,0,0,17,1,0,0,0,0,0,14,12,0,0,0,14,710,12,0,79,179
06037600100,461100,1271,2152,113,138,105,126,1694,50,36,14,95,499,277,3506,2064,7406,0.4912,93,2193,2505.0,9333.0,0,2266,5802,7419,6746,7327,861,2193,78,46,11,30,19,23,42,46,61,49,70,24,371,234,376,149,301,284,185,245,7419,191,211,2193,2266
06037600201,613000,1266,2719,62,99,174,105,1097,15,54,5,0,208,275,1978,1256,4707,0.4217,161,1305,963.0,5404.0,0,1431,2789,4720,4336,4617,411,1305,9,23,5,28,0,16,36,30,2,13,27,39,189,230,166,188,256,163,234,163,4720,72,87,1305,1431
06037600202,399800,1149,1647,124,120,85,83,1691,21,18,54,32,529,260,2954,2166,7831,0.4792,214,2220,2778.0,9838.0,9,2292,4804,7857,7546,7808,534,2220,253,0,81,57,29,0,242,112,118,66,49,12,498,435,314,198,324,330,481,172,7857,183,271,2220,2292
06037600302,380500,1246,1517,25,28,15,70,338,67,71,31,66,639,140,1370,314,3059,0.4634,34,977,3319.0,4740.0,32,1082,1194,3074,2867,3032,266,977,0,55,20,0,13,5,16,48,68,53,82,45,113,149,193,84,11,78,121,114,3074,412,145,977,1082
06037600303,406300,1196,1774,21,166,34,24,1098,12,0,8,0,164,221,1620,1209,4038,0.5223,119,1262,927.0,5132.0,0,1351,2901,4038,3696,4010,322,1262,21,36,21,6,0,24,0,114,9,36,12,45,211,163,265,16,171,179,306,39,4038,79,52,1262,1351
06037600304,413000,1169,1829,132,60,21,84,882,29,26,48,21,164,150,1876,1049,3954,0.4099,160,1046,816.0,4155.0,0,1143,2843,4010,3760,3925,307,1046,4,0,13,26,19,24,29,17,40,6,10,10,143,215,230,119,163,280,127,40,4010,29,84,1046,1143
06037600400,564800,1293,2058,22,70,126,80,661,204,14,102,41,792,266,1982,719,4043,0.4352,107,1453,4735.0,7570.0,0,1516,741,4070,3850,4045,458,1453,220,50,18,23,86,12,45,33,176,98,70,20,59,56,68,76,69,170,179,53,4070,563,153,1453,1516
06037600501,606700,1431,2024,10,16,34,13,238,74,95,60,42,631,31,1218,181,2767,0.4326,36,869,4183.0,5315.0,0,910,602,2767,2621,2753,425,869,36,16,73,71,93,33,40,28,105,97,42,31,182,100,76,34,36,143,122,16,2767,452,158,869,910
06037600601,602200,1663,1823,91,23,29,22,346,100,15,64,58,535,84,1237,130,2417,0.3971,39,881,3813.0,5449.0,0,928,347,2456,2316,2434,353,881,24,18,65,58,35,30,22,50,83,34,75,33,67,47,114,14,75,55,26,47,2456,462,73,881,928
06037600602,500000,1323,667,59,53,41,47,658,0,0,0,0,46,81,1164,651,2738,0.5398,45,704,269.0,2918.0,6,779,1858,2795,2534,2747,186,704,7,0,31,0,21,0,0,35,21,9,0,144,211,130,147,78,121,121,52,55,2795,10,31,704,779
06037600702,625700,1685,2357,77,51,32,62,517,189,216,124,58,1081,40,3021,432,4647,0.4459,48,1598,6681.0,8941.0,65,1664,974,4703,4408,4658,660,1598,26,37,10,22,26,23,98,41,32,16,46,95,91,65,70,129,107,137,72,52,4703,867,214,1598,1664
06037600703,462400,2144,2060,11,4,14,17,134,70,50,75,80,632,57,931,99,1709,0.3901,9,766,3442.0,4119.0,0,894,141,1709,1592,1698,168,766,32,14,34,13,0,0,31,25,38,23,50,105,5,25,26,41,65,52,63,9,1709,530,102,766,894
06037600704,625800,1696,1997,55,53,99,24,589,93,102,74,18,587,88,1678,467,3247,0.4711,19,1176,3953.0,6217.0,0,1259,421,3254,2959,3254,391,1176,39,34,47,91,109,40,53,74,89,56,90,12,0,114,65,55,13,63,90,75,3254,433,131,1176,1259
06037600801,600500,1788,2422,111,0,65,38,307,106,169,189,87,952,100,1852,295,3204,0.3717,13,1259,5806.0,6736.0,0,1342,346,3204,3082,3183,492,1259,21,53,21,69,67,10,27,65,43,106,40,44,115,148,91,45,36,72,34,82,3204,641,250,1259,1342
06037600802,630500,1440,2675,99,53,87,27,670,5,79,44,0,491,163,1596,277,2573,0.4112,0,1161,2963.0,5461.0,0,1206,300,2586,2301,2586,323,1161,25,84,38,14,14,18,17,161,36,27,31,26,12,0,0,18,29,19,59,27,2586,288,203,1161,1206
06037600902,575900,1282,2780,180,111,168,158,1811,0,28,57,60,583,323,3100,1441,6211,0.4397,289,2394,2911.0,9678.0,0,2567,3206,6352,5570,6297,497,2394,42,52,103,53,19,74,85,113,323,68,49,80,125,205,376,158,154,227,181,222,6352,373,65,2394,2567
06037600911,590800,1626,1792,10,53,55,18,491,86,79,51,67,595,126,2206,392,3577,0.4137,62,1086,3471.0,5479.0,0,1130,2179,3577,3247,3568,492,1086,21,16,66,12,0,20,0,25,67,30,0,23,16,138,93,45,62,20,93,141,3577,322,222,1086,1130
06037600912,489800,1491,1186,75,97,71,86,656,115,57,11,27,768,134,2957,558,5038,0.3469,37,1424,4153.0,7079.0,0,1470,4104,5038,4441,4968,669,1424,58,59,44,0,24,0,21,52,93,6,4,0,165,117,153,169,129,142,189,85,5038,381,298,1424,1470
06037601001,747700,1254,2410,159,30,217,101,862,0,13,0,101,260,98,1145,230,2480,0.5473,11,1122,1955.0,5183.0,0,1174,1054,2554,2251,2418,284,1122,0,21,29,19,49,66,47,128,57,90,97,80,360,26,0,0,31,62,0,0,2554,232,28,1122,1174
06037601002,458900,1342,1441,121,159,198,105,1626,34,32,13,115,371,275,2895,780,5084,0.4438,193,1997,1948.0,7619.0,0,2195,1700,5093,4331,5018,464,1997,0,87,97,0,32,31,36,92,117,60,28,65,98,135,0,121,154,188,287,52,5093,178,162,1997,2195
06037601100,458900,1443,1740,170,159,257,136,1815,32,41,0,0,208,407,3972,1395,6999,0.5039,126,2023,1019.0,7374.0,0,2142,4259,7123,6013,7067,565,2023,44,8,47,35,90,13,103,97,87,66,83,46,217,325,79,255,177,319,362,76,7123,39,111,2023,2142
06037601202,477000,1373,1855,92,92,60,52,570,26,100,31,15,489,158,2290,290,4191,0.3762,71,1059,2973.0,5249.0,26,1101,3523,4191,4015,4169,476,1059,24,55,65,43,9,113,9,18,154,49,2,30,119,94,112,119,89,98,98,37,4191,209,200,1059,1101
06037601211,558000,1364,1707,81,119,96,99,933,4,32,52,26,171,98,1529,557,3072,0.4495,125,1104,859.0,4387.0,0,1207,1636,3086,2535,2969,393,1104,0,14,37,19,33,72,3,28,48,0,6,77,144,173,34,60,140,86,92,109,3086,148,23,1104,1207
06037601212,454400,1332,1006,84,310,145,286,1554,37,52,12,15,433,171,3315,1555,6508,0.3597,139,1987,1847.0,7687.0,21,2020,3933,6508,5669,6329,702,1987,12,50,55,0,53,12,59,122,68,15,14,76,322,203,222,123,282,91,405,40,6508,228,153,1987,2020
06037601301,669000,1430,1746,29,30,23,22,268,45,42,30,23,465,80,994,113,1728,0.4822,23,733,2945.0,4029.0,0,767,388,1728,1547,1706,272,733,31,44,26,27,0,17,48,57,43,34,20,15,56,55,80,12,24,59,41,9,1728,364,95,733,767
06037601302,411400,1454,1797,354,109,131,96,2049,119,125,34,14,607,284,4132,1338,6934,0.4459,125,2656,3231.0,11213.0,0,2967,2418,6934,6157,6765,651,2656,89,10,102,13,23,0,50,70,113,88,13,0,384,201,109,178,199,233,361,146,6934,339,257,2656,2967
06037601303,441400,1499,1971,138,306,193,137,1863,14,22,46,17,300,175,2981,911,5351,0.4292,19,2163,1330.0,8558.0,19,2267,1601,5363,4771,5344,536,2163,75,51,57,77,0,48,41,32,48,95,10,27,109,148,182,99,183,211,223,68,5363,169,124,2163,2267
06037601401,392200,1293,1654,157,148,205,107,1310,39,78,27,16,399,245,3044,1565,6354,0.4441,53,1709,2015.0,6883.0,77,1873,3159,6354,5665,6298,584,1709,237,60,68,51,48,30,13,39,117,15,57,37,104,127,164,189,356,107,187,31,6354,199,174,1709,1873
06037601402,527600,1338,1855,32,152,48,42,615,78,61,93,4,760,199,2675,705,4803,0.3488,0,1375,3848.0,6491.0,0,1400,4392,4803,4615,4751,909,1375,68,44,48,36,51,9,27,20,74,40,0,0,199,201,145,41,84,217,95,88,4803,229,395,1375,1400
06037601501,479000,1137,-666666666,87,136,170,53,915,17,18,0,0,121,70,1897,1442,3847,0.3939,24,1036,622.0,4084.0,0,1064,3363,3847,3442,3759,563,1036,8,4,7,0,7,19,31,0,0,41,23,6,105,172,306,102,86,48,197,120,3847,74,26,1036,1064
06037601502,559000,1240,2077,84,51,41,43,564,0,21,23,8,324,254,1904,831,4134,0.4136,34,888,1606.0,3832.0,6,967,3969,4134,3563,4098,499,888,29,42,154,0,13,22,15,148,32,15,12,0,175,117,236,55,177,128,152,90,4134,44,215,888,967
06037601600,489600,1074,1467,84,47,96,82,830,9,39,73,31,425,71,2568,789,4347,0.4056,49,1255,2078.0,4684.0,0,1307,3815,4347,4067,4282,606,1255,37,0,99,10,0,0,136,28,40,98,0,44,44,192,37,116,281,127,99,55,4347,145,145,1255,1307
06037601700,432600,1196,1923,114,72,111,24,1097,0,0,23,12,247,279,2746,982,5324,0.4,58,1344,1351.0,5228.0,0,1410,4680,5324,4909,5224,693,1344,34,29,31,13,0,0,9,34,0,32,0,0,210,250,235,229,199,200,147,115,5324,55,168,1344,1410
06037601801,602100,1245,1176,91,73,47,25,598,5,28,23,14,254,56,1533,582,2779,0.3912,44,852,1388.0,3666.0,14,896,2607,2793,2537,2781,370,852,11,9,48,19,0,0,12,25,21,5,11,21,90,160,73,67,78,99,50,52,2793,129,99,852,896
06037601802,485300,1278,1905,31,96,114,26,626,56,61,20,0,383,127,2153,359,3885,0.3608,32,1009,1951.0,4388.0,0,1026,3505,3885,3427,3771,496,1009,44,9,17,52,16,0,69,33,30,47,22,0,140,216,248,96,92,93,77,97,3885,149,173,1009,1026
06037601900,479300,1420,1324,113,124,166,61,1125,39,16,0,36,240,271,2376,988,4758,0.3901,135,1365,1115.0,5809.0,0,1385,3155,4758,4667,4741,630,1365,44,19,11,59,20,0,69,58,29,84,0,36,127,184,106,77,203,215,197,48,4758,104,91,1365,1385
06037602002,535300,1431,1844,48,61,86,109,581,2,11,20,52,231,41,1527,291,3093,0.3644,39,812,1257.0,3203.0,0,850,2369,3093,2687,3054,363,812,34,38,24,12,4,4,5,13,6,39,22,0,164,81,105,60,99,187,90,46,3093,79,102,812,850
06037602003,537600,1599,1644,121,49,56,90,825,9,26,9,50,406,161,1968,342,4242,0.3953,23,1231,2153.0,5531.0,0,1287,3623,4279,3695,4263,671,1231,17,125,44,43,0,0,46,36,18,49,34,113,69,228,186,148,168,136,180,27,4279,194,188,1231,1287
06037602103,608200,1253,1494,85,157,118,131,1408,52,0,14,31,301,257,2592,1545,5406,0.4768,32,1709,1757.0,6448.0,0,1886,3811,5574,4848,5501,504,1709,11,51,27,66,67,5,27,35,91,13,73,49,200,272,225,0,157,97,323,256,5574,115,172,1709,1886
06037602104,552200,1380,2196,146,136,90,203,1330,57,11,45,38,389,261,3066,1200,6013,0.444,78,1719,2136.0,7341.0,0,1719,4355,6013,5758,5940,567,1719,10,48,40,10,12,0,29,55,46,49,39,80,380,323,169,77,308,276,189,79,6013,221,126,1719,1719
06037602105,455300,1248,1953,95,159,154,93,1047,21,25,19,0,219,150,2077,622,3634,0.3808,149,1266,1083.0,4641.0,0,1332,2272,3634,3249,3605,424,1266,14,46,27,5,8,17,15,27,72,49,9,10,152,80,72,25,98,99,110,74,3634,70,88,1266,1332
06037602106,554600,1277,1122,126,288,255,232,1742,21,0,54,37,432,74,3022,894,6067,0.372,72,2174,2352.0,8328.0,21,2258,3417,6067,4449,5894,698,2174,30,74,78,50,20,36,0,121,61,89,14,37,315,139,66,46,274,169,73,147,6067,185,200,2174,2258
06037602201,793100,2696,2710,78,173,82,98,684,114,116,103,49,851,37,2467,236,4088,0.3528,33,1535,5306.0,7468.0,194,1756,1209,4093,3514,4027,676,1535,13,32,46,37,0,14,5,26,75,3,25,121,27,84,247,76,65,130,216,71,4093,471,370,1535,1756
06037602202,590900,1341,-666666666,131,11,21,101,505,83,12,0,15,412,65,1384,290,2603,0.3675,14,917,2347.0,3911.0,0,954,1705,2603,2209,2603,264,917,0,34,13,89,0,81,0,0,130,15,13,55,16,30,0,66,75,13,26,24,2603,143,210,917,954
06037602301,646900,1427,1777,45,88,54,56,536,80,145,123,7,1391,210,3451,431,6663,0.4388,48,1927,7998.0,10520.0,0,2105,3859,6694,5670,6588,1170,1927,20,29,165,63,19,55,41,116,190,156,36,71,111,350,270,115,228,264,102,167,6694,728,578,1927,2105
06037602302,832000,2941,2698,57,67,39,28,312,160,237,86,128,1424,195,2584,218,4506,0.3889,32,1736,7841.0,9369.0,216,1784,730,4518,3988,4477,912,1736,61,48,61,38,23,18,81,69,13,27,20,88,317,215,104,47,193,197,91,28,4518,978,431,1736,1784
06037602402,592400,1608,2094,98,196,19,114,1048,115,112,90,73,859,153,3471,380,6847,0.3839,26,1907,5046.0,9831.0,0,2072,4699,6847,5982,6756,1118,1907,12,47,107,67,39,35,11,76,80,72,27,0,262,184,181,111,360,213,180,402,6847,534,241,1907,2072
06037602403,610800,1264,1944,176,242,154,135,1238,38,57,31,2,270,247,2880,649,4578,0.3534,64,1508,1568.0,5807.0,0,1572,3119,4578,4131,4544,588,1508,72,27,41,53,21,7,41,38,61,58,34,0,188,169,141,48,163,126,112,0,4578,114,139,1508,1572
06037602404,683100,1389,2176,72,131,171,232,1446,30,7,49,8,314,446,2918,1362,5463,0.3743,64,1760,1863.0,7094.0,0,1909,3408,5526,4613,5402,627,1760,15,20,53,30,9,39,48,17,78,32,41,22,211,292,359,148,276,60,111,112,5526,200,110,1760,1909
06037602504,594700,1239,2195,141,213,136,183,1561,45,18,0,0,169,155,2871,1005,4899,0.3896,103,1730,977.0,5879.0,0,1766,2442,4914,4142,4705,584,1730,0,14,50,18,30,0,0,12,55,20,30,8,266,129,203,81,100,151,140,156,4914,72,86,1730,1766
06037602505,437100,1234,2284,76,243,131,150,1415,13,0,0,18,101,171,2182,1112,4214,0.4375,103,1516,488.0,4318.0,9,1603,2361,4259,3414,4128,341,1516,27,29,49,18,0,0,35,13,0,13,0,0,166,270,209,137,190,256,161,75,4259,62,39,1516,1603
06037602506,502600,1338,1943,82,205,197,142,1422,58,14,0,13,203,133,2113,559,3931,0.4597,75,1625,1127.0,5636.0,21,1720,1909,3931,3507,3881,416,1625,9,35,2,22,3,0,15,24,44,42,0,9,240,114,111,64,129,139,128,29,3931,105,98,1625,1720
06037602507,410600,1325,1757,292,215,168,160,1600,0,0,7,29,215,156,2813,545,4939,0.3881,133,1815,1117.0,6705.0,246,1897,1935,5033,4059,4844,529,1815,24,14,20,7,50,13,14,30,83,21,40,72,370,199,62,53,142,194,180,137,5033,81,134,1815,1897
06037602510,477400,1349,-666666666,67,154,65,48,952,2,0,0,0,117,106,1816,866,3495,0.5063,41,1069,679.0,4041.0,0,1115,1762,3495,2901,3400,373,1069,0,30,9,0,24,0,27,14,49,19,0,6,72,294,279,133,127,87,166,56,3495,46,60,1069,1115
06037602511,575000,1326,-666666666,166,223,35,64,1364,26,0,0,12,56,57,2172,589,4685,0.3996,103,1420,284.0,4974.0,0,1444,1856,4685,4101,4554,368,1420,0,14,10,0,0,0,0,61,139,40,0,36,232,107,273,71,95,371,264,372,4685,0,40,1420,1444
06037602512,510200,1233,1585,0,13,77,21,290,17,45,34,60,311,28,1419,312,2378,0.3034,20,601,1536.0,2816.0,0,619,1593,2378,1911,2378,249,601,14,11,22,34,0,0,24,42,49,0,25,0,60,45,147,51,27,122,43,23,2378,88,179,601,619
06037602513,625000,1600,3234,46,137,0,91,451,0,0,0,0,67,49,976,676,1881,0.4357,82,518,331.0,2166.0,0,523,869,1881,1793,1861,236,518,2,24,0,34,0,0,14,0,59,0,0,0,12,61,199,134,62,52,81,0,1881,4,63,518,523
06037602601,500500,1256,1950,65,0,30,43,518,84,198,75,130,1136,3,2203,407,4985,0.4463,92,1654,7116.0,9098.0,70,1698,867,5076,4307,4972,862,1654,9,11,148,64,20,15,99,66,262,67,92,27,147,217,118,67,188,199,201,17,5076,710,391,1654,1698
06037602602,495600,1396,2220,0,27,91,74,534,14,47,51,18,565,45,1191,297,2934,0.4486,31,1099,3414.0,5339.0,10,1099,504,3067,2702,3056,332,1099,53,24,37,64,11,25,58,30,156,65,122,11,11,208,99,33,90,72,182,20,3067,298,252,1099,1099
06037602700,567200,1440,1666,0,6,40,15,231,119,137,74,38,991,140,1788,342,3526,0.3686,26,1222,6047.0,7354.0,70,1245,642,3532,3358,3532,533,1222,0,149,74,53,6,7,60,44,169,49,45,75,57,70,197,30,63,72,137,66,3532,694,297,1222,1245
06037602801,420800,1159,1679,8,43,176,59,879,3,36,58,60,380,165,1870,936,3921,0.4622,25,1259,2098.0,5482.0,0,1320,2498,3921,3653,3859,340,1259,0,0,56,34,6,18,8,110,60,50,0,0,381,171,154,44,84,199,223,127,3921,215,120,1259,1320
06037602802,476300,1435,2146,0,0,0,17,198,71,62,118,66,1122,377,2607,175,4930,0.3618,9,1320,6827.0,7787.0,0,1332,1848,4946,4684,4946,530,1320,15,14,126,42,66,13,64,57,105,138,116,65,46,140,16,162,309,97,146,70,4946,642,358,1320,1332
06037602900,449600,1132,1525,46,82,102,70,786,42,141,46,51,587,122,2374,789,4301,0.3645,37,1373,2932.0,6149.0,0,1387,3244,4301,3913,4146,647,1373,37,77,86,49,6,17,45,46,73,17,24,7,151,93,205,119,116,236,20,24,4301,258,305,1373,1387
06037603004,348200,1324,770,119,15,87,65,474,0,7,35,0,147,55,1012,126,1655,0.3693,10,621,682.0,2241.0,7,650,602,1742,1532,1742,237,621,5,4,29,53,0,17,16,15,50,36,12,70,7,38,58,20,44,33,6,82,1742,103,40,621,650
06037603005,378500,1478,1908,266,87,155,102,1381,45,45,23,41,582,119,3528,837,6643,0.4048,131,1963,2789.0,8636.0,59,1980,3323,6647,5822,6490,856,1963,79,12,90,19,7,0,21,35,58,0,0,18,160,306,256,124,371,252,256,25,6647,305,210,1963,1980
06037603006,527600,1354,1170,66,35,98,61,436,18,23,20,0,346,25,1097,88,1680,0.4713,16,782,1948.0,3623.0,0,808,503,1680,1429,1655,266,782,22,77,14,0,3,21,30,13,19,9,37,35,39,48,44,24,53,15,26,11,1680,282,43,782,808
06037603007,522900,1142,1839,108,0,57,167,742,28,62,9,27,481,20,1747,1100,3748,0.4825,60,1223,2997.0,5812.0,5,1295,1986,3748,3673,3687,551,1223,21,26,43,40,56,42,47,28,12,134,36,18,108,127,203,107,90,178,28,0,3748,346,135,1223,1295
06037603008,520100,1028,1036,57,187,187,37,772,5,70,8,0,368,63,1551,261,2986,0.3975,5,1140,1878.0,4541.0,0,1140,1636,3147,2958,3119,535,1140,50,60,167,30,4,70,61,41,163,11,24,48,63,86,65,131,123,60,58,8,3147,194,157,1140,1140
06037603101,546100,1616,1443,80,101,85,32,921,74,33,66,20,567,91,2466,846,4468,0.4389,63,1488,3218.0,7014.0,3,1576,2114,4535,4203,4528,721,1488,10,95,30,16,68,36,45,64,48,0,34,137,107,104,238,72,74,90,44,96,4535,323,213,1488,1576
06037603102,532500,1400,1735,150,81,143,72,829,0,76,54,12,338,78,1643,516,3395,0.4154,14,1167,1941.0,5124.0,0,1352,1516,3418,3153,3387,546,1167,9,29,44,32,78,65,51,61,90,39,69,45,36,95,52,28,161,97,92,67,3418,154,137,1167,1352
06037603200,560400,1403,932,27,13,22,85,371,108,35,25,10,897,21,1794,339,3286,0.4252,126,1268,5051.0,6859.0,97,1321,694,3286,2843,3286,764,1268,48,248,53,57,65,11,16,36,92,73,99,107,26,41,29,0,93,119,77,27,3286,663,218,1268,1321
06037603301,632500,1452,1161,110,79,95,47,916,66,25,22,17,434,105,1797,479,3369,0.3852,42,1350,2438.0,5785.0,0,1568,1062,3531,3190,3493,490,1350,53,23,72,44,12,26,63,21,150,112,50,82,120,125,74,37,71,44,118,67,3531,324,79,1350,1568
06037603302,526700,1382,1068,43,61,44,76,664,0,78,87,18,921,107,2012,648,3852,0.4545,18,1585,4441.0,7303.0,89,1668,1263,3857,3482,3808,744,1585,30,41,38,115,64,90,88,97,52,111,120,120,138,80,26,53,71,60,0,41,3857,643,142,1585,1668
06037603400,556900,1321,1402,71,98,9,85,515,136,94,10,135,929,114,1975,202,3821,0.4056,68,1444,5168.0,7094.0,31,1512,1373,3821,3536,3775,634,1444,106,55,20,30,9,97,102,40,41,38,158,105,70,86,76,43,255,61,57,54,3821,657,228,1444,1512
06037603500,536200,1986,1801,15,7,5,21,173,99,50,115,37,684,71,1632,163,3123,0.3433,20,857,3619.0,4356.0,0,897,1617,3129,2955,3082,469,857,63,17,44,76,14,0,26,67,75,29,15,32,60,138,121,30,103,90,46,132,3129,277,345,857,897
06037603600,555300,1646,1797,26,95,33,0,355,82,138,41,73,1022,57,2171,593,4416,0.3927,34,1377,6013.0,7910.0,0,1422,1612,4416,4192,4379,748,1377,21,44,180,43,71,41,45,23,180,119,50,9,124,145,110,83,88,112,171,21,4416,652,266,1377,1422
06037603702,610500,1703,1765,38,0,32,12,196,215,141,74,136,1504,126,2324,278,4765,0.3579,0,1700,8815.0,9842.0,17,1779,1787,4836,4533,4829,934,1700,107,61,210,21,68,41,40,233,132,113,52,209,42,157,114,81,131,62,136,71,4836,1032,438,1700,1779
06037603703,603600,2183,1842,10,15,0,23,66,101,40,48,42,763,20,1212,101,2361,0.3824,14,829,4233.0,4470.0,0,829,953,2368,2105,2363,524,829,35,11,30,30,33,14,24,77,75,28,12,32,103,51,84,56,43,12,81,84,2368,445,300,829,829
06037603705,364500,1449,1798,131,38,16,78,526,35,34,38,41,376,208,1775,177,2962,0.3054,40,902,1985.0,4053.0,0,902,1146,2976,2610,2912,402,902,47,19,0,0,24,0,4,0,36,0,18,0,181,121,161,101,233,63,24,26,2976,269,66,902,902
06037603706,-666666666,1183,-666666666,57,49,177,110,1063,0,0,0,0,11,38,1729,929,3227,0.3521,69,1074,,,0,1110,2397,3227,2780,3128,359,1074,0,35,13,0,0,69,26,24,35,0,0,17,162,0,57,153,144,161,108,26,3227,0,0,1074,1110
06037603801,607800,1410,2031,82,139,89,155,1101,69,34,80,12,455,236,2891,708,4926,0.3764,42,1556,2297.0,6367.0,0,1601,2613,4926,4417,4903,772,1556,51,113,56,34,16,3,35,43,30,67,6,2,71,221,211,51,84,90,114,142,4926,175,149,1556,1601
06037603802,558400,1615,2020,105,46,36,51,574,150,50,13,72,565,73,2163,474,4002,0.3777,104,1139,3159.0,5459.0,0,1195,2002,4072,3708,4051,591,1139,21,23,58,14,0,47,97,90,9,50,44,29,153,213,75,65,79,75,225,113,4072,288,215,1139,1195
06037603901,500000,1398,1906,53,125,155,30,772,59,57,80,52,492,48,2032,472,3546,0.3473,50,1264,2395.0,5703.0,0,1275,2266,3551,3264,3507,422,1264,38,87,143,0,28,0,27,55,64,0,18,26,91,209,77,0,82,114,26,75,3551,291,137,1264,1275
06037603902,480300,1326,1598,151,34,128,57,639,24,43,22,37,523,209,2080,498,3751,0.3673,8,1162,2496.0,4779.0,0,1180,2759,3757,3639,3757,425,1162,0,1,26,63,26,0,0,65,114,45,48,12,211,145,98,41,166,75,308,70,3757,351,103,1162,1180
06037604001,544000,1693,2263,101,87,79,82,771,0,69,59,28,438,359,2997,446,4892,0.3611,47,1209,2229.0,5748.0,0,1342,3706,4992,4549,4959,527,1209,3,27,90,20,7,0,1,89,26,26,37,29,192,120,176,134,109,82,61,181,4992,189,140,1209,1342
06037604002,598600,1631,1853,90,81,195,109,991,39,67,14,16,451,175,2496,549,4250,0.3993,62,1442,2623.0,6828.0,0,1607,2167,4250,3650,4212,616,1442,67,62,21,47,19,0,32,25,29,41,45,29,74,39,124,126,95,180,166,121,4250,297,145,1442,1607
06037604101,609400,1700,2752,98,66,48,159,823,17,0,111,67,372,219,2490,411,4273,0.34,60,1195,2291.0,5853.0,0,1195,3247,4307,3859,4265,692,1195,0,15,31,55,38,0,16,17,72,11,25,69,184,52,101,94,216,90,272,51,4307,196,160,1195,1195
06037604102,529600,1197,1667,118,40,0,59,439,66,29,27,0,320,13,1494,331,2678,0.3703,0,759,1702.0,3503.0,0,873,1576,2678,2497,2643,592,759,18,103,34,0,15,17,0,31,34,0,0,0,95,67,60,119,35,211,91,0,2678,157,163,759,873
06037604200,518100,1510,1998,33,57,81,73,820,128,106,84,27,839,233,3289,739,6009,0.3912,55,1659,4513.0,7905.0,0,1713,3420,6009,5245,5911,774,1659,61,19,134,48,9,8,151,35,44,83,74,5,261,266,224,83,177,151,136,92,6009,355,346,1659,1713
06037609900,610500,1399,2053,35,64,29,21,325,17,7,29,21,319,52,953,302,1758,0.3758,24,644,1753.0,2952.0,0,670,1227,2015,1683,1996,224,644,26,56,49,26,14,23,49,4,67,56,41,97,35,51,30,6,68,60,86,40,2015,197,122,644,670
06037620001,1341900,1884,4001,208,135,16,81,688,132,80,87,53,833,109,2378,153,4207,0.431,28,1521,5931.0,8712.0,9,1578,890,4216,3551,4197,783,1521,12,39,41,29,6,46,46,83,24,36,78,59,67,238,226,46,93,106,142,81,4216,579,254,1521,1578
06037620002,1079800,2041,3425,144,91,156,99,945,52,56,103,57,511,165,2137,243,3498,0.446,37,1456,3387.0,6999.0,0,1493,561,3540,2992,3510,633,1456,41,33,30,36,7,26,20,0,60,27,55,7,132,39,140,115,65,132,151,51,3540,385,126,1456,1493
06037620101,1076400,1885,3110,132,166,197,87,986,151,175,146,29,1052,237,3000,158,5292,0.4227,79,2038,6794.0,10606.0,0,2152,589,5292,4762,5257,1145,2038,33,79,84,175,0,7,35,111,238,0,31,0,72,253,61,57,316,103,219,102,5292,787,215,2038,2152
06037620102,1322200,2226,1547,326,108,112,55,1182,47,70,41,15,448,144,2441,280,3527,0.389,3,1630,3346.0,8000.0,8,1740,599,3527,2943,3463,635,1630,24,45,71,65,11,5,28,29,26,71,20,44,113,54,96,28,99,84,90,12,3527,371,77,1630,1740
06037620201,1909100,2429,3667,101,77,23,36,661,43,14,28,0,242,33,1144,145,1632,0.4312,0,903,1071.0,3422.0,5,976,70,1643,1298,1593,212,903,0,13,37,23,5,0,11,0,39,5,22,5,35,58,37,12,47,17,47,6,1643,156,86,903,976
06037620301,2000001,3116,3679,0,18,5,7,244,169,164,67,75,1298,51,1859,23,4395,0.4922,9,1542,10090.0,11249.0,29,1620,395,4403,4032,4403,1048,1542,32,42,193,29,45,30,35,81,136,36,41,48,75,253,211,192,61,234,226,181,4403,1030,258,1542,1620
06037620303,2000001,2747,3358,44,51,64,36,576,231,102,73,48,1214,133,2177,219,4819,0.5792,0,1790,9891.0,12487.0,79,1936,173,4819,4196,4792,1047,1790,45,34,74,58,77,64,41,127,44,101,58,96,192,252,255,120,71,184,248,115,4819,971,243,1790,1936
06037620305,2000001,3203,2435,29,352,183,23,1008,31,76,84,49,1354,185,2971,137,5848,0.4972,18,2362,9029.0,13413.0,66,3081,592,5848,5115,5757,1103,2362,92,24,47,133,18,21,45,20,64,150,56,117,193,115,222,13,328,170,257,273,5848,1063,291,2362,3081
06037620400,1517000,2653,2722,87,123,43,24,454,51,81,149,53,1482,204,2406,65,5298,0.4118,11,1936,9495.0,11613.0,0,2073,553,5309,4681,5309,1200,1936,52,115,114,40,47,0,85,66,106,141,90,106,192,185,201,100,73,382,174,138,5309,1080,388,1936,2073
06037620501,934500,2296,2554,133,48,70,178,877,156,171,112,110,1212,105,3346,373,5675,0.374,71,2089,7541.0,12263.0,0,2089,958,5675,5058,5641,1189,2089,141,0,66,51,7,42,170,28,89,74,29,6,149,245,145,54,260,284,194,124,5675,880,309,2089,2089
06037620521,903200,2049,3229,128,129,184,42,890,114,140,54,16,779,78,2550,244,4323,0.4129,18,1669,4766.0,8760.0,157,1780,565,4323,3718,4214,718,1669,33,55,49,42,5,11,29,30,64,7,15,0,326,188,94,65,191,171,97,44,4323,484,277,1669,1780
06037620522,974600,2320,2714,135,132,72,56,793,83,111,165,47,1032,26,2641,246,4656,0.4179,31,1825,6349.0,10102.0,49,1950,715,4656,3854,4574,806,1825,14,58,121,17,44,0,28,67,61,46,91,14,207,121,74,79,276,167,121,46,4656,851,181,1825,1950
06037620601,818900,1918,3069,160,141,41,155,1159,129,46,71,89,952,248,2869,170,5159,0.4619,58,2111,5368.0,10221.0,32,2444,1298,5159,4397,5089,1134,2111,42,54,54,20,54,69,15,35,46,101,52,37,292,243,197,52,201,208,109,89,5159,654,298,2111,2444
06037620602,838400,1903,2889,84,44,76,65,398,239,312,100,150,1529,172,3040,135,5224,0.3838,67,1927,9530.0,11723.0,65,2106,1086,5224,4789,5089,1231,1927,0,88,172,82,65,73,68,31,49,72,0,29,195,133,78,47,149,112,43,83,5224,1198,310,1927,2106
06037620701,966300,2121,2951,202,95,111,43,1185,159,144,190,51,1649,122,4474,232,7187,0.4234,13,2834,9961.0,15286.0,56,2963,1338,7207,5940,7175,1372,2834,164,87,100,14,0,52,72,119,174,164,0,19,196,177,97,186,294,358,249,16,7207,1281,338,2834,2963
06037620703,1076300,2295,3188,0,118,14,23,241,101,182,108,6,979,26,1682,80,3436,0.3948,1,1220,5902.0,6968.0,40,1220,443,3436,3041,3400,691,1220,44,26,71,54,1,21,0,83,38,0,0,0,194,189,156,41,203,119,45,100,3436,610,369,1220,1220
06037620704,948500,2074,3611,68,54,48,0,342,47,166,102,42,792,67,1772,127,3555,0.3896,25,1134,5328.0,6959.0,8,1263,253,3555,3207,3515,752,1134,38,0,31,59,15,14,13,88,61,15,0,35,172,123,126,79,96,141,301,34,3555,524,268,1134,1263
06037620801,1837400,2319,3787,43,25,0,0,286,181,82,83,84,1110,167,1922,218,4134,0.4638,0,1396,7897.0,9261.0,0,1452,391,4167,3919,4167,897,1396,28,63,34,69,55,44,78,42,29,64,68,22,83,60,254,272,125,75,198,139,4167,724,386,1396,1452
06037620802,2000001,1769,3106,293,6,102,0,553,69,55,78,44,722,0,1987,70,3198,0.4081,6,1275,5271.0,7478.0,13,1415,223,3198,2850,3085,880,1275,32,12,108,21,21,0,13,51,63,14,0,54,220,143,39,52,75,37,41,7,3198,526,174,1275,1415
06037620901,2000001,2603,3919,16,14,9,20,126,109,70,55,57,955,7,1282,106,2921,0.4772,6,1081,7671.0,8451.0,17,1131,305,2921,2706,2905,680,1081,19,41,115,46,36,33,27,42,150,52,24,38,56,138,173,117,86,71,101,54,2921,792,163,1081,1131
06037620904,2000001,2539,4001,49,17,38,9,398,20,51,30,26,630,63,1211,131,2700,0.4914,0,1028,4776.0,6631.0,82,1268,145,2756,2292,2756,669,1028,39,27,75,52,21,13,43,22,65,45,20,9,59,86,155,51,79,203,146,0,2756,521,109,1028,1268
06037621001,1504300,1958,3143,154,118,77,47,841,86,196,50,46,1059,128,2425,141,4419,0.5066,27,1900,6531.0,9670.0,43,2071,551,4426,3927,4382,974,1900,26,51,89,146,18,63,8,85,88,99,30,8,196,110,87,123,106,97,95,101,4426,779,232,1900,2071
06037621005,2000001,2299,2314,247,158,62,80,1215,121,21,100,19,1191,83,2999,171,4669,0.4861,24,2406,7346.0,12219.0,48,2955,404,4674,3782,4674,977,2406,94,174,135,52,87,53,74,66,79,29,0,40,53,83,67,5,128,110,129,15,4674,1003,188,2406,2955
06037621102,1209600,2492,2951,25,67,30,6,346,105,95,116,62,816,114,1920,123,3193,0.4349,40,1162,5293.0,7006.0,59,1216,352,3193,2859,3176,684,1162,14,136,43,6,8,0,41,123,35,25,0,13,31,107,76,112,82,153,51,41,3193,624,192,1162,1216
06037621104,1711000,2290,4001,174,430,313,137,1885,96,269,40,46,1243,139,4423,368,6854,0.4397,14,3128,7468.0,14291.0,43,3577,845,6854,5230,6739,1116,3128,61,78,97,38,14,13,45,60,43,57,40,14,262,296,108,77,137,277,91,15,6854,952,291,3128,3577
06037621201,995000,2415,2477,208,121,157,137,1144,497,100,126,76,1598,168,3945,289,6724,0.4416,28,2742,10066.0,15002.0,45,2894,1349,6807,5895,6755,1280,2742,104,35,111,78,25,12,52,94,161,90,55,90,102,286,177,160,356,160,279,58,6807,1345,239,2742,2894
06037621204,851000,2337,2542,93,234,212,118,1243,89,39,65,21,547,10,1861,110,2825,0.4433,9,1790,2650.0,6324.0,0,2153,259,2825,2076,2789,423,1790,33,49,138,54,29,43,19,27,36,91,37,81,37,43,33,32,45,0,10,50,2825,445,102,1790,2153
06037621301,1138400,2182,2335,55,125,200,152,1085,127,93,135,70,1592,198,3698,312,6742,0.4469,60,2677,9934.0,14443.0,46,3017,842,6742,6121,6685,1261,2677,30,95,130,56,17,27,48,79,166,104,81,113,128,369,181,159,235,228,321,126,6742,1328,227,2677,3017
06037621324,989800,2042,2367,155,197,150,140,1259,75,121,92,60,665,89,2300,103,3704,0.4446,46,1924,3312.0,8325.0,0,2177,338,3704,3131,3697,787,1924,7,70,86,32,74,31,21,34,57,43,40,34,126,26,148,17,43,18,173,84,3704,627,38,1924,2177
06037621326,1704300,2175,2670,207,125,190,136,1290,0,22,33,11,427,44,2142,140,3028,0.4414,0,1717,2667.0,7378.0,14,1932,356,3028,2518,3028,592,1717,39,21,126,29,20,23,15,57,94,41,58,6,15,38,19,104,11,18,15,15,3028,397,30,1717,1932
06037621400,1196800,2057,2899,101,173,90,96,889,88,107,49,77,866,25,2387,134,4322,0.396,0,1755,5402.0,9108.0,78,1916,454,4322,3605,4258,791,1755,33,40,33,57,14,35,98,53,104,53,34,49,126,107,185,75,116,147,124,82,4322,697,169,1755,1916
06037650001,671900,1487,1700,20,54,173,182,777,171,236,134,40,1443,100,2692,904,5676,0.4662,0,2220,8218.0,10824.0,0,2483,1227,5676,4986,5599,1232,2220,54,12,141,138,61,93,40,26,98,378,59,92,76,110,253,66,265,112,181,87,5676,1116,320,2220,2483
06037650003,682800,1463,961,48,75,180,60,747,18,0,35,7,353,225,1731,320,3024,0.4633,12,1100,2215.0,4983.0,0,1266,1005,3024,2535,2975,448,1100,90,28,69,12,7,27,120,29,63,13,14,58,81,145,7,31,64,72,99,29,3024,268,56,1100,1266
06037650004,649700,1564,2901,78,72,95,120,780,86,88,134,113,731,137,2503,299,4349,0.4308,32,1511,4276.0,6861.0,0,1611,1358,4349,3655,4280,768,1511,21,93,34,42,0,16,25,52,42,22,19,68,60,146,84,21,266,52,151,75,4349,370,360,1511,1611
06037650101,695200,2593,1853,17,0,68,36,550,258,248,54,0,1493,179,3021,323,5772,0.4092,42,2043,8937.0,11472.0,0,2187,904,5778,5162,5705,1091,2043,18,21,39,95,114,79,22,72,117,63,130,284,120,136,270,154,133,80,192,55,5778,979,496,2043,2187
06037650102,664700,1971,2125,7,18,13,54,169,82,115,32,37,563,80,1250,123,2148,0.3455,9,732,3530.0,4319.0,0,754,523,2148,1918,2121,386,732,36,0,13,8,15,18,51,9,34,52,13,29,68,67,30,75,44,34,32,69,2148,308,244,732,754
06037650200,651700,2290,2214,79,43,54,68,401,171,230,148,82,1395,98,2751,348,5789,0.3892,46,1796,8097.0,9989.0,0,1896,1720,5794,5215,5744,1172,1796,69,44,74,133,43,45,74,59,190,89,24,64,189,161,182,114,153,219,169,188,5794,839,482,1796,1896
06037650300,633800,1709,984,249,54,297,81,1298,77,144,61,13,1101,200,3635,536,6790,0.4285,0,2399,6466.0,11548.0,0,2491,1259,6790,6221,6701,1360,2399,55,241,62,41,55,91,15,107,118,79,73,76,221,118,100,102,357,150,69,38,6790,759,342,2399,2491
06037650401,821000,2139,2700,19,17,16,10,207,271,161,99,82,1278,128,2525,139,4667,0.3379,35,1485,7908.0,8756.0,7,1550,681,4667,4350,4592,1066,1485,57,124,72,42,13,59,45,44,50,65,37,83,130,146,203,120,30,79,164,143,4667,716,549,1485,1550
06037650501,875600,2697,1882,0,0,36,8,133,145,123,40,8,834,0,1293,14,2842,0.3674,35,967,5258.0,5891.0,0,982,420,2850,2646,2825,683,967,44,31,82,41,31,55,15,52,93,61,15,75,198,134,94,27,32,75,76,42,2850,646,181,967,982
06037650502,884000,1972,2653,59,82,61,9,428,79,239,77,62,1081,39,2164,258,4313,0.3825,21,1509,6908.0,8547.0,0,1645,880,4318,3888,4275,915,1509,47,39,103,47,72,19,61,57,153,69,76,67,129,99,130,43,51,168,88,53,4318,735,346,1509,1645
06037650603,972500,1311,1561,51,39,114,60,530,76,94,52,0,876,112,1844,277,3672,0.5035,22,1406,6033.0,8024.0,0,1519,409,3672,3262,3664,721,1406,34,66,66,68,62,73,10,73,108,49,48,125,21,90,109,76,56,104,94,83,3672,678,198,1406,1519
06037650604,638200,1647,2750,198,492,474,207,2448,32,7,37,0,133,159,3724,895,6155,0.4037,89,2581,561.0,8792.0,0,2856,1478,6228,4984,6126,830,2581,5,59,48,9,52,9,5,134,114,168,0,55,207,392,83,199,170,99,172,14,6228,71,55,2581,2856
06037650605,848800,1830,2257,129,104,65,82,668,74,33,7,32,338,17,1509,97,2713,0.4115,0,1006,2303.0,4809.0,0,1017,505,2713,2004,2713,495,1006,17,43,24,9,13,26,21,32,26,6,34,37,155,65,50,56,103,77,57,23,2713,302,36,1006,1017
06037650606,-666666666,1792,1801,204,175,125,143,1531,16,0,17,0,143,145,1905,389,3786,0.4413,42,1674,844.0,5429.0,51,1845,543,4264,3194,4246,696,1674,39,46,60,69,46,122,8,76,67,158,33,196,40,156,138,0,303,84,104,0,4264,114,29,1674,1845
06037650607,751700,2403,2676,30,204,42,81,661,26,51,126,0,398,116,1601,41,2670,0.3276,0,1059,2265.0,4849.0,0,1147,337,2670,2050,2652,447,1059,33,20,21,9,0,23,0,31,28,8,45,27,111,80,121,15,124,43,32,71,2670,240,158,1059,1147
06037650701,828900,3254,2146,8,8,33,8,160,143,79,65,15,780,37,1186,133,2538,0.3984,0,940,4271.0,5001.0,11,1012,519,2538,2151,2528,610,940,43,55,47,31,7,66,46,48,87,57,40,67,84,120,76,36,89,67,59,30,2538,519,239,940,1012
06037650702,859200,3045,1868,56,10,34,33,241,136,133,49,133,1321,142,2326,88,4606,0.395,33,1562,7808.0,9052.0,6,1611,564,4613,4086,4545,998,1562,8,41,97,43,31,46,22,89,128,71,80,90,224,116,69,49,171,109,136,47,4613,798,505,1562,1611
06037650801,655200,2911,2172,68,0,168,46,616,12,50,44,198,987,30,1997,225,3879,0.4254,12,1603,5242.0,8161.0,0,1681,443,3879,3313,3879,863,1603,48,40,73,72,0,37,31,14,178,57,87,86,48,175,114,58,162,91,62,13,3879,614,345,1603,1681
06037650802,579000,2829,1538,51,107,0,30,448,114,155,20,4,811,43,1177,286,3181,0.4272,13,1259,3504.0,5353.0,0,1451,91,3181,2864,3054,605,1259,53,17,12,4,58,6,28,4,168,118,6,78,218,37,176,0,303,72,71,45,3181,614,159,1259,1451
06037650901,683900,1545,2266,258,120,119,140,1300,118,87,98,51,961,147,2623,517,4908,0.4489,0,2261,5122.0,10055.0,0,2639,1456,4909,4403,4814,962,2261,164,71,52,50,113,52,17,64,147,78,80,140,169,169,74,105,164,187,117,17,4909,662,299,2261,2639
06037650903,655900,1587,2613,110,99,0,227,993,32,240,76,64,702,271,2783,278,4934,0.3775,26,1695,3914.0,7576.0,0,1768,2217,4934,4348,4735,945,1695,22,0,64,33,42,0,54,91,55,0,0,0,324,219,74,75,66,91,239,74,4934,413,289,1695,1768
06037650904,663600,1983,2220,9,289,0,64,509,33,0,123,6,429,0,1226,149,2612,0.3133,16,938,2147.0,4509.0,0,1055,593,2612,1766,2445,646,938,21,76,41,32,0,16,20,59,29,20,41,0,212,105,0,12,185,123,100,26,2612,240,183,938,1055
06037651001,772900,1526,1460,54,8,46,18,401,152,117,124,45,1456,107,2706,281,5242,0.5469,15,1857,9255.0,10985.0,6,2004,1700,5242,4795,5222,1087,1857,41,131,143,52,19,90,95,84,111,121,85,139,74,116,250,123,88,152,211,47,5242,992,415,1857,2004
06037651002,842700,1476,1983,77,101,90,85,765,88,139,75,83,956,37,2565,243,4522,0.4323,90,1721,6593.0,9438.0,0,1787,781,4531,3709,4455,899,1721,19,69,154,60,40,22,55,82,182,74,15,59,91,78,188,35,72,155,123,79,4531,777,172,1721,1787
06037651101,909800,1985,2577,104,96,93,53,732,95,102,47,70,917,120,2179,191,4658,0.4158,7,1649,6309.0,9442.0,0,1734,356,4753,4006,4753,1066,1649,31,96,124,92,49,16,44,116,45,106,64,139,91,171,200,79,215,170,116,115,4753,698,219,1649,1734
06037651102,651200,1700,1494,127,95,59,135,783,27,53,96,37,922,96,1808,204,3706,0.4016,7,1705,4879.0,7628.0,0,1843,431,3706,3209,3669,909,1705,38,68,58,99,19,134,62,115,79,74,54,174,73,95,59,23,205,73,71,18,3706,710,205,1705,1843
06037651201,951500,2646,2853,17,9,21,0,235,142,256,62,101,1441,108,2431,567,4977,0.466,0,1676,9305.0,10826.0,23,1795,626,4985,4075,4979,1216,1676,81,95,61,51,85,93,54,76,136,66,133,41,115,151,257,226,58,68,155,89,4985,1024,347,1676,1795
06037651221,884700,1707,1448,152,115,126,65,1016,101,50,20,0,413,137,2049,315,3806,0.4185,41,1429,2694.0,6241.0,0,1520,861,3925,3392,3856,702,1429,16,21,49,46,25,27,14,91,23,35,41,72,118,199,111,23,152,174,207,53,3925,294,119,1429,1520
06037651222,853000,2071,2143,189,460,122,110,1723,52,38,108,28,640,192,3440,219,6193,0.3419,0,2363,4227.0,11513.0,15,2574,1067,6193,5646,6108,1148,2363,56,83,25,14,48,31,13,67,27,44,71,5,222,310,222,262,162,97,266,143,6193,354,286,2363,2574
06037651302,1214000,1935,2896,62,74,64,8,619,217,93,113,67,1558,228,3022,346,5836,0.4681,180,2177,10519.0,13119.0,15,2526,589,5836,4827,5806,1189,2177,24,35,114,29,80,148,72,123,124,154,36,142,130,160,178,182,201,82,301,93,5836,1157,387,2177,2526
06037651304,1345400,1874,2669,28,218,147,127,1219,62,53,98,44,1058,96,2731,143,4920,0.4968,15,2277,6769.0,11509.0,0,2644,738,4920,4383,4840,1111,2277,36,104,40,90,31,45,47,94,122,82,81,72,112,123,161,34,62,79,106,207,4920,911,147,2277,2644
06037651401,773000,991,1412,74,58,16,3,418,97,73,55,21,760,53,1127,240,2489,0.4949,0,1178,4261.0,5695.0,26,1259,248,2509,2297,2509,547,1178,20,48,98,14,16,46,9,74,124,174,62,71,5,124,54,36,59,55,67,36,2509,561,199,1178,1259
06037651402,872200,1786,1912,27,122,71,49,992,69,136,148,12,1225,32,3061,305,6113,0.4788,31,2217,7659.0,11385.0,56,2242,1114,6223,5524,6223,1080,2217,91,81,144,44,30,21,52,227,90,65,51,162,234,248,172,107,103,171,383,199,6223,879,346,2217,2242
06037670001,613500,1429,1540,75,20,27,52,521,54,61,39,30,818,37,1871,219,3424,0.4342,22,1339,4642.0,6929.0,49,1407,1163,3498,3385,3489,728,1339,50,53,56,33,48,42,72,87,95,42,108,47,56,75,122,106,79,50,51,107,3498,630,182,1339,1407
06037670002,632100,1652,2045,17,230,54,50,784,65,107,80,5,626,64,1962,478,3894,0.4149,14,1410,3578.0,6963.0,23,1478,1531,3908,3286,3856,645,1410,49,89,53,52,23,57,102,76,85,73,33,44,162,57,96,52,116,93,88,120,3908,393,209,1410,1478
06037670003,617700,1446,2035,204,85,130,61,1193,47,115,59,42,1083,119,3378,337,5653,0.4356,65,2276,5957.0,10983.0,0,2369,1476,5677,4926,5611,1028,2276,178,51,137,64,26,33,124,79,141,24,38,18,250,135,119,28,156,25,168,30,5677,736,253,2276,2369
06037670101,675900,-666666666,2370,42,65,156,47,581,95,104,42,0,607,0,1555,1076,3113,0.5537,3,1188,3800.0,6289.0,55,1203,1384,3156,2991,3131,555,1188,81,31,161,24,58,39,41,30,47,65,50,31,28,67,69,67,218,90,93,113,3156,481,104,1188,1203
06037670102,497700,1443,2313,120,231,114,17,1091,44,108,21,41,461,103,2042,492,3973,0.4125,42,1552,2552.0,6733.0,11,1632,1404,3973,3388,3857,681,1552,0,92,101,12,32,93,81,96,75,0,17,40,262,233,116,14,173,213,17,45,3973,329,132,1552,1632
06037670201,1530700,2162,3402,13,15,26,9,202,107,99,39,122,1173,118,1529,143,3558,0.5032,0,1375,8233.0,9160.0,37,1452,221,3565,3062,3522,891,1375,27,91,69,77,86,86,56,63,52,68,72,125,130,128,85,84,127,121,90,59,3565,890,283,1375,1452
06037670202,1411700,3501,3703,5,0,7,0,24,65,126,74,15,709,34,1027,29,2197,0.4186,8,733,5070.0,5233.0,5,802,315,2206,1937,2183,633,733,29,22,45,67,52,25,9,38,89,38,40,46,77,79,92,46,21,65,45,107,2206,497,198,733,802
06037670324,1750000,3054,2432,61,0,0,36,245,63,111,111,128,1750,78,2507,210,5550,0.4874,0,1995,13269.0,14444.0,20,2287,366,5550,4870,5533,1253,1995,27,92,169,77,59,103,227,73,108,116,128,221,67,38,142,111,150,537,257,49,5550,1366,366,1995,2287
06037670326,2000001,3501,2371,0,11,0,0,127,51,38,49,116,1145,24,1167,327,3275,0.5489,0,1272,9648.0,10524.0,10,1439,201,3275,2742,3275,913,1272,8,41,147,117,76,121,57,41,94,66,114,125,98,59,125,96,48,79,69,87,3275,1064,81,1272,1439
06037670328,2000001,2580,4001,45,33,33,0,217,144,234,93,104,1382,17,1894,185,4534,0.4413,0,1599,10688.0,12083.0,6,1715,311,4534,4249,4534,1173,1599,62,84,147,116,81,84,35,109,153,74,32,117,21,86,283,222,44,102,284,132,4534,1047,316,1599,1715
06037670405,1099200,2660,2750,8,5,12,4,222,70,57,36,45,853,33,881,73,2578,0.4702,0,1075,5510.0,6505.0,33,1173,51,2600,2426,2600,626,1075,6,26,75,59,104,128,26,58,64,124,133,166,22,43,122,58,5,163,68,34,2600,670,183,1075,1173
06037670406,1683700,3501,3953,5,0,13,20,43,72,39,38,21,534,28,713,50,1600,0.4187,0,577,4050.0,4314.0,0,590,19,1600,1470,1589,450,577,0,42,48,22,37,18,35,47,29,51,14,38,35,24,48,25,15,97,57,53,1600,439,90,577,590
06037670407,913300,2629,2936,51,69,264,17,1212,153,85,24,201,1139,175,2526,380,6289,0.4788,88,2351,7478.0,12309.0,0,2415,381,6289,5578,6211,1462,2351,53,70,255,54,111,59,51,0,208,130,106,127,172,234,210,71,146,291,322,177,6289,907,232,2351,2415
06037670413,1208800,3501,2714,62,68,45,51,331,167,115,47,120,1341,148,2088,146,4574,0.431,0,1672,8908.0,10836.0,0,1800,368,4574,4071,4540,1125,1672,85,17,134,92,49,66,12,116,89,135,58,193,81,193,136,144,159,153,166,108,4574,1061,280,1672,1800
06037670416,1686800,2397,3032,0,68,66,71,685,88,124,22,18,924,161,1946,320,4476,0.5291,31,1609,7961.0,10813.0,0,1717,590,4476,3920,4459,1027,1609,16,61,131,111,104,90,36,105,155,68,109,131,307,76,160,195,66,86,78,158,4476,773,151,1609,1717
06037670417,1190100,3501,1717,10,0,17,3,98,95,98,53,15,928,36,1143,92,2728,0.4074,0,1026,6366.0,7077.0,0,1053,99,2728,2386,2709,701,1026,34,27,100,76,60,113,22,28,69,133,96,38,10,32,124,120,95,79,124,56,2728,753,170,1026,1053
06037670418,1164300,3501,3023,12,0,45,0,127,131,118,92,77,1281,47,1933,35,4118,0.3668,68,1408,8758.0,9682.0,0,1605,441,4130,3575,4041,1056,1408,91,127,62,82,33,125,21,24,116,43,36,200,136,199,110,163,77,99,107,108,4130,1050,231,1408,1605
06037670500,2000001,3501,3101,13,0,3,0,27,45,32,25,17,523,31,551,36,1381,0.544,2,550,4454.0,4667.0,0,692,84,1439,1378,1436,377,550,15,30,42,52,37,48,28,14,56,51,29,45,12,51,63,32,28,8,44,64,1439,470,50,550,692
06037670603,2000001,3275,2929,0,7,0,0,78,10,24,78,17,516,0,1046,6,1781,0.4977,0,594,3885.0,4438.0,0,672,153,1978,1834,1978,522,594,81,60,57,25,73,0,118,15,46,28,48,67,3,3,54,152,24,19,54,35,1978,412,104,594,672
06037670604,1331600,3242,3253,73,26,50,16,372,37,107,133,192,1596,29,2468,259,4934,0.4694,0,1968,10863.0,12808.0,12,2383,194,4934,4438,4879,1231,1968,24,64,277,150,44,87,73,90,233,103,110,180,21,169,183,118,84,64,217,34,4934,1353,243,1968,2383
06037670701,842100,2813,2362,27,40,23,0,272,92,496,167,59,1956,165,3391,114,6552,0.3617,0,2228,12638.0,14064.0,0,2242,1497,6555,5799,6529,1604,2228,96,130,344,71,121,50,112,94,201,212,22,152,33,228,321,125,116,175,219,108,6555,1393,525,2228,2242
06037670702,1384200,3501,3619,0,0,0,9,113,148,158,153,76,1971,84,2597,133,5839,0.4756,0,2084,14525.0,15349.0,0,2234,430,5839,5524,5801,1501,2084,159,126,193,76,71,268,180,159,138,64,115,75,64,125,187,63,88,138,138,76,5839,1450,508,2084,2234
06037700101,918400,1704,4001,344,406,359,178,3181,0,0,16,37,88,225,3667,596,4944,0.4995,77,3269,424.0,10443.0,387,3728,520,4944,3700,4866,679,3269,24,106,52,68,92,52,32,15,73,38,100,184,42,4,0,0,89,50,0,0,4944,60,28,3269,3728
06037700102,906300,1406,-666666666,160,281,587,336,2894,16,0,0,0,54,275,3205,882,4418,0.6154,92,2948,296.0,10064.0,83,3126,825,4496,3987,4415,448,2948,173,16,52,307,21,16,63,17,34,18,72,242,20,24,49,0,89,25,0,0,4496,54,0,2948,3126
06037700200,889800,1767,2579,510,428,383,146,3946,0,15,99,23,478,239,5891,773,7324,0.4681,168,4424,2409.0,14790.0,0,4531,1531,7324,6179,7324,644,4424,23,44,301,41,26,25,0,0,144,51,47,0,243,27,0,0,111,0,0,0,7324,358,120,4424,4531
06037700300,672700,1734,2515,359,341,215,355,2757,128,113,111,10,1153,265,4482,594,6014,0.4458,51,3910,4606.0,14010.0,18,4311,615,6014,5246,6014,619,3910,11,144,79,142,40,100,72,106,143,70,48,118,14,0,0,0,34,13,0,72,6014,1013,140,3910,4311
06037700400,1084800,2042,2510,147,481,125,258,2151,159,91,29,14,823,114,3503,490,4902,0.4999,34,2974,3953.0,11922.0,0,3402,307,4902,4195,4835,654,2974,15,127,96,18,108,0,59,28,129,44,163,71,46,66,16,0,44,18,0,0,4902,748,75,2974,3402
06037700501,938300,1711,2453,217,173,90,56,1445,114,65,73,63,985,230,2933,339,3576,0.5698,67,2430,4161.0,8278.0,13,2898,370,3576,3252,3576,414,2430,103,37,15,43,16,43,88,19,126,25,19,0,47,16,0,0,0,10,76,0,3576,853,132,2430,2898
06037700502,639200,1943,2414,186,247,176,211,1950,96,68,121,0,940,296,3390,432,4250,0.4462,23,2890,3801.0,9240.0,0,3505,603,4250,3381,4217,294,2890,17,49,16,85,32,0,16,54,133,119,50,0,0,21,13,0,43,42,17,0,4250,740,200,2890,3505
06037700600,2000001,3151,4001,0,0,9,0,146,84,42,35,91,1609,188,2214,333,5563,0.555,0,1755,15699.0,16649.0,69,2137,207,5563,5122,5541,1229,1755,38,119,197,78,86,89,96,60,234,62,39,39,86,142,302,239,31,81,354,327,5563,1176,433,1755,2137
06037700700,2000001,3501,4001,0,34,0,0,93,13,77,31,48,1054,9,1436,150,3534,0.5384,0,1147,9744.0,10575.0,22,1336,151,3534,3320,3534,800,1147,16,65,117,93,17,32,12,27,201,95,35,44,57,63,235,159,139,62,176,123,3534,813,231,1147,1336
06037700801,1333300,2657,4001,67,101,259,117,1262,0,88,24,55,944,123,1559,334,3706,0.5668,27,2206,6340.0,11235.0,47,2945,310,3706,3445,3685,697,2206,52,87,49,62,79,137,109,66,172,198,107,311,28,0,69,114,0,6,73,17,3706,878,61,2206,2945
06037700802,1659900,2087,3409,207,247,171,69,1565,16,9,18,25,520,338,2422,554,4406,0.5061,69,2085,3009.0,8670.0,0,2380,526,4426,3513,4339,641,2085,8,88,162,66,18,92,100,147,125,191,92,109,91,59,124,57,70,39,49,64,4426,381,123,2085,2380
06037700901,2000001,2522,3250,29,28,65,53,803,12,41,9,30,641,36,1925,377,3856,0.6178,0,1444,4464.0,8133.0,0,1628,273,3856,3310,3712,744,1444,48,15,104,33,84,0,0,15,60,58,42,11,43,42,388,111,190,47,113,235,3856,514,127,1444,1628
06037700902,2000001,2228,3334,144,255,247,328,2700,69,39,159,0,759,247,4254,757,7332,0.5099,23,3459,4087.0,14176.0,0,3825,423,7332,6493,7248,1368,3459,30,114,151,15,73,315,57,192,100,65,94,398,195,159,222,73,47,197,242,92,7332,548,197,3459,3825
06037701000,2000001,2250,4001,164,165,120,236,1751,0,19,162,20,838,330,3106,493,5226,0.5655,77,2589,6921.0,14082.0,0,3018,183,5292,4768,5292,1111,2589,104,78,134,39,94,118,13,110,128,69,114,88,166,111,103,97,71,17,201,102,5292,769,69,2589,3018
06037701201,2000001,2181,4001,0,59,30,12,220,90,17,45,11,1205,126,1676,122,3831,0.5558,8,1425,10544.0,11890.0,65,1654,268,3842,3372,3783,954,1425,81,133,88,76,63,93,74,158,108,53,51,71,146,81,220,57,147,125,75,125,3842,1100,105,1425,1654
06037701202,1406700,2415,3344,80,130,150,52,1062,33,71,124,23,660,149,2078,215,3572,0.4652,16,1722,3646.0,8190.0,8,1992,141,3590,2836,3487,647,1722,30,43,28,103,17,33,46,93,78,37,95,88,223,56,73,32,140,65,34,27,3590,571,89,1722,1992
06037701302,931800,2098,2638,245,334,93,237,2250,44,24,34,26,614,218,3376,400,4833,0.4827,15,2864,2349.0,10858.0,0,3108,392,4833,4187,4770,757,2864,24,71,142,82,12,34,42,21,51,142,19,107,56,54,0,142,94,115,25,30,4833,381,233,2864,3108
06037701304,2000001,1841,3189,102,253,66,62,1284,98,82,102,8,1484,199,3577,383,6459,0.626,60,2768,10040.0,15423.0,150,3495,1043,6459,5323,6373,1340,2768,27,112,245,61,113,80,86,128,235,122,31,140,86,306,224,54,274,201,122,163,6459,1275,209,2768,3495
06037701402,1740400,2013,1754,503,210,352,91,3224,0,28,0,34,362,171,3585,898,5771,0.5762,32,3586,1828.0,13313.0,0,4344,1133,5833,4901,5833,1121,3586,40,196,106,58,95,76,62,100,76,83,301,160,0,65,116,38,84,15,0,0,5833,362,0,3586,4344
06037701501,1042800,1992,2886,413,329,212,30,2201,57,38,83,40,509,165,3386,418,5404,0.4416,13,2710,2836.0,10707.0,18,2923,343,5404,4686,5264,1012,2710,38,28,235,112,29,38,118,36,123,91,13,133,265,90,51,55,198,152,88,46,5404,383,108,2710,2923
06037701502,817700,1851,2193,272,114,322,131,1634,41,17,53,17,301,67,2343,173,3052,0.4507,124,1935,1313.0,6519.0,19,2236,349,3544,2825,3505,309,1935,39,1,96,58,82,58,76,27,82,39,18,185,60,30,28,14,40,24,12,29,3544,236,56,1935,2236
06037701601,2000001,1957,3482,145,81,203,4,758,33,92,4,77,933,195,2356,86,4096,0.4902,37,1691,6371.0,9559.0,25,1798,166,4096,3579,4074,900,1691,34,82,115,163,53,22,86,114,131,45,31,29,92,82,162,43,13,237,84,24,4096,785,148,1691,1798
06037701602,929400,1782,2685,228,113,36,194,1249,122,0,74,7,618,113,2561,362,3835,0.5239,0,1867,2757.0,7165.0,57,2099,808,3952,3573,3874,546,1867,26,10,0,47,19,23,65,95,115,27,6,132,118,71,157,14,99,98,103,85,3952,374,244,1867,2099
06037701701,841700,1850,2832,126,178,156,58,1314,47,20,29,18,413,89,1897,402,3317,0.6087,25,1727,2064.0,6684.0,23,1865,662,3317,2864,3300,561,1727,25,70,77,94,26,0,59,28,62,64,29,24,37,130,9,41,107,40,80,47,3317,325,88,1727,1865
06037701702,956400,1837,3583,199,156,136,60,1518,22,48,0,7,159,128,2030,576,3201,0.5134,8,1677,636.0,5197.0,9,1953,622,3201,2399,3167,398,1677,12,35,54,19,53,65,13,29,8,39,8,104,100,161,40,38,34,0,23,15,3201,93,21,1677,1953
06037701801,775300,1647,1941,163,177,121,137,2267,14,15,50,1,514,320,3413,1169,6827,0.4893,23,2781,2512.0,10975.0,11,2852,2221,6827,5195,6772,760,2781,62,14,52,71,46,34,178,75,190,46,119,96,164,99,232,142,66,209,164,165,6827,331,166,2781,2852
06037701802,996900,1885,3078,117,210,112,168,1670,48,59,18,23,345,148,2704,630,4905,0.4502,46,2015,1803.0,7619.0,37,2104,2161,4999,4469,4979,583,2015,26,22,92,63,9,14,11,21,93,58,48,45,56,41,119,44,65,100,159,54,4999,196,139,2015,2104
06037701902,2000001,2704,4001,290,245,261,325,2996,0,14,0,0,99,314,2921,1021,4843,0.6043,68,3095,444.0,8517.0,813,3662,316,4843,3753,4843,581,3095,44,0,52,45,87,62,52,48,150,26,130,230,77,116,21,18,28,26,0,0,4843,54,45,3095,3662
06037702002,1036300,1837,2457,450,124,244,177,2738,59,82,55,13,757,378,4205,510,6312,0.5419,63,3495,3555.0,13102.0,15,3773,1198,6325,5504,6187,877,3495,43,53,186,28,226,34,86,70,127,70,56,128,231,66,33,124,171,68,67,74,6325,591,166,3495,3773
06037702102,1372300,1752,2093,247,318,201,110,2932,59,27,56,44,696,282,4150,591,5869,0.4268,48,3628,3590.0,12609.0,0,4190,534,5891,4812,5853,568,3628,38,184,110,45,45,53,53,59,69,82,148,89,55,51,74,21,105,103,73,76,5891,530,133,3628,4190
06037702201,1352000,1738,3590,126,96,207,58,1236,61,147,40,0,826,127,2387,332,4080,0.4956,47,2062,4995.0,9264.0,0,2325,708,4080,3544,4059,737,2062,48,53,56,32,39,17,24,37,65,94,155,25,62,96,99,49,163,116,55,33,4080,632,194,2062,2325
06037702202,1657200,1742,3197,103,107,76,57,844,64,77,102,57,923,143,2268,301,3954,0.4836,31,1767,5636.0,8494.0,0,1890,577,3954,3572,3913,750,1767,46,74,48,36,41,26,27,80,88,43,70,130,103,136,77,88,53,104,106,81,3954,681,205,1767,1890
06037702300,1569400,1891,3351,190,129,149,77,1548,96,210,163,27,1339,113,3487,600,6535,0.5496,100,2887,8511.0,14167.0,41,3178,1136,6601,6033,6523,1144,2887,58,139,157,39,75,39,47,53,115,89,60,242,277,123,174,73,359,172,118,79,6601,1047,285,2887,3178
06037702400,1160500,1952,2986,122,183,118,119,1389,94,40,74,35,546,143,2739,237,4348,0.4737,16,1935,3149.0,8096.0,84,1999,1377,4391,3713,4373,653,1935,27,25,31,33,33,21,25,118,87,34,18,68,102,99,109,30,51,107,41,38,4391,322,215,1935,1999
06037702501,1235000,2101,1800,167,387,104,100,1125,61,121,86,48,1044,135,2866,249,4959,0.4093,0,2169,5795.0,9715.0,52,2384,596,4959,4560,4861,958,2169,0,47,57,23,14,49,46,119,188,41,51,137,124,162,207,33,134,99,132,67,4959,724,320,2169,2384
06037702502,521400,1971,1853,53,28,173,144,699,123,356,87,62,1438,147,2182,380,3818,0.4159,72,2137,6821.0,9168.0,0,2240,616,3818,3618,3794,675,2137,30,12,110,132,92,96,38,75,179,169,140,169,31,85,10,18,101,170,114,56,3818,1307,109,2137,2240
06037702600,1023900,2178,2776,95,0,28,36,529,211,190,96,148,2052,97,3295,210,6395,0.5068,29,2581,11947.0,14211.0,0,2606,1062,6480,5758,6451,1466,2581,39,156,209,112,80,80,285,99,255,87,225,102,235,171,311,117,134,192,126,185,6480,1512,528,2581,2606
06037702700,1081800,1848,2979,21,76,26,13,270,119,104,5,100,1002,86,1913,173,3359,0.4455,16,1272,6082.0,7050.0,15,1303,523,3359,3187,3354,771,1272,40,57,79,0,12,0,69,30,75,39,56,10,104,65,222,43,116,80,103,49,3359,757,227,1272,1303
06037702801,1059300,1834,2692,103,86,131,180,1125,80,213,85,64,943,137,2544,428,4782,0.465,8,2068,5105.0,8627.0,0,2222,1290,4782,4560,4770,873,2068,17,16,78,33,114,63,17,106,77,33,40,211,264,205,109,65,41,137,181,38,4782,656,247,2068,2222
06037702802,1059800,1909,1847,50,148,102,93,610,19,58,35,4,387,46,1367,149,2272,0.4252,14,997,2171.0,4445.0,0,1043,730,2325,2025,2305,387,997,32,47,16,20,10,21,9,25,30,50,29,39,34,59,51,25,114,82,67,0,2325,268,115,997,1043
06037702803,1047200,1794,2250,20,42,45,83,676,43,25,98,4,446,142,1552,271,2560,0.4992,8,1122,2331.0,4702.0,59,1150,977,2641,2081,2567,463,1122,34,47,17,15,19,26,61,77,17,19,9,100,146,45,102,25,89,62,26,0,2641,379,55,1122,1150
06037702900,893100,3066,2685,589,515,1076,420,5376,12,0,0,0,241,396,7503,1056,10065,0.4115,55,5617,925.0,19028.0,166,6425,700,10065,6963,9819,1718,5617,161,159,10,18,72,30,59,46,173,109,50,99,232,172,0,115,431,0,0,0,10065,176,65,5617,6425
06037703002,1099200,2134,3045,62,83,19,91,653,316,180,256,84,2143,327,3368,661,6693,0.5,58,2796,15350.0,18328.0,0,3106,410,6794,6204,6774,1223,2796,53,42,131,136,122,87,73,125,386,134,184,224,114,187,271,123,98,220,224,152,6794,1767,376,2796,3106
06037703003,505600,2329,1901,210,206,125,155,1614,159,59,181,114,1483,238,3945,285,6158,0.401,139,3097,7165.0,12312.0,0,3224,670,6158,4955,6031,1183,3097,12,29,46,72,0,15,95,213,48,105,40,118,107,107,102,102,330,119,190,0,6158,1036,447,3097,3224
06037703100,761400,1698,2639,119,82,14,27,740,219,153,403,72,1929,273,2938,845,6017,0.4419,82,2669,12277.0,15336.0,0,2716,342,6026,5568,6026,1224,2669,124,146,141,254,179,42,35,208,86,115,179,133,97,188,43,128,126,50,108,10,6026,1687,230,2669,2716
06037703200,840800,1417,2374,0,81,87,69,446,214,69,291,59,1855,393,2842,263,5517,0.4366,69,2301,14187.0,16421.0,0,2407,432,5595,4906,5537,924,2301,122,121,84,47,102,159,37,83,170,83,144,95,52,111,232,36,147,135,34,19,5595,1689,166,2301,2407
06037800101,1096000,3501,3137,11,16,10,0,173,152,147,131,121,1777,257,2943,150,5751,0.5454,21,1950,12488.0,13906.0,12,1989,182,5751,5245,5743,1367,1950,78,78,125,120,62,71,60,146,207,98,51,56,66,143,243,124,64,229,260,220,5751,1247,519,1950,1989
06037800103,958500,3411,3139,11,17,0,15,339,41,155,96,53,860,190,2106,203,3581,0.4243,55,1199,5795.0,7546.0,0,1355,701,3581,3160,3539,629,1199,12,38,119,13,13,13,12,107,71,49,16,14,0,103,102,168,83,100,27,26,3581,652,153,1199,1355
06037800104,1187700,3501,4001,97,73,0,0,341,121,75,118,20,973,139,2095,165,3737,0.4115,0,1314,6404.0,8015.0,0,1604,359,3764,3375,3764,758,1314,0,40,113,127,0,14,68,117,157,50,0,0,93,65,98,128,0,151,163,132,3764,733,240,1314,1604
06037800202,1554600,3501,4001,0,30,17,48,253,288,80,169,27,1844,130,2691,389,5869,0.4819,11,2097,14603.0,16402.0,41,2172,203,5869,5493,5850,1421,2097,62,86,238,49,44,44,141,62,153,31,68,62,266,160,282,120,167,317,219,100,5869,1550,279,2097,2172
06037800204,1363500,2832,2860,0,22,20,47,370,150,60,110,45,1379,82,1853,146,4108,0.557,0,1749,10243.0,11805.0,156,1879,376,4108,3441,4042,1000,1749,127,21,166,22,143,28,35,112,199,74,85,116,34,78,164,84,125,110,109,106,4108,1268,111,1749,1879
06037800205,674600,2395,2728,60,201,147,47,1017,83,85,34,33,599,155,2411,681,4109,0.5187,12,1616,3664.0,7462.0,0,1698,464,4116,2273,4043,678,1616,32,75,0,6,8,14,31,83,53,14,14,0,105,112,219,57,96,57,202,38,4116,492,107,1616,1698
06037800206,2000001,-666666666,4001,13,0,0,0,94,67,49,23,60,1077,61,1648,292,3808,0.4716,4,1171,11056.0,11616.0,4,1185,161,3808,3323,3808,923,1171,20,84,42,83,62,45,23,77,78,43,61,11,33,114,124,68,10,256,138,130,3808,975,102,1171,1185
06037800324,726700,3217,2470,55,15,43,0,309,363,163,203,58,2187,191,3495,312,6724,0.4503,10,2496,14995.0,16653.0,0,2529,649,6772,6013,6720,1703,2496,35,262,161,50,72,26,10,83,178,80,21,56,109,369,322,178,200,199,127,97,6772,1721,466,2496,2529
06037800325,954500,3500,2426,30,25,26,12,275,112,115,54,66,1155,40,1698,202,3724,0.5207,0,1430,8164.0,9516.0,11,1500,195,3724,3326,3710,838,1430,49,40,129,93,36,72,37,134,136,80,42,116,94,91,105,78,62,138,114,134,3724,940,215,1430,1500
06037800328,1253200,3182,4001,22,0,0,0,48,40,32,27,24,321,27,806,16,1315,0.4601,0,369,2817.0,3214.0,0,400,180,1315,1226,1286,288,369,9,0,17,15,0,0,0,12,27,0,0,12,18,48,63,0,74,25,54,22,1315,251,70,369,400
06037800333,423400,2549,2057,132,28,153,78,669,0,12,21,77,367,69,1326,117,1999,0.3666,33,1036,1778.0,4230.0,0,1202,106,2042,1164,2026,390,1036,18,25,13,25,0,15,15,0,79,0,9,86,31,32,0,20,109,87,10,30,2042,294,73,1036,1202
06037800334,840000,3501,2205,0,17,35,0,304,58,77,11,49,1042,119,2092,291,4454,0.4502,0,1346,7062.0,8687.0,0,1444,633,4490,4149,4475,981,1346,34,60,139,18,22,43,101,39,124,73,23,104,29,197,148,76,16,113,224,108,4490,750,276,1346,1444
06037800335,1152500,2244,2744,53,20,4,47,334,144,109,125,136,1562,94,2114,204,4772,0.5086,11,1896,11681.0,13430.0,28,2221,409,4789,4352,4788,1219,1896,69,159,147,159,57,131,79,107,259,110,75,37,55,54,151,128,79,132,115,105,4789,1390,172,1896,2221
06037800336,955200,2627,3598,0,0,11,0,79,52,60,107,246,1120,41,1860,14,3893,0.5183,38,1199,8311.0,8627.0,97,1280,695,3893,3412,3790,831,1199,0,14,23,82,0,13,57,77,34,13,27,51,164,109,167,205,27,118,325,37,3893,788,320,1199,1280
06037800337,774500,2369,2439,84,16,112,0,1018,31,70,100,168,712,444,2396,801,3931,0.5468,14,1730,3828.0,7824.0,25,1871,485,3950,3121,3950,571,1730,26,12,15,88,0,55,26,77,32,15,5,55,55,89,62,98,21,248,159,58,3950,570,142,1730,1871
06037800338,1114500,3501,3431,22,5,69,17,285,226,149,98,153,1754,61,3315,88,6130,0.4506,50,2039,13346.0,15098.0,0,2039,995,6143,5744,6134,1485,2039,47,120,147,65,31,30,63,118,96,56,32,218,180,61,151,191,62,68,286,175,6143,1383,371,2039,2039
06037800406,2000001,3501,3388,15,55,31,0,229,50,42,24,18,721,53,994,136,2320,0.5334,13,950,5033.0,6275.0,33,1298,356,2547,2048,2547,517,950,44,82,103,32,79,31,20,83,142,26,73,74,56,72,59,119,61,49,31,42,2547,672,46,950,1298
06037800410,1617300,2929,3692,6,10,0,10,112,53,17,33,18,402,124,1769,54,1270,0.5065,0,514,2891.0,3525.0,24,775,491,3679,2027,3662,334,514,23,75,48,13,0,7,8,92,28,7,10,7,46,53,20,62,23,2,61,32,3679,365,37,514,775
06037800411,2000001,-666666666,4001,63,0,23,0,112,106,64,43,178,1049,47,1694,126,3212,0.5064,21,1161,7767.0,8691.0,0,1395,560,3212,2849,3212,724,1161,135,113,43,122,0,49,21,162,110,65,0,46,25,0,59,134,0,128,193,85,3212,879,146,1161,1395
06037800412,1795500,2898,3119,0,0,0,0,198,113,24,60,10,1452,134,2287,708,4149,0.579,40,1650,10103.0,11092.0,19,2281,656,4158,3631,4143,893,1650,100,67,273,15,11,0,97,13,76,26,15,113,80,148,270,164,0,53,176,54,4158,1028,418,1650,2281
06037800504,2000001,2528,3688,146,0,21,27,518,73,5,0,39,644,5,1161,316,2352,0.6072,0,1162,4297.0,6071.0,27,1747,53,2352,1841,2352,373,1162,27,24,61,30,51,53,28,37,59,100,44,24,0,12,74,19,14,24,122,44,2352,528,104,1162,1747
06037800506,1983500,3318,2783,14,34,0,31,211,110,194,68,72,1186,65,1540,224,3274,0.4517,0,1397,7769.0,8885.0,0,1739,233,3274,2716,3274,949,1397,35,22,105,153,142,36,20,91,145,125,74,38,128,47,48,80,15,28,20,19,3274,1076,110,1397,1739
06037900102,225800,1360,-666666666,0,0,8,9,109,4,5,20,0,186,14,241,163,715,0.3774,3,295,953.0,1444.0,0,491,342,719,644,719,129,295,4,5,30,23,0,28,5,22,39,9,4,31,26,19,10,0,10,12,5,29,719,96,82,295,491
06037900103,213100,1113,1083,88,28,68,0,631,72,70,34,25,1026,196,1939,1717,6281,0.5392,70,1657,6564.0,10469.0,0,1811,3503,6281,6146,6281,855,1657,78,39,116,136,10,0,85,26,61,45,58,51,298,272,320,162,139,300,448,164,6281,508,434,1657,1811
06037900104,186600,1325,1033,0,60,10,82,489,90,124,182,73,1195,155,1899,597,5665,0.4018,33,1684,7040.0,9762.0,0,1865,3595,5665,5370,5615,716,1684,8,60,127,76,15,0,39,33,48,114,22,35,110,202,133,171,337,182,495,76,5665,704,458,1684,1865
06037900301,253000,1678,1317,42,108,40,6,366,63,61,30,27,555,107,1733,580,3705,0.3841,42,921,3678.0,6426.0,11,1014,2226,4610,3904,4574,603,921,0,32,112,42,0,0,22,31,20,34,15,10,82,300,440,122,119,279,138,56,4610,326,199,921,1014
06037900501,228800,1305,1471,18,129,75,8,775,136,253,91,165,1184,209,3058,1435,7380,0.3875,81,1959,7687.0,12605.0,0,2134,3709,7517,7084,7430,1143,1959,129,23,92,48,44,16,61,150,151,34,58,9,328,239,336,67,329,186,436,95,7517,634,519,1959,2134
06037900504,277000,1400,1506,35,45,76,78,703,169,170,94,132,1157,114,2825,1065,6659,0.4151,59,1860,8596.0,12265.0,14,1991,3356,6696,6252,6688,1030,1860,163,34,66,37,17,0,30,48,155,15,12,22,176,277,506,70,257,369,312,131,6696,567,574,1860,1991
06037900505,246000,-666666666,1411,5,24,24,67,409,35,75,0,74,714,303,1520,1276,3600,0.5606,63,1123,4856.0,7025.0,0,1329,1791,3643,3547,3643,476,1123,51,31,84,4,0,12,21,70,43,97,11,21,30,74,191,87,83,156,93,114,3643,484,222,1123,1329
06037900506,257700,1252,1473,41,35,55,65,570,78,199,72,59,745,112,1713,808,4107,0.3624,91,1315,4990.0,8156.0,0,1460,1776,4120,3936,4103,664,1315,72,24,57,3,59,8,32,29,80,15,8,16,176,185,58,53,58,189,168,100,4120,522,193,1315,1460
06037900508,279000,1518,1732,25,22,13,7,318,75,68,61,21,657,90,1433,977,3859,0.4587,74,975,4646.0,6937.0,32,1031,1837,3859,3619,3776,591,975,6,13,15,3,58,31,26,18,57,7,33,21,210,179,155,186,193,183,275,125,3859,399,224,975,1031
06037900509,-666666666,982,1161,40,56,88,78,535,12,60,50,30,630,79,1469,783,3773,0.4826,0,1165,3758.0,6729.0,0,1236,2082,3773,3661,3773,453,1165,0,0,43,0,0,12,0,0,74,54,27,61,207,96,212,56,151,317,100,69,3773,393,167,1165,1236
06037900510,222900,1501,1557,20,47,16,60,686,23,59,16,21,394,68,1184,1142,3636,0.4055,28,1080,2467.0,6821.0,0,1133,1294,3685,3518,3685,396,1080,21,44,38,0,34,0,0,23,23,171,40,72,0,275,160,122,125,302,330,102,3685,247,147,1080,1133
06037900602,45200,1080,736,69,65,0,55,640,46,37,62,0,962,93,1797,823,4929,0.3795,85,1602,5427.0,9115.0,8,1740,2973,4929,4651,4922,636,1602,13,21,26,42,0,9,0,19,58,73,169,16,119,268,366,151,115,342,182,81,4929,626,318,1602,1740
06037900606,166800,762,1075,254,82,23,75,970,104,36,0,16,340,135,1378,1074,3735,0.409,70,1310,2154.0,6953.0,0,1412,1562,3735,3460,3714,351,1310,12,36,59,19,23,36,79,50,0,14,9,9,171,155,110,56,243,118,75,59,3735,245,70,1310,1412
06037900607,212100,1275,1382,15,86,17,57,461,30,66,141,91,630,126,1549,714,3931,0.3522,32,1091,3799.0,6270.0,0,1254,2342,3972,3790,3963,515,1091,18,28,59,23,83,0,10,6,41,8,123,25,79,221,242,51,92,109,122,53,3972,314,304,1091,1254
06037900608,250900,1455,1452,0,24,17,25,412,28,129,63,40,691,65,1228,904,3714,0.4092,15,1103,4532.0,7117.0,0,1149,2149,3738,3565,3705,484,1103,7,34,30,7,31,14,48,9,68,28,18,52,102,269,258,70,61,36,163,73,3738,406,285,1103,1149
06037900609,222200,1295,1241,109,34,10,46,647,53,70,100,54,653,67,1579,1496,4365,0.4662,55,1300,4135.0,8112.0,0,1481,2122,4365,4236,4339,520,1300,27,44,2,23,11,0,41,26,82,41,0,0,222,296,177,186,123,108,156,196,4365,405,224,1300,1481
06037900610,54900,823,573,91,0,0,0,315,85,27,13,0,827,37,1027,889,3293,0.4358,75,1142,4225.0,5839.0,0,1169,2428,3293,3180,3293,668,1142,22,54,140,24,25,10,38,11,145,26,25,0,148,66,40,48,262,68,91,74,3293,592,235,1142,1169
06037900611,264500,1460,1602,36,96,4,0,377,100,81,73,86,709,125,1939,1454,4248,0.3304,66,1086,4854.0,7425.0,27,1086,2587,4742,4480,4523,416,1086,21,0,5,0,0,99,0,41,36,55,0,5,537,333,52,346,272,26,548,15,4742,452,229,1086,1086
06037900701,211200,1165,1277,117,72,124,46,997,49,59,35,20,574,272,1726,1597,4634,0.4754,139,1571,3281.0,8420.0,0,1673,1500,4634,4253,4601,704,1571,16,40,15,36,5,46,17,23,76,45,15,41,255,142,279,82,160,88,302,84,4634,441,130,1571,1673
06037900703,212600,1202,1142,148,138,148,157,1596,31,60,11,8,339,155,2027,1019,4592,0.3936,22,1935,1970.0,8796.0,0,2161,1518,4897,3884,4682,400,1935,46,21,16,30,14,17,61,159,126,104,64,35,147,69,112,170,326,100,246,14,4897,196,129,1935,2161
06037900704,-666666666,1218,99,122,250,207,82,1471,0,0,0,0,31,95,1551,562,3046,0.351,89,1502,84.0,5189.0,12,1602,753,3055,1939,2963,204,1502,0,0,47,15,8,0,24,16,8,29,11,0,114,141,123,36,285,60,203,0,3055,15,16,1502,1602
06037900705,289900,1216,1397,150,79,102,156,1116,67,19,39,32,613,84,1798,669,4099,0.4664,101,1729,3677.0,7972.0,0,2077,1280,4126,3531,4034,652,1729,56,22,13,0,98,59,32,28,150,177,30,14,246,94,128,132,118,148,114,65,4126,438,175,1729,2077
06037900804,204600,1082,896,60,20,46,53,592,26,30,50,5,434,102,1233,763,3631,0.4472,52,1026,2445.0,5171.0,0,1072,2222,3644,3162,3636,437,1026,23,21,38,13,20,22,22,35,66,32,5,27,153,298,110,77,232,108,120,114,3644,223,185,1026,1072
06037900805,242800,1219,1396,38,31,46,0,378,107,91,47,99,1036,146,1891,593,4834,0.3647,74,1414,7061.0,9057.0,92,1594,2252,5278,4763,5255,786,1414,158,39,87,81,48,74,24,122,88,85,75,157,221,294,264,165,68,107,116,177,5278,573,277,1414,1594
06037900806,195700,748,653,88,242,119,71,1794,9,0,27,0,189,173,1082,1524,4168,0.5031,64,1983,1061.0,6873.0,7,2080,1525,4207,3699,4184,348,1983,2,89,75,94,32,33,60,104,109,163,78,16,29,208,162,33,212,184,103,119,4207,123,66,1983,2080
06037900807,289500,1705,1634,35,21,43,39,410,45,66,41,121,615,139,1443,1007,3646,0.4137,101,1025,3918.0,6387.0,21,1175,1699,3764,3544,3730,477,1025,63,22,18,34,0,0,22,13,47,41,51,47,201,65,161,112,50,333,170,159,3764,408,180,1025,1175
06037900808,258400,1491,1581,0,86,79,52,638,34,105,22,250,598,29,1802,1359,4751,0.3804,54,1236,3816.0,7775.0,0,1328,2563,4751,4513,4732,610,1236,41,23,48,0,0,0,9,50,49,33,9,2,75,249,445,131,147,79,211,165,4751,350,248,1236,1328
06037900901,289000,1416,1612,0,40,8,9,350,45,61,45,9,490,65,1110,434,2907,0.502,15,840,3179.0,4964.0,120,919,828,2907,2846,2898,470,840,31,0,16,27,51,25,0,0,4,42,32,8,147,45,252,53,147,153,134,54,2907,318,147,840,919
06037900902,318600,843,1528,0,10,11,9,92,95,47,37,10,530,19,621,177,1534,0.5208,0,622,3420.0,3985.0,5,687,380,1534,1417,1534,353,622,28,60,26,26,10,22,17,43,0,43,12,51,38,22,7,9,15,47,39,41,1534,432,64,622,687
06037901003,-666666666,-666666666,-666666666,0,0,0,0,0,0,0,0,0,0,0,0,0,0,-666666666.0,0,0,-666666666.0,-666666666.0,0,0,2029,4866,2966,4866,0,0,48,55,20,6,4,0,0,0,0,0,0,0,0,0,17,267,0,0,0,0,4866,0,0,0,0
06037901007,355700,1257,1617,18,22,29,6,180,26,36,77,14,462,34,793,126,1798,0.4337,10,642,3072.0,4181.0,0,728,519,1848,1595,1802,350,642,12,30,25,35,11,1,6,30,11,21,14,32,115,91,10,27,55,71,45,28,1848,391,66,642,728
06037901008,276300,1719,1571,135,10,46,34,522,93,30,22,18,420,53,1387,463,2797,0.4224,25,942,2666.0,5631.0,0,1003,991,2804,2317,2790,518,942,17,21,31,10,13,4,39,27,33,50,5,13,53,143,139,40,21,27,158,102,2804,264,146,942,1003
06037901009,356400,1399,1678,65,92,33,0,553,190,158,74,84,1200,195,2256,856,4905,0.4942,49,1753,8352.0,11138.0,9,1843,1656,4905,4490,4864,938,1753,18,126,118,39,52,10,72,30,87,80,53,33,28,134,159,153,166,112,130,218,4905,943,214,1753,1843
06037901010,328800,1326,1619,23,100,56,110,736,114,69,132,42,954,174,2139,1208,5260,0.4873,136,1690,6613.0,10866.0,0,1911,2047,5289,4886,5241,766,1690,71,70,60,41,25,20,102,64,109,94,48,18,175,148,371,167,319,212,65,153,5289,622,305,1690,1911
06037901011,296300,1422,1452,208,160,52,97,1037,93,158,47,86,938,131,2519,1093,4964,0.3927,32,1975,6139.0,10172.0,26,1995,1488,4988,4158,4897,771,1975,29,77,40,104,47,27,69,45,137,43,55,18,292,154,149,71,147,74,190,67,4988,723,191,1975,1995
06037901012,398500,2259,1974,0,30,28,81,236,170,388,88,131,1260,38,2791,166,5506,0.2597,40,1496,9657.0,11682.0,116,1511,2688,5506,5249,5432,1111,1496,0,141,0,75,19,0,47,105,0,0,26,0,242,63,143,173,311,191,242,194,5506,847,407,1496,1511
06037901013,345900,1569,1864,72,70,0,0,252,165,69,61,85,799,55,1536,123,3032,0.3283,45,1051,6140.0,8085.0,19,1227,661,3032,2643,2995,660,1051,60,19,56,60,0,20,0,54,54,20,45,46,64,126,165,21,73,158,144,21,3032,656,124,1051,1227
06037901014,330600,1968,1874,48,8,33,0,300,151,75,150,111,1029,137,2152,274,4432,0.4237,66,1329,7882.0,9921.0,19,1446,1241,4539,3799,4452,973,1329,82,63,74,7,22,6,70,19,75,22,0,0,45,189,289,184,134,100,237,46,4539,743,254,1329,1446
06037901101,336900,1552,1646,56,9,57,85,506,192,48,167,76,1222,235,2517,746,5563,0.3597,59,1728,8256.0,11224.0,0,1876,1937,5573,5221,5557,975,1728,54,18,92,54,14,5,97,56,140,76,22,37,150,146,300,186,165,215,299,87,5573,905,312,1728,1876
06037901102,343400,1277,1720,52,81,83,72,602,132,216,87,92,1291,110,2559,443,5415,0.3885,203,1893,9102.0,12285.0,0,2055,1638,5437,5069,5394,863,1893,12,104,142,21,8,106,86,46,85,171,61,122,190,95,130,50,181,109,141,92,5437,985,306,1893,2055
06037901209,277200,1380,1164,5,5,5,0,127,18,48,32,31,351,32,676,166,1386,0.3453,3,478,2096.0,2931.0,8,715,520,1418,1266,1413,268,478,62,6,16,7,39,23,14,19,13,22,34,0,14,29,58,3,50,68,16,39,1418,263,87,478,715
06037901210,303200,1351,1758,9,12,5,20,107,98,82,41,73,549,28,750,133,1564,0.3565,2,656,3097.0,3690.0,7,715,523,1564,1483,1564,329,656,55,34,39,30,4,5,16,13,36,24,5,4,29,21,47,47,22,47,19,29,1564,444,105,656,715
06037901214,341200,1871,1523,50,0,0,51,429,221,30,50,109,1050,111,2189,556,4638,0.3553,14,1479,7009.0,10174.0,0,1479,1643,4645,4425,4535,1017,1479,76,0,144,0,0,34,32,97,74,0,0,0,119,176,171,86,197,155,230,52,4645,799,235,1479,1479
06037901215,395000,954,1993,33,47,72,103,818,131,67,78,13,683,25,1259,485,2987,0.5068,0,1501,5121.0,7637.0,0,1568,796,3062,2665,3062,514,1501,0,60,37,16,43,62,12,144,109,142,105,59,113,54,113,31,36,94,78,104,3062,541,142,1501,1568
06037901216,442500,-666666666,2647,0,0,55,0,68,90,49,30,60,691,114,1210,83,2391,0.3844,16,759,,,0,856,539,2391,2267,2341,545,759,57,27,9,18,0,0,16,39,27,12,0,14,186,36,250,89,66,30,37,32,2391,353,338,759,856
06037901217,430900,809,2004,12,0,0,0,60,80,69,23,54,593,14,758,86,1669,0.3834,0,653,3652.0,3863.0,0,720,204,1685,1514,1640,402,653,98,64,28,43,20,0,33,43,28,44,13,56,78,27,32,44,128,23,41,15,1685,413,172,653,720
06037901218,471400,-666666666,2782,0,0,0,8,17,127,48,133,63,682,71,1196,16,2616,0.3294,15,699,,,0,711,336,2629,2282,2629,586,699,31,69,52,28,8,0,113,32,16,43,11,0,78,90,56,24,52,122,141,133,2629,442,240,699,711
06037901300,277900,913,1320,0,5,62,6,217,27,22,65,39,408,48,820,590,2475,0.493,50,625,2449.0,3509.0,7,741,1254,2475,2221,2470,317,625,19,20,28,15,7,33,15,49,20,29,40,7,84,215,196,47,31,100,158,73,2475,239,126,625,741
06037910002,249500,1327,1087,53,65,0,15,782,255,139,121,0,1214,331,3627,2234,8081,0.4146,91,1996,7513.0,12619.0,0,2171,5552,8081,6971,7934,1327,1996,0,151,41,88,25,75,68,73,11,89,136,0,207,132,347,218,383,481,376,240,8081,542,595,1996,2171
06037910210,404900,2270,2382,17,58,0,65,291,252,110,288,69,1760,149,3516,241,6884,0.3276,45,2051,13650.0,15679.0,0,2138,2627,6937,6031,6831,1454,2051,93,0,31,20,63,0,14,205,63,0,12,14,262,229,402,177,244,240,227,204,6937,1323,437,2051,2138
06037910211,632400,-666666666,2813,0,0,41,18,69,56,100,42,0,367,13,848,0,1771,0.2772,16,436,3288.0,3861.0,19,516,613,1771,1597,1717,320,436,10,29,4,7,47,0,27,0,116,0,0,0,73,80,53,56,69,31,114,64,1771,259,108,436,516
06037910212,479600,1120,2021,29,14,0,5,297,134,77,73,11,799,123,1551,616,3643,0.4448,80,1096,5846.0,7801.0,15,1185,778,3643,3497,3618,720,1096,41,88,31,236,15,13,42,96,119,72,33,43,58,50,119,59,11,210,89,46,3643,595,187,1096,1185
06037910213,472800,2165,1635,0,31,11,0,126,36,22,39,5,336,28,718,182,1464,0.4921,24,462,2304.0,3231.0,0,535,769,1464,1370,1398,260,462,15,16,10,14,0,6,3,23,13,15,1,23,0,49,55,21,101,59,59,6,1464,236,100,462,535
06037910214,348600,1892,1877,73,47,32,25,374,144,107,79,165,1130,207,2607,391,5163,0.3585,45,1504,8159.0,10640.0,0,1552,2239,5163,4764,5130,831,1504,0,91,38,36,28,6,71,67,76,32,38,35,149,149,102,220,151,192,195,134,5163,805,289,1504,1552
06037910215,322300,1371,1823,80,126,14,34,636,290,103,69,40,1293,217,3259,413,6588,0.3899,16,1929,9215.0,12728.0,7,2006,3620,6628,5982,6599,1136,1929,33,57,137,80,0,36,64,73,151,65,64,9,128,368,241,112,134,378,220,323,6628,792,488,1929,2006
06037910216,366900,1820,2035,4,70,0,0,197,244,260,98,32,1118,88,2629,391,5362,0.3035,46,1315,8252.0,9640.0,0,1381,1805,5503,5189,5446,843,1315,13,84,48,10,6,0,12,65,30,35,54,26,379,424,52,114,344,432,143,53,5503,764,337,1315,1381
06037910217,392400,1902,2379,14,20,20,0,283,145,122,140,49,1038,146,1993,439,4415,0.3473,5,1321,7348.0,9724.0,109,1426,2271,4415,3674,4303,784,1321,35,55,23,14,6,0,31,35,85,0,22,14,244,224,190,120,205,290,126,59,4415,729,294,1321,1426
06037910218,300400,1468,1201,75,68,60,15,627,95,9,37,122,802,94,1588,990,4338,0.4602,87,1429,4790.0,8237.0,0,1463,2371,4338,4136,4275,679,1429,0,22,141,76,19,41,70,18,124,163,70,18,177,111,174,150,160,88,289,88,4338,574,144,1429,1463
06037910301,399300,968,1929,27,27,0,0,376,190,77,30,37,1194,67,1863,238,3938,0.3534,11,1570,8507.0,10133.0,24,1668,1262,3938,3553,3926,766,1570,16,41,197,20,95,53,76,110,119,62,32,25,82,56,58,176,14,138,211,35,3938,909,285,1570,1668
06037910302,331400,1850,1330,14,131,0,0,374,195,216,84,53,1497,41,2467,291,5101,0.4057,28,1871,9946.0,12204.0,0,1983,2158,5114,4372,5049,1038,1871,48,37,70,160,144,24,76,65,156,81,44,36,191,174,181,136,87,95,247,109,5114,1153,301,1871,1983
06037910401,338800,1638,1811,100,65,176,117,861,61,85,53,174,1035,209,2742,168,5469,0.4131,12,1896,6771.0,10583.0,0,2042,2785,5625,5048,5561,1039,1896,104,88,53,0,103,0,13,69,162,55,63,0,149,90,214,106,115,285,161,82,5625,715,264,1896,2042
06037910404,280600,1395,1564,40,84,91,36,481,105,38,41,46,611,234,2011,769,4249,0.3762,117,1092,3679.0,6209.0,0,1136,2789,4259,3679,4206,508,1092,74,86,80,16,16,0,48,14,0,39,15,42,132,149,160,54,175,220,191,107,4259,310,270,1092,1136
06037910405,207100,1032,1294,106,70,154,73,1232,15,45,24,0,314,143,2225,1869,5547,0.4492,155,1546,1819.0,7224.0,0,1731,4014,5563,4839,5471,491,1546,25,19,18,50,14,27,8,19,50,29,11,0,259,292,293,194,387,284,207,109,5563,141,119,1546,1731
06037910501,159600,929,-666666666,141,143,151,165,1848,0,4,2,0,54,272,1840,1926,5073,0.4477,212,1902,222.0,7511.0,40,2120,3295,5078,4135,5037,381,1902,0,24,40,38,33,9,29,103,55,49,51,50,181,296,235,134,297,262,245,127,5078,30,0,1902,2120
06037910502,217300,1116,-666666666,125,0,75,74,809,26,30,30,0,380,159,1731,1404,4399,0.4243,49,1189,2517.0,6206.0,0,1263,3306,4430,3790,4350,568,1189,28,46,89,27,18,107,40,61,40,33,39,21,112,179,246,138,240,257,216,23,4430,202,157,1189,1263
06037910504,227600,1326,1099,15,6,63,87,452,68,107,39,88,635,150,1616,1180,3951,0.3755,80,1087,3479.0,5702.0,0,1143,2509,3951,3614,3879,424,1087,0,27,35,45,8,15,40,9,63,24,66,32,216,118,104,146,112,227,107,87,3951,325,216,1087,1143
06037910505,254800,1524,1648,43,20,0,9,220,77,40,53,54,585,116,1438,577,3409,0.3911,41,805,3581.0,4914.0,0,849,2542,3409,3124,3407,448,805,5,37,39,11,12,24,28,52,11,34,0,49,124,160,179,111,45,249,168,86,3409,261,267,805,849
06037910601,195800,1382,1079,24,29,48,0,413,93,114,81,79,1117,177,2565,1016,6150,0.3968,94,1530,6631.0,8961.0,0,1703,4580,6158,5403,6022,785,1530,42,69,50,7,43,8,34,103,29,45,38,33,196,260,366,291,140,69,277,217,6158,450,543,1530,1703
06037910602,-666666666,1214,758,62,55,69,101,830,60,34,22,25,526,176,2009,1074,4381,0.4919,37,1356,2832.0,6661.0,0,1424,2548,4381,3719,4347,481,1356,18,60,53,47,81,29,0,81,47,12,28,14,87,108,151,148,158,223,190,140,4381,197,203,1356,1424
06037910605,239300,1520,1132,43,41,53,50,411,25,86,29,24,772,127,1725,672,4662,0.4132,42,1183,4701.0,6811.0,0,1291,3312,4694,4227,4636,666,1183,49,113,28,22,0,45,62,41,133,19,35,28,212,158,265,178,183,264,132,150,4694,383,315,1183,1291
06037910606,266500,1500,1322,45,39,24,32,290,27,12,54,37,463,112,1217,869,3082,0.4292,66,753,2670.0,4433.0,0,778,2500,3154,2955,3147,435,753,33,40,5,26,16,19,16,8,19,35,5,7,182,139,176,106,94,145,207,86,3154,169,235,753,778
06037910607,283800,975,1458,22,25,56,24,534,176,38,62,27,565,121,1561,831,3653,0.441,119,1099,3451.0,5994.0,0,1118,2735,3736,3353,3625,581,1099,25,77,42,14,24,11,77,89,31,14,19,20,93,134,124,104,277,73,354,84,3736,269,290,1099,1118
06037910608,249000,1769,1100,66,30,84,0,434,26,25,101,53,554,105,1288,688,3498,0.3428,65,988,3451.0,6118.0,0,1016,2328,3498,3106,3462,484,988,0,28,44,30,8,26,2,49,296,32,1,17,36,157,85,64,140,141,196,76,3498,367,158,988,1016
06037910706,313300,1660,1623,41,13,15,11,417,93,93,82,201,1073,205,2540,919,6170,0.3584,82,1490,7648.0,9926.0,0,1590,4400,6170,5802,6120,958,1490,49,23,7,0,22,8,130,20,27,0,31,26,200,234,453,204,331,181,318,278,6170,417,621,1490,1590
06037910707,277500,1279,1427,61,38,39,59,547,69,99,62,58,814,185,2163,862,4778,0.3662,211,1361,5136.0,7828.0,66,1449,3108,4803,4078,4706,522,1361,35,53,63,27,20,0,32,28,94,91,19,15,253,148,262,63,341,151,217,114,4803,477,260,1361,1449
06037910709,404200,2283,1959,0,0,10,0,50,19,62,54,40,442,39,776,99,1753,0.3314,6,492,2888.0,3273.0,0,492,834,1758,1657,1758,295,492,13,22,30,30,15,0,13,22,25,66,3,8,104,141,16,35,23,109,37,77,1758,245,197,492,492
06037910712,312800,1855,1561,3,14,41,14,139,101,51,30,63,571,124,1402,201,2976,0.348,4,710,4068.0,4985.0,6,800,2165,3046,2862,3003,406,710,32,18,39,54,0,41,44,26,60,67,29,19,122,102,79,85,64,51,137,32,3046,312,226,710,800
06037910713,282900,1798,1621,25,23,23,12,387,79,126,258,114,1083,231,2639,1162,6210,0.302,214,1470,7081.0,9772.0,7,1511,4822,6310,5818,6240,835,1470,80,92,66,37,0,10,67,56,129,33,10,22,168,298,440,346,148,203,186,127,6310,474,504,1470,1511
06037910714,246200,1686,1498,38,12,17,23,256,62,113,42,151,672,88,1640,408,3562,0.3374,49,928,4165.0,5738.0,0,970,2819,3661,3078,3586,554,928,9,20,23,5,8,0,48,18,31,0,15,0,265,151,146,104,127,95,155,121,3661,341,273,928,970
06037910715,246600,1410,1429,104,26,72,11,478,126,119,61,105,1281,325,2932,439,6067,0.3534,90,1759,7252.0,9779.0,0,1918,4291,6076,5413,6007,837,1759,16,46,28,18,19,22,16,5,68,106,39,10,225,234,152,224,341,14,274,192,6076,630,535,1759,1918
06037910716,291600,1635,1381,63,38,23,58,463,173,96,162,133,1209,203,2742,801,5850,0.3978,52,1672,7809.0,10782.0,0,1710,4156,5916,5276,5829,921,1672,24,16,79,44,6,9,66,102,78,13,7,21,280,205,322,72,245,251,131,93,5916,773,389,1672,1710
06037910717,335100,-666666666,1804,0,15,0,0,15,105,55,81,70,525,42,917,185,2329,0.3188,0,540,,,0,540,2039,2329,2030,2329,458,540,58,113,0,0,0,0,9,72,54,0,0,38,0,145,175,102,9,50,140,87,2329,304,212,540,540
06037910718,311600,1751,1484,0,0,0,9,237,219,40,79,49,992,89,2350,497,4930,0.3507,8,1229,5696.0,7265.0,0,1307,3892,4930,4795,4866,855,1229,8,0,18,15,0,49,9,66,28,6,52,26,174,215,298,86,0,85,322,116,4930,432,447,1229,1307
06037910719,325500,1457,1820,0,15,167,11,280,0,13,70,28,574,106,1505,586,3797,0.2638,0,854,4215.0,6196.0,0,952,2477,3828,3596,3798,573,854,0,41,42,41,0,0,143,52,0,40,0,0,87,67,353,189,97,75,166,115,3828,361,213,854,952
06037910720,244900,1029,1154,14,18,7,72,387,127,94,18,153,1004,249,1939,1419,4591,0.5588,70,1391,6140.0,7806.0,0,1528,2945,4591,4245,4543,550,1391,66,99,61,15,12,8,30,28,96,93,116,124,228,158,219,103,228,123,58,55,4591,703,207,1391,1528
06037910721,303200,1184,1531,50,0,0,0,482,18,36,73,106,492,136,1379,307,3247,0.3392,65,974,3226.0,6339.0,0,974,1496,3247,3102,3142,520,974,26,0,30,54,2,0,55,0,0,102,25,25,126,326,131,50,131,295,71,113,3247,327,149,974,974
06037910804,584500,1472,2461,6,12,0,0,127,128,138,32,68,930,56,1499,254,2986,0.4792,0,1057,6365.0,7002.0,0,1136,1062,2986,2756,2979,742,1057,71,84,74,10,0,12,68,94,46,9,0,11,28,28,100,70,58,59,133,101,2986,769,139,1057,1136
06037910807,545100,2313,2309,5,31,14,76,328,224,160,202,79,1455,149,2850,656,5792,0.3581,63,1783,10507.0,12169.0,0,1831,1718,5825,5052,5747,1226,1783,103,68,65,93,10,9,90,127,90,45,50,19,101,112,290,291,177,330,216,67,5825,1047,400,1783,1831
06037910808,541500,2516,2082,0,0,5,16,31,237,81,60,30,1034,98,1839,38,3553,0.3546,12,1065,6558.0,6769.0,12,1065,1094,3553,3310,3547,766,1065,42,27,55,30,0,13,35,52,70,114,11,58,91,53,101,25,108,46,259,115,3553,590,393,1065,1065
06037910809,998400,-666666666,3171,0,0,0,0,24,61,74,56,46,653,79,1037,60,2142,0.398,0,677,,,0,720,478,2142,2003,2112,488,677,20,16,80,20,33,31,45,22,37,29,22,56,72,61,59,15,81,111,76,6,2142,545,99,677,720
06037910810,622000,3183,2952,5,0,0,0,102,104,111,44,52,614,56,1336,72,2566,0.385,0,716,4460.0,5133.0,31,815,426,2573,2280,2536,511,716,28,58,4,61,7,5,0,32,21,9,16,7,97,157,212,36,56,40,53,114,2573,396,180,716,815
06037910814,603400,-666666666,1450,0,35,0,0,98,79,106,68,37,1188,60,1780,238,3852,0.4373,0,1286,7783.0,8423.0,0,1358,909,3870,3476,3822,901,1286,80,126,27,65,55,74,32,41,82,181,3,43,80,60,157,66,99,72,91,69,3870,839,307,1286,1358
06037910815,542800,-666666666,2193,14,0,0,9,189,144,123,149,82,1563,105,2521,617,4995,0.4261,21,1752,10708.0,11573.0,0,1970,1221,5177,4365,5089,1057,1752,71,131,131,113,40,9,24,88,76,40,27,0,97,43,135,42,120,128,95,120,5177,1063,458,1752,1970
06037911001,258300,1360,1147,30,0,20,0,294,56,86,141,60,1158,176,1292,609,3718,0.443,0,1452,6993.0,8409.0,0,1775,1325,3718,3515,3707,637,1452,60,95,123,116,75,8,73,102,81,159,34,84,92,78,72,8,159,75,133,43,3718,998,160,1452,1775
06037911100,239900,1122,1189,106,30,68,26,825,168,90,21,94,1239,300,3324,1748,8306,0.454,144,2064,8164.0,12579.0,0,2134,6163,8380,7880,8045,1237,2064,49,50,151,113,24,8,118,111,108,90,39,7,453,186,244,209,370,383,404,135,8380,663,399,2064,2134
06037920013,537800,-666666666,2581,25,55,0,0,270,212,307,314,77,1823,124,3169,507,6854,0.4181,71,2093,12292.0,14223.0,551,2119,1748,6854,5791,6739,1281,2093,32,112,130,72,119,10,18,98,70,245,59,33,250,281,267,263,247,212,486,68,6854,1253,570,2093,2119
06037920015,627900,2620,2547,80,0,21,15,193,242,227,220,56,1877,98,3349,120,6496,0.3171,13,2070,13289.0,14305.0,9,2097,1317,6503,5664,6422,1569,2070,20,94,29,52,34,13,63,47,104,66,22,20,173,285,224,128,306,163,293,255,6503,1242,627,2070,2097
06037920016,703500,-666666666,3064,0,0,27,0,204,109,207,79,92,1008,50,2015,35,4039,0.3665,5,1212,8053.0,9260.0,0,1304,1165,4039,3738,4012,860,1212,25,42,34,30,10,10,23,31,48,47,111,55,146,145,117,65,119,113,221,270,4039,740,260,1212,1304
06037920017,553600,1794,2231,44,27,6,14,199,227,167,26,59,1058,95,1967,175,4200,0.4059,96,1257,6634.0,7736.0,0,1339,1285,4211,3781,4144,857,1257,12,89,86,47,6,6,0,66,125,27,14,15,131,114,162,67,223,117,183,97,4211,589,398,1257,1339
06037920018,553200,2766,2085,8,14,3,0,90,100,39,42,37,577,34,1053,138,1984,0.331,10,667,3364.0,3935.0,0,667,489,1984,1882,1984,438,667,25,9,31,0,7,17,28,44,18,4,0,11,63,19,149,64,48,75,65,17,1984,381,196,667,667
06037920020,565000,2292,2155,0,10,12,80,158,334,185,32,51,1666,140,3500,212,5959,0.4135,115,1824,11558.0,12399.0,0,1939,1995,5968,5659,5955,1242,1824,108,116,77,117,16,0,131,78,102,135,16,47,62,215,174,213,119,191,157,67,5968,1117,432,1824,1939
06037920028,532500,2620,2761,21,22,0,65,335,184,293,346,192,1948,213,4009,1565,8383,0.3661,68,2283,13862.0,15933.0,254,2283,3298,8400,7497,8316,1689,2283,21,0,31,15,0,0,88,92,12,161,6,0,421,473,534,349,334,316,173,194,8400,1230,687,2283,2283
06037920029,366700,1857,1792,21,128,42,91,654,138,130,70,41,1071,56,2633,619,5039,0.3506,29,1725,6024.0,8837.0,11,1767,1640,5065,4226,4927,852,1725,68,118,36,63,15,0,63,94,57,68,25,5,132,257,136,111,160,113,114,121,5065,636,409,1725,1767
06037920030,526600,2202,2299,7,35,21,9,253,143,118,97,102,1343,300,2627,385,4816,0.4677,41,1596,8483.0,9723.0,130,1662,1926,4816,4113,4767,956,1596,40,68,113,35,55,13,19,66,28,32,38,47,181,128,180,102,86,216,140,143,4816,837,494,1596,1662
06037920031,393100,2244,1593,0,36,13,13,183,173,262,122,93,1922,53,2015,500,4741,0.4374,0,2105,10416.0,11396.0,25,2105,1685,4741,4395,4619,828,2105,40,69,117,68,40,106,52,184,179,252,235,218,87,60,118,56,249,194,138,69,4741,1530,355,2105,2105
06037920034,517000,1461,2248,21,48,7,6,160,160,67,58,128,797,83,1689,420,3303,0.391,10,957,5511.0,6280.0,0,1015,1478,3363,3113,3346,572,957,7,57,31,49,0,34,25,25,7,16,31,20,135,103,148,111,47,144,118,126,3363,508,216,957,1015
06037920035,397600,1746,1781,0,38,162,10,687,168,251,154,162,1551,110,3612,1322,7097,0.4086,28,2238,8566.0,11753.0,0,2302,4158,7120,6415,7052,1034,2238,29,7,86,73,11,16,89,93,97,0,12,82,640,80,607,21,95,227,249,125,7120,967,546,2238,2302
06037920038,316700,1674,1298,50,36,44,53,450,0,0,0,0,120,126,886,220,1658,0.4097,22,570,655.0,2388.0,13,570,822,1658,1267,1599,256,570,16,30,0,26,0,0,21,13,1,26,23,0,57,124,32,0,97,0,91,28,1658,84,27,570,570
06037920039,605700,2388,2246,3,12,0,5,61,67,57,19,29,423,125,961,66,1623,0.3095,0,484,2991.0,3366.0,0,513,562,1623,1468,1607,328,484,28,11,43,10,3,16,24,15,17,14,13,17,31,72,58,7,32,42,18,22,1623,303,120,484,513
06037920040,555100,2338,2371,68,55,19,60,472,82,61,108,111,787,119,2202,138,3993,0.3387,42,1259,5595.0,7913.0,0,1331,1401,4000,3488,3987,773,1259,20,75,36,18,16,0,96,21,12,19,48,55,138,155,208,115,100,86,107,125,4000,644,143,1259,1331
06037920041,434300,2408,2186,15,21,33,25,238,9,13,35,26,173,36,722,163,1373,0.3137,39,411,1080.0,2101.0,0,439,640,1425,966,1408,185,411,2,6,7,0,0,0,14,13,7,8,0,4,80,142,51,14,31,33,73,31,1425,72,101,411,439
06037920042,435600,2043,2174,51,77,62,149,846,252,244,118,93,1372,126,3781,673,6599,0.3446,42,2218,8199.0,11612.0,0,2351,2113,6604,5644,6396,1041,2218,24,72,24,138,19,0,45,24,129,111,45,51,137,152,308,121,392,119,172,149,6604,919,384,2218,2351
06037920043,678300,2753,3336,58,91,35,118,532,318,138,282,128,1563,220,3885,394,7467,0.3524,54,2095,12148.0,14820.0,189,2198,1931,7533,6540,7415,1625,2095,38,60,69,59,48,9,97,98,113,105,25,11,553,282,180,202,300,249,261,195,7533,1072,452,2095,2198
06037920044,517100,2053,2000,6,21,10,5,124,102,139,64,42,662,25,1342,99,2352,0.3146,37,786,3668.0,4227.0,0,800,965,2370,2140,2319,528,786,28,12,38,10,8,20,22,33,31,4,6,13,88,104,53,50,92,16,64,97,2370,357,296,786,800
06037920045,590500,2647,2592,68,37,0,0,172,169,162,62,112,1217,182,2629,111,4404,0.2893,15,1389,8338.0,9370.0,0,1396,962,4404,4018,4348,1070,1389,28,25,46,84,19,0,52,33,108,4,12,6,65,166,139,126,66,105,187,152,4404,814,403,1389,1396
06037920046,310000,1687,1853,98,55,69,167,604,115,59,82,109,752,93,1934,180,3836,0.2968,39,1356,3497.0,5899.0,8,1376,2553,3836,3286,3811,533,1356,35,8,65,48,3,8,8,41,53,47,20,10,172,41,132,61,238,57,292,57,3836,427,302,1356,1376
06037920047,63500,1856,992,83,181,104,192,1628,0,28,37,14,220,140,3357,1877,6755,0.357,83,1848,1048.0,7034.0,0,2171,4992,6755,5678,6664,851,1848,14,0,12,48,0,0,0,67,84,0,0,0,370,368,442,96,400,404,171,172,6755,86,88,1848,2171
06037920048,422400,1584,1901,45,18,35,30,353,171,102,204,30,1364,201,2964,520,5305,0.3952,34,1717,8160.0,9449.0,0,1739,2617,5305,4808,5257,857,1717,72,31,128,20,31,4,67,80,114,79,0,120,151,190,222,145,164,145,196,101,5305,734,572,1717,1739
06037920049,653600,3341,2960,14,0,0,0,71,141,186,190,202,1351,136,2659,364,5076,0.3389,36,1422,9994.0,10422.0,295,1500,1562,5228,4740,5168,1155,1422,11,41,98,44,13,26,23,27,52,19,21,57,128,131,255,116,122,142,203,250,5228,956,378,1422,1500
06037920050,294200,1546,1390,14,33,0,0,139,25,22,22,24,357,40,561,124,1152,0.4282,10,496,1949.0,2549.0,16,600,237,1248,1070,1243,257,496,75,19,23,26,7,7,15,7,15,19,4,0,31,37,13,19,13,28,23,29,1248,257,84,496,600
06037920102,408700,1321,1755,0,46,59,53,573,171,56,76,120,1014,161,2334,277,4502,0.4304,36,1587,5824.0,8227.0,0,1731,1426,4687,3845,4612,911,1587,36,53,9,7,19,15,100,59,51,47,10,61,201,137,228,221,93,159,123,98,4687,592,397,1587,1731
06037920104,606300,3051,2642,5,17,0,0,78,95,103,75,44,766,176,1592,84,2903,0.3525,0,844,5701.0,6164.0,14,883,768,2939,2828,2902,680,844,28,28,25,27,21,0,27,24,58,13,25,29,137,125,105,148,28,85,119,103,2939,457,307,844,883
06037920106,367400,1701,1715,11,15,22,37,173,199,61,89,68,862,193,2103,153,3828,0.3205,39,1035,4823.0,5701.0,21,1057,2398,3828,3556,3796,636,1035,37,4,47,87,24,0,27,8,43,20,25,23,64,165,71,144,50,98,319,82,3828,348,472,1035,1057
06037920109,592000,2404,2470,70,20,74,32,496,110,128,234,136,1315,161,2544,104,4883,0.3907,24,1811,8848.0,11049.0,0,1912,996,4883,4615,4828,1137,1811,39,55,45,26,27,79,48,63,104,72,60,75,126,217,158,79,212,139,197,34,4883,1006,300,1811,1912
06037920110,714200,2253,2894,32,55,62,76,354,76,123,64,61,590,177,1750,146,2978,0.3498,0,944,4427.0,5707.0,0,944,621,2989,2418,2980,686,944,0,47,8,11,0,0,64,9,0,10,17,46,64,42,177,101,41,41,117,58,2989,371,219,944,944
06037920111,562300,2514,2247,8,0,52,0,133,135,135,147,50,831,97,1464,62,2901,0.2875,10,964,5057.0,5603.0,0,993,686,2935,2806,2926,690,964,52,54,49,33,7,0,47,45,79,15,7,9,29,273,36,84,110,128,74,27,2935,533,283,964,993
06037920112,617600,2088,2540,34,64,0,46,424,225,106,59,28,1022,135,2013,173,4063,0.3717,31,1446,6855.0,9276.0,0,1506,633,4076,3505,4067,941,1446,40,103,110,52,56,0,28,54,124,65,37,110,103,140,265,29,23,146,77,83,4076,736,266,1446,1506
06037920114,606700,2244,3067,81,148,177,134,975,330,84,97,250,1228,200,3766,511,6265,0.3409,72,2203,8215.0,11526.0,90,2327,1253,6463,4730,6458,1146,2203,50,27,0,16,0,32,0,26,28,16,27,29,377,182,138,73,186,237,215,162,6463,766,448,2203,2327
06037920115,605500,1895,2652,73,118,55,47,679,111,168,108,82,972,87,2171,117,4193,0.4901,39,1651,6000.0,8446.0,0,1651,728,4193,3331,4103,812,1651,29,31,104,20,10,21,190,59,47,30,141,19,127,203,63,124,136,148,75,82,4193,674,263,1651,1651
06037920116,566600,2253,2269,23,23,16,22,153,143,260,134,72,1404,122,2603,441,4985,0.397,26,1557,9300.0,10144.0,0,1578,1138,4999,4640,4865,1046,1557,101,105,83,16,5,17,79,83,107,25,0,20,161,207,195,97,198,175,117,94,4999,985,391,1557,1578
06037920118,596300,3178,2655,10,23,8,0,152,278,266,295,116,1699,130,3157,86,6149,0.286,28,1851,11540.0,12508.0,0,1851,1778,6172,5602,6102,1387,1851,147,59,40,29,13,0,59,59,86,84,38,0,286,307,319,152,101,159,303,80,6172,1036,663,1851,1851
06037920119,664000,-666666666,3236,5,0,0,0,8,60,110,64,73,477,26,935,89,1835,0.281,8,485,,,0,485,340,1844,1708,1826,372,485,4,0,32,22,0,6,0,31,36,30,19,13,67,49,70,64,74,60,68,44,1844,320,148,485,485
06037920120,709100,3021,3542,42,25,43,15,163,145,134,96,43,866,90,2130,62,4062,0.3333,60,1029,6525.0,7391.0,0,1029,1051,4062,3610,4006,887,1029,18,7,0,12,0,36,0,38,49,58,0,11,69,242,225,117,101,282,296,77,4062,524,296,1029,1029
06037920121,646100,2572,3281,130,60,78,87,677,229,465,235,149,2103,246,4803,725,9371,0.3563,13,2780,14667.0,18246.0,750,2807,1604,9385,8326,9220,1920,2780,58,32,27,93,35,26,8,94,82,21,30,31,474,549,387,328,333,304,500,240,9385,1245,851,2780,2807
06037920200,-666666666,-666666666,-666666666,0,0,0,0,0,0,0,0,0,0,0,0,0,0,-666666666.0,0,0,-666666666.0,-666666666.0,0,0,3245,5460,1957,5460,0,0,9,7,0,17,0,0,0,0,0,0,0,0,0,0,0,0,0,0,0,0,5460,0,0,0,0
06037920303,748900,2537,3290,22,50,39,6,346,0,10,17,23,289,46,935,147,1573,0.5339,0,635,1916.0,3270.0,0,663,262,1573,1210,1533,288,635,15,5,22,9,6,0,16,23,29,18,0,0,19,32,40,20,106,11,116,40,1573,219,70,635,663
06037920312,733400,1617,3093,163,71,46,121,1140,99,65,90,24,982,63,2918,990,6230,0.5005,30,2122,7521.0,11569.0,0,2270,2891,6327,5602,6262,1038,2122,68,66,132,47,20,22,89,194,132,80,100,110,361,183,114,97,530,440,103,26,6327,663,302,2122,2270
06037920313,623000,1843,2338,28,19,27,0,213,288,182,88,81,1267,112,2479,420,4925,0.3827,75,1480,8473.0,9569.0,0,1568,2322,4954,4461,4851,932,1480,19,107,69,54,62,26,17,62,115,16,73,56,139,158,252,62,200,148,198,191,4954,734,503,1480,1568
06037920314,611700,2255,2325,71,40,21,37,297,96,70,76,57,648,90,1596,419,3200,0.3469,24,945,4520.0,5800.0,43,945,804,3200,2920,3193,662,945,15,50,27,40,16,32,28,69,24,5,27,53,131,48,198,35,67,162,134,61,3200,481,154,945,945
06037920322,608200,1290,2246,14,29,24,0,204,52,59,77,28,723,85,1118,258,2622,0.4674,2,927,4863.0,5453.0,0,968,634,2646,2437,2594,617,927,40,23,37,48,45,8,40,30,32,97,30,38,148,111,68,81,67,48,146,76,2646,529,152,927,968
06037920326,673400,2048,3181,73,66,96,35,1241,355,128,105,84,1052,269,3146,294,6166,0.4647,37,2293,7985.0,13038.0,7,2435,1429,6166,5318,6150,1219,2293,30,97,59,87,18,40,43,91,154,89,79,75,144,220,123,209,46,211,335,114,6166,845,194,2293,2435
06037920328,861400,2340,3793,76,29,37,33,371,53,38,37,18,410,48,1177,140,2011,0.5151,23,781,3004.0,4318.0,0,864,314,2011,1619,2011,456,781,15,13,19,26,7,26,6,3,22,16,29,0,25,116,86,10,22,27,131,32,2011,285,125,781,864
06037920329,553300,2120,1952,76,110,181,160,1213,250,150,153,57,1420,319,3857,476,6635,0.3637,39,2633,8021.0,12991.0,0,2676,1246,6654,5502,6556,1382,2633,48,87,43,68,11,20,145,197,36,39,79,0,335,100,158,143,156,74,166,88,6654,997,423,2633,2676
06037920330,590500,1948,2236,70,58,80,19,691,70,119,119,137,994,16,1453,320,3416,0.4444,10,1685,6250.0,8729.0,0,1726,659,3436,3182,3431,852,1685,78,161,93,51,121,1,65,69,108,232,83,88,6,59,60,27,51,72,134,128,3436,772,222,1685,1726
06037920331,566900,2679,2217,20,33,18,63,259,159,96,48,59,893,29,1558,113,3440,0.3324,19,1152,5493.0,6901.0,0,1188,904,3467,2959,3441,722,1152,10,31,66,40,4,10,67,26,55,37,74,24,169,152,128,42,148,124,125,42,3467,591,275,1152,1188
06037920332,613000,1606,2195,23,9,44,10,162,43,66,13,25,397,52,1243,37,1605,0.4499,9,559,2670.0,3288.0,14,577,488,2324,1821,2320,337,559,43,13,43,3,0,10,26,40,18,17,23,6,39,29,58,15,47,19,41,31,2324,265,112,559,577
06037920334,526700,1858,2199,42,0,83,88,924,167,73,190,99,1334,206,2683,553,5373,0.426,22,2258,8703.0,11862.0,0,2391,1199,5882,4996,5862,1115,2258,47,85,75,162,28,140,83,143,96,125,22,329,236,164,91,124,128,113,168,15,5882,1044,276,2258,2391
06037920338,792100,3165,3511,0,24,0,125,268,226,211,124,45,1430,295,2696,215,5723,0.361,7,1698,10771.0,12792.0,0,1727,971,5723,4814,5687,1245,1698,17,33,100,0,11,32,0,71,68,32,54,42,120,210,276,147,302,316,316,269,5723,1007,396,1698,1727
06037920339,855800,2474,4001,72,38,22,116,810,208,173,224,103,1839,313,4172,456,7851,0.4303,0,2649,14067.0,17506.0,0,2652,1353,7851,6784,7813,1679,2649,57,22,38,13,23,17,0,77,51,20,8,7,185,318,149,195,91,205,402,649,7851,1366,473,2649,2652
06037920340,541200,1718,1892,7,110,43,28,393,75,37,34,29,338,31,1289,440,2906,0.4138,17,731,2068.0,3575.0,35,747,1936,2920,2560,2920,450,731,42,7,10,35,5,10,33,20,18,21,0,39,162,188,182,31,75,128,119,111,2920,160,114,731,747
06037920341,450000,1532,-666666666,78,49,103,19,675,0,0,0,0,95,121,1649,1034,3299,0.3295,23,770,444.0,3215.0,0,794,2711,3299,2877,3229,386,770,0,3,6,0,9,0,6,3,12,0,0,35,141,137,266,157,62,290,162,67,3299,86,9,770,794
06037920342,490500,1592,1986,94,44,25,47,539,32,9,69,12,293,133,1765,328,3040,0.4198,0,832,1565.0,3540.0,0,851,2489,3040,2809,3037,438,832,0,25,0,10,26,4,0,0,0,28,0,0,75,176,187,115,8,112,105,154,3040,107,155,832,851
06037920343,382700,1915,1914,52,99,53,157,886,38,33,50,3,294,59,2167,840,3972,0.3988,14,1180,1669.0,5141.0,22,1216,2459,3972,3004,3919,444,1180,14,9,0,53,0,47,48,27,0,43,0,19,157,175,290,18,144,61,65,134,3972,137,136,1180,1216
06037930400,509600,-666666666,1614,7,9,20,0,66,18,30,10,7,318,37,584,221,1137,0.4704,19,384,1890.0,2276.0,16,588,514,1387,1140,1378,250,384,30,26,57,11,4,2,6,7,24,9,0,0,9,33,0,0,4,32,76,21,1387,217,96,384,588
06037980001,-666666666,-666666666,-666666666,0,0,0,0,0,0,0,0,0,0,0,0,0,0,-666666666.0,0,0,-666666666.0,-666666666.0,0,0,0,0,0,0,0,0,0,0,0,0,0,0,0,0,0,0,0,0,0,0,0,0,0,0,0,0,0,0,0,0,0
06037980002,-666666666,-666666666,-666666666,0,0,0,0,0,0,0,0,0,0,0,0,0,0,-666666666.0,0,0,-666666666.0,-666666666.0,0,0,0,0,0,0,0,0,0,0,0,0,0,0,0,0,0,0,0,0,0,0,0,0,0,0,0,0,0,0,0,0,0
06037980003,-666666666,-666666666,-666666666,0,0,0,0,0,0,0,0,0,0,0,0,0,0,-666666666.0,0,0,-666666666.0,-666666666.0,0,0,0,0,0,0,0,0,0,0,0,0,0,0,0,0,0,0,0,0,0,0,0,0,0,0,0,0,0,0,0,0,0
06037980004,-666666666,-666666666,-666666666,0,0,0,0,0,0,0,0,0,0,0,0,0,0,-666666666.0,0,0,-666666666.0,-666666666.0,0,0,0,0,0,0,0,0,0,0,0,0,0,0,0,0,0,0,0,0,0,0,0,0,0,0,0,0,0,0,0,0,0
06037980005,-666666666,-666666666,-666666666,0,0,0,0,0,0,0,0,0,0,0,0,0,0,-666666666.0,0,0,-666666666.0,-666666666.0,0,0,0,0,0,0,0,0,0,0,0,0,0,0,0,0,0,0,0,0,0,0,0,0,0,0,0,0,0,0,0,0,0
06037980006,-666666666,-666666666,-666666666,0,0,0,0,0,0,0,0,0,0,0,0,0,0,-666666666.0,0,0,-666666666.0,-666666666.0,0,0,0,0,0,0,0,0,0,0,0,0,0,0,0,0,0,0,0,0,0,0,0,0,0,0,0,0,0,0,0,0,0
06037980007,-666666666,-666666666,-666666666,0,0,0,0,0,0,0,0,0,0,0,0,0,0,-666666666.0,0,0,-666666666.0,-666666666.0,0,0,0,0,0,0,0,0,0,0,0,0,0,0,0,0,0,0,0,0,0,0,0,0,0,0,0,0,0,0,0,0,0
06037980008,-666666666,-666666666,-666666666,0,0,0,0,17,0,0,0,0,0,0,15,0,65,-666666666.0,0,17,,,0,17,65,65,65,65,17,17,0,0,0,0,0,0,0,0,0,0,0,0,0,33,0,0,0,0,0,0,65,0,0,17,17
06037980009,-666666666,-666666666,-666666666,0,0,0,0,0,0,0,0,0,0,0,3,0,0,-666666666.0,0,0,-666666666.0,-666666666.0,0,0,4,5,1,5,0,0,0,0,0,0,0,0,0,0,0,0,0,0,0,0,0,0,0,0,0,0,5,0,0,0,0
06037980010,868400,1219,2071,0,0,0,0,34,0,0,0,0,26,2,44,28,119,0.4592,4,60,163.0,269.0,0,60,74,119,108,119,27,60,4,10,0,0,10,4,0,4,7,4,4,0,0,0,0,0,11,0,0,0,119,26,0,60,60
06037980011,-666666666,921,-666666666,0,4,0,0,27,0,0,0,0,0,0,20,61,75,0.3481,0,27,-666666666.0,82.0,0,27,64,75,75,75,4,27,0,0,0,0,0,0,0,0,0,11,0,0,0,0,0,0,0,0,26,0,75,0,0,27,27
06037980012,-666666666,-666666666,-666666666,0,0,0,0,0,0,0,0,0,0,0,0,0,0,-666666666.0,0,0,-666666666.0,-666666666.0,0,0,12,30,18,30,0,0,0,0,11,0,0,6,0,0,0,0,0,0,0,0,0,0,0,0,0,0,30,0,0,0,0
06037980013,-666666666,-666666666,-666666666,0,0,0,0,0,0,0,0,0,0,0,0,0,0,-666666666.0,0,0,-666666666.0,-666666666.0,0,0,0,0,0,0,0,0,0,0,0,0,0,0,0,0,0,0,0,0,0,0,0,0,0,0,0,0,0,0,0,0,0
06037980014,-666666666,-666666666,-666666666,5,0,0,0,11,0,0,0,0,0,0,9,36,45,0.4535,0,11,,,0,15,5,45,45,45,5,11,0,0,0,0,0,0,0,0,0,0,0,22,0,0,0,0,0,0,0,0,45,0,0,11,15
06037980015,-666666666,995,-666666666,36,39,117,72,444,0,0,0,0,0,43,408,417,974,0.5145,32,444,-666666666.0,1603.0,129,476,376,993,815,993,94,444,6,0,17,0,0,0,0,0,0,0,0,7,103,25,12,14,41,20,19,12,993,0,0,444,476
06037980016,-666666666,1141,-666666666,17,6,15,8,68,0,0,0,0,3,9,94,0,248,0.2473,1,71,,,36,73,208,248,243,245,23,71,0,2,1,0,0,2,1,0,23,0,0,2,14,25,9,0,7,15,26,2,248,0,3,71,73
06037980017,-666666666,1042,-666666666,10,0,0,10,36,0,0,0,0,0,96,220,591,950,0.2079,11,36,-666666666.0,181.0,0,56,291,1120,601,1112,21,36,44,62,71,32,2,24,0,0,0,0,0,2,20,0,11,11,11,32,11,0,1120,0,0,36,56
06037980018,-666666666,-666666666,-666666666,0,0,0,0,0,0,0,0,0,0,0,0,0,0,-666666666.0,0,0,-666666666.0,-666666666.0,0,0,0,0,0,0,0,0,0,0,0,0,0,0,0,0,0,0,0,0,0,0,0,0,0,0,0,0,0,0,0,0,0
06037980019,937500,-666666666,3750,4,0,0,0,13,0,4,0,4,24,4,42,0,77,0.4114,0,37,,,0,37,0,77,46,77,16,37,13,4,0,0,0,9,4,8,0,0,0,0,0,0,0,0,10,4,0,0,77,20,4,37,37
06037980020,-666666666,-666666666,-666666666,0,0,0,0,0,0,0,0,0,0,0,0,0,0,-666666666.0,0,0,-666666666.0,-666666666.0,0,0,0,0,0,0,0,0,0,0,0,0,0,0,0,0,0,0,0,0,0,0,0,0,0,0,0,0,0,0,0,0,0
06037980021,-666666666,-666666666,-666666666,0,0,0,0,0,0,0,0,0,14,0,22,0,45,0.3055,0,14,,,0,14,24,45,45,45,10,14,0,0,0,0,0,0,0,0,0,0,0,0,0,0,0,9,0,0,0,0,45,0,14,14,14
06037980022,-666666666,-666666666,-666666666,0,0,0,0,0,0,0,0,0,0,0,0,0,0,-666666666.0,0,0,-666666666.0,-666666666.0,0,0,0,0,0,0,0,0,0,0,0,0,0,0,0,0,0,0,0,0,0,0,0,0,0,0,0,0,0,0,0,0,0
06037980023,-666666666,-666666666,-666666666,0,0,0,0,0,0,0,0,0,0,0,0,0,0,-666666666.0,0,0,-666666666.0,-666666666.0,0,0,0,0,0,0,0,0,0,0,0,0,0,0,0,0,0,0,0,0,0,0,0,0,0,0,0,0,0,0,0,0,0
06037980024,771600,3501,2464,0,0,0,4,12,11,4,4,4,61,5,117,25,199,0.4649,0,73,365.0,445.0,0,73,50,199,151,199,40,73,0,0,0,0,4,0,0,0,4,4,0,4,5,14,4,0,11,10,10,0,199,50,11,73,73
06037980025,-666666666,1848,-666666666,75,27,0,27,299,0,0,0,0,0,23,342,0,518,0.2666,23,299,-666666666.0,1097.0,0,299,193,518,468,518,103,299,40,0,2,0,13,0,0,24,0,0,0,0,32,0,0,0,0,0,0,45,518,0,0,299,299
06037980026,-666666666,-666666666,-666666666,0,0,0,0,0,0,0,0,0,0,0,0,0,0,-666666666.0,0,0,-666666666.0,-666666666.0,0,0,7,15,4,15,0,0,0,0,0,0,0,0,0,0,0,0,0,0,0,0,0,11,0,0,0,2,15,0,0,0,0
06037980028,-666666666,-666666666,-666666666,0,0,0,0,0,0,0,0,0,0,0,0,0,0,-666666666.0,0,0,-666666666.0,-666666666.0,0,0,0,0,0,0,0,0,0,0,0,0,0,0,0,0,0,0,0,0,0,0,0,0,0,0,0,0,0,0,0,0,0
06037980030,-666666666,-666666666,-666666666,0,0,0,0,0,0,0,0,0,0,0,0,0,0,-666666666.0,0,0,-666666666.0,-666666666.0,0,0,0,0,0,0,0,0,0,0,0,0,0,0,0,0,0,0,0,0,0,0,0,0,0,0,0,0,0,0,0,0,0
06037980031,-666666666,2306,-666666666,0,0,0,0,22,0,0,0,0,0,0,22,0,45,0.2511,0,22,-666666666.0,96.0,0,22,400,1237,857,1237,0,22,25,38,39,25,0,0,0,0,0,0,0,0,19,0,0,0,0,0,4,0,1237,0,0,22,22
06037980033,-666666666,-666666666,-666666666,0,0,0,0,14,0,0,0,0,0,0,0,14,14,-666666666.0,0,14,,,0,14,0,14,14,14,0,14,0,14,0,0,0,0,0,0,0,0,0,0,0,0,0,0,0,0,0,0,14,0,0,14,14
06037980034,-666666666,-666666666,-666666666,0,0,0,9,9,0,0,0,0,0,0,9,0,9,-666666666.0,0,9,,,0,9,0,9,9,9,0,9,0,0,0,0,0,0,0,0,0,0,0,0,0,0,0,0,0,0,0,0,9,0,0,9,9
06037980035,-666666666,1075,-666666666,42,14,0,14,116,0,0,0,0,33,23,327,109,564,0.3612,1,149,162.0,648.0,0,151,487,584,532,576,66,149,8,9,7,0,0,0,1,1,10,0,0,0,10,9,41,40,17,43,6,3,584,14,19,149,151
06037980036,523600,1904,1875,0,0,0,0,97,37,0,15,0,67,17,384,199,1039,0.3844,0,164,432.0,885.0,0,164,324,1039,1039,1039,110,164,0,0,15,19,0,0,19,0,0,40,0,0,59,16,0,0,51,45,98,38,1039,15,52,164,164
06037980037,-666666666,-666666666,-666666666,0,0,0,0,0,0,0,0,0,0,0,0,0,0,-666666666.0,0,0,-666666666.0,-666666666.0,0,0,0,0,0,0,0,0,0,0,0,0,0,0,0,0,0,0,0,0,0,0,0,0,0,0,0,0,0,0,0,0,0
06037980038,-666666666,-666666666,-666666666,0,0,0,0,0,0,0,0,0,0,0,0,0,0,-666666666.0,0,0,-666666666.0,-666666666.0,0,0,0,0,0,0,0,0,0,0,0,0,0,0,0,0,0,0,0,0,0,0,0,0,0,0,0,0,0,0,0,0,0
06037980039,-666666666,-666666666,-666666666,0,0,0,0,0,0,0,0,0,0,0,0,0,0,-666666666.0,0,0,-666666666.0,-666666666.0,0,0,0,0,0,0,0,0,0,0,0,0,0,0,0,0,0,0,0,0,0,0,0,0,0,0,0,0,0,0,0,0,0
06037990100,-666666666,-666666666,-666666666,0,0,0,0,0,0,0,0,0,0,0,0,0,0,-666666666.0,0,0,-666666666.0,-666666666.0,0,0,0,0,0,0,0,0,0,0,0,0,0,0,0,0,0,0,0,0,0,0,0,0,0,0,0,0,0,0,0,0,0
06037990200,-666666666,-666666666,-666666666,0,0,0,0,0,0,0,0,0,0,0,0,0,0,-666666666.0,0,0,-666666666.0,-666666666.0,0,0,0,0,0,0,0,0,0,0,0,0,0,0,0,0,0,0,0,0,0,0,0,0,0,0,0,0,0,0,0,0,0
06037990300,-666666666,-666666666,-666666666,0,0,0,0,0,0,0,0,0,0,0,0,0,0,-666666666.0,0,0,-666666666.0,-666666666.0,0,0,0,0,0,0,0,0,0,0,0,0,0,0,0,0,0,0,0,0,0,0,0,0,0,0,0,0,0,0,0,0,0
