tract_split_base,year,lacity,spa,sd,cd,ca_ssd,ca_sad,us_cd,demogsurvct,shelthmisct,demogsurveyany,sheltercountany,streetcountany,totstreetsingadult,totstreetfamhh,totstreetfammem,totsafeparksingadult,totsafeparkfamhh,totsafeparkfammem,totcars,totvans,totcampers,tottents,totmss,totcarpeople,totvanpeople,totcamperpeople,tottentpeople,totmsspeople,famcarhh,famvanhh,famcamperhh,famtenthh,fammsshh,famcarpeople,famvanpeople,famcamperpeople,famtentpeople,fammsspeople,indcarpeople,indvanpeople,indcamperpeople,indtentpeople,indmsspeople,totesadultsingadult,totesadultfamhh,totesadultfammem,totesyouthsingyouth,totesyouthfamhh,totesyouthfammem,totesyouthunaccyouth,totthadultsingadult,totthadultfamhh,totthadultfammem,totthyouthsingyouth,totthyouthfamhh,totthyouthfammem,totthyouthunaccyouth,totshadultsingadult,totshadultfamhh,totshadultfammem,totshyouthsingyouth,totshyouthfamhh,totshyouthfammem,totshyouthunaccyouth,totunsheltpeople,totespeople,totthpeople,totshpeople,totsheltpeople,totpeople,GEOID
101110,2022,1,2,5,7,25,39,28,0,0,0,0,1,0,0,0,0,0,0,0,2,1,0,0,0.0,2.98,1.456,0.0,0.0,0.0,0.037,0.019,0.0,0.0,0.0,0.114,0.077,0.0,0.0,0.0,2.866,1.378,0.0,0.0,0,0,0,0,0,0,0,0,0,0,0,0,0,0,0,0,0,0,0,0,0,4.436,0,0,0,0,4.436,06037101110
101122,2022,1,2,5,7,25,39,28,0,0,0,0,2,3,0,0,0,0,0,1,1,1,0,0,1.475,1.49,1.456,0.0,0.0,0.047,0.018,0.019,0.0,0.0,0.152,0.057,0.077,0.0,0.0,1.323,1.433,1.378,0.0,0.0,0,0,0,0,0,0,0,0,0,0,0,0,0,0,0,0,0,0,0,0,0,7.42,0,0,0,0,7.42,06037101122
101210,2022,1,2,5,7,25,39,28,0,0,0,0,1,5,0,0,0,0,0,0,2,1,0,0,0.0,2.98,1.456,0.0,0.0,0.0,0.037,0.019,0.0,0.0,0.0,0.114,0.077,0.0,0.0,0.0,2.866,1.378,0.0,0.0,0,0,0,0,0,0,0,0,0,0,0,0,0,0,0,0,0,0,0,0,0,9.436,0,0,0,0,9.436,06037101210
101220,2022,1,2,5,7,25,39,28,0,0,0,0,0,0,0,0,0,0,0,0,0,0,0,0,0.0,0.0,0.0,0.0,0.0,0.0,0.0,0.0,0.0,0.0,0.0,0.0,0.0,0.0,0.0,0.0,0.0,0.0,0.0,0.0,0,0,0,0,0,0,0,0,0,0,0,0,0,0,0,0,0,0,0,0,0,0.0,0,0,0,0,0.0,06037101220
101300,2022,1,2,5,7,25,39,28,10,0,1,0,2,4,0,0,0,0,0,3,2,4,0,1,4.424,2.98,5.823,0.0,1.685,0.14,0.037,0.076,0.0,0.004,0.456,0.114,0.309,0.0,0.011,3.969,2.866,5.513,0.0,1.674,0,0,0,0,0,0,0,0,0,0,0,0,0,0,0,0,0,0,0,0,0,18.912,0,0,0,0,18.912,06037101300
101400,2022,1,2,5,7,25,39,28,0,0,0,0,2,26,0,0,0,0,0,3,0,6,7,2,4.424,0.0,8.734,8.811,3.37,0.14,0.0,0.114,0.014,0.008,0.456,0.0,0.465,0.046,0.022,3.969,0.0,8.269,8.764,3.348,0,0,0,0,0,0,0,0,0,0,0,0,0,0,0,0,0,0,0,0,0,51.339,0,0,0,0,51.339,06037101400
102103,2022,1,2,5,2,25,39,28,0,0,0,0,1,2,0,0,0,0,0,0,0,0,0,0,0.0,0.0,0.0,0.0,0.0,0.0,0.0,0.0,0.0,0.0,0.0,0.0,0.0,0.0,0.0,0.0,0.0,0.0,0.0,0.0,0,0,0,0,0,0,0,0,0,0,0,0,0,0,0,0,0,0,0,0,0,2.0,0,0,0,0,2.0,06037102103
102104,2022,1,2,5,2,25,39,28,0,0,0,0,1,2,0,0,0,0,0,0,0,2,0,0,0.0,0.0,2.911,0.0,0.0,0.0,0.0,0.038,0.0,0.0,0.0,0.0,0.155,0.0,0.0,0.0,0.0,2.756,0.0,0.0,0,0,0,0,0,0,0,0,0,0,0,0,0,0,0,0,0,0,0,0,0,4.911,0,0,0,0,4.911,06037102104
102105,2022,1,2,5,2,18,39,29,1,0,1,0,1,0,0,0,0,0,0,2,0,9,2,0,2.95,0.0,13.101,2.517,0.0,0.094,0.0,0.171,0.004,0.0,0.304,0.0,0.697,0.013,0.0,2.646,0.0,12.404,2.504,0.0,0,0,0,0,0,0,0,0,0,0,0,0,0,0,0,0,0,0,0,0,0,18.568,0,0,0,0,18.568,06037102105
102107,2022,1,2,5,7,25,39,28,0,0,0,0,1,6,0,0,0,0,0,4,0,7,2,2,5.899,0.0,10.189,2.517,3.37,0.187,0.0,0.133,0.004,0.008,0.608,0.0,0.542,0.013,0.023,5.292,0.0,9.647,2.504,3.348,0,0,0,0,0,0,0,0,0,0,0,0,0,0,0,0,0,0,0,0,0,27.976,0,0,0,0,27.976,06037102107
103101,2022,1,2,5,7,25,39,28,0,0,0,0,2,7,0,0,0,0,0,0,0,0,5,7,0.0,0.0,0.0,6.293,11.796,0.0,0.0,0.0,0.01,0.026,0.0,0.0,0.0,0.033,0.079,0.0,0.0,0.0,6.261,11.717,0,0,0,0,0,0,0,0,0,0,0,0,0,0,0,0,0,0,0,0,0,25.09,0,0,0,0,25.09,06037103101
103102,2022,1,2,5,7,25,39,28,0,0,0,0,2,6,0,0,0,0,0,0,0,1,2,1,0.0,0.0,1.456,2.517,1.685,0.0,0.0,0.019,0.004,0.004,0.0,0.0,0.077,0.013,0.011,0.0,0.0,1.378,2.504,1.674,0,0,0,0,0,0,0,0,0,0,0,0,0,0,0,0,0,0,0,0,0,11.658,0,0,0,0,11.658,06037103102
103200,2022,1,2,5,7,25,39,29,0,0,0,0,3,24,0,0,0,0,0,4,6,10,9,8,5.9,8.941,14.556,11.328,13.482,0.188,0.11,0.19,0.017,0.03,0.608,0.342,0.774,0.059,0.091,5.292,8.599,13.781,11.269,13.391,0,0,0,0,0,0,0,0,0,0,0,0,0,0,0,0,0,0,0,0,0,78.206,0,0,0,0,78.206,06037103200
103300,2022,1,2,5,7,25,39,28,0,0,0,0,0,0,0,0,0,0,0,0,0,0,0,0,0.0,0.0,0.0,0.0,0.0,0.0,0.0,0.0,0.0,0.0,0.0,0.0,0.0,0.0,0.0,0.0,0.0,0.0,0.0,0.0,0,0,0,0,0,0,0,0,0,0,0,0,0,0,0,0,0,0,0,0,0,0.0,0,0,0,0,0.0,06037103300
103400,2022,1,2,5,7,25,39,28,0,0,0,0,2,6,0,0,0,0,0,3,0,0,1,1,4.424,0.0,0.0,1.259,1.685,0.14,0.0,0.0,0.002,0.004,0.456,0.0,0.0,0.007,0.011,3.969,0.0,0.0,1.252,1.674,0,0,0,0,0,0,0,0,0,0,0,0,0,0,0,0,0,0,0,0,0,13.367999999999999,0,0,0,0,13.367999999999999,06037103400
104103,2022,1,2,3,7,18,39,29,0,0,0,0,1,0,0,0,0,0,0,2,1,2,0,0,2.95,1.49,2.911,0.0,0.0,0.094,0.018,0.038,0.0,0.0,0.304,0.057,0.155,0.0,0.0,2.646,1.433,2.756,0.0,0.0,0,0,0,0,0,0,0,0,0,0,0,0,0,0,0,0,0,0,0,0,0,7.351,0,0,0,0,7.351,06037104103
104105,2022,1,2,3,7,18,39,29,0,0,0,0,1,0,0,0,0,0,0,0,1,2,0,0,0.0,1.49,2.911,0.0,0.0,0.0,0.018,0.038,0.0,0.0,0.0,0.057,0.155,0.0,0.0,0.0,1.433,2.756,0.0,0.0,0,0,0,0,0,0,0,0,0,0,0,0,0,0,0,0,0,0,0,0,0,4.401,0,0,0,0,4.401,06037104105
104108,2022,1,2,3,7,18,39,29,0,0,0,0,2,8,0,0,0,0,0,1,1,0,0,2,1.475,1.49,0.0,0.0,3.37,0.047,0.018,0.0,0.0,0.008,0.152,0.057,0.0,0.0,0.023,1.323,1.433,0.0,0.0,3.348,0,0,0,0,0,0,0,0,0,0,0,0,0,0,0,0,0,0,0,0,0,14.335999999999999,0,0,0,0,14.335999999999999,06037104108
104124,2022,1,2,3,7,18,39,29,0,2,0,1,0,0,0,0,0,0,0,0,0,0,0,0,0.0,0.0,0.0,0.0,0.0,0.0,0.0,0.0,0.0,0.0,0.0,0.0,0.0,0.0,0.0,0.0,0.0,0.0,0.0,0.0,10,0,0,0,0,0,0,0,0,0,0,0,0,0,0,0,0,0,0,0,0,0.0,10,0,0,10,10.0,06037104124
104201,2022,1,2,3,7,18,39,29,2,0,1,0,1,3,0,0,0,0,0,0,0,30,7,24,0.0,0.0,43.669,8.811,40.445,0.0,0.0,0.568,0.013,0.091,0.0,0.0,2.324,0.046,0.272,0.0,0.0,41.345,8.765,40.173,0,0,0,0,0,0,0,0,0,0,0,0,0,0,0,0,0,0,0,0,0,95.925,0,0,0,0,95.925,06037104201
104203,2022,1,2,3,7,18,39,29,0,0,0,0,1,0,0,0,0,0,0,1,0,1,0,0,1.475,0.0,1.456,0.0,0.0,0.047,0.0,0.019,0.0,0.0,0.152,0.0,0.077,0.0,0.0,1.323,0.0,1.378,0.0,0.0,0,0,0,0,0,0,0,0,0,0,0,0,0,0,0,0,0,0,0,0,0,2.93,0,0,0,0,2.93,06037104203
104204,2022,1,2,3,7,18,39,29,1,0,1,0,2,0,0,0,0,0,0,1,2,1,0,3,1.475,2.98,1.456,0.0,5.056,0.047,0.037,0.019,0.0,0.011,0.152,0.114,0.077,0.0,0.034,1.323,2.866,1.378,0.0,5.022,0,0,0,0,0,0,0,0,0,0,0,0,0,0,0,0,0,0,0,0,0,10.966999999999999,0,0,0,0,10.966999999999999,06037104204
104310,2022,1,2,3,7,18,39,29,9,0,2,0,2,1,0,0,0,0,0,1,3,33,0,12,1.475,4.471,48.036,0.0,20.222,0.047,0.055,0.626,0.0,0.045,0.152,0.171,2.556,0.0,0.136,1.323,4.3,45.480000000000004,0.0,20.087,0,0,0,0,0,0,0,0,0,0,0,0,0,0,0,0,0,0,0,0,0,75.20400000000001,0,0,0,0,75.20400000000001,06037104310
104320,2022,1,2,3,7,18,39,29,0,94,0,1,1,0,0,0,0,0,0,0,0,4,0,0,0.0,0.0,5.823,0.0,0.0,0.0,0.0,0.076,0.0,0.0,0.0,0.0,0.31,0.0,0.0,0.0,0.0,5.513,0.0,0.0,54,0,0,1,0,0,0,0,0,0,0,0,0,0,0,0,0,0,0,0,0,5.823,55,0,0,55,60.823,06037104320
104401,2022,1,2,3,7,18,39,29,0,0,0,0,1,6,0,0,0,0,0,0,0,0,0,0,0.0,0.0,0.0,0.0,0.0,0.0,0.0,0.0,0.0,0.0,0.0,0.0,0.0,0.0,0.0,0.0,0.0,0.0,0.0,0.0,0,0,0,0,0,0,0,0,0,0,0,0,0,0,0,0,0,0,0,0,0,6.0,0,0,0,0,6.0,06037104401
104403,2022,1,2,3,7,18,39,29,8,0,1,0,1,7,0,0,0,0,0,4,0,1,5,11,5.899,0.0,1.456,6.293,18.537,0.187,0.0,0.019,0.01,0.042,0.608,0.0,0.077,0.033,0.125,5.292,0.0,1.378,6.261,18.413,0,0,0,0,0,0,0,0,0,0,0,0,0,0,0,0,0,0,0,0,0,39.185,0,0,0,0,39.185,06037104403
104404,2022,1,2,3,7,18,39,29,0,0,0,0,1,0,0,0,0,0,0,3,0,6,0,0,4.424,0.0,8.734,0.0,0.0,0.14,0.0,0.114,0.0,0.0,0.456,0.0,0.465,0.0,0.0,3.969,0.0,8.269,0.0,0.0,0,0,0,0,0,0,0,0,0,0,0,0,0,0,0,0,0,0,0,0,0,13.158,0,0,0,0,13.158,06037104404
104500,2022,1,2,3,7,18,39,29,0,0,0,0,1,3,0,0,0,0,0,0,0,0,2,0,0.0,0.0,0.0,2.517,0.0,0.0,0.0,0.0,0.004,0.0,0.0,0.0,0.0,0.013,0.0,0.0,0.0,0.0,2.504,0.0,0,0,0,0,0,0,0,0,0,0,0,0,0,0,0,0,0,0,0,0,0,5.517,0,0,0,0,5.517,06037104500
104610,2022,1,2,3,7,18,39,29,0,0,0,0,1,0,0,0,0,0,0,0,1,0,0,0,0.0,1.49,0.0,0.0,0.0,0.0,0.018,0.0,0.0,0.0,0.0,0.057,0.0,0.0,0.0,0.0,1.433,0.0,0.0,0.0,0,0,0,0,0,0,0,0,0,0,0,0,0,0,0,0,0,0,0,0,0,1.49,0,0,0,0,1.49,06037104610
104620,2022,1,2,3,7,18,39,29,0,0,0,0,1,0,0,0,0,0,0,3,1,11,0,2,4.424,1.49,16.012,0.0,3.37,0.14,0.018,0.208,0.0,0.008,0.456,0.057,0.852,0.0,0.023,3.969,1.433,15.16,0.0,3.348,0,0,0,0,0,0,0,0,0,0,0,0,0,0,0,0,0,0,0,0,0,25.297,0,0,0,0,25.297,06037104620
104701,2022,1,2,3,7,18,39,29,1,0,1,0,1,0,0,0,0,0,0,8,2,10,0,0,11.798,2.98,14.556,0.0,0.0,0.374,0.037,0.189,0.0,0.0,1.215,0.114,0.775,0.0,0.0,10.583,2.866,13.782,0.0,0.0,0,0,0,0,0,0,0,0,0,0,0,0,0,0,0,0,0,0,0,0,0,29.335,0,0,0,0,29.335,06037104701
104703,2022,1,2,3,7,18,39,29,12,0,1,0,1,2,0,0,0,0,0,4,2,60,0,3,5.899,2.98,87.338,0.0,5.056,0.187,0.037,1.137,0.0,0.011,0.608,0.114,4.647,0.0,0.034,5.292,2.866,82.691,0.0,5.022,0,0,0,0,0,0,0,0,0,0,0,0,0,0,0,0,0,0,0,0,0,103.27,0,0,0,0,103.27,06037104703
104704,2022,1,2,3,7,18,39,29,0,0,0,0,1,3,0,0,0,0,0,0,2,19,0,0,0.0,2.98,27.657,0.0,0.0,0.0,0.037,0.36,0.0,0.0,0.0,0.114,1.472,0.0,0.0,0.0,2.866,26.185,0.0,0.0,0,0,0,0,0,0,0,0,0,0,0,0,0,0,0,0,0,0,0,0,0,33.637,0,0,0,0,33.637,06037104704
104810,2022,1,2,3,7,18,39,29,1,0,1,0,1,0,0,0,0,0,0,0,4,6,0,0,0.0,5.961,8.734,0.0,0.0,0.0,0.073,0.114,0.0,0.0,0.0,0.228,0.465,0.0,0.0,0.0,5.733,8.269,0.0,0.0,0,0,0,0,0,0,0,0,0,0,0,0,0,0,0,0,0,0,0,0,0,14.694,0,0,0,0,14.694,06037104810
104821,2022,1,2,3,7,18,39,29,0,0,0,0,2,2,0,0,0,0,0,0,1,0,0,3,0.0,1.49,0.0,0.0,5.056,0.0,0.018,0.0,0.0,0.011,0.0,0.057,0.0,0.0,0.034,0.0,1.433,0.0,0.0,5.022,0,0,0,0,0,0,0,0,0,0,0,0,0,0,0,0,0,0,0,0,0,8.546,0,0,0,0,8.546,06037104821
104822,2022,1,2,3,7,18,39,29,4,0,1,0,1,4,0,0,0,0,0,0,2,0,2,8,0.0,2.98,0.0,2.517,13.482,0.0,0.037,0.0,0.004,0.03,0.0,0.114,0.0,0.013,0.091,0.0,2.866,0.0,2.504,13.391,0,0,0,0,0,0,0,0,0,0,0,0,0,0,0,0,0,0,0,0,0,22.979,0,0,0,0,22.979,06037104822
106010,2022,1,2,5,7,18,39,29,0,0,0,1,1,0,0,0,0,0,0,4,0,6,0,1,5.899,0.0,8.734,0.0,1.685,0.187,0.0,0.114,0.0,0.004,0.608,0.0,0.465,0.0,0.011,5.292,0.0,8.269,0.0,1.674,0,0,0,0,0,0,0,0,0,0,0,0,0,0,0,0,0,0,0,0,0,16.318,0,0,0,0,16.318,06037106010
106020,2022,1,2,3,7,18,39,29,0,0,0,0,1,1,0,0,0,0,0,1,0,3,0,1,1.475,0.0,4.367,0.0,1.685,0.047,0.0,0.057,0.0,0.004,0.152,0.0,0.232,0.0,0.011,1.323,0.0,4.135,0.0,1.674,0,0,0,0,0,0,0,0,0,0,0,0,0,0,0,0,0,0,0,0,0,8.527,0,0,0,0,8.527,06037106020
106111,2022,1,2,3,7,18,39,29,0,0,0,0,1,1,0,0,0,0,0,0,0,0,0,0,0.0,0.0,0.0,0.0,0.0,0.0,0.0,0.0,0.0,0.0,0.0,0.0,0.0,0.0,0.0,0.0,0.0,0.0,0.0,0.0,0,0,0,0,0,0,0,0,0,0,0,0,0,0,0,0,0,0,0,0,0,1.0,0,0,0,0,1.0,06037106111
106112,2022,1,2,3,7,18,39,29,0,55,0,1,1,1,0,0,0,0,0,2,2,13,0,0,2.95,2.98,18.923,0.0,0.0,0.094,0.037,0.246,0.0,0.0,0.304,0.114,1.007,0.0,0.0,2.646,2.866,17.916,0.0,0.0,60,0,0,0,0,0,0,0,0,0,0,0,0,0,0,0,0,0,0,0,0,25.853,60,0,0,60,85.853,06037106112
106113,2022,1,2,3,7,18,39,29,0,0,0,0,1,2,0,0,0,0,0,0,0,6,0,4,0.0,0.0,8.734,0.0,6.741,0.0,0.0,0.114,0.0,0.015,0.0,0.0,0.465,0.0,0.045,0.0,0.0,8.269,0.0,6.696,0,0,0,0,0,0,0,0,0,0,0,0,0,0,0,0,0,0,0,0,0,17.475,0,0,0,0,17.475,06037106113
106114,2022,1,2,3,7,18,39,29,0,16,0,1,1,6,0,0,0,0,0,0,3,4,2,0,0.0,4.471,5.823,2.517,0.0,0.0,0.055,0.076,0.004,0.0,0.0,0.171,0.31,0.013,0.0,0.0,4.3,5.513,2.504,0.0,16,0,0,0,0,0,0,0,0,0,0,0,0,0,0,0,0,0,0,0,0,18.81,16,0,0,16,34.81,06037106114
106403,2022,1,2,3,7,18,39,29,0,0,0,0,1,3,0,0,0,0,0,0,2,0,0,0,0.0,2.98,0.0,0.0,0.0,0.0,0.037,0.0,0.0,0.0,0.0,0.114,0.0,0.0,0.0,0.0,2.866,0.0,0.0,0.0,0,0,0,0,0,0,0,0,0,0,0,0,0,0,0,0,0,0,0,0,0,5.98,0,0,0,0,5.98,06037106403
106405,2022,1,2,3,7,18,39,29,0,0,0,0,1,0,0,0,0,0,0,0,2,4,0,0,0.0,2.98,5.823,0.0,0.0,0.0,0.037,0.076,0.0,0.0,0.0,0.114,0.31,0.0,0.0,0.0,2.866,5.513,0.0,0.0,0,0,0,0,0,0,0,0,0,0,0,0,0,0,0,0,0,0,0,0,0,8.803,0,0,0,0,8.803,06037106405
106406,2022,1,2,3,7,18,39,29,0,0,0,0,1,0,0,0,0,0,0,6,0,7,0,0,8.849,0.0,10.189,0.0,0.0,0.281,0.0,0.133,0.0,0.0,0.911,0.0,0.542,0.0,0.0,7.937,0.0,9.647,0.0,0.0,0,0,0,0,0,0,0,0,0,0,0,0,0,0,0,0,0,0,0,0,0,19.038,0,0,0,0,19.038,06037106406
106407,2022,1,2,3,7,18,39,29,0,0,0,0,1,1,0,0,0,0,0,0,0,0,0,0,0.0,0.0,0.0,0.0,0.0,0.0,0.0,0.0,0.0,0.0,0.0,0.0,0.0,0.0,0.0,0.0,0.0,0.0,0.0,0.0,0,0,0,0,0,0,0,0,0,0,0,0,0,0,0,0,0,0,0,0,0,1.0,0,0,0,0,1.0,06037106407
106408,2022,1,2,3,7,18,39,29,0,0,0,0,1,1,0,0,0,0,0,0,0,0,0,4,0.0,0.0,0.0,0.0,6.741,0.0,0.0,0.0,0.0,0.015,0.0,0.0,0.0,0.0,0.045,0.0,0.0,0.0,0.0,6.696,0,0,0,0,0,0,0,0,0,0,0,0,0,0,0,0,0,0,0,0,0,7.741,0,0,0,0,7.741,06037106408
106510,2022,1,2,3,7,18,39,29,0,0,0,0,1,4,0,0,0,0,0,7,4,39,5,3,10.323,5.961,56.77,6.293,5.056,0.328,0.073,0.739,0.01,0.011,1.063,0.228,3.021,0.033,0.034,9.26,5.733,53.749,6.261,5.022,0,0,0,0,0,0,0,0,0,0,0,0,0,0,0,0,0,0,0,0,0,88.403,0,0,0,0,88.403,06037106510
106520,2022,1,2,3,7,18,39,29,21,0,2,0,2,0,0,0,0,0,0,1,0,6,0,0,1.475,0.0,8.734,0.0,0.0,0.047,0.0,0.11399999999999999,0.0,0.0,0.152,0.0,0.46499999999999997,0.0,0.0,1.323,0.0,8.269,0.0,0.0,0,0,0,0,0,0,0,0,0,0,0,0,0,0,0,0,0,0,0,0,0,10.209,0,0,0,0,10.209,06037106520
106603,2022,1,2,5,12,18,38,30,0,0,0,0,0,0,0,0,0,0,0,0,0,0,0,0,0.0,0.0,0.0,0.0,0.0,0.0,0.0,0.0,0.0,0.0,0.0,0.0,0.0,0.0,0.0,0.0,0.0,0.0,0.0,0.0,0,0,0,0,0,0,0,0,0,0,0,0,0,0,0,0,0,0,0,0,0,0.0,0,0,0,0,0.0,06037106603
106604,2022,1,2,3,7,18,39,29,3,0,1,1,2,2,0,0,0,0,0,3,2,14,4,2,4.425000000000001,2.98,20.378,5.035,3.37,0.14100000000000001,0.037,0.266,0.008,0.008,0.45599999999999996,0.114,1.084,0.027,0.022,3.969,2.866,19.294,5.008,3.348,69,0,0,1,0,0,0,0,0,0,0,0,0,0,0,0,0,0,0,0,0,38.189,70,0,0,70,108.189,06037106604
106641,2022,1,2,5,12,18,39,30,0,0,0,0,0,0,0,0,0,0,0,0,0,0,0,0,0.0,0.0,0.0,0.0,0.0,0.0,0.0,0.0,0.0,0.0,0.0,0.0,0.0,0.0,0.0,0.0,0.0,0.0,0.0,0.0,0,0,0,0,0,0,0,0,0,0,0,0,0,0,0,0,0,0,0,0,0,0.0,0,0,0,0,0.0,06037106641
106642,2022,1,2,5,12,18,38,30,0,0,0,0,1,0,0,0,0,0,0,3,0,0,0,0,4.424,0.0,0.0,0.0,0.0,0.14,0.0,0.0,0.0,0.0,0.456,0.0,0.0,0.0,0.0,3.969,0.0,0.0,0.0,0.0,0,0,0,0,0,0,0,0,0,0,0,0,0,0,0,0,0,0,0,0,0,4.424,0,0,0,0,4.424,06037106642
106643,2022,1,2,5,12,18,38,30,0,0,0,0,0,0,0,0,0,0,0,0,0,0,0,0,0.0,0.0,0.0,0.0,0.0,0.0,0.0,0.0,0.0,0.0,0.0,0.0,0.0,0.0,0.0,0.0,0.0,0.0,0.0,0.0,0,0,0,0,0,0,0,0,0,0,0,0,0,0,0,0,0,0,0,0,0,0.0,0,0,0,0,0.0,06037106643
106645,2022,1,2,5,12,18,39,30,0,0,0,0,0,0,0,0,0,0,0,0,0,0,0,0,0.0,0.0,0.0,0.0,0.0,0.0,0.0,0.0,0.0,0.0,0.0,0.0,0.0,0.0,0.0,0.0,0.0,0.0,0.0,0.0,0,0,0,0,0,0,0,0,0,0,0,0,0,0,0,0,0,0,0,0,0,0.0,0,0,0,0,0.0,06037106645
106646,2022,1,2,5,12,18,39,30,0,0,0,0,1,1,0,0,0,0,0,2,0,2,0,1,2.95,0.0,2.911,0.0,1.685,0.094,0.0,0.038,0.0,0.004,0.304,0.0,0.155,0.0,0.011,2.646,0.0,2.756,0.0,1.674,0,0,0,0,0,0,0,0,0,0,0,0,0,0,0,0,0,0,0,0,0,8.546,0,0,0,0,8.546,06037106646
106648,2022,1,2,3,7,18,39,29,0,0,0,0,1,3,0,0,0,0,0,0,0,1,0,0,0.0,0.0,1.456,0.0,0.0,0.0,0.0,0.019,0.0,0.0,0.0,0.0,0.077,0.0,0.0,0.0,0.0,1.378,0.0,0.0,0,0,0,0,0,0,0,0,0,0,0,0,0,0,0,0,0,0,0,0,0,4.456,0,0,0,0,4.456,06037106648
106649,2022,1,2,3,7,18,39,29,0,0,0,0,1,0,0,0,0,0,0,0,0,0,0,2,0.0,0.0,0.0,0.0,3.37,0.0,0.0,0.0,0.0,0.008,0.0,0.0,0.0,0.0,0.023,0.0,0.0,0.0,0.0,3.348,0,0,0,0,0,0,0,0,0,0,0,0,0,0,0,0,0,0,0,0,0,3.37,0,0,0,0,3.37,06037106649
107010,2022,1,2,3,7,18,39,29,0,0,0,0,1,1,0,0,0,0,0,0,0,2,0,0,0.0,0.0,2.911,0.0,0.0,0.0,0.0,0.038,0.0,0.0,0.0,0.0,0.155,0.0,0.0,0.0,0.0,2.756,0.0,0.0,0,0,0,0,0,0,0,0,0,0,0,0,0,0,0,0,0,0,0,0,0,3.911,0,0,0,0,3.911,06037107010
107020,2022,1,2,3,7,18,39,29,0,0,0,0,1,6,0,0,0,0,0,0,4,4,0,3,0.0,5.961,5.823,0.0,5.056,0.0,0.073,0.076,0.0,0.011,0.0,0.228,0.31,0.0,0.034,0.0,5.733,5.513,0.0,5.022,0,0,0,0,0,0,0,0,0,0,0,0,0,0,0,0,0,0,0,0,0,22.839,0,0,0,0,22.839,06037107020
108101,2022,1,2,5,12,27,38,25,0,0,0,0,1,0,0,0,0,0,0,0,0,1,0,0,0.0,0.0,1.456,0.0,0.0,0.0,0.0,0.019,0.0,0.0,0.0,0.0,0.077,0.0,0.0,0.0,0.0,1.378,0.0,0.0,0,0,0,0,0,0,0,0,0,0,0,0,0,0,0,0,0,0,0,0,0,1.456,0,0,0,0,1.456,06037108101
108102,2022,1,2,5,12,27,38,25,0,0,0,0,1,2,0,0,0,0,0,2,0,0,0,0,2.95,0.0,0.0,0.0,0.0,0.094,0.0,0.0,0.0,0.0,0.304,0.0,0.0,0.0,0.0,2.646,0.0,0.0,0.0,0.0,0,0,0,0,0,0,0,0,0,0,0,0,0,0,0,0,0,0,0,0,0,4.95,0,0,0,0,4.95,06037108102
108103,2022,1,2,5,12,27,38,25,0,0,0,0,0,0,0,0,0,0,0,0,0,0,0,0,0.0,0.0,0.0,0.0,0.0,0.0,0.0,0.0,0.0,0.0,0.0,0.0,0.0,0.0,0.0,0.0,0.0,0.0,0.0,0.0,0,0,0,0,0,0,0,0,0,0,0,0,0,0,0,0,0,0,0,0,0,0.0,0,0,0,0,0.0,06037108103
108104,2022,1,2,5,12,27,38,25,0,0,0,0,1,0,0,0,0,0,0,0,0,1,0,0,0.0,0.0,1.456,0.0,0.0,0.0,0.0,0.019,0.0,0.0,0.0,0.0,0.077,0.0,0.0,0.0,0.0,1.378,0.0,0.0,0,0,0,0,0,0,0,0,0,0,0,0,0,0,0,0,0,0,0,0,0,1.456,0,0,0,0,1.456,06037108104
108201,2022,1,2,5,12,27,38,30,0,0,0,0,1,3,0,0,0,0,0,0,1,1,1,0,0.0,1.49,1.456,1.259,0.0,0.0,0.018,0.019,0.002,0.0,0.0,0.057,0.077,0.007,0.0,0.0,1.433,1.378,1.252,0.0,0,0,0,0,0,0,0,0,0,0,0,0,0,0,0,0,0,0,0,0,0,7.204,0,0,0,0,7.204,06037108201
108202,2022,1,2,5,12,27,38,30,0,0,0,0,0,0,0,0,0,0,0,0,0,0,0,0,0.0,0.0,0.0,0.0,0.0,0.0,0.0,0.0,0.0,0.0,0.0,0.0,0.0,0.0,0.0,0.0,0.0,0.0,0.0,0.0,0,0,0,0,0,0,0,0,0,0,0,0,0,0,0,0,0,0,0,0,0,0.0,0,0,0,0,0.0,06037108202
109100,2022,1,2,3,7,18,39,29,5,0,1,1,2,1,0,0,0,0,0,8,7,5,17,3,11.798,10.431,7.279,21.398,5.056,0.375,0.129,0.095,0.033,0.011,1.2149999999999999,0.39899999999999997,0.387,0.112,0.034,10.583,10.032,6.891,21.286,5.022,13,0,0,0,0,0,0,0,0,0,0,0,0,0,0,0,0,0,0,0,0,56.961,13,0,0,13,69.961,06037109100
109200,2022,1,2,3,12,18,39,29,0,0,0,0,1,0,0,0,0,0,0,0,0,6,0,0,0.0,0.0,8.734,0.0,0.0,0.0,0.0,0.114,0.0,0.0,0.0,0.0,0.465,0.0,0.0,0.0,0.0,8.269,0.0,0.0,0,0,0,0,0,0,0,0,0,0,0,0,0,0,0,0,0,0,0,0,0,8.734,0,0,0,0,8.734,06037109200
109300,2022,1,2,3,12,18,39,29,0,0,0,0,1,0,0,0,0,0,0,3,0,5,0,1,4.424,0.0,7.278,0.0,1.685,0.14,0.0,0.095,0.0,0.004,0.456,0.0,0.387,0.0,0.011,3.969,0.0,6.891,0.0,1.674,0,0,0,0,0,0,0,0,0,0,0,0,0,0,0,0,0,0,0,0,0,13.388,0,0,0,0,13.388,06037109300
109400,2022,1,2,3,7,18,39,29,0,0,0,0,1,0,0,0,0,0,0,1,7,5,0,0,1.475,10.431,7.278,0.0,0.0,0.047,0.128,0.095,0.0,0.0,0.152,0.398,0.387,0.0,0.0,1.323,10.033,6.891,0.0,0.0,0,0,0,0,0,0,0,0,0,0,0,0,0,0,0,0,0,0,0,0,0,19.184,0,0,0,0,19.184,06037109400
109500,2022,1,2,3,7,18,39,29,3,0,1,0,1,12,0,0,0,0,0,1,2,12,0,1,1.475,2.98,17.468,0.0,1.685,0.047,0.037,0.227,0.0,0.004,0.152,0.114,0.929,0.0,0.011,1.323,2.866,16.538,0.0,1.674,0,0,0,0,0,0,0,0,0,0,0,0,0,0,0,0,0,0,0,0,0,35.608,0,0,0,0,35.608,06037109500
109601,2022,1,2,3,7,18,39,29,2,0,1,0,2,10,0,0,0,0,0,2,3,11,1,0,2.95,4.47,16.012,1.259,0.0,0.094,0.05499999999999999,0.208,0.002,0.0,0.304,0.171,0.852,0.007,0.0,2.646,4.299,15.16,1.252,0.0,0,0,0,0,0,0,0,0,0,0,0,0,0,0,0,0,0,0,0,0,0,34.691,0,0,0,0,34.691,06037109601
109603,2022,1,2,3,7,18,39,29,0,0,0,0,1,2,0,0,0,0,0,0,0,1,0,1,0.0,0.0,1.456,0.0,1.685,0.0,0.0,0.019,0.0,0.004,0.0,0.0,0.077,0.0,0.011,0.0,0.0,1.378,0.0,1.674,0,0,0,0,0,0,0,0,0,0,0,0,0,0,0,0,0,0,0,0,0,5.141,0,0,0,0,5.141,06037109603
109604,2022,1,2,3,7,18,39,29,0,0,0,0,1,3,0,0,0,0,0,3,0,0,2,0,4.424,0.0,0.0,2.517,0.0,0.14,0.0,0.0,0.004,0.0,0.456,0.0,0.0,0.013,0.0,3.969,0.0,0.0,2.504,0.0,0,0,0,0,0,0,0,0,0,0,0,0,0,0,0,0,0,0,0,0,0,9.942,0,0,0,0,9.942,06037109604
109700,2022,1,2,3,12,18,38,29,1,0,1,0,1,0,0,0,0,0,0,0,0,3,0,1,0.0,0.0,4.367,0.0,1.685,0.0,0.0,0.057,0.0,0.004,0.0,0.0,0.232,0.0,0.011,0.0,0.0,4.135,0.0,1.674,0,0,0,0,0,0,0,0,0,0,0,0,0,0,0,0,0,0,0,0,0,6.052,0,0,0,0,6.052,06037109700
109800,2022,1,2,3,12,18,46,29,1,0,1,0,1,0,0,0,0,0,0,0,0,1,1,0,0.0,0.0,1.456,1.259,0.0,0.0,0.0,0.019,0.002,0.0,0.0,0.0,0.077,0.007,0.0,0.0,0.0,1.378,1.252,0.0,0,0,0,0,0,0,0,0,0,0,0,0,0,0,0,0,0,0,0,0,0,2.714,0,0,0,0,2.714,06037109800
111100,2022,1,2,5,12,18,38,30,0,0,0,0,0,0,0,0,0,0,0,0,0,0,0,0,0.0,0.0,0.0,0.0,0.0,0.0,0.0,0.0,0.0,0.0,0.0,0.0,0.0,0.0,0.0,0.0,0.0,0.0,0.0,0.0,0,0,0,0,0,0,0,0,0,0,0,0,0,0,0,0,0,0,0,0,0,0.0,0,0,0,0,0.0,06037111100
111201,2022,1,2,5,12,18,38,30,0,0,0,0,1,0,0,0,0,0,0,0,2,0,2,0,0.0,2.98,0.0,2.517,0.0,0.0,0.037,0.0,0.004,0.0,0.0,0.114,0.0,0.013,0.0,0.0,2.866,0.0,2.504,0.0,0,0,0,0,0,0,0,0,0,0,0,0,0,0,0,0,0,0,0,0,0,5.498,0,0,0,0,5.498,06037111201
111202,2022,1,2,5,12,18,38,30,0,0,0,0,0,0,0,0,0,0,0,0,0,0,0,0,0.0,0.0,0.0,0.0,0.0,0.0,0.0,0.0,0.0,0.0,0.0,0.0,0.0,0.0,0.0,0.0,0.0,0.0,0.0,0.0,0,0,0,0,0,0,0,0,0,0,0,0,0,0,0,0,0,0,0,0,0,0.0,0,0,0,0,0.0,06037111202
111204,2022,1,2,5,12,27,38,30,1,0,1,0,2,1,0,0,0,0,0,0,0,1,0,0,0.0,0.0,1.456,0.0,0.0,0.0,0.0,0.019,0.0,0.0,0.0,0.0,0.077,0.0,0.0,0.0,0.0,1.378,0.0,0.0,0,0,0,0,0,0,0,0,0,0,0,0,0,0,0,0,0,0,0,0,0,2.456,0,0,0,0,2.456,06037111204
111205,2022,1,2,5,12,27,45,30,0,0,0,0,0,0,0,0,0,0,0,0,0,0,0,0,0.0,0.0,0.0,0.0,0.0,0.0,0.0,0.0,0.0,0.0,0.0,0.0,0.0,0.0,0.0,0.0,0.0,0.0,0.0,0.0,0,0,0,0,0,0,0,0,0,0,0,0,0,0,0,0,0,0,0,0,0,0.0,0,0,0,0,0.0,06037111205
111206,2022,1,2,5,12,27,38,30,0,0,0,0,0,0,0,0,0,0,0,0,0,0,0,0,0.0,0.0,0.0,0.0,0.0,0.0,0.0,0.0,0.0,0.0,0.0,0.0,0.0,0.0,0.0,0.0,0.0,0.0,0.0,0.0,0,0,0,0,0,0,0,0,0,0,0,0,0,0,0,0,0,0,0,0,0,0.0,0,0,0,0,0.0,06037111206
111301,2022,1,2,5,12,18,38,30,1,0,1,0,2,2,0,0,0,0,0,0,0,1,0,0,0.0,0.0,1.456,0.0,0.0,0.0,0.0,0.019,0.0,0.0,0.0,0.0,0.077,0.0,0.0,0.0,0.0,1.378,0.0,0.0,0,0,0,0,0,0,0,0,0,0,0,0,0,0,0,0,0,0,0,0,0,3.456,0,0,0,0,3.456,06037111301
111302,2022,1,2,5,12,18,45,30,0,0,0,0,1,2,0,0,0,0,0,0,0,0,4,0,0.0,0.0,0.0,5.035,0.0,0.0,0.0,0.0,0.008,0.0,0.0,0.0,0.0,0.026,0.0,0.0,0.0,0.0,5.008,0.0,0,0,0,0,0,0,0,0,0,0,0,0,0,0,0,0,0,0,0,0,0,7.035,0,0,0,0,7.035,06037111302
111400,2022,1,2,5,12,18,38,29,7,0,2,0,2,10,0,0,0,0,0,8,2,4,13,2,11.798,2.98,5.823,16.363,3.37,0.374,0.037,0.076,0.025,0.008,1.215,0.114,0.309,0.08499999999999999,0.022,10.583,2.866,5.513,16.277,3.348,0,0,0,0,0,0,0,0,0,0,0,0,0,0,0,0,0,0,0,0,0,50.334,0,0,0,0,50.334,06037111400
113101,2022,1,2,5,12,27,38,30,0,0,0,0,1,2,0,0,0,0,0,0,1,1,0,1,0.0,1.49,1.456,0.0,1.685,0.0,0.018,0.019,0.0,0.004,0.0,0.057,0.077,0.0,0.011,0.0,1.433,1.378,0.0,1.674,0,0,0,0,0,0,0,0,0,0,0,0,0,0,0,0,0,0,0,0,0,6.631,0,0,0,0,6.631,06037113101
113102,2022,1,2,5,12,27,38,30,0,0,0,0,0,0,0,0,0,0,0,0,0,0,0,0,0.0,0.0,0.0,0.0,0.0,0.0,0.0,0.0,0.0,0.0,0.0,0.0,0.0,0.0,0.0,0.0,0.0,0.0,0.0,0.0,0,0,0,0,0,0,0,0,0,0,0,0,0,0,0,0,0,0,0,0,0,0.0,0,0,0,0,0.0,06037113102
113211,2022,1,2,5,12,27,38,30,0,0,0,0,2,0,0,0,0,0,0,0,2,9,0,0,0.0,2.98,13.101,0.0,0.0,0.0,0.037,0.171,0.0,0.0,0.0,0.114,0.697,0.0,0.0,0.0,2.866,12.404,0.0,0.0,0,0,0,0,0,0,0,0,0,0,0,0,0,0,0,0,0,0,0,0,0,16.081000000000003,0,0,0,0,16.081000000000003,06037113211
113212,2022,1,2,5,12,27,38,30,0,0,0,1,1,3,0,0,0,0,0,0,0,0,0,2,0.0,0.0,0.0,0.0,3.37,0.0,0.0,0.0,0.0,0.008,0.0,0.0,0.0,0.0,0.023,0.0,0.0,0.0,0.0,3.348,28,0,0,1,0,0,0,0,0,0,0,0,0,0,0,0,0,0,0,0,0,6.37,29,0,0,29,35.37,06037113212
113213,2022,1,2,5,12,27,45,30,11,0,1,0,1,5,0,0,0,0,0,4,0,2,4,0,5.899,0.0,2.911,5.035,0.0,0.187,0.0,0.038,0.008,0.0,0.608,0.0,0.155,0.026,0.0,5.292,0.0,2.756,5.008,0.0,0,0,0,0,0,0,0,0,0,0,0,0,0,0,0,0,0,0,0,0,0,18.845,0,0,0,0,18.845,06037113213
113231,2022,1,2,5,12,27,45,30,0,0,0,0,0,0,0,0,0,0,0,0,0,0,0,0,0.0,0.0,0.0,0.0,0.0,0.0,0.0,0.0,0.0,0.0,0.0,0.0,0.0,0.0,0.0,0.0,0.0,0.0,0.0,0.0,0,0,0,0,0,0,0,0,0,0,0,0,0,0,0,0,0,0,0,0,0,0.0,0,0,0,0,0.0,06037113231
113232,2022,1,2,5,12,27,45,30,0,0,0,1,1,0,0,0,0,0,0,0,0,2,0,0,0.0,0.0,2.911,0.0,0.0,0.0,0.0,0.038,0.0,0.0,0.0,0.0,0.155,0.0,0.0,0.0,0.0,2.756,0.0,0.0,0,0,0,0,0,0,0,0,0,0,0,0,0,0,0,0,0,0,0,0,0,2.911,0,0,0,0,2.911,06037113232
113233,2022,1,2,5,3,27,45,30,0,0,0,0,1,7,0,0,0,0,0,1,1,5,2,1,1.475,1.49,7.278,2.517,1.685,0.047,0.018,0.095,0.004,0.004,0.152,0.057,0.387,0.013,0.011,1.323,1.433,6.891,2.504,1.674,0,0,0,0,0,0,0,0,0,0,0,0,0,0,0,0,0,0,0,0,0,21.446,0,0,0,0,21.446,06037113233
113234,2022,1,2,3,3,27,45,30,1,0,1,0,1,2,0,0,0,0,0,10,2,7,0,0,14.748,2.98,10.189,0.0,0.0,0.468,0.037,0.133,0.0,0.0,1.519,0.114,0.542,0.0,0.0,13.229,2.866,9.647,0.0,0.0,0,0,0,0,0,0,0,0,0,0,0,0,0,0,0,0,0,0,0,0,0,29.917,0,0,0,0,29.917,06037113234
113235,2022,2,2,5,0,27,45,30,0,0,0,0,0,0,0,0,0,0,0,0,0,0,0,0,0.0,0.0,0.0,0.0,0.0,0.0,0.0,0.0,0.0,0.0,0.0,0.0,0.0,0.0,0.0,0.0,0.0,0.0,0.0,0.0,0,0,0,0,0,0,0,0,0,0,0,0,0,0,0,0,0,0,0,0,0,0.0,0,0,0,0,0.0,06037113235
113237,2022,1,2,5,12,27,45,30,46,0,1,0,2,140,0,0,0,0,0,18,6,40,29,1,26.546,8.940999999999999,58.225,36.502,1.685,0.842,0.11,0.758,0.056,0.004,2.734,0.34199999999999997,3.098,0.191,0.011,23.812,8.599,55.127,36.311,1.674,0,0,0,0,0,0,0,0,0,0,0,0,0,0,0,0,0,0,0,0,0,271.90000000000003,0,0,0,0,271.90000000000003,06037113237
113301,2022,1,2,5,12,27,45,30,0,0,0,0,3,4,0,0,0,0,0,0,0,3,0,1,0.0,0.0,4.367,0.0,1.685,0.0,0.0,0.057,0.0,0.004,0.0,0.0,0.232,0.0,0.011,0.0,0.0,4.135,0.0,1.674,0,0,0,0,0,0,0,0,0,0,0,0,0,0,0,0,0,0,0,0,0,10.052,0,0,0,0,10.052,06037113301
113303,2022,1,2,5,12,27,45,30,8,0,1,0,1,9,0,0,0,0,0,9,1,35,9,11,13.273,1.49,50.947,11.328,18.537,0.421,0.018,0.663,0.017,0.042,1.367,0.057,2.711,0.059,0.125,11.906,1.433,48.236,11.269,18.413,0,0,0,0,0,0,0,0,0,0,0,0,0,0,0,0,0,0,0,0,0,104.58,0,0,0,0,104.58,06037113303
113321,2022,1,2,5,12,27,45,30,6,0,1,0,1,33,0,0,0,0,0,7,8,21,22,20,10.323,11.921,30.568,27.691,33.704,0.328,0.147,0.398,0.042,0.075,1.063,0.455,1.627,0.145,0.226,9.26,11.466,28.942,27.547,33.478,0,0,0,0,0,0,0,0,0,0,0,0,0,0,0,0,0,0,0,0,0,147.21,0,0,0,0,147.21,06037113321
113322,2022,1,2,5,12,27,45,30,0,0,0,0,1,0,0,0,0,0,0,0,2,0,0,0,0.0,2.98,0.0,0.0,0.0,0.0,0.037,0.0,0.0,0.0,0.0,0.114,0.0,0.0,0.0,0.0,2.866,0.0,0.0,0.0,0,0,0,0,0,0,0,0,0,0,0,0,0,0,0,0,0,0,0,0,0,2.98,0,0,0,0,2.98,06037113322
113401,2022,1,2,3,12,27,45,30,0,0,0,1,0,0,0,0,0,0,0,0,0,0,0,0,0.0,0.0,0.0,0.0,0.0,0.0,0.0,0.0,0.0,0.0,0.0,0.0,0.0,0.0,0.0,0.0,0.0,0.0,0.0,0.0,8,0,0,0,0,0,0,0,0,0,0,0,0,0,0,0,0,0,0,0,0,0.0,8,0,0,8,8.0,06037113401
113421,2022,1,2,3,3,27,45,30,31,0,2,0,3,5,0,0,0,0,0,0,4,24,8,8,0.0,5.96,34.935,10.068999999999999,13.482000000000001,0.0,0.074,0.455,0.016,0.03,0.0,0.228,1.8579999999999999,0.053000000000000005,0.091,0.0,5.732,33.07599999999999,10.017,13.391,0,0,0,0,0,0,0,0,0,0,0,0,0,0,0,0,0,0,0,0,0,69.447,0,0,0,0,69.447,06037113421
113422,2022,1,2,3,3,27,45,30,0,0,0,0,1,3,0,0,0,0,0,0,0,0,1,0,0.0,0.0,0.0,1.259,0.0,0.0,0.0,0.0,0.002,0.0,0.0,0.0,0.0,0.007,0.0,0.0,0.0,0.0,1.252,0.0,0,0,0,0,0,0,0,0,0,0,0,0,0,0,0,0,0,0,0,0,0,4.259,0,0,0,0,4.259,06037113422
115101,2022,1,2,3,12,18,45,30,0,0,0,0,1,3,0,0,0,0,0,1,1,0,0,0,1.475,1.49,0.0,0.0,0.0,0.047,0.018,0.0,0.0,0.0,0.152,0.057,0.0,0.0,0.0,1.323,1.433,0.0,0.0,0.0,0,0,0,0,0,0,0,0,0,0,0,0,0,0,0,0,0,0,0,0,0,5.965,0,0,0,0,5.965,06037115101
115103,2022,1,2,5,12,18,45,30,0,0,0,0,0,0,0,0,0,0,0,0,0,0,0,0,0.0,0.0,0.0,0.0,0.0,0.0,0.0,0.0,0.0,0.0,0.0,0.0,0.0,0.0,0.0,0.0,0.0,0.0,0.0,0.0,0,0,0,0,0,0,0,0,0,0,0,0,0,0,0,0,0,0,0,0,0,0.0,0,0,0,0,0.0,06037115103
115104,2022,1,2,3,12,18,45,30,0,0,0,0,1,0,0,0,0,0,0,0,0,1,0,0,0.0,0.0,1.456,0.0,0.0,0.0,0.0,0.019,0.0,0.0,0.0,0.0,0.077,0.0,0.0,0.0,0.0,1.378,0.0,0.0,0,0,0,0,0,0,0,0,0,0,0,0,0,0,0,0,0,0,0,0,0,1.456,0,0,0,0,1.456,06037115104
115201,2022,1,2,3,12,27,45,30,0,0,0,0,1,0,0,0,0,0,0,0,0,4,0,0,0.0,0.0,5.823,0.0,0.0,0.0,0.0,0.076,0.0,0.0,0.0,0.0,0.31,0.0,0.0,0.0,0.0,5.513,0.0,0.0,0,0,0,0,0,0,0,0,0,0,0,0,0,0,0,0,0,0,0,0,0,5.823,0,0,0,0,5.823,06037115201
115202,2022,1,2,3,12,27,45,30,4,5,2,1,1,3,0,0,0,0,0,1,5,6,0,0,1.475,7.451,8.734,0.0,0.0,0.047,0.092,0.114,0.0,0.0,0.152,0.285,0.465,0.0,0.0,1.323,7.166,8.269,0.0,0.0,5,0,0,0,0,0,0,0,0,0,0,0,0,0,0,0,0,0,0,0,0,20.659,5,0,0,5,25.659,06037115202
115301,2022,1,2,3,12,27,45,30,0,0,0,0,2,1,0,0,0,0,0,1,0,2,0,1,1.475,0.0,2.911,0.0,1.685,0.047,0.0,0.038,0.0,0.004,0.152,0.0,0.155,0.0,0.011,1.323,0.0,2.756,0.0,1.674,0,0,0,0,0,0,0,0,0,0,0,0,0,0,0,0,0,0,0,0,0,7.071,0,0,0,0,7.071,06037115301
115302,2022,1,2,3,12,27,45,30,0,0,0,0,0,0,0,0,0,0,0,0,0,0,0,0,0.0,0.0,0.0,0.0,0.0,0.0,0.0,0.0,0.0,0.0,0.0,0.0,0.0,0.0,0.0,0.0,0.0,0.0,0.0,0.0,0,0,0,0,0,0,0,0,0,0,0,0,0,0,0,0,0,0,0,0,0,0.0,0,0,0,0,0.0,06037115302
115401,2022,1,2,3,12,18,45,30,0,0,0,0,1,0,0,0,0,0,0,1,1,0,0,0,1.475,1.49,0.0,0.0,0.0,0.047,0.018,0.0,0.0,0.0,0.152,0.057,0.0,0.0,0.0,1.323,1.433,0.0,0.0,0.0,0,0,0,0,0,0,0,0,0,0,0,0,0,0,0,0,0,0,0,0,0,2.965,0,0,0,0,2.965,06037115401
115403,2022,1,2,3,12,18,45,30,0,0,0,0,1,2,0,0,0,0,0,5,0,9,2,3,7.374,0.0,13.101,2.517,5.056,0.234,0.0,0.171,0.004,0.011,0.759,0.0,0.697,0.013,0.034,6.614,0.0,12.404,2.504,5.022,0,0,0,0,0,0,0,0,0,0,0,0,0,0,0,0,0,0,0,0,0,30.047,0,0,0,0,30.047,06037115403
115404,2022,1,2,3,12,27,45,30,3,0,1,0,1,1,0,0,16,0,0,0,1,4,0,0,0.0,1.49,5.823,0.0,0.0,0.0,0.018,0.076,0.0,0.0,0.0,0.057,0.31,0.0,0.0,0.0,1.433,5.513,0.0,0.0,0,0,0,0,0,0,0,0,0,0,0,0,0,0,0,0,0,0,0,0,0,24.313,0,0,0,0,24.313,06037115404
117101,2022,1,2,3,7,18,46,29,0,0,0,0,1,0,0,0,0,0,0,3,0,3,0,0,4.424,0.0,4.367,0.0,0.0,0.14,0.0,0.057,0.0,0.0,0.456,0.0,0.232,0.0,0.0,3.969,0.0,4.135,0.0,0.0,0,0,0,0,0,0,0,0,0,0,0,0,0,0,0,0,0,0,0,0,0,8.791,0,0,0,0,8.791,06037117101
117102,2022,1,2,3,7,18,46,29,0,0,0,0,1,0,0,0,0,0,0,0,0,5,0,0,0.0,0.0,7.278,0.0,0.0,0.0,0.0,0.095,0.0,0.0,0.0,0.0,0.387,0.0,0.0,0.0,0.0,6.891,0.0,0.0,0,0,0,0,0,0,0,0,0,0,0,0,0,0,0,0,0,0,0,0,0,7.278,0,0,0,0,7.278,06037117102
117201,2022,1,2,3,7,18,46,29,0,0,0,0,1,11,0,0,0,0,0,1,3,3,1,9,1.475,4.471,4.367,1.259,15.167,0.047,0.055,0.057,0.002,0.034,0.152,0.171,0.232,0.007,0.102,1.323,4.3,4.135,1.252,15.065,0,0,0,0,0,0,0,0,0,0,0,0,0,0,0,0,0,0,0,0,0,37.738,0,0,0,0,37.738,06037117201
117202,2022,1,2,3,12,18,46,29,4,0,1,0,1,17,0,0,0,0,0,2,2,1,1,0,2.95,2.98,1.456,1.259,0.0,0.094,0.037,0.019,0.002,0.0,0.304,0.114,0.077,0.007,0.0,2.646,2.866,1.378,1.252,0.0,0,0,0,0,0,0,0,0,0,0,0,0,0,0,0,0,0,0,0,0,0,25.644,0,0,0,0,25.644,06037117202
117301,2022,1,2,3,12,18,46,29,0,0,0,0,1,0,0,0,0,0,0,0,0,1,0,0,0.0,0.0,1.456,0.0,0.0,0.0,0.0,0.019,0.0,0.0,0.0,0.0,0.077,0.0,0.0,0.0,0.0,1.378,0.0,0.0,0,0,0,0,0,0,0,0,0,0,0,0,0,0,0,0,0,0,0,0,0,1.456,0,0,0,0,1.456,06037117301
117302,2022,1,2,3,12,18,45,30,0,0,0,0,0,0,0,0,0,0,0,0,0,0,0,0,0.0,0.0,0.0,0.0,0.0,0.0,0.0,0.0,0.0,0.0,0.0,0.0,0.0,0.0,0.0,0.0,0.0,0.0,0.0,0.0,0,0,0,0,0,0,0,0,0,0,0,0,0,0,0,0,0,0,0,0,0,0.0,0,0,0,0,0.0,06037117302
117303,2022,1,2,3,12,18,46,29,0,0,0,0,1,0,0,0,0,0,0,0,0,1,0,0,0.0,0.0,1.456,0.0,0.0,0.0,0.0,0.019,0.0,0.0,0.0,0.0,0.077,0.0,0.0,0.0,0.0,1.378,0.0,0.0,0,0,0,0,0,0,0,0,0,0,0,0,0,0,0,0,0,0,0,0,0,1.456,0,0,0,0,1.456,06037117303
117404,2022,1,2,3,12,18,46,29,2,0,1,0,2,6,0,0,0,0,0,5,3,3,2,2,7.3740000000000006,4.471,4.367,2.517,3.37,0.234,0.055,0.056999999999999995,0.004,0.008,0.76,0.171,0.23199999999999998,0.013,0.023,6.615,4.3,4.1339999999999995,2.504,3.348,0,0,0,0,0,0,0,0,0,0,0,0,0,0,0,0,0,0,0,0,0,28.098999999999997,0,0,0,0,28.098999999999997,06037117404
117405,2022,1,2,3,7,18,46,29,6,0,1,0,1,6,0,0,22,0,0,0,0,0,0,5,0.0,0.0,0.0,0.0,8.426,0.0,0.0,0.0,0.0,0.019,0.0,0.0,0.0,0.0,0.057,0.0,0.0,0.0,0.0,8.369,0,0,0,0,0,0,0,0,0,0,0,0,0,0,0,0,0,0,0,0,0,36.426,0,0,0,0,36.426,06037117405
117407,2022,1,2,3,6,18,46,29,0,0,0,0,1,3,0,0,0,0,0,1,0,0,7,7,1.475,0.0,0.0,8.811,11.796,0.047,0.0,0.0,0.013,0.026,0.152,0.0,0.0,0.046,0.079,1.323,0.0,0.0,8.765,11.717,0,0,0,0,0,0,0,0,0,0,0,0,0,0,0,0,0,0,0,0,0,25.082,0,0,0,0,25.082,06037117407
117408,2022,1,2,3,6,18,46,29,0,0,0,1,1,0,0,0,0,0,0,0,0,0,0,3,0.0,0.0,0.0,0.0,5.056,0.0,0.0,0.0,0.0,0.011,0.0,0.0,0.0,0.0,0.034,0.0,0.0,0.0,0.0,5.022,29,0,0,0,0,0,0,0,0,0,0,0,0,0,0,0,0,0,0,0,0,5.056,29,0,0,29,34.056,06037117408
117510,2022,1,2,3,7,18,46,29,0,50,0,1,1,0,0,0,0,0,0,0,1,0,0,0,0.0,1.49,0.0,0.0,0.0,0.0,0.018,0.0,0.0,0.0,0.0,0.057,0.0,0.0,0.0,0.0,1.433,0.0,0.0,0.0,0,0,0,0,0,0,0,5,0,0,33,0,0,0,0,0,0,0,0,0,0,1.49,0,38,0,38,39.49,06037117510
117520,2022,1,2,3,6,18,46,29,5,0,1,0,1,0,0,0,0,0,0,1,0,0,8,5,1.475,0.0,0.0,10.069,8.426,0.047,0.0,0.0,0.015,0.019,0.152,0.0,0.0,0.053,0.057,1.323,0.0,0.0,10.017,8.369,0,0,0,0,0,0,0,0,0,0,0,0,0,0,0,0,0,0,0,0,0,19.97,0,0,0,0,19.97,06037117520
117530,2022,1,2,3,6,18,46,29,0,0,0,0,2,12,0,0,0,0,0,2,6,0,0,0,2.95,8.941,0.0,0.0,0.0,0.094,0.10999999999999999,0.0,0.0,0.0,0.304,0.342,0.0,0.0,0.0,2.646,8.599,0.0,0.0,0.0,0,0,0,0,0,0,0,0,0,0,0,0,0,0,0,0,0,0,0,0,0,23.891,0,0,0,0,23.891,06037117530
119001,2022,1,2,3,6,18,39,29,0,0,0,0,1,11,0,0,0,0,0,0,0,1,0,5,0.0,0.0,1.456,0.0,8.426,0.0,0.0,0.019,0.0,0.019,0.0,0.0,0.077,0.0,0.057,0.0,0.0,1.378,0.0,8.369,0,0,0,0,0,0,0,0,0,0,0,0,0,0,0,0,0,0,0,0,0,20.882,0,0,0,0,20.882,06037119001
119002,2022,1,2,3,6,18,39,29,0,0,0,0,2,11,0,0,0,0,0,1,1,9,0,7,1.475,1.49,13.100999999999999,0.0,11.796,0.047,0.018,0.17099999999999999,0.0,0.027,0.152,0.057,0.697,0.0,0.08,1.323,1.433,12.403,0.0,11.716999999999999,0,0,0,0,0,0,0,0,0,0,0,0,0,0,0,0,0,0,0,0,0,38.862,0,0,0,0,38.862,06037119002
119201,2022,1,2,3,6,18,39,29,0,0,0,0,0,0,0,0,0,0,0,0,0,0,0,0,0.0,0.0,0.0,0.0,0.0,0.0,0.0,0.0,0.0,0.0,0.0,0.0,0.0,0.0,0.0,0.0,0.0,0.0,0.0,0.0,0,0,0,0,0,0,0,0,0,0,0,0,0,0,0,0,0,0,0,0,0,0.0,0,0,0,0,0.0,06037119201
119202,2022,1,2,3,6,18,39,29,0,15,0,1,2,14,0,0,0,0,0,2,0,5,0,5,2.95,0.0,7.279,0.0,8.426,0.094,0.0,0.095,0.0,0.019,0.304,0.0,0.387,0.0,0.057,2.646,0.0,6.891,0.0,8.370000000000001,12,0,0,0,0,0,0,0,0,0,0,0,0,0,0,0,0,0,0,0,0,32.653,12,0,0,12,44.653000000000006,06037119202
119310,2022,1,2,3,6,18,46,29,0,0,0,0,2,1,0,0,0,0,0,0,0,5,0,0,0.0,0.0,7.279,0.0,0.0,0.0,0.0,0.095,0.0,0.0,0.0,0.0,0.387,0.0,0.0,0.0,0.0,6.891,0.0,0.0,0,0,0,0,0,0,0,0,0,0,0,0,0,0,0,0,0,0,0,0,0,8.279,0,0,0,0,8.279,06037119310
119320,2022,1,2,3,6,18,46,29,0,0,0,0,1,4,0,0,0,0,0,0,0,0,3,2,0.0,0.0,0.0,3.776,3.37,0.0,0.0,0.0,0.006,0.008,0.0,0.0,0.0,0.02,0.023,0.0,0.0,0.0,3.756,3.348,0,0,0,0,0,0,0,0,0,0,0,0,0,0,0,0,0,0,0,0,0,11.146,0,0,0,0,11.146,06037119320
119340,2022,1,2,3,6,18,46,29,0,0,0,0,1,0,0,0,0,0,0,0,0,0,0,1,0.0,0.0,0.0,0.0,1.685,0.0,0.0,0.0,0.0,0.004,0.0,0.0,0.0,0.0,0.011,0.0,0.0,0.0,0.0,1.674,0,0,0,0,0,0,0,0,0,0,0,0,0,0,0,0,0,0,0,0,0,1.685,0,0,0,0,1.685,06037119340
119341,2022,1,2,3,6,18,46,29,0,0,0,0,1,2,0,0,0,0,0,4,1,0,1,4,5.899,1.49,0.0,1.259,6.741,0.187,0.018,0.0,0.002,0.015,0.608,0.057,0.0,0.007,0.045,5.292,1.433,0.0,1.252,6.696,0,0,0,0,0,0,0,0,0,0,0,0,0,0,0,0,0,0,0,0,0,17.389,0,0,0,0,17.389,06037119341
119342,2022,1,2,3,6,18,46,29,0,0,0,0,0,0,0,0,0,0,0,0,0,0,0,0,0.0,0.0,0.0,0.0,0.0,0.0,0.0,0.0,0.0,0.0,0.0,0.0,0.0,0.0,0.0,0.0,0.0,0.0,0.0,0.0,0,0,0,0,0,0,0,0,0,0,0,0,0,0,0,0,0,0,0,0,0,0.0,0,0,0,0,0.0,06037119342
119400,2022,1,2,3,6,18,39,29,0,0,0,0,1,0,0,0,0,0,0,3,2,3,1,0,4.424,2.98,4.367,1.259,0.0,0.14,0.037,0.057,0.002,0.0,0.456,0.114,0.232,0.007,0.0,3.969,2.866,4.135,1.252,0.0,0,0,0,0,0,0,0,0,0,0,0,0,0,0,0,0,0,0,0,0,0,13.03,0,0,0,0,13.03,06037119400
119700,2022,1,2,3,6,18,39,29,0,0,0,0,1,0,0,0,0,0,0,0,1,3,0,0,0.0,1.49,4.367,0.0,0.0,0.0,0.018,0.057,0.0,0.0,0.0,0.057,0.232,0.0,0.0,0.0,1.433,4.135,0.0,0.0,0,0,0,0,0,0,0,0,0,0,0,0,0,0,0,0,0,0,0,0,0,5.857,0,0,0,0,5.857,06037119700
119800,2022,1,2,3,6,18,39,29,0,0,0,0,1,5,0,0,0,0,0,0,0,0,0,1,0.0,0.0,0.0,0.0,1.685,0.0,0.0,0.0,0.0,0.004,0.0,0.0,0.0,0.0,0.011,0.0,0.0,0.0,0.0,1.674,0,0,0,0,0,0,0,0,0,0,0,0,0,0,0,0,0,0,0,0,0,6.685,0,0,0,0,6.685,06037119800
119900,2022,1,2,3,6,18,46,29,0,0,0,0,1,2,0,0,0,0,0,0,1,1,1,1,0.0,1.49,1.456,1.259,1.685,0.0,0.018,0.019,0.002,0.004,0.0,0.057,0.077,0.007,0.011,0.0,1.433,1.378,1.252,1.674,0,0,0,0,0,0,0,0,0,0,0,0,0,0,0,0,0,0,0,0,0,7.89,0,0,0,0,7.89,06037119900
120010,2022,1,2,3,6,18,46,29,0,0,0,0,0,0,0,0,0,0,0,0,0,0,0,0,0.0,0.0,0.0,0.0,0.0,0.0,0.0,0.0,0.0,0.0,0.0,0.0,0.0,0.0,0.0,0.0,0.0,0.0,0.0,0.0,0,0,0,0,0,0,0,0,0,0,0,0,0,0,0,0,0,0,0,0,0,0.0,0,0,0,0,0.0,06037120010
120020,2022,1,2,3,6,18,46,29,0,0,0,0,0,0,0,0,0,0,0,0,0,0,0,0,0.0,0.0,0.0,0.0,0.0,0.0,0.0,0.0,0.0,0.0,0.0,0.0,0.0,0.0,0.0,0.0,0.0,0.0,0.0,0.0,0,0,0,0,0,0,0,0,0,0,0,0,0,0,0,0,0,0,0,0,0,0.0,0,0,0,0,0.0,06037120020
120030,2022,1,2,3,6,18,46,29,0,0,0,0,1,1,0,0,0,0,0,1,2,1,0,2,1.475,2.98,1.456,0.0,3.37,0.047,0.037,0.019,0.0,0.008,0.152,0.114,0.077,0.0,0.023,1.323,2.866,1.378,0.0,3.348,0,0,0,0,0,0,0,0,0,0,0,0,0,0,0,0,0,0,0,0,0,10.281,0,0,0,0,10.281,06037120030
120103,2022,1,2,3,6,18,46,29,0,0,0,0,1,3,0,0,0,0,0,1,1,0,0,0,1.475,1.49,0.0,0.0,0.0,0.047,0.018,0.0,0.0,0.0,0.152,0.057,0.0,0.0,0.0,1.323,1.433,0.0,0.0,0.0,0,0,0,0,0,0,0,0,0,0,0,0,0,0,0,0,0,0,0,0,0,5.965,0,0,0,0,5.965,06037120103
120104,2022,1,2,3,6,18,46,29,0,0,0,0,1,5,0,0,0,0,0,1,0,0,1,2,1.475,0.0,0.0,1.259,3.37,0.047,0.0,0.0,0.002,0.008,0.152,0.0,0.0,0.007,0.023,1.323,0.0,0.0,1.252,3.348,0,0,0,0,0,0,0,0,0,0,0,0,0,0,0,0,0,0,0,0,0,11.104,0,0,0,0,11.104,06037120104
120105,2022,1,2,3,6,18,46,29,0,0,0,0,1,1,0,0,0,0,0,0,0,0,0,0,0.0,0.0,0.0,0.0,0.0,0.0,0.0,0.0,0.0,0.0,0.0,0.0,0.0,0.0,0.0,0.0,0.0,0.0,0.0,0.0,0,0,0,0,0,0,0,0,0,0,0,0,0,0,0,0,0,0,0,0,0,1.0,0,0,0,0,1.0,06037120105
120106,2022,1,2,3,6,18,46,29,0,0,0,0,1,6,0,0,0,0,0,0,0,1,1,0,0.0,0.0,1.456,1.259,0.0,0.0,0.0,0.019,0.002,0.0,0.0,0.0,0.077,0.007,0.0,0.0,0.0,1.378,1.252,0.0,0,0,0,0,0,0,0,0,0,0,0,0,0,0,0,0,0,0,0,0,0,8.714,0,0,0,0,8.714,06037120106
120107,2022,1,2,3,6,18,46,29,0,0,0,0,1,3,0,0,0,0,0,0,0,0,0,1,0.0,0.0,0.0,0.0,1.685,0.0,0.0,0.0,0.0,0.004,0.0,0.0,0.0,0.0,0.011,0.0,0.0,0.0,0.0,1.674,0,0,0,0,0,0,0,0,0,0,0,0,0,0,0,0,0,0,0,0,0,4.685,0,0,0,0,4.685,06037120107
120108,2022,1,2,3,6,18,46,29,0,0,0,0,2,1,0,0,0,0,0,2,2,0,0,7,2.95,2.98,0.0,0.0,11.796,0.094,0.036,0.0,0.0,0.026,0.304,0.114,0.0,0.0,0.079,2.646,2.866,0.0,0.0,11.717,0,0,0,0,0,0,0,0,0,0,0,0,0,0,0,0,0,0,0,0,0,18.726,0,0,0,0,18.726,06037120108
120300,2022,1,2,3,6,18,46,29,0,0,0,0,1,7,0,0,0,0,0,9,2,24,4,9,13.273,2.98,34.935,5.035,15.167,0.421,0.037,0.455,0.008,0.034,1.367,0.114,1.859,0.026,0.102,11.906,2.866,33.076,5.008,15.065,0,0,0,0,0,0,0,0,0,0,0,0,0,0,0,0,0,0,0,0,0,78.39,0,0,0,0,78.39,06037120300
120400,2022,1,2,3,6,18,46,29,0,0,0,0,2,8,0,0,0,0,0,1,0,0,6,1,1.475,0.0,0.0,7.552,1.685,0.047,0.0,0.0,0.012,0.004,0.152,0.0,0.0,0.039,0.011,1.323,0.0,0.0,7.513,1.674,0,0,0,0,0,0,0,0,0,0,0,0,0,0,0,0,0,0,0,0,0,18.712,0,0,0,0,18.712,06037120400
121010,2022,1,2,3,6,18,39,29,13,0,4,0,3,22,0,0,0,0,0,4,2,24,1,7,5.899,2.98,34.93600000000001,1.259,11.796,0.187,0.037,0.455,0.002,0.026,0.6080000000000001,0.114,1.858,0.007,0.079,5.292,2.866,33.076,1.252,11.717,0,0,0,0,0,0,0,0,0,0,0,0,0,0,0,0,0,0,0,0,0,78.87,0,0,0,0,78.87,06037121010
121020,2022,1,2,3,2,18,39,29,0,0,0,0,2,3,0,0,0,0,0,0,0,3,2,0,0.0,0.0,4.367,2.517,0.0,0.0,0.0,0.057,0.004,0.0,0.0,0.0,0.232,0.013,0.0,0.0,0.0,4.135,2.504,0.0,0,0,0,0,0,0,0,0,0,0,0,0,0,0,0,0,0,0,0,0,0,9.884,0,0,0,0,9.884,06037121020
121101,2022,1,2,5,6,18,39,29,0,0,0,0,0,0,0,0,0,0,0,0,0,0,0,0,0.0,0.0,0.0,0.0,0.0,0.0,0.0,0.0,0.0,0.0,0.0,0.0,0.0,0.0,0.0,0.0,0.0,0.0,0.0,0.0,0,0,0,0,0,0,0,0,0,0,0,0,0,0,0,0,0,0,0,0,0,0.0,0,0,0,0,0.0,06037121101
121102,2022,1,2,3,6,25,39,28,19,0,2,0,4,10,0,0,0,0,0,16,4,35,0,2,23.597,5.96,50.947,0.0,3.37,0.749,0.074,0.664,0.0,0.008,2.43,0.228,2.7110000000000003,0.0,0.023,21.166,5.732,48.236,0.0,3.348,0,0,0,0,0,0,0,0,0,0,0,0,0,0,0,0,0,0,0,0,0,93.875,0,0,0,0,93.875,06037121102
121210,2022,1,2,3,6,18,39,29,9,0,2,0,2,12,0,0,0,0,0,8,4,4,4,5,11.799,5.961,5.823,5.035,8.426,0.375,0.073,0.076,0.008,0.019,1.215,0.228,0.309,0.026,0.055999999999999994,10.583,5.733,5.513,5.008,8.37,0,0,0,0,0,0,0,0,0,0,0,0,0,0,0,0,0,0,0,0,0,49.042,0,0,0,0,49.042,06037121210
121221,2022,1,2,3,6,18,39,29,0,0,0,0,1,0,0,0,0,0,0,0,1,0,0,6,0.0,1.49,0.0,0.0,10.111,0.0,0.018,0.0,0.0,0.023,0.0,0.057,0.0,0.0,0.068,0.0,1.433,0.0,0.0,10.043,0,0,0,0,0,0,0,0,0,0,0,0,0,0,0,0,0,0,0,0,0,11.601,0,0,0,0,11.601,06037121221
121222,2022,1,2,3,6,18,39,29,0,0,0,0,1,2,0,0,0,0,0,2,0,8,0,0,2.95,0.0,11.645,0.0,0.0,0.094,0.0,0.152,0.0,0.0,0.304,0.0,0.62,0.0,0.0,2.646,0.0,11.025,0.0,0.0,0,0,0,0,0,0,0,0,0,0,0,0,0,0,0,0,0,0,0,0,0,16.595,0,0,0,0,16.595,06037121222
121600,2022,1,2,3,2,18,39,29,0,64,0,1,2,0,0,0,0,0,0,0,1,2,0,2,0.0,1.49,2.911,0.0,3.37,0.0,0.018,0.038,0.0,0.008,0.0,0.057,0.155,0.0,0.023,0.0,1.433,2.756,0.0,3.348,22,0,0,1,0,0,0,0,0,0,0,0,0,0,0,0,0,0,0,0,0,7.772,23,0,0,23,30.772000000000002,06037121600
121801,2022,1,2,3,6,18,39,29,0,0,0,0,1,2,0,0,0,0,0,0,0,0,0,0,0.0,0.0,0.0,0.0,0.0,0.0,0.0,0.0,0.0,0.0,0.0,0.0,0.0,0.0,0.0,0.0,0.0,0.0,0.0,0.0,0,0,0,0,0,0,0,0,0,0,0,0,0,0,0,0,0,0,0,0,0,2.0,0,0,0,0,2.0,06037121801
121802,2022,1,2,3,6,18,39,29,9,177,1,1,2,11,0,0,0,0,0,19,9,15,14,7,28.02,13.412,21.834,17.622,11.796000000000001,0.889,0.165,0.284,0.027,0.027,2.886,0.512,1.162,0.092,0.079,25.135,12.899,20.673,17.53,11.716999999999999,144,81,277,6,5,13,2,1,0,0,0,0,0,0,6,0,0,0,0,0,0,103.685,442,1,6,449,552.685,06037121802
121900,2022,1,2,3,6,18,39,29,4,391,2,0,2,0,0,0,0,0,0,11,2,17,4,3,16.222,2.98,24.745,5.035,5.056,0.515,0.037,0.32199999999999995,0.008,0.011,1.671,0.114,1.317,0.026,0.034,14.552,2.866,23.429,5.008,5.022,0,0,0,0,0,0,0,0,0,0,0,0,0,0,0,0,0,0,0,0,0,54.039,0,0,0,0,54.039,06037121900
122000,2022,1,2,3,2,18,39,29,0,67,0,1,3,10,0,0,0,0,0,2,1,8,4,7,2.95,1.49,11.645,5.035,11.796,0.094,0.018,0.152,0.008,0.026,0.304,0.057,0.619,0.026,0.079,2.646,1.433,11.025,5.008,11.717,52,0,0,1,0,0,0,0,0,0,0,0,0,0,0,0,0,0,0,0,0,42.916000000000004,53,0,0,53,95.916,06037122000
122120,2022,1,2,3,6,18,39,29,0,0,0,0,0,0,0,0,0,0,0,0,0,0,0,0,0.0,0.0,0.0,0.0,0.0,0.0,0.0,0.0,0.0,0.0,0.0,0.0,0.0,0.0,0.0,0.0,0.0,0.0,0.0,0.0,0,0,0,0,0,0,0,0,0,0,0,0,0,0,0,0,0,0,0,0,0,0.0,0,0,0,0,0.0,06037122120
122121,2022,1,2,3,6,18,39,29,0,0,0,0,2,3,0,0,0,0,0,0,4,2,0,0,0.0,5.96,2.911,0.0,0.0,0.0,0.074,0.038,0.0,0.0,0.0,0.228,0.155,0.0,0.0,0.0,5.732,2.756,0.0,0.0,0,0,0,0,0,0,0,0,0,0,0,0,0,0,0,0,0,0,0,0,0,11.872,0,0,0,0,11.872,06037122121
122122,2022,1,2,3,6,18,39,29,0,0,0,1,1,29,0,0,0,0,0,18,12,83,3,0,26.546,17.882,120.82,3.776,0.0,0.842,0.22,1.573,0.006,0.0,2.734,0.683,6.429,0.02,0.0,23.812,17.199,114.39,3.756,0.0,0,0,0,0,0,0,0,1,0,0,3,0,0,0,0,0,0,0,0,0,0,198.02,0,4,0,4,202.02,06037122122
122200,2022,1,2,5,2,18,39,29,0,0,0,0,0,0,0,0,0,0,0,0,0,0,0,0,0.0,0.0,0.0,0.0,0.0,0.0,0.0,0.0,0.0,0.0,0.0,0.0,0.0,0.0,0.0,0.0,0.0,0.0,0.0,0.0,0,0,0,0,0,0,0,0,0,0,0,0,0,0,0,0,0,0,0,0,0,0.0,0,0,0,0,0.0,06037122200
122410,2022,1,2,3,2,18,39,29,0,0,0,0,1,3,0,0,0,0,0,1,1,4,0,3,1.475,1.49,5.823,0.0,5.056,0.047,0.018,0.076,0.0,0.011,0.152,0.057,0.31,0.0,0.034,1.323,1.433,5.513,0.0,5.022,0,0,0,0,0,0,0,0,0,0,0,0,0,0,0,0,0,0,0,0,0,16.843,0,0,0,0,16.843,06037122410
122420,2022,1,2,3,2,18,39,29,0,0,0,0,1,4,0,0,0,0,0,0,0,5,0,1,0.0,0.0,7.278,0.0,1.685,0.0,0.0,0.095,0.0,0.004,0.0,0.0,0.387,0.0,0.011,0.0,0.0,6.891,0.0,1.674,0,0,0,0,0,0,0,0,0,0,0,0,0,0,0,0,0,0,0,0,0,12.963,0,0,0,0,12.963,06037122420
123010,2022,1,2,3,2,18,39,29,0,0,0,0,2,36,0,0,0,0,0,25,25,44,5,1,36.869,37.255,64.048,6.292999999999999,1.685,1.17,0.458,0.833,0.01,0.004,3.797,1.423,3.4080000000000004,0.033,0.011,33.072,35.831,60.64,6.26,1.674,0,0,0,0,0,0,0,0,0,0,0,0,0,0,0,0,0,0,0,0,0,182.146,0,0,0,0,182.146,06037123010
123020,2022,1,2,3,2,18,39,29,0,0,0,0,1,4,0,0,0,0,0,1,2,3,1,1,1.475,2.98,4.367,1.259,1.685,0.047,0.037,0.057,0.002,0.004,0.152,0.114,0.232,0.007,0.011,1.323,2.866,4.135,1.252,1.674,0,0,0,0,0,0,0,0,0,0,0,0,0,0,0,0,0,0,0,0,0,15.766,0,0,0,0,15.766,06037123020
123103,2022,1,2,3,2,18,39,29,0,0,0,0,2,6,0,0,0,0,0,4,1,5,6,2,5.899000000000001,1.49,7.2780000000000005,7.552,3.37,0.187,0.018,0.095,0.012,0.008,0.608,0.057,0.387,0.039,0.022,5.292,1.433,6.891,7.513,3.348,0,0,0,0,0,0,0,0,0,0,0,0,0,0,0,0,0,0,0,0,0,31.590000000000003,0,0,0,0,31.590000000000003,06037123103
123104,2022,1,2,3,2,18,39,29,0,0,0,0,1,1,0,0,0,0,0,0,1,2,0,0,0.0,1.49,2.911,0.0,0.0,0.0,0.018,0.038,0.0,0.0,0.0,0.057,0.155,0.0,0.0,0.0,1.433,2.756,0.0,0.0,0,0,0,0,0,0,0,0,0,0,0,0,0,0,0,0,0,0,0,0,0,5.401,0,0,0,0,5.401,06037123104
123203,2022,1,2,3,2,18,39,29,0,0,0,0,2,4,0,0,0,0,0,0,0,3,1,2,0.0,0.0,4.367,1.259,3.37,0.0,0.0,0.056999999999999995,0.002,0.008,0.0,0.0,0.23199999999999998,0.007,0.023,0.0,0.0,4.1339999999999995,1.252,3.348,0,0,0,0,0,0,0,0,0,0,0,0,0,0,0,0,0,0,0,0,0,12.996,0,0,0,0,12.996,06037123203
123204,2022,1,2,3,2,18,39,29,0,0,0,0,2,3,0,0,0,0,0,6,0,1,0,0,8.849,0.0,1.456,0.0,0.0,0.281,0.0,0.019,0.0,0.0,0.9119999999999999,0.0,0.077,0.0,0.0,7.938,0.0,1.378,0.0,0.0,0,0,0,0,0,0,0,0,0,0,0,0,0,0,0,0,0,0,0,0,0,13.305,0,0,0,0,13.305,06037123204
123205,2022,1,2,3,2,18,39,29,0,0,0,0,2,12,0,0,0,0,0,8,3,7,0,0,11.799,4.471,10.190000000000001,0.0,0.0,0.375,0.055,0.133,0.0,0.0,1.215,0.171,0.542,0.0,0.0,10.583,4.3,9.648,0.0,0.0,0,0,0,0,0,0,0,0,0,0,0,0,0,0,0,0,0,0,0,0,0,38.458,0,0,0,0,38.458,06037123205
123206,2022,1,2,3,2,18,39,29,0,0,0,0,2,0,0,0,0,0,0,0,1,8,1,0,0.0,1.49,11.645,1.259,0.0,0.0,0.018,0.152,0.002,0.0,0.0,0.057,0.619,0.007,0.0,0.0,1.433,11.026,1.252,0.0,0,0,0,0,0,0,0,0,0,0,0,0,0,0,0,0,0,0,0,0,0,14.393999999999998,0,0,0,0,14.393999999999998,06037123206
123301,2022,1,2,3,2,18,39,29,0,0,0,0,2,2,0,0,0,0,0,11,7,3,2,1,16.222,10.431000000000001,4.367,2.517,1.685,0.514,0.128,0.057,0.004,0.004,1.671,0.399,0.232,0.013,0.011,14.552,10.032,4.135,2.504,1.674,0,0,0,0,0,0,0,0,0,0,0,0,0,0,0,0,0,0,0,0,0,37.223,0,0,0,0,37.223,06037123301
123303,2022,1,2,3,2,18,46,29,0,0,0,0,2,5,0,0,0,0,0,3,1,1,3,4,4.424,1.49,1.456,3.776,6.741,0.14,0.018,0.019,0.006,0.015,0.456,0.057,0.077,0.02,0.045,3.969,1.433,1.378,3.756,6.696,0,0,0,0,0,0,0,0,0,0,0,0,0,0,0,0,0,0,0,0,0,22.887,0,0,0,0,22.887,06037123303
123304,2022,1,2,3,2,18,46,29,0,0,0,0,2,5,0,0,0,0,0,0,0,0,2,0,0.0,0.0,0.0,2.518,0.0,0.0,0.0,0.0,0.004,0.0,0.0,0.0,0.0,0.014,0.0,0.0,0.0,0.0,2.504,0.0,0,0,0,0,0,0,0,0,0,0,0,0,0,0,0,0,0,0,0,0,0,7.518000000000001,0,0,0,0,7.518000000000001,06037123304
123410,2022,1,2,3,2,18,46,29,0,0,0,0,1,2,0,0,0,0,0,1,0,1,0,0,1.475,0.0,1.456,0.0,0.0,0.047,0.0,0.019,0.0,0.0,0.152,0.0,0.077,0.0,0.0,1.323,0.0,1.378,0.0,0.0,0,0,0,0,0,0,0,0,0,0,0,0,0,0,0,0,0,0,0,0,0,4.93,0,0,0,0,4.93,06037123410
123420,2022,1,2,3,2,18,46,29,0,0,0,0,2,3,0,0,0,0,0,0,1,0,0,0,0.0,1.49,0.0,0.0,0.0,0.0,0.018,0.0,0.0,0.0,0.0,0.057,0.0,0.0,0.0,0.0,1.433,0.0,0.0,0.0,0,0,0,0,0,0,0,0,0,0,0,0,0,0,0,0,0,0,0,0,0,4.49,0,0,0,0,4.49,06037123420
123510,2022,1,2,3,2,18,46,29,2,0,1,0,2,1,0,0,0,0,0,0,1,0,0,0,0.0,1.49,0.0,0.0,0.0,0.0,0.018,0.0,0.0,0.0,0.0,0.057,0.0,0.0,0.0,0.0,1.433,0.0,0.0,0.0,0,0,0,0,0,0,0,0,0,0,0,0,0,0,0,0,0,0,0,0,0,2.49,0,0,0,0,2.49,06037123510
123520,2022,1,2,3,2,18,46,29,0,0,0,0,1,1,0,0,0,0,0,0,0,1,0,0,0.0,0.0,1.456,0.0,0.0,0.0,0.0,0.019,0.0,0.0,0.0,0.0,0.077,0.0,0.0,0.0,0.0,1.378,0.0,0.0,0,0,0,0,0,0,0,0,0,0,0,0,0,0,0,0,0,0,0,0,0,2.456,0,0,0,0,2.456,06037123520
123601,2022,1,2,3,2,18,46,29,0,0,0,0,1,2,0,0,0,0,0,0,0,0,0,0,0.0,0.0,0.0,0.0,0.0,0.0,0.0,0.0,0.0,0.0,0.0,0.0,0.0,0.0,0.0,0.0,0.0,0.0,0.0,0.0,0,0,0,0,0,0,0,0,0,0,0,0,0,0,0,0,0,0,0,0,0,2.0,0,0,0,0,2.0,06037123601
123602,2022,1,2,3,2,18,46,29,0,0,0,0,0,0,0,0,0,0,0,0,0,0,0,0,0.0,0.0,0.0,0.0,0.0,0.0,0.0,0.0,0.0,0.0,0.0,0.0,0.0,0.0,0.0,0.0,0.0,0.0,0.0,0.0,0,0,0,0,0,0,0,0,0,0,0,0,0,0,0,0,0,0,0,0,0,0.0,0,0,0,0,0.0,06037123602
123700,2022,1,2,3,2,18,46,29,0,0,0,0,1,0,0,0,0,0,0,0,0,2,0,0,0.0,0.0,2.911,0.0,0.0,0.0,0.0,0.038,0.0,0.0,0.0,0.0,0.155,0.0,0.0,0.0,0.0,2.756,0.0,0.0,0,0,0,0,0,0,0,0,0,0,0,0,0,0,0,0,0,0,0,0,0,2.911,0,0,0,0,2.911,06037123700
123800,2022,1,2,3,2,18,46,29,12,12,3,2,2,1,0,0,0,0,0,0,0,2,5,9,0.0,0.0,2.911,6.293,15.166,0.0,0.0,0.038,0.01,0.034,0.0,0.0,0.155,0.033,0.10200000000000001,0.0,0.0,2.756,6.261,15.065000000000001,50,0,0,2,0,0,1,0,0,0,10,0,0,0,0,0,0,0,0,0,0,25.371000000000002,53,10,0,63,88.371,06037123800
123901,2022,1,2,3,2,18,39,29,0,116,0,0,2,6,0,0,0,0,0,2,1,5,7,9,2.95,1.49,7.278,8.811,15.166,0.094,0.018,0.095,0.013,0.034,0.304,0.057,0.387,0.046,0.10200000000000001,2.646,1.433,6.891,8.765,15.065000000000001,0,0,0,0,0,0,0,0,0,0,0,0,0,0,0,0,0,0,0,0,0,41.695,0,0,0,0,41.695,06037123901
123902,2022,1,2,3,2,18,39,29,0,0,0,0,1,0,0,0,0,0,0,0,0,4,0,1,0.0,0.0,5.823,0.0,1.685,0.0,0.0,0.076,0.0,0.004,0.0,0.0,0.31,0.0,0.011,0.0,0.0,5.513,0.0,1.674,0,0,0,0,0,0,0,0,0,0,0,0,0,0,0,0,0,0,0,0,0,7.508,0,0,0,0,7.508,06037123902
124000,2022,1,2,3,2,18,46,30,0,0,0,0,1,1,0,0,0,0,0,0,0,0,1,0,0.0,0.0,0.0,1.259,0.0,0.0,0.0,0.0,0.002,0.0,0.0,0.0,0.0,0.007,0.0,0.0,0.0,0.0,1.252,0.0,0,0,0,0,0,0,0,0,0,0,0,0,0,0,0,0,0,0,0,0,0,2.259,0,0,0,0,2.259,06037124000
124102,2022,1,2,3,2,18,39,29,0,0,0,0,1,4,0,0,0,0,0,0,0,8,0,0,0.0,0.0,11.645,0.0,0.0,0.0,0.0,0.152,0.0,0.0,0.0,0.0,0.62,0.0,0.0,0.0,0.0,11.025,0.0,0.0,0,0,0,0,0,0,0,0,0,0,0,0,0,0,0,0,0,0,0,0,0,15.645,0,0,0,0,15.645,06037124102
124103,2022,1,2,3,2,18,39,29,1,0,1,0,1,5,0,0,0,0,0,0,0,0,0,0,0.0,0.0,0.0,0.0,0.0,0.0,0.0,0.0,0.0,0.0,0.0,0.0,0.0,0.0,0.0,0.0,0.0,0.0,0.0,0.0,0,0,0,0,0,0,0,0,0,0,0,0,0,0,0,0,0,0,0,0,0,5.0,0,0,0,0,5.0,06037124103
124104,2022,1,2,3,2,18,39,29,0,0,0,0,1,2,0,0,0,0,0,0,1,2,0,0,0.0,1.49,2.911,0.0,0.0,0.0,0.018,0.038,0.0,0.0,0.0,0.057,0.155,0.0,0.0,0.0,1.433,2.756,0.0,0.0,0,0,0,0,0,0,0,0,0,0,0,0,0,0,0,0,0,0,0,0,0,6.401,0,0,0,0,6.401,06037124104
124105,2022,1,2,3,2,18,39,29,5,0,2,0,2,1,0,0,0,0,0,0,1,1,3,3,0.0,1.49,1.456,3.776,5.056,0.0,0.018,0.019,0.006,0.011,0.0,0.057,0.077,0.02,0.034,0.0,1.433,1.378,3.756,5.022,0,0,0,0,0,0,0,0,0,0,0,0,0,0,0,0,0,0,0,0,0,12.777999999999999,0,0,0,0,12.777999999999999,06037124105
124201,2022,1,2,3,2,18,39,29,0,0,0,0,2,7,0,0,0,0,0,0,0,6,4,0,0.0,0.0,8.734,5.035,0.0,0.0,0.0,0.11399999999999999,0.008,0.0,0.0,0.0,0.46499999999999997,0.026,0.0,0.0,0.0,8.269,5.008,0.0,0,0,0,0,0,0,0,0,0,0,0,0,0,0,0,0,0,0,0,0,0,20.768,0,0,0,0,20.768,06037124201
124203,2022,1,2,3,2,18,39,29,0,0,0,0,1,0,0,0,0,0,0,0,0,1,0,0,0.0,0.0,1.456,0.0,0.0,0.0,0.0,0.019,0.0,0.0,0.0,0.0,0.077,0.0,0.0,0.0,0.0,1.378,0.0,0.0,0,0,0,0,0,0,0,0,0,0,0,0,0,0,0,0,0,0,0,0,0,1.456,0,0,0,0,1.456,06037124203
124204,2022,1,2,3,2,18,39,29,0,0,0,0,1,3,0,0,0,0,0,0,0,5,0,1,0.0,0.0,7.278,0.0,1.685,0.0,0.0,0.095,0.0,0.004,0.0,0.0,0.387,0.0,0.011,0.0,0.0,6.891,0.0,1.674,0,0,0,0,0,0,0,0,0,0,0,0,0,0,0,0,0,0,0,0,0,11.963,0,0,0,0,11.963,06037124204
124300,2022,1,2,3,2,18,39,29,0,0,0,0,1,5,0,0,0,0,0,3,5,10,1,0,4.424,7.451,14.556,1.259,0.0,0.14,0.092,0.189,0.002,0.0,0.456,0.285,0.775,0.007,0.0,3.969,7.166,13.782,1.252,0.0,0,0,0,0,0,0,0,0,0,0,0,0,0,0,0,0,0,0,0,0,0,32.69,0,0,0,0,32.69,06037124300
124400,2022,1,2,3,2,18,46,29,0,0,0,0,1,1,0,0,0,0,0,0,0,0,0,1,0.0,0.0,0.0,0.0,1.685,0.0,0.0,0.0,0.0,0.004,0.0,0.0,0.0,0.0,0.011,0.0,0.0,0.0,0.0,1.674,0,0,0,0,0,0,0,0,0,0,0,0,0,0,0,0,0,0,0,0,0,2.685,0,0,0,0,2.685,06037124400
124500,2022,1,2,3,2,18,46,29,0,0,0,0,1,0,0,0,0,0,0,0,0,1,0,0,0.0,0.0,1.456,0.0,0.0,0.0,0.0,0.019,0.0,0.0,0.0,0.0,0.077,0.0,0.0,0.0,0.0,1.378,0.0,0.0,0,0,0,0,0,0,0,0,0,0,0,0,0,0,0,0,0,0,0,0,0,1.456,0,0,0,0,1.456,06037124500
124600,2022,1,2,3,4,18,46,30,0,0,0,0,0,0,0,0,0,0,0,0,0,0,0,0,0.0,0.0,0.0,0.0,0.0,0.0,0.0,0.0,0.0,0.0,0.0,0.0,0.0,0.0,0.0,0.0,0.0,0.0,0.0,0.0,0,0,0,0,0,0,0,0,0,0,0,0,0,0,0,0,0,0,0,0,0,0.0,0,0,0,0,0.0,06037124600
124700,2022,1,2,3,4,18,46,30,9,0,2,0,2,15,0,0,0,0,0,0,0,2,6,3,0.0,0.0,2.911,7.552,5.056,0.0,0.0,0.038,0.012,0.011,0.0,0.0,0.155,0.039,0.034,0.0,0.0,2.756,7.513,5.022,0,0,0,0,0,0,0,0,0,0,0,0,0,0,0,0,0,0,0,0,0,30.519000000000002,0,0,0,0,30.519000000000002,06037124700
124902,2022,1,2,3,2,18,46,30,0,0,0,0,0,0,0,0,0,0,0,0,0,0,0,0,0.0,0.0,0.0,0.0,0.0,0.0,0.0,0.0,0.0,0.0,0.0,0.0,0.0,0.0,0.0,0.0,0.0,0.0,0.0,0.0,0,0,0,0,0,0,0,0,0,0,0,0,0,0,0,0,0,0,0,0,0,0.0,0,0,0,0,0.0,06037124902
124903,2022,1,2,3,2,18,46,30,2,0,1,0,1,1,0,0,0,0,0,0,0,0,0,0,0.0,0.0,0.0,0.0,0.0,0.0,0.0,0.0,0.0,0.0,0.0,0.0,0.0,0.0,0.0,0.0,0.0,0.0,0.0,0.0,0,0,0,0,0,0,0,0,0,0,0,0,0,0,0,0,0,0,0,0,0,1.0,0,0,0,0,1.0,06037124903
125100,2022,1,2,3,2,18,46,30,0,0,0,0,1,0,0,0,0,0,0,0,0,7,0,0,0.0,0.0,10.189,0.0,0.0,0.0,0.0,0.133,0.0,0.0,0.0,0.0,0.542,0.0,0.0,0.0,0.0,9.647,0.0,0.0,0,0,0,0,0,0,0,0,0,0,0,0,0,0,0,0,0,0,0,0,0,10.189,0,0,0,0,10.189,06037125100
125200,2022,1,2,3,2,18,46,29,0,43,0,1,3,4,0,0,0,0,0,0,0,11,1,7,0.0,0.0,16.011,1.259,11.797,0.0,0.0,0.20900000000000002,0.002,0.026,0.0,0.0,0.8520000000000001,0.007,0.079,0.0,0.0,15.158999999999999,1.252,11.718,34,0,0,1,0,0,0,0,0,0,0,0,0,0,0,0,0,0,0,0,0,33.067,35,0,0,35,68.06700000000001,06037125200
125310,2022,1,2,3,2,18,39,29,23,0,1,0,1,13,0,0,0,0,0,0,0,1,49,2,0.0,0.0,1.456,61.676,3.37,0.0,0.0,0.019,0.094,0.008,0.0,0.0,0.077,0.322,0.023,0.0,0.0,1.378,61.354,3.348,0,0,0,0,0,0,0,0,0,0,0,0,0,0,0,0,0,0,0,0,0,79.502,0,0,0,0,79.502,06037125310
125320,2022,1,2,3,2,18,39,29,0,0,0,0,1,8,0,0,0,0,0,7,0,10,9,7,10.323,0.0,14.556,11.328,11.796,0.328,0.0,0.189,0.017,0.026,1.063,0.0,0.775,0.059,0.079,9.26,0.0,13.782,11.269,11.717,0,0,0,0,0,0,0,0,0,0,0,0,0,0,0,0,0,0,0,0,0,56.004,0,0,0,0,56.004,06037125320
125401,2022,1,2,3,2,18,39,29,0,0,0,0,2,8,0,0,0,0,0,1,1,2,1,1,1.475,1.49,2.912,1.259,1.685,0.047,0.018,0.038,0.002,0.004,0.152,0.057,0.154,0.007,0.011,1.323,1.433,2.756,1.252,1.674,0,0,0,0,0,0,0,0,0,0,0,0,0,0,0,0,0,0,0,0,0,16.82,0,0,0,0,16.82,06037125401
125402,2022,1,2,3,4,18,46,29,0,0,0,0,2,1,0,0,0,0,0,0,0,1,3,3,0.0,0.0,1.456,3.776,5.056,0.0,0.0,0.019,0.006,0.011,0.0,0.0,0.077,0.02,0.034,0.0,0.0,1.378,3.7560000000000002,5.022,0,0,0,0,0,0,0,0,0,0,0,0,0,0,0,0,0,0,0,0,0,11.287,0,0,0,0,11.287,06037125402
125501,2022,1,2,3,2,18,39,29,0,0,0,0,1,2,0,0,0,0,0,0,0,1,0,1,0.0,0.0,1.456,0.0,1.685,0.0,0.0,0.019,0.0,0.004,0.0,0.0,0.077,0.0,0.011,0.0,0.0,1.378,0.0,1.674,0,0,0,0,0,0,0,0,0,0,0,0,0,0,0,0,0,0,0,0,0,5.141,0,0,0,0,5.141,06037125501
125502,2022,1,2,3,2,18,46,30,0,0,0,0,1,3,0,0,0,0,0,0,0,5,0,0,0.0,0.0,7.278,0.0,0.0,0.0,0.0,0.095,0.0,0.0,0.0,0.0,0.387,0.0,0.0,0.0,0.0,6.891,0.0,0.0,0,0,0,0,0,0,0,0,0,0,0,0,0,0,0,0,0,0,0,0,0,10.278,0,0,0,0,10.278,06037125502
125600,2022,1,2,3,4,18,46,30,0,0,0,0,0,0,0,0,0,0,0,0,0,0,0,0,0.0,0.0,0.0,0.0,0.0,0.0,0.0,0.0,0.0,0.0,0.0,0.0,0.0,0.0,0.0,0.0,0.0,0.0,0.0,0.0,0,0,0,0,0,0,0,0,0,0,0,0,0,0,0,0,0,0,0,0,0,0.0,0,0,0,0,0.0,06037125600
127102,2022,1,2,3,2,18,46,29,2,71,1,1,0,0,0,0,0,0,0,0,0,0,0,0,0.0,0.0,0.0,0.0,0.0,0.0,0.0,0.0,0.0,0.0,0.0,0.0,0.0,0.0,0.0,0.0,0.0,0.0,0.0,0.0,62,0,0,0,0,0,0,0,0,0,0,0,0,0,0,0,0,0,0,0,0,0.0,62,0,0,62,62.0,06037127102
127103,2022,1,2,3,2,18,46,29,0,0,0,0,1,2,0,0,0,0,0,0,0,0,2,0,0.0,0.0,0.0,2.517,0.0,0.0,0.0,0.0,0.004,0.0,0.0,0.0,0.0,0.013,0.0,0.0,0.0,0.0,2.504,0.0,0,0,0,0,0,0,0,0,0,0,0,0,0,0,0,0,0,0,0,0,0,4.517,0,0,0,0,4.517,06037127103
127104,2022,1,2,3,2,18,46,29,0,0,0,0,0,0,0,0,0,0,0,0,0,0,0,0,0.0,0.0,0.0,0.0,0.0,0.0,0.0,0.0,0.0,0.0,0.0,0.0,0.0,0.0,0.0,0.0,0.0,0.0,0.0,0.0,0,0,0,0,0,0,0,0,0,0,0,0,0,0,0,0,0,0,0,0,0,0.0,0,0,0,0,0.0,06037127104
127210,2022,1,2,3,6,18,46,29,3,0,1,0,1,0,0,0,0,0,0,0,3,2,0,0,0.0,4.471,2.911,0.0,0.0,0.0,0.055,0.038,0.0,0.0,0.0,0.171,0.155,0.0,0.0,0.0,4.3,2.756,0.0,0.0,0,0,0,0,0,0,0,0,0,0,0,0,0,0,0,0,0,0,0,0,0,7.382,0,0,0,0,7.382,06037127210
127220,2022,1,2,3,6,18,46,29,12,0,1,0,1,4,0,0,3,0,0,0,1,0,2,0,0.0,1.49,0.0,2.517,0.0,0.0,0.018,0.0,0.004,0.0,0.0,0.057,0.0,0.013,0.0,0.0,1.433,0.0,2.504,0.0,0,0,0,0,0,0,0,0,0,0,0,0,0,0,0,0,0,0,0,0,0,11.008,0,0,0,0,11.008,06037127220
127300,2022,1,2,3,6,18,46,29,4,0,1,0,1,3,0,0,0,0,0,2,1,0,0,1,2.95,1.49,0.0,0.0,1.685,0.094,0.018,0.0,0.0,0.004,0.304,0.057,0.0,0.0,0.011,2.646,1.433,0.0,0.0,1.674,0,0,0,0,0,0,0,0,0,0,0,0,0,0,0,0,0,0,0,0,0,9.125,0,0,0,0,9.125,06037127300
127400,2022,1,2,3,6,18,46,29,0,0,0,0,2,12,0,0,0,0,0,9,8,26,15,37,13.273,11.922,37.846000000000004,18.88,62.352000000000004,0.42100000000000004,0.147,0.493,0.029,0.13999999999999999,1.367,0.45599999999999996,2.0140000000000002,0.098,0.419,11.906,11.466000000000001,35.833,18.782,61.934,0,0,0,0,0,0,0,0,0,0,0,0,0,0,0,0,0,0,0,0,0,156.273,0,0,0,0,156.273,06037127400
127520,2022,1,2,3,6,18,46,29,3,0,1,0,1,4,0,0,0,0,0,0,0,0,1,6,0.0,0.0,0.0,1.259,10.111,0.0,0.0,0.0,0.002,0.023,0.0,0.0,0.0,0.007,0.068,0.0,0.0,0.0,1.252,10.043,0,0,0,0,0,0,0,0,0,0,0,0,0,0,0,0,0,0,0,0,0,15.37,0,0,0,0,15.37,06037127520
127603,2022,1,2,3,6,18,46,29,0,0,0,0,2,0,0,0,0,0,0,0,1,3,0,0,0.0,1.49,4.367,0.0,0.0,0.0,0.018,0.057,0.0,0.0,0.0,0.057,0.232,0.0,0.0,0.0,1.433,4.135,0.0,0.0,0,0,0,0,0,0,0,0,0,0,0,0,0,0,0,0,0,0,0,0,0,5.857,0,0,0,0,5.857,06037127603
127604,2022,1,2,3,6,18,46,29,0,0,0,0,1,2,0,0,0,0,0,1,0,12,0,0,1.475,0.0,17.468,0.0,0.0,0.047,0.0,0.227,0.0,0.0,0.152,0.0,0.929,0.0,0.0,1.323,0.0,16.538,0.0,0.0,0,0,0,0,0,0,0,0,0,0,0,0,0,0,0,0,0,0,0,0,0,20.942,0,0,0,0,20.942,06037127604
127605,2022,1,2,3,6,18,46,29,1,0,1,0,2,3,0,0,0,0,0,0,0,4,1,1,0.0,0.0,5.823,1.259,1.685,0.0,0.0,0.076,0.002,0.004,0.0,0.0,0.31,0.007,0.011,0.0,0.0,5.513,1.252,1.674,0,0,0,0,0,0,0,0,0,0,0,0,0,0,0,0,0,0,0,0,0,11.766,0,0,0,0,11.766,06037127605
127606,2022,1,2,3,6,18,46,29,0,0,0,0,2,32,0,0,0,0,0,1,0,14,0,0,1.475,0.0,20.378999999999998,0.0,0.0,0.047,0.0,0.265,0.0,0.0,0.152,0.0,1.0839999999999999,0.0,0.0,1.323,0.0,19.294,0.0,0.0,0,0,0,0,0,0,0,0,0,0,0,0,0,0,0,0,0,0,0,0,0,53.854000000000006,0,0,0,0,53.854000000000006,06037127606
127711,2022,1,2,3,6,18,46,29,0,0,0,0,1,1,0,0,0,0,0,0,2,3,0,2,0.0,2.98,4.367,0.0,3.37,0.0,0.037,0.057,0.0,0.008,0.0,0.114,0.232,0.0,0.023,0.0,2.866,4.135,0.0,3.348,0,0,0,0,0,0,0,0,0,0,0,0,0,0,0,0,0,0,0,0,0,11.718,0,0,0,0,11.718,06037127711
127712,2022,1,2,3,6,18,46,29,0,0,0,1,1,0,0,0,0,0,0,0,0,0,1,3,0.0,0.0,0.0,1.259,5.056,0.0,0.0,0.0,0.002,0.011,0.0,0.0,0.0,0.007,0.034,0.0,0.0,0.0,1.252,5.022,45,0,0,2,0,0,0,0,0,0,0,0,0,0,0,0,0,0,0,0,0,6.314,47,0,0,47,53.314,06037127712
127803,2022,1,2,3,6,18,46,29,0,0,0,0,1,4,0,0,0,0,0,0,0,1,4,1,0.0,0.0,1.456,5.035,1.685,0.0,0.0,0.019,0.008,0.004,0.0,0.0,0.077,0.026,0.011,0.0,0.0,1.378,5.008,1.674,0,0,0,0,0,0,0,0,0,0,0,0,0,0,0,0,0,0,0,0,0,12.176,0,0,0,0,12.176,06037127803
127804,2022,1,2,3,6,18,46,29,1,86,1,0,2,4,0,0,0,0,0,0,0,0,0,0,0.0,0.0,0.0,0.0,0.0,0.0,0.0,0.0,0.0,0.0,0.0,0.0,0.0,0.0,0.0,0.0,0.0,0.0,0.0,0.0,0,0,0,0,0,0,0,0,0,0,0,0,0,0,0,0,0,0,0,0,0,4.0,0,0,0,0,4.0,06037127804
127805,2022,1,2,3,6,18,46,29,0,0,0,0,1,7,0,0,0,0,0,0,0,1,1,2,0.0,0.0,1.456,1.259,3.37,0.0,0.0,0.019,0.002,0.008,0.0,0.0,0.077,0.007,0.023,0.0,0.0,1.378,1.252,3.348,0,0,0,0,0,0,0,0,0,0,0,0,0,0,0,0,0,0,0,0,0,13.085,0,0,0,0,13.085,06037127805
127806,2022,1,2,3,6,18,46,29,0,0,0,0,1,0,0,0,0,0,0,0,0,0,1,0,0.0,0.0,0.0,1.259,0.0,0.0,0.0,0.0,0.002,0.0,0.0,0.0,0.0,0.007,0.0,0.0,0.0,0.0,1.252,0.0,0,0,0,0,0,0,0,0,0,0,0,0,0,0,0,0,0,0,0,0,0,1.259,0,0,0,0,1.259,06037127806
127910,2022,1,2,3,6,18,46,29,0,16,0,1,1,0,0,0,0,0,0,0,0,2,0,1,0.0,0.0,2.911,0.0,1.685,0.0,0.0,0.038,0.0,0.004,0.0,0.0,0.155,0.0,0.011,0.0,0.0,2.756,0.0,1.674,0,10,37,0,1,3,0,0,0,0,0,0,0,0,0,0,0,0,0,0,0,4.596,40,0,0,40,44.596,06037127910
127920,2022,1,2,3,2,18,46,29,1,0,1,0,1,0,0,0,0,0,0,0,0,0,0,1,0.0,0.0,0.0,0.0,1.685,0.0,0.0,0.0,0.0,0.004,0.0,0.0,0.0,0.0,0.011,0.0,0.0,0.0,0.0,1.674,0,0,0,0,0,0,0,0,0,0,0,0,0,0,0,0,0,0,0,0,0,1.685,0,0,0,0,1.685,06037127920
128101,2022,1,2,3,2,18,46,29,0,0,0,0,1,1,0,0,0,0,0,0,0,0,1,0,0.0,0.0,0.0,1.259,0.0,0.0,0.0,0.0,0.002,0.0,0.0,0.0,0.0,0.007,0.0,0.0,0.0,0.0,1.252,0.0,0,0,0,0,0,0,0,0,0,0,0,0,0,0,0,0,0,0,0,0,0,2.259,0,0,0,0,2.259,06037128101
128102,2022,1,2,3,2,18,46,29,0,0,0,0,1,4,0,0,0,0,0,0,0,2,1,1,0.0,0.0,2.911,1.259,1.685,0.0,0.0,0.038,0.002,0.004,0.0,0.0,0.155,0.007,0.011,0.0,0.0,2.756,1.252,1.674,0,0,0,0,0,0,0,0,0,0,0,0,0,0,0,0,0,0,0,0,0,9.855,0,0,0,0,9.855,06037128102
128210,2022,1,2,3,6,18,46,29,3,27,2,2,2,4,0,0,0,0,0,2,0,1,2,2,2.95,0.0,1.456,2.518,3.37,0.094,0.0,0.019,0.004,0.008,0.304,0.0,0.077,0.014,0.023,2.646,0.0,1.378,2.504,3.348,81,0,0,3,0,0,0,0,0,0,0,0,0,0,0,0,0,0,0,0,0,14.293000000000001,84,0,0,84,98.293,06037128210
128220,2022,1,2,3,2,18,46,29,0,0,0,0,1,0,0,0,0,0,0,0,0,0,0,1,0.0,0.0,0.0,0.0,1.685,0.0,0.0,0.0,0.0,0.004,0.0,0.0,0.0,0.0,0.011,0.0,0.0,0.0,0.0,1.674,0,0,0,0,0,0,0,0,0,0,0,0,0,0,0,0,0,0,0,0,0,1.685,0,0,0,0,1.685,06037128220
128302,2022,1,2,3,6,18,46,29,0,0,0,0,1,7,0,0,0,0,0,0,1,0,4,1,0.0,1.49,0.0,5.035,1.685,0.0,0.018,0.0,0.008,0.004,0.0,0.057,0.0,0.026,0.011,0.0,1.433,0.0,5.008,1.674,0,0,0,0,0,0,0,0,0,0,0,0,0,0,0,0,0,0,0,0,0,15.21,0,0,0,0,15.21,06037128302
128303,2022,1,2,3,6,18,46,29,0,0,0,0,0,0,0,0,0,0,0,0,0,0,0,0,0.0,0.0,0.0,0.0,0.0,0.0,0.0,0.0,0.0,0.0,0.0,0.0,0.0,0.0,0.0,0.0,0.0,0.0,0.0,0.0,0,0,0,0,0,0,0,0,0,0,0,0,0,0,0,0,0,0,0,0,0,0.0,0,0,0,0,0.0,06037128303
128400,2022,1,2,3,4,18,46,29,3,0,1,0,2,7,0,0,0,0,0,1,0,4,0,11,1.475,0.0,5.822,0.0,18.537,0.047,0.0,0.076,0.0,0.042,0.152,0.0,0.31,0.0,0.125,1.323,0.0,5.512,0.0,18.413,0,0,0,0,0,0,0,0,0,0,0,0,0,0,0,0,0,0,0,0,0,32.834,0,0,0,0,32.834,06037128400
128500,2022,1,2,3,4,18,46,30,0,0,0,0,2,2,0,0,0,0,0,0,0,1,0,1,0.0,0.0,1.456,0.0,1.685,0.0,0.0,0.019,0.0,0.004,0.0,0.0,0.077,0.0,0.011,0.0,0.0,1.378,0.0,1.674,0,0,0,0,0,0,0,0,0,0,0,0,0,0,0,0,0,0,0,0,0,5.141,0,0,0,0,5.141,06037128500
128601,2022,1,2,3,4,18,46,29,10,63,1,0,1,6,1,3,0,0,0,1,1,0,23,5,1.475,1.49,0.0,28.95,8.426,0.047,0.018,0.0,0.044,0.019,0.152,0.057,0.0,0.151,0.057,1.323,1.433,0.0,28.799,8.369,0,0,0,0,0,0,0,0,0,0,0,0,0,0,0,0,0,0,0,0,0,49.341,0,0,0,0,49.341,06037128601
128602,2022,1,2,3,2,18,46,29,0,0,0,0,1,0,0,0,0,0,0,0,0,1,0,0,0.0,0.0,1.456,0.0,0.0,0.0,0.0,0.019,0.0,0.0,0.0,0.0,0.077,0.0,0.0,0.0,0.0,1.378,0.0,0.0,0,0,0,0,0,0,0,0,0,0,0,0,0,0,0,0,0,0,0,0,0,1.456,0,0,0,0,1.456,06037128602
128702,2022,1,2,3,4,18,46,30,0,0,0,0,1,5,0,0,0,0,0,2,0,15,8,13,2.95,0.0,21.834,10.069,21.908,0.094,0.0,0.284,0.015,0.049,0.304,0.0,1.162,0.053,0.147,2.646,0.0,20.673,10.017,21.76,0,0,0,0,0,0,0,0,0,0,0,0,0,0,0,0,0,0,0,0,0,61.761,0,0,0,0,61.761,06037128702
128801,2022,1,2,3,4,18,46,30,0,0,0,0,1,1,0,0,0,0,0,0,0,0,1,0,0.0,0.0,0.0,1.259,0.0,0.0,0.0,0.0,0.002,0.0,0.0,0.0,0.0,0.007,0.0,0.0,0.0,0.0,1.252,0.0,0,0,0,0,0,0,0,0,0,0,0,0,0,0,0,0,0,0,0,0,0,2.259,0,0,0,0,2.259,06037128801
128802,2022,1,2,3,4,18,46,30,0,0,0,0,1,1,0,0,0,0,0,0,0,0,0,0,0.0,0.0,0.0,0.0,0.0,0.0,0.0,0.0,0.0,0.0,0.0,0.0,0.0,0.0,0.0,0.0,0.0,0.0,0.0,0.0,0,0,0,0,0,0,0,0,0,0,0,0,0,0,0,0,0,0,0,0,0,1.0,0,0,0,0,1.0,06037128802
128910,2022,1,2,3,4,18,46,30,0,0,0,0,2,3,0,0,0,0,0,1,0,9,0,0,1.475,0.0,13.100999999999999,0.0,0.0,0.047,0.0,0.17099999999999999,0.0,0.0,0.152,0.0,0.697,0.0,0.0,1.323,0.0,12.403,0.0,0.0,0,0,0,0,0,0,0,0,0,0,0,0,0,0,0,0,0,0,0,0,0,17.576,0,0,0,0,17.576,06037128910
131010,2022,1,2,3,12,27,45,30,0,0,0,0,1,0,0,0,0,0,0,0,0,3,2,0,0.0,0.0,4.367,2.517,0.0,0.0,0.0,0.057,0.004,0.0,0.0,0.0,0.232,0.013,0.0,0.0,0.0,4.135,2.504,0.0,0,0,0,0,0,0,0,0,0,0,0,0,0,0,0,0,0,0,0,0,0,6.884,0,0,0,0,6.884,06037131010
131020,2022,1,2,3,3,27,45,30,0,0,0,0,1,5,0,0,0,0,0,0,0,6,1,0,0.0,0.0,8.734,1.259,0.0,0.0,0.0,0.114,0.002,0.0,0.0,0.0,0.465,0.007,0.0,0.0,0.0,8.269,1.252,0.0,0,0,0,0,0,0,0,0,0,0,0,0,0,0,0,0,0,0,0,0,0,14.992,0,0,0,0,14.992,06037131020
131100,2022,1,2,3,6,27,46,30,0,0,0,0,1,9,0,0,0,0,0,0,0,7,0,2,0.0,0.0,10.189,0.0,3.37,0.0,0.0,0.133,0.0,0.008,0.0,0.0,0.542,0.0,0.023,0.0,0.0,9.647,0.0,3.348,0,0,0,0,0,0,0,0,0,0,0,0,0,0,0,0,0,0,0,0,0,22.56,0,0,0,0,22.56,06037131100
131200,2022,1,2,3,12,27,46,30,0,0,0,0,0,0,0,0,0,0,0,0,0,0,0,0,0.0,0.0,0.0,0.0,0.0,0.0,0.0,0.0,0.0,0.0,0.0,0.0,0.0,0.0,0.0,0.0,0.0,0.0,0.0,0.0,0,0,0,0,0,0,0,0,0,0,0,0,0,0,0,0,0,0,0,0,0,0.0,0,0,0,0,0.0,06037131200
131300,2022,1,2,3,12,27,45,30,0,0,0,0,1,0,0,0,0,0,0,1,0,6,0,0,1.475,0.0,8.734,0.0,0.0,0.047,0.0,0.114,0.0,0.0,0.152,0.0,0.465,0.0,0.0,1.323,0.0,8.269,0.0,0.0,0,0,0,0,0,0,0,0,0,0,0,0,0,0,0,0,0,0,0,0,0,10.209,0,0,0,0,10.209,06037131300
131400,2022,1,2,3,12,27,45,30,0,0,0,1,1,0,0,0,0,0,0,0,0,2,0,0,0.0,0.0,2.911,0.0,0.0,0.0,0.0,0.038,0.0,0.0,0.0,0.0,0.155,0.0,0.0,0.0,0.0,2.756,0.0,0.0,7,0,0,0,0,0,0,0,0,0,0,0,0,0,0,0,0,0,0,0,0,2.911,7,0,0,7,9.911,06037131400
131600,2022,1,2,3,3,27,45,30,0,0,0,0,2,0,0,0,0,0,0,2,0,8,0,0,2.95,0.0,11.645,0.0,0.0,0.094,0.0,0.152,0.0,0.0,0.304,0.0,0.62,0.0,0.0,2.646,0.0,11.025,0.0,0.0,0,0,0,0,0,0,0,0,0,0,0,0,0,0,0,0,0,0,0,0,0,14.594999999999999,0,0,0,0,14.594999999999999,06037131600
131701,2022,1,2,3,3,27,45,30,0,0,0,0,1,1,0,0,0,0,0,0,0,2,0,0,0.0,0.0,2.911,0.0,0.0,0.0,0.0,0.038,0.0,0.0,0.0,0.0,0.155,0.0,0.0,0.0,0.0,2.756,0.0,0.0,0,0,0,0,0,0,0,0,0,0,0,0,0,0,0,0,0,0,0,0,0,3.911,0,0,0,0,3.911,06037131701
131702,2022,1,2,3,3,27,45,30,0,0,0,0,1,1,0,0,0,0,0,1,0,0,0,0,1.475,0.0,0.0,0.0,0.0,0.047,0.0,0.0,0.0,0.0,0.152,0.0,0.0,0.0,0.0,1.323,0.0,0.0,0.0,0.0,0,0,0,0,0,0,0,0,0,0,0,0,0,0,0,0,0,0,0,0,0,2.475,0,0,0,0,2.475,06037131702
131800,2022,1,2,3,3,27,45,30,29,0,1,1,1,2,0,0,0,0,0,2,2,14,8,2,2.95,2.98,20.379,10.069,3.37,0.094,0.037,0.265,0.015,0.008,0.304,0.114,1.084,0.053,0.023,2.646,2.866,19.294,10.017,3.348,50,0,0,0,0,0,0,0,0,0,0,0,0,0,0,0,0,0,0,0,0,41.749,50,0,0,50,91.749,06037131800
131900,2022,1,2,3,6,27,46,30,1,0,1,0,0,0,0,0,0,0,0,0,0,0,0,0,0.0,0.0,0.0,0.0,0.0,0.0,0.0,0.0,0.0,0.0,0.0,0.0,0.0,0.0,0.0,0.0,0.0,0.0,0.0,0.0,0,0,0,0,0,0,0,0,0,0,0,0,0,0,0,0,0,0,0,0,0,0.0,0,0,0,0,0.0,06037131900
132001,2022,1,2,3,6,27,46,30,0,0,0,0,1,2,0,0,0,0,0,1,1,5,0,0,1.475,1.49,7.278,0.0,0.0,0.047,0.018,0.095,0.0,0.0,0.152,0.057,0.387,0.0,0.0,1.323,1.433,6.891,0.0,0.0,0,0,0,0,0,0,0,0,0,0,0,0,0,0,0,0,0,0,0,0,0,12.243,0,0,0,0,12.243,06037132001
132002,2022,1,2,3,6,27,46,30,0,0,0,0,1,0,0,0,0,0,0,2,0,6,0,0,2.95,0.0,8.734,0.0,0.0,0.094,0.0,0.114,0.0,0.0,0.304,0.0,0.465,0.0,0.0,2.646,0.0,8.269,0.0,0.0,0,0,0,0,0,0,0,0,0,0,0,0,0,0,0,0,0,0,0,0,0,11.683,0,0,0,0,11.683,06037132002
132101,2022,1,2,3,6,27,46,30,0,0,0,0,1,1,0,0,0,0,0,0,0,0,0,0,0.0,0.0,0.0,0.0,0.0,0.0,0.0,0.0,0.0,0.0,0.0,0.0,0.0,0.0,0.0,0.0,0.0,0.0,0.0,0.0,0,0,0,0,0,0,0,0,0,0,0,0,0,0,0,0,0,0,0,0,0,1.0,0,0,0,0,1.0,06037132101
132102,2022,1,2,3,6,18,46,30,0,6,0,1,1,0,0,0,0,0,0,0,0,3,0,0,0.0,0.0,4.367,0.0,0.0,0.0,0.0,0.057,0.0,0.0,0.0,0.0,0.232,0.0,0.0,0.0,0.0,4.135,0.0,0.0,7,0,0,0,0,0,0,0,0,0,0,0,0,0,0,0,0,0,0,0,0,4.367,7,0,0,7,11.367,06037132102
132300,2022,1,2,3,3,27,45,30,0,0,0,0,1,4,0,0,0,0,0,3,5,8,0,4,4.424,7.451,11.645,0.0,6.741,0.14,0.092,0.152,0.0,0.015,0.456,0.285,0.62,0.0,0.045,3.969,7.166,11.025,0.0,6.696,0,0,0,0,0,0,0,0,0,0,0,0,0,0,0,0,0,0,0,0,0,34.261,0,0,0,0,34.261,06037132300
132501,2022,1,2,3,3,27,45,30,0,0,0,0,1,1,0,0,0,0,0,0,0,1,0,0,0.0,0.0,1.456,0.0,0.0,0.0,0.0,0.019,0.0,0.0,0.0,0.0,0.077,0.0,0.0,0.0,0.0,1.378,0.0,0.0,0,0,0,0,0,0,0,0,0,0,0,0,0,0,0,0,0,0,0,0,0,2.456,0,0,0,0,2.456,06037132501
132502,2022,1,2,3,3,27,45,30,7,57,2,2,2,27,0,0,6,0,0,3,0,0,5,1,4.424,0.0,0.0,6.293,1.685,0.14,0.0,0.0,0.01,0.004,0.456,0.0,0.0,0.033,0.011,3.969,0.0,0.0,6.261,1.674,48,0,0,0,0,0,0,0,0,0,0,0,0,0,0,0,0,0,0,0,0,45.403,48,0,0,48,93.403,06037132502
132700,2022,1,2,3,3,27,45,30,0,0,0,1,3,20,0,0,0,0,0,0,5,16,1,0,0.0,7.4510000000000005,23.291,1.259,0.0,0.0,0.092,0.304,0.002,0.0,0.0,0.28500000000000003,1.239,0.007,0.0,0.0,7.1659999999999995,22.051,1.252,0.0,8,0,0,0,0,0,0,0,0,0,0,0,0,0,0,0,0,0,0,0,0,52.0,8,0,0,8,60.0,06037132700
132900,2022,1,2,3,3,27,45,30,0,0,0,0,1,0,0,0,0,0,0,1,1,5,0,0,1.475,1.49,7.278,0.0,0.0,0.047,0.018,0.095,0.0,0.0,0.152,0.057,0.387,0.0,0.0,1.323,1.433,6.891,0.0,0.0,0,0,0,0,0,0,0,0,0,0,0,0,0,0,0,0,0,0,0,0,0,10.243,0,0,0,0,10.243,06037132900
133000,2022,1,2,3,3,27,45,30,1,0,1,1,1,6,0,0,0,0,0,0,1,6,0,0,0.0,1.49,8.734,0.0,0.0,0.0,0.018,0.114,0.0,0.0,0.0,0.057,0.465,0.0,0.0,0.0,1.433,8.269,0.0,0.0,6,0,0,0,0,0,0,0,0,0,0,0,0,0,0,0,0,0,0,0,0,16.224,6,0,0,6,22.224,06037133000
133100,2022,1,2,3,3,27,45,30,2,79,1,2,2,11,0,0,0,0,0,0,1,4,0,0,0.0,1.49,5.823,0.0,0.0,0.0,0.018,0.076,0.0,0.0,0.0,0.057,0.309,0.0,0.0,0.0,1.433,5.513,0.0,0.0,42,0,0,0,0,0,0,0,0,0,0,0,0,0,0,0,0,0,0,0,0,18.313,42,0,0,42,60.313,06037133100
134001,2022,1,2,3,3,27,45,30,2,0,1,0,2,13,0,0,0,0,0,0,0,2,9,0,0.0,0.0,2.911,11.328,0.0,0.0,0.0,0.038,0.017,0.0,0.0,0.0,0.155,0.059,0.0,0.0,0.0,2.756,11.269,0.0,0,0,0,0,0,0,0,0,0,0,0,0,0,0,0,0,0,0,0,0,0,27.239,0,0,0,0,27.239,06037134001
134002,2022,1,2,3,3,27,45,30,0,0,0,0,1,1,0,0,0,0,0,0,0,1,0,0,0.0,0.0,1.456,0.0,0.0,0.0,0.0,0.019,0.0,0.0,0.0,0.0,0.077,0.0,0.0,0.0,0.0,1.378,0.0,0.0,0,0,0,0,0,0,0,0,0,0,0,0,0,0,0,0,0,0,0,0,0,2.456,0,0,0,0,2.456,06037134002
134101,2022,1,2,3,3,27,45,30,0,0,0,0,1,0,0,0,0,0,0,0,0,1,0,0,0.0,0.0,1.456,0.0,0.0,0.0,0.0,0.019,0.0,0.0,0.0,0.0,0.077,0.0,0.0,0.0,0.0,1.378,0.0,0.0,0,0,0,0,0,0,0,0,0,0,0,0,0,0,0,0,0,0,0,0,0,1.456,0,0,0,0,1.456,06037134101
134103,2022,1,2,3,3,27,45,30,0,0,0,0,0,0,0,0,0,0,0,0,0,0,0,0,0.0,0.0,0.0,0.0,0.0,0.0,0.0,0.0,0.0,0.0,0.0,0.0,0.0,0.0,0.0,0.0,0.0,0.0,0.0,0.0,0,0,0,0,0,0,0,0,0,0,0,0,0,0,0,0,0,0,0,0,0,0.0,0,0,0,0,0.0,06037134103
134104,2022,1,2,3,3,27,45,30,0,0,0,0,1,0,0,0,0,0,0,0,0,1,0,0,0.0,0.0,1.456,0.0,0.0,0.0,0.0,0.019,0.0,0.0,0.0,0.0,0.077,0.0,0.0,0.0,0.0,1.378,0.0,0.0,0,0,0,0,0,0,0,0,0,0,0,0,0,0,0,0,0,0,0,0,0,1.456,0,0,0,0,1.456,06037134104
134201,2022,1,2,3,3,27,45,30,0,47,0,0,1,10,0,0,0,0,0,20,5,15,4,0,29.495,7.451,21.834,5.035,0.0,0.936,0.092,0.284,0.008,0.0,3.038,0.285,1.162,0.026,0.0,26.458,7.166,20.673,5.008,0.0,0,0,0,0,0,0,0,0,0,0,0,0,0,0,0,0,0,0,0,0,0,73.815,0,0,0,0,73.815,06037134201
134302,2022,1,2,5,12,27,45,30,0,0,0,0,0,0,0,0,0,0,0,0,0,0,0,0,0.0,0.0,0.0,0.0,0.0,0.0,0.0,0.0,0.0,0.0,0.0,0.0,0.0,0.0,0.0,0.0,0.0,0.0,0.0,0.0,0,0,0,0,0,0,0,0,0,0,0,0,0,0,0,0,0,0,0,0,0,0.0,0,0,0,0,0.0,06037134302
134303,2022,1,2,3,12,27,45,30,0,0,0,0,2,1,0,0,0,0,0,0,0,2,0,0,0.0,0.0,2.911,0.0,0.0,0.0,0.0,0.038,0.0,0.0,0.0,0.0,0.155,0.0,0.0,0.0,0.0,2.756,0.0,0.0,0,0,0,0,0,0,0,0,0,0,0,0,0,0,0,0,0,0,0,0,0,3.911,0,0,0,0,3.911,06037134303
134304,2022,1,2,3,3,27,45,30,0,0,0,0,0,0,0,0,0,0,0,0,0,0,0,0,0.0,0.0,0.0,0.0,0.0,0.0,0.0,0.0,0.0,0.0,0.0,0.0,0.0,0.0,0.0,0.0,0.0,0.0,0.0,0.0,0,0,0,0,0,0,0,0,0,0,0,0,0,0,0,0,0,0,0,0,0,0.0,0,0,0,0,0.0,06037134304
134305,2022,1,2,3,3,27,45,30,0,0,0,0,0,0,0,0,0,0,0,0,0,0,0,0,0.0,0.0,0.0,0.0,0.0,0.0,0.0,0.0,0.0,0.0,0.0,0.0,0.0,0.0,0.0,0.0,0.0,0.0,0.0,0.0,0,0,0,0,0,0,0,0,0,0,0,0,0,0,0,0,0,0,0,0,0,0.0,0,0,0,0,0.0,06037134305
134306,2022,1,2,3,3,27,45,30,2,0,1,1,1,0,0,0,0,0,0,0,0,3,4,2,0.0,0.0,4.367,5.035,3.37,0.0,0.0,0.057,0.008,0.008,0.0,0.0,0.232,0.026,0.023,0.0,0.0,4.135,5.008,3.348,39,0,0,1,0,0,0,0,0,0,0,0,0,0,0,0,0,0,0,0,0,12.772,40,0,0,40,52.772,06037134306
134421,2022,1,2,3,12,27,45,30,0,0,0,0,1,0,0,0,0,0,0,0,2,2,0,0,0.0,2.98,2.911,0.0,0.0,0.0,0.037,0.038,0.0,0.0,0.0,0.114,0.155,0.0,0.0,0.0,2.866,2.756,0.0,0.0,0,0,0,0,0,0,0,0,0,0,0,0,0,0,0,0,0,0,0,0,0,5.892,0,0,0,0,5.892,06037134421
134422,2022,1,2,3,12,27,45,30,0,0,0,0,2,1,0,0,0,0,0,0,0,1,0,0,0.0,0.0,1.456,0.0,0.0,0.0,0.0,0.019,0.0,0.0,0.0,0.0,0.077,0.0,0.0,0.0,0.0,1.378,0.0,0.0,0,0,0,0,0,0,0,0,0,0,0,0,0,0,0,0,0,0,0,0,0,2.456,0,0,0,0,2.456,06037134422
134423,2022,1,2,5,12,27,45,30,0,0,0,0,0,0,0,0,0,0,0,0,0,0,0,0,0.0,0.0,0.0,0.0,0.0,0.0,0.0,0.0,0.0,0.0,0.0,0.0,0.0,0.0,0.0,0.0,0.0,0.0,0.0,0.0,0,0,0,0,0,0,0,0,0,0,0,0,0,0,0,0,0,0,0,0,0,0.0,0,0,0,0,0.0,06037134423
134424,2022,1,2,5,12,27,45,30,0,0,0,0,0,0,0,0,0,0,0,0,0,0,0,0,0.0,0.0,0.0,0.0,0.0,0.0,0.0,0.0,0.0,0.0,0.0,0.0,0.0,0.0,0.0,0.0,0.0,0.0,0.0,0.0,0,0,0,0,0,0,0,0,0,0,0,0,0,0,0,0,0,0,0,0,0,0.0,0,0,0,0,0.0,06037134424
134520,2022,1,2,3,3,27,45,30,23,0,2,0,2,6,0,0,8,0,0,0,0,11,39,2,0.0,0.0,16.012,49.089,3.37,0.0,0.0,0.209,0.074,0.008,0.0,0.0,0.852,0.256,0.022,0.0,0.0,15.16,48.833,3.348,0,0,0,0,0,0,0,0,0,0,0,0,0,0,0,0,0,0,0,0,0,82.471,0,0,0,0,82.471,06037134520
134521,2022,1,2,3,3,27,45,30,0,0,0,0,1,15,0,0,0,0,0,2,0,4,1,8,2.95,0.0,5.823,1.259,13.482,0.094,0.0,0.076,0.002,0.03,0.304,0.0,0.31,0.007,0.091,2.646,0.0,5.513,1.252,13.391,0,0,0,0,0,0,0,0,0,0,0,0,0,0,0,0,0,0,0,0,0,38.512,0,0,0,0,38.512,06037134521
134522,2022,1,2,3,3,27,45,30,4,0,1,0,0,0,0,0,0,0,0,0,0,0,0,0,0.0,0.0,0.0,0.0,0.0,0.0,0.0,0.0,0.0,0.0,0.0,0.0,0.0,0.0,0.0,0.0,0.0,0.0,0.0,0.0,0,0,0,0,0,0,0,0,0,0,0,0,0,0,0,0,0,0,0,0,0,0.0,0,0,0,0,0.0,06037134522
134710,2022,1,2,3,3,27,45,30,0,0,0,0,1,4,0,0,0,0,0,0,0,0,0,0,0.0,0.0,0.0,0.0,0.0,0.0,0.0,0.0,0.0,0.0,0.0,0.0,0.0,0.0,0.0,0.0,0.0,0.0,0.0,0.0,0,0,0,0,0,0,0,0,0,0,0,0,0,0,0,0,0,0,0,0,0,4.0,0,0,0,0,4.0,06037134710
134720,2022,1,2,3,3,27,45,30,0,0,0,0,1,1,0,0,0,0,0,0,0,1,0,0,0.0,0.0,1.456,0.0,0.0,0.0,0.0,0.019,0.0,0.0,0.0,0.0,0.077,0.0,0.0,0.0,0.0,1.378,0.0,0.0,0,0,0,0,0,0,0,0,0,0,0,0,0,0,0,0,0,0,0,0,0,2.456,0,0,0,0,2.456,06037134720
134800,2022,1,2,3,3,27,45,30,2,0,1,0,1,16,0,0,0,0,0,1,0,7,0,0,1.475,0.0,10.189,0.0,0.0,0.047,0.0,0.133,0.0,0.0,0.152,0.0,0.542,0.0,0.0,1.323,0.0,9.647,0.0,0.0,0,0,0,0,0,0,0,0,0,0,0,0,0,0,0,0,0,0,0,0,0,27.664,0,0,0,0,27.664,06037134800
134901,2022,1,2,3,3,27,45,30,0,0,0,1,3,3,0,0,0,0,0,0,0,5,0,1,0.0,0.0,7.279,0.0,1.685,0.0,0.0,0.095,0.0,0.004,0.0,0.0,0.387,0.0,0.011,0.0,0.0,6.891,0.0,1.674,4,0,0,0,0,0,0,0,0,0,0,0,0,0,0,0,0,0,0,0,0,11.964,4,0,0,4,15.964000000000002,06037134901
134903,2022,1,2,3,3,27,45,30,0,0,0,0,1,8,0,0,0,0,0,17,2,3,6,23,25.071,2.98,4.367,7.552,38.76,0.796,0.037,0.057,0.012,0.087,2.582,0.114,0.232,0.039,0.26,22.489,2.866,4.135,7.513,38.499,0,0,0,0,0,0,0,0,0,0,0,0,0,0,0,0,0,0,0,0,0,86.73,0,0,0,0,86.73,06037134903
134904,2022,1,2,3,3,27,45,30,0,0,0,0,1,11,0,0,0,0,0,0,2,1,0,0,0.0,2.98,1.456,0.0,0.0,0.0,0.037,0.019,0.0,0.0,0.0,0.114,0.077,0.0,0.0,0.0,2.866,1.378,0.0,0.0,0,0,0,0,0,0,0,0,0,0,0,0,0,0,0,0,0,0,0,0,0,15.436,0,0,0,0,15.436,06037134904
134905,2022,1,2,3,3,27,45,30,0,0,0,0,1,0,0,0,0,0,0,0,0,1,0,2,0.0,0.0,1.456,0.0,3.37,0.0,0.0,0.019,0.0,0.008,0.0,0.0,0.077,0.0,0.023,0.0,0.0,1.378,0.0,3.348,0,0,0,0,0,0,0,0,0,0,0,0,0,0,0,0,0,0,0,0,0,4.826,0,0,0,0,4.826,06037134905
135102,2022,1,2,3,12,27,45,30,0,0,0,0,2,2,0,0,0,0,0,0,0,1,3,0,0.0,0.0,1.456,3.776,0.0,0.0,0.0,0.019,0.006,0.0,0.0,0.0,0.077,0.02,0.0,0.0,0.0,1.378,3.756,0.0,0,0,0,0,0,0,0,0,0,0,0,0,0,0,0,0,0,0,0,0,0,7.231999999999999,0,0,0,0,7.231999999999999,06037135102
135111,2022,1,2,3,3,27,45,30,0,0,0,0,2,0,0,0,0,0,0,2,0,7,0,0,2.95,0.0,10.19,0.0,0.0,0.094,0.0,0.133,0.0,0.0,0.304,0.0,0.542,0.0,0.0,2.646,0.0,9.647,0.0,0.0,0,0,0,0,0,0,0,0,0,0,0,0,0,0,0,0,0,0,0,0,0,13.139,0,0,0,0,13.139,06037135111
135113,2022,1,2,3,3,27,45,30,0,0,0,0,1,0,0,0,0,0,0,0,0,1,0,0,0.0,0.0,1.456,0.0,0.0,0.0,0.0,0.019,0.0,0.0,0.0,0.0,0.077,0.0,0.0,0.0,0.0,1.378,0.0,0.0,0,0,0,0,0,0,0,0,0,0,0,0,0,0,0,0,0,0,0,0,0,1.456,0,0,0,0,1.456,06037135113
135114,2022,1,2,3,3,27,45,30,0,0,0,0,3,1,0,0,0,0,0,1,1,5,1,2,1.475,1.49,7.278,1.259,3.37,0.047,0.018,0.095,0.002,0.008,0.152,0.057,0.387,0.007,0.023,1.323,1.433,6.891,1.252,3.348,0,0,0,0,0,0,0,0,0,0,0,0,0,0,0,0,0,0,0,0,0,15.872,0,0,0,0,15.872,06037135114
135201,2022,1,2,3,12,27,45,30,0,0,0,0,1,0,0,0,0,0,0,0,0,1,0,0,0.0,0.0,1.456,0.0,0.0,0.0,0.0,0.019,0.0,0.0,0.0,0.0,0.077,0.0,0.0,0.0,0.0,1.378,0.0,0.0,0,0,0,0,0,0,0,0,0,0,0,0,0,0,0,0,0,0,0,0,0,1.456,0,0,0,0,1.456,06037135201
135202,2022,1,2,3,12,27,45,30,0,0,0,0,1,2,0,0,0,0,0,0,3,2,0,1,0.0,4.471,2.911,0.0,1.685,0.0,0.055,0.038,0.0,0.004,0.0,0.171,0.155,0.0,0.011,0.0,4.3,2.756,0.0,1.674,0,0,0,0,0,0,0,0,0,0,0,0,0,0,0,0,0,0,0,0,0,11.067,0,0,0,0,11.067,06037135202
135203,2022,1,2,3,3,27,45,30,0,0,0,0,1,1,0,0,0,0,0,0,0,0,1,1,0.0,0.0,0.0,1.259,1.685,0.0,0.0,0.0,0.002,0.004,0.0,0.0,0.0,0.007,0.011,0.0,0.0,0.0,1.252,1.674,0,0,0,0,0,0,0,0,0,0,0,0,0,0,0,0,0,0,0,0,0,3.944,0,0,0,0,3.944,06037135203
137000,2022,1,2,3,3,27,45,30,0,0,0,0,0,0,0,0,0,0,0,0,0,0,0,0,0.0,0.0,0.0,0.0,0.0,0.0,0.0,0.0,0.0,0.0,0.0,0.0,0.0,0.0,0.0,0.0,0.0,0.0,0.0,0.0,0,0,0,0,0,0,0,0,0,0,0,0,0,0,0,0,0,0,0,0,0,0.0,0,0,0,0,0.0,06037137000
137103,2022,1,2,3,3,27,45,30,7,0,1,0,1,3,0,0,0,0,0,0,0,5,0,0,0.0,0.0,7.278,0.0,0.0,0.0,0.0,0.095,0.0,0.0,0.0,0.0,0.387,0.0,0.0,0.0,0.0,6.891,0.0,0.0,0,0,0,0,0,0,0,0,0,0,0,0,0,0,0,0,0,0,0,0,0,10.278,0,0,0,0,10.278,06037137103
137104,2022,1,2,3,3,27,45,30,0,0,0,0,1,0,0,0,0,0,0,0,0,0,1,1,0.0,0.0,0.0,1.259,1.685,0.0,0.0,0.0,0.002,0.004,0.0,0.0,0.0,0.007,0.011,0.0,0.0,0.0,1.252,1.674,0,0,0,0,0,0,0,0,0,0,0,0,0,0,0,0,0,0,0,0,0,2.944,0,0,0,0,2.944,06037137104
137201,2022,1,2,3,3,27,45,30,10,0,2,0,2,8,0,0,0,0,0,6,3,10,2,8,8.848,4.47,14.557,2.518,13.481,0.28,0.05499999999999999,0.19,0.004,0.03,0.912,0.171,0.7739999999999999,0.014,0.09,7.938,4.299,13.782,2.504,13.391,0,0,0,0,0,0,0,0,0,0,0,0,0,0,0,0,0,0,0,0,0,51.874,0,0,0,0,51.874,06037137201
137301,2022,1,2,3,3,27,45,30,0,0,0,0,1,0,0,0,0,0,0,0,0,1,0,0,0.0,0.0,1.456,0.0,0.0,0.0,0.0,0.019,0.0,0.0,0.0,0.0,0.077,0.0,0.0,0.0,0.0,1.378,0.0,0.0,0,0,0,0,0,0,0,0,0,0,0,0,0,0,0,0,0,0,0,0,0,1.456,0,0,0,0,1.456,06037137301
137302,2022,1,2,3,3,27,45,30,0,0,0,0,2,1,0,0,0,0,0,2,0,3,0,0,2.95,0.0,4.367,0.0,0.0,0.094,0.0,0.056999999999999995,0.0,0.0,0.304,0.0,0.23199999999999998,0.0,0.0,2.646,0.0,4.1339999999999995,0.0,0.0,0,0,0,0,0,0,0,0,0,0,0,0,0,0,0,0,0,0,0,0,0,8.317,0,0,0,0,8.317,06037137302
137401,2022,1,2,3,3,27,45,30,0,0,0,0,0,0,0,0,0,0,0,0,0,0,0,0,0.0,0.0,0.0,0.0,0.0,0.0,0.0,0.0,0.0,0.0,0.0,0.0,0.0,0.0,0.0,0.0,0.0,0.0,0.0,0.0,0,0,0,0,0,0,0,0,0,0,0,0,0,0,0,0,0,0,0,0,0,0.0,0,0,0,0,0.0,06037137401
137402,2022,1,2,3,3,27,45,30,0,0,0,0,2,0,0,0,0,0,0,0,0,3,0,0,0.0,0.0,4.367,0.0,0.0,0.0,0.0,0.056999999999999995,0.0,0.0,0.0,0.0,0.23199999999999998,0.0,0.0,0.0,0.0,4.1339999999999995,0.0,0.0,0,0,0,0,0,0,0,0,0,0,0,0,0,0,0,0,0,0,0,0,0,4.367,0,0,0,0,4.367,06037137402
137501,2022,1,2,3,3,27,45,30,2,0,2,0,1,0,0,0,0,0,0,0,0,2,0,0,0.0,0.0,2.911,0.0,0.0,0.0,0.0,0.038,0.0,0.0,0.0,0.0,0.155,0.0,0.0,0.0,0.0,2.756,0.0,0.0,0,0,0,0,0,0,0,0,0,0,0,0,0,0,0,0,0,0,0,0,0,2.911,0,0,0,0,2.911,06037137501
137502,2022,1,2,3,3,27,45,30,5,0,2,0,3,2,0,0,0,0,0,0,0,0,3,0,0.0,0.0,0.0,3.776,0.0,0.0,0.0,0.0,0.006,0.0,0.0,0.0,0.0,0.02,0.0,0.0,0.0,0.0,3.756,0.0,0,0,0,0,0,0,0,0,0,0,0,0,0,0,0,0,0,0,0,0,0,5.776,0,0,0,0,5.776,06037137502
137504,2022,1,2,3,3,27,45,30,0,0,0,0,0,0,0,0,0,0,0,0,0,0,0,0,0.0,0.0,0.0,0.0,0.0,0.0,0.0,0.0,0.0,0.0,0.0,0.0,0.0,0.0,0.0,0.0,0.0,0.0,0.0,0.0,0,0,0,0,0,0,0,0,0,0,0,0,0,0,0,0,0,0,0,0,0,0.0,0,0,0,0,0.0,06037137504
138000,2022,1,2,3,3,27,45,30,0,0,0,0,0,0,0,0,0,0,0,0,0,0,0,0,0.0,0.0,0.0,0.0,0.0,0.0,0.0,0.0,0.0,0.0,0.0,0.0,0.0,0.0,0.0,0.0,0.0,0.0,0.0,0.0,0,0,0,0,0,0,0,0,0,0,0,0,0,0,0,0,0,0,0,0,0,0.0,0,0,0,0,0.0,06037138000
139001,2022,1,2,3,5,27,45,30,0,0,0,0,1,0,0,0,0,0,0,1,0,0,0,1,1.475,0.0,0.0,0.0,1.685,0.047,0.0,0.0,0.0,0.004,0.152,0.0,0.0,0.0,0.011,1.323,0.0,0.0,0.0,1.674,0,0,0,0,0,0,0,0,0,0,0,0,0,0,0,0,0,0,0,0,0,3.16,0,0,0,0,3.16,06037139001
139200,2022,1,2,3,5,27,45,30,0,0,0,0,2,2,0,0,0,0,0,0,0,0,0,0,0.0,0.0,0.0,0.0,0.0,0.0,0.0,0.0,0.0,0.0,0.0,0.0,0.0,0.0,0.0,0.0,0.0,0.0,0.0,0.0,0,0,0,0,0,0,0,0,0,0,0,0,0,0,0,0,0,0,0,0,0,2.0,0,0,0,0,2.0,06037139200
139301,2022,1,2,3,3,27,45,30,0,0,0,0,2,1,0,0,0,0,0,1,4,5,0,0,1.475,5.961,7.279,0.0,0.0,0.047,0.073,0.095,0.0,0.0,0.152,0.228,0.387,0.0,0.0,1.323,5.733,6.891,0.0,0.0,0,0,0,0,0,0,0,0,0,0,0,0,0,0,0,0,0,0,0,0,0,15.713999999999999,0,0,0,0,15.713999999999999,06037139301
139302,2022,1,2,3,3,27,45,30,5,0,2,1,1,2,0,0,0,0,0,0,0,0,1,1,0.0,0.0,0.0,1.259,1.685,0.0,0.0,0.0,0.002,0.004,0.0,0.0,0.0,0.007,0.011,0.0,0.0,0.0,1.252,1.674,4,0,0,0,0,0,0,0,0,0,0,0,0,0,0,0,0,0,0,0,0,4.944,4,0,0,4,8.944,06037139302
139303,2022,1,2,3,3,27,45,30,4,0,1,0,2,11,0,0,0,0,0,1,1,2,0,6,1.475,1.49,2.911,0.0,10.111,0.047,0.018,0.038,0.0,0.023,0.152,0.057,0.155,0.0,0.068,1.323,1.433,2.756,0.0,10.043,0,0,0,0,0,0,0,0,0,0,0,0,0,0,0,0,0,0,0,0,0,26.987000000000002,0,0,0,0,26.987000000000002,06037139303
139401,2022,1,2,3,3,27,45,30,0,0,0,0,1,14,0,0,0,0,0,2,0,0,1,0,2.95,0.0,0.0,1.259,0.0,0.094,0.0,0.0,0.002,0.0,0.304,0.0,0.0,0.007,0.0,2.646,0.0,0.0,1.252,0.0,0,0,0,0,0,0,0,0,0,0,0,0,0,0,0,0,0,0,0,0,0,18.208,0,0,0,0,18.208,06037139401
139402,2022,1,2,3,3,27,45,30,2,0,2,0,2,1,0,0,0,0,0,0,0,0,1,0,0.0,0.0,0.0,1.259,0.0,0.0,0.0,0.0,0.002,0.0,0.0,0.0,0.0,0.007,0.0,0.0,0.0,0.0,1.252,0.0,0,0,0,0,0,0,0,0,0,0,0,0,0,0,0,0,0,0,0,0,0,2.259,0,0,0,0,2.259,06037139402
139502,2022,1,2,3,3,27,45,30,1,0,1,0,1,2,0,0,0,0,0,0,0,0,0,1,0.0,0.0,0.0,0.0,1.685,0.0,0.0,0.0,0.0,0.004,0.0,0.0,0.0,0.0,0.011,0.0,0.0,0.0,0.0,1.674,0,0,0,0,0,0,0,0,0,0,0,0,0,0,0,0,0,0,0,0,0,3.685,0,0,0,0,3.685,06037139502
139503,2022,1,2,3,5,27,45,30,0,0,0,0,0,0,0,0,0,0,0,0,0,0,0,0,0.0,0.0,0.0,0.0,0.0,0.0,0.0,0.0,0.0,0.0,0.0,0.0,0.0,0.0,0.0,0.0,0.0,0.0,0.0,0.0,0,0,0,0,0,0,0,0,0,0,0,0,0,0,0,0,0,0,0,0,0,0.0,0,0,0,0,0.0,06037139503
139504,2022,1,2,3,5,27,45,30,0,0,0,0,1,7,0,0,0,0,0,0,1,1,0,2,0.0,1.49,1.456,0.0,3.37,0.0,0.018,0.019,0.0,0.008,0.0,0.057,0.077,0.0,0.023,0.0,1.433,1.378,0.0,3.348,0,0,0,0,0,0,0,0,0,0,0,0,0,0,0,0,0,0,0,0,0,13.316,0,0,0,0,13.316,06037139504
139600,2022,1,2,3,5,27,45,30,0,0,0,0,1,0,0,0,0,0,0,0,0,0,3,0,0.0,0.0,0.0,3.776,0.0,0.0,0.0,0.0,0.006,0.0,0.0,0.0,0.0,0.02,0.0,0.0,0.0,0.0,3.756,0.0,0,0,0,0,0,0,0,0,0,0,0,0,0,0,0,0,0,0,0,0,0,3.776,0,0,0,0,3.776,06037139600
139701,2022,1,2,3,5,27,45,30,0,0,0,0,1,0,0,0,0,0,0,0,0,2,0,0,0.0,0.0,2.911,0.0,0.0,0.0,0.0,0.038,0.0,0.0,0.0,0.0,0.155,0.0,0.0,0.0,0.0,2.756,0.0,0.0,0,0,0,0,0,0,0,0,0,0,0,0,0,0,0,0,0,0,0,0,0,2.911,0,0,0,0,2.911,06037139701
139702,2022,1,2,3,5,27,45,30,0,0,0,0,0,0,0,0,0,0,0,0,0,0,0,0,0.0,0.0,0.0,0.0,0.0,0.0,0.0,0.0,0.0,0.0,0.0,0.0,0.0,0.0,0.0,0.0,0.0,0.0,0.0,0.0,0,0,0,0,0,0,0,0,0,0,0,0,0,0,0,0,0,0,0,0,0,0.0,0,0,0,0,0.0,06037139702
139703,2022,1,2,3,5,27,45,30,0,0,0,0,0,0,0,0,0,0,0,0,0,0,0,0,0.0,0.0,0.0,0.0,0.0,0.0,0.0,0.0,0.0,0.0,0.0,0.0,0.0,0.0,0.0,0.0,0.0,0.0,0.0,0.0,0,0,0,0,0,0,0,0,0,0,0,0,0,0,0,0,0,0,0,0,0,0.0,0,0,0,0,0.0,06037139703
139801,2022,1,2,3,3,27,45,30,0,0,0,0,1,1,0,0,0,0,0,0,0,0,0,0,0.0,0.0,0.0,0.0,0.0,0.0,0.0,0.0,0.0,0.0,0.0,0.0,0.0,0.0,0.0,0.0,0.0,0.0,0.0,0.0,0,0,0,0,0,0,0,0,0,0,0,0,0,0,0,0,0,0,0,0,0,1.0,0,0,0,0,1.0,06037139801
139802,2022,1,2,3,3,27,45,30,0,0,0,0,0,0,0,0,0,0,0,0,0,0,0,0,0.0,0.0,0.0,0.0,0.0,0.0,0.0,0.0,0.0,0.0,0.0,0.0,0.0,0.0,0.0,0.0,0.0,0.0,0.0,0.0,0,0,0,0,0,0,0,0,0,0,0,0,0,0,0,0,0,0,0,0,0,0.0,0,0,0,0,0.0,06037139802
141101,2022,1,2,3,4,18,46,30,0,0,0,0,1,1,0,0,0,0,0,0,0,0,0,0,0.0,0.0,0.0,0.0,0.0,0.0,0.0,0.0,0.0,0.0,0.0,0.0,0.0,0.0,0.0,0.0,0.0,0.0,0.0,0.0,0,0,0,0,0,0,0,0,0,0,0,0,0,0,0,0,0,0,0,0,0,1.0,0,0,0,0,1.0,06037141101
141102,2022,1,2,3,4,18,46,30,0,0,0,0,1,1,0,0,0,0,0,0,0,0,0,0,0.0,0.0,0.0,0.0,0.0,0.0,0.0,0.0,0.0,0.0,0.0,0.0,0.0,0.0,0.0,0.0,0.0,0.0,0.0,0.0,0,0,0,0,0,0,0,0,0,0,0,0,0,0,0,0,0,0,0,0,0,1.0,0,0,0,0,1.0,06037141102
141201,2022,1,2,3,4,18,46,30,2,0,2,0,2,10,0,0,0,0,0,0,1,17,2,9,0.0,1.49,24.746000000000002,2.517,15.167,0.0,0.018,0.322,0.004,0.034,0.0,0.057,1.317,0.013,0.102,0.0,1.433,23.429000000000002,2.504,15.065,0,0,0,0,0,0,0,0,0,0,0,0,0,0,0,0,0,0,0,0,0,53.92,0,0,0,0,53.92,06037141201
141202,2022,1,2,3,4,18,46,30,0,0,0,0,1,2,0,0,0,0,0,0,0,0,0,0,0.0,0.0,0.0,0.0,0.0,0.0,0.0,0.0,0.0,0.0,0.0,0.0,0.0,0.0,0.0,0.0,0.0,0.0,0.0,0.0,0,0,0,0,0,0,0,0,0,0,0,0,0,0,0,0,0,0,0,0,0,2.0,0,0,0,0,2.0,06037141202
141302,2022,1,2,3,4,18,46,30,0,0,0,0,1,2,0,0,0,0,0,0,0,0,0,0,0.0,0.0,0.0,0.0,0.0,0.0,0.0,0.0,0.0,0.0,0.0,0.0,0.0,0.0,0.0,0.0,0.0,0.0,0.0,0.0,0,0,0,0,0,0,0,0,0,0,0,0,0,0,0,0,0,0,0,0,0,2.0,0,0,0,0,2.0,06037141302
141303,2022,1,2,3,4,18,46,30,4,0,1,0,1,2,0,0,0,0,0,0,0,0,0,0,0.0,0.0,0.0,0.0,0.0,0.0,0.0,0.0,0.0,0.0,0.0,0.0,0.0,0.0,0.0,0.0,0.0,0.0,0.0,0.0,0,0,0,0,0,0,0,0,0,0,0,0,0,0,0,0,0,0,0,0,0,2.0,0,0,0,0,2.0,06037141303
141304,2022,1,2,3,4,18,46,30,0,0,0,0,1,11,0,0,0,0,0,0,0,0,0,5,0.0,0.0,0.0,0.0,8.426,0.0,0.0,0.0,0.0,0.019,0.0,0.0,0.0,0.0,0.057,0.0,0.0,0.0,0.0,8.369,0,0,0,0,0,0,0,0,0,0,0,0,0,0,0,0,0,0,0,0,0,19.426,0,0,0,0,19.426,06037141304
141400,2022,1,2,3,5,27,45,30,2,0,1,1,1,1,0,0,0,0,0,0,0,1,0,1,0.0,0.0,1.456,0.0,1.685,0.0,0.0,0.019,0.0,0.004,0.0,0.0,0.077,0.0,0.011,0.0,0.0,1.378,0.0,1.674,13,1,2,2,0,0,0,0,0,0,0,0,0,0,0,0,0,0,0,0,0,4.141,17,0,0,17,21.141,06037141400
141500,2022,1,2,3,5,27,45,30,0,0,0,0,0,0,0,0,0,0,0,0,0,0,0,0,0.0,0.0,0.0,0.0,0.0,0.0,0.0,0.0,0.0,0.0,0.0,0.0,0.0,0.0,0.0,0.0,0.0,0.0,0.0,0.0,0,0,0,0,0,0,0,0,0,0,0,0,0,0,0,0,0,0,0,0,0,0.0,0,0,0,0,0.0,06037141500
141600,2022,1,2,3,4,18,46,30,0,130,0,0,0,0,0,0,0,0,0,0,0,0,0,0,0.0,0.0,0.0,0.0,0.0,0.0,0.0,0.0,0.0,0.0,0.0,0.0,0.0,0.0,0.0,0.0,0.0,0.0,0.0,0.0,0,0,0,0,0,0,0,0,0,0,0,0,0,0,0,0,0,0,0,0,0,0.0,0,0,0,0,0.0,06037141600
141700,2022,1,2,3,4,18,46,30,0,0,0,0,0,0,0,0,0,0,0,0,0,0,0,0,0.0,0.0,0.0,0.0,0.0,0.0,0.0,0.0,0.0,0.0,0.0,0.0,0.0,0.0,0.0,0.0,0.0,0.0,0.0,0.0,0,0,0,0,0,0,0,0,0,0,0,0,0,0,0,0,0,0,0,0,0,0.0,0,0,0,0,0.0,06037141700
143100,2022,1,2,3,4,18,46,30,0,0,0,0,1,3,0,0,0,0,0,0,2,4,0,3,0.0,2.98,5.823,0.0,5.056,0.0,0.037,0.076,0.0,0.011,0.0,0.114,0.31,0.0,0.034,0.0,2.866,5.513,0.0,5.022,0,0,0,0,0,0,0,0,0,0,0,0,0,0,0,0,0,0,0,0,0,16.858,0,0,0,0,16.858,06037143100
143200,2022,1,2,3,4,18,46,30,0,0,0,0,2,8,0,0,0,0,0,1,0,9,0,7,1.475,0.0,13.100999999999999,0.0,11.797,0.047,0.0,0.171,0.0,0.026,0.152,0.0,0.6970000000000001,0.0,0.079,1.323,0.0,12.404,0.0,11.718,0,0,0,0,0,0,0,0,0,0,0,0,0,0,0,0,0,0,0,0,0,34.371,0,0,0,0,34.371,06037143200
143300,2022,1,2,3,2,18,46,30,0,0,0,0,3,8,0,0,0,0,0,3,1,0,0,1,4.425000000000001,1.49,0.0,0.0,1.685,0.14100000000000001,0.018,0.0,0.0,0.004,0.45599999999999996,0.057,0.0,0.0,0.011,3.969,1.433,0.0,0.0,1.674,0,0,0,0,0,0,0,0,0,0,0,0,0,0,0,0,0,0,0,0,0,15.6,0,0,0,0,15.6,06037143300
143400,2022,1,2,3,2,18,46,30,0,0,0,0,3,6,0,0,0,0,0,0,0,3,0,5,0.0,0.0,4.367,0.0,8.426,0.0,0.0,0.057,0.0,0.019,0.0,0.0,0.232,0.0,0.057,0.0,0.0,4.135,0.0,8.369,0,0,0,0,0,0,0,0,0,0,0,0,0,0,0,0,0,0,0,0,0,18.793,0,0,0,0,18.793,06037143400
143500,2022,1,2,3,2,18,46,30,0,0,0,0,1,0,0,0,0,0,0,0,0,0,1,0,0.0,0.0,0.0,1.259,0.0,0.0,0.0,0.0,0.002,0.0,0.0,0.0,0.0,0.007,0.0,0.0,0.0,0.0,1.252,0.0,0,0,0,0,0,0,0,0,0,0,0,0,0,0,0,0,0,0,0,0,0,1.259,0,0,0,0,1.259,06037143500
143602,2022,1,2,3,2,18,46,30,0,0,0,0,1,7,0,0,0,0,0,0,0,0,0,5,0.0,0.0,0.0,0.0,8.426,0.0,0.0,0.0,0.0,0.019,0.0,0.0,0.0,0.0,0.057,0.0,0.0,0.0,0.0,8.369,0,0,0,0,0,0,0,0,0,0,0,0,0,0,0,0,0,0,0,0,0,15.426,0,0,0,0,15.426,06037143602
143603,2022,1,2,3,2,18,46,30,0,0,0,0,2,13,0,0,0,0,0,0,1,1,0,1,0.0,1.49,1.456,0.0,1.685,0.0,0.018,0.019,0.0,0.004,0.0,0.057,0.077,0.0,0.011,0.0,1.433,1.378,0.0,1.674,0,0,0,0,0,0,0,0,0,0,0,0,0,0,0,0,0,0,0,0,0,17.631,0,0,0,0,17.631,06037143603
143604,2022,1,2,3,2,18,46,30,0,0,0,0,2,2,0,0,0,0,0,0,0,0,1,1,0.0,0.0,0.0,1.259,1.685,0.0,0.0,0.0,0.002,0.004,0.0,0.0,0.0,0.007,0.011,0.0,0.0,0.0,1.252,1.674,0,0,0,0,0,0,0,0,0,0,0,0,0,0,0,0,0,0,0,0,0,4.944,0,0,0,0,4.944,06037143604
143700,2022,1,2,3,4,26,46,28,1,0,1,0,1,1,0,0,0,0,0,0,0,0,0,0,0.0,0.0,0.0,0.0,0.0,0.0,0.0,0.0,0.0,0.0,0.0,0.0,0.0,0.0,0.0,0.0,0.0,0.0,0.0,0.0,0,0,0,0,0,0,0,0,0,0,0,0,0,0,0,0,0,0,0,0,0,1.0,0,0,0,0,1.0,06037143700
143800,2022,1,2,3,2,18,46,30,0,0,0,0,2,2,0,0,0,0,0,0,2,0,7,1,0.0,2.98,0.0,8.811,1.685,0.0,0.037,0.0,0.013,0.004,0.0,0.114,0.0,0.046,0.011,0.0,2.866,0.0,8.765,1.674,0,0,0,0,0,0,0,0,0,0,0,0,0,0,0,0,0,0,0,0,0,15.476,0,0,0,0,15.476,06037143800
143901,2022,1,2,3,2,18,46,30,0,0,0,0,2,2,0,0,0,0,0,0,0,1,0,1,0.0,0.0,1.456,0.0,1.685,0.0,0.0,0.019,0.0,0.004,0.0,0.0,0.077,0.0,0.011,0.0,0.0,1.378,0.0,1.674,0,0,0,0,0,0,0,0,0,0,0,0,0,0,0,0,0,0,0,0,0,5.141,0,0,0,0,5.141,06037143901
143902,2022,1,2,3,2,18,46,30,0,0,0,0,1,1,0,0,0,0,0,0,0,0,0,0,0.0,0.0,0.0,0.0,0.0,0.0,0.0,0.0,0.0,0.0,0.0,0.0,0.0,0.0,0.0,0.0,0.0,0.0,0.0,0.0,0,0,0,0,0,0,0,0,0,0,0,0,0,0,0,0,0,0,0,0,0,1.0,0,0,0,0,1.0,06037143902
181000,2022,1,4,1,14,24,51,34,0,0,0,1,2,2,0,0,0,0,0,0,0,0,19,3,0.0,0.0,0.0,26.233,4.819,0.0,0.0,0.0,0.036,0.012,0.0,0.0,0.0,0.125,0.034,0.0,0.0,0.0,26.108,4.785,0,0,0,0,0,0,0,0,0,0,0,0,0,0,0,0,0,0,0,0,0,33.051,0,0,0,0,33.051,06037181000
181300,2022,1,4,1,14,24,51,34,0,0,0,0,1,1,0,0,0,0,0,0,1,5,7,4,0.0,1.492,9.298,9.665,6.426,0.0,0.018,0.095,0.013,0.015,0.0,0.057,0.387,0.046,0.045,0.0,1.435,8.91,9.619,6.38,0,0,0,0,0,0,0,0,0,0,0,0,0,0,0,0,0,0,0,0,0,27.88,0,0,0,0,27.88,06037181300
181400,2022,1,4,1,14,24,51,34,0,0,0,0,1,4,0,0,0,0,0,1,1,4,0,1,1.592,1.492,7.438,0.0,1.606,0.047,0.018,0.076,0.0,0.004,0.152,0.057,0.31,0.0,0.011,1.44,1.435,7.128,0.0,1.595,0,0,0,0,0,0,0,0,0,0,0,0,0,0,0,0,0,0,0,0,0,16.129,0,0,0,0,16.129,06037181400
181500,2022,1,4,1,14,24,51,34,0,0,0,0,1,0,0,0,0,0,0,0,1,6,0,0,0.0,1.492,11.157,0.0,0.0,0.0,0.018,0.114,0.0,0.0,0.0,0.057,0.465,0.0,0.0,0.0,1.435,10.693,0.0,0.0,0,0,0,0,0,0,0,0,0,0,0,0,0,0,0,0,0,0,0,0,0,12.65,0,0,0,0,12.65,06037181500
181600,2022,1,4,1,14,24,51,34,0,0,0,0,1,0,0,0,0,0,0,1,2,4,0,0,1.592,2.985,7.438,0.0,0.0,0.047,0.037,0.076,0.0,0.0,0.152,0.114,0.31,0.0,0.0,1.44,2.871,7.128,0.0,0.0,0,0,0,0,0,0,0,0,0,0,0,0,0,0,0,0,0,0,0,0,0,12.015,0,0,0,0,12.015,06037181600
183101,2022,1,4,1,14,24,51,34,0,0,0,0,1,5,0,0,0,0,0,5,0,1,1,0,7.961,0.0,1.86,1.381,0.0,0.234,0.0,0.019,0.002,0.0,0.759,0.0,0.077,0.007,0.0,7.202,0.0,1.782,1.374,0.0,0,0,0,0,0,0,0,0,0,0,0,0,0,0,0,0,0,0,0,0,0,16.202,0,0,0,0,16.202,06037183101
183103,2022,1,4,1,14,24,51,34,2,0,1,0,3,16,0,0,0,0,0,0,0,1,3,10,0.0,0.0,1.86,4.142,16.064,0.0,0.0,0.019,0.006,0.038,0.0,0.0,0.077,0.02,0.114,0.0,0.0,1.782,4.122,15.95,0,0,0,0,0,0,0,0,0,0,0,0,0,0,0,0,0,0,0,0,0,38.066,0,0,0,0,38.066,06037183103
183104,2022,1,4,1,14,24,51,34,0,0,0,0,1,0,0,0,0,0,0,0,0,1,0,0,0.0,0.0,1.86,0.0,0.0,0.0,0.0,0.019,0.0,0.0,0.0,0.0,0.077,0.0,0.0,0.0,0.0,1.782,0.0,0.0,0,0,0,0,0,0,0,0,0,0,0,0,0,0,0,0,0,0,0,0,0,1.86,0,0,0,0,1.86,06037183104
183220,2022,1,4,1,14,24,51,34,0,0,0,0,1,4,0,0,0,0,0,1,5,11,1,0,1.592,7.462,20.455,1.381,0.0,0.047,0.092,0.208,0.002,0.0,0.152,0.285,0.852,0.007,0.0,1.44,7.177,19.603,1.374,0.0,0,0,0,0,0,0,0,0,0,0,0,0,0,0,0,0,0,0,0,0,0,34.889,0,0,0,0,34.889,06037183220
183221,2022,1,4,1,14,24,51,34,0,0,0,0,1,2,0,0,0,0,0,0,2,0,0,0,0.0,2.985,0.0,0.0,0.0,0.0,0.037,0.0,0.0,0.0,0.0,0.114,0.0,0.0,0.0,0.0,2.871,0.0,0.0,0.0,0,0,0,0,0,0,0,0,0,0,0,0,0,0,0,0,0,0,0,0,0,4.985,0,0,0,0,4.985,06037183221
183222,2022,1,4,1,14,24,51,34,0,0,0,0,1,0,0,0,0,0,0,0,0,1,0,0,0.0,0.0,1.86,0.0,0.0,0.0,0.0,0.019,0.0,0.0,0.0,0.0,0.077,0.0,0.0,0.0,0.0,1.782,0.0,0.0,0,0,0,0,0,0,0,0,0,0,0,0,0,0,0,0,0,0,0,0,0,1.86,0,0,0,0,1.86,06037183222
183300,2022,1,4,1,14,24,51,34,0,0,0,0,1,2,0,0,0,0,0,0,1,4,1,0,0.0,1.492,7.438,1.381,0.0,0.0,0.018,0.076,0.002,0.0,0.0,0.057,0.31,0.007,0.0,0.0,1.435,7.128,1.374,0.0,0,0,0,0,0,0,0,0,0,0,0,0,0,0,0,0,0,0,0,0,0,12.311,0,0,0,0,12.311,06037183300
183401,2022,1,4,1,14,24,51,34,0,0,0,0,0,0,0,0,0,0,0,0,0,0,0,0,0.0,0.0,0.0,0.0,0.0,0.0,0.0,0.0,0.0,0.0,0.0,0.0,0.0,0.0,0.0,0.0,0.0,0.0,0.0,0.0,0,0,0,0,0,0,0,0,0,0,0,0,0,0,0,0,0,0,0,0,0,0.0,0,0,0,0,0.0,06037183401
183402,2022,1,4,1,1,24,51,34,0,0,0,0,2,0,0,0,0,0,0,0,0,4,0,0,0.0,0.0,7.439,0.0,0.0,0.0,0.0,0.076,0.0,0.0,0.0,0.0,0.309,0.0,0.0,0.0,0.0,7.128,0.0,0.0,0,0,0,0,0,0,0,0,0,0,0,0,0,0,0,0,0,0,0,0,0,7.439,0,0,0,0,7.439,06037183402
183510,2022,1,4,1,1,24,51,34,0,0,0,0,1,0,0,0,0,0,0,0,0,1,0,0,0.0,0.0,1.86,0.0,0.0,0.0,0.0,0.019,0.0,0.0,0.0,0.0,0.077,0.0,0.0,0.0,0.0,1.782,0.0,0.0,0,0,0,0,0,0,0,0,0,0,0,0,0,0,0,0,0,0,0,0,0,1.86,0,0,0,0,1.86,06037183510
183520,2022,1,4,1,1,24,51,34,0,0,0,0,0,0,0,0,0,0,0,0,0,0,0,0,0.0,0.0,0.0,0.0,0.0,0.0,0.0,0.0,0.0,0.0,0.0,0.0,0.0,0.0,0.0,0.0,0.0,0.0,0.0,0.0,0,0,0,0,0,0,0,0,0,0,0,0,0,0,0,0,0,0,0,0,0,0.0,0,0,0,0,0.0,06037183520
183610,2022,1,4,1,1,24,51,34,8,0,2,0,2,0,0,0,0,0,0,0,1,2,4,0,0.0,1.492,3.72,5.523,0.0,0.0,0.018,0.038,0.008,0.0,0.0,0.057,0.154,0.026,0.0,0.0,1.435,3.564,5.496,0.0,0,0,0,0,0,0,0,0,0,0,0,0,0,0,0,0,0,0,0,0,0,10.735,0,0,0,0,10.735,06037183610
183620,2022,1,4,1,1,24,51,34,0,0,0,0,1,15,0,0,0,0,0,0,1,1,2,1,0.0,1.492,1.86,2.761,1.606,0.0,0.018,0.019,0.004,0.004,0.0,0.057,0.077,0.013,0.011,0.0,1.435,1.782,2.748,1.595,0,0,0,0,0,0,0,0,0,0,0,0,0,0,0,0,0,0,0,0,0,22.72,0,0,0,0,22.72,06037183620
183701,2022,1,4,1,1,24,51,34,0,123,0,0,1,1,0,0,0,0,0,0,0,1,0,0,0.0,0.0,1.86,0.0,0.0,0.0,0.0,0.019,0.0,0.0,0.0,0.0,0.077,0.0,0.0,0.0,0.0,1.782,0.0,0.0,0,0,0,0,0,0,0,0,0,0,0,0,0,0,0,0,0,0,0,0,0,2.86,0,0,0,0,2.86,06037183701
183702,2022,1,4,1,14,24,51,34,2,0,1,1,1,0,0,0,0,0,0,0,0,0,0,5,0.0,0.0,0.0,0.0,8.032,0.0,0.0,0.0,0.0,0.019,0.0,0.0,0.0,0.0,0.057,0.0,0.0,0.0,0.0,7.975,68,0,0,1,0,0,0,0,0,0,0,0,0,0,0,0,0,0,0,0,0,8.032,69,0,0,69,77.032,06037183702
183810,2022,1,4,1,1,24,51,34,3,0,1,0,0,0,0,0,0,0,0,0,0,0,0,0,0.0,0.0,0.0,0.0,0.0,0.0,0.0,0.0,0.0,0.0,0.0,0.0,0.0,0.0,0.0,0.0,0.0,0.0,0.0,0.0,0,0,0,0,0,0,0,0,0,0,0,0,0,0,0,0,0,0,0,0,0,0.0,0,0,0,0,0.0,06037183810
183820,2022,1,4,1,1,24,51,34,0,0,0,0,2,5,0,0,0,0,0,3,1,2,0,1,4.777,1.492,3.719,0.0,1.606,0.14100000000000001,0.018,0.038,0.0,0.004,0.45599999999999996,0.057,0.155,0.0,0.011,4.321,1.435,3.564,0.0,1.595,0,0,0,0,0,0,0,0,0,0,0,0,0,0,0,0,0,0,0,0,0,16.594,0,0,0,0,16.594,06037183820
185100,2022,1,4,1,1,24,51,34,0,0,0,0,3,4,0,0,0,0,0,0,1,1,2,0,0.0,1.492,1.86,2.761,0.0,0.0,0.018,0.019,0.004,0.0,0.0,0.057,0.077,0.013,0.0,0.0,1.435,1.782,2.748,0.0,0,0,0,0,0,0,0,0,0,0,0,0,0,0,0,0,0,0,0,0,0,10.113,0,0,0,0,10.113,06037185100
185202,2022,1,4,1,1,24,51,34,0,0,0,0,1,1,0,0,0,0,0,0,1,0,1,0,0.0,1.492,0.0,1.381,0.0,0.0,0.018,0.0,0.002,0.0,0.0,0.057,0.0,0.007,0.0,0.0,1.435,0.0,1.374,0.0,0,0,0,0,0,0,0,0,0,0,0,0,0,0,0,0,0,0,0,0,0,3.873,0,0,0,0,3.873,06037185202
185203,2022,1,4,1,1,24,51,34,0,0,0,0,2,0,0,0,0,0,0,0,0,2,1,1,0.0,0.0,3.72,1.381,1.606,0.0,0.0,0.038,0.002,0.004,0.0,0.0,0.154,0.007,0.011,0.0,0.0,3.564,1.374,1.595,0,0,0,0,0,0,0,0,0,0,0,0,0,0,0,0,0,0,0,0,0,6.706,0,0,0,0,6.706,06037185203
185204,2022,1,4,1,1,24,51,34,0,0,0,0,0,0,0,0,0,0,0,0,0,0,0,0,0.0,0.0,0.0,0.0,0.0,0.0,0.0,0.0,0.0,0.0,0.0,0.0,0.0,0.0,0.0,0.0,0.0,0.0,0.0,0.0,0,0,0,0,0,0,0,0,0,0,0,0,0,0,0,0,0,0,0,0,0,0.0,0,0,0,0,0.0,06037185204
185310,2022,1,4,1,1,24,51,34,0,0,0,0,1,18,0,0,0,0,0,4,3,8,0,11,6.369,4.477,14.876,0.0,17.671,0.187,0.055,0.152,0.0,0.042,0.608,0.171,0.62,0.0,0.125,5.762,4.306,14.257,0.0,17.546,0,0,0,0,0,0,0,0,0,0,0,0,0,0,0,0,0,0,0,0,0,61.393,0,0,0,0,61.393,06037185310
185320,2022,1,4,1,1,24,51,34,0,0,0,0,1,21,0,0,0,0,0,5,3,7,11,0,7.961,4.477,13.017,15.187,0.0,0.234,0.055,0.133,0.021,0.0,0.759,0.171,0.542,0.072,0.0,7.202,4.306,12.475,15.115,0.0,0,0,0,0,0,0,0,0,0,0,0,0,0,0,0,0,0,0,0,0,0,61.642,0,0,0,0,61.642,06037185320
186100,2022,1,4,1,14,24,51,34,0,0,0,0,1,0,0,0,0,0,0,0,1,7,0,1,0.0,1.492,13.017,0.0,1.606,0.0,0.018,0.133,0.0,0.004,0.0,0.057,0.542,0.0,0.011,0.0,1.435,12.475,0.0,1.595,0,0,0,0,0,0,0,0,0,0,0,0,0,0,0,0,0,0,0,0,0,16.116,0,0,0,0,16.116,06037186100
186201,2022,1,4,1,1,24,51,34,0,0,0,0,2,3,0,0,0,0,0,1,0,0,0,0,1.592,0.0,0.0,0.0,0.0,0.047,0.0,0.0,0.0,0.0,0.152,0.0,0.0,0.0,0.0,1.44,0.0,0.0,0.0,0.0,0,0,0,0,0,0,0,0,0,0,0,0,0,0,0,0,0,0,0,0,0,4.5920000000000005,0,0,0,0,4.5920000000000005,06037186201
186202,2022,1,4,1,1,24,51,34,0,0,0,0,0,0,0,0,0,0,0,0,0,0,0,0,0.0,0.0,0.0,0.0,0.0,0.0,0.0,0.0,0.0,0.0,0.0,0.0,0.0,0.0,0.0,0.0,0.0,0.0,0.0,0.0,0,0,0,0,0,0,0,0,0,0,0,0,0,0,0,0,0,0,0,0,0,0.0,0,0,0,0,0.0,06037186202
186203,2022,1,4,1,1,24,51,34,0,0,0,0,1,1,0,0,0,0,0,1,0,0,0,1,1.592,0.0,0.0,0.0,1.606,0.047,0.0,0.0,0.0,0.004,0.152,0.0,0.0,0.0,0.011,1.44,0.0,0.0,0.0,1.595,0,0,0,0,0,0,0,0,0,0,0,0,0,0,0,0,0,0,0,0,0,4.199,0,0,0,0,4.199,06037186203
186301,2022,1,4,1,13,24,51,34,0,0,0,0,1,6,0,0,0,0,0,1,1,0,2,1,1.592,1.492,0.0,2.761,1.606,0.047,0.018,0.0,0.004,0.004,0.152,0.057,0.0,0.013,0.011,1.44,1.435,0.0,2.748,1.595,0,0,0,0,0,0,0,0,0,0,0,0,0,0,0,0,0,0,0,0,0,13.452,0,0,0,0,13.452,06037186301
186302,2022,1,4,1,1,24,51,34,14,0,1,0,1,0,0,0,10,0,0,0,3,6,0,0,0.0,4.477,11.157,0.0,0.0,0.0,0.055,0.114,0.0,0.0,0.0,0.171,0.465,0.0,0.0,0.0,4.306,10.693,0.0,0.0,0,0,0,0,0,0,0,0,0,0,0,0,0,0,0,0,0,0,0,0,0,25.634,0,0,0,0,25.634,06037186302
186401,2022,1,4,1,13,24,51,34,0,0,0,0,1,4,0,0,0,0,0,3,2,23,1,15,4.777,2.985,42.769,1.381,24.096,0.14,0.037,0.436,0.002,0.057,0.456,0.114,1.782,0.007,0.17,4.321,2.871,40.988,1.374,23.926,0,0,0,0,0,0,0,0,0,0,0,0,0,0,0,0,0,0,0,0,0,80.008,0,0,0,0,80.008,06037186401
186403,2022,1,4,1,1,24,51,34,0,0,0,0,2,2,0,0,0,0,0,1,0,4,0,0,1.592,0.0,7.438,0.0,0.0,0.047,0.0,0.076,0.0,0.0,0.152,0.0,0.31,0.0,0.0,1.44,0.0,7.128,0.0,0.0,0,0,0,0,0,0,0,0,0,0,0,0,0,0,0,0,0,0,0,0,0,11.03,0,0,0,0,11.03,06037186403
186404,2022,1,4,1,1,24,51,34,0,0,0,0,2,4,0,0,0,0,0,1,1,5,0,0,1.592,1.492,9.298,0.0,0.0,0.047,0.018,0.095,0.0,0.0,0.152,0.057,0.387,0.0,0.0,1.44,1.435,8.91,0.0,0.0,0,0,0,0,0,0,0,0,0,0,0,0,0,0,0,0,0,0,0,0,0,16.381999999999998,0,0,0,0,16.381999999999998,06037186404
187101,2022,1,4,1,13,24,43,28,0,0,0,0,1,1,0,0,0,0,0,0,0,0,0,5,0.0,0.0,0.0,0.0,8.032,0.0,0.0,0.0,0.0,0.019,0.0,0.0,0.0,0.0,0.057,0.0,0.0,0.0,0.0,7.975,0,0,0,0,0,0,0,0,0,0,0,0,0,0,0,0,0,0,0,0,0,9.032,0,0,0,0,9.032,06037187101
187102,2022,1,4,1,13,24,43,28,0,0,0,0,3,11,0,0,0,0,0,0,2,2,17,9,0.0,2.985,3.719,23.471,14.458,0.0,0.037,0.038,0.033,0.035,0.0,0.114,0.155,0.112,0.10300000000000001,0.0,2.871,3.564,23.36,14.355,0,0,0,0,0,0,0,0,0,0,0,0,0,0,0,0,0,0,0,0,0,55.632999999999996,0,0,0,0,55.632999999999996,06037187102
187200,2022,1,4,1,13,24,51,28,0,0,0,0,2,2,0,0,0,0,0,1,0,3,2,0,1.592,0.0,5.579,2.761,0.0,0.047,0.0,0.056999999999999995,0.004,0.0,0.152,0.0,0.23199999999999998,0.013,0.0,1.44,0.0,5.346,2.748,0.0,0,0,0,0,0,0,0,0,0,0,0,0,0,0,0,0,0,0,0,0,0,11.932,0,0,0,0,11.932,06037187200
187300,2022,1,4,1,13,24,43,28,4,0,1,0,1,2,0,0,0,0,0,1,0,1,0,4,1.592,0.0,1.86,0.0,6.426,0.047,0.0,0.019,0.0,0.015,0.152,0.0,0.077,0.0,0.045,1.44,0.0,1.782,0.0,6.38,0,0,0,0,0,0,0,0,0,0,0,0,0,0,0,0,0,0,0,0,0,11.877,0,0,0,0,11.877,06037187300
188100,2022,1,4,3,13,25,43,28,8,0,1,0,1,6,0,0,0,0,0,0,0,7,1,5,0.0,0.0,13.017,1.381,8.032,0.0,0.0,0.133,0.002,0.019,0.0,0.0,0.542,0.007,0.057,0.0,0.0,12.475,1.374,7.975,0,0,0,0,0,0,0,0,0,0,0,0,0,0,0,0,0,0,0,0,0,28.43,0,0,0,0,28.43,06037188100
188201,2022,1,4,3,4,24,43,28,0,73,0,1,2,8,0,0,0,0,0,6,2,0,8,0,9.554,2.985,0.0,11.045000000000002,0.0,0.281,0.037,0.0,0.016,0.0,0.9119999999999999,0.114,0.0,0.052,0.0,8.642999999999999,2.871,0.0,10.992999999999999,0.0,23,0,0,0,0,0,0,0,0,0,0,0,0,0,0,0,0,0,0,0,0,31.583,23,0,0,23,54.583,06037188201
188202,2022,1,4,3,4,25,43,28,0,0,0,0,0,0,0,0,0,0,0,0,0,0,0,0,0.0,0.0,0.0,0.0,0.0,0.0,0.0,0.0,0.0,0.0,0.0,0.0,0.0,0.0,0.0,0.0,0.0,0.0,0.0,0.0,0,0,0,0,0,0,0,0,0,0,0,0,0,0,0,0,0,0,0,0,0,0.0,0,0,0,0,0.0,06037188202
188300,2022,1,4,3,13,25,43,28,0,0,0,0,1,3,0,0,0,0,0,0,0,0,1,1,0.0,0.0,0.0,1.381,1.606,0.0,0.0,0.0,0.002,0.004,0.0,0.0,0.0,0.007,0.011,0.0,0.0,0.0,1.374,1.595,0,0,0,0,0,0,0,0,0,0,0,0,0,0,0,0,0,0,0,0,0,5.987,0,0,0,0,5.987,06037188300
189101,2022,1,4,3,4,24,43,28,0,0,0,0,2,3,0,0,0,0,0,0,4,3,0,0,0.0,5.969,5.579,0.0,0.0,0.0,0.073,0.057,0.0,0.0,0.0,0.228,0.232,0.0,0.0,0.0,5.742,5.346,0.0,0.0,0,0,0,0,0,0,0,0,0,0,0,0,0,0,0,0,0,0,0,0,0,14.548,0,0,0,0,14.548,06037189101
189102,2022,1,4,3,4,25,43,28,0,0,0,0,0,0,0,0,0,0,0,0,0,0,0,0,0.0,0.0,0.0,0.0,0.0,0.0,0.0,0.0,0.0,0.0,0.0,0.0,0.0,0.0,0.0,0.0,0.0,0.0,0.0,0.0,0,0,0,0,0,0,0,0,0,0,0,0,0,0,0,0,0,0,0,0,0,0.0,0,0,0,0,0.0,06037189102
189201,2022,1,4,3,4,24,43,28,0,0,0,0,2,3,0,0,0,0,0,0,0,1,0,0,0.0,0.0,1.86,0.0,0.0,0.0,0.0,0.019,0.0,0.0,0.0,0.0,0.077,0.0,0.0,0.0,0.0,1.782,0.0,0.0,0,0,0,0,0,0,0,0,0,0,0,0,0,0,0,0,0,0,0,0,0,4.859999999999999,0,0,0,0,4.859999999999999,06037189201
189202,2022,1,4,3,4,25,43,28,0,0,0,0,1,0,0,0,0,0,0,0,1,4,0,0,0.0,1.492,7.438,0.0,0.0,0.0,0.018,0.076,0.0,0.0,0.0,0.057,0.31,0.0,0.0,0.0,1.435,7.128,0.0,0.0,0,0,0,0,0,0,0,0,0,0,0,0,0,0,0,0,0,0,0,0,0,8.93,0,0,0,0,8.93,06037189202
189300,2022,1,4,3,4,25,43,28,0,0,0,0,2,4,0,0,0,0,0,2,0,1,1,1,3.185,0.0,1.86,1.381,1.606,0.094,0.0,0.019,0.002,0.004,0.304,0.0,0.077,0.007,0.011,2.881,0.0,1.782,1.374,1.595,0,0,0,0,0,0,0,0,0,0,0,0,0,0,0,0,0,0,0,0,0,12.032,0,0,0,0,12.032,06037189300
189400,2022,1,4,3,4,25,43,28,0,0,0,0,1,0,0,0,0,0,0,0,0,1,0,0,0.0,0.0,1.86,0.0,0.0,0.0,0.0,0.019,0.0,0.0,0.0,0.0,0.077,0.0,0.0,0.0,0.0,1.782,0.0,0.0,0,0,0,0,0,0,0,0,0,0,0,0,0,0,0,0,0,0,0,0,0,1.86,0,0,0,0,1.86,06037189400
189500,2022,1,4,3,4,26,43,28,0,0,0,0,1,2,0,0,0,0,0,2,0,1,1,2,3.185,0.0,1.86,1.381,3.213,0.094,0.0,0.019,0.002,0.008,0.304,0.0,0.077,0.007,0.023,2.881,0.0,1.782,1.374,3.19,0,0,0,0,0,0,0,0,0,0,0,0,0,0,0,0,0,0,0,0,0,11.638,0,0,0,0,11.638,06037189500
189600,2022,1,4,3,4,26,28,28,30,0,2,0,2,14,0,0,0,0,0,1,0,4,28,10,1.592,0.0,7.439,38.659000000000006,16.064,0.047,0.0,0.07600000000000001,0.054,0.037,0.152,0.0,0.30900000000000005,0.184,0.113,1.44,0.0,7.128,38.474000000000004,15.951,0,0,0,0,0,0,0,0,0,0,0,0,0,0,0,0,0,0,0,0,0,77.753,0,0,0,0,77.753,06037189600
189701,2022,1,4,3,4,26,43,28,0,0,0,0,4,2,0,0,0,0,0,5,3,6,0,1,7.962,4.477,11.158,0.0,1.606,0.235,0.05499999999999999,0.114,0.0,0.004,0.76,0.171,0.464,0.0,0.011,7.202,4.306,10.692,0.0,1.595,0,0,0,0,0,0,0,0,0,0,0,0,0,0,0,0,0,0,0,0,0,27.201,0,0,0,0,27.201,06037189701
189702,2022,1,4,3,4,26,46,28,2,0,1,0,1,2,0,0,0,0,0,4,1,10,0,0,6.369,1.492,18.595,0.0,0.0,0.187,0.018,0.189,0.0,0.0,0.608,0.057,0.775,0.0,0.0,5.762,1.435,17.821,0.0,0.0,0,0,0,0,0,0,0,0,0,0,0,0,0,0,0,0,0,0,0,0,0,28.457,0,0,0,0,28.457,06037189702
189800,2022,1,4,3,4,26,50,28,0,0,0,0,1,9,0,0,0,0,0,0,0,0,1,0,0.0,0.0,0.0,1.381,0.0,0.0,0.0,0.0,0.002,0.0,0.0,0.0,0.0,0.007,0.0,0.0,0.0,0.0,1.374,0.0,0,0,0,0,0,0,0,0,0,0,0,0,0,0,0,0,0,0,0,0,0,10.381,0,0,0,0,10.381,06037189800
189902,2022,1,4,3,4,26,50,28,0,21,0,1,2,13,0,0,0,0,0,0,1,2,3,0,0.0,1.492,3.719,4.142,0.0,0.0,0.018,0.038,0.006,0.0,0.0,0.057,0.155,0.02,0.0,0.0,1.435,3.564,4.122,0.0,14,0,0,2,0,0,0,0,0,0,0,0,0,0,0,0,0,0,0,0,0,22.353,16,0,0,16,38.353,06037189902
189903,2022,1,4,3,4,26,28,28,0,81,0,0,1,0,0,0,0,0,0,0,0,1,0,0,0.0,0.0,1.86,0.0,0.0,0.0,0.0,0.019,0.0,0.0,0.0,0.0,0.077,0.0,0.0,0.0,0.0,1.782,0.0,0.0,0,0,0,0,0,0,0,0,0,0,0,0,0,0,0,0,0,0,0,0,0,1.86,0,0,0,0,1.86,06037189903
189904,2022,1,4,3,4,26,50,28,0,0,0,0,1,5,0,0,0,0,0,0,0,0,0,0,0.0,0.0,0.0,0.0,0.0,0.0,0.0,0.0,0.0,0.0,0.0,0.0,0.0,0.0,0.0,0.0,0.0,0.0,0.0,0.0,0,0,0,0,0,0,0,0,0,0,0,0,0,0,0,0,0,0,0,0,0,5.0,0,0,0,0,5.0,06037189904
189905,2022,1,4,3,4,26,50,28,7,0,1,1,1,7,0,0,0,0,0,0,0,0,4,2,0.0,0.0,0.0,5.523,3.213,0.0,0.0,0.0,0.008,0.008,0.0,0.0,0.0,0.026,0.023,0.0,0.0,0.0,5.496,3.19,4,20,51,1,5,11,0,0,0,0,0,0,0,0,0,0,0,0,0,0,0,15.735,67,0,0,67,82.735,06037189905
190100,2022,1,4,3,13,26,50,28,30,0,2,0,2,25,0,0,0,0,0,3,1,0,7,0,4.777,1.492,0.0,9.665,0.0,0.14,0.018,0.0,0.014,0.0,0.456,0.057,0.0,0.046,0.0,4.321,1.435,0.0,9.618,0.0,0,0,0,0,0,0,0,0,0,0,0,0,0,0,0,0,0,0,0,0,0,40.934,0,0,0,0,40.934,06037190100
190201,2022,1,4,3,13,26,28,28,9,0,2,0,2,24,0,0,0,0,0,0,0,0,5,13,0.0,0.0,0.0,6.903,20.883000000000003,0.0,0.0,0.0,0.01,0.049,0.0,0.0,0.0,0.033,0.148,0.0,0.0,0.0,6.87,20.735999999999997,0,0,0,0,0,0,0,0,0,0,0,0,0,0,0,0,0,0,0,0,0,51.787000000000006,0,0,0,0,51.787000000000006,06037190201
190202,2022,1,4,3,13,26,28,28,0,0,0,0,1,12,0,0,0,0,0,1,0,0,13,3,1.592,0.0,0.0,17.949,4.819,0.047,0.0,0.0,0.025,0.011,0.152,0.0,0.0,0.085,0.034,1.44,0.0,0.0,17.863,4.785,0,0,0,0,0,0,0,0,0,0,0,0,0,0,0,0,0,0,0,0,0,36.36,0,0,0,0,36.36,06037190202
190301,2022,1,4,3,13,24,28,28,11,16,2,1,2,48,0,0,0,0,0,0,0,3,18,33,0.0,0.0,5.579,24.852,53.012,0.0,0.0,0.057,0.035,0.125,0.0,0.0,0.232,0.11800000000000001,0.374,0.0,0.0,5.346,24.733,52.638,0,0,0,6,0,0,2,0,0,0,4,0,0,0,0,0,0,0,0,0,0,131.442,8,4,0,12,143.442,06037190301
190401,2022,1,4,3,13,24,43,28,0,0,0,0,1,2,0,0,0,0,0,0,0,1,0,0,0.0,0.0,1.86,0.0,0.0,0.0,0.0,0.019,0.0,0.0,0.0,0.0,0.077,0.0,0.0,0.0,0.0,1.782,0.0,0.0,0,0,0,0,0,0,0,0,0,0,0,0,0,0,0,0,0,0,0,0,0,3.86,0,0,0,0,3.86,06037190401
190402,2022,1,4,3,13,24,43,28,0,0,0,0,1,1,0,0,0,0,0,0,0,0,0,1,0.0,0.0,0.0,0.0,1.606,0.0,0.0,0.0,0.0,0.004,0.0,0.0,0.0,0.0,0.011,0.0,0.0,0.0,0.0,1.595,0,0,0,0,0,0,0,0,0,0,0,0,0,0,0,0,0,0,0,0,0,2.606,0,0,0,0,2.606,06037190402
190510,2022,1,4,3,13,24,43,28,0,0,0,0,2,10,0,0,0,0,0,0,1,4,7,10,0.0,1.492,7.438,9.665,16.064,0.0,0.018,0.076,0.014,0.038,0.0,0.057,0.31,0.046,0.113,0.0,1.435,7.128,9.618,15.951,0,0,0,0,0,0,0,0,0,0,0,0,0,0,0,0,0,0,0,0,0,44.659000000000006,0,0,0,0,44.659000000000006,06037190510
190520,2022,1,4,3,13,24,43,28,0,0,0,0,1,3,0,0,0,0,0,0,1,0,3,0,0.0,1.492,0.0,4.142,0.0,0.0,0.018,0.0,0.006,0.0,0.0,0.057,0.0,0.02,0.0,0.0,1.435,0.0,4.122,0.0,0,0,0,0,0,0,0,0,0,0,0,0,0,0,0,0,0,0,0,0,0,8.634,0,0,0,0,8.634,06037190520
190700,2022,1,4,3,13,26,50,28,29,40,1,1,1,45,0,0,0,0,0,0,1,1,24,19,0.0,1.492,1.86,33.136,30.522,0.0,0.018,0.019,0.046,0.072,0.0,0.057,0.077,0.158,0.215,0.0,1.435,1.782,32.978,30.307,13,0,0,1,0,0,0,0,0,0,14,0,0,0,0,0,0,0,0,0,0,112.01,14,14,0,28,140.01,06037190700
190801,2022,1,4,3,13,26,50,28,0,45,0,1,2,10,0,0,0,0,0,1,0,0,17,6,1.592,0.0,0.0,23.472,9.638,0.047,0.0,0.0,0.033,0.022,0.152,0.0,0.0,0.111,0.068,1.44,0.0,0.0,23.359,9.57,8,0,0,4,0,0,0,0,0,0,0,0,0,0,0,0,0,0,0,0,0,44.702,12,0,0,12,56.702,06037190801
190802,2022,1,4,3,13,26,50,28,0,0,0,0,1,3,0,0,0,0,0,1,1,7,8,8,1.592,1.492,13.017,11.045,12.851,0.047,0.018,0.133,0.015,0.03,0.152,0.057,0.542,0.053,0.091,1.44,1.435,12.475,10.993,12.761,0,0,0,0,0,0,0,0,0,0,0,0,0,0,0,0,0,0,0,0,0,42.998,0,0,0,0,42.998,06037190802
190901,2022,1,4,3,13,24,43,28,7,0,1,1,1,1,0,0,0,0,0,2,2,2,7,0,3.185,2.985,3.719,9.665,0.0,0.094,0.037,0.038,0.013,0.0,0.304,0.114,0.155,0.046,0.0,2.881,2.871,3.564,9.619,0.0,0,0,0,45,0,0,0,2,0,0,26,0,0,0,0,0,0,0,0,0,0,20.553,45,28,0,73,93.553,06037190901
190902,2022,1,4,3,13,24,28,28,7,0,2,0,2,4,0,0,0,0,0,1,0,0,1,3,1.592,0.0,0.0,1.381,4.819,0.047,0.0,0.0,0.002,0.011,0.152,0.0,0.0,0.007,0.034,1.44,0.0,0.0,1.374,4.785,0,0,0,0,0,0,0,0,0,0,0,0,0,0,0,0,0,0,0,0,0,11.793000000000001,0,0,0,0,11.793000000000001,06037190902
191000,2022,1,4,3,13,26,28,28,56,86,3,1,3,98,0,0,0,0,0,1,1,6,71,28,1.592,1.492,11.157,98.027,44.979,0.047,0.018,0.11399999999999999,0.136,0.106,0.152,0.057,0.46499999999999997,0.46599999999999997,0.317,1.44,1.435,10.692,97.56,44.663,16,0,0,20,0,0,0,3,0,0,19,0,0,0,0,0,0,0,0,0,0,255.24499999999998,36,22,0,58,313.245,06037191000
191110,2022,1,4,3,13,24,43,28,0,85,0,0,2,6,0,0,0,0,0,3,0,0,0,0,4.777,0.0,0.0,0.0,0.0,0.14,0.0,0.0,0.0,0.0,0.456,0.0,0.0,0.0,0.0,4.321,0.0,0.0,0.0,0.0,0,0,0,0,0,0,0,0,0,0,0,0,0,0,0,0,0,0,0,0,0,10.777000000000001,0,0,0,0,10.777000000000001,06037191110
191120,2022,1,4,3,13,24,43,28,0,0,0,0,3,6,0,0,0,0,0,0,0,0,0,4,0.0,0.0,0.0,0.0,6.425,0.0,0.0,0.0,0.0,0.015,0.0,0.0,0.0,0.0,0.045,0.0,0.0,0.0,0.0,6.38,0,0,0,0,0,0,0,0,0,0,0,0,0,0,0,0,0,0,0,0,0,12.425,0,0,0,0,12.425,06037191120
191201,2022,1,4,3,13,24,43,28,23,0,1,0,1,25,0,0,0,0,0,0,3,1,8,5,0.0,4.477,1.86,11.045,8.032,0.0,0.055,0.019,0.015,0.019,0.0,0.171,0.077,0.053,0.057,0.0,4.306,1.782,10.993,7.975,0,0,0,0,0,0,0,0,0,0,0,0,0,0,0,0,0,0,0,0,0,50.414,0,0,0,0,50.414,06037191201
191203,2022,1,4,3,13,24,43,28,0,0,0,0,2,2,0,0,0,0,0,0,0,1,0,2,0.0,0.0,1.86,0.0,3.213,0.0,0.0,0.019,0.0,0.008,0.0,0.0,0.077,0.0,0.023,0.0,0.0,1.782,0.0,3.19,0,0,0,0,0,0,0,0,0,0,0,0,0,0,0,0,0,0,0,0,0,7.072,0,0,0,0,7.072,06037191203
191204,2022,1,4,3,13,24,43,28,0,0,0,0,1,4,0,0,0,0,0,0,0,0,0,0,0.0,0.0,0.0,0.0,0.0,0.0,0.0,0.0,0.0,0.0,0.0,0.0,0.0,0.0,0.0,0.0,0.0,0.0,0.0,0.0,0,0,0,0,0,0,0,0,0,0,0,0,0,0,0,0,0,0,0,0,0,4.0,0,0,0,0,4.0,06037191204
191301,2022,1,4,3,13,24,43,28,9,0,2,0,2,7,0,0,3,0,0,0,0,1,6,3,0.0,0.0,1.86,8.283999999999999,4.819,0.0,0.0,0.019,0.012,0.012,0.0,0.0,0.077,0.04,0.034,0.0,0.0,1.782,8.244,4.785,0,0,0,0,0,0,0,0,0,0,0,0,0,0,0,0,0,0,0,0,0,24.963,0,0,0,0,24.963,06037191301
191302,2022,1,4,3,13,24,43,28,0,0,0,0,3,8,0,0,0,0,0,0,0,2,7,2,0.0,0.0,3.719,9.664000000000001,3.213,0.0,0.0,0.038,0.014,0.008,0.0,0.0,0.155,0.046,0.023,0.0,0.0,3.564,9.618,3.19,0,0,0,0,0,0,0,0,0,0,0,0,0,0,0,0,0,0,0,0,0,24.596,0,0,0,0,24.596,06037191302
191410,2022,1,4,3,13,24,43,28,0,0,0,0,2,31,0,0,0,0,0,3,4,0,4,7,4.777,5.969,0.0,5.523,11.245,0.14,0.073,0.0,0.008,0.026,0.456,0.228,0.0,0.026,0.079,4.321,5.742,0.0,5.496,11.166,0,0,0,0,0,0,0,0,0,0,0,0,0,0,0,0,0,0,0,0,0,58.514,0,0,0,0,58.514,06037191410
191420,2022,1,4,2,13,24,43,28,4,0,2,0,1,21,0,0,0,0,0,1,0,2,1,15,1.592,0.0,3.719,1.381,24.096,0.047,0.0,0.038,0.002,0.057,0.152,0.0,0.155,0.007,0.17,1.44,0.0,3.564,1.374,23.926,0,0,0,0,0,0,0,0,0,0,0,0,0,0,0,0,0,0,0,0,0,51.788,0,0,0,0,51.788,06037191420
191500,2022,1,4,3,13,24,43,28,0,0,0,0,1,7,0,0,0,0,0,0,1,6,1,5,0.0,1.492,11.157,1.381,8.032,0.0,0.018,0.114,0.002,0.019,0.0,0.057,0.465,0.007,0.057,0.0,1.435,10.693,1.374,7.975,0,0,0,0,0,0,0,0,0,0,0,0,0,0,0,0,0,0,0,0,0,29.062,0,0,0,0,29.062,06037191500
191610,2022,1,4,2,13,24,53,28,0,0,0,0,2,5,0,0,0,0,0,3,0,0,0,10,4.777,0.0,0.0,0.0,16.064,0.14,0.0,0.0,0.0,0.038,0.456,0.0,0.0,0.0,0.11399999999999999,4.321,0.0,0.0,0.0,15.950999999999999,0,0,0,0,0,0,0,0,0,0,0,0,0,0,0,0,0,0,0,0,0,25.841,0,0,0,0,25.841,06037191610
191620,2022,1,4,3,13,24,43,28,0,0,0,0,1,0,0,0,0,0,0,0,1,2,0,1,0.0,1.492,3.719,0.0,1.606,0.0,0.018,0.038,0.0,0.004,0.0,0.057,0.155,0.0,0.011,0.0,1.435,3.564,0.0,1.595,0,0,0,0,0,0,0,0,0,0,0,0,0,0,0,0,0,0,0,0,0,6.818,0,0,0,0,6.818,06037191620
191710,2022,1,4,3,13,24,53,28,5,0,1,0,1,1,0,0,2,0,0,1,2,1,0,1,1.592,2.985,1.86,0.0,1.606,0.047,0.037,0.019,0.0,0.004,0.152,0.114,0.077,0.0,0.011,1.44,2.871,1.782,0.0,1.595,0,0,0,0,0,0,0,0,0,0,0,0,0,0,0,0,0,0,0,0,0,11.043,0,0,0,0,11.043,06037191710
191720,2022,1,4,3,13,24,53,28,5,0,1,0,1,13,0,0,0,0,0,0,3,2,4,1,0.0,4.477,3.719,5.523,1.606,0.0,0.055,0.038,0.008,0.004,0.0,0.171,0.155,0.026,0.011,0.0,4.306,3.564,5.496,1.595,0,0,0,0,0,0,0,0,0,0,0,0,0,0,0,0,0,0,0,0,0,28.325,0,0,0,0,28.325,06037191720
191810,2022,1,4,3,13,26,50,28,11,0,2,0,2,17,0,0,5,0,0,0,0,3,25,20,0.0,0.0,5.579,34.517,32.128,0.0,0.0,0.056999999999999995,0.048,0.075,0.0,0.0,0.23199999999999998,0.164,0.227,0.0,0.0,5.346,34.352000000000004,31.901999999999997,0,0,0,0,0,0,0,0,0,0,0,0,0,0,0,0,0,0,0,0,0,94.224,0,0,0,0,94.224,06037191810
191820,2022,1,4,3,4,26,50,28,0,0,0,0,2,1,0,0,0,0,0,0,0,2,0,1,0.0,0.0,3.719,0.0,1.606,0.0,0.0,0.038,0.0,0.004,0.0,0.0,0.155,0.0,0.011,0.0,0.0,3.564,0.0,1.595,0,0,0,0,0,0,0,0,0,0,0,0,0,0,0,0,0,0,0,0,0,6.325,0,0,0,0,6.325,06037191820
191901,2022,1,4,3,4,26,50,28,12,40,1,1,1,10,0,0,0,0,0,0,0,7,7,10,0.0,0.0,13.017,9.665,16.064,0.0,0.0,0.133,0.013,0.038,0.0,0.0,0.542,0.046,0.113,0.0,0.0,12.475,9.619,15.951,0,0,0,31,0,0,0,3,0,0,31,0,0,0,0,0,0,0,0,0,0,48.746,31,34,0,65,113.75,06037191901
191902,2022,1,4,3,5,26,50,28,0,0,0,0,1,3,0,0,0,0,0,0,1,3,1,1,0.0,1.492,5.579,1.381,1.606,0.0,0.018,0.057,0.002,0.004,0.0,0.057,0.232,0.007,0.011,0.0,1.435,5.346,1.374,1.595,0,0,0,0,0,0,0,0,0,0,0,0,0,0,0,0,0,0,0,0,0,13.058,0,0,0,0,13.058,06037191902
192001,2022,1,4,3,5,26,50,28,0,0,0,0,1,8,0,0,0,0,0,0,0,0,5,3,0.0,0.0,0.0,6.903,4.819,0.0,0.0,0.0,0.01,0.011,0.0,0.0,0.0,0.033,0.034,0.0,0.0,0.0,6.87,4.785,0,0,0,0,0,0,0,0,0,0,0,0,0,0,0,0,0,0,0,0,0,19.723,0,0,0,0,19.723,06037192001
192002,2022,1,4,3,5,26,50,28,0,0,0,0,1,7,0,0,0,0,0,1,0,0,0,0,1.592,0.0,0.0,0.0,0.0,0.047,0.0,0.0,0.0,0.0,0.152,0.0,0.0,0.0,0.0,1.44,0.0,0.0,0.0,0.0,0,0,0,0,0,0,0,0,0,0,0,0,0,0,0,0,0,0,0,0,0,8.592,0,0,0,0,8.592,06037192002
192300,2022,1,4,3,4,26,50,33,1,0,1,0,1,5,0,0,0,0,0,2,1,0,0,3,3.185,1.492,0.0,0.0,4.819,0.094,0.018,0.0,0.0,0.011,0.304,0.057,0.0,0.0,0.034,2.881,1.435,0.0,0.0,4.785,0,0,0,0,0,0,0,0,0,0,0,0,0,0,0,0,0,0,0,0,0,14.496,0,0,0,0,14.496,06037192300
192410,2022,1,4,3,4,24,53,34,0,0,0,0,1,0,0,0,0,0,0,0,1,0,0,0,0.0,1.492,0.0,0.0,0.0,0.0,0.018,0.0,0.0,0.0,0.0,0.057,0.0,0.0,0.0,0.0,1.435,0.0,0.0,0.0,0,0,0,0,0,0,0,0,0,0,0,0,0,0,0,0,0,0,0,0,0,1.492,0,0,0,0,1.492,06037192410
192420,2022,1,4,2,4,24,53,34,2,0,2,0,1,4,0,0,0,0,0,5,0,0,0,0,7.961,0.0,0.0,0.0,0.0,0.234,0.0,0.0,0.0,0.0,0.759,0.0,0.0,0.0,0.0,7.202,0.0,0.0,0.0,0.0,0,0,0,0,0,0,0,0,0,0,0,0,0,0,0,0,0,0,0,0,0,11.961,0,0,0,0,11.961,06037192420
192510,2022,1,4,2,13,24,53,34,0,0,0,0,2,2,0,0,0,0,0,2,1,5,0,0,3.185,1.492,9.298,0.0,0.0,0.094,0.018,0.095,0.0,0.0,0.304,0.057,0.387,0.0,0.0,2.881,1.435,8.91,0.0,0.0,0,0,0,0,0,0,0,0,0,0,0,0,0,0,0,0,0,0,0,0,0,15.975,0,0,0,0,15.975,06037192510
192520,2022,1,4,2,13,24,53,34,0,0,0,0,1,0,0,0,0,0,0,0,1,0,0,0,0.0,1.492,0.0,0.0,0.0,0.0,0.018,0.0,0.0,0.0,0.0,0.057,0.0,0.0,0.0,0.0,1.435,0.0,0.0,0.0,0,0,0,0,0,0,0,0,0,0,0,0,0,0,0,0,0,0,0,0,0,1.492,0,0,0,0,1.492,06037192520
192610,2022,1,4,2,13,24,53,28,0,0,0,0,2,8,0,0,0,0,0,2,3,2,1,4,3.184,4.477,3.72,1.381,6.425,0.094,0.055,0.038,0.002,0.015,0.304,0.171,0.154,0.007,0.045,2.88,4.306,3.564,1.374,6.38,0,0,0,0,0,0,0,0,0,0,0,0,0,0,0,0,0,0,0,0,0,27.187,0,0,0,0,27.187,06037192610
192620,2022,1,4,2,13,24,53,34,6,0,2,0,2,0,0,0,0,0,0,0,1,0,4,3,0.0,1.492,0.0,5.523000000000001,4.819,0.0,0.018,0.0,0.008,0.011,0.0,0.057,0.0,0.027,0.034,0.0,1.435,0.0,5.496,4.785,0,0,0,0,0,0,0,0,0,0,0,0,0,0,0,0,0,0,0,0,0,11.834,0,0,0,0,11.834,06037192620
192700,2022,1,4,2,13,24,43,28,46,107,2,1,2,26,0,0,0,0,0,0,1,1,6,19,0.0,1.492,1.86,8.284,30.522,0.0,0.018,0.019,0.012,0.071,0.0,0.057,0.077,0.039,0.21500000000000002,0.0,1.435,1.782,8.245,30.307,40,0,0,0,0,0,0,12,10,40,1,0,0,0,0,0,0,0,0,0,0,68.158,40,53,0,93,161.155,06037192700
194101,2022,1,4,3,4,26,46,28,0,0,0,0,0,0,0,0,0,0,0,0,0,0,0,0,0.0,0.0,0.0,0.0,0.0,0.0,0.0,0.0,0.0,0.0,0.0,0.0,0.0,0.0,0.0,0.0,0.0,0.0,0.0,0.0,0,0,0,0,0,0,0,0,0,0,0,0,0,0,0,0,0,0,0,0,0,0.0,0,0,0,0,0.0,06037194101
194102,2022,1,4,3,4,26,46,28,0,0,0,0,0,0,0,0,0,0,0,0,0,0,0,0,0.0,0.0,0.0,0.0,0.0,0.0,0.0,0.0,0.0,0.0,0.0,0.0,0.0,0.0,0.0,0.0,0.0,0.0,0.0,0.0,0,0,0,0,0,0,0,0,0,0,0,0,0,0,0,0,0,0,0,0,0,0.0,0,0,0,0,0.0,06037194102
194200,2022,1,4,3,4,26,50,28,0,0,0,0,0,0,0,0,0,0,0,0,0,0,0,0,0.0,0.0,0.0,0.0,0.0,0.0,0.0,0.0,0.0,0.0,0.0,0.0,0.0,0.0,0.0,0.0,0.0,0.0,0.0,0.0,0,0,0,0,0,0,0,0,0,0,0,0,0,0,0,0,0,0,0,0,0,0.0,0,0,0,0,0.0,06037194200
194300,2022,1,4,3,4,26,50,28,0,0,0,0,0,0,0,0,0,0,0,0,0,0,0,0,0.0,0.0,0.0,0.0,0.0,0.0,0.0,0.0,0.0,0.0,0.0,0.0,0.0,0.0,0.0,0.0,0.0,0.0,0.0,0.0,0,0,0,0,0,0,0,0,0,0,0,0,0,0,0,0,0,0,0,0,0,0.0,0,0,0,0,0.0,06037194300
194401,2022,1,4,3,5,26,50,28,0,0,0,0,1,10,0,0,0,0,0,1,1,0,0,5,1.592,1.492,0.0,0.0,8.032,0.047,0.018,0.0,0.0,0.019,0.152,0.057,0.0,0.0,0.057,1.44,1.435,0.0,0.0,7.975,0,0,0,0,0,0,0,0,0,0,0,0,0,0,0,0,0,0,0,0,0,21.117,0,0,0,0,21.117,06037194401
194402,2022,1,4,3,5,26,50,28,0,0,0,0,2,3,0,0,0,0,0,0,0,1,0,1,0.0,0.0,1.86,0.0,1.606,0.0,0.0,0.019,0.0,0.004,0.0,0.0,0.077,0.0,0.011,0.0,0.0,1.782,0.0,1.595,0,0,0,0,0,0,0,0,0,0,0,0,0,0,0,0,0,0,0,0,0,6.466,0,0,0,0,6.466,06037194402
194500,2022,1,4,3,5,26,50,33,0,0,0,0,1,8,0,0,0,0,0,0,0,0,6,6,0.0,0.0,0.0,8.284,9.638,0.0,0.0,0.0,0.012,0.023,0.0,0.0,0.0,0.039,0.068,0.0,0.0,0.0,8.245,9.571,0,0,0,0,0,0,0,0,0,0,0,0,0,0,0,0,0,0,0,0,0,25.922,0,0,0,0,25.922,06037194500
195100,2022,1,4,1,4,24,43,28,0,0,0,0,1,1,0,0,0,0,0,0,0,0,0,0,0.0,0.0,0.0,0.0,0.0,0.0,0.0,0.0,0.0,0.0,0.0,0.0,0.0,0.0,0.0,0.0,0.0,0.0,0.0,0.0,0,0,0,0,0,0,0,0,0,0,0,0,0,0,0,0,0,0,0,0,0,1.0,0,0,0,0,1.0,06037195100
195201,2022,1,4,3,4,24,43,28,0,0,0,0,0,0,0,0,0,0,0,0,0,0,0,0,0.0,0.0,0.0,0.0,0.0,0.0,0.0,0.0,0.0,0.0,0.0,0.0,0.0,0.0,0.0,0.0,0.0,0.0,0.0,0.0,0,0,0,0,0,0,0,0,0,0,0,0,0,0,0,0,0,0,0,0,0,0.0,0,0,0,0,0.0,06037195201
195202,2022,1,4,3,4,24,43,28,3,0,1,0,1,0,0,0,0,0,0,0,1,7,0,0,0.0,1.492,13.017,0.0,0.0,0.0,0.018,0.133,0.0,0.0,0.0,0.057,0.542,0.0,0.0,0.0,1.435,12.475,0.0,0.0,0,0,0,0,0,0,0,0,0,0,0,0,0,0,0,0,0,0,0,0,0,14.509,0,0,0,0,14.509,06037195202
195300,2022,1,4,3,4,24,43,28,0,0,0,0,1,2,0,0,0,0,0,0,1,3,4,0,0.0,1.492,5.579,5.523,0.0,0.0,0.018,0.057,0.008,0.0,0.0,0.057,0.232,0.026,0.0,0.0,1.435,5.346,5.496,0.0,0,0,0,0,0,0,0,0,0,0,0,0,0,0,0,0,0,0,0,0,0,14.594,0,0,0,0,14.594,06037195300
195400,2022,1,4,1,13,24,51,28,0,0,0,0,1,20,0,0,0,0,0,1,0,5,5,12,1.592,0.0,9.298,6.903,19.277,0.047,0.0,0.095,0.01,0.045,0.152,0.0,0.387,0.033,0.136,1.44,0.0,8.91,6.87,19.141,0,0,0,0,0,0,0,0,0,0,0,0,0,0,0,0,0,0,0,0,0,57.07,0,0,0,0,57.07,06037195400
195500,2022,1,4,1,13,24,51,28,5,0,2,1,2,2,0,0,0,0,0,0,0,0,8,0,0.0,0.0,0.0,11.045,0.0,0.0,0.0,0.0,0.016,0.0,0.0,0.0,0.0,0.053000000000000005,0.0,0.0,0.0,0.0,10.992,0.0,43,0,0,1,0,0,0,0,0,0,0,0,0,0,0,0,0,0,0,0,0,13.045,44,0,0,44,57.045,06037195500
195600,2022,1,4,1,13,24,51,28,6,81,2,1,2,17,0,0,11,0,0,2,1,1,6,9,3.185,1.492,1.86,8.283999999999999,14.457999999999998,0.094,0.018,0.019,0.012,0.034,0.304,0.057,0.077,0.039,0.10200000000000001,2.881,1.435,1.782,8.244,14.356,0,0,0,0,0,0,0,0,0,0,0,0,0,0,0,0,0,0,0,0,0,57.278,0,0,0,0,57.278,06037195600
195710,2022,1,4,1,13,24,51,34,0,0,0,0,2,11,0,0,0,0,0,2,1,4,16,9,3.185,1.492,7.438,22.091,14.458,0.094,0.018,0.076,0.031,0.034,0.304,0.057,0.31,0.10500000000000001,0.102,2.881,1.435,7.128,21.985,14.356,0,0,0,0,0,0,0,0,0,0,0,0,0,0,0,0,0,0,0,0,0,59.663000000000004,0,0,0,0,59.663000000000004,06037195710
195720,2022,1,4,1,13,24,51,28,0,0,0,0,2,7,0,0,0,0,0,1,3,2,6,4,1.592,4.477,3.72,8.283999999999999,6.425,0.047,0.05499999999999999,0.038,0.012,0.015,0.152,0.171,0.154,0.039,0.045,1.44,4.306,3.564,8.244,6.38,0,0,0,0,0,0,0,0,0,0,0,0,0,0,0,0,0,0,0,0,0,31.497999999999998,0,0,0,0,31.497999999999998,06037195720
195802,2022,1,4,1,13,24,51,34,0,0,0,0,3,7,0,0,0,0,0,4,1,7,3,7,6.369,1.492,13.017,4.142,11.245000000000001,0.187,0.018,0.133,0.006,0.027,0.608,0.057,0.542,0.02,0.08,5.762,1.435,12.474,4.122,11.165,0,0,0,0,0,0,0,0,0,0,0,0,0,0,0,0,0,0,0,0,0,43.265,0,0,0,0,43.265,06037195802
195803,2022,1,4,1,13,24,51,28,0,0,0,0,2,6,0,0,0,0,0,0,0,1,2,2,0.0,0.0,1.86,2.762,3.213,0.0,0.0,0.019,0.004,0.008,0.0,0.0,0.077,0.014,0.023,0.0,0.0,1.782,2.748,3.19,0,0,0,0,0,0,0,0,0,0,0,0,0,0,0,0,0,0,0,0,0,13.833,0,0,0,0,13.833,06037195803
195804,2022,1,4,1,13,24,51,28,0,0,0,0,2,1,0,0,0,0,0,0,1,0,1,1,0.0,1.492,0.0,1.381,1.606,0.0,0.018,0.0,0.002,0.004,0.0,0.057,0.0,0.007,0.011,0.0,1.435,0.0,1.374,1.595,0,0,0,0,0,0,0,0,0,0,0,0,0,0,0,0,0,0,0,0,0,5.479,0,0,0,0,5.479,06037195804
195901,2022,1,4,1,13,24,51,28,0,0,0,0,1,1,0,0,0,0,0,0,0,0,0,0,0.0,0.0,0.0,0.0,0.0,0.0,0.0,0.0,0.0,0.0,0.0,0.0,0.0,0.0,0.0,0.0,0.0,0.0,0.0,0.0,0,0,0,0,0,0,0,0,0,0,0,0,0,0,0,0,0,0,0,0,0,1.0,0,0,0,0,1.0,06037195901
195902,2022,1,4,1,13,24,51,28,0,0,0,0,1,1,0,0,0,0,0,0,0,0,0,0,0.0,0.0,0.0,0.0,0.0,0.0,0.0,0.0,0.0,0.0,0.0,0.0,0.0,0.0,0.0,0.0,0.0,0.0,0.0,0.0,0,0,0,0,0,0,0,0,0,0,0,0,0,0,0,0,0,0,0,0,0,1.0,0,0,0,0,1.0,06037195902
195903,2022,1,4,1,13,24,51,28,0,0,0,0,0,0,0,0,0,0,0,0,0,0,0,0,0.0,0.0,0.0,0.0,0.0,0.0,0.0,0.0,0.0,0.0,0.0,0.0,0.0,0.0,0.0,0.0,0.0,0.0,0.0,0.0,0,0,0,0,0,0,0,0,0,0,0,0,0,0,0,0,0,0,0,0,0,0.0,0,0,0,0,0.0,06037195903
197200,2022,1,4,1,13,24,51,28,0,0,0,0,1,1,0,0,0,0,0,0,0,2,0,2,0.0,0.0,3.719,0.0,3.213,0.0,0.0,0.038,0.0,0.008,0.0,0.0,0.155,0.0,0.023,0.0,0.0,3.564,0.0,3.19,0,0,0,0,0,0,0,0,0,0,0,0,0,0,0,0,0,0,0,0,0,7.932,0,0,0,0,7.932,06037197200
197300,2022,1,4,1,13,24,51,28,0,0,0,0,1,2,0,0,0,0,0,0,0,0,0,0,0.0,0.0,0.0,0.0,0.0,0.0,0.0,0.0,0.0,0.0,0.0,0.0,0.0,0.0,0.0,0.0,0.0,0.0,0.0,0.0,0,0,0,0,0,0,0,0,0,0,0,0,0,0,0,0,0,0,0,0,0,2.0,0,0,0,0,2.0,06037197300
197410,2022,1,4,1,13,24,51,28,0,0,0,0,2,1,0,0,0,0,0,2,4,9,3,7,3.185,5.97,16.736,4.142,11.244,0.094,0.074,0.171,0.006,0.027,0.304,0.228,0.6970000000000001,0.02,0.079,2.881,5.742,16.039,4.122,11.166,0,0,0,0,0,0,0,0,0,0,0,0,0,0,0,0,0,0,0,0,0,42.276,0,0,0,0,42.276,06037197410
197420,2022,1,4,1,13,24,51,28,0,88,0,1,1,20,0,0,0,0,0,0,0,0,3,2,0.0,0.0,0.0,4.142,3.213,0.0,0.0,0.0,0.006,0.008,0.0,0.0,0.0,0.02,0.023,0.0,0.0,0.0,4.122,3.19,1,16,52,0,1,3,0,0,0,0,0,0,0,0,0,0,0,0,0,0,0,27.355,56,0,0,56,83.355,06037197420
197500,2022,1,4,1,1,24,51,28,0,0,0,1,1,5,0,0,0,0,0,9,14,11,0,2,14.33,20.892,20.455,0.0,3.213,0.421,0.256,0.208,0.0,0.008,1.367,0.797,0.852,0.0,0.023,12.964,20.095,19.603,0.0,3.19,0,0,0,0,0,0,0,0,0,0,0,0,0,0,0,0,0,0,0,0,0,63.891,0,0,0,0,63.891,06037197500
197600,2022,1,4,1,1,24,51,34,0,0,0,0,3,5,0,0,0,0,0,1,5,11,2,3,1.592,7.461,20.455000000000002,2.761,4.819,0.047,0.091,0.20900000000000002,0.004,0.011,0.152,0.28500000000000003,0.852,0.013,0.034,1.44,7.177,19.603,2.748,4.785,0,0,0,0,0,0,0,0,0,0,0,0,0,0,0,0,0,0,0,0,0,42.089,0,0,0,0,42.089,06037197600
197700,2022,1,4,1,1,24,51,34,0,0,0,0,1,2,0,0,0,0,0,0,0,0,1,1,0.0,0.0,0.0,1.381,1.606,0.0,0.0,0.0,0.002,0.004,0.0,0.0,0.0,0.007,0.011,0.0,0.0,0.0,1.374,1.595,0,0,0,0,0,0,0,0,0,0,0,0,0,0,0,0,0,0,0,0,0,4.987,0,0,0,0,4.987,06037197700
199000,2022,1,4,1,1,24,51,34,0,0,0,0,3,25,0,0,0,0,0,6,11,32,26,51,9.554,16.416,59.506,35.898,81.927,0.28,0.202,0.607,0.05,0.192,0.912,0.626,2.4779999999999998,0.17099999999999999,0.5780000000000001,8.642,15.789,57.027,35.726,81.34899999999999,0,0,0,0,0,0,0,0,0,0,0,0,0,0,0,0,0,0,0,0,0,228.299,0,0,0,0,228.299,06037199000
199110,2022,1,4,1,14,24,51,34,0,0,0,0,2,6,0,0,0,0,0,0,0,2,0,4,0.0,0.0,3.719,0.0,6.426,0.0,0.0,0.038,0.0,0.015,0.0,0.0,0.155,0.0,0.045,0.0,0.0,3.564,0.0,6.38,0,0,0,0,0,0,0,0,0,0,0,0,0,0,0,0,0,0,0,0,0,16.145,0,0,0,0,16.145,06037199110
199120,2022,1,4,1,1,24,51,34,9,0,1,0,1,16,0,0,0,0,0,23,12,6,2,3,36.622,17.908,11.157,2.761,4.819,1.076,0.22,0.114,0.004,0.011,3.493,0.683,0.465,0.013,0.034,33.129,17.225,10.693,2.748,4.785,0,0,0,0,0,0,0,0,0,0,0,0,0,0,0,0,0,0,0,0,0,89.268,0,0,0,0,89.268,06037199120
199201,2022,1,4,1,1,24,51,34,0,0,0,1,1,0,0,0,0,0,0,0,4,0,0,0,0.0,5.969,0.0,0.0,0.0,0.0,0.073,0.0,0.0,0.0,0.0,0.228,0.0,0.0,0.0,0.0,5.742,0.0,0.0,0.0,22,0,0,0,0,0,0,0,0,0,0,0,0,0,0,0,0,0,0,0,0,5.969,22,0,0,22,27.969,06037199201
199202,2022,1,4,1,1,24,51,34,0,0,0,0,3,0,0,0,0,0,0,1,0,7,1,0,1.592,0.0,13.017,1.381,0.0,0.047,0.0,0.133,0.002,0.0,0.152,0.0,0.542,0.007,0.0,1.44,0.0,12.474,1.374,0.0,0,0,0,0,0,0,0,0,0,0,0,0,0,0,0,0,0,0,0,0,0,15.989999999999998,0,0,0,0,15.989999999999998,06037199202
199300,2022,1,4,1,1,24,51,34,0,0,0,0,3,5,0,0,0,0,0,0,1,3,3,16,0.0,1.492,5.579,4.142,25.703,0.0,0.018,0.056999999999999995,0.006,0.06,0.0,0.057,0.23199999999999998,0.02,0.181,0.0,1.435,5.346,4.122,25.521,0,0,0,0,0,0,0,0,0,0,0,0,0,0,0,0,0,0,0,0,0,41.916,0,0,0,0,41.916,06037199300
199400,2022,1,4,1,1,24,51,34,0,0,0,0,2,4,0,0,0,0,0,0,6,4,2,3,0.0,8.954,7.439,2.761,4.819,0.0,0.11,0.076,0.004,0.011,0.0,0.342,0.309,0.013,0.034,0.0,8.612,7.128,2.748,4.785,0,0,0,0,0,0,0,0,0,0,0,0,0,0,0,0,0,0,0,0,0,27.973,0,0,0,0,27.973,06037199400
199700,2022,1,4,1,1,24,51,34,53,0,1,0,1,7,0,0,0,0,0,0,5,32,6,6,0.0,7.462,59.505,8.284,9.638,0.0,0.092,0.606,0.012,0.023,0.0,0.285,2.479,0.039,0.068,0.0,7.177,57.027,8.245,9.571,0,0,0,0,0,0,0,0,0,0,0,0,0,0,0,0,0,0,0,0,0,91.889,0,0,0,0,91.889,06037199700
199800,2022,1,4,1,1,24,51,34,0,0,0,0,1,3,0,0,0,0,0,0,0,0,0,0,0.0,0.0,0.0,0.0,0.0,0.0,0.0,0.0,0.0,0.0,0.0,0.0,0.0,0.0,0.0,0.0,0.0,0.0,0.0,0.0,0,0,0,0,0,0,0,0,0,0,0,0,0,0,0,0,0,0,0,0,0,3.0,0,0,0,0,3.0,06037199800
199900,2022,1,4,1,1,24,51,34,0,0,0,0,1,35,0,0,0,0,0,9,4,12,4,0,14.33,5.969,22.314,5.523,0.0,0.421,0.073,0.227,0.008,0.0,1.367,0.228,0.929,0.026,0.0,12.964,5.742,21.385,5.496,0.0,0,0,0,0,0,0,0,0,0,0,0,0,0,0,0,0,0,0,0,0,0,83.137,0,0,0,0,83.137,06037199900
201110,2022,1,4,1,14,24,51,34,0,0,0,0,1,0,0,0,0,0,0,0,1,3,0,0,0.0,1.492,5.579,0.0,0.0,0.0,0.018,0.057,0.0,0.0,0.0,0.057,0.232,0.0,0.0,0.0,1.435,5.346,0.0,0.0,0,0,0,0,0,0,0,0,0,0,0,0,0,0,0,0,0,0,0,0,0,7.071,0,0,0,0,7.071,06037201110
201120,2022,1,4,1,14,24,51,34,0,0,0,1,1,8,1,4,0,0,0,2,2,2,2,4,3.185,2.985,3.719,2.761,6.426,0.094,0.037,0.038,0.004,0.015,0.304,0.114,0.155,0.013,0.045,2.881,2.871,3.564,2.748,6.38,32,0,0,0,0,0,0,0,0,0,0,0,0,0,0,0,0,0,0,0,0,31.075,32,0,0,32,63.075,06037201120
201200,2022,1,4,1,14,24,51,34,0,0,0,0,1,1,0,0,0,0,0,0,0,1,0,1,0.0,0.0,1.86,0.0,1.606,0.0,0.0,0.019,0.0,0.004,0.0,0.0,0.077,0.0,0.011,0.0,0.0,1.782,0.0,1.595,0,0,0,0,0,0,0,0,0,0,0,0,0,0,0,0,0,0,0,0,0,4.466,0,0,0,0,4.466,06037201200
201301,2022,1,4,1,14,24,51,34,0,0,0,0,1,0,0,0,0,0,0,2,0,7,0,1,3.185,0.0,13.017,0.0,1.606,0.094,0.0,0.133,0.0,0.004,0.304,0.0,0.542,0.0,0.011,2.881,0.0,12.475,0.0,1.595,0,0,0,0,0,0,0,0,0,0,0,0,0,0,0,0,0,0,0,0,0,17.808,0,0,0,0,17.808,06037201301
201302,2022,1,4,1,14,24,51,34,0,0,0,0,0,0,0,0,0,0,0,0,0,0,0,0,0.0,0.0,0.0,0.0,0.0,0.0,0.0,0.0,0.0,0.0,0.0,0.0,0.0,0.0,0.0,0.0,0.0,0.0,0.0,0.0,0,0,0,0,0,0,0,0,0,0,0,0,0,0,0,0,0,0,0,0,0,0.0,0,0,0,0,0.0,06037201302
201401,2022,1,4,1,14,24,51,34,0,0,0,0,1,0,0,0,0,0,0,0,1,11,0,0,0.0,1.492,20.455,0.0,0.0,0.0,0.018,0.208,0.0,0.0,0.0,0.057,0.852,0.0,0.0,0.0,1.435,19.603,0.0,0.0,0,0,0,0,0,0,0,0,0,0,0,0,0,0,0,0,0,0,0,0,0,21.947,0,0,0,0,21.947,06037201401
201402,2022,1,4,1,14,24,51,34,3,0,1,0,1,0,0,0,0,0,0,0,0,1,0,0,0.0,0.0,1.86,0.0,0.0,0.0,0.0,0.019,0.0,0.0,0.0,0.0,0.077,0.0,0.0,0.0,0.0,1.782,0.0,0.0,0,0,0,0,0,0,0,0,0,0,0,0,0,0,0,0,0,0,0,0,0,1.86,0,0,0,0,1.86,06037201402
201501,2022,1,4,1,14,24,51,34,0,0,0,1,1,0,0,0,0,0,0,0,1,3,0,0,0.0,1.492,5.579,0.0,0.0,0.0,0.018,0.057,0.0,0.0,0.0,0.057,0.232,0.0,0.0,0.0,1.435,5.346,0.0,0.0,38,0,0,0,0,0,0,0,0,0,0,0,0,0,0,0,0,0,0,0,0,7.071,38,0,0,38,45.071,06037201501
201503,2022,1,4,1,14,24,51,34,0,0,0,0,1,1,0,0,0,0,0,1,0,0,0,0,1.592,0.0,0.0,0.0,0.0,0.047,0.0,0.0,0.0,0.0,0.152,0.0,0.0,0.0,0.0,1.44,0.0,0.0,0.0,0.0,0,0,0,0,0,0,0,0,0,0,0,0,0,0,0,0,0,0,0,0,0,2.592,0,0,0,0,2.592,06037201503
201504,2022,1,4,1,14,24,51,34,0,0,0,0,1,2,0,0,0,0,0,3,0,3,0,0,4.777,0.0,5.579,0.0,0.0,0.14,0.0,0.057,0.0,0.0,0.456,0.0,0.232,0.0,0.0,4.321,0.0,5.346,0.0,0.0,0,0,0,0,0,0,0,0,0,0,0,0,0,0,0,0,0,0,0,0,0,12.355,0,0,0,0,12.355,06037201504
201601,2022,1,4,1,14,24,51,34,0,0,0,0,1,1,0,0,0,0,0,0,0,2,0,0,0.0,0.0,3.719,0.0,0.0,0.0,0.0,0.038,0.0,0.0,0.0,0.0,0.155,0.0,0.0,0.0,0.0,3.564,0.0,0.0,0,0,0,0,0,0,0,0,0,0,0,0,0,0,0,0,0,0,0,0,0,4.719,0,0,0,0,4.719,06037201601
201602,2022,1,4,1,14,24,51,34,4,0,1,0,1,0,0,0,0,0,0,0,0,1,0,0,0.0,0.0,1.86,0.0,0.0,0.0,0.0,0.019,0.0,0.0,0.0,0.0,0.077,0.0,0.0,0.0,0.0,1.782,0.0,0.0,0,0,0,0,0,0,0,0,0,0,0,0,0,0,0,0,0,0,0,0,0,1.86,0,0,0,0,1.86,06037201602
201700,2022,1,4,1,14,24,51,34,0,0,0,0,2,1,0,0,0,0,0,2,4,9,1,1,3.185,5.97,16.736,1.381,1.606,0.094,0.074,0.17099999999999999,0.002,0.004,0.304,0.228,0.6970000000000001,0.007,0.011,2.881,5.742,16.038,1.374,1.595,0,0,0,0,0,0,0,0,0,0,0,0,0,0,0,0,0,0,0,0,0,29.875999999999998,0,0,0,0,29.875999999999998,06037201700
203100,2022,1,4,1,14,24,51,34,0,0,0,0,1,0,0,0,0,0,0,2,2,5,0,0,3.185,2.985,9.298,0.0,0.0,0.094,0.037,0.095,0.0,0.0,0.304,0.114,0.387,0.0,0.0,2.881,2.871,8.91,0.0,0.0,0,0,0,0,0,0,0,0,0,0,0,0,0,0,0,0,0,0,0,0,0,15.467,0,0,0,0,15.467,06037203100
203200,2022,1,4,1,14,24,53,34,0,0,0,0,2,4,0,0,0,0,0,2,1,1,1,4,3.184,1.492,1.86,1.381,6.426,0.094,0.018,0.019,0.002,0.015,0.304,0.057,0.077,0.007,0.045,2.88,1.435,1.782,1.374,6.38,0,0,0,0,0,0,0,0,0,0,0,0,0,0,0,0,0,0,0,0,0,18.343,0,0,0,0,18.343,06037203200
203300,2022,1,4,1,14,24,51,34,21,11,2,1,2,54,0,0,0,0,0,5,6,8,12,2,7.961,8.954,14.876,16.567999999999998,3.213,0.234,0.11,0.152,0.023,0.008,0.759,0.342,0.62,0.079,0.023,7.202,8.612,14.257,16.489,3.19,18,0,0,0,0,0,0,0,0,0,0,0,0,0,0,0,0,0,0,0,0,105.573,18,0,0,18,123.577,06037203300
203500,2022,1,4,1,14,24,53,34,10,42,2,0,3,5,0,0,0,0,0,4,0,1,1,3,6.369,0.0,1.86,1.381,4.8180000000000005,0.187,0.0,0.019,0.002,0.012,0.608,0.0,0.077,0.007,0.033,5.762,0.0,1.782,1.374,4.785,0,0,0,0,0,0,0,0,0,0,0,0,0,0,0,0,0,0,0,0,0,19.428,0,0,0,0,19.428,06037203500
203600,2022,1,4,1,14,24,53,34,0,10,0,1,1,0,0,0,0,0,0,0,0,0,0,1,0.0,0.0,0.0,0.0,1.606,0.0,0.0,0.0,0.0,0.004,0.0,0.0,0.0,0.0,0.011,0.0,0.0,0.0,0.0,1.595,0,3,7,0,0,0,0,0,0,0,0,0,0,0,0,0,0,0,0,0,0,1.606,7,0,0,7,8.606,06037203600
203710,2022,1,4,1,14,24,53,34,0,0,0,0,1,0,0,0,0,0,0,0,1,0,0,0,0.0,1.492,0.0,0.0,0.0,0.0,0.018,0.0,0.0,0.0,0.0,0.057,0.0,0.0,0.0,0.0,1.435,0.0,0.0,0.0,0,0,0,0,0,0,0,0,0,0,0,0,0,0,0,0,0,0,0,0,0,1.492,0,0,0,0,1.492,06037203710
203720,2022,1,4,1,14,24,53,34,0,0,0,0,2,1,0,0,0,0,0,0,1,1,0,1,0.0,1.492,1.86,0.0,1.606,0.0,0.018,0.019,0.0,0.004,0.0,0.057,0.077,0.0,0.011,0.0,1.435,1.782,0.0,1.595,0,0,0,0,0,0,0,0,0,0,0,0,0,0,0,0,0,0,0,0,0,5.9590000000000005,0,0,0,0,5.9590000000000005,06037203720
203800,2022,1,4,1,14,24,53,34,0,0,0,0,2,0,0,0,0,0,0,0,7,6,0,0,0.0,10.446000000000002,11.157,0.0,0.0,0.0,0.128,0.11399999999999999,0.0,0.0,0.0,0.399,0.46499999999999997,0.0,0.0,0.0,10.048,10.692,0.0,0.0,0,0,0,0,0,0,0,0,0,0,0,0,0,0,0,0,0,0,0,0,0,21.603,0,0,0,0,21.603,06037203800
203900,2022,1,4,1,14,24,53,34,0,0,0,0,1,0,0,0,0,0,0,1,2,31,0,2,1.592,2.985,57.646,0.0,3.213,0.047,0.037,0.587,0.0,0.008,0.152,0.114,2.401,0.0,0.023,1.44,2.871,55.245,0.0,3.19,0,0,0,0,0,0,0,0,0,0,0,0,0,0,0,0,0,0,0,0,0,65.436,0,0,0,0,65.436,06037203900
204110,2022,1,4,1,14,24,53,34,0,0,0,0,1,11,0,0,0,0,0,1,3,13,2,0,1.592,4.477,24.174,2.761,0.0,0.047,0.055,0.246,0.004,0.0,0.152,0.171,1.007,0.013,0.0,1.44,4.306,23.167,2.748,0.0,0,0,0,0,0,0,0,0,0,0,0,0,0,0,0,0,0,0,0,0,0,44.005,0,0,0,0,44.005,06037204110
204120,2022,1,4,1,14,24,53,34,0,0,0,0,0,0,0,0,0,0,0,0,0,0,0,0,0.0,0.0,0.0,0.0,0.0,0.0,0.0,0.0,0.0,0.0,0.0,0.0,0.0,0.0,0.0,0.0,0.0,0.0,0.0,0.0,0,0,0,0,0,0,0,0,0,0,0,0,0,0,0,0,0,0,0,0,0,0.0,0,0,0,0,0.0,06037204120
204200,2022,1,4,1,14,24,53,34,0,0,0,0,2,0,0,0,0,0,0,0,2,2,0,0,0.0,2.985,3.719,0.0,0.0,0.0,0.037,0.038,0.0,0.0,0.0,0.114,0.155,0.0,0.0,0.0,2.871,3.564,0.0,0.0,0,0,0,0,0,0,0,0,0,0,0,0,0,0,0,0,0,0,0,0,0,6.704,0,0,0,0,6.704,06037204200
204300,2022,1,4,1,14,24,53,34,0,0,0,0,1,1,0,0,0,0,0,3,5,4,0,0,4.777,7.462,7.438,0.0,0.0,0.14,0.092,0.076,0.0,0.0,0.456,0.285,0.31,0.0,0.0,4.321,7.177,7.128,0.0,0.0,0,0,0,0,0,0,0,0,0,0,0,0,0,0,0,0,0,0,0,0,0,20.677,0,0,0,0,20.677,06037204300
204410,2022,1,4,1,14,24,53,34,1,0,1,0,2,53,7,39,0,0,0,13,16,13,32,29,20.7,23.877000000000002,24.174,44.181000000000004,46.586,0.608,0.293,0.246,0.062,0.109,1.974,0.911,1.007,0.21000000000000002,0.328,18.725,22.966,23.167,43.971,46.258,0,0,0,0,0,0,0,0,0,0,0,0,0,0,0,0,0,0,0,0,0,251.519,0,0,0,0,251.519,06037204410
204420,2022,1,4,1,14,24,53,34,0,105,0,1,0,0,0,0,0,0,0,0,0,0,0,0,0.0,0.0,0.0,0.0,0.0,0.0,0.0,0.0,0.0,0.0,0.0,0.0,0.0,0.0,0.0,0.0,0.0,0.0,0.0,0.0,0,16,71,0,0,0,0,0,0,0,0,0,0,0,0,0,0,0,0,0,0,0.0,71,0,0,71,71.0,06037204420
204600,2022,1,4,1,14,24,53,34,0,0,0,0,1,11,0,0,0,0,0,0,0,2,5,4,0.0,0.0,3.719,6.903,6.426,0.0,0.0,0.038,0.01,0.015,0.0,0.0,0.155,0.033,0.045,0.0,0.0,3.564,6.87,6.38,0,0,0,0,0,0,0,0,0,0,0,0,0,0,0,0,0,0,0,0,0,28.048,0,0,0,0,28.048,06037204600
204700,2022,1,4,1,14,24,53,34,0,0,0,0,2,10,0,0,0,0,0,1,2,9,6,4,1.592,2.985,16.736,8.283999999999999,6.426,0.047,0.037,0.171,0.012,0.015,0.152,0.114,0.6970000000000001,0.04,0.045,1.44,2.871,16.039,8.244,6.38,0,0,0,0,0,0,0,0,0,0,0,0,0,0,0,0,0,0,0,0,0,46.022,0,0,0,0,46.022,06037204700
204810,2022,1,4,1,14,24,53,34,0,0,0,0,1,9,0,0,0,0,0,9,3,4,0,0,14.33,4.477,7.438,0.0,0.0,0.421,0.055,0.076,0.0,0.0,1.367,0.171,0.31,0.0,0.0,12.964,4.306,7.128,0.0,0.0,0,0,0,0,0,0,0,0,0,0,0,0,0,0,0,0,0,0,0,0,0,35.246,0,0,0,0,35.246,06037204810
204820,2022,1,4,1,14,24,53,34,0,0,0,0,0,0,0,0,0,0,0,0,0,0,0,0,0.0,0.0,0.0,0.0,0.0,0.0,0.0,0.0,0.0,0.0,0.0,0.0,0.0,0.0,0.0,0.0,0.0,0.0,0.0,0.0,0,0,0,0,0,0,0,0,0,0,0,0,0,0,0,0,0,0,0,0,0,0.0,0,0,0,0,0.0,06037204820
204910,2022,1,4,1,14,24,53,34,0,0,0,0,1,2,0,0,0,0,0,0,2,1,0,0,0.0,2.985,1.86,0.0,0.0,0.0,0.037,0.019,0.0,0.0,0.0,0.114,0.077,0.0,0.0,0.0,2.871,1.782,0.0,0.0,0,0,0,0,0,0,0,0,0,0,0,0,0,0,0,0,0,0,0,0,0,6.844,0,0,0,0,6.844,06037204910
204920,2022,1,4,1,14,24,53,34,0,0,0,0,1,22,2,5,0,0,0,7,10,81,4,14,11.146,14.923,150.62,5.523,22.49,0.328,0.183,1.535,0.008,0.053,1.063,0.569,6.274,0.026,0.159,10.083,14.354,144.35,5.496,22.331,0,0,0,0,0,0,0,0,0,0,0,0,0,0,0,0,0,0,0,0,0,231.7,0,0,0,0,231.7,06037204920
205110,2022,1,4,1,14,24,53,34,0,0,0,0,1,2,0,0,0,0,0,0,0,0,1,1,0.0,0.0,0.0,1.381,1.606,0.0,0.0,0.0,0.002,0.004,0.0,0.0,0.0,0.007,0.011,0.0,0.0,0.0,1.374,1.595,0,0,0,0,0,0,0,0,0,0,0,0,0,0,0,0,0,0,0,0,0,4.987,0,0,0,0,4.987,06037205110
205120,2022,1,4,1,14,24,53,34,28,0,2,0,2,36,1,3,0,0,0,10,5,69,5,22,15.922,7.461,128.313,6.9030000000000005,35.341,0.468,0.091,1.307,0.01,0.08299999999999999,1.518,0.28500000000000003,5.345,0.033,0.249,14.404,7.177,122.964,6.87,35.092,0,0,0,0,0,0,0,0,0,0,0,0,0,0,0,0,0,0,0,0,0,232.932,0,0,0,0,232.932,06037205120
206010,2022,1,4,1,1,24,51,34,0,0,0,0,3,10,0,0,0,0,0,6,3,7,2,3,9.554,4.477,13.017,2.761,4.819,0.281,0.05499999999999999,0.133,0.004,0.012,0.911,0.171,0.542,0.013,0.034,8.642,4.306,12.474,2.748,4.785,0,0,0,0,0,0,0,0,0,0,0,0,0,0,0,0,0,0,0,0,0,44.628,0,0,0,0,44.628,06037206010
206020,2022,1,4,1,14,24,51,34,10,275,1,1,2,105,0,0,0,0,0,0,0,2,10,7,0.0,0.0,3.719,13.806999999999999,11.244,0.0,0.0,0.038,0.019,0.027,0.0,0.0,0.155,0.066,0.079,0.0,0.0,3.564,13.741,11.166,153,0,0,5,0,0,0,0,0,0,0,0,0,0,0,0,0,0,0,0,0,133.768,158,0,0,158,291.77,06037206020
206031,2022,1,4,1,14,24,53,34,0,0,0,0,2,25,0,0,0,0,0,21,3,24,16,82,33.438,4.477,44.629,22.091,131.73,0.983,0.055,0.455,0.031,0.31,3.19,0.171,1.859,0.105,0.929,30.248,4.306,42.77,21.985,130.8,0,0,0,0,0,0,0,0,0,0,0,0,0,0,0,0,0,0,0,0,0,261.36,0,0,0,0,261.36,06037206031
206032,2022,1,4,1,14,24,53,34,9,30,1,1,1,5,0,0,0,0,0,0,0,0,0,0,0.0,0.0,0.0,0.0,0.0,0.0,0.0,0.0,0.0,0.0,0.0,0.0,0.0,0.0,0.0,0.0,0.0,0.0,0.0,0.0,24,0,0,15,0,0,0,3,0,0,17,0,0,0,0,0,0,0,0,0,0,5.0,39,20,0,59,64.0,06037206032
206050,2022,1,4,1,14,24,53,34,0,0,0,0,1,49,0,0,0,0,0,1,1,35,10,3,1.592,1.492,65.084,13.807,4.819,0.047,0.018,0.663,0.019,0.011,0.152,0.057,2.711,0.066,0.034,1.44,1.435,62.373,13.741,4.785,0,0,0,0,0,0,0,0,0,0,0,0,0,0,0,0,0,0,0,0,0,135.79,0,0,0,0,135.79,06037206050
206200,2022,1,4,1,14,24,53,34,99,30,4,1,4,174,0,0,0,0,0,0,3,0,157,76,0.0,4.477,0.0,216.76600000000002,122.087,0.0,0.055,0.0,0.30100000000000005,0.28700000000000003,0.0,0.171,0.0,1.032,0.861,0.0,4.306,0.0,215.734,121.226,201,0,0,2,0,0,0,133,0,0,1,0,0,0,0,0,0,0,0,0,0,517.326,203,134,0,337,854.326,06037206200
206300,2022,1,4,2,14,30,53,34,119,769,3,2,3,241,0,0,0,0,0,88,22,11,378,310,140.116,32.83,20.455,521.895,497.992,4.119,0.403,0.20900000000000002,0.7250000000000001,1.17,13.366,1.252,0.8520000000000001,2.484,3.51,126.75599999999999,31.578,19.603,519.4000000000001,494.476,615,41,128,11,0,0,0,339,67,180,2,0,0,0,76,0,0,0,0,0,0,1454.27,754,521,76,1351,2805.27,06037206300
207101,2022,1,4,1,1,24,51,34,0,0,0,0,1,25,0,0,0,0,0,0,0,0,6,6,0.0,0.0,0.0,8.284,9.638,0.0,0.0,0.0,0.012,0.023,0.0,0.0,0.0,0.039,0.068,0.0,0.0,0.0,8.245,9.571,0,0,0,0,0,0,0,0,0,0,0,0,0,0,0,0,0,0,0,0,0,42.922,0,0,0,0,42.922,06037207101
207102,2022,1,4,1,1,24,51,34,36,0,2,1,2,25,0,0,0,0,0,0,0,0,21,2,0.0,0.0,0.0,28.994,3.213,0.0,0.0,0.0,0.04,0.008,0.0,0.0,0.0,0.138,0.023,0.0,0.0,0.0,28.856,3.19,24,0,0,1,0,0,0,0,0,0,0,0,0,0,0,0,0,0,0,0,0,57.207,25,0,0,25,82.207,06037207102
207103,2022,1,4,1,1,24,51,34,2,62,1,0,1,6,0,0,0,0,0,1,0,2,0,1,1.592,0.0,3.719,0.0,1.606,0.047,0.0,0.038,0.0,0.004,0.152,0.0,0.155,0.0,0.011,1.44,0.0,3.564,0.0,1.595,0,0,0,0,0,0,0,0,0,0,0,0,0,0,0,0,0,0,0,0,0,12.918,0,0,0,0,12.918,06037207103
207301,2022,1,4,1,14,30,53,34,82,18,4,0,4,322,1,4,0,0,0,15,1,0,104,51,23.884,1.492,0.0,143.59199999999998,81.92699999999999,0.7020000000000001,0.018,0.0,0.2,0.193,2.278,0.057,0.0,0.684,0.5770000000000001,21.605,1.435,0.0,142.902,81.35,0,0,0,0,0,0,0,0,0,0,0,0,0,0,0,0,0,0,0,0,0,576.8879999999999,0,0,0,0,576.8879999999999,06037207301
207302,2022,1,4,1,14,30,53,34,34,0,2,0,2,79,0,0,0,0,0,8,2,0,21,13,12.738,2.985,0.0,28.994,20.883000000000003,0.374,0.037,0.0,0.04,0.049,1.215,0.114,0.0,0.138,0.14700000000000002,11.523,2.871,0.0,28.856,20.735999999999997,0,0,0,0,0,0,0,0,0,0,0,0,0,0,0,0,0,0,0,0,0,144.6,0,0,0,0,144.6,06037207302
207400,2022,1,4,1,14,24,53,34,0,55,0,1,2,23,0,0,0,0,0,0,0,0,73,8,0.0,0.0,0.0,100.788,12.850999999999999,0.0,0.0,0.0,0.14,0.03,0.0,0.0,0.0,0.48,0.091,0.0,0.0,0.0,100.309,12.76,24,0,0,1,0,0,0,0,0,0,0,0,0,0,0,0,0,0,0,0,0,136.639,25,0,0,25,161.637,06037207400
207501,2022,1,4,1,14,24,53,34,0,0,0,0,1,3,0,0,0,0,0,0,0,0,3,6,0.0,0.0,0.0,4.142,9.638,0.0,0.0,0.0,0.006,0.023,0.0,0.0,0.0,0.02,0.068,0.0,0.0,0.0,4.122,9.571,0,0,0,0,0,0,0,0,0,0,0,0,0,0,0,0,0,0,0,0,0,16.78,0,0,0,0,16.78,06037207501
207502,2022,1,4,1,14,30,53,34,19,0,1,0,2,10,0,0,0,0,0,0,0,0,17,2,0.0,0.0,0.0,23.471,3.213,0.0,0.0,0.0,0.033,0.008,0.0,0.0,0.0,0.112,0.023,0.0,0.0,0.0,23.36,3.19,0,0,0,0,0,0,0,0,0,0,0,0,0,0,0,0,0,0,0,0,0,36.684,0,0,0,0,36.684,06037207502
207710,2022,1,4,1,14,30,53,34,0,37,0,1,3,143,0,0,0,0,0,0,0,0,17,7,0.0,0.0,0.0,23.472,11.244,0.0,0.0,0.0,0.033,0.027,0.0,0.0,0.0,0.112,0.079,0.0,0.0,0.0,23.358999999999998,11.166,0,13,35,0,0,0,2,0,0,0,0,0,0,0,0,0,0,0,0,0,0,177.717,37,0,0,37,214.71699999999998,06037207710
207900,2022,1,4,1,14,30,53,34,15,0,2,0,3,63,0,0,0,0,0,0,1,2,9,10,0.0,1.492,3.72,12.426,16.064,0.0,0.018,0.038,0.017,0.038000000000000006,0.0,0.057,0.154,0.06,0.11299999999999999,0.0,1.435,3.564,12.367,15.951,0,0,0,0,0,0,0,0,0,0,0,0,0,0,0,0,0,0,0,0,0,96.702,0,0,0,0,96.702,06037207900
208000,2022,1,4,1,1,24,51,34,0,29,0,1,3,6,0,0,0,0,0,1,6,5,11,17,1.592,8.954,9.298,15.187000000000001,27.308,0.047,0.10999999999999999,0.095,0.020999999999999998,0.064,0.152,0.342,0.387,0.073,0.193,1.44,8.613,8.91,15.115,27.116999999999997,13,0,0,0,0,0,0,0,0,0,0,0,0,0,0,0,0,0,0,0,0,68.339,13,0,0,13,81.339,06037208000
208301,2022,1,4,1,13,24,51,34,0,0,0,0,1,0,0,0,0,0,0,1,0,0,0,4,1.592,0.0,0.0,0.0,6.426,0.047,0.0,0.0,0.0,0.015,0.152,0.0,0.0,0.0,0.045,1.44,0.0,0.0,0.0,6.38,0,0,0,0,0,0,0,0,0,0,0,0,0,0,0,0,0,0,0,0,0,8.018,0,0,0,0,8.018,06037208301
208302,2022,1,4,1,13,24,51,34,0,112,0,1,2,3,0,0,0,0,0,2,4,1,2,6,3.185,5.97,1.86,2.762,9.639,0.094,0.074,0.019,0.004,0.023,0.304,0.228,0.077,0.014,0.068,2.881,5.742,1.782,2.748,9.57,43,0,0,3,0,0,0,0,15,38,0,5,11,0,0,0,0,0,0,0,0,26.413000000000004,46,49,0,95,121.41499999999999,06037208302
208401,2022,1,4,1,13,24,51,34,0,0,0,0,2,5,0,0,0,0,0,0,2,5,5,2,0.0,2.985,9.298,6.903,3.213,0.0,0.037,0.095,0.01,0.008,0.0,0.114,0.387,0.033,0.023,0.0,2.871,8.91,6.87,3.19,0,0,0,0,0,0,0,0,0,0,0,0,0,0,0,0,0,0,0,0,0,27.399,0,0,0,0,27.399,06037208401
208402,2022,1,4,1,13,24,51,34,0,0,0,0,1,3,0,0,0,0,0,3,4,7,0,0,4.777,5.969,13.017,0.0,0.0,0.14,0.073,0.133,0.0,0.0,0.456,0.228,0.542,0.0,0.0,4.321,5.742,12.475,0.0,0.0,0,0,0,0,0,0,0,0,0,0,0,0,0,0,0,0,0,0,0,0,0,26.763,0,0,0,0,26.763,06037208402
208501,2022,1,4,1,13,24,51,34,10,0,2,0,2,9,0,0,0,0,0,1,1,0,1,3,1.592,1.492,0.0,1.381,4.819,0.047,0.018,0.0,0.002,0.011,0.152,0.057,0.0,0.007,0.034,1.44,1.435,0.0,1.374,4.785,0,0,0,0,0,0,0,0,0,0,0,0,0,0,0,0,0,0,0,0,0,18.285,0,0,0,0,18.285,06037208501
208502,2022,1,4,1,13,24,51,34,0,34,0,1,2,6,0,0,0,0,0,0,1,0,0,2,0.0,1.492,0.0,0.0,3.213,0.0,0.018,0.0,0.0,0.008,0.0,0.057,0.0,0.0,0.023,0.0,1.435,0.0,0.0,3.19,41,0,0,0,0,0,0,0,0,0,0,0,0,0,0,0,0,0,0,0,0,10.705,41,0,0,41,51.705,06037208502
208610,2022,1,4,1,13,24,51,34,0,0,0,1,2,1,0,0,0,0,0,1,1,4,0,0,1.592,1.492,7.438,0.0,0.0,0.047,0.018,0.076,0.0,0.0,0.152,0.057,0.31,0.0,0.0,1.44,1.435,7.128,0.0,0.0,0,0,0,0,0,0,0,0,2,5,11,37,86,0,0,0,0,0,0,0,0,11.523,0,102,0,102,113.52,06037208610
208620,2022,1,4,1,13,24,51,34,0,79,0,0,3,5,0,0,0,0,0,0,0,2,0,0,0.0,0.0,3.72,0.0,0.0,0.0,0.0,0.038,0.0,0.0,0.0,0.0,0.154,0.0,0.0,0.0,0.0,3.564,0.0,0.0,0,0,0,0,0,0,0,0,0,0,0,0,0,0,0,0,0,0,0,0,0,8.72,0,0,0,0,8.72,06037208620
208710,2022,1,4,2,1,24,53,34,0,0,0,0,1,2,0,0,0,0,0,0,0,1,0,1,0.0,0.0,1.86,0.0,1.606,0.0,0.0,0.019,0.0,0.004,0.0,0.0,0.077,0.0,0.011,0.0,0.0,1.782,0.0,1.595,0,0,0,0,0,0,0,0,0,0,0,0,0,0,0,0,0,0,0,0,0,5.466,0,0,0,0,5.466,06037208710
208720,2022,1,4,2,1,24,53,34,0,57,0,0,2,10,0,0,0,0,0,0,0,0,7,3,0.0,0.0,0.0,9.665,4.819,0.0,0.0,0.0,0.014,0.011,0.0,0.0,0.0,0.046,0.034,0.0,0.0,0.0,9.618,4.785,0,0,0,0,0,0,0,0,0,0,0,0,0,0,0,0,0,0,0,0,0,24.483999999999998,0,0,0,0,24.483999999999998,06037208720
208801,2022,1,4,1,1,24,53,34,14,0,1,0,1,52,0,0,0,0,0,2,2,1,9,9,3.185,2.985,1.86,12.426,14.458,0.094,0.037,0.019,0.017,0.034,0.304,0.114,0.077,0.059,0.102,2.881,2.871,1.782,12.367,14.356,0,0,0,0,0,0,0,0,0,0,0,0,0,0,0,0,0,0,0,0,0,86.912,0,0,0,0,86.912,06037208801
208802,2022,1,4,1,1,24,53,34,21,55,2,1,2,6,0,0,0,0,0,1,2,0,6,6,1.592,2.985,0.0,8.283999999999999,9.638,0.047,0.037,0.0,0.012,0.023,0.152,0.114,0.0,0.039,0.068,1.44,2.871,0.0,8.244,9.571,82,0,0,1,0,0,0,0,0,0,0,0,0,0,0,0,0,0,0,0,0,28.499000000000002,83,0,0,83,111.49900000000001,06037208802
208902,2022,1,4,1,1,24,53,34,0,0,0,0,2,32,0,0,0,0,0,0,0,0,28,22,0.0,0.0,0.0,38.659000000000006,35.341,0.0,0.0,0.0,0.054000000000000006,0.08299999999999999,0.0,0.0,0.0,0.184,0.249,0.0,0.0,0.0,38.474000000000004,35.092,0,0,0,0,0,0,0,0,0,0,0,0,0,0,0,0,0,0,0,0,0,106.0,0,0,0,0,106.0,06037208902
208903,2022,1,4,1,1,24,53,34,15,28,1,2,1,61,0,0,0,0,0,1,1,0,3,2,1.592,1.492,0.0,4.142,3.213,0.047,0.018,0.0,0.006,0.008,0.152,0.057,0.0,0.02,0.023,1.44,1.435,0.0,4.122,3.19,14,3,9,0,1,2,0,0,0,0,0,0,0,0,0,0,0,0,0,0,0,71.439,25,0,0,25,96.439,06037208903
208904,2022,1,4,1,1,24,53,34,0,0,0,0,2,33,0,0,0,0,0,5,7,1,16,18,7.961,10.446000000000002,1.86,22.091,28.915000000000003,0.23399999999999999,0.128,0.019,0.031,0.068,0.76,0.399,0.077,0.105,0.20400000000000001,7.202,10.048,1.782,21.985,28.711,0,0,0,0,0,0,0,0,0,0,0,0,0,0,0,0,0,0,0,0,0,104.273,0,0,0,0,104.273,06037208904
209102,2022,1,4,1,1,24,53,34,0,0,0,0,3,12,0,0,0,0,0,0,0,0,2,3,0.0,0.0,0.0,2.762,4.819,0.0,0.0,0.0,0.004,0.012,0.0,0.0,0.0,0.014,0.034,0.0,0.0,0.0,2.748,4.785,0,0,0,0,0,0,0,0,0,0,0,0,0,0,0,0,0,0,0,0,0,19.581,0,0,0,0,19.581,06037209102
209103,2022,1,4,1,1,24,53,34,0,0,0,0,1,1,0,0,0,0,0,0,0,1,0,0,0.0,0.0,1.86,0.0,0.0,0.0,0.0,0.019,0.0,0.0,0.0,0.0,0.077,0.0,0.0,0.0,0.0,1.782,0.0,0.0,0,0,0,0,0,0,0,0,0,0,0,0,0,0,0,0,0,0,0,0,0,2.86,0,0,0,0,2.86,06037209103
209104,2022,1,4,1,1,24,53,34,0,0,0,1,1,5,0,0,0,0,0,0,0,0,0,4,0.0,0.0,0.0,0.0,6.426,0.0,0.0,0.0,0.0,0.015,0.0,0.0,0.0,0.0,0.045,0.0,0.0,0.0,0.0,6.38,0,0,0,0,0,0,0,22,38,78,0,0,0,0,0,0,0,0,0,0,0,11.426,0,100,0,100,111.43,06037209104
209200,2022,1,4,1,1,24,53,34,24,0,2,0,2,13,0,0,5,0,0,0,1,0,2,12,0.0,1.492,0.0,2.761,19.277,0.0,0.018,0.0,0.004,0.045,0.0,0.057,0.0,0.013,0.136,0.0,1.435,0.0,2.748,19.141,0,0,0,0,0,0,0,0,0,0,0,0,0,0,0,0,0,0,0,0,0,41.531,0,0,0,0,41.531,06037209200
209300,2022,1,4,1,1,24,53,34,0,0,0,0,3,33,0,0,0,0,0,9,1,0,19,0,14.33,1.492,0.0,26.233,0.0,0.42100000000000004,0.018,0.0,0.036000000000000004,0.0,1.367,0.057,0.0,0.125,0.0,12.963999999999999,1.435,0.0,26.108000000000004,0.0,0,0,0,0,0,0,0,0,0,0,0,0,0,0,0,0,0,0,0,0,0,75.055,0,0,0,0,75.055,06037209300
209401,2022,1,4,1,1,24,53,34,0,0,0,0,2,12,0,0,0,0,0,6,5,2,17,13,9.554,7.461,3.719,23.471,20.884,0.281,0.091,0.038,0.033,0.05,0.911,0.28500000000000003,0.155,0.112,0.148,8.642,7.177,3.564,23.359,20.736,0,0,0,0,0,0,0,0,0,0,0,0,0,0,0,0,0,0,0,0,0,77.089,0,0,0,0,77.089,06037209401
209402,2022,1,4,1,1,24,53,34,6,0,1,0,2,44,0,0,0,0,0,9,0,0,7,0,14.331000000000001,0.0,0.0,9.665,0.0,0.42200000000000004,0.0,0.0,0.013,0.0,1.367,0.0,0.0,0.046,0.0,12.964,0.0,0.0,9.619,0.0,0,0,0,0,0,0,0,0,0,0,0,0,0,0,0,0,0,0,0,0,0,67.996,0,0,0,0,67.996,06037209402
209403,2022,1,4,1,1,24,53,34,0,0,0,1,1,12,0,0,0,0,0,0,2,0,0,5,0.0,2.985,0.0,0.0,8.032,0.0,0.037,0.0,0.0,0.019,0.0,0.114,0.0,0.0,0.057,0.0,2.871,0.0,0.0,7.975,41,0,0,1,0,0,0,0,0,0,0,0,0,0,0,0,0,0,0,0,0,23.017,42,0,0,42,65.017,06037209403
209510,2022,1,4,1,1,24,53,34,0,0,0,0,2,6,0,0,0,0,0,0,6,2,1,22,0.0,8.954,3.719,1.381,35.341,0.0,0.11,0.038,0.002,0.08299999999999999,0.0,0.34199999999999997,0.155,0.007,0.249,0.0,8.612,3.564,1.374,35.092,0,0,0,0,0,0,0,0,0,0,0,0,0,0,0,0,0,0,0,0,0,55.394999999999996,0,0,0,0,55.394999999999996,06037209510
209520,2022,1,4,1,1,24,53,34,28,0,2,0,2,37,0,0,0,0,0,26,0,0,29,0,41.4,0.0,0.0,40.039,0.0,1.216,0.0,0.0,0.05600000000000001,0.0,3.948,0.0,0.0,0.19,0.0,37.45,0.0,0.0,39.849000000000004,0.0,0,0,0,0,0,0,0,0,0,0,0,0,0,0,0,0,0,0,0,0,0,118.43900000000001,0,0,0,0,118.43900000000001,06037209520
209810,2022,1,4,1,1,24,53,34,0,0,0,1,1,0,0,0,0,0,0,0,0,2,1,0,0.0,0.0,3.719,1.381,0.0,0.0,0.0,0.038,0.002,0.0,0.0,0.0,0.155,0.007,0.0,0.0,0.0,3.564,1.374,0.0,0,0,0,0,0,0,0,0,0,0,0,0,0,0,0,0,0,0,0,0,0,5.1,0,0,0,0,5.1,06037209810
209820,2022,1,4,1,1,24,53,34,0,0,0,1,1,2,0,0,0,0,0,0,0,1,0,0,0.0,0.0,1.86,0.0,0.0,0.0,0.0,0.019,0.0,0.0,0.0,0.0,0.077,0.0,0.0,0.0,0.0,1.782,0.0,0.0,11,0,0,3,0,0,0,0,0,0,0,0,0,0,0,0,0,0,0,0,0,3.86,14,0,0,14,17.86,06037209820
210010,2022,1,4,1,1,24,53,34,0,20,0,1,2,28,0,0,0,0,0,11,2,1,24,3,17.515,2.985,1.86,33.136,4.819,0.515,0.037,0.019,0.046,0.011,1.671,0.114,0.077,0.158,0.034,15.844,2.871,1.782,32.978,4.785,0,0,0,0,0,0,0,0,0,0,22,1,2,0,0,0,0,0,0,0,0,88.315,0,24,0,24,112.315,06037210010
211000,2022,1,4,3,4,26,50,33,4,0,1,1,2,11,0,0,0,0,0,0,0,0,2,0,0.0,0.0,0.0,2.761,0.0,0.0,0.0,0.0,0.004,0.0,0.0,0.0,0.0,0.013,0.0,0.0,0.0,0.0,2.748,0.0,0,0,0,0,0,0,2,0,0,0,0,0,0,0,0,0,0,0,0,0,0,13.761,2,0,0,2,15.761,06037211000
211120,2022,1,4,2,13,24,53,34,49,0,3,1,3,10,0,0,0,0,0,0,0,1,14,14,0.0,0.0,1.86,19.329,22.490000000000002,0.0,0.0,0.019,0.027000000000000003,0.053,0.0,0.0,0.077,0.092,0.158,0.0,0.0,1.782,19.237000000000002,22.331,36,0,0,0,0,0,0,0,0,0,0,0,0,0,0,0,0,0,0,0,0,53.679,36,0,0,36,89.679,06037211120
211121,2022,1,4,2,13,24,53,34,2,0,1,1,2,11,0,0,0,0,0,0,0,3,2,0,0.0,0.0,5.579,2.761,0.0,0.0,0.0,0.057,0.004,0.0,0.0,0.0,0.232,0.013,0.0,0.0,0.0,5.346,2.748,0.0,21,0,0,1,0,0,0,0,0,0,0,0,0,0,0,0,0,0,0,0,0,19.34,22,0,0,22,41.34,06037211121
211122,2022,1,4,2,13,24,53,34,0,0,0,0,2,1,0,0,0,0,0,9,0,1,12,18,14.33,0.0,1.86,16.568,28.916,0.421,0.0,0.019,0.023,0.068,1.367,0.0,0.077,0.079,0.204,12.963,0.0,1.782,16.489,28.712,0,0,0,0,0,0,0,0,0,0,0,0,0,0,0,0,0,0,0,0,0,62.673,0,0,0,0,62.673,06037211122
211201,2022,1,4,2,13,24,53,34,0,0,0,0,1,0,0,0,0,0,0,0,0,0,2,0,0.0,0.0,0.0,2.761,0.0,0.0,0.0,0.0,0.004,0.0,0.0,0.0,0.0,0.013,0.0,0.0,0.0,0.0,2.748,0.0,0,0,0,0,0,0,0,0,0,0,0,0,0,0,0,0,0,0,0,0,0,2.761,0,0,0,0,2.761,06037211201
211202,2022,1,4,2,13,24,53,34,0,0,0,0,0,0,0,0,0,0,0,0,0,0,0,0,0.0,0.0,0.0,0.0,0.0,0.0,0.0,0.0,0.0,0.0,0.0,0.0,0.0,0.0,0.0,0.0,0.0,0.0,0.0,0.0,0,0,0,0,0,0,0,0,0,0,0,0,0,0,0,0,0,0,0,0,0,0.0,0,0,0,0,0.0,06037211202
211310,2022,1,4,2,13,24,53,34,0,0,0,0,2,2,0,0,0,0,0,5,1,0,2,0,7.962,1.492,0.0,2.761,0.0,0.234,0.018,0.0,0.004,0.0,0.76,0.057,0.0,0.013,0.0,7.202,1.435,0.0,2.748,0.0,0,0,0,0,0,0,0,0,0,0,0,0,0,0,0,0,0,0,0,0,0,14.215,0,0,0,0,14.215,06037211310
211320,2022,1,4,2,13,24,53,34,0,0,0,0,2,1,0,0,0,0,0,1,0,0,0,0,1.592,0.0,0.0,0.0,0.0,0.047,0.0,0.0,0.0,0.0,0.152,0.0,0.0,0.0,0.0,1.44,0.0,0.0,0.0,0.0,0,0,0,0,0,0,0,0,0,0,0,0,0,0,0,0,0,0,0,0,0,2.592,0,0,0,0,2.592,06037211320
211410,2022,1,4,2,10,24,53,34,0,0,0,0,1,3,0,0,0,0,0,0,0,0,0,1,0.0,0.0,0.0,0.0,1.606,0.0,0.0,0.0,0.0,0.004,0.0,0.0,0.0,0.0,0.011,0.0,0.0,0.0,0.0,1.595,0,0,0,0,0,0,0,0,0,0,0,0,0,0,0,0,0,0,0,0,0,4.606,0,0,0,0,4.606,06037211410
211420,2022,1,4,2,10,24,53,34,0,0,0,0,2,2,0,0,0,0,0,1,5,1,0,0,1.592,7.462,1.86,0.0,0.0,0.047,0.092,0.019,0.0,0.0,0.152,0.285,0.077,0.0,0.0,1.44,7.177,1.782,0.0,0.0,0,0,0,0,0,0,0,0,0,0,0,0,0,0,0,0,0,0,0,0,0,12.913,0,0,0,0,12.913,06037211420
211500,2022,1,4,3,4,24,53,34,0,0,0,0,0,0,0,0,0,0,0,0,0,0,0,0,0.0,0.0,0.0,0.0,0.0,0.0,0.0,0.0,0.0,0.0,0.0,0.0,0.0,0.0,0.0,0.0,0.0,0.0,0.0,0.0,0,0,0,0,0,0,0,0,0,0,0,0,0,0,0,0,0,0,0,0,0,0.0,0,0,0,0,0.0,06037211500
211701,2022,1,4,3,4,24,53,34,0,0,0,0,1,3,0,0,0,0,0,0,0,1,1,0,0.0,0.0,1.86,1.381,0.0,0.0,0.0,0.019,0.002,0.0,0.0,0.0,0.077,0.007,0.0,0.0,0.0,1.782,1.374,0.0,0,0,0,0,0,0,0,0,0,0,0,0,0,0,0,0,0,0,0,0,0,6.24,0,0,0,0,6.24,06037211701
211703,2022,1,4,2,4,24,53,34,0,0,0,0,2,2,0,0,0,0,0,0,0,1,1,2,0.0,0.0,1.86,1.381,3.212,0.0,0.0,0.019,0.002,0.008,0.0,0.0,0.077,0.007,0.022,0.0,0.0,1.782,1.374,3.19,0,0,0,0,0,0,0,0,0,0,0,0,0,0,0,0,0,0,0,0,0,8.453,0,0,0,0,8.453,06037211703
211704,2022,1,4,2,10,24,53,34,0,0,0,0,2,1,0,0,0,0,0,0,0,0,1,1,0.0,0.0,0.0,1.381,1.606,0.0,0.0,0.0,0.002,0.004,0.0,0.0,0.0,0.007,0.011,0.0,0.0,0.0,1.374,1.595,0,0,0,0,0,0,0,0,0,0,0,0,0,0,0,0,0,0,0,0,0,3.987,0,0,0,0,3.987,06037211704
211802,2022,1,4,2,10,24,53,34,9,0,2,0,2,3,0,0,0,0,0,0,0,0,9,1,0.0,0.0,0.0,12.426,1.606,0.0,0.0,0.0,0.017,0.004,0.0,0.0,0.0,0.06,0.011,0.0,0.0,0.0,12.367,1.595,0,0,0,0,0,0,0,0,0,0,0,0,0,0,0,0,0,0,0,0,0,17.032999999999998,0,0,0,0,17.032999999999998,06037211802
211803,2022,1,4,2,10,24,53,34,0,0,0,0,0,0,0,0,0,0,0,0,0,0,0,0,0.0,0.0,0.0,0.0,0.0,0.0,0.0,0.0,0.0,0.0,0.0,0.0,0.0,0.0,0.0,0.0,0.0,0.0,0.0,0.0,0,0,0,0,0,0,0,0,0,0,0,0,0,0,0,0,0,0,0,0,0,0.0,0,0,0,0,0.0,06037211803
211804,2022,1,4,2,10,24,53,34,0,0,0,0,2,4,0,0,0,0,0,0,1,1,1,3,0.0,1.492,1.86,1.381,4.819,0.0,0.018,0.019,0.002,0.011,0.0,0.057,0.077,0.007,0.034,0.0,1.435,1.782,1.374,4.785,0,0,0,0,0,0,0,0,0,0,0,0,0,0,0,0,0,0,0,0,0,13.552,0,0,0,0,13.552,06037211804
211910,2022,1,4,2,10,24,53,34,0,0,0,0,1,3,0,0,0,0,0,0,0,0,2,1,0.0,0.0,0.0,2.761,1.606,0.0,0.0,0.0,0.004,0.004,0.0,0.0,0.0,0.013,0.011,0.0,0.0,0.0,2.748,1.595,0,0,0,0,0,0,0,0,0,0,0,0,0,0,0,0,0,0,0,0,0,7.368,0,0,0,0,7.368,06037211910
211921,2022,1,4,2,10,24,53,34,0,0,0,0,1,1,0,0,0,0,0,0,0,0,0,0,0.0,0.0,0.0,0.0,0.0,0.0,0.0,0.0,0.0,0.0,0.0,0.0,0.0,0.0,0.0,0.0,0.0,0.0,0.0,0.0,0,0,0,0,0,0,0,0,0,0,0,0,0,0,0,0,0,0,0,0,0,1.0,0,0,0,0,1.0,06037211921
211922,2022,1,4,2,10,24,53,34,0,0,0,0,1,1,0,0,0,0,0,0,1,0,0,1,0.0,1.492,0.0,0.0,1.606,0.0,0.018,0.0,0.0,0.004,0.0,0.057,0.0,0.0,0.011,0.0,1.435,0.0,0.0,1.595,0,0,0,0,0,0,0,0,0,0,0,0,0,0,0,0,0,0,0,0,0,4.099,0,0,0,0,4.099,06037211922
212101,2022,1,4,2,10,24,53,34,0,0,0,0,2,13,0,0,0,0,0,1,0,2,9,1,1.592,0.0,3.719,12.426,1.606,0.047,0.0,0.038,0.017,0.004,0.152,0.0,0.155,0.059,0.011,1.44,0.0,3.564,12.367,1.595,0,0,0,0,0,0,0,0,0,0,0,0,0,0,0,0,0,0,0,0,0,32.344,0,0,0,0,32.344,06037212101
212102,2022,1,4,2,10,24,53,34,6,0,1,0,1,8,0,0,0,0,0,0,0,0,5,3,0.0,0.0,0.0,6.903,4.819,0.0,0.0,0.0,0.01,0.011,0.0,0.0,0.0,0.033,0.034,0.0,0.0,0.0,6.87,4.785,0,0,0,0,0,0,0,0,0,0,0,0,0,0,0,0,0,0,0,0,0,19.723,0,0,0,0,19.723,06037212102
212202,2022,1,4,2,1,24,53,34,0,0,0,0,1,3,0,0,0,0,0,0,1,3,0,0,0.0,1.492,5.579,0.0,0.0,0.0,0.018,0.057,0.0,0.0,0.0,0.057,0.232,0.0,0.0,0.0,1.435,5.346,0.0,0.0,0,0,0,0,0,0,0,0,0,0,0,0,0,0,0,0,0,0,0,0,0,10.071,0,0,0,0,10.071,06037212202
212203,2022,1,4,2,1,24,53,34,0,0,0,0,1,0,0,0,0,0,0,1,0,0,0,7,1.592,0.0,0.0,0.0,11.245,0.047,0.0,0.0,0.0,0.026,0.152,0.0,0.0,0.0,0.079,1.44,0.0,0.0,0.0,11.166,0,0,0,0,0,0,0,0,0,0,0,0,0,0,0,0,0,0,0,0,0,12.837,0,0,0,0,12.837,06037212203
212204,2022,1,4,2,1,24,53,34,0,0,0,0,2,4,0,0,0,0,0,1,1,1,5,14,1.592,1.492,1.86,6.903,22.490000000000002,0.047,0.018,0.019,0.01,0.053,0.152,0.057,0.077,0.033,0.159,1.44,1.435,1.782,6.87,22.331,0,0,0,0,0,0,0,0,0,0,0,0,0,0,0,0,0,0,0,0,0,38.337,0,0,0,0,38.337,06037212204
212303,2022,1,4,2,10,24,53,34,0,0,0,0,1,1,0,0,0,0,0,0,0,0,0,0,0.0,0.0,0.0,0.0,0.0,0.0,0.0,0.0,0.0,0.0,0.0,0.0,0.0,0.0,0.0,0.0,0.0,0.0,0.0,0.0,0,0,0,0,0,0,0,0,0,0,0,0,0,0,0,0,0,0,0,0,0,1.0,0,0,0,0,1.0,06037212303
212304,2022,1,4,2,10,24,53,34,0,0,0,0,1,7,0,0,0,0,0,0,1,1,9,2,0.0,1.492,1.86,12.426,3.213,0.0,0.018,0.019,0.017,0.008,0.0,0.057,0.077,0.059,0.023,0.0,1.435,1.782,12.367,3.19,0,0,0,0,0,0,0,0,0,0,0,0,0,0,0,0,0,0,0,0,0,25.991,0,0,0,0,25.991,06037212304
212305,2022,1,4,2,10,24,53,34,0,0,0,0,1,0,0,0,0,0,0,0,0,2,4,0,0.0,0.0,3.719,5.523,0.0,0.0,0.0,0.038,0.008,0.0,0.0,0.0,0.155,0.026,0.0,0.0,0.0,3.564,5.496,0.0,0,0,0,0,0,0,0,0,0,0,0,0,0,0,0,0,0,0,0,0,0,9.242,0,0,0,0,9.242,06037212305
212306,2022,1,4,2,10,24,53,34,0,0,0,0,1,7,0,0,0,0,0,0,1,3,0,1,0.0,1.492,5.579,0.0,1.606,0.0,0.018,0.057,0.0,0.004,0.0,0.057,0.232,0.0,0.011,0.0,1.435,5.346,0.0,1.595,0,0,0,0,0,0,0,0,0,0,0,0,0,0,0,0,0,0,0,0,0,15.677,0,0,0,0,15.677,06037212306
212410,2022,1,4,2,10,24,53,34,0,35,0,1,0,0,0,0,0,0,0,0,0,0,0,0,0.0,0.0,0.0,0.0,0.0,0.0,0.0,0.0,0.0,0.0,0.0,0.0,0.0,0.0,0.0,0.0,0.0,0.0,0.0,0.0,0,0,0,0,0,0,0,0,0,0,0,0,0,0,17,0,0,0,0,0,0,0.0,0,0,17,17,17.0,06037212410
212420,2022,1,4,2,10,24,53,34,0,0,0,0,1,0,0,0,0,0,0,0,1,0,0,0,0.0,1.492,0.0,0.0,0.0,0.0,0.018,0.0,0.0,0.0,0.0,0.057,0.0,0.0,0.0,0.0,1.435,0.0,0.0,0.0,0,0,0,0,0,0,0,0,0,0,0,0,0,0,0,0,0,0,0,0,0,1.492,0,0,0,0,1.492,06037212420
212501,2022,1,4,2,10,24,53,34,0,0,0,0,0,0,0,0,0,0,0,0,0,0,0,0,0.0,0.0,0.0,0.0,0.0,0.0,0.0,0.0,0.0,0.0,0.0,0.0,0.0,0.0,0.0,0.0,0.0,0.0,0.0,0.0,0,0,0,0,0,0,0,0,0,0,0,0,0,0,0,0,0,0,0,0,0,0.0,0,0,0,0,0.0,06037212501
212502,2022,1,4,2,10,24,53,34,4,0,1,0,2,14,0,0,0,0,0,0,0,2,0,11,0.0,0.0,3.719,0.0,17.671,0.0,0.0,0.038,0.0,0.042,0.0,0.0,0.155,0.0,0.125,0.0,0.0,3.564,0.0,17.546,0,0,0,0,0,0,0,0,0,0,0,0,0,0,0,0,0,0,0,0,0,35.39,0,0,0,0,35.39,06037212502
212610,2022,1,4,2,4,24,53,34,1,0,1,0,1,0,0,0,0,0,0,0,0,1,0,0,0.0,0.0,1.86,0.0,0.0,0.0,0.0,0.019,0.0,0.0,0.0,0.0,0.077,0.0,0.0,0.0,0.0,1.782,0.0,0.0,0,0,0,0,0,0,0,0,0,0,0,0,0,0,0,0,0,0,0,0,0,1.86,0,0,0,0,1.86,06037212610
212620,2022,1,4,2,4,24,53,34,0,0,0,0,1,1,0,0,0,0,0,1,1,1,0,0,1.592,1.492,1.86,0.0,0.0,0.047,0.018,0.019,0.0,0.0,0.152,0.057,0.077,0.0,0.0,1.44,1.435,1.782,0.0,0.0,0,0,0,0,0,0,0,0,0,0,0,0,0,0,0,0,0,0,0,0,0,5.944,0,0,0,0,5.944,06037212620
212701,2022,1,4,2,4,24,53,34,0,0,0,0,2,0,0,0,0,0,0,0,0,2,0,0,0.0,0.0,3.72,0.0,0.0,0.0,0.0,0.038,0.0,0.0,0.0,0.0,0.154,0.0,0.0,0.0,0.0,3.564,0.0,0.0,0,0,0,0,0,0,0,0,0,0,0,0,0,0,0,0,0,0,0,0,0,3.72,0,0,0,0,3.72,06037212701
212702,2022,1,4,2,4,24,50,37,0,0,0,0,1,1,0,0,0,0,0,0,0,1,1,0,0.0,0.0,1.86,1.381,0.0,0.0,0.0,0.019,0.002,0.0,0.0,0.0,0.077,0.007,0.0,0.0,0.0,1.782,1.374,0.0,0,0,0,0,0,0,0,0,0,0,0,0,0,0,0,0,0,0,0,0,0,4.24,0,0,0,0,4.24,06037212702
212800,2022,1,4,2,10,30,54,37,0,0,0,0,1,0,0,0,0,0,0,0,0,0,0,1,0.0,0.0,0.0,0.0,1.606,0.0,0.0,0.0,0.0,0.004,0.0,0.0,0.0,0.0,0.011,0.0,0.0,0.0,0.0,1.595,0,0,0,0,0,0,0,0,0,0,0,0,0,0,0,0,0,0,0,0,0,1.606,0,0,0,0,1.606,06037212800
212900,2022,1,4,2,10,30,54,37,0,0,0,0,1,0,0,0,0,0,0,0,0,1,0,0,0.0,0.0,1.86,0.0,0.0,0.0,0.0,0.019,0.0,0.0,0.0,0.0,0.077,0.0,0.0,0.0,0.0,1.782,0.0,0.0,0,0,0,0,0,0,0,0,0,0,0,0,0,0,0,0,0,0,0,0,0,1.86,0,0,0,0,1.86,06037212900
213100,2022,1,4,2,10,24,53,34,0,0,0,0,1,0,0,0,0,0,0,0,0,2,3,11,0.0,0.0,3.719,4.142,17.671,0.0,0.0,0.038,0.006,0.042,0.0,0.0,0.155,0.02,0.125,0.0,0.0,3.564,4.122,17.546,0,0,0,0,0,0,0,0,0,0,0,0,0,0,0,0,0,0,0,0,0,25.532,0,0,0,0,25.532,06037213100
213201,2022,1,4,2,10,24,53,34,5,0,2,0,2,8,0,0,0,0,0,0,1,2,2,6,0.0,1.492,3.719,2.761,9.638,0.0,0.018,0.038,0.004,0.022,0.0,0.057,0.155,0.013,0.068,0.0,1.435,3.564,2.748,9.57,0,0,0,0,0,0,0,0,0,0,0,0,0,0,0,0,0,0,0,0,0,25.611,0,0,0,0,25.611,06037213201
213202,2022,1,4,2,10,24,53,34,0,0,0,0,1,2,0,0,0,0,0,0,0,0,0,0,0.0,0.0,0.0,0.0,0.0,0.0,0.0,0.0,0.0,0.0,0.0,0.0,0.0,0.0,0.0,0.0,0.0,0.0,0.0,0.0,0,0,0,0,0,0,0,0,0,0,0,0,0,0,0,0,0,0,0,0,0,2.0,0,0,0,0,2.0,06037213202
213310,2022,1,4,2,10,24,53,34,0,0,0,0,2,5,0,0,0,0,0,0,3,1,0,5,0.0,4.477,1.86,0.0,8.032,0.0,0.055,0.019,0.0,0.019,0.0,0.171,0.077,0.0,0.057,0.0,4.306,1.782,0.0,7.975,0,0,0,0,0,0,0,0,0,0,0,0,0,0,0,0,0,0,0,0,0,19.369,0,0,0,0,19.369,06037213310
213320,2022,1,4,2,10,24,53,34,0,0,0,0,2,8,0,0,0,0,0,2,3,0,6,13,3.185,4.477,0.0,8.284,20.884,0.094,0.05499999999999999,0.0,0.012,0.049,0.304,0.171,0.0,0.04,0.147,2.881,4.306,0.0,8.244,20.736,0,0,0,0,0,0,0,0,0,0,0,0,0,0,0,0,0,0,0,0,0,44.82899999999999,0,0,0,0,44.82899999999999,06037213320
213401,2022,1,4,2,1,24,53,34,0,0,0,0,1,0,0,0,0,0,0,1,4,2,0,1,1.592,5.969,3.719,0.0,1.606,0.047,0.073,0.038,0.0,0.004,0.152,0.228,0.155,0.0,0.011,1.44,5.742,3.564,0.0,1.595,0,0,0,0,0,0,0,0,0,0,0,0,0,0,0,0,0,0,0,0,0,12.887,0,0,0,0,12.887,06037213401
213402,2022,1,4,2,1,24,53,34,0,0,0,0,2,23,0,0,0,0,0,8,3,2,5,2,12.738000000000001,4.477,3.719,6.9030000000000005,3.213,0.375,0.05499999999999999,0.038,0.01,0.008,1.2149999999999999,0.171,0.155,0.033,0.023,11.523,4.306,3.564,6.87,3.19,0,0,0,0,0,0,0,0,0,0,0,0,0,0,0,0,0,0,0,0,0,54.050999999999995,0,0,0,0,54.050999999999995,06037213402
214000,2022,1,4,3,5,26,50,33,0,0,0,0,1,5,0,0,0,0,0,1,1,3,3,2,1.592,1.492,5.579,4.142,3.213,0.047,0.018,0.057,0.006,0.008,0.152,0.057,0.232,0.02,0.023,1.44,1.435,5.346,4.122,3.19,0,0,0,0,0,0,0,0,0,0,0,0,0,0,0,0,0,0,0,0,0,21.018,0,0,0,0,21.018,06037214000
214100,2022,1,4,3,5,26,50,33,1,0,1,0,1,4,0,0,0,0,0,0,0,0,0,2,0.0,0.0,0.0,0.0,3.213,0.0,0.0,0.0,0.0,0.008,0.0,0.0,0.0,0.0,0.023,0.0,0.0,0.0,0.0,3.19,0,0,0,0,0,0,0,0,0,0,0,0,0,0,0,0,0,0,0,0,0,7.213,0,0,0,0,7.213,06037214100
214400,2022,1,4,3,5,26,50,33,1,0,1,0,1,3,0,0,0,0,0,0,0,0,0,0,0.0,0.0,0.0,0.0,0.0,0.0,0.0,0.0,0.0,0.0,0.0,0.0,0.0,0.0,0.0,0.0,0.0,0.0,0.0,0.0,0,0,0,0,0,0,0,0,0,0,0,0,0,0,0,0,0,0,0,0,0,3.0,0,0,0,0,3.0,06037214400
214501,2022,1,4,3,4,26,50,33,0,0,0,0,2,9,0,0,0,0,0,0,0,0,0,0,0.0,0.0,0.0,0.0,0.0,0.0,0.0,0.0,0.0,0.0,0.0,0.0,0.0,0.0,0.0,0.0,0.0,0.0,0.0,0.0,0,0,0,0,0,0,0,0,0,0,0,0,0,0,0,0,0,0,0,0,0,9.0,0,0,0,0,9.0,06037214501
214502,2022,1,4,3,4,26,50,33,1,0,1,0,1,0,0,0,0,0,0,1,0,0,0,0,1.592,0.0,0.0,0.0,0.0,0.047,0.0,0.0,0.0,0.0,0.152,0.0,0.0,0.0,0.0,1.44,0.0,0.0,0.0,0.0,0,0,0,0,0,0,0,0,0,0,0,0,0,0,0,0,0,0,0,0,0,1.592,0,0,0,0,1.592,06037214502
214503,2022,1,4,3,4,26,50,33,0,0,0,0,0,0,0,0,0,0,0,0,0,0,0,0,0.0,0.0,0.0,0.0,0.0,0.0,0.0,0.0,0.0,0.0,0.0,0.0,0.0,0.0,0.0,0.0,0.0,0.0,0.0,0.0,0,0,0,0,0,0,0,0,0,0,0,0,0,0,0,0,0,0,0,0,0,0.0,0,0,0,0,0.0,06037214503
214600,2022,1,4,3,5,26,50,33,0,0,0,0,1,11,0,0,0,0,0,0,1,1,7,1,0.0,1.492,1.86,9.665,1.606,0.0,0.018,0.019,0.013,0.004,0.0,0.057,0.077,0.046,0.011,0.0,1.435,1.782,9.619,1.595,0,0,0,0,0,0,0,0,0,0,0,0,0,0,0,0,0,0,0,0,0,25.623,0,0,0,0,25.623,06037214600
214700,2022,1,4,3,5,26,50,33,0,0,0,0,1,1,0,0,0,0,0,0,0,0,1,0,0.0,0.0,0.0,1.381,0.0,0.0,0.0,0.0,0.002,0.0,0.0,0.0,0.0,0.007,0.0,0.0,0.0,0.0,1.374,0.0,0,0,0,0,0,0,0,0,0,0,0,0,0,0,0,0,0,0,0,0,0,2.381,0,0,0,0,2.381,06037214700
214800,2022,1,4,3,5,26,50,33,8,0,1,0,1,12,0,0,0,0,0,2,3,0,16,2,3.185,4.477,0.0,22.091,3.213,0.094,0.055,0.0,0.031,0.008,0.304,0.171,0.0,0.105,0.023,2.881,4.306,0.0,21.985,3.19,0,0,0,0,0,0,0,0,0,0,0,0,0,0,0,0,0,0,0,0,0,44.965,0,0,0,0,44.965,06037214800
214901,2022,1,4,3,5,26,50,33,0,0,0,0,1,0,0,0,0,0,0,0,0,0,1,1,0.0,0.0,0.0,1.381,1.606,0.0,0.0,0.0,0.002,0.004,0.0,0.0,0.0,0.007,0.011,0.0,0.0,0.0,1.374,1.595,0,0,0,0,0,0,0,0,0,0,0,0,0,0,0,0,0,0,0,0,0,2.987,0,0,0,0,2.987,06037214901
214902,2022,1,4,3,5,26,50,33,0,0,0,0,1,6,0,0,0,0,0,0,0,0,6,0,0.0,0.0,0.0,8.284,0.0,0.0,0.0,0.0,0.012,0.0,0.0,0.0,0.0,0.039,0.0,0.0,0.0,0.0,8.245,0.0,0,0,0,0,0,0,0,0,0,0,0,0,0,0,0,0,0,0,0,0,0,14.284,0,0,0,0,14.284,06037214902
215101,2022,1,4,3,4,26,50,33,0,0,0,0,2,10,0,0,0,0,0,0,0,0,2,2,0.0,0.0,0.0,2.761,3.212,0.0,0.0,0.0,0.004,0.008,0.0,0.0,0.0,0.013,0.022,0.0,0.0,0.0,2.748,3.19,0,0,0,0,0,0,0,0,0,0,0,0,0,0,0,0,0,0,0,0,0,15.974,0,0,0,0,15.974,06037215101
215102,2022,1,4,3,4,26,50,33,0,0,0,0,2,12,0,0,0,0,0,0,0,0,0,7,0.0,0.0,0.0,0.0,11.245000000000001,0.0,0.0,0.0,0.0,0.027,0.0,0.0,0.0,0.0,0.08,0.0,0.0,0.0,0.0,11.165,0,0,0,0,0,0,0,0,0,0,0,0,0,0,0,0,0,0,0,0,0,23.245,0,0,0,0,23.245,06037215102
216100,2022,1,4,2,4,26,50,37,0,0,0,0,0,0,0,0,0,0,0,0,0,0,0,0,0.0,0.0,0.0,0.0,0.0,0.0,0.0,0.0,0.0,0.0,0.0,0.0,0.0,0.0,0.0,0.0,0.0,0.0,0.0,0.0,0,0,0,0,0,0,0,0,0,0,0,0,0,0,0,0,0,0,0,0,0,0.0,0,0,0,0,0.0,06037216100
216200,2022,1,4,2,4,26,50,37,0,0,0,1,3,6,0,0,0,0,0,0,0,2,0,0,0.0,0.0,3.72,0.0,0.0,0.0,0.0,0.038,0.0,0.0,0.0,0.0,0.154,0.0,0.0,0.0,0.0,3.564,0.0,0.0,17,0,0,0,0,0,0,0,0,0,0,0,0,0,0,0,0,0,0,0,0,9.72,17,0,0,17,26.72,06037216200
216300,2022,1,4,2,5,26,50,37,7,0,1,0,1,6,0,0,0,0,0,0,0,0,0,1,0.0,0.0,0.0,0.0,1.606,0.0,0.0,0.0,0.0,0.004,0.0,0.0,0.0,0.0,0.011,0.0,0.0,0.0,0.0,1.595,0,0,0,0,0,0,0,0,0,0,0,0,0,0,0,0,0,0,0,0,0,7.606,0,0,0,0,7.606,06037216300
216401,2022,1,5,3,5,26,50,37,0,0,0,0,0,0,0,0,0,0,0,0,0,0,0,0,0.0,0.0,0.0,0.0,0.0,0.0,0.0,0.0,0.0,0.0,0.0,0.0,0.0,0.0,0.0,0.0,0.0,0.0,0.0,0.0,0,0,0,0,0,0,0,0,0,0,0,0,0,0,0,0,0,0,0,0,0,0.0,0,0,0,0,0.0,06037216401
216402,2022,1,5,3,5,26,50,37,0,0,0,0,1,1,0,0,0,0,0,0,1,0,0,0,0.0,1.459,0.0,0.0,0.0,0.0,0.018,0.0,0.0,0.0,0.0,0.057,0.0,0.0,0.0,0.0,1.403,0.0,0.0,0.0,0,0,0,0,0,0,0,0,0,0,0,0,0,0,0,0,0,0,0,0,0,2.459,0,0,0,0,2.459,06037216402
216700,2022,1,4,2,10,30,54,37,0,0,0,0,1,4,0,0,0,0,0,0,0,0,4,4,0.0,0.0,0.0,5.523,6.426,0.0,0.0,0.0,0.008,0.015,0.0,0.0,0.0,0.026,0.045,0.0,0.0,0.0,5.496,6.38,0,0,0,0,0,0,0,0,0,0,0,0,0,0,0,0,0,0,0,0,0,15.948,0,0,0,0,15.948,06037216700
216800,2022,1,4,2,5,26,50,37,0,0,0,0,1,2,0,0,0,0,0,0,0,0,1,0,0.0,0.0,0.0,1.381,0.0,0.0,0.0,0.0,0.002,0.0,0.0,0.0,0.0,0.007,0.0,0.0,0.0,0.0,1.374,0.0,0,0,0,0,0,0,0,0,0,0,0,0,0,0,0,0,0,0,0,0,0,3.381,0,0,0,0,3.381,06037216800
216900,2022,1,4,2,10,30,54,37,1,0,1,0,1,0,0,0,0,0,0,0,0,1,0,0,0.0,0.0,1.86,0.0,0.0,0.0,0.0,0.019,0.0,0.0,0.0,0.0,0.077,0.0,0.0,0.0,0.0,1.782,0.0,0.0,0,0,0,0,0,0,0,0,0,0,0,0,0,0,0,0,0,0,0,0,0,1.86,0,0,0,0,1.86,06037216900
217001,2022,1,5,2,5,30,50,37,0,0,0,0,1,0,0,0,0,0,0,0,0,0,0,1,0.0,0.0,0.0,0.0,1.571,0.0,0.0,0.0,0.0,0.004,0.0,0.0,0.0,0.0,0.011,0.0,0.0,0.0,0.0,1.56,0,0,0,0,0,0,0,0,0,0,0,0,0,0,0,0,0,0,0,0,0,1.571,0,0,0,0,1.571,06037217001
217002,2022,1,5,2,5,30,54,37,0,49,0,1,1,9,0,0,0,0,0,0,0,2,1,0,0.0,0.0,3.462,1.418,0.0,0.0,0.0,0.038,0.002,0.0,0.0,0.0,0.155,0.007,0.0,0.0,0.0,3.307,1.412,0.0,8,11,31,0,0,0,0,7,0,0,0,0,0,0,14,0,0,0,0,0,0,13.88,39,7,14,60,73.88,06037217002
217100,2022,1,4,2,10,30,54,37,0,0,0,0,1,4,0,0,0,0,0,0,0,2,4,0,0.0,0.0,3.719,5.523,0.0,0.0,0.0,0.038,0.008,0.0,0.0,0.0,0.155,0.026,0.0,0.0,0.0,3.564,5.496,0.0,0,0,0,0,0,0,0,0,0,0,0,0,0,0,0,0,0,0,0,0,0,13.242,0,0,0,0,13.242,06037217100
217200,2022,1,4,2,10,30,54,37,16,0,3,0,3,10,0,0,0,0,0,3,6,9,11,0,4.776,8.954,16.735999999999997,15.187,0.0,0.14100000000000001,0.11,0.17099999999999999,0.021,0.0,0.45599999999999996,0.34199999999999997,0.697,0.072,0.0,4.32,8.612,16.039,15.115,0.0,0,0,0,0,0,0,0,0,0,0,0,0,0,0,0,0,0,0,0,0,0,55.653,0,0,0,0,55.653,06037217200
218110,2022,1,4,2,10,30,54,37,0,0,0,0,2,7,0,0,0,0,0,0,0,3,0,2,0.0,0.0,5.579,0.0,3.212,0.0,0.0,0.057,0.0,0.008,0.0,0.0,0.232,0.0,0.022,0.0,0.0,5.346,0.0,3.19,0,0,0,0,0,0,0,0,0,0,0,0,0,0,0,0,0,0,0,0,0,15.791,0,0,0,0,15.791,06037218110
218120,2022,1,4,2,10,30,54,37,1,0,1,0,2,2,0,0,0,0,0,4,5,4,1,4,6.369,7.462,7.438,1.381,6.426,0.187,0.092,0.076,0.002,0.015,0.608,0.285,0.31,0.007,0.045,5.760999999999999,7.177,7.128,1.374,6.38,0,0,0,0,0,0,0,0,0,0,0,0,0,0,0,0,0,0,0,0,0,31.075,0,0,0,0,31.075,06037218120
218210,2022,1,4,2,10,30,54,37,0,0,0,1,1,0,0,0,0,0,0,0,0,1,0,0,0.0,0.0,1.86,0.0,0.0,0.0,0.0,0.019,0.0,0.0,0.0,0.0,0.077,0.0,0.0,0.0,0.0,1.782,0.0,0.0,5,0,0,0,0,0,0,0,0,0,0,0,0,0,0,0,0,0,0,0,0,1.86,5,0,0,5,6.86,06037218210
218220,2022,1,4,2,10,30,54,37,0,0,0,0,1,0,0,0,0,0,0,0,0,0,1,0,0.0,0.0,0.0,1.381,0.0,0.0,0.0,0.0,0.002,0.0,0.0,0.0,0.0,0.007,0.0,0.0,0.0,0.0,1.374,0.0,0,0,0,0,0,0,0,0,0,0,0,0,0,0,0,0,0,0,0,0,0,1.381,0,0,0,0,1.381,06037218220
218300,2022,1,4,2,10,30,54,37,0,0,0,1,1,3,0,0,0,0,0,0,0,3,6,0,0.0,0.0,5.579,8.284,0.0,0.0,0.0,0.057,0.012,0.0,0.0,0.0,0.232,0.039,0.0,0.0,0.0,5.346,8.245,0.0,2,7,17,0,0,0,0,0,0,0,0,0,0,0,0,0,0,0,0,0,0,16.863,19,0,0,19,35.863,06037218300
218400,2022,1,6,2,10,30,54,37,0,0,0,0,1,2,0,0,0,0,0,0,2,0,0,0,0.0,2.403,0.0,0.0,0.0,0.0,0.037,0.0,0.0,0.0,0.0,0.114,0.0,0.0,0.0,0.0,2.289,0.0,0.0,0.0,0,0,0,0,0,0,0,0,0,0,0,0,0,0,0,0,0,0,0,0,0,4.403,0,0,0,0,4.403,06037218400
218500,2022,1,6,2,10,30,54,37,0,42,0,1,1,3,0,0,0,0,0,2,0,2,0,0,2.657,0.0,3.205,0.0,0.0,0.094,0.0,0.038,0.0,0.0,0.304,0.0,0.155,0.0,0.0,2.353,0.0,3.05,0.0,0.0,67,0,0,4,0,0,0,0,0,0,0,0,0,0,0,0,0,0,0,0,0,8.861,71,0,0,71,79.861,06037218500
218600,2022,1,6,2,10,30,54,37,0,0,0,0,1,0,0,0,0,0,0,0,0,2,0,0,0.0,0.0,3.205,0.0,0.0,0.0,0.0,0.038,0.0,0.0,0.0,0.0,0.155,0.0,0.0,0.0,0.0,3.05,0.0,0.0,0,0,0,0,0,0,0,0,0,0,0,0,0,0,0,0,0,0,0,0,0,3.205,0,0,0,0,3.205,06037218600
218701,2022,1,6,2,10,30,54,37,0,14,0,1,2,1,0,0,0,0,0,0,0,0,0,1,0.0,0.0,0.0,0.0,1.529,0.0,0.0,0.0,0.0,0.004,0.0,0.0,0.0,0.0,0.011,0.0,0.0,0.0,0.0,1.517,12,0,0,1,0,0,0,0,0,0,0,0,0,0,0,0,0,0,0,0,0,2.529,13,0,0,13,15.529,06037218701
218702,2022,1,6,2,10,30,54,37,1,10,1,1,1,13,0,0,0,0,0,10,3,14,3,6,13.283,3.604,22.432,3.531,9.173,0.468,0.055,0.265,0.006,0.023,1.519,0.171,1.084,0.02,0.068,11.764,3.433,21.347,3.511,9.105,6,0,0,0,0,0,0,0,0,0,10,0,0,0,0,0,0,0,0,0,0,65.022,6,10,0,16,81.022,06037218702
218800,2022,1,6,2,10,30,54,37,0,0,0,0,2,2,0,0,0,0,0,0,2,1,0,3,0.0,2.403,1.602,0.0,4.586,0.0,0.037,0.019,0.0,0.011,0.0,0.114,0.077,0.0,0.034,0.0,2.289,1.525,0.0,4.552,0,0,0,0,0,0,0,0,0,0,0,0,0,0,0,0,0,0,0,0,0,10.591,0,0,0,0,10.591,06037218800
218900,2022,1,6,2,10,30,54,37,0,0,0,0,1,0,0,0,0,0,0,0,0,3,2,0,0.0,0.0,4.807,2.354,0.0,0.0,0.0,0.057,0.004,0.0,0.0,0.0,0.232,0.013,0.0,0.0,0.0,4.574,2.341,0.0,0,0,0,0,0,0,0,0,0,0,0,0,0,0,0,0,0,0,0,0,0,7.161,0,0,0,0,7.161,06037218900
219010,2022,1,6,2,10,30,54,37,0,0,0,0,2,2,0,0,0,0,0,0,2,2,0,0,0.0,2.403,3.205,0.0,0.0,0.0,0.037,0.038,0.0,0.0,0.0,0.114,0.155,0.0,0.0,0.0,2.289,3.05,0.0,0.0,0,0,0,0,0,0,0,0,0,0,0,0,0,0,0,0,0,0,0,0,0,7.607,0,0,0,0,7.607,06037219010
219020,2022,1,6,2,10,30,54,37,0,15,0,1,1,0,0,0,0,0,0,0,0,10,0,0,0.0,0.0,16.023,0.0,0.0,0.0,0.0,0.189,0.0,0.0,0.0,0.0,0.775,0.0,0.0,0.0,0.0,15.248,0.0,0.0,0,0,0,0,0,0,0,13,0,0,0,0,0,0,0,0,0,0,0,0,0,16.023,0,13,0,13,29.023,06037219020
219300,2022,1,6,2,10,30,54,37,0,0,0,0,1,0,0,0,0,0,0,0,0,3,0,0,0.0,0.0,4.807,0.0,0.0,0.0,0.0,0.057,0.0,0.0,0.0,0.0,0.232,0.0,0.0,0.0,0.0,4.574,0.0,0.0,0,0,0,0,0,0,0,0,0,0,0,0,0,0,0,0,0,0,0,0,0,4.807,0,0,0,0,4.807,06037219300
219500,2022,1,6,2,10,30,54,37,0,22,0,0,1,0,0,0,0,0,0,0,1,2,0,0,0.0,1.201,3.205,0.0,0.0,0.0,0.018,0.038,0.0,0.0,0.0,0.057,0.155,0.0,0.0,0.0,1.144,3.05,0.0,0.0,0,0,0,0,0,0,0,0,0,0,0,0,0,0,0,0,0,0,0,0,0,4.406,0,0,0,0,4.406,06037219500
219700,2022,1,6,2,10,30,54,37,0,0,0,1,2,7,0,0,0,0,0,6,4,6,9,7,7.97,4.806,9.614,10.593,10.702,0.281,0.073,0.11399999999999999,0.018000000000000002,0.027,0.911,0.228,0.46499999999999997,0.059,0.08,7.058,4.578,9.149000000000001,10.534,10.622,17,0,0,0,0,0,0,0,0,0,0,0,0,0,0,0,0,0,0,0,0,50.683,17,0,0,17,67.68299999999999,06037219700
219800,2022,1,6,2,10,30,54,37,0,0,0,0,1,1,0,0,0,0,0,0,5,2,0,0,0.0,6.007,3.205,0.0,0.0,0.0,0.092,0.038,0.0,0.0,0.0,0.285,0.155,0.0,0.0,0.0,5.722,3.05,0.0,0.0,0,0,0,0,0,0,0,0,0,0,0,0,0,0,0,0,0,0,0,0,0,10.211,0,0,0,0,10.211,06037219800
219901,2022,1,6,2,10,30,54,37,1,0,1,0,2,2,0,0,0,0,0,10,21,3,2,1,13.282,25.229,4.807,2.354,1.529,0.46799999999999997,0.384,0.057,0.004,0.004,1.519,1.196,0.232,0.013,0.011,11.763,24.032999999999998,4.574,2.341,1.517,0,0,0,0,0,0,0,0,0,0,0,0,0,0,0,0,0,0,0,0,0,49.201,0,0,0,0,49.201,06037219901
219902,2022,1,6,2,10,30,54,37,0,0,0,0,1,1,0,0,0,0,0,1,8,9,0,1,1.328,9.611,14.42,0.0,1.529,0.047,0.147,0.171,0.0,0.004,0.152,0.455,0.697,0.0,0.011,1.176,9.156,13.723,0.0,1.517,0,0,0,0,0,0,0,0,0,0,0,0,0,0,0,0,0,0,0,0,0,27.889,0,0,0,0,27.889,06037219902
220000,2022,1,6,2,10,30,54,37,0,0,0,0,1,8,0,0,0,0,0,18,7,4,7,6,23.909,8.41,6.409,8.239,9.173,0.842,0.128,0.076,0.013,0.023,2.734,0.398,0.31,0.046,0.068,21.175,8.011,6.099,8.193,9.105,0,0,0,0,0,0,0,0,0,0,0,0,0,0,0,0,0,0,0,0,0,64.139,0,0,0,0,64.139,06037220000
220100,2022,1,6,2,10,30,54,37,0,0,0,0,1,3,0,0,0,0,0,1,1,0,0,2,1.328,1.201,0.0,0.0,3.058,0.047,0.018,0.0,0.0,0.008,0.152,0.057,0.0,0.0,0.023,1.176,1.144,0.0,0.0,3.035,0,0,0,0,0,0,0,0,0,0,0,0,0,0,0,0,0,0,0,0,0,8.587,0,0,0,0,8.587,06037220100
221110,2022,1,4,2,1,24,53,34,0,0,0,0,1,4,0,0,0,0,0,0,0,0,1,0,0.0,0.0,0.0,1.381,0.0,0.0,0.0,0.0,0.002,0.0,0.0,0.0,0.0,0.007,0.0,0.0,0.0,0.0,1.374,0.0,0,0,0,0,0,0,0,0,0,0,0,0,0,0,0,0,0,0,0,0,0,5.381,0,0,0,0,5.381,06037221110
221120,2022,1,4,2,1,24,53,34,1,0,1,0,2,4,0,0,0,0,0,2,0,2,1,4,3.185,0.0,3.719,1.381,6.426,0.094,0.0,0.038,0.002,0.015,0.304,0.0,0.155,0.007,0.045,2.881,0.0,3.564,1.374,6.38,0,0,0,0,0,0,0,0,0,0,0,0,0,0,0,0,0,0,0,0,0,18.71,0,0,0,0,18.71,06037221120
221210,2022,1,4,2,10,24,53,34,4,0,2,0,2,7,0,0,0,0,0,3,3,7,2,1,4.777,4.477,13.017,2.761,1.606,0.14100000000000001,0.055,0.133,0.004,0.004,0.45599999999999996,0.171,0.542,0.013,0.011,4.321,4.306,12.474,2.748,1.595,0,0,0,0,0,0,0,0,0,0,0,0,0,0,0,0,0,0,0,0,0,33.638999999999996,0,0,0,0,33.638999999999996,06037221210
221220,2022,1,4,2,1,24,53,34,0,0,0,0,1,11,0,0,0,0,0,5,0,10,2,7,7.961,0.0,18.595,2.761,11.245,0.234,0.0,0.189,0.004,0.026,0.759,0.0,0.775,0.013,0.079,7.202,0.0,17.821,2.748,11.166,0,0,0,0,0,0,0,0,0,0,0,0,0,0,0,0,0,0,0,0,0,51.563,0,0,0,0,51.563,06037221220
221302,2022,1,4,2,10,24,53,34,7,8,2,1,2,3,0,0,0,0,0,1,3,3,2,0,1.592,4.477,5.579,2.762,0.0,0.047,0.055,0.057,0.004,0.0,0.152,0.171,0.232,0.014,0.0,1.44,4.306,5.346,2.748,0.0,5,0,0,0,0,0,0,0,0,0,0,0,0,0,0,0,0,0,0,0,0,17.41,5,0,0,5,22.41,06037221302
221303,2022,1,4,2,10,24,53,34,0,0,0,0,2,1,0,0,0,0,0,4,0,0,0,2,6.37,0.0,0.0,0.0,3.213,0.188,0.0,0.0,0.0,0.008,0.608,0.0,0.0,0.0,0.023,5.762,0.0,0.0,0.0,3.19,0,0,0,0,0,0,0,0,0,0,0,0,0,0,0,0,0,0,0,0,0,10.582,0,0,0,0,10.582,06037221303
221304,2022,1,4,2,10,24,53,34,0,17,0,0,1,0,0,0,0,0,0,1,0,0,0,0,1.592,0.0,0.0,0.0,0.0,0.047,0.0,0.0,0.0,0.0,0.152,0.0,0.0,0.0,0.0,1.44,0.0,0.0,0.0,0.0,0,0,0,0,0,0,0,0,0,0,0,0,0,0,0,0,0,0,0,0,0,1.592,0,0,0,0,1.592,06037221304
221401,2022,1,6,2,10,30,54,37,0,0,0,0,2,7,0,0,0,0,0,1,0,0,3,2,1.328,0.0,0.0,3.531,3.058,0.047,0.0,0.0,0.006,0.008,0.152,0.0,0.0,0.02,0.023,1.176,0.0,0.0,3.511,3.035,0,0,0,0,0,0,0,0,0,0,0,0,0,0,0,0,0,0,0,0,0,14.917,0,0,0,0,14.917,06037221401
221402,2022,1,6,2,10,24,53,34,0,0,0,0,1,7,0,0,0,0,0,5,7,11,5,4,6.641,8.41,17.625,5.885,6.115,0.234,0.128,0.208,0.01,0.015,0.759,0.398,0.852,0.033,0.045,5.882,8.011,16.773,5.852,6.07,0,0,0,0,0,0,0,0,0,0,0,0,0,0,0,0,0,0,0,0,0,51.676,0,0,0,0,51.676,06037221402
221500,2022,1,6,2,8,30,53,37,0,0,0,0,2,4,0,0,0,0,0,2,6,5,1,3,2.657,7.209,8.011,1.177,4.587,0.094,0.10999999999999999,0.095,0.002,0.012,0.304,0.342,0.387,0.007,0.034,2.353,6.867000000000001,7.624,1.17,4.552,0,0,0,0,0,0,0,0,0,0,0,0,0,0,0,0,0,0,0,0,0,27.64,0,0,0,0,27.64,06037221500
221601,2022,1,6,2,8,30,53,37,11,0,1,0,2,0,0,0,0,0,0,6,36,24,1,9,7.969,43.25,38.454,1.177,13.759,0.281,0.659,0.454,0.002,0.034,0.911,2.049,1.858,0.007,0.10200000000000001,7.058,41.201,36.596,1.17,13.657,0,0,0,0,0,0,0,0,0,0,0,0,0,0,0,0,0,0,0,0,0,104.61,0,0,0,0,104.61,06037221601
221602,2022,1,6,2,1,24,53,34,6,0,1,0,1,1,0,0,0,0,0,1,0,4,1,0,1.328,0.0,6.409,1.177,0.0,0.047,0.0,0.076,0.002,0.0,0.152,0.0,0.31,0.007,0.0,1.176,0.0,6.099,1.17,0.0,0,0,0,0,0,0,0,0,0,0,0,0,0,0,0,0,0,0,0,0,0,9.914,0,0,0,0,9.914,06037221602
221710,2022,1,6,1,8,30,59,37,1,0,1,0,2,0,0,0,0,0,0,5,3,0,0,4,6.641,3.604,0.0,0.0,6.115,0.234,0.055,0.0,0.0,0.015,0.759,0.171,0.0,0.0,0.045,5.882,3.433,0.0,0.0,6.068999999999999,0,0,0,0,0,0,0,0,0,0,0,0,0,0,0,0,0,0,0,0,0,16.361,0,0,0,0,16.361,06037221710
221810,2022,1,6,2,8,30,59,37,0,840,0,0,2,4,0,0,0,0,0,0,2,1,0,0,0.0,2.403,1.602,0.0,0.0,0.0,0.037,0.019,0.0,0.0,0.0,0.114,0.077,0.0,0.0,0.0,2.289,1.525,0.0,0.0,0,0,0,0,0,0,0,0,0,0,0,0,0,0,0,0,0,0,0,0,0,8.004999999999999,0,0,0,0,8.004999999999999,06037221810
221820,2022,1,6,2,9,30,59,37,0,0,0,0,1,2,0,0,0,0,0,0,0,0,0,0,0.0,0.0,0.0,0.0,0.0,0.0,0.0,0.0,0.0,0.0,0.0,0.0,0.0,0.0,0.0,0.0,0.0,0.0,0.0,0.0,0,0,0,0,0,0,0,0,0,0,0,0,0,0,0,0,0,0,0,0,0,2.0,0,0,0,0,2.0,06037221820
221900,2022,1,6,2,8,30,59,37,0,173,0,0,0,0,0,0,0,0,0,0,0,0,0,0,0.0,0.0,0.0,0.0,0.0,0.0,0.0,0.0,0.0,0.0,0.0,0.0,0.0,0.0,0.0,0.0,0.0,0.0,0.0,0.0,0,0,0,0,0,0,0,0,0,0,0,0,0,0,0,0,0,0,0,0,0,0.0,0,0,0,0,0.0,06037221900
222001,2022,1,6,2,10,30,54,37,0,0,0,0,0,0,0,0,0,0,0,0,0,0,0,0,0.0,0.0,0.0,0.0,0.0,0.0,0.0,0.0,0.0,0.0,0.0,0.0,0.0,0.0,0.0,0.0,0.0,0.0,0.0,0.0,0,0,0,0,0,0,0,0,0,0,0,0,0,0,0,0,0,0,0,0,0,0.0,0,0,0,0,0.0,06037222001
222002,2022,1,6,2,8,30,54,37,5,0,1,1,1,3,0,0,0,0,0,0,0,3,0,0,0.0,0.0,4.807,0.0,0.0,0.0,0.0,0.057,0.0,0.0,0.0,0.0,0.232,0.0,0.0,0.0,0.0,4.574,0.0,0.0,23,0,0,1,0,0,0,0,0,0,0,0,0,0,0,0,0,0,0,0,0,7.807,24,0,0,24,31.807,06037222002
222100,2022,1,6,2,8,30,59,37,0,0,0,0,1,1,0,0,0,0,0,0,8,0,0,0,0.0,9.611,0.0,0.0,0.0,0.0,0.147,0.0,0.0,0.0,0.0,0.455,0.0,0.0,0.0,0.0,9.156,0.0,0.0,0.0,0,0,0,0,0,0,0,0,0,0,0,0,0,0,0,0,0,0,0,0,0,10.611,0,0,0,0,10.611,06037222100
222200,2022,1,6,2,8,30,59,37,0,0,0,0,1,0,0,0,0,0,0,2,0,7,0,0,2.657,0.0,11.216,0.0,0.0,0.094,0.0,0.133,0.0,0.0,0.304,0.0,0.542,0.0,0.0,2.353,0.0,10.674,0.0,0.0,0,0,0,0,0,0,0,0,0,0,0,0,0,0,0,0,0,0,0,0,0,13.872,0,0,0,0,13.872,06037222200
222500,2022,1,6,2,8,30,59,37,0,0,0,0,1,11,0,0,0,0,0,0,0,3,0,0,0.0,0.0,4.807,0.0,0.0,0.0,0.0,0.057,0.0,0.0,0.0,0.0,0.232,0.0,0.0,0.0,0.0,4.574,0.0,0.0,0,0,0,0,0,0,0,0,0,0,0,0,0,0,0,0,0,0,0,0,0,15.807,0,0,0,0,15.807,06037222500
222600,2022,1,6,2,8,30,59,37,0,0,0,0,1,0,0,0,0,0,0,0,0,2,0,0,0.0,0.0,3.205,0.0,0.0,0.0,0.0,0.038,0.0,0.0,0.0,0.0,0.155,0.0,0.0,0.0,0.0,3.05,0.0,0.0,0,0,0,0,0,0,0,0,0,0,0,0,0,0,0,0,0,0,0,0,0,3.205,0,0,0,0,3.205,06037222600
222700,2022,1,6,2,9,30,59,37,0,0,0,0,1,4,0,0,0,0,0,0,0,0,0,0,0.0,0.0,0.0,0.0,0.0,0.0,0.0,0.0,0.0,0.0,0.0,0.0,0.0,0.0,0.0,0.0,0.0,0.0,0.0,0.0,0,0,0,0,0,0,0,0,0,0,0,0,0,0,0,0,0,0,0,0,0,4.0,0,0,0,0,4.0,06037222700
224010,2022,1,4,1,14,30,53,34,31,33,3,0,3,30,0,0,20,0,0,3,0,1,26,15,4.777,0.0,1.86,35.897,24.096,0.14100000000000001,0.0,0.019,0.051000000000000004,0.057,0.45599999999999996,0.0,0.077,0.17099999999999999,0.16999999999999998,4.321,0.0,1.782,35.725,23.926000000000002,0,0,0,0,0,0,0,0,0,0,0,0,0,0,0,0,0,0,0,0,0,116.63,0,0,0,0,116.63,06037224010
224020,2022,1,4,1,9,30,59,37,32,43,4,2,4,61,0,0,0,0,0,6,8,13,38,43,9.554,11.937999999999999,24.175,52.466,69.076,0.281,0.146,0.247,0.073,0.162,0.912,0.455,1.006,0.25,0.487,8.642,11.483,23.167,52.216,68.588,73,0,0,9,0,0,0,0,0,0,0,0,0,0,0,0,0,0,0,0,0,228.202,82,0,0,82,310.20300000000003,06037224020
224200,2022,1,4,1,1,30,53,34,0,13,0,1,2,8,0,0,0,0,0,2,1,4,1,4,3.185,1.492,7.438,1.381,6.425,0.094,0.018,0.076,0.002,0.015,0.304,0.057,0.31,0.007,0.045,2.881,1.435,7.128,1.374,6.38,9,0,0,0,0,0,0,0,0,0,0,0,0,0,0,0,0,0,0,0,0,27.921000000000003,9,0,0,9,36.921,06037224200
224310,2022,1,4,1,1,30,53,34,0,11,0,1,2,5,0,0,0,0,0,0,0,0,0,0,0.0,0.0,0.0,0.0,0.0,0.0,0.0,0.0,0.0,0.0,0.0,0.0,0.0,0.0,0.0,0.0,0.0,0.0,0.0,0.0,0,6,18,0,0,0,0,0,0,0,0,0,0,0,0,0,0,0,0,0,0,5.0,18,0,0,18,23.0,06037224310
224320,2022,1,4,1,1,30,53,34,0,0,0,0,2,5,0,0,0,0,0,0,0,1,0,2,0.0,0.0,1.86,0.0,3.212,0.0,0.0,0.019,0.0,0.008,0.0,0.0,0.077,0.0,0.022,0.0,0.0,1.782,0.0,3.19,0,0,0,0,0,0,0,0,0,0,0,0,0,0,0,0,0,0,0,0,0,10.072,0,0,0,0,10.072,06037224320
224410,2022,1,6,1,1,30,59,37,0,0,0,0,1,0,0,0,0,0,0,0,5,4,1,5,0.0,6.007,6.409,1.177,7.644,0.0,0.092,0.076,0.002,0.019,0.0,0.285,0.31,0.007,0.057,0.0,5.722,6.099,1.17,7.587,0,0,0,0,0,0,0,0,0,0,0,0,0,0,0,0,0,0,0,0,0,21.237,0,0,0,0,21.237,06037224410
224420,2022,1,6,1,1,30,59,37,3,0,1,0,0,0,0,0,0,0,0,0,0,0,0,0,0.0,0.0,0.0,0.0,0.0,0.0,0.0,0.0,0.0,0.0,0.0,0.0,0.0,0.0,0.0,0.0,0.0,0.0,0.0,0.0,0,0,0,0,0,0,0,0,0,0,0,0,0,0,0,0,0,0,0,0,0,0.0,0,0,0,0,0.0,06037224420
224600,2022,1,6,1,9,30,59,37,0,79,0,1,1,21,0,0,0,0,0,9,4,19,19,38,11.954,4.806,30.443,22.363,58.094,0.421,0.073,0.36,0.036,0.143,1.367,0.228,1.472,0.125,0.43,10.587,4.578,28.971,22.238,57.664,49,0,0,0,0,0,0,11,0,0,0,0,0,0,0,0,0,0,0,0,0,148.66,49,11,0,60,208.66,06037224600
224700,2022,1,6,1,9,30,59,37,0,0,0,1,1,13,0,0,0,0,0,0,1,0,8,9,0.0,1.201,0.0,9.416,13.759,0.0,0.018,0.0,0.015,0.034,0.0,0.057,0.0,0.053,0.102,0.0,1.144,0.0,9.363,13.657,21,1,2,1,0,0,0,0,0,0,0,0,0,0,0,0,0,0,0,0,0,37.376,24,0,0,24,61.376,06037224700
226001,2022,1,4,2,14,30,59,40,102,0,2,0,2,23,0,0,0,0,0,5,8,41,23,40,7.962,11.938,76.241,31.756,64.256,0.234,0.147,0.777,0.044,0.151,0.76,0.455,3.1759999999999997,0.151,0.45299999999999996,7.202,11.483,73.065,31.604,63.803,0,0,0,0,0,0,0,0,0,0,0,0,0,0,0,0,0,0,0,0,0,215.15,0,0,0,0,215.15,06037226001
226002,2022,1,4,2,14,30,53,34,101,0,4,0,4,199,0,0,0,0,0,28,9,51,171,181,44.584,13.431000000000001,94.83699999999999,236.09300000000002,290.756,1.311,0.165,0.9660000000000001,0.328,0.6839999999999999,4.253,0.513,3.95,1.124,2.05,40.33,12.918,90.88600000000001,234.97299999999998,288.707,0,0,0,0,0,0,0,0,0,0,0,0,0,0,0,0,0,0,0,0,0,878.704,0,0,0,0,878.704,06037226002
226410,2022,1,6,2,9,30,59,40,0,0,0,0,2,14,0,0,0,0,0,0,0,0,0,0,0.0,0.0,0.0,0.0,0.0,0.0,0.0,0.0,0.0,0.0,0.0,0.0,0.0,0.0,0.0,0.0,0.0,0.0,0.0,0.0,0,0,0,0,0,0,0,0,0,0,0,0,0,0,0,0,0,0,0,0,0,14.0,0,0,0,0,14.0,06037226410
226420,2022,1,6,2,9,30,59,40,0,0,0,0,3,7,0,0,0,0,0,0,0,0,0,0,0.0,0.0,0.0,0.0,0.0,0.0,0.0,0.0,0.0,0.0,0.0,0.0,0.0,0.0,0.0,0.0,0.0,0.0,0.0,0.0,0,0,0,0,0,0,0,0,0,0,0,0,0,0,0,0,0,0,0,0,0,7.0,0,0,0,0,7.0,06037226420
226700,2022,1,6,2,9,30,59,40,0,0,0,0,1,16,0,0,0,0,0,4,5,3,2,6,5.313,6.007,4.807,2.354,9.173,0.187,0.092,0.057,0.004,0.023,0.608,0.285,0.232,0.013,0.068,4.705,5.722,4.574,2.341,9.105,0,0,0,0,0,0,0,0,0,0,0,0,0,0,0,0,0,0,0,0,0,43.654,0,0,0,0,43.654,06037226700
227010,2022,1,6,2,9,30,59,40,24,0,1,0,1,11,0,0,56,0,0,0,1,7,1,5,0.0,1.201,11.216,1.177,7.644,0.0,0.018,0.133,0.002,0.019,0.0,0.057,0.542,0.007,0.057,0.0,1.144,10.674,1.17,7.587,0,0,0,0,0,0,0,0,0,0,0,0,0,0,0,0,0,0,0,0,0,88.238,0,0,0,0,88.238,06037227010
227020,2022,1,6,2,9,30,59,40,0,0,0,0,2,1,0,0,0,0,0,0,0,4,0,2,0.0,0.0,6.409000000000001,0.0,3.058,0.0,0.0,0.076,0.0,0.008,0.0,0.0,0.309,0.0,0.022,0.0,0.0,6.099,0.0,3.034,0,0,0,0,0,0,0,0,0,0,0,0,0,0,0,0,0,0,0,0,0,10.467,0,0,0,0,10.467,06037227020
228100,2022,1,6,2,9,33,59,40,3,0,1,0,2,9,0,0,0,0,0,0,0,5,2,8,0.0,0.0,8.011,2.354,12.231,0.0,0.0,0.095,0.004,0.03,0.0,0.0,0.387,0.014,0.09,0.0,0.0,7.6240000000000006,2.34,12.139,0,0,0,0,0,0,0,0,0,0,0,0,0,0,0,0,0,0,0,0,0,31.596,0,0,0,0,31.596,06037228100
228210,2022,1,6,2,9,33,59,40,0,0,0,0,3,6,0,0,0,0,0,3,2,5,0,3,3.9850000000000003,2.402,8.011,0.0,4.587,0.14100000000000001,0.036,0.095,0.0,0.012,0.456,0.114,0.387,0.0,0.034,3.5290000000000004,2.288,7.624,0.0,4.552,0,0,0,0,0,0,0,0,0,0,0,0,0,0,0,0,0,0,0,0,0,24.986,0,0,0,0,24.986,06037228210
228220,2022,1,6,2,9,33,59,40,0,0,0,0,2,12,0,0,0,0,0,16,7,2,7,9,21.252,8.41,3.204,8.239,13.759,0.748,0.129,0.038,0.014,0.034,2.43,0.39899999999999997,0.154,0.046,0.102,18.822,8.011000000000001,3.05,8.192,13.657,0,0,0,0,0,0,0,0,0,0,0,0,0,0,0,0,0,0,0,0,0,66.865,0,0,0,0,66.865,06037228220
228310,2022,1,6,2,9,30,59,40,0,0,0,0,2,3,0,0,0,0,0,8,24,14,9,4,10.626,28.833000000000002,22.430999999999997,10.593,6.115,0.374,0.43999999999999995,0.266,0.017,0.015,1.215,1.366,1.084,0.06,0.045,9.411,27.467,21.347,10.533,6.068999999999999,0,0,0,0,0,0,0,0,0,0,0,0,0,0,0,0,0,0,0,0,0,81.59899999999999,0,0,0,0,81.59899999999999,06037228310
228320,2022,1,6,2,9,30,59,40,0,0,0,0,1,0,0,0,0,0,0,0,0,0,0,1,0.0,0.0,0.0,0.0,1.529,0.0,0.0,0.0,0.0,0.004,0.0,0.0,0.0,0.0,0.011,0.0,0.0,0.0,0.0,1.517,0,0,0,0,0,0,0,0,0,0,0,0,0,0,0,0,0,0,0,0,0,1.529,0,0,0,0,1.529,06037228320
228410,2022,1,6,2,9,30,59,40,0,0,0,0,2,2,0,0,0,0,0,0,3,4,0,1,0.0,3.604,6.41,0.0,1.529,0.0,0.055,0.076,0.0,0.004,0.0,0.171,0.31,0.0,0.011,0.0,3.433,6.1,0.0,1.517,0,0,0,0,0,0,0,0,0,0,0,0,0,0,0,0,0,0,0,0,0,13.542,0,0,0,0,13.542,06037228410
228420,2022,1,6,2,9,30,59,40,5,0,1,0,1,13,0,0,0,0,0,1,1,0,0,0,1.328,1.201,0.0,0.0,0.0,0.047,0.018,0.0,0.0,0.0,0.152,0.057,0.0,0.0,0.0,1.176,1.144,0.0,0.0,0.0,0,0,0,0,0,0,0,0,0,0,0,0,0,0,0,0,0,0,0,0,0,15.53,0,0,0,0,15.53,06037228420
228500,2022,1,6,2,9,30,59,40,0,17,0,1,0,0,0,0,0,0,0,0,0,0,0,0,0.0,0.0,0.0,0.0,0.0,0.0,0.0,0.0,0.0,0.0,0.0,0.0,0.0,0.0,0.0,0.0,0.0,0.0,0.0,0.0,32,0,0,1,0,0,0,0,0,0,0,0,0,0,0,0,0,0,0,0,0,0.0,33,0,0,33,33.0,06037228500
228600,2022,1,6,2,9,30,59,40,5,0,1,1,1,21,0,0,4,0,0,6,13,18,13,15,7.97,15.618,28.841,15.301,22.932,0.281,0.238,0.341,0.025,0.057,0.911,0.74,1.394,0.085,0.17,7.058,14.878,27.446,15.215,22.762,1,0,0,1,0,0,0,0,0,0,0,0,0,0,0,0,0,0,0,0,0,115.66,2,0,0,2,117.66,06037228600
228710,2022,1,6,2,9,33,59,40,0,31,0,1,2,8,0,0,0,0,0,3,2,1,3,0,3.985,2.403,1.602,3.531,0.0,0.14,0.037,0.019,0.006,0.0,0.456,0.114,0.077,0.02,0.0,3.529,2.289,1.525,3.511,0.0,18,0,0,2,0,0,0,0,0,0,0,0,0,0,0,0,0,0,0,0,0,19.520999999999997,20,0,0,20,39.521,06037228710
228720,2022,1,6,2,9,33,59,40,0,0,0,0,1,4,0,0,0,0,0,5,9,3,0,2,6.641,10.813,4.807,0.0,3.058,0.234,0.165,0.057,0.0,0.008,0.759,0.512,0.232,0.0,0.023,5.882,10.3,4.574,0.0,3.035,0,0,0,0,0,0,0,0,0,0,0,0,0,0,0,0,0,0,0,0,0,29.318,0,0,0,0,29.318,06037228720
228800,2022,1,6,2,9,33,59,40,0,0,0,0,1,11,0,0,0,0,0,12,11,5,5,8,15.939,13.215,8.011,5.885,12.23,0.562,0.202,0.095,0.01,0.03,1.823,0.626,0.387,0.033,0.091,14.116,12.589,7.624,5.852,12.14,0,0,0,0,0,0,0,0,0,0,0,0,0,0,0,0,0,0,0,0,0,66.281,0,0,0,0,66.281,06037228800
228900,2022,1,6,2,9,33,59,40,11,0,2,0,2,6,0,0,0,0,0,22,18,14,0,7,29.222,21.625,22.430999999999997,0.0,10.702,1.03,0.33,0.266,0.0,0.027,3.341,1.025,1.084,0.0,0.08,25.88,20.6,21.347,0.0,10.622,0,0,0,0,0,0,0,0,0,0,0,0,0,0,0,0,0,0,0,0,0,89.97999999999999,0,0,0,0,89.97999999999999,06037228900
229100,2022,1,6,2,9,33,59,40,0,0,0,0,2,2,0,0,0,0,0,19,14,3,1,0,25.237000000000002,16.82,4.807,1.177,0.0,0.889,0.256,0.056999999999999995,0.002,0.0,2.886,0.7969999999999999,0.23199999999999998,0.007,0.0,22.351,16.023,4.574999999999999,1.17,0.0,0,0,0,0,0,0,0,0,0,0,0,0,0,0,0,0,0,0,0,0,0,50.04,0,0,0,0,50.04,06037229100
229200,2022,1,6,2,9,30,59,40,4,41,2,1,2,0,0,0,0,0,0,0,0,5,1,0,0.0,0.0,8.012,1.177,0.0,0.0,0.0,0.095,0.002,0.0,0.0,0.0,0.387,0.007,0.0,0.0,0.0,7.624,1.17,0.0,1,0,0,12,0,0,0,0,0,0,0,0,0,0,0,0,0,0,0,0,0,9.189,13,0,0,13,22.189,06037229200
229300,2022,1,6,2,9,30,59,40,0,0,0,0,1,3,0,0,0,0,0,2,5,5,0,0,2.657,6.007,8.011,0.0,0.0,0.094,0.092,0.095,0.0,0.0,0.304,0.285,0.387,0.0,0.0,2.353,5.722,7.624,0.0,0.0,0,0,0,0,0,0,0,0,0,0,0,0,0,0,0,0,0,0,0,0,0,19.675,0,0,0,0,19.675,06037229300
229410,2022,1,6,2,9,30,59,40,0,0,0,0,1,12,0,0,0,0,0,4,5,20,2,10,5.313,6.007,32.045,2.354,15.288,0.187,0.092,0.379,0.004,0.038,0.608,0.285,1.549,0.013,0.113,4.705,5.722,30.496,2.341,15.175,0,0,0,0,0,0,0,0,0,0,0,0,0,0,0,0,0,0,0,0,0,73.007,0,0,0,0,73.007,06037229410
229420,2022,1,6,2,9,30,59,40,0,0,0,0,1,12,0,0,0,0,0,5,6,7,1,7,6.641,7.208,11.216,1.177,10.702,0.234,0.11,0.133,0.002,0.026,0.759,0.342,0.542,0.007,0.079,5.882,6.867,10.674,1.17,10.622,0,0,0,0,0,0,0,0,0,0,0,0,0,0,0,0,0,0,0,0,0,48.944,0,0,0,0,48.944,06037229420
231100,2022,1,6,2,9,30,59,37,0,93,0,1,2,32,0,0,0,0,0,9,12,24,22,37,11.954,14.417,38.454,25.894,56.566,0.421,0.22,0.455,0.042,0.14,1.367,0.683,1.859,0.145,0.419,10.587,13.734,36.595,25.749,56.147,31,0,0,2,0,0,0,0,0,0,0,0,0,0,0,0,0,0,0,0,0,179.28,33,0,0,33,212.28,06037231100
231210,2022,1,6,2,8,30,59,37,0,0,0,1,1,1,0,0,0,0,0,0,0,4,0,0,0.0,0.0,6.409,0.0,0.0,0.0,0.0,0.076,0.0,0.0,0.0,0.0,0.31,0.0,0.0,0.0,0.0,6.099,0.0,0.0,0,0,0,6,0,0,0,0,0,0,2,0,0,0,0,0,0,0,0,0,0,7.409,6,2,0,8,15.409,06037231210
231220,2022,1,6,2,9,30,59,37,0,0,0,0,1,8,0,0,0,0,0,2,0,5,0,0,2.657,0.0,8.011,0.0,0.0,0.094,0.0,0.095,0.0,0.0,0.304,0.0,0.387,0.0,0.0,2.353,0.0,7.624,0.0,0.0,0,0,0,0,0,0,0,0,0,0,0,0,0,0,0,0,0,0,0,0,0,18.668,0,0,0,0,18.668,06037231220
231300,2022,1,6,2,8,30,59,37,9,0,1,0,1,5,0,0,0,0,0,6,7,5,1,3,7.97,8.41,8.011,1.177,4.586,0.281,0.128,0.095,0.002,0.011,0.911,0.398,0.387,0.007,0.034,7.058,8.011,7.624,1.17,4.552,0,0,0,0,0,0,0,0,0,0,0,0,0,0,0,0,0,0,0,0,0,35.154,0,0,0,0,35.154,06037231300
231400,2022,1,6,2,8,30,54,37,0,0,0,0,0,0,0,0,0,0,0,0,0,0,0,0,0.0,0.0,0.0,0.0,0.0,0.0,0.0,0.0,0.0,0.0,0.0,0.0,0.0,0.0,0.0,0.0,0.0,0.0,0.0,0.0,0,0,0,0,0,0,0,0,0,0,0,0,0,0,0,0,0,0,0,0,0,0.0,0,0,0,0,0.0,06037231400
231500,2022,1,6,2,8,30,54,37,0,0,0,0,1,10,0,0,0,0,0,1,0,1,1,0,1.328,0.0,1.602,1.177,0.0,0.047,0.0,0.019,0.002,0.0,0.152,0.0,0.077,0.007,0.0,1.176,0.0,1.525,1.17,0.0,0,0,0,0,0,0,0,0,0,0,0,0,0,0,0,0,0,0,0,0,0,14.107,0,0,0,0,14.107,06037231500
231600,2022,1,6,2,9,30,59,37,0,15,0,1,1,1,0,0,0,0,0,0,0,0,0,0,0.0,0.0,0.0,0.0,0.0,0.0,0.0,0.0,0.0,0.0,0.0,0.0,0.0,0.0,0.0,0.0,0.0,0.0,0.0,0.0,14,0,0,1,0,0,0,8,0,0,0,0,0,0,0,0,0,0,0,0,0,1.0,15,8,0,23,24.0,06037231600
231710,2022,1,6,2,9,30,59,37,0,0,0,1,2,22,0,0,0,0,0,5,7,26,26,4,6.6419999999999995,8.41,41.659,30.601999999999997,6.115,0.234,0.129,0.492,0.05,0.015,0.76,0.39899999999999997,2.014,0.17099999999999999,0.045,5.882,8.011000000000001,39.644999999999996,30.430999999999997,6.07,23,0,0,0,0,0,0,0,0,0,0,0,0,0,0,0,0,0,0,0,0,115.427,23,0,0,23,138.42700000000002,06037231710
231720,2022,1,6,2,9,30,59,37,19,0,2,0,2,15,0,0,0,0,0,10,6,11,9,14,13.283,7.208,17.625,10.593,21.403,0.468,0.11,0.20900000000000002,0.017,0.053,1.519,0.342,0.852,0.06,0.159,11.764,6.867,16.773,10.533,21.245,0,0,0,0,0,0,0,0,0,0,0,0,0,0,0,0,0,0,0,0,0,85.11200000000001,0,0,0,0,85.11200000000001,06037231720
231800,2022,1,6,2,9,30,59,40,0,22,0,1,2,8,0,0,0,0,0,0,0,1,3,0,0.0,0.0,1.602,3.531,0.0,0.0,0.0,0.019,0.006,0.0,0.0,0.0,0.077,0.02,0.0,0.0,0.0,1.525,3.511,0.0,20,0,0,0,0,0,0,0,0,0,0,0,0,0,0,0,0,0,0,0,0,13.133,20,0,0,20,33.133,06037231800
231900,2022,1,6,2,9,30,59,40,7,0,1,1,2,0,0,0,0,0,0,8,1,8,0,5,10.626999999999999,1.201,12.819,0.0,7.644,0.375,0.018,0.152,0.0,0.019,1.215,0.057,0.62,0.0,0.057,9.411,1.144,12.198999999999998,0.0,7.587,15,0,0,0,0,0,0,0,0,0,0,0,0,0,0,0,0,0,0,0,0,32.289,15,0,0,15,47.289,06037231900
232110,2022,1,6,2,9,30,59,37,14,1,1,1,1,6,0,0,0,0,0,0,0,4,0,0,0.0,0.0,6.409,0.0,0.0,0.0,0.0,0.076,0.0,0.0,0.0,0.0,0.31,0.0,0.0,0.0,0.0,6.099,0.0,0.0,51,0,0,0,0,0,0,0,0,0,0,0,0,0,0,0,0,0,0,0,0,12.409,51,0,0,51,63.409,06037232110
232120,2022,1,6,2,9,30,59,37,0,14,0,1,2,0,0,0,0,0,0,2,0,11,0,4,2.657,0.0,17.625,0.0,6.115,0.094,0.0,0.20900000000000002,0.0,0.015,0.304,0.0,0.852,0.0,0.045,2.353,0.0,16.773,0.0,6.07,0,4,13,0,2,4,0,0,0,0,0,0,0,0,0,0,0,0,0,0,0,26.397000000000002,17,0,0,17,43.397,06037232120
232200,2022,1,6,2,9,30,59,37,0,0,0,1,1,4,0,0,0,0,0,0,0,2,1,0,0.0,0.0,3.205,1.177,0.0,0.0,0.0,0.038,0.002,0.0,0.0,0.0,0.155,0.007,0.0,0.0,0.0,3.05,1.17,0.0,1,0,0,0,0,0,0,0,0,0,0,0,0,0,0,0,0,0,0,0,0,8.382,1,0,0,1,9.382,06037232200
232300,2022,1,6,2,9,30,59,37,0,0,0,1,1,2,0,0,0,0,0,0,0,0,1,0,0.0,0.0,0.0,1.177,0.0,0.0,0.0,0.0,0.002,0.0,0.0,0.0,0.0,0.007,0.0,0.0,0.0,0.0,1.17,0.0,13,0,0,0,0,0,0,0,0,0,0,0,0,0,0,0,0,0,0,0,0,3.177,13,0,0,13,16.177,06037232300
232400,2022,1,6,2,8,30,54,37,3,111,1,1,1,14,0,0,0,0,0,2,0,15,0,4,2.657,0.0,24.034,0.0,6.115,0.094,0.0,0.284,0.0,0.015,0.304,0.0,1.162,0.0,0.045,2.353,0.0,22.872,0.0,6.07,64,0,0,4,0,0,0,0,0,0,0,0,0,0,0,0,0,0,0,0,0,46.806,68,0,0,68,114.81,06037232400
232500,2022,1,6,2,8,30,54,37,2,133,1,1,1,9,0,0,0,0,0,0,1,11,1,0,0.0,1.201,17.625,1.177,0.0,0.0,0.018,0.208,0.002,0.0,0.0,0.057,0.852,0.007,0.0,0.0,1.144,16.773,1.17,0.0,97,0,0,4,0,0,0,6,20,42,1,0,0,0,0,0,0,0,0,0,0,29.003,101,49,0,150,179.0,06037232500
232600,2022,1,6,2,8,30,59,37,0,0,0,0,2,6,0,0,0,0,0,0,1,3,3,0,0.0,1.201,4.807,3.531,0.0,0.0,0.018,0.057,0.006,0.0,0.0,0.057,0.232,0.02,0.0,0.0,1.144,4.574,3.511,0.0,0,0,0,0,0,0,0,0,0,0,0,0,0,0,0,0,0,0,0,0,0,15.539,0,0,0,0,15.539,06037232600
232700,2022,1,6,2,9,30,59,37,0,58,0,1,2,0,0,0,0,0,0,0,0,3,0,0,0.0,0.0,4.807,0.0,0.0,0.0,0.0,0.056999999999999995,0.0,0.0,0.0,0.0,0.23199999999999998,0.0,0.0,0.0,0.0,4.574999999999999,0.0,0.0,47,0,0,3,0,0,0,18,0,0,0,0,0,0,0,0,0,0,0,0,0,4.807,50,18,0,68,72.807,06037232700
232800,2022,1,6,2,9,30,59,40,0,0,0,0,2,16,0,0,0,0,0,3,0,6,0,16,3.9850000000000003,0.0,9.614,0.0,24.461,0.14100000000000001,0.0,0.114,0.0,0.061,0.45599999999999996,0.0,0.465,0.0,0.182,3.529,0.0,9.149,0.0,24.28,0,0,0,0,0,0,0,0,0,0,0,0,0,0,0,0,0,0,0,0,0,54.059,0,0,0,0,54.059,06037232800
234000,2022,1,6,2,10,30,54,37,5,26,1,1,1,1,0,0,0,0,0,1,3,1,0,0,1.328,3.604,1.602,0.0,0.0,0.047,0.055,0.019,0.0,0.0,0.152,0.171,0.077,0.0,0.0,1.176,3.433,1.525,0.0,0.0,15,0,0,0,0,0,0,0,0,0,0,0,0,0,0,0,0,0,0,0,0,7.535,15,0,0,15,22.535,06037234000
234200,2022,1,6,2,10,30,54,37,0,0,0,0,1,6,0,0,0,0,0,9,2,5,0,1,11.954,2.403,8.011,0.0,1.529,0.421,0.037,0.095,0.0,0.004,1.367,0.114,0.387,0.0,0.011,10.587,2.289,7.624,0.0,1.517,0,0,0,0,0,0,0,0,0,0,0,0,0,0,0,0,0,0,0,0,0,29.897,0,0,0,0,29.897,06037234200
234300,2022,1,6,2,10,30,54,37,10,0,1,0,1,19,0,0,0,0,0,1,0,2,1,3,1.328,0.0,3.205,1.177,4.586,0.047,0.0,0.038,0.002,0.011,0.152,0.0,0.155,0.007,0.034,1.176,0.0,3.05,1.17,4.552,0,0,0,0,0,0,0,0,0,0,0,0,0,0,0,0,0,0,0,0,0,29.296,0,0,0,0,29.296,06037234300
234501,2022,1,6,2,8,30,54,37,0,0,0,0,1,0,0,0,0,0,0,0,2,1,0,0,0.0,2.403,1.602,0.0,0.0,0.0,0.037,0.019,0.0,0.0,0.0,0.114,0.077,0.0,0.0,0.0,2.289,1.525,0.0,0.0,0,0,0,0,0,0,0,0,0,0,0,0,0,0,0,0,0,0,0,0,0,4.005,0,0,0,0,4.005,06037234501
234502,2022,1,6,2,8,30,54,37,0,0,0,0,1,6,0,0,0,0,0,0,0,3,0,0,0.0,0.0,4.807,0.0,0.0,0.0,0.0,0.057,0.0,0.0,0.0,0.0,0.232,0.0,0.0,0.0,0.0,4.574,0.0,0.0,0,0,0,0,0,0,0,0,0,0,0,0,0,0,0,0,0,0,0,0,0,10.807,0,0,0,0,10.807,06037234502
234600,2022,1,6,2,8,30,54,37,4,0,2,1,2,2,0,0,0,0,0,0,9,9,0,3,0.0,10.812999999999999,14.42,0.0,4.586,0.0,0.16499999999999998,0.17099999999999999,0.0,0.011,0.0,0.513,0.697,0.0,0.034,0.0,10.3,13.723,0.0,4.552,44,0,0,2,0,0,0,0,0,0,0,0,0,0,0,0,0,0,0,0,0,31.819,46,0,0,46,77.819,06037234600
234700,2022,1,6,2,8,30,54,37,0,0,0,0,1,1,0,0,0,0,0,0,0,1,0,0,0.0,0.0,1.602,0.0,0.0,0.0,0.0,0.019,0.0,0.0,0.0,0.0,0.077,0.0,0.0,0.0,0.0,1.525,0.0,0.0,0,0,0,0,0,0,0,0,0,0,0,0,0,0,0,0,0,0,0,0,0,2.602,0,0,0,0,2.602,06037234700
234800,2022,1,6,2,8,30,62,37,0,0,0,0,1,0,0,0,0,0,0,0,0,1,1,0,0.0,0.0,1.602,1.177,0.0,0.0,0.0,0.019,0.002,0.0,0.0,0.0,0.077,0.007,0.0,0.0,0.0,1.525,1.17,0.0,0,0,0,0,0,0,0,0,0,0,0,0,0,0,0,0,0,0,0,0,0,2.779,0,0,0,0,2.779,06037234800
234901,2022,1,6,2,8,30,62,37,0,0,0,0,2,6,0,0,0,0,0,5,2,8,7,8,6.641,2.403,12.818,8.239,12.23,0.234,0.037,0.152,0.013,0.03,0.759,0.114,0.619,0.046,0.091,5.882,2.289,12.199,8.193,12.14,0,0,0,0,0,0,0,0,0,0,0,0,0,0,0,0,0,0,0,0,0,48.330999999999996,0,0,0,0,48.330999999999996,06037234901
234902,2022,1,6,2,8,30,54,37,0,0,0,0,3,1,0,0,0,0,0,1,3,6,0,1,1.328,3.604,9.614,0.0,1.529,0.047,0.055,0.114,0.0,0.004,0.152,0.171,0.464,0.0,0.011,1.176,3.433,9.149,0.0,1.517,0,0,0,0,0,0,0,0,0,0,0,0,0,0,0,0,0,0,0,0,0,17.075000000000003,0,0,0,0,17.075000000000003,06037234902
235100,2022,1,6,2,8,30,54,37,0,0,0,0,1,1,0,0,0,0,0,0,0,0,0,0,0.0,0.0,0.0,0.0,0.0,0.0,0.0,0.0,0.0,0.0,0.0,0.0,0.0,0.0,0.0,0.0,0.0,0.0,0.0,0.0,0,0,0,0,0,0,0,0,0,0,0,0,0,0,0,0,0,0,0,0,0,1.0,0,0,0,0,1.0,06037235100
235201,2022,1,6,2,8,30,62,37,0,0,0,0,0,0,0,0,0,0,0,0,0,0,0,0,0.0,0.0,0.0,0.0,0.0,0.0,0.0,0.0,0.0,0.0,0.0,0.0,0.0,0.0,0.0,0.0,0.0,0.0,0.0,0.0,0,0,0,0,0,0,0,0,0,0,0,0,0,0,0,0,0,0,0,0,0,0.0,0,0,0,0,0.0,06037235201
235202,2022,1,6,2,8,30,62,37,3,0,1,0,1,0,0,0,0,0,0,0,3,3,0,0,0.0,3.604,4.807,0.0,0.0,0.0,0.055,0.057,0.0,0.0,0.0,0.171,0.232,0.0,0.0,0.0,3.433,4.574,0.0,0.0,0,0,0,0,0,0,0,0,0,0,0,0,0,0,0,0,0,0,0,0,0,8.411,0,0,0,0,8.411,06037235202
236000,2022,1,6,2,10,30,54,37,0,0,0,0,5,27,0,0,0,0,0,3,13,17,20,3,3.9850000000000003,15.618,27.239,23.54,4.587,0.14100000000000001,0.238,0.322,0.039,0.012,0.456,0.74,1.316,0.131,0.034,3.5290000000000004,14.878,25.922,23.408,4.552,0,0,0,0,0,0,0,0,0,0,0,0,0,0,0,0,0,0,0,0,0,101.968,0,0,0,0,101.968,06037236000
236100,2022,1,6,2,10,30,54,37,0,0,0,0,1,9,0,0,0,0,0,2,6,14,0,4,2.657,7.208,22.432,0.0,6.115,0.094,0.11,0.265,0.0,0.015,0.304,0.342,1.084,0.0,0.045,2.353,6.867,21.347,0.0,6.07,0,0,0,0,0,0,0,0,0,0,0,0,0,0,0,0,0,0,0,0,0,47.412,0,0,0,0,47.412,06037236100
236202,2022,1,6,2,10,30,54,37,0,0,0,0,2,14,0,0,0,0,0,2,1,2,3,0,2.656,1.201,3.205,3.531,0.0,0.094,0.018,0.038,0.006,0.0,0.304,0.057,0.155,0.02,0.0,2.352,1.144,3.05,3.511,0.0,0,0,0,0,0,0,0,0,0,0,0,0,0,0,0,0,0,0,0,0,0,24.594,0,0,0,0,24.594,06037236202
236203,2022,1,6,2,10,30,54,37,0,0,0,0,0,0,0,0,0,0,0,0,0,0,0,0,0.0,0.0,0.0,0.0,0.0,0.0,0.0,0.0,0.0,0.0,0.0,0.0,0.0,0.0,0.0,0.0,0.0,0.0,0.0,0.0,0,0,0,0,0,0,0,0,0,0,0,0,0,0,0,0,0,0,0,0,0,0.0,0,0,0,0,0.0,06037236203
236204,2022,1,6,2,10,30,54,37,0,0,0,0,1,3,0,0,0,0,0,18,1,0,1,4,23.909,1.201,0.0,1.177,6.115,0.842,0.018,0.0,0.002,0.015,2.734,0.057,0.0,0.007,0.045,21.175,1.144,0.0,1.17,6.07,0,0,0,0,0,0,0,0,0,0,0,0,0,0,0,0,0,0,0,0,0,35.402,0,0,0,0,35.402,06037236204
236400,2022,1,6,2,8,30,54,37,0,0,0,0,1,0,0,0,0,0,0,0,0,1,0,0,0.0,0.0,1.602,0.0,0.0,0.0,0.0,0.019,0.0,0.0,0.0,0.0,0.077,0.0,0.0,0.0,0.0,1.525,0.0,0.0,0,0,0,0,0,0,0,0,0,0,0,0,0,0,0,0,0,0,0,0,0,1.602,0,0,0,0,1.602,06037236400
237101,2022,1,6,2,9,30,59,37,0,12,0,1,0,0,0,0,0,0,0,0,0,0,0,0,0.0,0.0,0.0,0.0,0.0,0.0,0.0,0.0,0.0,0.0,0.0,0.0,0.0,0.0,0.0,0.0,0.0,0.0,0.0,0.0,22,0,0,0,0,0,0,0,0,0,0,0,0,0,0,0,0,0,0,0,0,0.0,22,0,0,22,22.0,06037237101
237102,2022,1,6,2,9,30,59,37,0,0,0,0,1,4,0,0,0,0,0,0,0,1,0,1,0.0,0.0,1.602,0.0,1.529,0.0,0.0,0.019,0.0,0.004,0.0,0.0,0.077,0.0,0.011,0.0,0.0,1.525,0.0,1.517,0,0,0,0,0,0,0,0,0,0,0,0,0,0,0,0,0,0,0,0,0,7.131,0,0,0,0,7.131,06037237102
237201,2022,1,6,2,9,30,59,37,0,96,0,1,1,2,0,0,0,0,0,0,0,0,0,0,0.0,0.0,0.0,0.0,0.0,0.0,0.0,0.0,0.0,0.0,0.0,0.0,0.0,0.0,0.0,0.0,0.0,0.0,0.0,0.0,66,0,0,0,0,0,0,0,0,0,0,7,14,0,0,0,0,0,0,0,0,2.0,66,14,0,80,82.0,06037237201
237202,2022,1,6,2,8,30,54,37,17,74,1,1,1,39,0,0,0,0,0,34,15,49,13,11,45.161,18.021,78.511,15.301,16.817,1.591,0.275,0.928,0.025,0.042,5.164,0.854,3.795,0.085,0.125,39.997,17.167,74.715,15.215,16.692,34,0,0,0,0,0,0,0,0,0,0,0,0,0,0,0,0,0,0,0,0,212.81,34,0,0,34,246.81,06037237202
237300,2022,1,6,2,8,30,59,37,0,0,0,0,0,0,0,0,0,0,0,0,0,0,0,0,0.0,0.0,0.0,0.0,0.0,0.0,0.0,0.0,0.0,0.0,0.0,0.0,0.0,0.0,0.0,0.0,0.0,0.0,0.0,0.0,0,0,0,0,0,0,0,0,0,0,0,0,0,0,0,0,0,0,0,0,0,0.0,0,0,0,0,0.0,06037237300
237401,2022,1,6,2,8,30,59,37,0,23,0,1,0,0,0,0,0,0,0,0,0,0,0,0,0.0,0.0,0.0,0.0,0.0,0.0,0.0,0.0,0.0,0.0,0.0,0.0,0.0,0.0,0.0,0.0,0.0,0.0,0.0,0.0,0,0,0,0,0,0,0,1,0,0,13,6,13,0,0,0,0,0,0,0,0,0.0,0,27,0,27,27.0,06037237401
237402,2022,1,6,2,8,30,59,37,0,0,0,0,1,1,0,0,0,0,0,2,0,1,2,0,2.657,0.0,1.602,2.354,0.0,0.094,0.0,0.019,0.004,0.0,0.304,0.0,0.077,0.013,0.0,2.353,0.0,1.525,2.341,0.0,0,0,0,0,0,0,0,0,0,0,0,0,0,0,0,0,0,0,0,0,0,7.613,0,0,0,0,7.613,06037237402
237500,2022,1,6,2,8,30,59,37,0,0,0,1,2,2,0,0,0,0,0,5,0,4,0,1,6.641,0.0,6.409,0.0,1.529,0.234,0.0,0.076,0.0,0.004,0.759,0.0,0.31,0.0,0.011,5.882,0.0,6.099,0.0,1.517,26,0,0,0,0,0,0,0,0,0,0,0,0,0,0,0,0,0,0,0,0,16.579,26,0,0,26,42.579,06037237500
237600,2022,1,6,2,8,30,59,37,0,0,0,0,0,0,0,0,0,0,0,0,0,0,0,0,0.0,0.0,0.0,0.0,0.0,0.0,0.0,0.0,0.0,0.0,0.0,0.0,0.0,0.0,0.0,0.0,0.0,0.0,0.0,0.0,0,0,0,0,0,0,0,0,0,0,0,0,0,0,0,0,0,0,0,0,0,0.0,0,0,0,0,0.0,06037237600
237710,2022,1,6,2,8,30,59,37,0,0,0,0,2,6,0,0,0,0,0,1,1,5,4,3,1.328,1.201,8.011,4.708,4.586,0.047,0.018,0.095,0.008,0.011,0.152,0.057,0.387,0.026,0.034,1.176,1.144,7.6240000000000006,4.682,4.552,0,0,0,0,0,0,0,0,0,0,0,0,0,0,0,0,0,0,0,0,0,25.836,0,0,0,0,25.836,06037237710
237720,2022,1,6,2,8,30,59,37,0,0,0,0,2,11,0,0,0,0,0,2,1,1,3,1,2.656,1.201,1.602,3.531,1.529,0.094,0.018,0.019,0.006,0.004,0.304,0.057,0.077,0.02,0.011,2.352,1.144,1.525,3.511,1.517,0,0,0,0,0,0,0,0,0,0,0,0,0,0,0,0,0,0,0,0,0,21.519,0,0,0,0,21.519,06037237720
237800,2022,1,6,2,8,30,59,37,0,0,0,0,1,0,0,0,0,0,0,0,0,1,0,0,0.0,0.0,1.602,0.0,0.0,0.0,0.0,0.019,0.0,0.0,0.0,0.0,0.077,0.0,0.0,0.0,0.0,1.525,0.0,0.0,0,0,0,0,0,0,0,0,0,0,0,0,0,0,0,0,0,0,0,0,0,1.602,0,0,0,0,1.602,06037237800
237900,2022,1,6,2,8,30,59,37,0,0,0,0,1,10,0,0,0,0,0,0,1,0,0,0,0.0,1.201,0.0,0.0,0.0,0.0,0.018,0.0,0.0,0.0,0.0,0.057,0.0,0.0,0.0,0.0,1.144,0.0,0.0,0.0,0,0,0,0,0,0,0,0,0,0,0,0,0,0,0,0,0,0,0,0,0,11.201,0,0,0,0,11.201,06037237900
238000,2022,1,6,2,8,30,62,43,12,0,1,0,2,26,0,0,0,0,0,0,1,8,0,0,0.0,1.201,12.819,0.0,0.0,0.0,0.018,0.152,0.0,0.0,0.0,0.057,0.62,0.0,0.0,0.0,1.144,12.198999999999998,0.0,0.0,0,0,0,0,0,0,0,0,0,0,0,0,0,0,0,0,0,0,0,0,0,40.019999999999996,0,0,0,0,40.019999999999996,06037238000
238100,2022,1,6,2,8,30,59,37,0,31,0,1,1,1,0,0,0,0,0,0,0,6,0,0,0.0,0.0,9.614,0.0,0.0,0.0,0.0,0.114,0.0,0.0,0.0,0.0,0.465,0.0,0.0,0.0,0.0,9.149,0.0,0.0,23,0,0,1,0,0,0,0,0,0,0,0,0,0,0,0,0,0,0,0,0,10.614,24,0,0,24,34.614,06037238100
238200,2022,1,6,2,8,30,59,37,0,0,0,1,1,8,0,0,0,0,0,8,2,10,0,1,10.626,2.403,16.023,0.0,1.529,0.374,0.037,0.189,0.0,0.004,1.215,0.114,0.775,0.0,0.011,9.411,2.289,15.248,0.0,1.517,171,216,676,4,31,76,0,0,0,0,0,0,0,0,0,0,0,0,0,0,0,38.58,927,0,0,927,965.58,06037238200
238310,2022,1,6,2,8,30,59,37,0,0,0,0,2,8,0,0,0,0,0,3,2,1,2,0,3.985,2.403,1.602,2.354,0.0,0.14,0.037,0.019,0.004,0.0,0.456,0.114,0.077,0.013,0.0,3.529,2.289,1.525,2.341,0.0,0,0,0,0,0,0,0,0,0,0,0,0,0,0,0,0,0,0,0,0,0,18.344,0,0,0,0,18.344,06037238310
238320,2022,1,6,2,8,30,59,43,0,0,0,0,2,4,0,0,0,0,0,7,1,9,1,0,9.298,1.201,14.42,1.177,0.0,0.328,0.018,0.171,0.002,0.0,1.063,0.057,0.697,0.007,0.0,8.235,1.144,13.723,1.17,0.0,0,0,0,0,0,0,0,0,0,0,0,0,0,0,0,0,0,0,0,0,0,30.097,0,0,0,0,30.097,06037238320
238400,2022,1,6,2,8,30,59,43,0,0,0,0,1,4,0,0,0,0,0,6,0,14,8,0,7.97,0.0,22.432,9.416,0.0,0.281,0.0,0.265,0.015,0.0,0.911,0.0,1.084,0.053,0.0,7.058,0.0,21.347,9.363,0.0,0,0,0,0,0,0,0,0,0,0,0,0,0,0,0,0,0,0,0,0,0,43.817,0,0,0,0,43.817,06037238400
239201,2022,1,6,2,9,30,59,40,0,0,0,0,2,14,0,0,0,0,0,6,1,4,2,3,7.97,1.201,6.409,2.354,4.586,0.281,0.018,0.076,0.004,0.011,0.911,0.057,0.31,0.013,0.034,7.058,1.144,6.099,2.341,4.552,0,0,0,0,0,0,0,0,0,0,0,0,0,0,0,0,0,0,0,0,0,36.52,0,0,0,0,36.52,06037239201
239202,2022,1,6,2,9,30,59,40,64,0,2,0,2,17,0,0,7,0,0,5,6,32,8,7,6.6419999999999995,7.209,51.272999999999996,9.416,10.702,0.234,0.10999999999999999,0.606,0.016,0.026,0.76,0.342,2.479,0.052,0.079,5.882,6.867000000000001,48.794,9.363,10.622,0,0,0,0,0,0,0,0,0,0,0,0,0,0,0,0,0,0,0,0,0,109.239,0,0,0,0,109.239,06037239202
239310,2022,1,6,2,9,30,59,40,0,0,0,0,2,40,0,0,0,0,0,0,0,15,0,8,0.0,0.0,24.034,0.0,12.231,0.0,0.0,0.28400000000000003,0.0,0.03,0.0,0.0,1.161,0.0,0.09,0.0,0.0,22.872,0.0,12.139,0,0,0,0,0,0,0,0,0,0,0,0,0,0,0,0,0,0,0,0,0,76.264,0,0,0,0,76.264,06037239310
239320,2022,1,6,2,9,30,59,40,0,0,0,0,1,3,0,0,0,0,0,0,0,0,0,1,0.0,0.0,0.0,0.0,1.529,0.0,0.0,0.0,0.0,0.004,0.0,0.0,0.0,0.0,0.011,0.0,0.0,0.0,0.0,1.517,0,0,0,0,0,0,0,0,0,0,0,0,0,0,0,0,0,0,0,0,0,4.529,0,0,0,0,4.529,06037239320
239330,2022,1,6,2,9,30,59,40,15,0,1,0,1,216,0,0,0,0,0,2,0,46,2,18,2.657,0.0,73.704,2.354,27.518,0.094,0.0,0.872,0.004,0.068,0.304,0.0,3.563,0.013,0.204,2.353,0.0,70.141,2.341,27.315,0,0,0,0,0,0,0,0,0,0,0,0,0,0,0,0,0,0,0,0,0,322.23,0,0,0,0,322.23,06037239330
239501,2022,1,6,2,9,30,59,40,0,0,0,0,1,6,0,0,0,0,0,6,2,5,4,3,7.97,2.403,8.011,4.708,4.586,0.281,0.037,0.095,0.008,0.011,0.911,0.114,0.387,0.026,0.034,7.058,2.289,7.624,4.682,4.552,0,0,0,0,0,0,0,0,0,0,0,0,0,0,0,0,0,0,0,0,0,33.678,0,0,0,0,33.678,06037239501
239502,2022,1,6,2,9,30,59,40,0,1,0,1,1,0,0,0,0,0,0,0,1,2,0,0,0.0,1.201,3.205,0.0,0.0,0.0,0.018,0.038,0.0,0.0,0.0,0.057,0.155,0.0,0.0,0.0,1.144,3.05,0.0,0.0,20,0,0,3,0,0,0,12,0,0,0,0,0,0,0,0,0,0,0,0,0,4.406,23,12,0,35,39.406,06037239502
239601,2022,1,6,2,9,30,59,40,0,0,0,1,1,1,0,0,0,0,0,3,2,8,0,4,3.985,2.403,12.818,0.0,6.115,0.14,0.037,0.152,0.0,0.015,0.456,0.114,0.62,0.0,0.045,3.529,2.289,12.198,0.0,6.07,12,0,0,0,0,0,0,0,0,0,0,0,0,0,0,0,0,0,0,0,0,26.321,12,0,0,12,38.321,06037239601
239602,2022,1,6,2,9,30,59,40,0,0,0,0,1,5,0,0,0,0,0,1,0,2,1,4,1.328,0.0,3.205,1.177,6.115,0.047,0.0,0.038,0.002,0.015,0.152,0.0,0.155,0.007,0.045,1.176,0.0,3.05,1.17,6.07,0,0,0,0,0,0,0,0,0,0,0,0,0,0,0,0,0,0,0,0,0,16.825,0,0,0,0,16.825,06037239602
239701,2022,1,6,2,9,30,59,43,3,17,1,1,2,3,0,0,0,0,0,3,0,13,0,3,3.985,0.0,20.83,0.0,4.587,0.14,0.0,0.246,0.0,0.012,0.456,0.0,1.007,0.0,0.034,3.529,0.0,19.823,0.0,4.552,3,5,14,0,0,0,0,0,0,0,0,0,0,0,0,0,0,0,0,0,0,32.4,17,0,0,17,49.4,06037239701
239702,2022,1,6,2,9,30,59,43,35,29,2,1,2,103,0,0,0,0,0,7,3,28,26,18,9.298,3.604,44.863,30.601,27.519,0.328,0.055,0.53,0.05,0.068,1.063,0.171,2.168,0.171,0.20400000000000001,8.235,3.433,42.69499999999999,30.43,27.314,14,8,23,2,0,0,0,0,0,0,0,0,0,0,0,0,0,0,0,0,0,218.884,39,0,0,39,257.884,06037239702
239801,2022,1,6,2,9,30,59,40,0,7,0,1,1,45,0,0,0,0,0,4,0,3,8,8,5.313,0.0,4.807,9.416,12.23,0.187,0.0,0.057,0.015,0.03,0.608,0.0,0.232,0.053,0.091,4.705,0.0,4.574,9.363,12.14,16,0,0,2,0,0,0,3,0,0,0,0,0,0,0,0,0,0,0,0,0,76.766,18,3,0,21,97.766,06037239801
239802,2022,1,6,2,9,30,59,43,0,43,0,1,2,1,0,0,0,0,0,16,2,4,1,4,21.252,2.403,6.409000000000001,1.177,6.116,0.7490000000000001,0.037,0.076,0.002,0.016,2.431,0.114,0.309,0.007,0.046,18.820999999999998,2.289,6.099,1.17,6.07,0,0,0,0,0,0,0,0,0,0,8,0,0,1,0,0,0,0,0,0,0,38.356,0,9,0,9,47.355999999999995,06037239802
240010,2022,1,6,2,9,30,59,43,0,0,0,0,0,0,0,0,0,0,0,0,0,0,0,0,0.0,0.0,0.0,0.0,0.0,0.0,0.0,0.0,0.0,0.0,0.0,0.0,0.0,0.0,0.0,0.0,0.0,0.0,0.0,0.0,0,0,0,0,0,0,0,0,0,0,0,0,0,0,0,0,0,0,0,0,0,0.0,0,0,0,0,0.0,06037240010
240020,2022,1,6,2,9,30,59,43,0,24,0,1,1,0,0,0,0,0,0,0,1,2,2,0,0.0,1.201,3.205,2.354,0.0,0.0,0.018,0.038,0.004,0.0,0.0,0.057,0.155,0.013,0.0,0.0,1.144,3.05,2.341,0.0,21,2,7,0,0,0,0,98,0,0,8,0,0,0,0,0,0,0,0,0,0,6.76,28,106,0,134,140.76,06037240020
240200,2022,1,6,2,8,30,59,43,0,157,0,1,1,9,0,0,0,0,0,5,1,2,7,21,6.641,1.201,3.205,8.239,32.105,0.234,0.018,0.038,0.013,0.079,0.759,0.057,0.155,0.046,0.238,5.882,1.144,3.05,8.193,31.867,81,0,0,3,0,0,0,0,0,0,0,0,0,0,0,0,0,0,0,0,0,60.391,84,0,0,84,144.39,06037240200
240300,2022,1,6,2,8,30,64,43,0,28,0,1,1,0,0,0,0,0,0,0,6,0,0,0,0.0,7.208,0.0,0.0,0.0,0.0,0.11,0.0,0.0,0.0,0.0,0.342,0.0,0.0,0.0,0.0,6.867,0.0,0.0,0.0,13,4,12,3,1,2,0,0,0,0,0,0,0,0,0,0,0,0,0,0,0,7.208,30,0,0,30,37.208,06037240300
240401,2022,1,6,2,8,30,64,43,0,0,0,1,1,6,0,0,0,0,0,0,7,0,0,0,0.0,8.41,0.0,0.0,0.0,0.0,0.128,0.0,0.0,0.0,0.0,0.398,0.0,0.0,0.0,0.0,8.011,0.0,0.0,0.0,9,1,5,1,0,0,0,0,0,0,0,0,0,0,0,0,0,0,0,0,0,14.41,15,0,0,15,29.41,06037240401
240402,2022,1,6,2,8,30,64,43,0,0,0,0,2,15,0,0,0,0,0,0,0,0,0,1,0.0,0.0,0.0,0.0,1.529,0.0,0.0,0.0,0.0,0.004,0.0,0.0,0.0,0.0,0.011,0.0,0.0,0.0,0.0,1.517,0,0,0,0,0,0,0,0,0,0,0,0,0,0,0,0,0,0,0,0,0,16.529,0,0,0,0,16.529,06037240402
240500,2022,1,6,2,8,30,64,43,0,16,0,1,1,17,0,0,0,0,0,3,1,4,2,0,3.985,1.201,6.409,2.354,0.0,0.14,0.018,0.076,0.004,0.0,0.456,0.057,0.31,0.013,0.0,3.529,1.144,6.099,2.341,0.0,47,0,0,5,0,0,0,0,0,0,0,0,0,0,0,0,0,0,0,0,0,30.949,52,0,0,52,82.949,06037240500
240600,2022,1,6,2,8,30,64,43,0,68,0,0,0,0,0,0,0,0,0,0,0,0,0,0,0.0,0.0,0.0,0.0,0.0,0.0,0.0,0.0,0.0,0.0,0.0,0.0,0.0,0.0,0.0,0.0,0.0,0.0,0.0,0.0,0,0,0,0,0,0,0,0,0,0,0,0,0,0,0,0,0,0,0,0,0,0.0,0,0,0,0,0.0,06037240600
240700,2022,1,6,2,8,30,64,43,0,0,0,0,1,0,0,0,0,0,0,3,1,7,0,0,3.985,1.201,11.216,0.0,0.0,0.14,0.018,0.133,0.0,0.0,0.456,0.057,0.542,0.0,0.0,3.529,1.144,10.674,0.0,0.0,0,0,0,0,0,0,0,0,0,0,0,0,0,0,0,0,0,0,0,0,0,16.402,0,0,0,0,16.402,06037240700
240800,2022,1,6,2,8,30,64,43,0,0,0,1,1,5,0,0,0,0,0,1,1,9,0,0,1.328,1.201,14.42,0.0,0.0,0.047,0.018,0.171,0.0,0.0,0.152,0.057,0.697,0.0,0.0,1.176,1.144,13.723,0.0,0.0,3,21,59,0,6,16,0,0,0,0,0,0,0,0,0,0,0,0,0,0,0,21.95,78,0,0,78,99.95,06037240800
240900,2022,1,6,2,8,30,64,43,0,0,0,0,2,21,0,0,0,0,0,2,2,3,2,3,2.657,2.402,4.807,2.354,4.587,0.094,0.036,0.056999999999999995,0.004,0.012,0.304,0.114,0.23199999999999998,0.014,0.034,2.353,2.288,4.574999999999999,2.34,4.552,0,0,0,0,0,0,0,0,0,0,0,0,0,0,0,0,0,0,0,0,0,37.806,0,0,0,0,37.806,06037240900
241001,2022,1,6,2,15,30,64,43,0,0,0,0,1,12,0,0,0,0,0,0,0,0,0,0,0.0,0.0,0.0,0.0,0.0,0.0,0.0,0.0,0.0,0.0,0.0,0.0,0.0,0.0,0.0,0.0,0.0,0.0,0.0,0.0,0,0,0,0,0,0,0,0,0,0,0,0,0,0,0,0,0,0,0,0,0,12.0,0,0,0,0,12.0,06037241001
241002,2022,1,6,2,15,30,64,44,0,4,0,1,2,59,0,0,0,0,0,40,25,113,13,20,53.131,30.034,181.053,15.301,30.576,1.8719999999999999,0.458,2.141,0.025,0.075,6.0760000000000005,1.423,8.753,0.085,0.227,47.05499999999999,28.610999999999997,172.298,15.215,30.349,17,0,0,0,0,0,0,0,0,0,0,0,0,0,0,0,0,0,0,0,0,369.093,17,0,0,17,386.093,06037241002
241110,2022,1,6,2,8,30,64,43,0,6,0,1,2,6,0,0,0,0,0,0,2,1,2,0,0.0,2.403,1.602,2.354,0.0,0.0,0.037,0.019,0.004,0.0,0.0,0.114,0.077,0.013,0.0,0.0,2.289,1.525,2.341,0.0,42,0,0,2,0,0,0,0,0,0,0,0,0,0,0,0,0,0,0,0,0,12.359,44,0,0,44,56.359,06037241110
241120,2022,1,6,2,8,30,64,43,11,0,2,1,1,9,0,0,0,0,0,3,4,6,2,3,3.985,4.806,9.614,2.354,4.586,0.14,0.073,0.114,0.004,0.011,0.456,0.228,0.465,0.013,0.034,3.529,4.578,9.149,2.341,4.552,0,0,0,0,0,0,0,8,3,6,0,0,0,0,0,0,0,0,0,0,0,34.344,0,14,0,14,48.344,06037241120
241201,2022,1,6,2,8,30,64,43,0,34,0,1,2,9,0,0,0,0,0,4,1,7,5,1,5.313,1.201,11.216,5.885,1.529,0.187,0.018,0.133,0.01,0.004,0.608,0.057,0.542,0.033,0.011,4.705,1.144,10.674,5.852,1.517,0,0,0,0,0,0,0,61,0,0,3,0,0,0,0,0,0,0,0,0,0,34.144,0,64,0,64,98.144,06037241201
241202,2022,1,6,2,8,30,64,43,0,25,0,1,2,12,0,0,0,0,0,1,0,6,1,1,1.328,0.0,9.614,1.177,1.529,0.047,0.0,0.11399999999999999,0.002,0.004,0.152,0.0,0.46499999999999997,0.007,0.011,1.176,0.0,9.149000000000001,1.17,1.517,14,0,0,1,0,0,0,0,0,0,0,0,0,0,0,0,0,0,0,0,0,25.647999999999996,15,0,0,15,40.647999999999996,06037241202
241300,2022,1,6,2,15,30,64,43,0,0,0,0,1,12,0,0,0,0,0,0,0,0,0,0,0.0,0.0,0.0,0.0,0.0,0.0,0.0,0.0,0.0,0.0,0.0,0.0,0.0,0.0,0.0,0.0,0.0,0.0,0.0,0.0,0,0,0,0,0,0,0,0,0,0,0,0,0,0,0,0,0,0,0,0,0,12.0,0,0,0,0,12.0,06037241300
241400,2022,1,6,2,15,30,64,44,0,0,0,0,1,7,0,0,0,0,0,0,0,5,0,0,0.0,0.0,8.011,0.0,0.0,0.0,0.0,0.095,0.0,0.0,0.0,0.0,0.387,0.0,0.0,0.0,0.0,7.624,0.0,0.0,0,0,0,0,0,0,0,0,0,0,0,0,0,0,0,0,0,0,0,0,0,15.011,0,0,0,0,15.011,06037241400
242000,2022,1,6,2,15,35,64,44,4,0,1,0,1,0,0,0,10,0,0,0,0,0,0,0,0.0,0.0,0.0,0.0,0.0,0.0,0.0,0.0,0.0,0.0,0.0,0.0,0.0,0.0,0.0,0.0,0.0,0.0,0.0,0.0,0,0,0,0,0,0,0,0,0,0,0,0,0,0,0,0,0,0,0,0,0,10.0,0,0,0,0,10.0,06037242000
242100,2022,1,6,2,15,35,64,44,0,0,0,0,1,1,0,0,0,0,0,2,3,7,0,0,2.657,3.604,11.216,0.0,0.0,0.094,0.055,0.133,0.0,0.0,0.304,0.171,0.542,0.0,0.0,2.353,3.433,10.674,0.0,0.0,0,0,0,0,0,0,0,0,0,0,0,0,0,0,0,0,0,0,0,0,0,18.477,0,0,0,0,18.477,06037242100
242200,2022,1,6,2,15,35,64,44,9,0,1,1,1,6,0,0,0,0,0,0,3,11,1,3,0.0,3.604,17.625,1.177,4.586,0.0,0.055,0.208,0.002,0.011,0.0,0.171,0.852,0.007,0.034,0.0,3.433,16.773,1.17,4.552,25,0,0,0,0,0,0,0,0,0,0,0,0,0,0,0,0,0,0,0,0,32.992,25,0,0,25,57.992,06037242200
242300,2022,1,6,2,15,35,64,44,0,0,0,0,1,1,1,3,0,0,0,3,3,17,0,2,3.985,3.604,27.238,0.0,3.058,0.14,0.055,0.322,0.0,0.008,0.456,0.171,1.317,0.0,0.023,3.529,3.433,25.922,0.0,3.035,0,0,0,0,0,0,0,0,0,0,0,0,0,0,0,0,0,0,0,0,0,41.885,0,0,0,0,41.885,06037242300
242600,2022,1,6,2,15,35,64,44,0,0,0,0,2,2,0,0,0,0,0,0,0,0,1,0,0.0,0.0,0.0,1.177,0.0,0.0,0.0,0.0,0.002,0.0,0.0,0.0,0.0,0.007,0.0,0.0,0.0,0.0,1.17,0.0,0,0,0,0,0,0,0,0,0,0,0,0,0,0,0,0,0,0,0,0,0,3.177,0,0,0,0,3.177,06037242600
242700,2022,1,6,2,15,35,64,44,10,0,1,0,1,7,0,0,0,0,0,10,2,12,0,5,13.283,2.403,19.227,0.0,7.644,0.468,0.037,0.227,0.0,0.019,1.519,0.114,0.929,0.0,0.057,11.764,2.289,18.298,0.0,7.587,0,0,0,0,0,0,0,0,0,0,0,0,0,0,0,0,0,0,0,0,0,49.556,0,0,0,0,49.556,06037242700
243000,2022,1,6,2,15,35,64,44,0,0,0,0,1,1,0,0,0,0,0,1,0,2,1,0,1.328,0.0,3.205,1.177,0.0,0.047,0.0,0.038,0.002,0.0,0.152,0.0,0.155,0.007,0.0,1.176,0.0,3.05,1.17,0.0,0,0,0,0,0,0,0,0,0,0,0,0,0,0,0,0,0,0,0,0,0,6.71,0,0,0,0,6.71,06037243000
243100,2022,1,6,2,15,35,64,44,0,82,0,0,0,0,0,0,0,0,0,0,0,0,0,0,0.0,0.0,0.0,0.0,0.0,0.0,0.0,0.0,0.0,0.0,0.0,0.0,0.0,0.0,0.0,0.0,0.0,0.0,0.0,0.0,0,0,0,0,0,0,0,0,0,0,0,0,0,0,0,0,0,0,0,0,0,0.0,0,0,0,0,0.0,06037243100
261101,2022,1,5,3,4,26,50,33,1,0,1,0,0,0,0,0,0,0,0,0,0,0,0,0,0.0,0.0,0.0,0.0,0.0,0.0,0.0,0.0,0.0,0.0,0.0,0.0,0.0,0.0,0.0,0.0,0.0,0.0,0.0,0.0,0,0,0,0,0,0,0,0,0,0,0,0,0,0,0,0,0,0,0,0,0,0.0,0,0,0,0,0.0,06037261101
261102,2022,1,5,3,4,26,50,33,0,0,0,0,0,0,0,0,0,0,0,0,0,0,0,0,0.0,0.0,0.0,0.0,0.0,0.0,0.0,0.0,0.0,0.0,0.0,0.0,0.0,0.0,0.0,0.0,0.0,0.0,0.0,0.0,0,0,0,0,0,0,0,0,0,0,0,0,0,0,0,0,0,0,0,0,0,0.0,0,0,0,0,0.0,06037261102
261200,2022,1,5,3,5,26,50,33,0,0,0,0,0,0,0,0,0,0,0,0,0,0,0,0,0.0,0.0,0.0,0.0,0.0,0.0,0.0,0.0,0.0,0.0,0.0,0.0,0.0,0.0,0.0,0.0,0.0,0.0,0.0,0.0,0,0,0,0,0,0,0,0,0,0,0,0,0,0,0,0,0,0,0,0,0,0.0,0,0,0,0,0.0,06037261200
262100,2022,1,5,3,5,26,50,33,0,0,0,0,0,0,0,0,0,0,0,0,0,0,0,0,0.0,0.0,0.0,0.0,0.0,0.0,0.0,0.0,0.0,0.0,0.0,0.0,0.0,0.0,0.0,0.0,0.0,0.0,0.0,0.0,0,0,0,0,0,0,0,0,0,0,0,0,0,0,0,0,0,0,0,0,0,0.0,0,0,0,0,0.0,06037262100
262200,2022,1,5,3,5,26,50,33,2,0,2,0,0,0,0,0,0,0,0,0,0,0,0,0,0.0,0.0,0.0,0.0,0.0,0.0,0.0,0.0,0.0,0.0,0.0,0.0,0.0,0.0,0.0,0.0,0.0,0.0,0.0,0.0,0,0,0,0,0,0,0,0,0,0,0,0,0,0,0,0,0,0,0,0,0,0.0,0,0,0,0,0.0,06037262200
262301,2022,1,5,3,11,26,50,33,0,0,0,0,1,0,0,0,0,0,0,5,0,0,0,0,7.364,0.0,0.0,0.0,0.0,0.234,0.0,0.0,0.0,0.0,0.759,0.0,0.0,0.0,0.0,6.604,0.0,0.0,0.0,0.0,0,0,0,0,0,0,0,0,0,0,0,0,0,0,0,0,0,0,0,0,0,7.364,0,0,0,0,7.364,06037262301
262302,2022,1,5,3,11,26,50,33,0,0,0,0,1,2,0,0,0,0,0,0,0,0,0,3,0.0,0.0,0.0,0.0,4.713,0.0,0.0,0.0,0.0,0.011,0.0,0.0,0.0,0.0,0.034,0.0,0.0,0.0,0.0,4.679,0,0,0,0,0,0,0,0,0,0,0,0,0,0,0,0,0,0,0,0,0,6.713,0,0,0,0,6.713,06037262302
262303,2022,1,5,3,11,26,50,33,0,0,0,0,0,0,0,0,0,0,0,0,0,0,0,0,0.0,0.0,0.0,0.0,0.0,0.0,0.0,0.0,0.0,0.0,0.0,0.0,0.0,0.0,0.0,0.0,0.0,0.0,0.0,0.0,0,0,0,0,0,0,0,0,0,0,0,0,0,0,0,0,0,0,0,0,0,0.0,0,0,0,0,0.0,06037262303
262400,2022,1,5,3,11,26,50,33,0,0,0,0,0,0,0,0,0,0,0,0,0,0,0,0,0.0,0.0,0.0,0.0,0.0,0.0,0.0,0.0,0.0,0.0,0.0,0.0,0.0,0.0,0.0,0.0,0.0,0.0,0.0,0.0,0,0,0,0,0,0,0,0,0,0,0,0,0,0,0,0,0,0,0,0,0,0.0,0,0,0,0,0.0,06037262400
262501,2022,1,5,3,11,26,50,33,0,0,0,0,2,1,0,0,0,0,0,2,0,0,0,0,2.945,0.0,0.0,0.0,0.0,0.094,0.0,0.0,0.0,0.0,0.304,0.0,0.0,0.0,0.0,2.642,0.0,0.0,0.0,0.0,0,0,0,0,0,0,0,0,0,0,0,0,0,0,0,0,0,0,0,0,0,3.945,0,0,0,0,3.945,06037262501
262601,2022,1,5,3,11,26,50,33,0,0,0,0,0,0,0,0,0,0,0,0,0,0,0,0,0.0,0.0,0.0,0.0,0.0,0.0,0.0,0.0,0.0,0.0,0.0,0.0,0.0,0.0,0.0,0.0,0.0,0.0,0.0,0.0,0,0,0,0,0,0,0,0,0,0,0,0,0,0,0,0,0,0,0,0,0,0.0,0,0,0,0,0.0,06037262601
262604,2022,1,5,3,11,26,50,33,0,0,0,0,2,2,0,0,0,0,0,8,6,1,1,0,11.781,8.756,1.731,1.418,0.0,0.375,0.11,0.019,0.002,0.0,1.215,0.34199999999999997,0.077,0.007,0.0,10.567,8.416,1.653,1.412,0.0,0,0,0,0,0,0,0,0,0,0,0,0,0,0,0,0,0,0,0,0,0,25.688000000000002,0,0,0,0,25.688000000000002,06037262604
262704,2022,1,5,3,11,26,50,33,4,0,1,0,1,6,0,0,0,0,0,11,5,4,1,4,16.2,7.297,6.924,1.418,6.284,0.515,0.092,0.076,0.002,0.015,1.671,0.285,0.31,0.007,0.045,14.529,7.013,6.614,1.412,6.239,0,0,0,0,0,0,0,0,0,0,0,0,0,0,0,0,0,0,0,0,0,44.123,0,0,0,0,44.123,06037262704
262706,2022,1,5,3,11,26,50,33,0,0,0,0,0,0,0,0,0,0,0,0,0,0,0,0,0.0,0.0,0.0,0.0,0.0,0.0,0.0,0.0,0.0,0.0,0.0,0.0,0.0,0.0,0.0,0.0,0.0,0.0,0.0,0.0,0,0,0,0,0,0,0,0,0,0,0,0,0,0,0,0,0,0,0,0,0,0.0,0,0,0,0,0.0,06037262706
262802,2022,1,5,3,11,26,50,33,0,0,0,0,2,3,0,0,0,0,0,0,0,0,0,1,0.0,0.0,0.0,0.0,1.571,0.0,0.0,0.0,0.0,0.004,0.0,0.0,0.0,0.0,0.011,0.0,0.0,0.0,0.0,1.56,0,0,0,0,0,0,0,0,0,0,0,0,0,0,0,0,0,0,0,0,0,4.571,0,0,0,0,4.571,06037262802
264000,2022,1,5,3,11,26,50,33,0,0,0,0,0,0,0,0,0,0,0,0,0,0,0,0,0.0,0.0,0.0,0.0,0.0,0.0,0.0,0.0,0.0,0.0,0.0,0.0,0.0,0.0,0.0,0.0,0.0,0.0,0.0,0.0,0,0,0,0,0,0,0,0,0,0,0,0,0,0,0,0,0,0,0,0,0,0.0,0,0,0,0,0.0,06037264000
264102,2022,1,5,3,11,26,50,33,0,0,0,0,0,0,0,0,0,0,0,0,0,0,0,0,0.0,0.0,0.0,0.0,0.0,0.0,0.0,0.0,0.0,0.0,0.0,0.0,0.0,0.0,0.0,0.0,0.0,0.0,0.0,0.0,0,0,0,0,0,0,0,0,0,0,0,0,0,0,0,0,0,0,0,0,0,0.0,0,0,0,0,0.0,06037264102
264103,2022,1,5,3,11,26,50,33,0,0,0,0,0,0,0,0,0,0,0,0,0,0,0,0,0.0,0.0,0.0,0.0,0.0,0.0,0.0,0.0,0.0,0.0,0.0,0.0,0.0,0.0,0.0,0.0,0.0,0.0,0.0,0.0,0,0,0,0,0,0,0,0,0,0,0,0,0,0,0,0,0,0,0,0,0,0.0,0,0,0,0,0.0,06037264103
264301,2022,1,5,3,11,26,50,33,0,0,0,0,1,3,0,0,0,0,0,0,0,0,1,1,0.0,0.0,0.0,1.418,1.571,0.0,0.0,0.0,0.002,0.004,0.0,0.0,0.0,0.007,0.011,0.0,0.0,0.0,1.412,1.56,0,0,0,0,0,0,0,0,0,0,0,0,0,0,0,0,0,0,0,0,0,5.989,0,0,0,0,5.989,06037264301
264302,2022,1,5,3,11,26,50,33,0,0,0,0,1,4,0,0,0,0,0,0,0,0,2,2,0.0,0.0,0.0,2.836,3.142,0.0,0.0,0.0,0.004,0.008,0.0,0.0,0.0,0.013,0.023,0.0,0.0,0.0,2.823,3.119,0,0,0,0,0,0,0,0,0,0,0,0,0,0,0,0,0,0,0,0,0,9.978,0,0,0,0,9.978,06037264302
265100,2022,1,5,3,5,26,54,33,0,0,0,0,1,1,0,0,0,0,0,0,1,0,0,0,0.0,1.459,0.0,0.0,0.0,0.0,0.018,0.0,0.0,0.0,0.0,0.057,0.0,0.0,0.0,0.0,1.403,0.0,0.0,0.0,0,0,0,0,0,0,0,0,0,0,0,0,0,0,0,0,0,0,0,0,0,2.459,0,0,0,0,2.459,06037265100
265201,2022,1,5,3,5,26,54,33,0,0,0,0,1,4,0,0,0,0,0,0,0,0,0,0,0.0,0.0,0.0,0.0,0.0,0.0,0.0,0.0,0.0,0.0,0.0,0.0,0.0,0.0,0.0,0.0,0.0,0.0,0.0,0.0,0,0,0,0,0,0,0,0,0,0,0,0,0,0,0,0,0,0,0,0,0,4.0,0,0,0,0,4.0,06037265201
265202,2022,1,5,3,5,26,54,33,0,0,0,0,1,30,0,0,0,0,0,1,3,0,0,1,1.473,4.378,0.0,0.0,1.571,0.047,0.055,0.0,0.0,0.004,0.152,0.171,0.0,0.0,0.011,1.321,4.208,0.0,0.0,1.56,0,0,0,0,0,0,0,0,0,0,0,0,0,0,0,0,0,0,0,0,0,37.422,0,0,0,0,37.422,06037265202
265301,2022,1,5,3,5,26,54,33,0,0,0,0,1,2,0,0,0,0,0,1,0,0,0,0,1.473,0.0,0.0,0.0,0.0,0.047,0.0,0.0,0.0,0.0,0.152,0.0,0.0,0.0,0.0,1.321,0.0,0.0,0.0,0.0,0,0,0,0,0,0,0,0,0,0,0,0,0,0,0,0,0,0,0,0,0,3.473,0,0,0,0,3.473,06037265301
265303,2022,1,5,3,5,26,54,33,0,0,0,0,1,0,0,0,0,0,0,1,4,1,0,0,1.473,5.838,1.731,0.0,0.0,0.047,0.073,0.019,0.0,0.0,0.152,0.228,0.077,0.0,0.0,1.321,5.61,1.653,0.0,0.0,0,0,0,0,0,0,0,0,0,0,0,0,0,0,0,0,0,0,0,0,0,9.042,0,0,0,0,9.042,06037265303
265304,2022,1,5,3,5,26,54,33,0,0,0,0,1,0,0,0,0,0,0,1,0,0,0,0,1.473,0.0,0.0,0.0,0.0,0.047,0.0,0.0,0.0,0.0,0.152,0.0,0.0,0.0,0.0,1.321,0.0,0.0,0.0,0.0,0,0,0,0,0,0,0,0,0,0,0,0,0,0,0,0,0,0,0,0,0,1.473,0,0,0,0,1.473,06037265304
265305,2022,1,5,3,5,26,54,33,0,0,0,0,1,8,0,0,0,0,0,0,0,1,1,0,0.0,0.0,1.731,1.418,0.0,0.0,0.0,0.019,0.002,0.0,0.0,0.0,0.077,0.007,0.0,0.0,0.0,1.653,1.412,0.0,0,0,0,0,0,0,0,0,0,0,0,0,0,0,0,0,0,0,0,0,0,11.149,0,0,0,0,11.149,06037265305
265410,2022,1,5,3,11,26,50,33,0,0,0,0,1,0,0,0,0,0,0,0,0,2,0,0,0.0,0.0,3.462,0.0,0.0,0.0,0.0,0.038,0.0,0.0,0.0,0.0,0.155,0.0,0.0,0.0,0.0,3.307,0.0,0.0,0,0,0,0,0,0,0,0,0,0,0,0,0,0,0,0,0,0,0,0,0,3.462,0,0,0,0,3.462,06037265410
265420,2022,1,5,3,5,26,54,33,0,0,0,0,1,0,0,0,0,0,0,1,1,1,1,0,1.473,1.459,1.731,1.418,0.0,0.047,0.018,0.019,0.002,0.0,0.152,0.057,0.077,0.007,0.0,1.321,1.403,1.653,1.412,0.0,0,0,0,0,0,0,0,0,0,0,0,0,0,0,0,0,0,0,0,0,0,6.081,0,0,0,0,6.081,06037265420
265510,2022,1,5,3,5,26,54,37,2,0,1,0,2,23,0,0,0,0,0,0,0,0,0,5,0.0,0.0,0.0,0.0,7.855,0.0,0.0,0.0,0.0,0.019,0.0,0.0,0.0,0.0,0.057,0.0,0.0,0.0,0.0,7.798,0,0,0,0,0,0,0,0,0,0,0,0,0,0,0,0,0,0,0,0,0,30.855,0,0,0,0,30.855,06037265510
265520,2022,1,5,3,5,26,54,37,24,110,1,0,2,9,0,0,0,0,0,1,2,2,8,4,1.473,2.919,3.462,11.346,6.284,0.047,0.037,0.038,0.015,0.015,0.152,0.114,0.155,0.053,0.045,1.321,2.805,3.307,11.293,6.239000000000001,0,0,0,0,0,0,0,0,0,0,0,0,0,0,0,0,0,0,0,0,0,34.483,0,0,0,0,34.483,06037265520
265601,2022,1,5,3,5,26,54,37,0,0,0,0,1,4,0,0,0,0,0,1,0,0,0,0,1.473,0.0,0.0,0.0,0.0,0.047,0.0,0.0,0.0,0.0,0.152,0.0,0.0,0.0,0.0,1.321,0.0,0.0,0.0,0.0,0,0,0,0,0,0,0,0,0,0,0,0,0,0,0,0,0,0,0,0,0,5.473,0,0,0,0,5.473,06037265601
265602,2022,1,5,3,5,26,54,37,0,0,0,0,0,0,0,0,0,0,0,0,0,0,0,0,0.0,0.0,0.0,0.0,0.0,0.0,0.0,0.0,0.0,0.0,0.0,0.0,0.0,0.0,0.0,0.0,0.0,0.0,0.0,0.0,0,0,0,0,0,0,0,0,0,0,0,0,0,0,0,0,0,0,0,0,0,0.0,0,0,0,0,0.0,06037265602
265700,2022,1,5,3,5,26,54,37,0,0,0,0,1,10,0,0,0,0,0,0,0,0,0,0,0.0,0.0,0.0,0.0,0.0,0.0,0.0,0.0,0.0,0.0,0.0,0.0,0.0,0.0,0.0,0.0,0.0,0.0,0.0,0.0,0,0,0,0,0,0,0,0,0,0,0,0,0,0,0,0,0,0,0,0,0,10.0,0,0,0,0,10.0,06037265700
267100,2022,1,5,3,5,30,54,37,0,0,0,0,1,3,0,0,0,0,0,0,1,2,4,1,0.0,1.459,3.462,5.673,1.571,0.0,0.018,0.038,0.008,0.004,0.0,0.057,0.155,0.026,0.011,0.0,1.403,3.307,5.646,1.56,0,0,0,0,0,0,0,0,0,0,0,0,0,0,0,0,0,0,0,0,0,15.165,0,0,0,0,15.165,06037267100
267200,2022,1,5,3,5,30,54,37,21,0,3,0,3,13,0,0,0,0,0,1,0,4,1,1,1.473,0.0,6.924,1.418,1.571,0.047,0.0,0.076,0.002,0.004,0.152,0.0,0.31,0.007,0.011,1.321,0.0,6.614,1.412,1.56,0,0,0,0,0,0,0,0,0,0,0,0,0,0,0,0,0,0,0,0,0,24.386,0,0,0,0,24.386,06037267200
267300,2022,1,5,3,11,26,54,37,11,0,2,0,2,9,0,0,8,0,0,2,1,2,1,6,2.945,1.459,3.462,1.418,9.426,0.094,0.018,0.038,0.002,0.023,0.304,0.057,0.155,0.007,0.068,2.642,1.403,3.307,1.412,9.358,0,0,0,0,0,0,0,0,0,0,0,0,0,0,0,0,0,0,0,0,0,35.711,0,0,0,0,35.711,06037267300
267402,2022,1,5,3,11,26,50,37,0,0,0,0,2,3,0,0,0,0,0,0,0,0,0,0,0.0,0.0,0.0,0.0,0.0,0.0,0.0,0.0,0.0,0.0,0.0,0.0,0.0,0.0,0.0,0.0,0.0,0.0,0.0,0.0,0,0,0,0,0,0,0,0,0,0,0,0,0,0,0,0,0,0,0,0,0,3.0,0,0,0,0,3.0,06037267402
267403,2022,1,5,3,11,26,50,37,0,0,0,0,2,4,0,0,0,0,0,0,3,2,0,0,0.0,4.378,3.462,0.0,0.0,0.0,0.05499999999999999,0.038,0.0,0.0,0.0,0.171,0.154,0.0,0.0,0.0,4.208,3.306,0.0,0.0,0,0,0,0,0,0,0,0,0,0,0,0,0,0,0,0,0,0,0,0,0,11.84,0,0,0,0,11.84,06037267403
267404,2022,1,5,3,11,26,50,37,0,0,0,0,1,0,0,0,0,0,0,0,2,0,0,0,0.0,2.919,0.0,0.0,0.0,0.0,0.037,0.0,0.0,0.0,0.0,0.114,0.0,0.0,0.0,0.0,2.805,0.0,0.0,0.0,0,0,0,0,0,0,0,0,0,0,0,0,0,0,0,0,0,0,0,0,0,2.919,0,0,0,0,2.919,06037267404
267501,2022,1,5,3,11,26,50,37,0,0,0,0,2,0,0,0,0,0,0,4,1,2,1,0,5.891,1.459,3.462,1.418,0.0,0.187,0.018,0.038,0.002,0.0,0.608,0.057,0.154,0.007,0.0,5.284,1.403,3.306,1.412,0.0,0,0,0,0,0,0,0,0,0,0,0,0,0,0,0,0,0,0,0,0,0,12.231,0,0,0,0,12.231,06037267501
267502,2022,1,5,3,11,26,50,37,0,0,0,0,2,0,0,0,0,0,0,0,1,0,1,1,0.0,1.459,0.0,1.418,1.571,0.0,0.018,0.0,0.002,0.004,0.0,0.057,0.0,0.007,0.011,0.0,1.403,0.0,1.412,1.56,0,0,0,0,0,0,0,0,0,0,0,0,0,0,0,0,0,0,0,0,0,4.448,0,0,0,0,4.448,06037267502
267600,2022,1,5,3,11,26,50,33,12,0,1,0,1,2,0,0,0,0,0,0,0,1,4,9,0.0,0.0,1.731,5.673,14.139,0.0,0.0,0.019,0.008,0.034,0.0,0.0,0.077,0.026,0.102,0.0,0.0,1.653,5.646,14.037,0,0,0,0,0,0,0,0,0,0,0,0,0,0,0,0,0,0,0,0,0,23.542,0,0,0,0,23.542,06037267600
267700,2022,1,5,2,11,26,54,37,14,0,1,0,1,12,0,0,0,0,0,1,2,7,10,2,1.473,2.919,12.116,14.182,3.142,0.047,0.037,0.133,0.019,0.008,0.152,0.114,0.542,0.066,0.023,1.321,2.805,11.574,14.116,3.119,0,0,0,0,0,0,0,0,0,0,0,0,0,0,0,0,0,0,0,0,0,45.832,0,0,0,0,45.832,06037267700
267800,2022,1,5,3,5,30,54,37,14,31,2,1,2,13,0,0,0,0,0,1,0,2,7,2,1.473,0.0,3.462,9.927,3.142,0.047,0.0,0.038,0.013,0.008,0.152,0.0,0.155,0.046,0.022,1.321,0.0,3.307,9.881,3.12,0,0,0,0,0,0,0,26,0,0,2,0,0,0,0,0,0,0,0,0,0,31.004,0,28,0,28,59.004000000000005,06037267800
267901,2022,1,5,3,5,30,54,37,0,0,0,0,1,3,0,0,0,0,0,0,0,0,0,0,0.0,0.0,0.0,0.0,0.0,0.0,0.0,0.0,0.0,0.0,0.0,0.0,0.0,0.0,0.0,0.0,0.0,0.0,0.0,0.0,0,0,0,0,0,0,0,0,0,0,0,0,0,0,0,0,0,0,0,0,0,3.0,0,0,0,0,3.0,06037267901
267902,2022,1,5,3,5,30,54,37,0,0,0,0,1,1,0,0,0,0,0,0,1,0,0,0,0.0,1.459,0.0,0.0,0.0,0.0,0.018,0.0,0.0,0.0,0.0,0.057,0.0,0.0,0.0,0.0,1.403,0.0,0.0,0.0,0,0,0,0,0,0,0,0,0,0,0,0,0,0,0,0,0,0,0,0,0,2.459,0,0,0,0,2.459,06037267902
269000,2022,1,5,2,5,30,54,37,0,0,0,0,2,2,0,0,0,0,0,2,0,0,1,0,2.945,0.0,0.0,1.418,0.0,0.094,0.0,0.0,0.002,0.0,0.304,0.0,0.0,0.007,0.0,2.642,0.0,0.0,1.412,0.0,0,0,0,0,0,0,0,0,0,0,0,0,0,0,0,0,0,0,0,0,0,6.3629999999999995,0,0,0,0,6.3629999999999995,06037269000
269100,2022,1,5,2,5,30,50,37,0,0,0,0,0,0,0,0,0,0,0,0,0,0,0,0,0.0,0.0,0.0,0.0,0.0,0.0,0.0,0.0,0.0,0.0,0.0,0.0,0.0,0.0,0.0,0.0,0.0,0.0,0.0,0.0,0,0,0,0,0,0,0,0,0,0,0,0,0,0,0,0,0,0,0,0,0,0.0,0,0,0,0,0.0,06037269100
269300,2022,1,5,2,5,30,54,37,0,0,0,0,2,12,0,0,0,0,0,2,1,0,0,0,2.945,1.459,0.0,0.0,0.0,0.094,0.018,0.0,0.0,0.0,0.304,0.057,0.0,0.0,0.0,2.642,1.403,0.0,0.0,0.0,0,0,0,0,0,0,0,0,0,0,0,0,0,0,0,0,0,0,0,0,0,16.405,0,0,0,0,16.405,06037269300
269500,2022,1,5,2,5,30,54,37,0,0,0,0,0,0,0,0,0,0,0,0,0,0,0,0,0.0,0.0,0.0,0.0,0.0,0.0,0.0,0.0,0.0,0.0,0.0,0.0,0.0,0.0,0.0,0.0,0.0,0.0,0.0,0.0,0,0,0,0,0,0,0,0,0,0,0,0,0,0,0,0,0,0,0,0,0,0.0,0,0,0,0,0.0,06037269500
269601,2022,1,5,2,10,30,54,37,0,0,0,0,2,5,0,0,0,0,0,1,0,2,0,0,1.473,0.0,3.462,0.0,0.0,0.047,0.0,0.038,0.0,0.0,0.152,0.0,0.154,0.0,0.0,1.321,0.0,3.306,0.0,0.0,0,0,0,0,0,0,0,0,0,0,0,0,0,0,0,0,0,0,0,0,0,9.934999999999999,0,0,0,0,9.934999999999999,06037269601
269602,2022,1,5,2,10,30,54,37,0,0,0,0,0,0,0,0,0,0,0,0,0,0,0,0,0.0,0.0,0.0,0.0,0.0,0.0,0.0,0.0,0.0,0.0,0.0,0.0,0.0,0.0,0.0,0.0,0.0,0.0,0.0,0.0,0,0,0,0,0,0,0,0,0,0,0,0,0,0,0,0,0,0,0,0,0,0.0,0,0,0,0,0.0,06037269602
269700,2022,1,5,2,10,30,54,37,4,0,1,0,1,3,0,0,0,0,0,0,3,2,3,0,0.0,4.378,3.462,4.255,0.0,0.0,0.055,0.038,0.006,0.0,0.0,0.171,0.155,0.02,0.0,0.0,4.208,3.307,4.235,0.0,0,0,0,0,0,0,0,0,0,0,0,0,0,0,0,0,0,0,0,0,0,15.095,0,0,0,0,15.095,06037269700
269800,2022,1,5,2,5,30,54,37,1,0,1,0,1,1,0,0,0,0,0,1,0,0,3,1,1.473,0.0,0.0,4.255,1.571,0.047,0.0,0.0,0.006,0.004,0.152,0.0,0.0,0.02,0.011,1.321,0.0,0.0,4.235,1.56,0,0,0,0,0,0,0,0,0,0,0,0,0,0,0,0,0,0,0,0,0,8.298,0,0,0,0,8.298,06037269800
269903,2022,1,5,2,5,30,54,37,0,0,0,0,1,1,0,0,0,0,0,0,0,0,0,0,0.0,0.0,0.0,0.0,0.0,0.0,0.0,0.0,0.0,0.0,0.0,0.0,0.0,0.0,0.0,0.0,0.0,0.0,0.0,0.0,0,0,0,0,0,0,0,0,0,0,0,0,0,0,0,0,0,0,0,0,0,1.0,0,0,0,0,1.0,06037269903
269904,2022,1,5,2,5,30,54,37,0,0,0,0,2,8,0,0,0,0,0,4,0,2,0,1,5.891,0.0,3.462,0.0,1.571,0.187,0.0,0.038,0.0,0.004,0.608,0.0,0.155,0.0,0.011,5.283,0.0,3.307,0.0,1.56,0,0,0,0,0,0,0,0,0,0,0,0,0,0,0,0,0,0,0,0,0,18.924,0,0,0,0,18.924,06037269904
269905,2022,1,5,2,5,30,54,37,0,0,0,0,2,2,1,2,0,0,0,2,2,7,5,2,2.945,2.919,12.116999999999999,7.091,3.142,0.094,0.037,0.133,0.01,0.008,0.304,0.114,0.542,0.033,0.023,2.642,2.805,11.574,7.058,3.119,0,0,0,0,0,0,0,0,0,0,0,0,0,0,0,0,0,0,0,0,0,32.214,0,0,0,0,32.214,06037269905
269906,2022,1,5,2,5,30,54,37,0,0,0,0,1,0,0,0,0,0,0,1,1,0,0,0,1.473,1.459,0.0,0.0,0.0,0.047,0.018,0.0,0.0,0.0,0.152,0.057,0.0,0.0,0.0,1.321,1.403,0.0,0.0,0.0,0,0,0,0,0,0,0,0,0,0,0,0,0,0,0,0,0,0,0,0,0,2.932,0,0,0,0,2.932,06037269906
269907,2022,1,5,2,5,30,54,37,0,0,0,0,1,2,0,0,0,0,0,1,0,0,1,1,1.473,0.0,0.0,1.418,1.571,0.047,0.0,0.0,0.002,0.004,0.152,0.0,0.0,0.007,0.011,1.321,0.0,0.0,1.412,1.56,0,0,0,0,0,0,0,0,0,0,0,0,0,0,0,0,0,0,0,0,0,6.462,0,0,0,0,6.462,06037269907
270100,2022,1,5,2,5,30,54,37,9,0,2,0,2,20,0,0,16,0,0,3,1,2,14,1,4.418,1.459,3.462,19.855,1.571,0.14,0.018,0.038,0.027000000000000003,0.004,0.456,0.057,0.155,0.09200000000000001,0.011,3.963,1.403,3.307,19.762999999999998,1.56,0,0,0,0,0,0,0,0,0,0,0,0,0,0,0,0,0,0,0,0,0,66.766,0,0,0,0,66.766,06037270100
270200,2022,1,5,2,10,30,54,37,34,0,3,0,3,10,0,0,0,0,0,1,6,6,15,11,1.473,8.757,10.386,21.273,17.281,0.047,0.11,0.114,0.028999999999999998,0.042,0.152,0.342,0.465,0.099,0.125,1.321,8.415,9.921,21.174,17.156,0,0,0,0,0,0,0,0,0,0,0,0,0,0,0,0,0,0,0,0,0,69.169,0,0,0,0,69.169,06037270200
270300,2022,1,4,2,10,30,54,37,0,0,0,0,2,20,0,0,0,0,0,0,3,3,14,15,0.0,4.477,5.579,19.329,24.096,0.0,0.05499999999999999,0.056999999999999995,0.027,0.057,0.0,0.171,0.23199999999999998,0.092,0.16999999999999998,0.0,4.306,5.346,19.238,23.926000000000002,0,0,0,0,0,0,0,0,0,0,0,0,0,0,0,0,0,0,0,0,0,73.481,0,0,0,0,73.481,06037270300
271100,2022,1,5,2,5,30,54,37,6,0,1,0,1,1,0,0,0,0,0,0,0,1,21,1,0.0,0.0,1.731,29.782,1.571,0.0,0.0,0.019,0.04,0.004,0.0,0.0,0.077,0.138,0.011,0.0,0.0,1.653,29.644,1.56,0,0,0,0,0,0,0,0,0,0,0,0,0,0,0,0,0,0,0,0,0,34.084,0,0,0,0,34.084,06037271100
271200,2022,1,5,2,11,30,54,37,16,0,1,0,1,5,0,0,0,0,0,0,0,2,22,4,0.0,0.0,3.462,31.2,6.284,0.0,0.0,0.038,0.042,0.015,0.0,0.0,0.155,0.145,0.045,0.0,0.0,3.307,31.056,6.239,0,0,0,0,0,0,0,0,0,0,0,0,0,0,0,0,0,0,0,0,0,45.946,0,0,0,0,45.946,06037271200
271300,2022,1,5,2,11,30,54,37,0,0,0,0,2,2,0,0,0,0,0,0,2,4,12,0,0.0,2.919,6.924,17.019,0.0,0.0,0.037,0.076,0.023,0.0,0.0,0.114,0.31,0.079,0.0,0.0,2.805,6.614,16.939,0.0,0,0,0,0,0,0,0,0,0,0,0,0,0,0,0,0,0,0,0,0,0,28.860999999999997,0,0,0,0,28.860999999999997,06037271300
271400,2022,1,5,2,11,30,54,37,0,0,0,0,1,0,0,0,0,0,0,0,1,2,0,0,0.0,1.459,3.462,0.0,0.0,0.0,0.018,0.038,0.0,0.0,0.0,0.057,0.155,0.0,0.0,0.0,1.403,3.307,0.0,0.0,0,0,0,0,0,0,0,0,0,0,0,0,0,0,0,0,0,0,0,0,0,4.921,0,0,0,0,4.921,06037271400
271500,2022,1,5,2,11,30,54,37,0,0,0,0,1,0,0,0,0,0,0,4,3,0,0,0,5.891,4.378,0.0,0.0,0.0,0.187,0.055,0.0,0.0,0.0,0.608,0.171,0.0,0.0,0.0,5.283,4.208,0.0,0.0,0.0,0,0,0,0,0,0,0,0,0,0,0,0,0,0,0,0,0,0,0,0,0,10.269,0,0,0,0,10.269,06037271500
271600,2022,1,5,2,11,30,54,37,0,0,0,0,1,2,0,0,0,0,0,0,0,0,0,1,0.0,0.0,0.0,0.0,1.571,0.0,0.0,0.0,0.0,0.004,0.0,0.0,0.0,0.0,0.011,0.0,0.0,0.0,0.0,1.56,0,0,0,0,0,0,0,0,0,0,0,0,0,0,0,0,0,0,0,0,0,3.571,0,0,0,0,3.571,06037271600
271701,2022,1,5,2,5,30,54,37,0,0,0,0,2,2,0,0,0,0,0,0,0,3,8,3,0.0,0.0,5.193,11.346,4.713,0.0,0.0,0.057,0.015,0.012,0.0,0.0,0.232,0.053,0.034,0.0,0.0,4.96,11.293,4.679,0,0,0,0,0,0,0,0,0,0,0,0,0,0,0,0,0,0,0,0,0,23.250999999999998,0,0,0,0,23.250999999999998,06037271701
271702,2022,1,5,2,5,30,54,37,3,0,1,0,2,3,0,0,0,0,0,0,0,4,1,0,0.0,0.0,6.924,1.418,0.0,0.0,0.0,0.076,0.002,0.0,0.0,0.0,0.31,0.007,0.0,0.0,0.0,6.614,1.412,0.0,0,0,0,0,0,0,0,0,0,0,0,0,0,0,0,0,0,0,0,0,0,11.342,0,0,0,0,11.342,06037271702
271801,2022,1,5,2,5,30,54,37,0,0,0,0,2,7,0,0,0,0,0,0,1,5,7,4,0.0,1.459,8.655,9.927,6.284,0.0,0.018,0.095,0.013,0.015,0.0,0.057,0.387,0.046,0.045,0.0,1.403,8.267,9.881,6.239000000000001,0,0,0,0,0,0,0,0,0,0,0,0,0,0,0,0,0,0,0,0,0,33.325,0,0,0,0,33.325,06037271801
271802,2022,1,5,2,5,30,54,37,0,0,0,0,1,2,0,0,0,0,0,1,0,0,0,0,1.473,0.0,0.0,0.0,0.0,0.047,0.0,0.0,0.0,0.0,0.152,0.0,0.0,0.0,0.0,1.321,0.0,0.0,0.0,0.0,0,0,0,0,0,0,0,0,0,0,0,0,0,0,0,0,0,0,0,0,0,3.473,0,0,0,0,3.473,06037271802
271901,2022,1,5,2,11,30,54,37,0,0,0,0,2,10,0,0,0,0,0,2,0,1,13,5,2.945,0.0,1.731,18.437,7.855,0.094,0.0,0.019,0.025,0.019,0.304,0.0,0.077,0.085,0.057,2.642,0.0,1.653,18.351,7.798,0,0,0,0,0,0,0,0,0,0,0,0,0,0,0,0,0,0,0,0,0,40.968,0,0,0,0,40.968,06037271901
271902,2022,1,5,2,11,30,54,37,0,0,0,0,1,0,0,0,0,0,0,0,0,2,0,0,0.0,0.0,3.462,0.0,0.0,0.0,0.0,0.038,0.0,0.0,0.0,0.0,0.155,0.0,0.0,0.0,0.0,3.307,0.0,0.0,0,0,0,0,0,0,0,0,0,0,0,0,0,0,0,0,0,0,0,0,0,3.462,0,0,0,0,3.462,06037271902
272100,2022,1,5,2,11,30,54,37,0,0,0,0,1,0,0,0,0,0,0,0,0,2,1,1,0.0,0.0,3.462,1.418,1.571,0.0,0.0,0.038,0.002,0.004,0.0,0.0,0.155,0.007,0.011,0.0,0.0,3.307,1.412,1.56,0,0,0,0,0,0,0,0,0,0,0,0,0,0,0,0,0,0,0,0,0,6.451,0,0,0,0,6.451,06037272100
272201,2022,1,5,2,11,30,54,37,2,10,1,1,1,1,0,0,0,0,0,0,4,2,0,0,0.0,5.838,3.462,0.0,0.0,0.0,0.073,0.038,0.0,0.0,0.0,0.228,0.155,0.0,0.0,0.0,5.61,3.307,0.0,0.0,0,0,0,0,0,0,0,3,0,0,8,0,0,0,0,0,0,0,0,0,0,10.3,0,11,0,11,21.3,06037272201
272202,2022,1,5,2,11,26,62,37,0,0,0,0,0,0,0,0,0,0,0,0,0,0,0,0,0.0,0.0,0.0,0.0,0.0,0.0,0.0,0.0,0.0,0.0,0.0,0.0,0.0,0.0,0.0,0.0,0.0,0.0,0.0,0.0,0,0,0,0,0,0,0,0,0,0,0,0,0,0,0,0,0,0,0,0,0,0.0,0,0,0,0,0.0,06037272202
272301,2022,1,5,2,11,30,54,37,0,0,0,0,1,0,0,0,0,0,0,0,0,1,0,0,0.0,0.0,1.731,0.0,0.0,0.0,0.0,0.019,0.0,0.0,0.0,0.0,0.077,0.0,0.0,0.0,0.0,1.653,0.0,0.0,0,0,0,0,0,0,0,0,0,0,0,0,0,0,0,0,0,0,0,0,0,1.731,0,0,0,0,1.731,06037272301
272302,2022,1,5,2,11,30,54,37,3,0,1,0,2,2,0,0,0,0,0,0,6,1,0,0,0.0,8.756,1.731,0.0,0.0,0.0,0.11,0.019,0.0,0.0,0.0,0.34199999999999997,0.077,0.0,0.0,0.0,8.416,1.653,0.0,0.0,0,0,0,0,0,0,0,0,0,0,0,0,0,0,0,0,0,0,0,0,0,12.487,0,0,0,0,12.487,06037272302
273100,2022,1,5,3,11,26,62,33,11,0,1,0,1,1,0,0,0,0,0,4,18,6,0,0,5.891,26.27,10.386,0.0,0.0,0.187,0.33,0.114,0.0,0.0,0.608,1.025,0.465,0.0,0.0,5.283,25.246,9.921,0.0,0.0,0,0,0,0,0,0,0,0,0,0,0,0,0,0,0,0,0,0,0,0,0,43.547,0,0,0,0,43.547,06037273100
273200,2022,1,5,3,11,26,62,33,36,19,1,1,1,10,0,0,0,0,0,4,17,10,7,6,5.891,24.811,17.309,9.927,9.426,0.187,0.311,0.189,0.013,0.023,0.608,0.968,0.775,0.046,0.068,5.283,23.843,16.535,9.881,9.358,0,7,17,0,1,2,0,0,0,0,0,0,0,0,0,0,0,0,0,0,0,77.364,19,0,0,19,96.364,06037273200
273300,2022,1,5,3,11,26,62,33,25,0,1,0,1,16,0,0,0,0,0,5,15,5,30,26,7.364,21.892,8.655,42.546,40.845,0.234,0.275,0.095,0.058,0.098,0.759,0.854,0.387,0.197,0.294,6.604,21.038,8.267,42.349,40.551,0,0,0,0,0,0,0,0,0,0,0,0,0,0,0,0,0,0,0,0,0,137.3,0,0,0,0,137.3,06037273300
273402,2022,1,5,3,11,26,62,33,85,94,1,1,0,0,0,0,0,0,0,0,0,0,0,0,0.0,0.0,0.0,0.0,0.0,0.0,0.0,0.0,0.0,0.0,0.0,0.0,0.0,0.0,0.0,0.0,0.0,0.0,0.0,0.0,62,0,0,15,0,0,0,0,0,0,0,0,0,0,0,0,0,0,0,0,0,0.0,77,0,0,77,77.0,06037273402
273502,2022,1,5,3,11,26,62,33,26,0,1,1,1,13,0,0,0,0,0,1,38,8,3,0,1.473,55.46,13.847,4.255,0.0,0.047,0.696,0.152,0.006,0.0,0.152,2.163,0.62,0.02,0.0,1.321,53.296,13.228,4.235,0.0,0,0,0,0,0,0,0,4,4,8,0,0,0,0,0,0,0,0,0,0,0,88.034,0,12,0,12,100.03,06037273502
273600,2022,1,5,3,11,26,62,33,18,0,1,0,1,19,0,0,0,0,0,9,27,26,0,6,13.255,39.406,45.004,0.0,9.426,0.421,0.495,0.493,0.0,0.023,1.367,1.537,2.014,0.0,0.068,11.888,37.869,42.99,0.0,9.358,0,0,0,0,0,0,0,0,0,0,0,0,0,0,0,0,0,0,0,0,0,126.09,0,0,0,0,126.09,06037273600
273700,2022,1,5,3,11,26,62,37,0,0,0,0,1,2,0,0,0,0,0,0,24,7,0,0,0.0,35.027,12.116,0.0,0.0,0.0,0.44,0.133,0.0,0.0,0.0,1.366,0.542,0.0,0.0,0.0,33.661,11.574,0.0,0.0,0,0,0,0,0,0,0,0,0,0,0,0,0,0,0,0,0,0,0,0,0,49.144,0,0,0,0,49.144,06037273700
273800,2022,1,5,2,11,26,62,33,4,3,1,1,1,14,0,0,0,0,0,6,6,5,2,6,8.836,8.757,8.655,2.836,9.426,0.281,0.11,0.095,0.004,0.023,0.911,0.342,0.387,0.013,0.068,7.925,8.415,8.267,2.823,9.358,0,0,0,0,0,0,0,0,0,0,2,0,0,0,0,0,0,0,0,0,0,52.51,0,2,0,2,54.51,06037273800
273902,2022,1,5,3,11,26,62,33,44,0,1,0,1,16,0,0,0,0,0,0,4,8,52,4,0.0,5.838,13.847,73.746,6.284,0.0,0.073,0.152,0.1,0.015,0.0,0.228,0.62,0.342,0.045,0.0,5.61,13.228,73.404,6.239,0,0,0,0,0,0,0,0,0,0,0,0,0,0,0,0,0,0,0,0,0,115.72,0,0,0,0,115.72,06037273902
274100,2022,1,5,2,11,26,62,33,10,0,1,1,1,2,0,0,0,0,0,0,0,2,0,0,0.0,0.0,3.462,0.0,0.0,0.0,0.0,0.038,0.0,0.0,0.0,0.0,0.155,0.0,0.0,0.0,0.0,3.307,0.0,0.0,25,0,0,1,0,0,0,0,0,0,0,0,0,0,0,0,0,0,0,0,0,5.462,26,0,0,26,31.462,06037274100
274202,2022,1,5,3,11,26,62,33,1,0,1,0,1,1,0,0,0,0,0,0,0,0,0,0,0.0,0.0,0.0,0.0,0.0,0.0,0.0,0.0,0.0,0.0,0.0,0.0,0.0,0.0,0.0,0.0,0.0,0.0,0.0,0.0,0,0,0,0,0,0,0,0,0,0,0,0,0,0,0,0,0,0,0,0,0,1.0,0,0,0,0,1.0,06037274202
275101,2022,1,5,2,11,26,54,37,1,0,1,0,0,0,0,0,0,0,0,0,0,0,0,0,0.0,0.0,0.0,0.0,0.0,0.0,0.0,0.0,0.0,0.0,0.0,0.0,0.0,0.0,0.0,0.0,0.0,0.0,0.0,0.0,0,0,0,0,0,0,0,0,0,0,0,0,0,0,0,0,0,0,0,0,0,0.0,0,0,0,0,0.0,06037275101
275102,2022,1,5,2,11,26,62,37,0,0,0,0,1,0,0,0,0,0,0,1,1,0,0,0,1.473,1.459,0.0,0.0,0.0,0.047,0.018,0.0,0.0,0.0,0.152,0.057,0.0,0.0,0.0,1.321,1.403,0.0,0.0,0.0,0,0,0,0,0,0,0,0,0,0,0,0,0,0,0,0,0,0,0,0,0,2.932,0,0,0,0,2.932,06037275102
275200,2022,1,5,2,11,26,62,37,0,0,0,0,2,5,0,0,0,0,0,2,4,0,4,2,2.945,5.838,0.0,5.672,3.142,0.094,0.073,0.0,0.008,0.008,0.304,0.228,0.0,0.026,0.023,2.642,5.61,0.0,5.646,3.119,0,0,0,0,0,0,0,0,0,0,0,0,0,0,0,0,0,0,0,0,0,22.598,0,0,0,0,22.598,06037275200
275302,2022,1,5,2,11,26,62,33,0,0,0,0,1,3,0,0,0,0,0,11,2,21,4,10,16.2,2.919,36.349,5.673,15.71,0.515,0.037,0.398,0.008,0.038,1.671,0.114,1.627,0.026,0.113,14.529,2.805,34.723,5.646,15.596,0,0,0,0,0,0,0,0,0,0,0,0,0,0,0,0,0,0,0,0,0,79.851,0,0,0,0,79.851,06037275302
275311,2022,1,5,2,11,26,62,37,0,0,0,0,1,1,0,0,0,0,0,8,8,4,6,0,11.782,11.676,6.924,8.509,0.0,0.374,0.147,0.076,0.012,0.0,1.215,0.455,0.31,0.039,0.0,10.567,11.22,6.614,8.47,0.0,0,0,0,0,0,0,0,0,0,0,0,0,0,0,0,0,0,0,0,0,0,39.89,0,0,0,0,39.89,06037275311
275400,2022,1,5,2,11,26,54,37,0,0,0,0,2,3,0,0,0,0,0,5,2,2,0,0,7.364,2.919,3.462,0.0,0.0,0.23399999999999999,0.037,0.038,0.0,0.0,0.76,0.114,0.155,0.0,0.0,6.604,2.805,3.307,0.0,0.0,0,0,0,0,0,0,0,0,0,0,0,0,0,0,0,0,0,0,0,0,0,16.744999999999997,0,0,0,0,16.744999999999997,06037275400
275500,2022,1,5,2,11,26,62,37,0,0,0,0,2,13,0,0,0,0,0,5,1,5,0,0,7.364,1.459,8.655,0.0,0.0,0.234,0.018,0.095,0.0,0.0,0.759,0.057,0.387,0.0,0.0,6.604,1.403,8.267,0.0,0.0,0,0,0,0,0,0,0,0,0,0,0,0,0,0,0,0,0,0,0,0,0,30.477,0,0,0,0,30.477,06037275500
275602,2022,1,5,2,11,26,62,43,12,0,1,0,2,13,0,0,0,0,0,1,8,15,6,4,1.473,11.676,25.964000000000002,8.509,6.284,0.047,0.147,0.28400000000000003,0.012,0.015,0.152,0.455,1.161,0.039,0.045,1.321,11.22,24.802,8.47,6.239,0,0,0,0,0,0,0,0,0,0,0,0,0,0,0,0,0,0,0,0,0,66.905,0,0,0,0,66.905,06037275602
275603,2022,1,5,2,11,26,62,37,0,0,0,0,1,5,0,0,0,0,0,1,1,11,0,2,1.473,1.459,19.04,0.0,3.142,0.047,0.018,0.208,0.0,0.008,0.152,0.057,0.852,0.0,0.023,1.321,1.403,18.188,0.0,3.119,0,0,0,0,0,0,0,0,0,0,0,0,0,0,0,0,0,0,0,0,0,30.114,0,0,0,0,30.114,06037275603
276000,2022,1,5,2,11,26,62,43,0,0,0,0,0,0,0,0,0,0,0,0,0,0,0,0,0.0,0.0,0.0,0.0,0.0,0.0,0.0,0.0,0.0,0.0,0.0,0.0,0.0,0.0,0.0,0.0,0.0,0.0,0.0,0.0,0,0,0,0,0,0,0,0,0,0,0,0,0,0,0,0,0,0,0,0,0,0.0,0,0,0,0,0.0,06037276000
276100,2022,1,5,2,11,30,54,43,0,0,0,0,0,0,0,0,0,0,0,0,0,0,0,0,0.0,0.0,0.0,0.0,0.0,0.0,0.0,0.0,0.0,0.0,0.0,0.0,0.0,0.0,0.0,0.0,0.0,0.0,0.0,0.0,0,0,0,0,0,0,0,0,0,0,0,0,0,0,0,0,0,0,0,0,0,0.0,0,0,0,0,0.0,06037276100
276400,2022,1,5,2,11,26,62,43,0,0,0,0,0,0,0,0,0,0,0,0,0,0,0,0,0.0,0.0,0.0,0.0,0.0,0.0,0.0,0.0,0.0,0.0,0.0,0.0,0.0,0.0,0.0,0.0,0.0,0.0,0.0,0.0,0,0,0,0,0,0,0,0,0,0,0,0,0,0,0,0,0,0,0,0,0,0.0,0,0,0,0,0.0,06037276400
276500,2022,1,5,2,11,26,62,43,0,9,0,1,1,0,0,0,0,0,0,3,2,5,1,0,4.418,2.919,8.655,1.418,0.0,0.14,0.037,0.095,0.002,0.0,0.456,0.114,0.387,0.007,0.0,3.963,2.805,8.267,1.412,0.0,0,0,0,0,0,0,0,4,0,0,4,0,0,0,0,0,0,0,0,0,0,17.41,0,8,0,8,25.41,06037276500
276601,2022,1,5,4,11,26,62,43,0,0,0,0,2,2,0,0,0,0,0,5,8,0,0,0,7.364,11.675,0.0,0.0,0.0,0.23399999999999999,0.147,0.0,0.0,0.0,0.76,0.45599999999999996,0.0,0.0,0.0,6.604,11.221,0.0,0.0,0.0,0,0,0,0,0,0,0,0,0,0,0,0,0,0,0,0,0,0,0,0,0,21.039,0,0,0,0,21.039,06037276601
276603,2022,1,5,4,11,26,62,43,0,0,0,0,2,1,0,0,0,0,0,1,3,2,0,0,1.473,4.378,3.462,0.0,0.0,0.047,0.055,0.038,0.0,0.0,0.152,0.171,0.155,0.0,0.0,1.321,4.208,3.307,0.0,0.0,0,0,0,0,0,0,0,0,0,0,0,0,0,0,0,0,0,0,0,0,0,10.313,0,0,0,0,10.313,06037276603
276604,2022,1,5,4,11,26,62,43,0,0,0,0,2,6,0,0,0,0,0,4,20,9,0,0,5.891,29.189,15.578,0.0,0.0,0.187,0.367,0.171,0.0,0.0,0.608,1.139,0.6970000000000001,0.0,0.0,5.284,28.051,14.881,0.0,0.0,0,0,0,0,0,0,0,0,0,0,0,0,0,0,0,0,0,0,0,0,0,56.659,0,0,0,0,56.659,06037276604
277000,2022,1,5,2,11,26,62,43,0,0,0,0,2,0,0,0,0,0,0,0,3,3,2,0,0.0,4.378,5.193,2.836,0.0,0.0,0.055,0.057,0.004,0.0,0.0,0.171,0.232,0.014,0.0,0.0,4.208,4.96,2.824,0.0,0,0,0,0,0,0,0,0,0,0,0,0,0,0,0,0,0,0,0,0,0,12.407,0,0,0,0,12.407,06037277000
277100,2022,1,5,2,11,26,62,43,0,0,0,0,1,0,0,0,0,0,0,5,0,10,0,0,7.364,0.0,17.309,0.0,0.0,0.234,0.0,0.189,0.0,0.0,0.759,0.0,0.775,0.0,0.0,6.604,0.0,16.535,0.0,0.0,0,0,0,0,0,0,0,0,0,0,0,0,0,0,0,0,0,0,0,0,0,24.673,0,0,0,0,24.673,06037277100
277200,2022,1,5,2,11,26,62,43,0,0,0,1,0,0,0,0,0,0,0,0,0,0,0,0,0.0,0.0,0.0,0.0,0.0,0.0,0.0,0.0,0.0,0.0,0.0,0.0,0.0,0.0,0.0,0.0,0.0,0.0,0.0,0.0,29,0,0,1,0,0,0,0,0,0,0,0,0,0,0,0,0,0,0,0,0,0.0,30,0,0,30,30.0,06037277200
277400,2022,1,5,2,11,26,62,43,0,0,0,0,1,1,0,0,0,0,0,0,0,0,2,0,0.0,0.0,0.0,2.836,0.0,0.0,0.0,0.0,0.004,0.0,0.0,0.0,0.0,0.013,0.0,0.0,0.0,0.0,2.823,0.0,0,0,0,0,0,0,0,0,0,0,0,0,0,0,0,0,0,0,0,0,0,3.836,0,0,0,0,3.836,06037277400
278001,2022,1,5,2,11,26,62,43,17,0,1,0,1,31,0,0,10,0,0,9,6,3,10,0,13.255,8.757,5.193,14.182,0.0,0.421,0.11,0.057,0.019,0.0,1.367,0.342,0.232,0.066,0.0,11.888,8.415,4.96,14.116,0.0,0,0,0,0,0,0,0,0,0,0,0,0,0,0,0,0,0,0,0,0,0,82.386,0,0,0,0,82.386,06037278001
278102,2022,1,5,4,11,26,62,33,7,0,1,0,1,6,0,0,0,0,0,0,1,1,4,0,0.0,1.459,1.731,5.673,0.0,0.0,0.018,0.019,0.008,0.0,0.0,0.057,0.077,0.026,0.0,0.0,1.403,1.653,5.646,0.0,0,0,0,0,0,0,0,0,0,0,0,0,0,0,0,0,0,0,0,0,0,14.863,0,0,0,0,14.863,06037278102
291110,2022,1,8,2,15,35,64,43,0,0,0,0,1,0,0,0,0,0,0,1,1,7,1,2,1.19,1.686,12.16,1.415,2.551,0.047,0.018,0.133,0.002,0.008,0.152,0.057,0.542,0.007,0.023,1.038,1.629,11.618,1.409,2.528,0,0,0,0,0,0,0,0,0,0,0,0,0,0,0,0,0,0,0,0,0,19.002,0,0,0,0,19.002,06037291110
291120,2022,1,8,2,15,35,64,43,0,0,0,0,1,7,0,0,0,0,0,1,1,11,1,0,1.19,1.686,19.109,1.415,0.0,0.047,0.018,0.208,0.002,0.0,0.152,0.057,0.852,0.007,0.0,1.038,1.629,18.257,1.409,0.0,0,0,0,0,0,0,0,0,0,0,0,0,0,0,0,0,0,0,0,0,0,30.399,0,0,0,0,30.399,06037291120
291130,2022,1,8,2,15,35,64,43,0,0,0,0,1,2,0,0,0,0,0,1,2,5,4,2,1.19,3.372,8.686,5.66,2.551,0.047,0.037,0.095,0.008,0.008,0.152,0.114,0.387,0.026,0.023,1.038,3.258,8.298,5.634,2.528,0,0,0,0,0,0,0,0,0,0,0,0,0,0,0,0,0,0,0,0,0,23.459,0,0,0,0,23.459,06037291130
291210,2022,1,8,2,15,35,64,43,0,0,0,0,1,1,0,0,0,0,0,2,1,4,12,15,2.379,1.686,6.949,16.981,19.132,0.094,0.018,0.076,0.023,0.057,0.304,0.057,0.31,0.079,0.17,2.076,1.629,6.639,16.902,18.962,0,0,0,0,0,0,0,0,0,0,0,0,0,0,0,0,0,0,0,0,0,48.127,0,0,0,0,48.127,06037291210
291220,2022,1,8,2,15,35,64,43,0,0,0,0,1,5,0,0,0,0,0,1,0,3,1,0,1.19,0.0,5.211,1.415,0.0,0.047,0.0,0.057,0.002,0.0,0.152,0.0,0.232,0.007,0.0,1.038,0.0,4.979,1.409,0.0,0,0,0,0,0,0,0,0,0,0,0,0,0,0,0,0,0,0,0,0,0,12.816,0,0,0,0,12.816,06037291220
291300,2022,1,8,2,15,35,64,43,12,0,1,0,2,1,0,0,0,0,0,2,0,2,5,9,2.379,0.0,3.474,7.075,11.479,0.094,0.0,0.038,0.01,0.034,0.304,0.0,0.154,0.033,0.102,2.076,0.0,3.32,7.043,11.377,0,0,0,0,0,0,0,0,0,0,0,0,0,0,0,0,0,0,0,0,0,25.408,0,0,0,0,25.408,06037291300
292000,2022,1,8,4,15,35,64,43,24,0,1,0,2,0,0,0,7,0,0,2,6,5,0,0,2.38,10.116,8.686,0.0,0.0,0.094,0.11,0.095,0.0,0.0,0.304,0.342,0.387,0.0,0.0,2.076,9.774,8.298,0.0,0.0,0,0,0,0,0,0,0,0,0,0,0,0,0,0,0,0,0,0,0,0,0,28.181,0,0,0,0,28.181,06037292000
293201,2022,1,8,4,15,35,66,43,0,0,0,0,1,0,0,0,0,0,0,0,0,21,0,0,0.0,0.0,36.48,0.0,0.0,0.0,0.0,0.398,0.0,0.0,0.0,0.0,1.627,0.0,0.0,0.0,0.0,34.854,0.0,0.0,0,0,0,0,0,0,0,0,0,0,0,0,0,0,0,0,0,0,0,0,0,36.48,0,0,0,0,36.48,06037293201
293202,2022,1,8,4,15,35,66,43,1,0,1,0,1,0,0,0,0,0,0,0,0,1,0,0,0.0,0.0,1.737,0.0,0.0,0.0,0.0,0.019,0.0,0.0,0.0,0.0,0.077,0.0,0.0,0.0,0.0,1.66,0.0,0.0,0,0,0,0,0,0,0,0,0,0,0,0,0,0,0,0,0,0,0,0,0,1.737,0,0,0,0,1.737,06037293202
293301,2022,1,8,4,15,35,66,43,0,0,0,0,1,0,0,0,0,0,0,0,0,4,0,0,0.0,0.0,6.949,0.0,0.0,0.0,0.0,0.076,0.0,0.0,0.0,0.0,0.31,0.0,0.0,0.0,0.0,6.639,0.0,0.0,0,0,0,0,0,0,0,0,0,0,0,0,0,0,0,0,0,0,0,0,0,6.949,0,0,0,0,6.949,06037293301
293302,2022,1,8,4,15,35,66,43,0,0,0,0,1,3,0,0,0,0,0,2,0,1,3,0,2.379,0.0,1.737,4.245,0.0,0.094,0.0,0.019,0.006,0.0,0.304,0.0,0.077,0.02,0.0,2.076,0.0,1.66,4.226,0.0,0,0,0,0,0,0,0,0,0,0,0,0,0,0,0,0,0,0,0,0,0,11.362,0,0,0,0,11.362,06037293302
293304,2022,1,8,4,15,35,66,33,0,0,0,0,0,0,0,0,0,0,0,0,0,0,0,0,0.0,0.0,0.0,0.0,0.0,0.0,0.0,0.0,0.0,0.0,0.0,0.0,0.0,0.0,0.0,0.0,0.0,0.0,0.0,0.0,0,0,0,0,0,0,0,0,0,0,0,0,0,0,0,0,0,0,0,0,0,0.0,0,0,0,0,0.0,06037293304
293306,2022,1,8,4,15,35,66,33,0,0,0,0,1,2,0,0,0,0,0,0,0,0,0,0,0.0,0.0,0.0,0.0,0.0,0.0,0.0,0.0,0.0,0.0,0.0,0.0,0.0,0.0,0.0,0.0,0.0,0.0,0.0,0.0,0,0,0,0,0,0,0,0,0,0,0,0,0,0,0,0,0,0,0,0,0,2.0,0,0,0,0,2.0,06037293306
293307,2022,1,8,4,15,35,66,33,0,0,0,0,2,9,0,0,0,0,0,1,3,3,1,1,1.19,5.058,5.211,1.415,1.275,0.047,0.05499999999999999,0.056999999999999995,0.002,0.004,0.152,0.171,0.23199999999999998,0.007,0.011,1.038,4.8870000000000005,4.979,1.409,1.264,0,0,0,0,0,0,0,0,0,0,0,0,0,0,0,0,0,0,0,0,0,23.15,0,0,0,0,23.15,06037293307
294110,2022,1,8,4,15,35,64,44,0,0,0,0,0,0,0,0,0,0,0,0,0,0,0,0,0.0,0.0,0.0,0.0,0.0,0.0,0.0,0.0,0.0,0.0,0.0,0.0,0.0,0.0,0.0,0.0,0.0,0.0,0.0,0.0,0,0,0,0,0,0,0,0,0,0,0,0,0,0,0,0,0,0,0,0,0,0.0,0,0,0,0,0.0,06037294110
294120,2022,1,8,4,15,35,64,44,0,0,0,0,1,0,0,0,0,0,0,6,2,15,0,3,7.138,3.372,26.057,0.0,3.826,0.281,0.037,0.284,0.0,0.011,0.911,0.114,1.162,0.0,0.034,6.227,3.258,24.895,0.0,3.792,0,0,0,0,0,0,0,0,0,0,0,0,0,0,0,0,0,0,0,0,0,40.394,0,0,0,0,40.394,06037294120
294200,2022,1,8,4,15,35,64,44,0,0,0,0,1,1,0,0,0,0,0,0,1,9,0,0,0.0,1.686,15.634,0.0,0.0,0.0,0.018,0.171,0.0,0.0,0.0,0.057,0.697,0.0,0.0,0.0,1.629,14.937,0.0,0.0,0,0,0,0,0,0,0,0,0,0,0,0,0,0,0,0,0,0,0,0,0,18.32,0,0,0,0,18.32,06037294200
294301,2022,1,8,4,15,35,64,44,0,0,0,0,2,2,0,0,0,0,0,10,1,0,0,0,11.897,1.686,0.0,0.0,0.0,0.46799999999999997,0.018,0.0,0.0,0.0,1.5190000000000001,0.057,0.0,0.0,0.0,10.379000000000001,1.629,0.0,0.0,0.0,0,0,0,0,0,0,0,0,0,0,0,0,0,0,0,0,0,0,0,0,0,15.583,0,0,0,0,15.583,06037294301
294302,2022,1,8,4,15,35,64,44,0,69,0,0,0,0,0,0,0,0,0,0,0,0,0,0,0.0,0.0,0.0,0.0,0.0,0.0,0.0,0.0,0.0,0.0,0.0,0.0,0.0,0.0,0.0,0.0,0.0,0.0,0.0,0.0,0,0,0,0,0,0,0,0,0,0,0,0,0,0,0,0,0,0,0,0,0,0.0,0,0,0,0,0.0,06037294302
294410,2022,1,8,4,15,35,66,33,23,0,1,0,2,5,0,0,0,0,0,6,1,4,0,32,7.138,1.686,6.948,0.0,40.814,0.281,0.018,0.076,0.0,0.12100000000000001,0.911,0.057,0.309,0.0,0.362,6.227,1.629,6.639,0.0,40.452000000000005,0,0,0,0,0,0,0,0,0,0,0,0,0,0,0,0,0,0,0,0,0,61.588,0,0,0,0,61.588,06037294410
294421,2022,1,8,4,15,35,66,33,3,0,1,0,1,5,0,0,0,0,0,5,6,3,0,1,5.949,10.116,5.211,0.0,1.275,0.234,0.11,0.057,0.0,0.004,0.759,0.342,0.232,0.0,0.011,5.189,9.774,4.979,0.0,1.264,0,0,0,0,0,0,0,0,0,0,0,0,0,0,0,0,0,0,0,0,0,27.552,0,0,0,0,27.552,06037294421
294510,2022,1,8,4,15,35,64,44,0,0,0,0,0,0,0,0,0,0,0,0,0,0,0,0,0.0,0.0,0.0,0.0,0.0,0.0,0.0,0.0,0.0,0.0,0.0,0.0,0.0,0.0,0.0,0.0,0.0,0.0,0.0,0.0,0,0,0,0,0,0,0,0,0,0,0,0,0,0,0,0,0,0,0,0,0,0.0,0,0,0,0,0.0,06037294510
294520,2022,1,8,4,15,35,64,44,0,0,0,0,2,4,0,0,0,0,0,0,2,7,0,0,0.0,3.372,12.16,0.0,0.0,0.0,0.037,0.133,0.0,0.0,0.0,0.114,0.542,0.0,0.0,0.0,3.258,11.618,0.0,0.0,0,0,0,0,0,0,0,0,0,0,0,0,0,0,0,0,0,0,0,0,0,19.532,0,0,0,0,19.532,06037294520
294610,2022,1,8,4,15,35,64,44,10,0,1,0,1,0,0,0,0,0,0,0,1,0,0,0,0.0,1.686,0.0,0.0,0.0,0.0,0.018,0.0,0.0,0.0,0.0,0.057,0.0,0.0,0.0,0.0,1.629,0.0,0.0,0.0,0,0,0,0,0,0,0,0,0,0,0,0,0,0,0,0,0,0,0,0,0,1.686,0,0,0,0,1.686,06037294610
294620,2022,1,8,4,15,35,64,44,0,0,0,0,1,1,0,0,0,0,0,0,5,21,0,0,0.0,8.43,36.48,0.0,0.0,0.0,0.092,0.398,0.0,0.0,0.0,0.285,1.627,0.0,0.0,0.0,8.145,34.854,0.0,0.0,0,0,0,0,0,0,0,0,0,0,0,0,0,0,0,0,0,0,0,0,0,45.91,0,0,0,0,45.91,06037294620
294701,2022,1,8,4,15,35,64,44,0,83,0,1,2,39,0,0,0,0,0,25,16,49,13,12,29.743000000000002,26.976,85.12,18.396,15.306,1.17,0.293,0.929,0.025,0.045,3.797,0.911,3.7950000000000004,0.08600000000000001,0.136,25.945999999999998,26.064999999999998,81.325,18.311,15.17,106,0,0,2,0,0,0,0,1,2,0,0,0,0,0,0,0,0,0,0,0,214.538,108,2,0,110,324.538,06037294701
294810,2022,1,8,4,15,35,64,44,0,0,0,0,2,5,0,0,0,0,0,6,1,0,1,2,7.138999999999999,1.686,0.0,1.415,2.551,0.281,0.018,0.0,0.002,0.008,0.911,0.057,0.0,0.007,0.023,6.227,1.629,0.0,1.409,2.528,0,0,0,0,0,0,0,0,0,0,0,0,0,0,0,0,0,0,0,0,0,17.791,0,0,0,0,17.791,06037294810
294820,2022,1,8,4,15,35,64,44,0,0,0,0,2,13,0,0,0,0,0,5,6,10,0,4,5.949,10.116,17.371,0.0,5.102,0.234,0.11,0.189,0.0,0.016,0.759,0.342,0.775,0.0,0.046,5.189,9.774,16.597,0.0,5.056,0,0,0,0,0,0,0,0,0,0,0,0,0,0,0,0,0,0,0,0,0,51.538000000000004,0,0,0,0,51.538000000000004,06037294820
294830,2022,1,8,4,15,35,64,44,0,14,0,0,1,3,0,0,0,0,0,1,4,16,0,1,1.19,6.744,27.794,0.0,1.275,0.047,0.073,0.303,0.0,0.004,0.152,0.228,1.239,0.0,0.011,1.038,6.516,26.555,0.0,1.264,0,0,0,0,0,0,0,0,0,0,0,0,0,0,0,0,0,0,0,0,0,40.004,0,0,0,0,40.004,06037294830
294900,2022,1,8,4,15,35,64,44,0,0,0,0,1,2,0,0,0,0,0,0,0,2,17,1,0.0,0.0,3.474,24.056,1.275,0.0,0.0,0.038,0.033,0.004,0.0,0.0,0.155,0.112,0.011,0.0,0.0,3.319,23.945,1.264,0,0,0,0,0,0,0,0,0,0,0,0,0,0,0,0,0,0,0,0,0,30.806,0,0,0,0,30.806,06037294900
295103,2022,1,8,4,15,35,70,33,0,0,0,0,1,0,0,0,0,0,0,2,1,10,0,0,2.379,1.686,17.371,0.0,0.0,0.094,0.018,0.189,0.0,0.0,0.304,0.057,0.775,0.0,0.0,2.076,1.629,16.597,0.0,0.0,0,0,0,0,0,0,0,0,0,0,0,0,0,0,0,0,0,0,0,0,0,21.437,0,0,0,0,21.437,06037295103
296210,2022,1,8,4,15,35,70,44,0,78,0,1,1,6,0,0,0,0,0,4,0,0,0,1,4.759,0.0,0.0,0.0,1.275,0.187,0.0,0.0,0.0,0.004,0.608,0.0,0.0,0.0,0.011,4.151,0.0,0.0,0.0,1.264,53,0,0,1,0,0,0,0,0,0,0,0,0,0,0,0,0,0,0,0,0,12.034,54,0,0,54,66.034,06037296210
296220,2022,1,8,4,15,35,70,44,0,0,0,0,1,5,0,0,0,0,0,0,0,2,1,2,0.0,0.0,3.474,1.415,2.551,0.0,0.0,0.038,0.002,0.008,0.0,0.0,0.155,0.007,0.023,0.0,0.0,3.319,1.409,2.528,0,0,0,0,0,0,0,0,0,0,0,0,0,0,0,0,0,0,0,0,0,12.44,0,0,0,0,12.44,06037296220
296300,2022,1,8,4,15,35,70,33,0,0,0,0,1,0,0,0,0,0,0,0,1,3,0,0,0.0,1.686,5.211,0.0,0.0,0.0,0.018,0.057,0.0,0.0,0.0,0.057,0.232,0.0,0.0,0.0,1.629,4.979,0.0,0.0,0,0,0,0,0,0,0,0,0,0,0,0,0,0,0,0,0,0,0,0,0,6.897,0,0,0,0,6.897,06037296300
296401,2022,1,8,4,15,35,70,44,0,0,0,0,0,0,0,0,0,0,0,0,0,0,0,0,0.0,0.0,0.0,0.0,0.0,0.0,0.0,0.0,0.0,0.0,0.0,0.0,0.0,0.0,0.0,0.0,0.0,0.0,0.0,0.0,0,0,0,0,0,0,0,0,0,0,0,0,0,0,0,0,0,0,0,0,0,0.0,0,0,0,0,0.0,06037296401
296402,2022,1,8,4,15,35,70,33,0,0,0,0,1,0,0,0,0,0,0,1,0,0,0,0,1.19,0.0,0.0,0.0,0.0,0.047,0.0,0.0,0.0,0.0,0.152,0.0,0.0,0.0,0.0,1.038,0.0,0.0,0.0,0.0,0,0,0,0,0,0,0,0,0,0,0,0,0,0,0,0,0,0,0,0,0,1.19,0,0,0,0,1.19,06037296402
296500,2022,1,8,4,15,35,70,44,0,0,0,0,1,0,0,0,0,0,0,0,1,5,0,0,0.0,1.686,8.686,0.0,0.0,0.0,0.018,0.095,0.0,0.0,0.0,0.057,0.387,0.0,0.0,0.0,1.629,8.298,0.0,0.0,0,0,0,0,0,0,0,0,0,0,0,0,0,0,0,0,0,0,0,0,0,10.372,0,0,0,0,10.372,06037296500
296600,2022,1,8,4,15,35,70,44,30,0,1,1,1,17,0,0,0,0,0,3,1,1,0,1,3.569,1.686,1.737,0.0,1.275,0.14,0.018,0.019,0.0,0.004,0.456,0.057,0.077,0.0,0.011,3.114,1.629,1.66,0.0,1.264,0,0,0,0,0,0,0,13,0,0,2,0,0,0,0,0,0,0,0,0,0,25.268,0,15,0,15,40.268,06037296600
296901,2022,1,8,4,15,35,70,44,0,5,0,1,0,0,0,0,0,0,0,0,0,0,0,0,0.0,0.0,0.0,0.0,0.0,0.0,0.0,0.0,0.0,0.0,0.0,0.0,0.0,0.0,0.0,0.0,0.0,0.0,0.0,0.0,0,0,0,0,0,0,0,1,1,2,0,1,3,0,0,0,0,0,0,0,0,0.0,0,6,0,6,6.0,06037296901
296902,2022,1,8,4,15,35,70,44,0,48,0,1,1,1,0,0,0,0,0,0,0,2,0,2,0.0,0.0,3.474,0.0,2.551,0.0,0.0,0.038,0.0,0.008,0.0,0.0,0.155,0.0,0.023,0.0,0.0,3.319,0.0,2.528,1,7,25,0,0,0,0,0,0,0,0,0,0,0,0,0,0,0,0,0,0,7.025,26,0,0,26,33.025,06037296902
297000,2022,1,8,4,15,35,70,44,0,0,0,0,1,3,0,0,0,0,0,0,2,2,0,0,0.0,3.372,3.474,0.0,0.0,0.0,0.037,0.038,0.0,0.0,0.0,0.114,0.155,0.0,0.0,0.0,3.258,3.319,0.0,0.0,0,0,0,0,0,0,0,0,0,0,0,0,0,0,0,0,0,0,0,0,0,9.846,0,0,0,0,9.846,06037297000
297110,2022,1,8,4,15,35,70,44,17,0,2,1,2,8,0,0,18,0,0,17,14,2,0,2,20.225,23.604,3.474,0.0,2.551,0.796,0.257,0.038,0.0,0.008,2.582,0.7969999999999999,0.155,0.0,0.023,17.643,22.807000000000002,3.319,0.0,2.528,40,0,0,0,0,0,0,0,0,0,0,0,0,0,0,0,0,0,0,0,0,75.854,40,0,0,40,115.854,06037297110
297120,2022,1,8,4,15,35,70,44,6,0,1,0,1,0,0,0,0,0,0,4,4,5,1,0,4.759,6.744,8.686,1.415,0.0,0.187,0.073,0.095,0.002,0.0,0.608,0.228,0.387,0.007,0.0,4.151,6.516,8.298,1.409,0.0,0,0,0,0,0,0,0,0,0,0,0,0,0,0,0,0,0,0,0,0,0,21.604,0,0,0,0,21.604,06037297120
297201,2022,1,8,4,15,35,70,44,0,0,0,0,1,0,0,0,0,0,0,0,0,2,0,0,0.0,0.0,3.474,0.0,0.0,0.0,0.0,0.038,0.0,0.0,0.0,0.0,0.155,0.0,0.0,0.0,0.0,3.319,0.0,0.0,0,0,0,0,0,0,0,0,0,0,0,0,0,0,0,0,0,0,0,0,0,3.474,0,0,0,0,3.474,06037297201
297202,2022,1,8,4,15,35,70,44,0,0,0,1,1,4,0,0,0,0,0,3,0,0,0,0,3.569,0.0,0.0,0.0,0.0,0.14,0.0,0.0,0.0,0.0,0.456,0.0,0.0,0.0,0.0,3.114,0.0,0.0,0.0,0.0,0,0,0,0,0,0,0,0,2,5,0,0,0,0,0,0,0,0,0,0,0,7.569,0,5,0,5,12.569,06037297202
297300,2022,1,8,4,15,35,70,44,0,0,0,0,1,2,0,0,0,0,0,0,1,2,0,0,0.0,1.686,3.474,0.0,0.0,0.0,0.018,0.038,0.0,0.0,0.0,0.057,0.155,0.0,0.0,0.0,1.629,3.319,0.0,0.0,0,0,0,0,0,0,0,0,0,0,0,0,0,0,0,0,0,0,0,0,0,7.16,0,0,0,0,7.16,06037297300
297400,2022,1,8,4,15,35,70,44,0,0,0,0,1,0,0,0,0,0,0,0,1,0,0,0,0.0,1.686,0.0,0.0,0.0,0.0,0.018,0.0,0.0,0.0,0.0,0.057,0.0,0.0,0.0,0.0,1.629,0.0,0.0,0.0,0,0,0,0,0,0,0,0,0,0,0,0,0,0,0,0,0,0,0,0,0,1.686,0,0,0,0,1.686,06037297400
297500,2022,1,8,4,15,35,70,44,0,0,0,0,1,0,0,0,0,0,0,0,2,2,0,0,0.0,3.372,3.474,0.0,0.0,0.0,0.037,0.038,0.0,0.0,0.0,0.114,0.155,0.0,0.0,0.0,3.258,3.319,0.0,0.0,0,0,0,0,0,0,0,0,0,0,0,0,0,0,0,0,0,0,0,0,0,6.846,0,0,0,0,6.846,06037297500
297601,2022,1,8,4,15,35,70,44,0,0,0,0,0,0,0,0,0,0,0,0,0,0,0,0,0.0,0.0,0.0,0.0,0.0,0.0,0.0,0.0,0.0,0.0,0.0,0.0,0.0,0.0,0.0,0.0,0.0,0.0,0.0,0.0,0,0,0,0,0,0,0,0,0,0,0,0,0,0,0,0,0,0,0,0,0,0.0,0,0,0,0,0.0,06037297601
297602,2022,1,8,4,15,35,70,44,0,0,0,0,1,2,0,0,0,0,0,0,2,3,0,1,0.0,3.372,5.211,0.0,1.275,0.0,0.037,0.057,0.0,0.004,0.0,0.114,0.232,0.0,0.011,0.0,3.258,4.979,0.0,1.264,0,0,0,0,0,0,0,0,0,0,0,0,0,0,0,0,0,0,0,0,0,11.859,0,0,0,0,11.859,06037297602
300100,2022,2,2,5,0,25,43,28,0,0,0,0,0,0,0,0,0,0,0,0,0,0,0,0,0.0,0.0,0.0,0.0,0.0,0.0,0.0,0.0,0.0,0.0,0.0,0.0,0.0,0.0,0.0,0.0,0.0,0.0,0.0,0.0,0,0,0,0,0,0,0,0,0,0,0,0,0,0,0,0,0,0,0,0,0,0.0,0,0,0,0,0.0,06037300100
300200,2022,2,2,5,0,25,43,28,0,0,0,0,0,0,0,0,0,0,0,0,0,0,0,0,0.0,0.0,0.0,0.0,0.0,0.0,0.0,0.0,0.0,0.0,0.0,0.0,0.0,0.0,0.0,0.0,0.0,0.0,0.0,0.0,0,0,0,0,0,0,0,0,0,0,0,0,0,0,0,0,0,0,0,0,0,0.0,0,0,0,0,0.0,06037300200
300501,2022,2,2,5,0,25,43,28,0,0,0,0,0,0,0,0,0,0,0,0,0,0,0,0,0.0,0.0,0.0,0.0,0.0,0.0,0.0,0.0,0.0,0.0,0.0,0.0,0.0,0.0,0.0,0.0,0.0,0.0,0.0,0.0,0,0,0,0,0,0,0,0,0,0,0,0,0,0,0,0,0,0,0,0,0,0.0,0,0,0,0,0.0,06037300501
300502,2022,2,2,5,0,25,43,28,0,0,0,0,0,0,0,0,0,0,0,0,0,0,0,0,0.0,0.0,0.0,0.0,0.0,0.0,0.0,0.0,0.0,0.0,0.0,0.0,0.0,0.0,0.0,0.0,0.0,0.0,0.0,0.0,0,0,0,0,0,0,0,0,0,0,0,0,0,0,0,0,0,0,0,0,0,0.0,0,0,0,0,0.0,06037300502
310100,2022,2,2,5,0,25,43,28,0,0,0,0,0,0,0,0,0,0,0,0,0,0,0,0,0.0,0.0,0.0,0.0,0.0,0.0,0.0,0.0,0.0,0.0,0.0,0.0,0.0,0.0,0.0,0.0,0.0,0.0,0.0,0.0,0,0,0,0,0,0,0,0,0,0,0,0,0,0,0,0,0,0,0,0,0,0.0,0,0,0,0,0.0,06037310100
310201,2022,2,2,5,0,25,43,28,0,0,0,0,1,0,0,0,0,0,0,0,0,2,0,0,0.0,0.0,2.911,0.0,0.0,0.0,0.0,0.038,0.0,0.0,0.0,0.0,0.155,0.0,0.0,0.0,0.0,2.756,0.0,0.0,0,0,0,0,0,0,0,0,0,0,0,0,0,0,0,0,0,0,0,0,0,2.911,0,0,0,0,2.911,06037310201
310202,2022,2,2,5,0,25,43,28,0,0,0,0,0,0,0,0,0,0,0,0,0,0,0,0,0.0,0.0,0.0,0.0,0.0,0.0,0.0,0.0,0.0,0.0,0.0,0.0,0.0,0.0,0.0,0.0,0.0,0.0,0.0,0.0,0,0,0,0,0,0,0,0,0,0,0,0,0,0,0,0,0,0,0,0,0,0.0,0,0,0,0,0.0,06037310202
310300,2022,2,2,5,0,25,43,28,0,0,0,0,1,0,0,0,0,0,0,0,0,1,0,0,0.0,0.0,1.456,0.0,0.0,0.0,0.0,0.019,0.0,0.0,0.0,0.0,0.077,0.0,0.0,0.0,0.0,1.378,0.0,0.0,0,0,0,0,0,0,0,0,0,0,0,0,0,0,0,0,0,0,0,0,0,1.456,0,0,0,0,1.456,06037310300
310400,2022,2,2,5,0,25,43,28,0,0,0,0,1,0,0,0,0,0,0,2,0,0,0,0,2.95,0.0,0.0,0.0,0.0,0.094,0.0,0.0,0.0,0.0,0.304,0.0,0.0,0.0,0.0,2.646,0.0,0.0,0.0,0.0,0,0,0,0,0,0,0,0,0,0,0,0,0,0,0,0,0,0,0,0,0,2.95,0,0,0,0,2.95,06037310400
310501,2022,2,2,5,0,25,43,28,1,0,1,1,2,2,0,0,0,0,0,3,2,2,1,0,4.425000000000001,2.98,2.912,1.259,0.0,0.14100000000000001,0.036,0.038,0.002,0.0,0.45599999999999996,0.114,0.154,0.007,0.0,3.969,2.866,2.756,1.252,0.0,0,0,0,0,0,0,0,0,7,21,0,0,0,0,0,0,0,0,0,0,0,13.575,0,21,0,21,34.575,06037310501
310601,2022,2,2,5,0,25,43,28,0,0,0,1,1,7,0,0,0,0,0,2,4,1,0,1,2.95,5.961,1.456,0.0,1.685,0.094,0.073,0.019,0.0,0.004,0.304,0.228,0.077,0.0,0.011,2.646,5.733,1.378,0.0,1.674,0,0,0,0,0,0,0,0,5,12,0,0,0,0,0,0,0,0,0,0,0,19.051,0,12,0,12,31.051,06037310601
310602,2022,2,2,5,0,25,43,28,0,0,0,0,1,1,0,0,0,0,0,0,0,2,0,1,0.0,0.0,2.911,0.0,1.685,0.0,0.0,0.038,0.0,0.004,0.0,0.0,0.155,0.0,0.011,0.0,0.0,2.756,0.0,1.674,0,0,0,0,0,0,0,0,0,0,0,0,0,0,0,0,0,0,0,0,0,5.596,0,0,0,0,5.596,06037310602
310701,2022,2,2,5,0,25,43,28,0,0,0,0,1,2,0,0,0,0,0,0,1,0,0,1,0.0,1.49,0.0,0.0,1.685,0.0,0.018,0.0,0.0,0.004,0.0,0.057,0.0,0.0,0.011,0.0,1.433,0.0,0.0,1.674,0,0,0,0,0,0,0,0,0,0,0,0,0,0,0,0,0,0,0,0,0,5.175,0,0,0,0,5.175,06037310701
310702,2022,2,2,5,0,25,43,28,3,0,2,0,1,5,0,0,0,0,0,2,0,0,0,0,2.95,0.0,0.0,0.0,0.0,0.094,0.0,0.0,0.0,0.0,0.304,0.0,0.0,0.0,0.0,2.646,0.0,0.0,0.0,0.0,0,0,0,0,0,0,0,0,0,0,0,0,0,0,0,0,0,0,0,0,0,7.95,0,0,0,0,7.95,06037310702
310703,2022,2,2,5,0,25,43,28,0,0,0,0,1,6,0,0,0,0,0,1,1,1,0,1,1.475,1.49,1.456,0.0,1.685,0.047,0.018,0.019,0.0,0.004,0.152,0.057,0.077,0.0,0.011,1.323,1.433,1.378,0.0,1.674,0,0,0,0,0,0,0,0,0,0,0,0,0,0,0,0,0,0,0,0,0,12.106,0,0,0,0,12.106,06037310703
310800,2022,2,2,5,0,25,43,28,0,34,0,1,1,1,0,0,0,0,0,1,2,0,0,1,1.475,2.98,0.0,0.0,1.685,0.047,0.037,0.0,0.0,0.004,0.152,0.114,0.0,0.0,0.011,1.323,2.866,0.0,0.0,1.674,0,0,0,11,0,0,0,2,0,0,11,0,0,0,0,0,0,0,0,0,0,7.14,11,13,0,24,31.14,06037310800
310900,2022,2,2,5,0,25,43,28,2,0,1,0,2,3,0,0,0,0,0,0,2,1,0,0,0.0,2.98,1.456,0.0,0.0,0.0,0.036,0.019,0.0,0.0,0.0,0.114,0.077,0.0,0.0,0.0,2.866,1.378,0.0,0.0,0,0,0,0,0,0,0,0,0,0,0,0,0,0,0,0,0,0,0,0,0,7.436,0,0,0,0,7.436,06037310900
311000,2022,2,2,5,0,25,43,28,0,0,0,1,1,8,0,0,0,0,0,9,4,1,0,2,13.273,5.961,1.456,0.0,3.37,0.421,0.073,0.019,0.0,0.008,1.367,0.228,0.077,0.0,0.023,11.906,5.733,1.378,0.0,3.348,0,0,0,0,0,0,0,0,3,14,0,0,0,0,0,0,0,0,0,0,0,32.06,0,14,0,14,46.06,06037311000
311100,2022,2,2,5,0,18,43,28,2,0,1,0,2,0,0,0,0,0,0,0,2,0,0,0,0.0,2.98,0.0,0.0,0.0,0.0,0.036,0.0,0.0,0.0,0.0,0.114,0.0,0.0,0.0,0.0,2.866,0.0,0.0,0.0,0,0,0,0,0,0,0,0,0,0,0,0,0,0,0,0,0,0,0,0,0,2.98,0,0,0,0,2.98,06037311100
311200,2022,2,2,5,0,18,43,30,1,0,1,0,1,4,0,0,0,0,0,0,2,0,0,0,0.0,2.98,0.0,0.0,0.0,0.0,0.037,0.0,0.0,0.0,0.0,0.114,0.0,0.0,0.0,0.0,2.866,0.0,0.0,0.0,0,0,0,0,0,0,0,0,0,0,0,0,0,0,0,0,0,0,0,0,0,6.98,0,0,0,0,6.98,06037311200
311300,2022,2,2,5,0,25,43,30,1,0,1,0,1,0,0,0,0,0,0,0,0,0,0,1,0.0,0.0,0.0,0.0,1.685,0.0,0.0,0.0,0.0,0.004,0.0,0.0,0.0,0.0,0.011,0.0,0.0,0.0,0.0,1.674,0,0,0,0,0,0,0,0,0,0,0,0,0,0,0,0,0,0,0,0,0,1.685,0,0,0,0,1.685,06037311300
311400,2022,2,2,5,0,18,43,30,0,0,0,0,1,1,0,0,0,0,0,1,0,0,0,2,1.475,0.0,0.0,0.0,3.37,0.047,0.0,0.0,0.0,0.008,0.152,0.0,0.0,0.0,0.023,1.323,0.0,0.0,0.0,3.348,0,0,0,0,0,0,0,0,0,0,0,0,0,0,0,0,0,0,0,0,0,5.845,0,0,0,0,5.845,06037311400
311500,2022,2,2,5,0,25,43,30,0,0,0,0,1,2,0,0,0,0,0,2,6,2,0,0,2.95,8.941,2.911,0.0,0.0,0.094,0.11,0.038,0.0,0.0,0.304,0.342,0.155,0.0,0.0,2.646,8.599,2.756,0.0,0.0,0,0,0,0,0,0,0,0,0,0,0,0,0,0,0,0,0,0,0,0,0,16.802,0,0,0,0,16.802,06037311500
311600,2022,2,2,5,0,25,43,30,1,0,1,0,2,4,0,0,0,0,0,0,0,0,0,0,0.0,0.0,0.0,0.0,0.0,0.0,0.0,0.0,0.0,0.0,0.0,0.0,0.0,0.0,0.0,0.0,0.0,0.0,0.0,0.0,0,0,0,0,0,0,0,0,0,0,0,0,0,0,0,0,0,0,0,0,0,4.0,0,0,0,0,4.0,06037311600
311700,2022,2,2,5,0,25,43,28,0,0,0,0,2,4,0,0,0,0,0,2,0,0,0,0,2.95,0.0,0.0,0.0,0.0,0.094,0.0,0.0,0.0,0.0,0.304,0.0,0.0,0.0,0.0,2.646,0.0,0.0,0.0,0.0,0,0,0,0,0,0,0,0,0,0,0,0,0,0,0,0,0,0,0,0,0,6.95,0,0,0,0,6.95,06037311700
311801,2022,2,2,5,0,25,43,28,0,0,0,1,1,1,0,0,0,0,0,0,0,0,0,1,0.0,0.0,0.0,0.0,1.685,0.0,0.0,0.0,0.0,0.004,0.0,0.0,0.0,0.0,0.011,0.0,0.0,0.0,0.0,1.674,0,0,0,0,0,0,0,0,0,0,6,0,0,0,0,0,0,0,0,0,0,2.685,0,6,0,6,8.685,06037311801
311802,2022,2,2,5,0,25,43,28,0,0,0,0,1,0,0,0,0,0,0,0,0,0,1,0,0.0,0.0,0.0,1.259,0.0,0.0,0.0,0.0,0.002,0.0,0.0,0.0,0.0,0.007,0.0,0.0,0.0,0.0,1.252,0.0,0,0,0,0,0,0,0,0,0,0,0,0,0,0,0,0,0,0,0,0,0,1.259,0,0,0,0,1.259,06037311802
320000,2022,2,2,3,0,18,46,30,0,0,0,0,0,0,0,0,0,0,0,0,0,0,0,0,0.0,0.0,0.0,0.0,0.0,0.0,0.0,0.0,0.0,0.0,0.0,0.0,0.0,0.0,0.0,0.0,0.0,0.0,0.0,0.0,0,0,0,0,0,0,0,0,0,0,0,0,0,0,0,0,0,0,0,0,0,0.0,0,0,0,0,0.0,06037320000
320100,2022,2,2,3,0,18,39,29,0,0,0,0,1,0,0,0,0,0,0,1,0,0,0,0,1.475,0.0,0.0,0.0,0.0,0.047,0.0,0.0,0.0,0.0,0.152,0.0,0.0,0.0,0.0,1.323,0.0,0.0,0.0,0.0,0,0,0,0,0,0,0,0,0,0,0,0,0,0,0,0,0,0,0,0,0,1.475,0,0,0,0,1.475,06037320100
320201,2022,2,2,3,0,18,39,29,0,0,0,0,1,1,0,0,0,0,0,0,0,0,0,0,0.0,0.0,0.0,0.0,0.0,0.0,0.0,0.0,0.0,0.0,0.0,0.0,0.0,0.0,0.0,0.0,0.0,0.0,0.0,0.0,0,0,0,0,0,0,0,0,0,0,0,0,0,0,0,0,0,0,0,0,0,1.0,0,0,0,0,1.0,06037320201
320202,2022,2,2,3,0,18,39,29,0,0,0,0,0,0,0,0,0,0,0,0,0,0,0,0,0.0,0.0,0.0,0.0,0.0,0.0,0.0,0.0,0.0,0.0,0.0,0.0,0.0,0.0,0.0,0.0,0.0,0.0,0.0,0.0,0,0,0,0,0,0,0,0,0,0,0,0,0,0,0,0,0,0,0,0,0,0.0,0,0,0,0,0.0,06037320202
320300,2022,2,2,3,0,18,39,29,3,0,1,0,2,1,0,0,0,0,0,3,0,5,0,0,4.424,0.0,7.278,0.0,0.0,0.14,0.0,0.095,0.0,0.0,0.456,0.0,0.387,0.0,0.0,3.969,0.0,6.891,0.0,0.0,0,0,0,0,0,0,0,0,0,0,0,0,0,0,0,0,0,0,0,0,0,12.702,0,0,0,0,12.702,06037320300
400204,2022,2,3,5,0,25,41,32,0,0,0,0,0,0,0,0,0,0,0,0,0,0,0,0,0.0,0.0,0.0,0.0,0.0,0.0,0.0,0.0,0.0,0.0,0.0,0.0,0.0,0.0,0.0,0.0,0.0,0.0,0.0,0.0,0,0,0,0,0,0,0,0,0,0,0,0,0,0,0,0,0,0,0,0,0,0.0,0,0,0,0,0.0,06037400204
400205,2022,2,3,1,0,25,41,27,0,0,0,0,0,0,0,0,0,0,0,0,0,0,0,0,0.0,0.0,0.0,0.0,0.0,0.0,0.0,0.0,0.0,0.0,0.0,0.0,0.0,0.0,0.0,0.0,0.0,0.0,0.0,0.0,0,0,0,0,0,0,0,0,0,0,0,0,0,0,0,0,0,0,0,0,0,0.0,0,0,0,0,0.0,06037400205
400206,2022,2,3,1,0,25,41,27,0,0,0,0,0,0,0,0,0,0,0,0,0,0,0,0,0.0,0.0,0.0,0.0,0.0,0.0,0.0,0.0,0.0,0.0,0.0,0.0,0.0,0.0,0.0,0.0,0.0,0.0,0.0,0.0,0,0,0,0,0,0,0,0,0,0,0,0,0,0,0,0,0,0,0,0,0,0.0,0,0,0,0,0.0,06037400206
400207,2022,2,3,5,0,25,41,32,0,0,0,0,1,0,0,0,0,0,0,0,0,1,0,0,0.0,0.0,1.951,0.0,0.0,0.0,0.0,0.019,0.0,0.0,0.0,0.0,0.077,0.0,0.0,0.0,0.0,1.874,0.0,0.0,0,0,0,0,0,0,0,0,0,0,0,0,0,0,0,0,0,0,0,0,0,1.951,0,0,0,0,1.951,06037400207
400302,2022,2,3,5,0,25,41,32,0,0,0,0,0,0,0,0,0,0,0,0,0,0,0,0,0.0,0.0,0.0,0.0,0.0,0.0,0.0,0.0,0.0,0.0,0.0,0.0,0.0,0.0,0.0,0.0,0.0,0.0,0.0,0.0,0,0,0,0,0,0,0,0,0,0,0,0,0,0,0,0,0,0,0,0,0,0.0,0,0,0,0,0.0,06037400302
400304,2022,2,3,5,0,25,41,32,0,0,0,0,0,0,0,0,0,0,0,0,0,0,0,0,0.0,0.0,0.0,0.0,0.0,0.0,0.0,0.0,0.0,0.0,0.0,0.0,0.0,0.0,0.0,0.0,0.0,0.0,0.0,0.0,0,0,0,0,0,0,0,0,0,0,0,0,0,0,0,0,0,0,0,0,0,0.0,0,0,0,0,0.0,06037400304
400402,2022,2,3,5,0,25,48,27,0,0,0,0,1,1,0,0,0,0,0,0,0,0,0,0,0.0,0.0,0.0,0.0,0.0,0.0,0.0,0.0,0.0,0.0,0.0,0.0,0.0,0.0,0.0,0.0,0.0,0.0,0.0,0.0,0,0,0,0,0,0,0,0,0,0,0,0,0,0,0,0,0,0,0,0,0,1.0,0,0,0,0,1.0,06037400402
400403,2022,2,3,5,0,25,41,27,0,0,0,0,0,0,0,0,0,0,0,0,0,0,0,0,0.0,0.0,0.0,0.0,0.0,0.0,0.0,0.0,0.0,0.0,0.0,0.0,0.0,0.0,0.0,0.0,0.0,0.0,0.0,0.0,0,0,0,0,0,0,0,0,0,0,0,0,0,0,0,0,0,0,0,0,0,0.0,0,0,0,0,0.0,06037400403
400404,2022,2,3,5,0,25,48,27,0,0,0,0,1,1,0,0,0,0,0,0,1,0,0,0,0.0,1.203,0.0,0.0,0.0,0.0,0.018,0.0,0.0,0.0,0.0,0.057,0.0,0.0,0.0,0.0,1.146,0.0,0.0,0.0,0,0,0,0,0,0,0,0,0,0,0,0,0,0,0,0,0,0,0,0,0,2.203,0,0,0,0,2.203,06037400404
400501,2022,2,3,5,0,25,48,27,0,0,0,0,0,0,0,0,0,0,0,0,0,0,0,0,0.0,0.0,0.0,0.0,0.0,0.0,0.0,0.0,0.0,0.0,0.0,0.0,0.0,0.0,0.0,0.0,0.0,0.0,0.0,0.0,0,0,0,0,0,0,0,0,0,0,0,0,0,0,0,0,0,0,0,0,0,0.0,0,0,0,0,0.0,06037400501
400602,2022,2,3,1,0,22,48,32,0,0,0,1,2,13,0,0,0,0,0,1,0,0,0,0,1.336,0.0,0.0,0.0,0.0,0.047,0.0,0.0,0.0,0.0,0.152,0.0,0.0,0.0,0.0,1.184,0.0,0.0,0.0,0.0,38,0,0,0,0,0,0,0,0,0,0,0,0,0,0,0,0,0,0,0,0,14.336,38,0,0,38,52.336,06037400602
400603,2022,2,3,1,0,22,48,32,3,0,1,0,1,11,0,0,0,0,0,3,0,0,10,26,4.007,0.0,0.0,11.919,37.771,0.14,0.0,0.0,0.019,0.098,0.456,0.0,0.0,0.066,0.294,3.551,0.0,0.0,11.854,37.476,0,0,0,0,0,0,0,0,0,0,0,0,0,0,0,0,0,0,0,0,0,64.697,0,0,0,0,64.697,06037400603
400604,2022,2,3,1,0,22,48,32,0,0,0,0,1,14,0,0,0,0,0,10,0,0,0,0,13.355,0.0,0.0,0.0,0.0,0.468,0.0,0.0,0.0,0.0,1.519,0.0,0.0,0.0,0.0,11.836,0.0,0.0,0.0,0.0,0,0,0,0,0,0,0,0,0,0,0,0,0,0,0,0,0,0,0,0,0,27.355,0,0,0,0,27.355,06037400604
400800,2022,2,3,5,0,25,48,27,0,0,0,0,2,2,0,0,0,0,0,0,0,0,0,0,0.0,0.0,0.0,0.0,0.0,0.0,0.0,0.0,0.0,0.0,0.0,0.0,0.0,0.0,0.0,0.0,0.0,0.0,0.0,0.0,0,0,0,0,0,0,0,0,0,0,0,0,0,0,0,0,0,0,0,0,0,2.0,0,0,0,0,2.0,06037400800
400900,2022,2,3,5,0,25,48,27,0,0,0,0,1,1,0,0,0,0,0,0,0,0,0,1,0.0,0.0,0.0,0.0,1.453,0.0,0.0,0.0,0.0,0.004,0.0,0.0,0.0,0.0,0.011,0.0,0.0,0.0,0.0,1.441,0,0,0,0,0,0,0,0,0,0,0,0,0,0,0,0,0,0,0,0,0,2.453,0,0,0,0,2.453,06037400900
401001,2022,2,3,5,0,25,48,27,0,0,0,0,0,0,0,0,0,0,0,0,0,0,0,0,0.0,0.0,0.0,0.0,0.0,0.0,0.0,0.0,0.0,0.0,0.0,0.0,0.0,0.0,0.0,0.0,0.0,0.0,0.0,0.0,0,0,0,0,0,0,0,0,0,0,0,0,0,0,0,0,0,0,0,0,0,0.0,0,0,0,0,0.0,06037401001
401002,2022,2,3,5,0,25,48,27,0,0,0,0,1,3,0,0,0,0,0,0,0,0,0,0,0.0,0.0,0.0,0.0,0.0,0.0,0.0,0.0,0.0,0.0,0.0,0.0,0.0,0.0,0.0,0.0,0.0,0.0,0.0,0.0,0,0,0,0,0,0,0,0,0,0,0,0,0,0,0,0,0,0,0,0,0,3.0,0,0,0,0,3.0,06037401002
401101,2022,2,3,5,0,25,48,27,0,0,0,0,1,3,0,0,0,0,0,0,0,0,1,1,0.0,0.0,0.0,1.192,1.453,0.0,0.0,0.0,0.002,0.004,0.0,0.0,0.0,0.007,0.011,0.0,0.0,0.0,1.185,1.441,0,0,0,0,0,0,0,0,0,0,0,0,0,0,0,0,0,0,0,0,0,5.645,0,0,0,0,5.645,06037401101
401102,2022,2,3,5,0,25,48,27,0,0,0,0,2,3,0,0,0,0,0,0,1,0,0,0,0.0,1.203,0.0,0.0,0.0,0.0,0.018,0.0,0.0,0.0,0.0,0.057,0.0,0.0,0.0,0.0,1.146,0.0,0.0,0.0,0,0,0,0,0,0,0,0,0,0,0,0,0,0,0,0,0,0,0,0,0,4.202999999999999,0,0,0,0,4.202999999999999,06037401102
401201,2022,2,3,5,0,25,48,27,0,0,0,0,1,0,0,0,0,0,0,0,0,1,0,0,0.0,0.0,1.951,0.0,0.0,0.0,0.0,0.019,0.0,0.0,0.0,0.0,0.077,0.0,0.0,0.0,0.0,1.874,0.0,0.0,0,0,0,0,0,0,0,0,0,0,0,0,0,0,0,0,0,0,0,0,0,1.951,0,0,0,0,1.951,06037401201
401202,2022,2,3,5,0,25,41,32,11,0,2,0,2,34,0,0,0,0,0,0,0,1,9,15,0.0,0.0,1.951,10.728,21.790000000000003,0.0,0.0,0.019,0.018000000000000002,0.057,0.0,0.0,0.077,0.059,0.16999999999999998,0.0,0.0,1.874,10.668,21.621,0,0,0,0,0,0,0,0,0,0,0,0,0,0,0,0,0,0,0,0,0,68.469,0,0,0,0,68.469,06037401202
401203,2022,2,3,5,0,25,48,32,0,0,0,0,1,2,0,0,0,0,0,0,1,0,0,0,0.0,1.203,0.0,0.0,0.0,0.0,0.018,0.0,0.0,0.0,0.0,0.057,0.0,0.0,0.0,0.0,1.146,0.0,0.0,0.0,0,0,0,0,0,0,0,0,0,0,0,0,0,0,0,0,0,0,0,0,0,3.203,0,0,0,0,3.203,06037401203
401303,2022,2,3,5,0,20,55,32,0,0,0,0,0,0,0,0,0,0,0,0,0,0,0,0,0.0,0.0,0.0,0.0,0.0,0.0,0.0,0.0,0.0,0.0,0.0,0.0,0.0,0.0,0.0,0.0,0.0,0.0,0.0,0.0,0,0,0,0,0,0,0,0,0,0,0,0,0,0,0,0,0,0,0,0,0,0.0,0,0,0,0,0.0,06037401303
401304,2022,2,3,5,0,25,41,32,0,0,0,0,1,0,0,0,0,0,0,0,0,0,0,1,0.0,0.0,0.0,0.0,1.453,0.0,0.0,0.0,0.0,0.004,0.0,0.0,0.0,0.0,0.011,0.0,0.0,0.0,0.0,1.441,0,0,0,0,0,0,0,0,0,0,0,0,0,0,0,0,0,0,0,0,0,1.453,0,0,0,0,1.453,06037401304
401311,2022,2,3,5,0,25,41,32,0,0,0,0,1,2,0,0,0,0,0,0,0,0,0,0,0.0,0.0,0.0,0.0,0.0,0.0,0.0,0.0,0.0,0.0,0.0,0.0,0.0,0.0,0.0,0.0,0.0,0.0,0.0,0.0,0,0,0,0,0,0,0,0,0,0,0,0,0,0,0,0,0,0,0,0,0,2.0,0,0,0,0,2.0,06037401311
401312,2022,2,3,5,0,25,41,32,0,0,0,0,0,0,0,0,0,0,0,0,0,0,0,0,0.0,0.0,0.0,0.0,0.0,0.0,0.0,0.0,0.0,0.0,0.0,0.0,0.0,0.0,0.0,0.0,0.0,0.0,0.0,0.0,0,0,0,0,0,0,0,0,0,0,0,0,0,0,0,0,0,0,0,0,0,0.0,0,0,0,0,0.0,06037401312
401500,2022,2,3,5,0,25,41,32,0,0,0,0,1,3,0,0,0,0,0,0,1,0,0,0,0.0,1.203,0.0,0.0,0.0,0.0,0.018,0.0,0.0,0.0,0.0,0.057,0.0,0.0,0.0,0.0,1.146,0.0,0.0,0.0,0,0,0,0,0,0,0,0,0,0,0,0,0,0,0,0,0,0,0,0,0,4.203,0,0,0,0,4.203,06037401500
401601,2022,2,3,5,0,25,41,32,0,0,0,0,1,24,0,0,0,0,0,2,0,0,2,3,2.671,0.0,0.0,2.384,4.358,0.094,0.0,0.0,0.004,0.011,0.304,0.0,0.0,0.013,0.034,2.367,0.0,0.0,2.371,4.324,0,0,0,0,0,0,0,0,0,0,0,0,0,0,0,0,0,0,0,0,0,33.413,0,0,0,0,33.413,06037401601
401602,2022,2,3,5,0,25,41,32,0,0,0,0,0,0,0,0,0,0,0,0,0,0,0,0,0.0,0.0,0.0,0.0,0.0,0.0,0.0,0.0,0.0,0.0,0.0,0.0,0.0,0.0,0.0,0.0,0.0,0.0,0.0,0.0,0,0,0,0,0,0,0,0,0,0,0,0,0,0,0,0,0,0,0,0,0,0.0,0,0,0,0,0.0,06037401602
401603,2022,2,3,5,0,25,41,32,0,0,0,0,1,0,0,0,0,0,0,0,1,0,0,0,0.0,1.203,0.0,0.0,0.0,0.0,0.018,0.0,0.0,0.0,0.0,0.057,0.0,0.0,0.0,0.0,1.146,0.0,0.0,0.0,0,0,0,0,0,0,0,0,0,0,0,0,0,0,0,0,0,0,0,0,0,1.203,0,0,0,0,1.203,06037401603
401701,2022,2,3,1,0,25,41,27,0,0,0,0,0,0,0,0,0,0,0,0,0,0,0,0,0.0,0.0,0.0,0.0,0.0,0.0,0.0,0.0,0.0,0.0,0.0,0.0,0.0,0.0,0.0,0.0,0.0,0.0,0.0,0.0,0,0,0,0,0,0,0,0,0,0,0,0,0,0,0,0,0,0,0,0,0,0.0,0,0,0,0,0.0,06037401701
401703,2022,2,3,1,0,20,52,35,0,0,0,0,1,13,0,0,0,0,0,0,0,0,0,0,0.0,0.0,0.0,0.0,0.0,0.0,0.0,0.0,0.0,0.0,0.0,0.0,0.0,0.0,0.0,0.0,0.0,0.0,0.0,0.0,0,0,0,0,0,0,0,0,0,0,0,0,0,0,0,0,0,0,0,0,0,13.0,0,0,0,0,13.0,06037401703
401704,2022,2,3,1,0,20,52,35,0,0,0,1,1,3,0,0,0,0,0,1,0,0,0,0,1.336,0.0,0.0,0.0,0.0,0.047,0.0,0.0,0.0,0.0,0.152,0.0,0.0,0.0,0.0,1.184,0.0,0.0,0.0,0.0,11,2,4,0,0,0,0,0,0,0,0,0,0,0,0,0,0,0,0,0,0,4.336,15,0,0,15,19.336,06037401704
401800,2022,2,3,1,0,25,41,27,0,0,0,0,1,1,0,0,0,0,0,1,0,0,0,1,1.336,0.0,0.0,0.0,1.453,0.047,0.0,0.0,0.0,0.004,0.152,0.0,0.0,0.0,0.011,1.184,0.0,0.0,0.0,1.441,0,0,0,0,0,0,0,0,0,0,0,0,0,0,0,0,0,0,0,0,0,3.788,0,0,0,0,3.788,06037401800
401901,2022,2,3,1,0,25,41,27,0,0,0,0,1,2,0,0,0,0,0,0,0,0,0,1,0.0,0.0,0.0,0.0,1.453,0.0,0.0,0.0,0.0,0.004,0.0,0.0,0.0,0.0,0.011,0.0,0.0,0.0,0.0,1.441,0,0,0,0,0,0,0,0,0,0,0,0,0,0,0,0,0,0,0,0,0,3.453,0,0,0,0,3.453,06037401901
401902,2022,2,3,1,0,25,41,27,0,0,0,0,2,3,0,0,0,0,0,0,0,0,0,0,0.0,0.0,0.0,0.0,0.0,0.0,0.0,0.0,0.0,0.0,0.0,0.0,0.0,0.0,0.0,0.0,0.0,0.0,0.0,0.0,0,0,0,0,0,0,0,0,0,0,0,0,0,0,0,0,0,0,0,0,0,3.0,0,0,0,0,3.0,06037401902
402001,2022,2,3,1,0,25,41,27,0,0,0,0,1,2,1,3,0,0,0,0,0,0,0,0,0.0,0.0,0.0,0.0,0.0,0.0,0.0,0.0,0.0,0.0,0.0,0.0,0.0,0.0,0.0,0.0,0.0,0.0,0.0,0.0,0,0,0,0,0,0,0,0,0,0,0,0,0,0,0,0,0,0,0,0,0,5.0,0,0,0,0,5.0,06037402001
402002,2022,2,3,1,0,25,41,27,3,0,1,0,1,6,0,0,0,0,0,1,0,1,0,1,1.336,0.0,1.951,0.0,1.453,0.047,0.0,0.019,0.0,0.004,0.152,0.0,0.077,0.0,0.011,1.184,0.0,1.874,0.0,1.441,0,0,0,0,0,0,0,0,0,0,0,0,0,0,0,0,0,0,0,0,0,10.74,0,0,0,0,10.74,06037402002
402101,2022,2,3,1,0,20,52,35,0,22,0,1,0,0,0,0,0,0,0,0,0,0,0,0,0.0,0.0,0.0,0.0,0.0,0.0,0.0,0.0,0.0,0.0,0.0,0.0,0.0,0.0,0.0,0.0,0.0,0.0,0.0,0.0,3,15,31,1,1,2,0,0,0,0,0,0,0,0,0,0,0,0,0,0,0,0.0,37,0,0,37,37.0,06037402101
402102,2022,2,3,1,0,20,52,35,0,13,0,1,2,11,0,0,0,0,0,0,0,1,1,0,0.0,0.0,1.951,1.192,0.0,0.0,0.0,0.019,0.002,0.0,0.0,0.0,0.077,0.007,0.0,0.0,0.0,1.874,1.185,0.0,29,0,0,3,0,0,0,0,0,0,0,0,0,0,0,0,0,0,0,0,0,14.143,32,0,0,32,46.143,06037402102
402200,2022,2,3,1,0,20,52,35,0,0,0,0,2,36,0,0,0,0,0,10,0,1,1,0,13.355,0.0,1.951,1.192,0.0,0.468,0.0,0.019,0.002,0.0,1.519,0.0,0.077,0.007,0.0,11.836,0.0,1.874,1.185,0.0,0,0,0,0,0,0,0,0,0,0,0,0,0,0,0,0,0,0,0,0,0,52.498999999999995,0,0,0,0,52.498999999999995,06037402200
402301,2022,2,3,1,0,20,52,35,0,0,0,0,1,14,0,0,0,0,0,17,6,8,2,2,22.704,7.219,15.61,2.384,2.905,0.796,0.11,0.152,0.004,0.008,2.582,0.342,0.62,0.013,0.023,20.122,6.877,14.99,2.371,2.883,0,0,0,0,0,0,0,0,0,0,0,0,0,0,0,0,0,0,0,0,0,64.822,0,0,0,0,64.822,06037402301
402303,2022,2,3,1,0,20,52,35,0,0,0,0,1,29,0,0,0,0,0,3,3,0,1,1,4.007,3.609,0.0,1.192,1.453,0.14,0.055,0.0,0.002,0.004,0.456,0.171,0.0,0.007,0.011,3.551,3.439,0.0,1.185,1.441,0,0,0,0,0,0,0,0,0,0,0,0,0,0,0,0,0,0,0,0,0,39.261,0,0,0,0,39.261,06037402303
402304,2022,2,3,1,0,20,52,35,0,0,0,0,1,7,0,0,0,0,0,0,0,0,0,0,0.0,0.0,0.0,0.0,0.0,0.0,0.0,0.0,0.0,0.0,0.0,0.0,0.0,0.0,0.0,0.0,0.0,0.0,0.0,0.0,0,0,0,0,0,0,0,0,0,0,0,0,0,0,0,0,0,0,0,0,0,7.0,0,0,0,0,7.0,06037402304
402402,2022,2,3,1,0,20,52,35,8,0,2,0,2,17,0,0,0,0,0,3,0,4,0,1,4.007,0.0,7.805,0.0,1.453,0.14,0.0,0.076,0.0,0.004,0.456,0.0,0.309,0.0,0.011,3.551,0.0,7.495000000000001,0.0,1.441,0,0,0,0,0,0,0,0,0,0,0,0,0,0,0,0,0,0,0,0,0,30.264,0,0,0,0,30.264,06037402402
402403,2022,2,3,1,0,20,52,35,0,0,0,0,1,2,0,0,0,0,0,3,0,2,0,0,4.007,0.0,3.903,0.0,0.0,0.14,0.0,0.038,0.0,0.0,0.456,0.0,0.155,0.0,0.0,3.551,0.0,3.748,0.0,0.0,0,0,0,0,0,0,0,0,0,0,0,0,0,0,0,0,0,0,0,0,0,9.909,0,0,0,0,9.909,06037402403
402404,2022,2,3,5,0,20,52,35,0,0,0,0,2,4,0,0,0,0,0,4,1,1,0,0,5.342,1.203,1.951,0.0,0.0,0.188,0.018,0.019,0.0,0.0,0.608,0.057,0.077,0.0,0.0,4.734,1.146,1.874,0.0,0.0,0,0,0,0,0,0,0,0,0,0,0,0,0,0,0,0,0,0,0,0,0,12.495999999999999,0,0,0,0,12.495999999999999,06037402404
402405,2022,2,3,1,0,20,52,35,0,0,0,0,0,0,0,0,0,0,0,0,0,0,0,0,0.0,0.0,0.0,0.0,0.0,0.0,0.0,0.0,0.0,0.0,0.0,0.0,0.0,0.0,0.0,0.0,0.0,0.0,0.0,0.0,0,0,0,0,0,0,0,0,0,0,0,0,0,0,0,0,0,0,0,0,0,0.0,0,0,0,0,0.0,06037402405
402406,2022,2,3,1,0,20,52,35,0,0,0,0,1,10,0,0,0,0,0,0,0,0,0,1,0.0,0.0,0.0,0.0,1.453,0.0,0.0,0.0,0.0,0.004,0.0,0.0,0.0,0.0,0.011,0.0,0.0,0.0,0.0,1.441,0,0,0,0,0,0,0,0,0,0,0,0,0,0,0,0,0,0,0,0,0,11.453,0,0,0,0,11.453,06037402406
402501,2022,2,3,1,0,20,52,35,0,141,0,0,1,8,0,0,0,0,0,0,0,5,0,0,0.0,0.0,9.756,0.0,0.0,0.0,0.0,0.095,0.0,0.0,0.0,0.0,0.387,0.0,0.0,0.0,0.0,9.369,0.0,0.0,0,0,0,0,0,0,0,0,0,0,0,0,0,0,0,0,0,0,0,0,0,17.756,0,0,0,0,17.756,06037402501
402502,2022,2,3,1,0,20,52,35,0,0,0,0,1,2,0,0,0,0,0,0,0,0,0,0,0.0,0.0,0.0,0.0,0.0,0.0,0.0,0.0,0.0,0.0,0.0,0.0,0.0,0.0,0.0,0.0,0.0,0.0,0.0,0.0,0,0,0,0,0,0,0,0,0,0,0,0,0,0,0,0,0,0,0,0,0,2.0,0,0,0,0,2.0,06037402502
402600,2022,2,3,1,0,20,52,35,0,43,0,1,1,9,0,0,0,0,0,1,0,1,1,1,1.336,0.0,1.951,1.192,1.453,0.047,0.0,0.019,0.002,0.004,0.152,0.0,0.077,0.007,0.011,1.184,0.0,1.874,1.185,1.441,33,1,2,1,0,0,0,0,0,0,0,0,0,0,0,0,0,0,0,0,0,14.931,36,0,0,36,50.931,06037402600
402702,2022,2,3,1,0,20,52,35,48,0,1,1,1,6,0,0,0,0,0,0,0,0,0,0,0.0,0.0,0.0,0.0,0.0,0.0,0.0,0.0,0.0,0.0,0.0,0.0,0.0,0.0,0.0,0.0,0.0,0.0,0.0,0.0,0,0,0,0,0,0,0,12,5,12,0,0,0,0,0,0,0,0,0,0,0,6.0,0,24,0,24,30.0,06037402702
402703,2022,2,3,1,0,20,52,35,0,0,0,0,0,0,0,0,0,0,0,0,0,0,0,0,0.0,0.0,0.0,0.0,0.0,0.0,0.0,0.0,0.0,0.0,0.0,0.0,0.0,0.0,0.0,0.0,0.0,0.0,0.0,0.0,0,0,0,0,0,0,0,0,0,0,0,0,0,0,0,0,0,0,0,0,0,0.0,0,0,0,0,0.0,06037402703
402705,2022,2,3,1,0,20,52,35,1,0,1,0,0,0,0,0,0,0,0,0,0,0,0,0,0.0,0.0,0.0,0.0,0.0,0.0,0.0,0.0,0.0,0.0,0.0,0.0,0.0,0.0,0.0,0.0,0.0,0.0,0.0,0.0,0,0,0,0,0,0,0,0,0,0,0,0,0,0,0,0,0,0,0,0,0,0.0,0,0,0,0,0.0,06037402705
402706,2022,2,3,1,0,20,52,35,15,0,1,0,0,0,0,0,0,0,0,0,0,0,0,0,0.0,0.0,0.0,0.0,0.0,0.0,0.0,0.0,0.0,0.0,0.0,0.0,0.0,0.0,0.0,0.0,0.0,0.0,0.0,0.0,0,0,0,0,0,0,0,0,0,0,0,0,0,0,0,0,0,0,0,0,0,0.0,0,0,0,0,0.0,06037402706
402801,2022,2,3,1,0,20,52,35,0,0,0,1,2,8,0,0,0,0,0,1,1,3,2,6,1.336,1.203,5.854,2.384,8.717,0.047,0.018,0.056999999999999995,0.004,0.023,0.152,0.057,0.23199999999999998,0.013,0.068,1.184,1.146,5.622,2.371,8.648,83,0,0,2,0,0,0,0,0,0,0,0,0,0,0,0,0,0,0,0,0,27.493000000000002,85,0,0,85,112.493,06037402801
402803,2022,2,3,1,0,20,52,35,0,0,0,0,1,7,0,0,0,0,0,0,0,0,0,0,0.0,0.0,0.0,0.0,0.0,0.0,0.0,0.0,0.0,0.0,0.0,0.0,0.0,0.0,0.0,0.0,0.0,0.0,0.0,0.0,0,0,0,0,0,0,0,0,0,0,0,0,0,0,0,0,0,0,0,0,0,7.0,0,0,0,0,7.0,06037402803
402804,2022,2,3,1,0,20,52,35,0,0,0,0,1,0,0,0,0,0,0,0,1,0,0,0,0.0,1.203,0.0,0.0,0.0,0.0,0.018,0.0,0.0,0.0,0.0,0.057,0.0,0.0,0.0,0.0,1.146,0.0,0.0,0.0,0,0,0,0,0,0,0,0,0,0,0,0,0,0,0,0,0,0,0,0,0,1.203,0,0,0,0,1.203,06037402804
402902,2022,2,3,1,0,20,52,35,0,0,0,1,2,24,0,0,0,0,0,1,0,0,0,0,1.336,0.0,0.0,0.0,0.0,0.047,0.0,0.0,0.0,0.0,0.152,0.0,0.0,0.0,0.0,1.184,0.0,0.0,0.0,0.0,26,0,0,4,0,0,0,0,0,0,0,0,0,0,0,0,0,0,0,0,0,25.336,30,0,0,30,55.336,06037402902
402903,2022,2,3,1,0,20,52,35,0,0,0,0,1,1,0,0,0,0,0,0,0,0,0,0,0.0,0.0,0.0,0.0,0.0,0.0,0.0,0.0,0.0,0.0,0.0,0.0,0.0,0.0,0.0,0.0,0.0,0.0,0.0,0.0,0,0,0,0,0,0,0,0,0,0,0,0,0,0,0,0,0,0,0,0,0,1.0,0,0,0,0,1.0,06037402903
402904,2022,2,3,1,0,20,52,35,0,0,0,0,1,2,0,0,0,0,0,0,0,0,1,0,0.0,0.0,0.0,1.192,0.0,0.0,0.0,0.0,0.002,0.0,0.0,0.0,0.0,0.007,0.0,0.0,0.0,0.0,1.185,0.0,0,0,0,0,0,0,0,0,0,0,0,0,0,0,0,0,0,0,0,0,0,3.192,0,0,0,0,3.192,06037402904
403000,2022,2,3,1,0,20,52,35,0,0,0,0,1,11,1,3,0,0,0,5,1,3,2,1,6.678,1.203,5.854,2.384,1.453,0.234,0.018,0.057,0.004,0.004,0.759,0.057,0.232,0.013,0.011,5.918,1.146,5.621,2.371,1.441,0,0,0,0,0,0,0,0,0,0,0,0,0,0,0,0,0,0,0,0,0,31.571,0,0,0,0,31.571,06037403000
403200,2022,2,3,1,0,20,52,35,0,0,0,0,0,0,0,0,0,0,0,0,0,0,0,0,0.0,0.0,0.0,0.0,0.0,0.0,0.0,0.0,0.0,0.0,0.0,0.0,0.0,0.0,0.0,0.0,0.0,0.0,0.0,0.0,0,0,0,0,0,0,0,0,0,0,0,0,0,0,0,0,0,0,0,0,0,0.0,0,0,0,0,0.0,06037403200
403303,2022,2,3,4,0,29,55,39,0,0,0,0,1,6,0,0,0,0,0,0,0,0,2,4,0.0,0.0,0.0,2.384,5.811,0.0,0.0,0.0,0.004,0.015,0.0,0.0,0.0,0.013,0.045,0.0,0.0,0.0,2.371,5.766,0,0,0,0,0,0,0,0,0,0,0,0,0,0,0,0,0,0,0,0,0,14.195,0,0,0,0,14.195,06037403303
403304,2022,2,3,4,0,29,55,39,0,0,0,0,2,0,0,0,0,0,0,1,0,0,0,1,1.336,0.0,0.0,0.0,1.453,0.047,0.0,0.0,0.0,0.004,0.152,0.0,0.0,0.0,0.011,1.184,0.0,0.0,0.0,1.441,0,0,0,0,0,0,0,0,0,0,0,0,0,0,0,0,0,0,0,0,0,2.789,0,0,0,0,2.789,06037403304
403305,2022,2,3,4,0,29,55,39,0,0,0,0,1,0,0,0,0,0,0,1,0,0,0,0,1.336,0.0,0.0,0.0,0.0,0.047,0.0,0.0,0.0,0.0,0.152,0.0,0.0,0.0,0.0,1.184,0.0,0.0,0.0,0.0,0,0,0,0,0,0,0,0,0,0,0,0,0,0,0,0,0,0,0,0,0,1.336,0,0,0,0,1.336,06037403305
403312,2022,2,3,1,0,29,55,39,0,0,0,0,2,3,0,0,0,0,0,1,1,0,1,0,1.336,1.203,0.0,1.192,0.0,0.047,0.018,0.0,0.002,0.0,0.152,0.057,0.0,0.007,0.0,1.184,1.146,0.0,1.185,0.0,0,0,0,0,0,0,0,0,0,0,0,0,0,0,0,0,0,0,0,0,0,6.731,0,0,0,0,6.731,06037403312
403316,2022,2,3,4,0,29,55,39,0,0,0,0,1,10,0,0,0,0,0,3,0,1,2,1,4.007,0.0,1.951,2.384,1.453,0.14,0.0,0.019,0.004,0.004,0.456,0.0,0.077,0.013,0.011,3.551,0.0,1.874,2.371,1.441,0,0,0,0,0,0,0,0,0,0,0,0,0,0,0,0,0,0,0,0,0,19.794,0,0,0,0,19.794,06037403316
403317,2022,2,3,1,0,20,52,35,0,0,0,0,1,1,0,0,0,0,0,0,0,0,0,11,0.0,0.0,0.0,0.0,15.98,0.0,0.0,0.0,0.0,0.042,0.0,0.0,0.0,0.0,0.125,0.0,0.0,0.0,0.0,15.855,0,0,0,0,0,0,0,0,0,0,0,0,0,0,0,0,0,0,0,0,0,16.98,0,0,0,0,16.98,06037403317
403318,2022,2,3,1,0,20,52,35,0,0,0,0,1,9,0,0,0,0,0,0,0,1,0,1,0.0,0.0,1.951,0.0,1.453,0.0,0.0,0.019,0.0,0.004,0.0,0.0,0.077,0.0,0.011,0.0,0.0,1.874,0.0,1.441,0,0,0,0,0,0,0,0,0,0,0,0,0,0,0,0,0,0,0,0,0,12.404,0,0,0,0,12.404,06037403318
403319,2022,2,3,4,0,29,55,39,0,0,0,0,0,0,0,0,0,0,0,0,0,0,0,0,0.0,0.0,0.0,0.0,0.0,0.0,0.0,0.0,0.0,0.0,0.0,0.0,0.0,0.0,0.0,0.0,0.0,0.0,0.0,0.0,0,0,0,0,0,0,0,0,0,0,0,0,0,0,0,0,0,0,0,0,0,0.0,0,0,0,0,0.0,06037403319
403320,2022,2,3,4,0,29,55,39,0,0,0,0,0,0,0,0,0,0,0,0,0,0,0,0,0.0,0.0,0.0,0.0,0.0,0.0,0.0,0.0,0.0,0.0,0.0,0.0,0.0,0.0,0.0,0.0,0.0,0.0,0.0,0.0,0,0,0,0,0,0,0,0,0,0,0,0,0,0,0,0,0,0,0,0,0,0.0,0,0,0,0,0.0,06037403320
403321,2022,2,3,4,0,29,55,39,0,0,0,0,2,7,0,0,0,0,0,1,1,1,0,4,1.336,1.203,1.951,0.0,5.811,0.047,0.018,0.019,0.0,0.015,0.152,0.057,0.077,0.0,0.045,1.184,1.146,1.874,0.0,5.765,0,0,0,0,0,0,0,0,0,0,0,0,0,0,0,0,0,0,0,0,0,17.301000000000002,0,0,0,0,17.301000000000002,06037403321
403322,2022,2,3,4,0,29,55,39,0,0,0,0,0,0,0,0,0,0,0,0,0,0,0,0,0.0,0.0,0.0,0.0,0.0,0.0,0.0,0.0,0.0,0.0,0.0,0.0,0.0,0.0,0.0,0.0,0.0,0.0,0.0,0.0,0,0,0,0,0,0,0,0,0,0,0,0,0,0,0,0,0,0,0,0,0,0.0,0,0,0,0,0.0,06037403322
403323,2022,2,3,4,0,29,55,39,0,0,0,0,1,1,0,0,0,0,0,1,0,0,0,0,1.336,0.0,0.0,0.0,0.0,0.047,0.0,0.0,0.0,0.0,0.152,0.0,0.0,0.0,0.0,1.184,0.0,0.0,0.0,0.0,0,0,0,0,0,0,0,0,0,0,0,0,0,0,0,0,0,0,0,0,0,2.336,0,0,0,0,2.336,06037403323
403324,2022,2,3,4,0,29,55,39,0,0,0,0,0,0,0,0,0,0,0,0,0,0,0,0,0.0,0.0,0.0,0.0,0.0,0.0,0.0,0.0,0.0,0.0,0.0,0.0,0.0,0.0,0.0,0.0,0.0,0.0,0.0,0.0,0,0,0,0,0,0,0,0,0,0,0,0,0,0,0,0,0,0,0,0,0,0.0,0,0,0,0,0.0,06037403324
403325,2022,2,3,4,0,29,55,39,0,0,0,0,0,0,0,0,0,0,0,0,0,0,0,0,0.0,0.0,0.0,0.0,0.0,0.0,0.0,0.0,0.0,0.0,0.0,0.0,0.0,0.0,0.0,0.0,0.0,0.0,0.0,0.0,0,0,0,0,0,0,0,0,0,0,0,0,0,0,0,0,0,0,0,0,0,0.0,0,0,0,0,0.0,06037403325
403401,2022,2,3,1,0,29,55,39,0,0,0,0,0,0,0,0,0,0,0,0,0,0,0,0,0.0,0.0,0.0,0.0,0.0,0.0,0.0,0.0,0.0,0.0,0.0,0.0,0.0,0.0,0.0,0.0,0.0,0.0,0.0,0.0,0,0,0,0,0,0,0,0,0,0,0,0,0,0,0,0,0,0,0,0,0,0.0,0,0,0,0,0.0,06037403401
403402,2022,2,3,1,0,29,55,39,0,0,0,0,0,0,0,0,0,0,0,0,0,0,0,0,0.0,0.0,0.0,0.0,0.0,0.0,0.0,0.0,0.0,0.0,0.0,0.0,0.0,0.0,0.0,0.0,0.0,0.0,0.0,0.0,0,0,0,0,0,0,0,0,0,0,0,0,0,0,0,0,0,0,0,0,0,0.0,0,0,0,0,0.0,06037403402
403403,2022,2,3,1,0,29,55,39,0,0,0,0,0,0,0,0,0,0,0,0,0,0,0,0,0.0,0.0,0.0,0.0,0.0,0.0,0.0,0.0,0.0,0.0,0.0,0.0,0.0,0.0,0.0,0.0,0.0,0.0,0.0,0.0,0,0,0,0,0,0,0,0,0,0,0,0,0,0,0,0,0,0,0,0,0,0.0,0,0,0,0,0.0,06037403403
403404,2022,2,3,1,0,29,55,39,0,0,0,0,0,0,0,0,0,0,0,0,0,0,0,0,0.0,0.0,0.0,0.0,0.0,0.0,0.0,0.0,0.0,0.0,0.0,0.0,0.0,0.0,0.0,0.0,0.0,0.0,0.0,0.0,0,0,0,0,0,0,0,0,0,0,0,0,0,0,0,0,0,0,0,0,0,0.0,0,0,0,0,0.0,06037403404
403405,2022,2,3,1,0,29,55,39,0,0,0,0,0,0,0,0,0,0,0,0,0,0,0,0,0.0,0.0,0.0,0.0,0.0,0.0,0.0,0.0,0.0,0.0,0.0,0.0,0.0,0.0,0.0,0.0,0.0,0.0,0.0,0.0,0,0,0,0,0,0,0,0,0,0,0,0,0,0,0,0,0,0,0,0,0,0.0,0,0,0,0,0.0,06037403405
403406,2022,2,3,1,0,29,55,39,0,0,0,0,1,2,0,0,0,0,0,1,0,0,0,1,1.336,0.0,0.0,0.0,1.453,0.047,0.0,0.0,0.0,0.004,0.152,0.0,0.0,0.0,0.011,1.184,0.0,0.0,0.0,1.441,0,0,0,0,0,0,0,0,0,0,0,0,0,0,0,0,0,0,0,0,0,4.788,0,0,0,0,4.788,06037403406
403407,2022,2,3,1,0,29,55,39,0,0,0,0,0,0,0,0,0,0,0,0,0,0,0,0,0.0,0.0,0.0,0.0,0.0,0.0,0.0,0.0,0.0,0.0,0.0,0.0,0.0,0.0,0.0,0.0,0.0,0.0,0.0,0.0,0,0,0,0,0,0,0,0,0,0,0,0,0,0,0,0,0,0,0,0,0,0.0,0,0,0,0,0.0,06037403407
403408,2022,2,3,1,0,29,55,39,0,0,0,0,0,0,0,0,0,0,0,0,0,0,0,0,0.0,0.0,0.0,0.0,0.0,0.0,0.0,0.0,0.0,0.0,0.0,0.0,0.0,0.0,0.0,0.0,0.0,0.0,0.0,0.0,0,0,0,0,0,0,0,0,0,0,0,0,0,0,0,0,0,0,0,0,0,0.0,0,0,0,0,0.0,06037403408
403500,2022,2,3,5,0,22,48,32,0,0,0,0,2,6,0,0,0,0,0,0,0,1,4,1,0.0,0.0,1.951,4.768,1.453,0.0,0.0,0.019,0.008,0.004,0.0,0.0,0.077,0.026,0.011,0.0,0.0,1.874,4.741,1.441,0,0,0,0,0,0,0,0,0,0,0,0,0,0,0,0,0,0,0,0,0,14.171000000000001,0,0,0,0,14.171000000000001,06037403500
403600,2022,2,3,5,0,22,48,32,0,0,0,0,0,0,0,0,0,0,0,0,0,0,0,0,0.0,0.0,0.0,0.0,0.0,0.0,0.0,0.0,0.0,0.0,0.0,0.0,0.0,0.0,0.0,0.0,0.0,0.0,0.0,0.0,0,0,0,0,0,0,0,0,0,0,0,0,0,0,0,0,0,0,0,0,0,0.0,0,0,0,0,0.0,06037403600
403702,2022,2,3,5,0,22,48,32,0,0,0,0,0,0,0,0,0,0,0,0,0,0,0,0,0.0,0.0,0.0,0.0,0.0,0.0,0.0,0.0,0.0,0.0,0.0,0.0,0.0,0.0,0.0,0.0,0.0,0.0,0.0,0.0,0,0,0,0,0,0,0,0,0,0,0,0,0,0,0,0,0,0,0,0,0,0.0,0,0,0,0,0.0,06037403702
403703,2022,2,3,5,0,22,48,32,0,0,0,0,0,0,0,0,0,0,0,0,0,0,0,0,0.0,0.0,0.0,0.0,0.0,0.0,0.0,0.0,0.0,0.0,0.0,0.0,0.0,0.0,0.0,0.0,0.0,0.0,0.0,0.0,0,0,0,0,0,0,0,0,0,0,0,0,0,0,0,0,0,0,0,0,0,0.0,0,0,0,0,0.0,06037403703
403721,2022,2,3,5,0,22,48,32,0,0,0,0,0,0,0,0,0,0,0,0,0,0,0,0,0.0,0.0,0.0,0.0,0.0,0.0,0.0,0.0,0.0,0.0,0.0,0.0,0.0,0.0,0.0,0.0,0.0,0.0,0.0,0.0,0,0,0,0,0,0,0,0,0,0,0,0,0,0,0,0,0,0,0,0,0,0.0,0,0,0,0,0.0,06037403721
403722,2022,2,3,5,0,22,48,32,0,0,0,0,1,2,0,0,0,0,0,1,0,0,0,0,1.336,0.0,0.0,0.0,0.0,0.047,0.0,0.0,0.0,0.0,0.152,0.0,0.0,0.0,0.0,1.184,0.0,0.0,0.0,0.0,0,0,0,0,0,0,0,0,0,0,0,0,0,0,0,0,0,0,0,0,0,3.336,0,0,0,0,3.336,06037403722
403801,2022,2,3,5,0,22,48,32,0,0,0,0,4,3,0,0,0,0,0,5,3,4,0,0,6.677999999999999,3.609,7.804,0.0,0.0,0.234,0.05399999999999999,0.076,0.0,0.0,0.76,0.171,0.308,0.0,0.0,5.918,3.4379999999999997,7.496,0.0,0.0,0,0,0,0,0,0,0,0,0,0,0,0,0,0,0,0,0,0,0,0,0,21.091,0,0,0,0,21.091,06037403801
403802,2022,2,3,5,0,22,48,32,0,0,0,0,2,15,0,0,0,0,0,1,1,8,0,2,1.336,1.203,15.610000000000001,0.0,2.905,0.047,0.018,0.152,0.0,0.008,0.152,0.057,0.619,0.0,0.023,1.184,1.146,14.991000000000001,0.0,2.883,0,0,0,0,0,0,0,0,0,0,0,0,0,0,0,0,0,0,0,0,0,36.054,0,0,0,0,36.054,06037403802
403901,2022,2,3,5,0,22,48,32,0,0,0,0,1,5,0,0,0,0,0,0,0,0,3,1,0.0,0.0,0.0,3.576,1.453,0.0,0.0,0.0,0.006,0.004,0.0,0.0,0.0,0.02,0.011,0.0,0.0,0.0,3.556,1.441,0,0,0,0,0,0,0,0,0,0,0,0,0,0,0,0,0,0,0,0,0,10.029,0,0,0,0,10.029,06037403901
403902,2022,2,3,5,0,25,48,32,0,0,0,0,0,0,0,0,0,0,0,0,0,0,0,0,0.0,0.0,0.0,0.0,0.0,0.0,0.0,0.0,0.0,0.0,0.0,0.0,0.0,0.0,0.0,0.0,0.0,0.0,0.0,0.0,0,0,0,0,0,0,0,0,0,0,0,0,0,0,0,0,0,0,0,0,0,0.0,0,0,0,0,0.0,06037403902
404000,2022,2,3,1,0,22,48,32,1,0,1,0,1,4,0,0,0,0,0,0,0,0,1,1,0.0,0.0,0.0,1.192,1.453,0.0,0.0,0.0,0.002,0.004,0.0,0.0,0.0,0.007,0.011,0.0,0.0,0.0,1.185,1.441,0,0,0,0,0,0,0,0,0,0,0,0,0,0,0,0,0,0,0,0,0,6.645,0,0,0,0,6.645,06037404000
404100,2022,2,3,1,0,22,48,32,0,0,0,0,1,2,0,0,0,0,0,0,0,0,1,0,0.0,0.0,0.0,1.192,0.0,0.0,0.0,0.0,0.002,0.0,0.0,0.0,0.0,0.007,0.0,0.0,0.0,0.0,1.185,0.0,0,0,0,0,0,0,0,0,0,0,0,0,0,0,0,0,0,0,0,0,0,3.192,0,0,0,0,3.192,06037404100
404201,2022,2,3,1,0,22,48,32,0,0,0,0,1,16,0,0,0,0,0,1,0,0,3,3,1.336,0.0,0.0,3.576,4.358,0.047,0.0,0.0,0.006,0.011,0.152,0.0,0.0,0.02,0.034,1.184,0.0,0.0,3.556,4.324,0,0,0,0,0,0,0,0,0,0,0,0,0,0,0,0,0,0,0,0,0,25.27,0,0,0,0,25.27,06037404201
404202,2022,2,3,1,0,22,48,32,0,5,0,1,0,0,0,0,0,0,0,0,0,0,0,0,0.0,0.0,0.0,0.0,0.0,0.0,0.0,0.0,0.0,0.0,0.0,0.0,0.0,0.0,0.0,0.0,0.0,0.0,0.0,0.0,0,0,0,0,0,0,0,0,0,0,3,0,0,0,0,0,0,0,0,0,0,0.0,0,3,0,3,3.0,06037404202
404301,2022,2,3,1,0,22,48,32,2,0,1,0,1,18,0,0,0,0,0,1,0,0,0,0,1.336,0.0,0.0,0.0,0.0,0.047,0.0,0.0,0.0,0.0,0.152,0.0,0.0,0.0,0.0,1.184,0.0,0.0,0.0,0.0,0,0,0,0,0,0,0,0,0,0,0,0,0,0,0,0,0,0,0,0,0,19.336,0,0,0,0,19.336,06037404301
404302,2022,2,3,1,0,22,48,32,0,0,0,0,1,6,0,0,0,0,0,0,0,0,3,3,0.0,0.0,0.0,3.576,4.358,0.0,0.0,0.0,0.006,0.011,0.0,0.0,0.0,0.02,0.034,0.0,0.0,0.0,3.556,4.324,0,0,0,0,0,0,0,0,0,0,0,0,0,0,0,0,0,0,0,0,0,13.934,0,0,0,0,13.934,06037404302
404401,2022,2,3,1,0,22,48,32,0,0,0,0,1,0,0,0,0,0,0,0,0,0,1,0,0.0,0.0,0.0,1.192,0.0,0.0,0.0,0.0,0.002,0.0,0.0,0.0,0.0,0.007,0.0,0.0,0.0,0.0,1.185,0.0,0,0,0,0,0,0,0,0,0,0,0,0,0,0,0,0,0,0,0,0,0,1.192,0,0,0,0,1.192,06037404401
404402,2022,2,3,1,0,22,48,32,0,0,0,0,2,4,0,0,0,0,0,0,0,1,0,0,0.0,0.0,1.951,0.0,0.0,0.0,0.0,0.019,0.0,0.0,0.0,0.0,0.077,0.0,0.0,0.0,0.0,1.874,0.0,0.0,0,0,0,0,0,0,0,0,0,0,0,0,0,0,0,0,0,0,0,0,0,5.951,0,0,0,0,5.951,06037404402
404501,2022,2,3,1,0,22,48,32,0,0,0,0,0,0,0,0,0,0,0,0,0,0,0,0,0.0,0.0,0.0,0.0,0.0,0.0,0.0,0.0,0.0,0.0,0.0,0.0,0.0,0.0,0.0,0.0,0.0,0.0,0.0,0.0,0,0,0,0,0,0,0,0,0,0,0,0,0,0,0,0,0,0,0,0,0,0.0,0,0,0,0,0.0,06037404501
404503,2022,2,3,1,0,22,48,32,0,0,0,0,1,2,0,0,0,0,0,0,0,0,0,0,0.0,0.0,0.0,0.0,0.0,0.0,0.0,0.0,0.0,0.0,0.0,0.0,0.0,0.0,0.0,0.0,0.0,0.0,0.0,0.0,0,0,0,0,0,0,0,0,0,0,0,0,0,0,0,0,0,0,0,0,0,2.0,0,0,0,0,2.0,06037404503
404504,2022,2,3,1,0,22,48,32,0,0,0,0,2,1,0,0,0,0,0,0,0,1,0,1,0.0,0.0,1.951,0.0,1.453,0.0,0.0,0.019,0.0,0.004,0.0,0.0,0.077,0.0,0.011,0.0,0.0,1.874,0.0,1.441,0,0,0,0,0,0,0,0,0,0,0,0,0,0,0,0,0,0,0,0,0,4.404,0,0,0,0,4.404,06037404504
404600,2022,2,3,1,0,22,48,32,37,1,1,0,2,40,0,0,0,0,0,1,0,1,55,72,1.336,0.0,1.951,65.557,104.6,0.047,0.0,0.019,0.106,0.272,0.152,0.0,0.077,0.361,0.815,1.184,0.0,1.874,65.195,103.78,0,0,0,0,0,0,0,0,0,0,0,0,0,0,0,0,0,0,0,0,0,213.437,0,0,0,0,213.437,06037404600
404701,2022,2,3,1,0,22,48,32,2,0,1,0,1,5,0,0,0,0,0,2,0,0,4,11,2.671,0.0,0.0,4.768,15.98,0.094,0.0,0.0,0.008,0.042,0.304,0.0,0.0,0.026,0.125,2.367,0.0,0.0,4.741,15.855,0,0,0,0,0,0,0,0,0,0,0,0,0,0,0,0,0,0,0,0,0,28.419,0,0,0,0,28.419,06037404701
404702,2022,2,3,1,0,22,48,32,0,0,0,0,1,5,0,0,0,0,0,0,0,1,0,2,0.0,0.0,1.951,0.0,2.905,0.0,0.0,0.019,0.0,0.008,0.0,0.0,0.077,0.0,0.023,0.0,0.0,1.874,0.0,2.883,0,0,0,0,0,0,0,0,0,0,0,0,0,0,0,0,0,0,0,0,0,9.857,0,0,0,0,9.857,06037404702
404703,2022,2,3,1,0,22,48,32,0,0,0,0,1,11,0,0,0,0,0,0,0,0,0,6,0.0,0.0,0.0,0.0,8.716,0.0,0.0,0.0,0.0,0.023,0.0,0.0,0.0,0.0,0.068,0.0,0.0,0.0,0.0,8.648,0,0,0,0,0,0,0,0,0,0,0,0,0,0,0,0,0,0,0,0,0,19.716,0,0,0,0,19.716,06037404703
404801,2022,2,3,1,0,22,48,32,0,0,0,0,1,3,0,0,0,0,0,0,0,0,1,4,0.0,0.0,0.0,1.192,5.811,0.0,0.0,0.0,0.002,0.015,0.0,0.0,0.0,0.007,0.045,0.0,0.0,0.0,1.185,5.766,0,0,0,0,0,0,0,0,0,0,0,0,0,0,0,0,0,0,0,0,0,10.003,0,0,0,0,10.003,06037404801
404802,2022,2,3,1,0,22,48,32,0,30,0,1,1,0,0,0,0,0,0,0,0,3,0,0,0.0,0.0,5.854,0.0,0.0,0.0,0.0,0.057,0.0,0.0,0.0,0.0,0.232,0.0,0.0,0.0,0.0,5.621,0.0,0.0,100,0,0,2,0,0,0,0,0,0,0,0,0,0,0,0,0,0,0,0,0,5.854,102,0,0,102,107.85,06037404802
404803,2022,2,3,1,0,22,48,32,0,0,0,0,1,3,0,0,0,0,0,0,0,0,0,0,0.0,0.0,0.0,0.0,0.0,0.0,0.0,0.0,0.0,0.0,0.0,0.0,0.0,0.0,0.0,0.0,0.0,0.0,0.0,0.0,0,0,0,0,0,0,0,0,0,0,0,0,0,0,0,0,0,0,0,0,0,3.0,0,0,0,0,3.0,06037404803
404901,2022,2,3,1,0,22,48,32,0,0,0,0,0,0,0,0,0,0,0,0,0,0,0,0,0.0,0.0,0.0,0.0,0.0,0.0,0.0,0.0,0.0,0.0,0.0,0.0,0.0,0.0,0.0,0.0,0.0,0.0,0.0,0.0,0,0,0,0,0,0,0,0,0,0,0,0,0,0,0,0,0,0,0,0,0,0.0,0,0,0,0,0.0,06037404901
404902,2022,2,3,1,0,22,48,32,0,0,0,0,1,2,0,0,0,0,0,1,0,0,0,0,1.336,0.0,0.0,0.0,0.0,0.047,0.0,0.0,0.0,0.0,0.152,0.0,0.0,0.0,0.0,1.184,0.0,0.0,0.0,0.0,0,0,0,0,0,0,0,0,0,0,0,0,0,0,0,0,0,0,0,0,0,3.336,0,0,0,0,3.336,06037404902
404903,2022,2,3,1,0,22,48,32,0,0,0,0,1,5,0,0,0,0,0,1,0,0,2,0,1.336,0.0,0.0,2.384,0.0,0.047,0.0,0.0,0.004,0.0,0.152,0.0,0.0,0.013,0.0,1.184,0.0,0.0,2.371,0.0,0,0,0,0,0,0,0,0,0,0,0,0,0,0,0,0,0,0,0,0,0,8.719,0,0,0,0,8.719,06037404903
405001,2022,2,3,1,0,22,48,32,0,0,0,0,1,2,0,0,0,0,0,1,0,2,0,0,1.336,0.0,3.903,0.0,0.0,0.047,0.0,0.038,0.0,0.0,0.152,0.0,0.155,0.0,0.0,1.184,0.0,3.748,0.0,0.0,0,0,0,0,0,0,0,0,0,0,0,0,0,0,0,0,0,0,0,0,0,7.238,0,0,0,0,7.238,06037405001
405002,2022,2,3,1,0,22,48,32,0,0,0,0,0,0,0,0,0,0,0,0,0,0,0,0,0.0,0.0,0.0,0.0,0.0,0.0,0.0,0.0,0.0,0.0,0.0,0.0,0.0,0.0,0.0,0.0,0.0,0.0,0.0,0.0,0,0,0,0,0,0,0,0,0,0,0,0,0,0,0,0,0,0,0,0,0,0.0,0,0,0,0,0.0,06037405002
405101,2022,2,3,1,0,22,48,32,0,0,0,0,1,4,0,0,0,0,0,0,0,1,0,0,0.0,0.0,1.951,0.0,0.0,0.0,0.0,0.019,0.0,0.0,0.0,0.0,0.077,0.0,0.0,0.0,0.0,1.874,0.0,0.0,0,0,0,0,0,0,0,0,0,0,0,0,0,0,0,0,0,0,0,0,0,5.951,0,0,0,0,5.951,06037405101
405102,2022,2,3,1,0,22,48,32,0,0,0,0,1,15,0,0,0,0,0,4,0,2,0,1,5.342,0.0,3.903,0.0,1.453,0.187,0.0,0.038,0.0,0.004,0.608,0.0,0.155,0.0,0.011,4.735,0.0,3.748,0.0,1.441,0,0,0,0,0,0,0,0,0,0,0,0,0,0,0,0,0,0,0,0,0,25.697,0,0,0,0,25.697,06037405102
405201,2022,2,3,1,0,22,48,32,1,0,1,0,1,2,0,0,0,0,0,0,0,2,1,2,0.0,0.0,3.903,1.192,2.905,0.0,0.0,0.038,0.002,0.008,0.0,0.0,0.155,0.007,0.023,0.0,0.0,3.748,1.185,2.883,0,0,0,0,0,0,0,0,0,0,0,0,0,0,0,0,0,0,0,0,0,10.0,0,0,0,0,10.0,06037405201
405202,2022,2,3,1,0,22,48,32,0,0,0,0,1,11,0,0,0,0,0,4,0,0,0,5,5.342,0.0,0.0,0.0,7.264,0.187,0.0,0.0,0.0,0.019,0.608,0.0,0.0,0.0,0.057,4.735,0.0,0.0,0.0,7.207,0,0,0,0,0,0,0,0,0,0,0,0,0,0,0,0,0,0,0,0,0,23.606,0,0,0,0,23.606,06037405202
405203,2022,2,3,1,0,22,48,32,0,0,0,0,1,0,0,0,0,0,0,2,0,1,0,0,2.671,0.0,1.951,0.0,0.0,0.094,0.0,0.019,0.0,0.0,0.304,0.0,0.077,0.0,0.0,2.367,0.0,1.874,0.0,0.0,0,0,0,0,0,0,0,0,0,0,0,0,0,0,0,0,0,0,0,0,0,4.622,0,0,0,0,4.622,06037405203
405301,2022,2,3,1,0,22,48,32,0,0,0,0,0,0,0,0,0,0,0,0,0,0,0,0,0.0,0.0,0.0,0.0,0.0,0.0,0.0,0.0,0.0,0.0,0.0,0.0,0.0,0.0,0.0,0.0,0.0,0.0,0.0,0.0,0,0,0,0,0,0,0,0,0,0,0,0,0,0,0,0,0,0,0,0,0,0.0,0,0,0,0,0.0,06037405301
405302,2022,2,3,1,0,22,48,32,0,0,0,0,1,0,0,0,0,0,0,0,0,1,0,0,0.0,0.0,1.951,0.0,0.0,0.0,0.0,0.019,0.0,0.0,0.0,0.0,0.077,0.0,0.0,0.0,0.0,1.874,0.0,0.0,0,0,0,0,0,0,0,0,0,0,0,0,0,0,0,0,0,0,0,0,0,1.951,0,0,0,0,1.951,06037405302
405400,2022,2,3,1,0,22,48,32,0,0,0,0,2,1,0,0,0,0,0,0,1,5,0,0,0.0,1.203,9.757000000000001,0.0,0.0,0.0,0.018,0.095,0.0,0.0,0.0,0.057,0.387,0.0,0.0,0.0,1.146,9.369,0.0,0.0,0,0,0,0,0,0,0,0,0,0,0,0,0,0,0,0,0,0,0,0,0,11.96,0,0,0,0,11.96,06037405400
405500,2022,2,3,1,0,22,48,32,0,0,0,0,2,0,0,0,0,0,0,0,0,2,0,0,0.0,0.0,3.902,0.0,0.0,0.0,0.0,0.038,0.0,0.0,0.0,0.0,0.154,0.0,0.0,0.0,0.0,3.748,0.0,0.0,0,0,0,0,0,0,0,0,0,0,0,0,0,0,0,0,0,0,0,0,0,3.902,0,0,0,0,3.902,06037405500
405600,2022,2,3,1,0,22,48,32,2,0,1,0,1,1,0,0,0,0,0,0,0,0,0,0,0.0,0.0,0.0,0.0,0.0,0.0,0.0,0.0,0.0,0.0,0.0,0.0,0.0,0.0,0.0,0.0,0.0,0.0,0.0,0.0,0,0,0,0,0,0,0,0,0,0,0,0,0,0,0,0,0,0,0,0,0,1.0,0,0,0,0,1.0,06037405600
405701,2022,2,3,5,0,22,48,32,0,0,0,0,1,0,0,0,0,0,0,1,0,0,0,0,1.336,0.0,0.0,0.0,0.0,0.047,0.0,0.0,0.0,0.0,0.152,0.0,0.0,0.0,0.0,1.184,0.0,0.0,0.0,0.0,0,0,0,0,0,0,0,0,0,0,0,0,0,0,0,0,0,0,0,0,0,1.336,0,0,0,0,1.336,06037405701
405702,2022,2,3,5,0,22,48,32,0,6,0,1,1,5,0,0,0,0,0,0,2,0,0,0,0.0,2.406,0.0,0.0,0.0,0.0,0.037,0.0,0.0,0.0,0.0,0.114,0.0,0.0,0.0,0.0,2.292,0.0,0.0,0.0,0,0,0,0,0,0,0,0,1,2,0,0,0,1,0,0,0,0,0,0,0,7.406,0,3,0,3,10.406,06037405702
405800,2022,2,3,5,0,22,48,32,0,0,0,0,1,0,0,0,0,0,0,0,0,0,1,0,0.0,0.0,0.0,1.192,0.0,0.0,0.0,0.0,0.002,0.0,0.0,0.0,0.0,0.007,0.0,0.0,0.0,0.0,1.185,0.0,0,0,0,0,0,0,0,0,0,0,0,0,0,0,0,0,0,0,0,0,0,1.192,0,0,0,0,1.192,06037405800
405900,2022,2,3,5,0,22,48,32,0,0,0,0,2,0,0,0,0,0,0,0,0,6,0,0,0.0,0.0,11.708,0.0,0.0,0.0,0.0,0.114,0.0,0.0,0.0,0.0,0.465,0.0,0.0,0.0,0.0,11.243,0.0,0.0,0,0,0,0,0,0,0,0,0,0,0,0,0,0,0,0,0,0,0,0,0,11.708,0,0,0,0,11.708,06037405900
406000,2022,2,3,5,0,22,48,32,0,0,0,0,1,2,0,0,0,0,0,0,0,0,0,1,0.0,0.0,0.0,0.0,1.453,0.0,0.0,0.0,0.0,0.004,0.0,0.0,0.0,0.0,0.011,0.0,0.0,0.0,0.0,1.441,0,0,0,0,0,0,0,0,0,0,0,0,0,0,0,0,0,0,0,0,0,3.453,0,0,0,0,3.453,06037406000
406101,2022,2,3,5,0,22,48,32,0,0,0,0,1,4,0,0,0,0,0,0,0,0,0,0,0.0,0.0,0.0,0.0,0.0,0.0,0.0,0.0,0.0,0.0,0.0,0.0,0.0,0.0,0.0,0.0,0.0,0.0,0.0,0.0,0,0,0,0,0,0,0,0,0,0,0,0,0,0,0,0,0,0,0,0,0,4.0,0,0,0,0,4.0,06037406101
406102,2022,2,3,5,0,22,48,32,0,0,0,0,1,5,0,0,0,0,0,0,0,0,0,0,0.0,0.0,0.0,0.0,0.0,0.0,0.0,0.0,0.0,0.0,0.0,0.0,0.0,0.0,0.0,0.0,0.0,0.0,0.0,0.0,0,0,0,0,0,0,0,0,0,0,0,0,0,0,0,0,0,0,0,0,0,5.0,0,0,0,0,5.0,06037406102
406200,2022,2,3,1,0,22,48,32,1,0,1,0,1,1,0,0,0,0,0,0,0,0,0,2,0.0,0.0,0.0,0.0,2.905,0.0,0.0,0.0,0.0,0.008,0.0,0.0,0.0,0.0,0.023,0.0,0.0,0.0,0.0,2.883,0,0,0,0,0,0,0,0,0,0,0,0,0,0,0,0,0,0,0,0,0,3.905,0,0,0,0,3.905,06037406200
406300,2022,2,3,1,0,9,55,32,0,0,0,0,0,0,0,0,0,0,0,0,0,0,0,0,0.0,0.0,0.0,0.0,0.0,0.0,0.0,0.0,0.0,0.0,0.0,0.0,0.0,0.0,0.0,0.0,0.0,0.0,0.0,0.0,0,0,0,0,0,0,0,0,0,0,0,0,0,0,0,0,0,0,0,0,0,0.0,0,0,0,0,0.0,06037406300
406402,2022,2,3,1,0,22,48,32,0,0,0,0,0,0,0,0,0,0,0,0,0,0,0,0,0.0,0.0,0.0,0.0,0.0,0.0,0.0,0.0,0.0,0.0,0.0,0.0,0.0,0.0,0.0,0.0,0.0,0.0,0.0,0.0,0,0,0,0,0,0,0,0,0,0,0,0,0,0,0,0,0,0,0,0,0,0.0,0,0,0,0,0.0,06037406402
406411,2022,2,3,1,0,22,48,32,0,0,0,0,0,0,0,0,0,0,0,0,0,0,0,0,0.0,0.0,0.0,0.0,0.0,0.0,0.0,0.0,0.0,0.0,0.0,0.0,0.0,0.0,0.0,0.0,0.0,0.0,0.0,0.0,0,0,0,0,0,0,0,0,0,0,0,0,0,0,0,0,0,0,0,0,0,0.0,0,0,0,0,0.0,06037406411
406412,2022,2,3,1,0,22,48,32,0,0,0,0,0,0,0,0,0,0,0,0,0,0,0,0,0.0,0.0,0.0,0.0,0.0,0.0,0.0,0.0,0.0,0.0,0.0,0.0,0.0,0.0,0.0,0.0,0.0,0.0,0.0,0.0,0,0,0,0,0,0,0,0,0,0,0,0,0,0,0,0,0,0,0,0,0,0.0,0,0,0,0,0.0,06037406412
406500,2022,2,3,1,0,22,48,32,0,0,0,0,0,0,0,0,0,0,0,0,0,0,0,0,0.0,0.0,0.0,0.0,0.0,0.0,0.0,0.0,0.0,0.0,0.0,0.0,0.0,0.0,0.0,0.0,0.0,0.0,0.0,0.0,0,0,0,0,0,0,0,0,0,0,0,0,0,0,0,0,0,0,0,0,0,0.0,0,0,0,0,0.0,06037406500
406601,2022,2,3,1,0,22,48,32,0,0,0,0,2,4,0,0,0,0,0,0,0,0,0,1,0.0,0.0,0.0,0.0,1.453,0.0,0.0,0.0,0.0,0.004,0.0,0.0,0.0,0.0,0.011,0.0,0.0,0.0,0.0,1.441,0,0,0,0,0,0,0,0,0,0,0,0,0,0,0,0,0,0,0,0,0,5.453,0,0,0,0,5.453,06037406601
406602,2022,2,3,1,0,22,48,32,1,0,1,0,0,0,0,0,0,0,0,0,0,0,0,0,0.0,0.0,0.0,0.0,0.0,0.0,0.0,0.0,0.0,0.0,0.0,0.0,0.0,0.0,0.0,0.0,0.0,0.0,0.0,0.0,0,0,0,0,0,0,0,0,0,0,0,0,0,0,0,0,0,0,0,0,0,0.0,0,0,0,0,0.0,06037406602
406701,2022,2,3,1,0,22,48,32,0,0,0,0,1,1,0,0,0,0,0,0,0,0,0,2,0.0,0.0,0.0,0.0,2.905,0.0,0.0,0.0,0.0,0.008,0.0,0.0,0.0,0.0,0.023,0.0,0.0,0.0,0.0,2.883,0,0,0,0,0,0,0,0,0,0,0,0,0,0,0,0,0,0,0,0,0,3.905,0,0,0,0,3.905,06037406701
406702,2022,2,3,1,0,22,48,32,1,0,1,0,1,1,0,0,0,0,0,0,1,0,0,0,0.0,1.203,0.0,0.0,0.0,0.0,0.018,0.0,0.0,0.0,0.0,0.057,0.0,0.0,0.0,0.0,1.146,0.0,0.0,0.0,0,0,0,0,0,0,0,0,0,0,0,0,0,0,0,0,0,0,0,0,0,2.203,0,0,0,0,2.203,06037406702
406800,2022,2,3,1,0,22,48,32,0,0,0,0,0,0,0,0,0,0,0,0,0,0,0,0,0.0,0.0,0.0,0.0,0.0,0.0,0.0,0.0,0.0,0.0,0.0,0.0,0.0,0.0,0.0,0.0,0.0,0.0,0.0,0.0,0,0,0,0,0,0,0,0,0,0,0,0,0,0,0,0,0,0,0,0,0,0.0,0,0,0,0,0.0,06037406800
406901,2022,2,3,1,0,22,48,32,0,0,0,0,3,6,0,0,0,0,0,0,3,0,1,0,0.0,3.6090000000000004,0.0,1.192,0.0,0.0,0.055,0.0,0.002,0.0,0.0,0.17099999999999999,0.0,0.007,0.0,0.0,3.4379999999999997,0.0,1.185,0.0,0,0,0,0,0,0,0,0,0,0,0,0,0,0,0,0,0,0,0,0,0,10.800999999999998,0,0,0,0,10.800999999999998,06037406901
406902,2022,2,3,1,0,22,32,32,0,0,0,0,2,8,0,0,0,0,0,1,1,1,0,0,1.336,1.203,1.951,0.0,0.0,0.047,0.018,0.019,0.0,0.0,0.152,0.057,0.077,0.0,0.0,1.184,1.146,1.874,0.0,0.0,0,0,0,0,0,0,0,0,0,0,0,0,0,0,0,0,0,0,0,0,0,12.489999999999998,0,0,0,0,12.489999999999998,06037406902
407001,2022,2,3,1,0,22,48,32,0,0,0,0,2,5,0,0,0,0,0,0,0,2,0,0,0.0,0.0,3.902,0.0,0.0,0.0,0.0,0.038,0.0,0.0,0.0,0.0,0.154,0.0,0.0,0.0,0.0,3.748,0.0,0.0,0,0,0,0,0,0,0,0,0,0,0,0,0,0,0,0,0,0,0,0,0,8.902,0,0,0,0,8.902,06037407001
407002,2022,2,3,1,0,22,48,32,0,0,0,0,2,9,0,0,0,0,0,2,0,0,2,7,2.671,0.0,0.0,2.384,10.168999999999999,0.094,0.0,0.0,0.004,0.027,0.304,0.0,0.0,0.013,0.079,2.367,0.0,0.0,2.371,10.089,0,0,0,0,0,0,0,0,0,0,0,0,0,0,0,0,0,0,0,0,0,24.224,0,0,0,0,24.224,06037407002
407101,2022,2,3,1,0,22,57,32,0,0,0,0,1,2,0,0,0,0,0,0,0,1,0,0,0.0,0.0,1.951,0.0,0.0,0.0,0.0,0.019,0.0,0.0,0.0,0.0,0.077,0.0,0.0,0.0,0.0,1.874,0.0,0.0,0,0,0,0,0,0,0,0,0,0,0,0,0,0,0,0,0,0,0,0,0,3.951,0,0,0,0,3.951,06037407101
407102,2022,2,3,1,0,22,57,32,0,0,0,0,0,0,0,0,0,0,0,0,0,0,0,0,0.0,0.0,0.0,0.0,0.0,0.0,0.0,0.0,0.0,0.0,0.0,0.0,0.0,0.0,0.0,0.0,0.0,0.0,0.0,0.0,0,0,0,0,0,0,0,0,0,0,0,0,0,0,0,0,0,0,0,0,0,0.0,0,0,0,0,0.0,06037407102
407200,2022,2,3,1,0,22,57,32,0,0,0,0,1,60,0,0,0,0,0,0,2,2,0,10,0.0,2.406,3.903,0.0,14.527,0.0,0.037,0.038,0.0,0.038,0.0,0.114,0.155,0.0,0.113,0.0,2.292,3.748,0.0,14.414,0,0,0,0,0,0,0,0,0,0,0,0,0,0,0,0,0,0,0,0,0,80.836,0,0,0,0,80.836,06037407200
407301,2022,2,3,1,0,22,57,32,0,0,0,0,1,1,0,0,0,0,0,0,0,0,0,1,0.0,0.0,0.0,0.0,1.453,0.0,0.0,0.0,0.0,0.004,0.0,0.0,0.0,0.0,0.011,0.0,0.0,0.0,0.0,1.441,0,0,0,0,0,0,0,0,0,0,0,0,0,0,0,0,0,0,0,0,0,2.453,0,0,0,0,2.453,06037407301
407302,2022,2,3,1,0,22,48,32,0,0,0,0,1,1,0,0,0,0,0,0,2,6,0,0,0.0,2.406,11.708,0.0,0.0,0.0,0.037,0.114,0.0,0.0,0.0,0.114,0.465,0.0,0.0,0.0,2.292,11.243,0.0,0.0,0,0,0,0,0,0,0,0,0,0,0,0,0,0,0,0,0,0,0,0,0,15.114,0,0,0,0,15.114,06037407302
407400,2022,2,3,1,0,22,48,32,0,0,0,0,1,2,0,0,0,0,0,0,0,0,0,0,0.0,0.0,0.0,0.0,0.0,0.0,0.0,0.0,0.0,0.0,0.0,0.0,0.0,0.0,0.0,0.0,0.0,0.0,0.0,0.0,0,0,0,0,0,0,0,0,0,0,0,0,0,0,0,0,0,0,0,0,0,2.0,0,0,0,0,2.0,06037407400
407501,2022,2,3,1,0,22,48,32,0,0,0,0,0,0,0,0,0,0,0,0,0,0,0,0,0.0,0.0,0.0,0.0,0.0,0.0,0.0,0.0,0.0,0.0,0.0,0.0,0.0,0.0,0.0,0.0,0.0,0.0,0.0,0.0,0,0,0,0,0,0,0,0,0,0,0,0,0,0,0,0,0,0,0,0,0,0.0,0,0,0,0,0.0,06037407501
407502,2022,2,3,1,0,22,48,32,0,0,0,0,0,0,0,0,0,0,0,0,0,0,0,0,0.0,0.0,0.0,0.0,0.0,0.0,0.0,0.0,0.0,0.0,0.0,0.0,0.0,0.0,0.0,0.0,0.0,0.0,0.0,0.0,0,0,0,0,0,0,0,0,0,0,0,0,0,0,0,0,0,0,0,0,0,0.0,0,0,0,0,0.0,06037407502
407601,2022,2,3,1,0,22,57,32,0,0,0,0,1,9,0,0,0,0,0,0,0,0,0,0,0.0,0.0,0.0,0.0,0.0,0.0,0.0,0.0,0.0,0.0,0.0,0.0,0.0,0.0,0.0,0.0,0.0,0.0,0.0,0.0,0,0,0,0,0,0,0,0,0,0,0,0,0,0,0,0,0,0,0,0,0,9.0,0,0,0,0,9.0,06037407601
407602,2022,2,3,1,0,22,57,32,0,0,0,0,1,3,0,0,0,0,0,0,0,0,0,0,0.0,0.0,0.0,0.0,0.0,0.0,0.0,0.0,0.0,0.0,0.0,0.0,0.0,0.0,0.0,0.0,0.0,0.0,0.0,0.0,0,0,0,0,0,0,0,0,0,0,0,0,0,0,0,0,0,0,0,0,0,3.0,0,0,0,0,3.0,06037407602
407701,2022,2,3,1,0,22,57,32,0,0,0,0,1,2,0,0,0,0,0,0,0,0,0,0,0.0,0.0,0.0,0.0,0.0,0.0,0.0,0.0,0.0,0.0,0.0,0.0,0.0,0.0,0.0,0.0,0.0,0.0,0.0,0.0,0,0,0,0,0,0,0,0,0,0,0,0,0,0,0,0,0,0,0,0,0,2.0,0,0,0,0,2.0,06037407701
407702,2022,2,3,1,0,22,57,32,0,0,0,0,3,5,0,0,0,0,0,1,0,0,0,0,1.336,0.0,0.0,0.0,0.0,0.047,0.0,0.0,0.0,0.0,0.152,0.0,0.0,0.0,0.0,1.184,0.0,0.0,0.0,0.0,0,0,0,0,0,0,0,0,0,0,0,0,0,0,0,0,0,0,0,0,0,6.336,0,0,0,0,6.336,06037407702
407801,2022,2,3,1,0,22,48,32,0,0,0,0,0,0,0,0,0,0,0,0,0,0,0,0,0.0,0.0,0.0,0.0,0.0,0.0,0.0,0.0,0.0,0.0,0.0,0.0,0.0,0.0,0.0,0.0,0.0,0.0,0.0,0.0,0,0,0,0,0,0,0,0,0,0,0,0,0,0,0,0,0,0,0,0,0,0.0,0,0,0,0,0.0,06037407801
407802,2022,2,3,1,0,22,48,32,0,0,0,0,2,1,0,0,0,0,0,0,0,1,0,1,0.0,0.0,1.951,0.0,1.453,0.0,0.0,0.019,0.0,0.004,0.0,0.0,0.077,0.0,0.011,0.0,0.0,1.874,0.0,1.441,0,0,0,0,0,0,0,0,0,0,0,0,0,0,0,0,0,0,0,0,0,4.404,0,0,0,0,4.404,06037407802
407900,2022,2,3,1,0,22,48,32,0,0,0,0,1,0,0,0,0,0,0,0,0,1,0,0,0.0,0.0,1.951,0.0,0.0,0.0,0.0,0.019,0.0,0.0,0.0,0.0,0.077,0.0,0.0,0.0,0.0,1.874,0.0,0.0,0,0,0,0,0,0,0,0,0,0,0,0,0,0,0,0,0,0,0,0,0,1.951,0,0,0,0,1.951,06037407900
408003,2022,2,3,1,0,22,48,32,0,0,0,0,0,0,0,0,0,0,0,0,0,0,0,0,0.0,0.0,0.0,0.0,0.0,0.0,0.0,0.0,0.0,0.0,0.0,0.0,0.0,0.0,0.0,0.0,0.0,0.0,0.0,0.0,0,0,0,0,0,0,0,0,0,0,0,0,0,0,0,0,0,0,0,0,0,0.0,0,0,0,0,0.0,06037408003
408004,2022,2,3,1,0,22,48,32,0,74,0,1,1,3,0,0,0,0,0,0,0,2,0,0,0.0,0.0,3.903,0.0,0.0,0.0,0.0,0.038,0.0,0.0,0.0,0.0,0.155,0.0,0.0,0.0,0.0,3.748,0.0,0.0,0,0,0,0,0,0,0,5,1,2,47,5,12,0,0,0,0,0,0,0,0,6.903,0,66,0,66,72.903,06037408004
408005,2022,2,3,1,0,29,55,32,0,0,0,0,0,0,0,0,0,0,0,0,0,0,0,0,0.0,0.0,0.0,0.0,0.0,0.0,0.0,0.0,0.0,0.0,0.0,0.0,0.0,0.0,0.0,0.0,0.0,0.0,0.0,0.0,0,0,0,0,0,0,0,0,0,0,0,0,0,0,0,0,0,0,0,0,0,0.0,0,0,0,0,0.0,06037408005
408006,2022,2,3,1,0,29,55,32,0,0,0,0,0,0,0,0,0,0,0,0,0,0,0,0,0.0,0.0,0.0,0.0,0.0,0.0,0.0,0.0,0.0,0.0,0.0,0.0,0.0,0.0,0.0,0.0,0.0,0.0,0.0,0.0,0,0,0,0,0,0,0,0,0,0,0,0,0,0,0,0,0,0,0,0,0,0.0,0,0,0,0,0.0,06037408006
408133,2022,2,3,1,0,22,32,32,0,0,0,0,0,0,0,0,0,0,0,0,0,0,0,0,0.0,0.0,0.0,0.0,0.0,0.0,0.0,0.0,0.0,0.0,0.0,0.0,0.0,0.0,0.0,0.0,0.0,0.0,0.0,0.0,0,0,0,0,0,0,0,0,0,0,0,0,0,0,0,0,0,0,0,0,0,0.0,0,0,0,0,0.0,06037408133
408134,2022,2,3,1,0,29,55,32,0,0,0,0,0,0,0,0,0,0,0,0,0,0,0,0,0.0,0.0,0.0,0.0,0.0,0.0,0.0,0.0,0.0,0.0,0.0,0.0,0.0,0.0,0.0,0.0,0.0,0.0,0.0,0.0,0,0,0,0,0,0,0,0,0,0,0,0,0,0,0,0,0,0,0,0,0,0.0,0,0,0,0,0.0,06037408134
408135,2022,2,3,1,0,29,55,32,0,0,0,0,0,0,0,0,0,0,0,0,0,0,0,0,0.0,0.0,0.0,0.0,0.0,0.0,0.0,0.0,0.0,0.0,0.0,0.0,0.0,0.0,0.0,0.0,0.0,0.0,0.0,0.0,0,0,0,0,0,0,0,0,0,0,0,0,0,0,0,0,0,0,0,0,0,0.0,0,0,0,0,0.0,06037408135
408136,2022,2,3,1,0,29,55,32,0,0,0,0,0,0,0,0,0,0,0,0,0,0,0,0,0.0,0.0,0.0,0.0,0.0,0.0,0.0,0.0,0.0,0.0,0.0,0.0,0.0,0.0,0.0,0.0,0.0,0.0,0.0,0.0,0,0,0,0,0,0,0,0,0,0,0,0,0,0,0,0,0,0,0,0,0,0.0,0,0,0,0,0.0,06037408136
408137,2022,2,3,1,0,22,55,32,0,0,0,0,1,1,0,0,0,0,0,0,0,0,0,0,0.0,0.0,0.0,0.0,0.0,0.0,0.0,0.0,0.0,0.0,0.0,0.0,0.0,0.0,0.0,0.0,0.0,0.0,0.0,0.0,0,0,0,0,0,0,0,0,0,0,0,0,0,0,0,0,0,0,0,0,0,1.0,0,0,0,0,1.0,06037408137
408138,2022,2,3,1,0,22,57,32,0,0,0,0,0,0,0,0,0,0,0,0,0,0,0,0,0.0,0.0,0.0,0.0,0.0,0.0,0.0,0.0,0.0,0.0,0.0,0.0,0.0,0.0,0.0,0.0,0.0,0.0,0.0,0.0,0,0,0,0,0,0,0,0,0,0,0,0,0,0,0,0,0,0,0,0,0,0.0,0,0,0,0,0.0,06037408138
408139,2022,2,3,1,0,22,57,32,0,0,0,0,0,0,0,0,0,0,0,0,0,0,0,0,0.0,0.0,0.0,0.0,0.0,0.0,0.0,0.0,0.0,0.0,0.0,0.0,0.0,0.0,0.0,0.0,0.0,0.0,0.0,0.0,0,0,0,0,0,0,0,0,0,0,0,0,0,0,0,0,0,0,0,0,0,0.0,0,0,0,0,0.0,06037408139
408140,2022,2,3,1,0,22,57,32,0,0,0,0,1,1,0,0,0,0,0,0,0,1,0,0,0.0,0.0,1.951,0.0,0.0,0.0,0.0,0.019,0.0,0.0,0.0,0.0,0.077,0.0,0.0,0.0,0.0,1.874,0.0,0.0,0,0,0,0,0,0,0,0,0,0,0,0,0,0,0,0,0,0,0,0,0,2.951,0,0,0,0,2.951,06037408140
408141,2022,2,3,1,0,22,57,32,0,0,0,0,0,0,0,0,0,0,0,0,0,0,0,0,0.0,0.0,0.0,0.0,0.0,0.0,0.0,0.0,0.0,0.0,0.0,0.0,0.0,0.0,0.0,0.0,0.0,0.0,0.0,0.0,0,0,0,0,0,0,0,0,0,0,0,0,0,0,0,0,0,0,0,0,0,0.0,0,0,0,0,0.0,06037408141
408202,2022,2,3,1,0,22,57,32,0,0,0,0,4,15,0,0,0,0,0,2,2,4,7,8,2.672,2.406,7.805,8.344,11.620999999999999,0.094,0.037,0.076,0.014,0.031,0.304,0.114,0.309,0.046,0.091,2.368,2.292,7.496,8.297,11.530999999999999,0,0,0,0,0,0,0,0,0,0,0,0,0,0,0,0,0,0,0,0,0,47.847,0,0,0,0,47.847,06037408202
408211,2022,2,3,1,0,22,55,39,0,0,0,0,2,27,0,0,0,0,0,0,0,4,4,20,0.0,0.0,7.805,4.768,29.055,0.0,0.0,0.076,0.008,0.076,0.0,0.0,0.31,0.027,0.226,0.0,0.0,7.495,4.741,28.828,0,0,0,0,0,0,0,0,0,0,0,0,0,0,0,0,0,0,0,0,0,68.628,0,0,0,0,68.628,06037408211
408212,2022,2,3,4,0,29,57,32,0,0,0,0,1,7,0,0,0,0,0,0,0,8,0,2,0.0,0.0,15.61,0.0,2.905,0.0,0.0,0.152,0.0,0.008,0.0,0.0,0.62,0.0,0.023,0.0,0.0,14.99,0.0,2.883,0,0,0,0,0,0,0,0,0,0,0,0,0,0,0,0,0,0,0,0,0,25.515,0,0,0,0,25.515,06037408212
408301,2022,2,3,1,0,22,57,32,0,0,0,0,3,27,0,0,0,0,0,0,4,2,14,9,0.0,4.812,3.902,16.687,13.073999999999998,0.0,0.073,0.038,0.027,0.034,0.0,0.228,0.154,0.092,0.10200000000000001,0.0,4.585,3.748,16.595,12.972,0,0,0,0,0,0,0,0,0,0,0,0,0,0,0,0,0,0,0,0,0,65.477,0,0,0,0,65.477,06037408301
408302,2022,2,3,1,0,22,57,32,0,0,0,0,3,17,0,0,0,0,0,7,0,1,9,9,9.349,0.0,1.951,10.728,13.073999999999998,0.328,0.0,0.019,0.017,0.034,1.063,0.0,0.077,0.059,0.10200000000000001,8.285,0.0,1.874,10.669,12.972,0,0,0,0,0,0,0,0,0,0,0,0,0,0,0,0,0,0,0,0,0,52.102,0,0,0,0,52.102,06037408302
408303,2022,2,3,1,0,22,57,32,0,0,0,0,0,0,0,0,0,0,0,0,0,0,0,0,0.0,0.0,0.0,0.0,0.0,0.0,0.0,0.0,0.0,0.0,0.0,0.0,0.0,0.0,0.0,0.0,0.0,0.0,0.0,0.0,0,0,0,0,0,0,0,0,0,0,0,0,0,0,0,0,0,0,0,0,0,0.0,0,0,0,0,0.0,06037408303
408401,2022,2,3,4,0,32,57,39,0,0,0,0,1,2,0,0,0,0,0,0,2,4,0,0,0.0,2.406,7.805,0.0,0.0,0.0,0.037,0.076,0.0,0.0,0.0,0.114,0.31,0.0,0.0,0.0,2.292,7.495,0.0,0.0,0,0,0,0,0,0,0,0,0,0,0,0,0,0,0,0,0,0,0,0,0,12.211,0,0,0,0,12.211,06037408401
408402,2022,2,3,4,0,22,57,32,0,0,0,1,0,0,0,0,0,0,0,0,0,0,0,0,0.0,0.0,0.0,0.0,0.0,0.0,0.0,0.0,0.0,0.0,0.0,0.0,0.0,0.0,0.0,0.0,0.0,0.0,0.0,0.0,119,0,0,0,0,0,0,0,0,0,0,0,0,0,0,0,0,0,0,0,0,0.0,119,0,0,119,119.0,06037408402
408501,2022,2,3,4,0,32,57,39,0,0,0,0,1,1,0,0,0,0,0,0,0,0,0,0,0.0,0.0,0.0,0.0,0.0,0.0,0.0,0.0,0.0,0.0,0.0,0.0,0.0,0.0,0.0,0.0,0.0,0.0,0.0,0.0,0,0,0,0,0,0,0,0,0,0,0,0,0,0,0,0,0,0,0,0,0,1.0,0,0,0,0,1.0,06037408501
408503,2022,2,3,4,0,32,57,39,0,0,0,0,0,0,0,0,0,0,0,0,0,0,0,0,0.0,0.0,0.0,0.0,0.0,0.0,0.0,0.0,0.0,0.0,0.0,0.0,0.0,0.0,0.0,0.0,0.0,0.0,0.0,0.0,0,0,0,0,0,0,0,0,0,0,0,0,0,0,0,0,0,0,0,0,0,0.0,0,0,0,0,0.0,06037408503
408504,2022,2,3,4,0,32,57,39,0,0,0,0,1,3,0,0,0,0,0,0,0,0,0,0,0.0,0.0,0.0,0.0,0.0,0.0,0.0,0.0,0.0,0.0,0.0,0.0,0.0,0.0,0.0,0.0,0.0,0.0,0.0,0.0,0,0,0,0,0,0,0,0,0,0,0,0,0,0,0,0,0,0,0,0,0,3.0,0,0,0,0,3.0,06037408504
408505,2022,2,3,4,0,32,57,39,0,0,0,0,2,0,0,0,0,0,0,1,0,5,0,0,1.336,0.0,9.757,0.0,0.0,0.047,0.0,0.095,0.0,0.0,0.152,0.0,0.387,0.0,0.0,1.184,0.0,9.369,0.0,0.0,0,0,0,0,0,0,0,0,0,0,0,0,0,0,0,0,0,0,0,0,0,11.092,0,0,0,0,11.092,06037408505
408623,2022,2,3,4,0,32,57,39,0,0,0,0,0,0,0,0,0,0,0,0,0,0,0,0,0.0,0.0,0.0,0.0,0.0,0.0,0.0,0.0,0.0,0.0,0.0,0.0,0.0,0.0,0.0,0.0,0.0,0.0,0.0,0.0,0,0,0,0,0,0,0,0,0,0,0,0,0,0,0,0,0,0,0,0,0,0.0,0,0,0,0,0.0,06037408623
408624,2022,2,3,4,0,32,57,39,0,0,0,0,0,0,0,0,0,0,0,0,0,0,0,0,0.0,0.0,0.0,0.0,0.0,0.0,0.0,0.0,0.0,0.0,0.0,0.0,0.0,0.0,0.0,0.0,0.0,0.0,0.0,0.0,0,0,0,0,0,0,0,0,0,0,0,0,0,0,0,0,0,0,0,0,0,0.0,0,0,0,0,0.0,06037408624
408625,2022,2,3,4,0,32,57,39,0,0,0,0,1,0,0,0,0,0,0,0,0,1,0,0,0.0,0.0,1.951,0.0,0.0,0.0,0.0,0.019,0.0,0.0,0.0,0.0,0.077,0.0,0.0,0.0,0.0,1.874,0.0,0.0,0,0,0,0,0,0,0,0,0,0,0,0,0,0,0,0,0,0,0,0,0,1.951,0,0,0,0,1.951,06037408625
408626,2022,2,3,4,0,29,55,39,0,0,0,0,1,2,0,0,0,0,0,0,0,0,0,0,0.0,0.0,0.0,0.0,0.0,0.0,0.0,0.0,0.0,0.0,0.0,0.0,0.0,0.0,0.0,0.0,0.0,0.0,0.0,0.0,0,0,0,0,0,0,0,0,0,0,0,0,0,0,0,0,0,0,0,0,0,2.0,0,0,0,0,2.0,06037408626
408627,2022,2,3,4,0,29,55,39,0,0,0,0,0,0,0,0,0,0,0,0,0,0,0,0,0.0,0.0,0.0,0.0,0.0,0.0,0.0,0.0,0.0,0.0,0.0,0.0,0.0,0.0,0.0,0.0,0.0,0.0,0.0,0.0,0,0,0,0,0,0,0,0,0,0,0,0,0,0,0,0,0,0,0,0,0,0.0,0,0,0,0,0.0,06037408627
408628,2022,2,3,4,0,32,57,39,0,0,0,0,1,3,0,0,0,0,0,0,0,2,0,0,0.0,0.0,3.903,0.0,0.0,0.0,0.0,0.038,0.0,0.0,0.0,0.0,0.155,0.0,0.0,0.0,0.0,3.748,0.0,0.0,0,0,0,0,0,0,0,0,0,0,0,0,0,0,0,0,0,0,0,0,0,6.903,0,0,0,0,6.903,06037408628
408629,2022,2,3,4,0,32,57,39,0,0,0,0,0,0,0,0,0,0,0,0,0,0,0,0,0.0,0.0,0.0,0.0,0.0,0.0,0.0,0.0,0.0,0.0,0.0,0.0,0.0,0.0,0.0,0.0,0.0,0.0,0.0,0.0,0,0,0,0,0,0,0,0,0,0,0,0,0,0,0,0,0,0,0,0,0,0.0,0,0,0,0,0.0,06037408629
408630,2022,2,3,4,0,32,57,39,0,0,0,0,2,1,0,0,0,0,0,2,0,6,0,0,2.671,0.0,11.708,0.0,0.0,0.094,0.0,0.11399999999999999,0.0,0.0,0.304,0.0,0.46499999999999997,0.0,0.0,2.367,0.0,11.243,0.0,0.0,0,0,0,0,0,0,0,0,0,0,0,0,0,0,0,0,0,0,0,0,0,15.379000000000001,0,0,0,0,15.379000000000001,06037408630
408631,2022,2,3,4,0,32,57,39,0,0,0,0,1,2,0,0,0,0,0,0,0,1,0,0,0.0,0.0,1.951,0.0,0.0,0.0,0.0,0.019,0.0,0.0,0.0,0.0,0.077,0.0,0.0,0.0,0.0,1.874,0.0,0.0,0,0,0,0,0,0,0,0,0,0,0,0,0,0,0,0,0,0,0,0,0,3.951,0,0,0,0,3.951,06037408631
408703,2022,2,3,4,0,29,55,39,0,0,0,0,1,2,0,0,0,0,0,0,0,0,0,0,0.0,0.0,0.0,0.0,0.0,0.0,0.0,0.0,0.0,0.0,0.0,0.0,0.0,0.0,0.0,0.0,0.0,0.0,0.0,0.0,0,0,0,0,0,0,0,0,0,0,0,0,0,0,0,0,0,0,0,0,0,2.0,0,0,0,0,2.0,06037408703
408704,2022,2,3,4,0,29,55,39,0,0,0,0,0,0,0,0,0,0,0,0,0,0,0,0,0.0,0.0,0.0,0.0,0.0,0.0,0.0,0.0,0.0,0.0,0.0,0.0,0.0,0.0,0.0,0.0,0.0,0.0,0.0,0.0,0,0,0,0,0,0,0,0,0,0,0,0,0,0,0,0,0,0,0,0,0,0.0,0,0,0,0,0.0,06037408704
408705,2022,2,3,4,0,29,55,39,0,0,0,0,1,0,0,0,0,0,0,0,0,2,0,0,0.0,0.0,3.903,0.0,0.0,0.0,0.0,0.038,0.0,0.0,0.0,0.0,0.155,0.0,0.0,0.0,0.0,3.748,0.0,0.0,0,0,0,0,0,0,0,0,0,0,0,0,0,0,0,0,0,0,0,0,0,3.903,0,0,0,0,3.903,06037408705
408706,2022,2,3,4,0,29,55,39,0,0,0,0,0,0,0,0,0,0,0,0,0,0,0,0,0.0,0.0,0.0,0.0,0.0,0.0,0.0,0.0,0.0,0.0,0.0,0.0,0.0,0.0,0.0,0.0,0.0,0.0,0.0,0.0,0,0,0,0,0,0,0,0,0,0,0,0,0,0,0,0,0,0,0,0,0,0.0,0,0,0,0,0.0,06037408706
408722,2022,2,3,4,0,29,55,39,0,0,0,0,1,1,0,0,0,0,0,1,0,0,0,0,1.336,0.0,0.0,0.0,0.0,0.047,0.0,0.0,0.0,0.0,0.152,0.0,0.0,0.0,0.0,1.184,0.0,0.0,0.0,0.0,0,0,0,0,0,0,0,0,0,0,0,0,0,0,0,0,0,0,0,0,0,2.336,0,0,0,0,2.336,06037408722
408723,2022,2,3,4,0,29,55,39,0,0,0,0,0,0,0,0,0,0,0,0,0,0,0,0,0.0,0.0,0.0,0.0,0.0,0.0,0.0,0.0,0.0,0.0,0.0,0.0,0.0,0.0,0.0,0.0,0.0,0.0,0.0,0.0,0,0,0,0,0,0,0,0,0,0,0,0,0,0,0,0,0,0,0,0,0,0.0,0,0,0,0,0.0,06037408723
408724,2022,2,3,4,0,29,55,39,0,0,0,0,1,2,0,0,0,0,0,0,0,0,0,0,0.0,0.0,0.0,0.0,0.0,0.0,0.0,0.0,0.0,0.0,0.0,0.0,0.0,0.0,0.0,0.0,0.0,0.0,0.0,0.0,0,0,0,0,0,0,0,0,0,0,0,0,0,0,0,0,0,0,0,0,0,2.0,0,0,0,0,2.0,06037408724
408800,2022,2,3,1,0,20,52,35,0,0,0,0,2,24,0,0,0,0,0,0,0,0,4,0,0.0,0.0,0.0,4.768,0.0,0.0,0.0,0.0,0.008,0.0,0.0,0.0,0.0,0.026,0.0,0.0,0.0,0.0,4.741,0.0,0,0,0,0,0,0,0,0,0,0,0,0,0,0,0,0,0,0,0,0,0,28.768,0,0,0,0,28.768,06037408800
430002,2022,2,3,5,0,25,48,32,0,0,0,0,2,4,0,0,0,0,0,1,0,0,0,0,1.336,0.0,0.0,0.0,0.0,0.047,0.0,0.0,0.0,0.0,0.152,0.0,0.0,0.0,0.0,1.184,0.0,0.0,0.0,0.0,0,0,0,0,0,0,0,0,0,0,0,0,0,0,0,0,0,0,0,0,0,5.336,0,0,0,0,5.336,06037430002
430003,2022,2,3,5,0,25,48,32,0,0,0,0,1,1,0,0,0,0,0,0,0,0,0,0,0.0,0.0,0.0,0.0,0.0,0.0,0.0,0.0,0.0,0.0,0.0,0.0,0.0,0.0,0.0,0.0,0.0,0.0,0.0,0.0,0,0,0,0,0,0,0,0,0,0,0,0,0,0,0,0,0,0,0,0,0,1.0,0,0,0,0,1.0,06037430003
430101,2022,2,3,5,0,25,48,32,0,0,0,0,1,3,0,0,0,0,0,0,1,0,0,0,0.0,1.203,0.0,0.0,0.0,0.0,0.018,0.0,0.0,0.0,0.0,0.057,0.0,0.0,0.0,0.0,1.146,0.0,0.0,0.0,0,0,0,0,0,0,0,0,0,0,0,0,0,0,0,0,0,0,0,0,0,4.203,0,0,0,0,4.203,06037430101
430102,2022,2,3,5,0,25,48,32,0,0,0,0,0,0,0,0,0,0,0,0,0,0,0,0,0.0,0.0,0.0,0.0,0.0,0.0,0.0,0.0,0.0,0.0,0.0,0.0,0.0,0.0,0.0,0.0,0.0,0.0,0.0,0.0,0,0,0,0,0,0,0,0,0,0,0,0,0,0,0,0,0,0,0,0,0,0.0,0,0,0,0,0.0,06037430102
430200,2022,2,3,5,0,25,48,27,0,0,0,0,0,0,0,0,0,0,0,0,0,0,0,0,0.0,0.0,0.0,0.0,0.0,0.0,0.0,0.0,0.0,0.0,0.0,0.0,0.0,0.0,0.0,0.0,0.0,0.0,0.0,0.0,0,0,0,0,0,0,0,0,0,0,0,0,0,0,0,0,0,0,0,0,0,0.0,0,0,0,0,0.0,06037430200
430301,2022,2,3,5,0,25,41,27,0,0,0,0,0,0,0,0,0,0,0,0,0,0,0,0,0.0,0.0,0.0,0.0,0.0,0.0,0.0,0.0,0.0,0.0,0.0,0.0,0.0,0.0,0.0,0.0,0.0,0.0,0.0,0.0,0,0,0,0,0,0,0,0,0,0,0,0,0,0,0,0,0,0,0,0,0,0.0,0,0,0,0,0.0,06037430301
430302,2022,2,3,5,0,25,41,32,0,0,0,0,1,10,0,0,0,0,0,5,3,1,0,0,6.678,3.609,1.951,0.0,0.0,0.234,0.055,0.019,0.0,0.0,0.759,0.171,0.077,0.0,0.0,5.918,3.439,1.874,0.0,0.0,0,0,0,0,0,0,0,0,0,0,0,0,0,0,0,0,0,0,0,0,0,22.238,0,0,0,0,22.238,06037430302
430400,2022,2,3,5,0,22,49,27,0,0,0,0,1,21,0,0,0,0,0,1,0,1,2,2,1.336,0.0,1.951,2.384,2.905,0.047,0.0,0.019,0.004,0.008,0.152,0.0,0.077,0.013,0.023,1.184,0.0,1.874,2.371,2.883,0,0,0,0,0,0,0,0,0,0,0,0,0,0,0,0,0,0,0,0,0,29.576,0,0,0,0,29.576,06037430400
430501,2022,2,3,5,0,25,41,27,0,0,0,0,0,0,0,0,0,0,0,0,0,0,0,0,0.0,0.0,0.0,0.0,0.0,0.0,0.0,0.0,0.0,0.0,0.0,0.0,0.0,0.0,0.0,0.0,0.0,0.0,0.0,0.0,0,0,0,0,0,0,0,0,0,0,0,0,0,0,0,0,0,0,0,0,0,0.0,0,0,0,0,0.0,06037430501
430502,2022,2,3,5,0,25,41,27,0,0,0,0,0,0,0,0,0,0,0,0,0,0,0,0,0.0,0.0,0.0,0.0,0.0,0.0,0.0,0.0,0.0,0.0,0.0,0.0,0.0,0.0,0.0,0.0,0.0,0.0,0.0,0.0,0,0,0,0,0,0,0,0,0,0,0,0,0,0,0,0,0,0,0,0,0,0.0,0,0,0,0,0.0,06037430502
430600,2022,2,3,5,0,22,49,27,0,0,0,0,0,0,0,0,0,0,0,0,0,0,0,0,0.0,0.0,0.0,0.0,0.0,0.0,0.0,0.0,0.0,0.0,0.0,0.0,0.0,0.0,0.0,0.0,0.0,0.0,0.0,0.0,0,0,0,0,0,0,0,0,0,0,0,0,0,0,0,0,0,0,0,0,0,0.0,0,0,0,0,0.0,06037430600
430701,2022,2,3,5,0,22,49,27,0,0,0,0,0,0,0,0,0,0,0,0,0,0,0,0,0.0,0.0,0.0,0.0,0.0,0.0,0.0,0.0,0.0,0.0,0.0,0.0,0.0,0.0,0.0,0.0,0.0,0.0,0.0,0.0,0,0,0,0,0,0,0,0,0,0,0,0,0,0,0,0,0,0,0,0,0,0.0,0,0,0,0,0.0,06037430701
430721,2022,2,3,5,0,22,49,27,0,0,0,0,2,40,0,0,0,0,0,7,1,0,2,1,9.349,1.203,0.0,2.384,1.453,0.328,0.018,0.0,0.004,0.004,1.0630000000000002,0.057,0.0,0.013,0.011,8.286000000000001,1.146,0.0,2.371,1.441,0,0,0,0,0,0,0,0,0,0,0,0,0,0,0,0,0,0,0,0,0,54.388999999999996,0,0,0,0,54.388999999999996,06037430721
430723,2022,2,3,5,0,22,49,27,0,0,0,0,1,1,0,0,0,0,0,0,0,1,0,1,0.0,0.0,1.951,0.0,1.453,0.0,0.0,0.019,0.0,0.004,0.0,0.0,0.077,0.0,0.011,0.0,0.0,1.874,0.0,1.441,0,0,0,0,0,0,0,0,0,0,0,0,0,0,0,0,0,0,0,0,0,4.404,0,0,0,0,4.404,06037430723
430724,2022,2,3,5,0,22,49,27,0,0,0,0,0,0,0,0,0,0,0,0,0,0,0,0,0.0,0.0,0.0,0.0,0.0,0.0,0.0,0.0,0.0,0.0,0.0,0.0,0.0,0.0,0.0,0.0,0.0,0.0,0.0,0.0,0,0,0,0,0,0,0,0,0,0,0,0,0,0,0,0,0,0,0,0,0,0.0,0,0,0,0,0.0,06037430724
430801,2022,2,3,5,0,22,49,27,0,0,0,0,2,28,0,0,0,0,0,3,1,2,0,0,4.007,1.203,3.902,0.0,0.0,0.14100000000000001,0.018,0.038,0.0,0.0,0.45599999999999996,0.057,0.154,0.0,0.0,3.551,1.146,3.748,0.0,0.0,0,0,0,0,0,0,0,0,0,0,0,0,0,0,0,0,0,0,0,0,0,37.112,0,0,0,0,37.112,06037430801
430802,2022,2,3,5,0,22,49,27,0,0,0,0,1,0,0,0,0,0,0,1,0,0,0,0,1.336,0.0,0.0,0.0,0.0,0.047,0.0,0.0,0.0,0.0,0.152,0.0,0.0,0.0,0.0,1.184,0.0,0.0,0.0,0.0,0,0,0,0,0,0,0,0,0,0,0,0,0,0,0,0,0,0,0,0,0,1.336,0,0,0,0,1.336,06037430802
430803,2022,2,3,5,0,22,49,27,0,0,0,0,1,2,0,0,0,0,0,1,0,0,1,0,1.336,0.0,0.0,1.192,0.0,0.047,0.0,0.0,0.002,0.0,0.152,0.0,0.0,0.007,0.0,1.184,0.0,0.0,1.185,0.0,0,0,0,0,0,0,0,0,0,0,0,0,0,0,0,0,0,0,0,0,0,4.527,0,0,0,0,4.527,06037430803
430901,2022,2,3,5,0,25,41,32,0,0,0,0,1,1,0,0,0,0,0,0,1,0,0,1,0.0,1.203,0.0,0.0,1.453,0.0,0.018,0.0,0.0,0.004,0.0,0.057,0.0,0.0,0.011,0.0,1.146,0.0,0.0,1.441,0,0,0,0,0,0,0,0,0,0,0,0,0,0,0,0,0,0,0,0,0,3.656,0,0,0,0,3.656,06037430901
430902,2022,2,3,5,0,25,41,32,0,0,0,0,1,1,0,0,0,0,0,1,0,0,0,0,1.336,0.0,0.0,0.0,0.0,0.047,0.0,0.0,0.0,0.0,0.152,0.0,0.0,0.0,0.0,1.184,0.0,0.0,0.0,0.0,0,0,0,0,0,0,0,0,0,0,0,0,0,0,0,0,0,0,0,0,0,2.336,0,0,0,0,2.336,06037430902
431001,2022,2,3,5,0,25,41,32,0,0,0,0,2,8,0,0,0,0,0,1,0,0,1,0,1.336,0.0,0.0,1.192,0.0,0.047,0.0,0.0,0.002,0.0,0.152,0.0,0.0,0.007,0.0,1.184,0.0,0.0,1.185,0.0,0,0,0,0,0,0,0,0,0,0,0,0,0,0,0,0,0,0,0,0,0,10.528,0,0,0,0,10.528,06037431001
431002,2022,2,3,5,0,25,41,32,2,0,1,0,1,2,0,0,0,0,0,3,3,0,0,0,4.007,3.609,0.0,0.0,0.0,0.14,0.055,0.0,0.0,0.0,0.456,0.171,0.0,0.0,0.0,3.551,3.439,0.0,0.0,0.0,0,0,0,0,0,0,0,0,0,0,0,0,0,0,0,0,0,0,0,0,0,9.616,0,0,0,0,9.616,06037431002
431100,2022,2,3,5,0,25,41,32,0,0,0,0,3,5,0,0,0,0,0,3,2,2,0,0,4.007,2.406,3.902,0.0,0.0,0.14100000000000001,0.036,0.038,0.0,0.0,0.45599999999999996,0.114,0.154,0.0,0.0,3.551,2.292,3.748,0.0,0.0,0,0,0,0,0,0,0,0,0,0,0,0,0,0,0,0,0,0,0,0,0,15.315000000000001,0,0,0,0,15.315000000000001,06037431100
431200,2022,2,3,5,0,22,48,32,0,0,0,0,1,0,0,0,0,0,0,0,2,2,0,0,0.0,2.406,3.903,0.0,0.0,0.0,0.037,0.038,0.0,0.0,0.0,0.114,0.155,0.0,0.0,0.0,2.292,3.748,0.0,0.0,0,0,0,0,0,0,0,0,0,0,0,0,0,0,0,0,0,0,0,0,0,6.309,0,0,0,0,6.309,06037431200
431300,2022,2,3,5,0,22,49,32,0,0,0,0,0,0,0,0,0,0,0,0,0,0,0,0,0.0,0.0,0.0,0.0,0.0,0.0,0.0,0.0,0.0,0.0,0.0,0.0,0.0,0.0,0.0,0.0,0.0,0.0,0.0,0.0,0,0,0,0,0,0,0,0,0,0,0,0,0,0,0,0,0,0,0,0,0,0.0,0,0,0,0,0.0,06037431300
431400,2022,2,3,5,0,22,49,32,0,0,0,0,1,0,0,0,0,0,0,0,0,6,5,0,0.0,0.0,11.708,5.96,0.0,0.0,0.0,0.114,0.01,0.0,0.0,0.0,0.465,0.033,0.0,0.0,0.0,11.243,5.927,0.0,0,0,0,0,0,0,0,0,0,0,0,0,0,0,0,0,0,0,0,0,0,17.667,0,0,0,0,17.667,06037431400
431501,2022,2,3,5,0,22,49,27,0,0,0,0,2,4,0,0,0,0,0,0,0,0,0,1,0.0,0.0,0.0,0.0,1.453,0.0,0.0,0.0,0.0,0.004,0.0,0.0,0.0,0.0,0.011,0.0,0.0,0.0,0.0,1.441,0,0,0,0,0,0,0,0,0,0,0,0,0,0,0,0,0,0,0,0,0,5.452999999999999,0,0,0,0,5.452999999999999,06037431501
431502,2022,2,3,5,0,22,49,27,0,0,0,0,1,7,0,0,0,0,0,0,0,8,1,5,0.0,0.0,15.61,1.192,7.264,0.0,0.0,0.152,0.002,0.019,0.0,0.0,0.62,0.007,0.057,0.0,0.0,14.99,1.185,7.207,0,0,0,0,0,0,0,0,0,0,0,0,0,0,0,0,0,0,0,0,0,31.066,0,0,0,0,31.066,06037431502
431600,2022,2,3,5,0,22,49,27,0,0,0,0,1,1,0,0,0,0,0,0,0,0,0,0,0.0,0.0,0.0,0.0,0.0,0.0,0.0,0.0,0.0,0.0,0.0,0.0,0.0,0.0,0.0,0.0,0.0,0.0,0.0,0.0,0,0,0,0,0,0,0,0,0,0,0,0,0,0,0,0,0,0,0,0,0,1.0,0,0,0,0,1.0,06037431600
431700,2022,2,3,5,0,22,49,27,0,0,0,0,2,4,0,0,0,0,0,1,0,1,0,2,1.336,0.0,1.951,0.0,2.905,0.047,0.0,0.019,0.0,0.008,0.152,0.0,0.077,0.0,0.023,1.184,0.0,1.874,0.0,2.883,0,0,0,0,0,0,0,0,0,0,0,0,0,0,0,0,0,0,0,0,0,10.192,0,0,0,0,10.192,06037431700
431800,2022,2,3,5,0,22,49,27,0,0,0,0,1,0,0,0,0,0,0,0,0,2,0,0,0.0,0.0,3.903,0.0,0.0,0.0,0.0,0.038,0.0,0.0,0.0,0.0,0.155,0.0,0.0,0.0,0.0,3.748,0.0,0.0,0,0,0,0,0,0,0,0,0,0,0,0,0,0,0,0,0,0,0,0,0,3.903,0,0,0,0,3.903,06037431800
431900,2022,2,3,5,0,22,49,27,0,0,0,0,1,5,0,0,0,0,0,0,0,0,0,3,0.0,0.0,0.0,0.0,4.358,0.0,0.0,0.0,0.0,0.011,0.0,0.0,0.0,0.0,0.034,0.0,0.0,0.0,0.0,4.324,0,0,0,0,0,0,0,0,0,0,0,0,0,0,0,0,0,0,0,0,0,9.358,0,0,0,0,9.358,06037431900
432000,2022,2,3,5,0,22,49,27,0,0,0,0,2,2,0,0,0,0,0,0,0,1,0,1,0.0,0.0,1.951,0.0,1.453,0.0,0.0,0.019,0.0,0.004,0.0,0.0,0.077,0.0,0.011,0.0,0.0,1.874,0.0,1.441,0,0,0,0,0,0,0,0,0,0,0,0,0,0,0,0,0,0,0,0,0,5.404,0,0,0,0,5.404,06037432000
432101,2022,2,3,5,0,22,49,27,0,0,0,0,0,0,0,0,0,0,0,0,0,0,0,0,0.0,0.0,0.0,0.0,0.0,0.0,0.0,0.0,0.0,0.0,0.0,0.0,0.0,0.0,0.0,0.0,0.0,0.0,0.0,0.0,0,0,0,0,0,0,0,0,0,0,0,0,0,0,0,0,0,0,0,0,0,0.0,0,0,0,0,0.0,06037432101
432102,2022,2,3,5,0,22,49,27,0,0,0,0,1,1,0,0,0,0,0,0,0,0,0,0,0.0,0.0,0.0,0.0,0.0,0.0,0.0,0.0,0.0,0.0,0.0,0.0,0.0,0.0,0.0,0.0,0.0,0.0,0.0,0.0,0,0,0,0,0,0,0,0,0,0,0,0,0,0,0,0,0,0,0,0,0,1.0,0,0,0,0,1.0,06037432102
432201,2022,2,3,1,0,22,49,27,0,0,0,0,1,3,0,0,0,0,0,0,0,0,0,0,0.0,0.0,0.0,0.0,0.0,0.0,0.0,0.0,0.0,0.0,0.0,0.0,0.0,0.0,0.0,0.0,0.0,0.0,0.0,0.0,0,0,0,0,0,0,0,0,0,0,0,0,0,0,0,0,0,0,0,0,0,3.0,0,0,0,0,3.0,06037432201
432202,2022,2,3,1,0,22,49,27,0,0,0,0,1,1,0,0,0,0,0,0,0,0,0,0,0.0,0.0,0.0,0.0,0.0,0.0,0.0,0.0,0.0,0.0,0.0,0.0,0.0,0.0,0.0,0.0,0.0,0.0,0.0,0.0,0,0,0,0,0,0,0,0,0,0,0,0,0,0,0,0,0,0,0,0,0,1.0,0,0,0,0,1.0,06037432202
432300,2022,2,3,1,0,22,49,32,0,0,0,0,0,0,0,0,0,0,0,0,0,0,0,0,0.0,0.0,0.0,0.0,0.0,0.0,0.0,0.0,0.0,0.0,0.0,0.0,0.0,0.0,0.0,0.0,0.0,0.0,0.0,0.0,0,0,0,0,0,0,0,0,0,0,0,0,0,0,0,0,0,0,0,0,0,0.0,0,0,0,0,0.0,06037432300
432401,2022,2,3,1,0,22,49,32,0,0,0,0,0,0,0,0,0,0,0,0,0,0,0,0,0.0,0.0,0.0,0.0,0.0,0.0,0.0,0.0,0.0,0.0,0.0,0.0,0.0,0.0,0.0,0.0,0.0,0.0,0.0,0.0,0,0,0,0,0,0,0,0,0,0,0,0,0,0,0,0,0,0,0,0,0,0.0,0,0,0,0,0.0,06037432401
432402,2022,2,3,1,0,22,49,32,0,0,0,0,0,0,0,0,0,0,0,0,0,0,0,0,0.0,0.0,0.0,0.0,0.0,0.0,0.0,0.0,0.0,0.0,0.0,0.0,0.0,0.0,0.0,0.0,0.0,0.0,0.0,0.0,0,0,0,0,0,0,0,0,0,0,0,0,0,0,0,0,0,0,0,0,0,0.0,0,0,0,0,0.0,06037432402
432500,2022,2,3,1,0,22,49,27,0,0,0,0,1,0,0,0,0,0,0,0,0,1,0,0,0.0,0.0,1.951,0.0,0.0,0.0,0.0,0.019,0.0,0.0,0.0,0.0,0.077,0.0,0.0,0.0,0.0,1.874,0.0,0.0,0,0,0,0,0,0,0,0,0,0,0,0,0,0,0,0,0,0,0,0,0,1.951,0,0,0,0,1.951,06037432500
432601,2022,2,3,1,0,22,49,32,0,0,0,0,0,0,0,0,0,0,0,0,0,0,0,0,0.0,0.0,0.0,0.0,0.0,0.0,0.0,0.0,0.0,0.0,0.0,0.0,0.0,0.0,0.0,0.0,0.0,0.0,0.0,0.0,0,0,0,0,0,0,0,0,0,0,0,0,0,0,0,0,0,0,0,0,0,0.0,0,0,0,0,0.0,06037432601
432602,2022,2,3,1,0,22,49,32,0,0,0,0,0,0,0,0,0,0,0,0,0,0,0,0,0.0,0.0,0.0,0.0,0.0,0.0,0.0,0.0,0.0,0.0,0.0,0.0,0.0,0.0,0.0,0.0,0.0,0.0,0.0,0.0,0,0,0,0,0,0,0,0,0,0,0,0,0,0,0,0,0,0,0,0,0,0.0,0,0,0,0,0.0,06037432602
432700,2022,2,3,1,0,22,48,32,0,0,0,0,1,1,0,0,0,0,0,0,0,2,1,1,0.0,0.0,3.903,1.192,1.453,0.0,0.0,0.038,0.002,0.004,0.0,0.0,0.155,0.007,0.011,0.0,0.0,3.748,1.185,1.441,0,0,0,0,0,0,0,0,0,0,0,0,0,0,0,0,0,0,0,0,0,7.547,0,0,0,0,7.547,06037432700
432801,2022,2,3,1,0,22,48,32,0,0,0,0,1,4,0,0,0,0,0,1,0,3,2,1,1.336,0.0,5.854,2.384,1.453,0.047,0.0,0.057,0.004,0.004,0.152,0.0,0.232,0.013,0.011,1.184,0.0,5.621,2.371,1.441,0,0,0,0,0,0,0,0,0,0,0,0,0,0,0,0,0,0,0,0,0,15.026,0,0,0,0,15.026,06037432801
432802,2022,2,3,1,0,22,49,32,0,0,0,1,2,16,0,0,0,0,0,0,4,0,1,0,0.0,4.813,0.0,1.192,0.0,0.0,0.073,0.0,0.002,0.0,0.0,0.228,0.0,0.007,0.0,0.0,4.585,0.0,1.185,0.0,43,0,0,0,0,0,0,0,0,0,0,0,0,0,0,0,0,0,0,0,0,22.005,43,0,0,43,65.005,06037432802
432901,2022,2,3,1,0,22,49,27,0,0,0,0,1,6,0,0,0,0,0,3,0,0,0,1,4.007,0.0,0.0,0.0,1.453,0.14,0.0,0.0,0.0,0.004,0.456,0.0,0.0,0.0,0.011,3.551,0.0,0.0,0.0,1.441,0,0,0,0,0,0,0,0,0,0,0,0,0,0,0,0,0,0,0,0,0,11.459,0,0,0,0,11.459,06037432901
432902,2022,2,3,1,0,22,49,27,0,0,0,0,1,1,0,0,0,0,0,0,0,0,0,0,0.0,0.0,0.0,0.0,0.0,0.0,0.0,0.0,0.0,0.0,0.0,0.0,0.0,0.0,0.0,0.0,0.0,0.0,0.0,0.0,0,0,0,0,0,0,0,0,0,0,0,0,0,0,0,0,0,0,0,0,0,1.0,0,0,0,0,1.0,06037432902
433101,2022,2,3,1,0,22,49,32,0,0,0,0,1,13,0,0,0,0,0,8,1,4,0,2,10.684,1.203,7.805,0.0,2.905,0.374,0.018,0.076,0.0,0.008,1.215,0.057,0.31,0.0,0.023,9.469,1.146,7.495,0.0,2.883,0,0,0,0,0,0,0,0,0,0,0,0,0,0,0,0,0,0,0,0,0,35.598,0,0,0,0,35.598,06037433101
433102,2022,2,3,1,0,22,49,32,0,0,0,0,1,1,0,0,0,0,0,0,1,0,0,0,0.0,1.203,0.0,0.0,0.0,0.0,0.018,0.0,0.0,0.0,0.0,0.057,0.0,0.0,0.0,0.0,1.146,0.0,0.0,0.0,0,0,0,0,0,0,0,0,0,0,0,0,0,0,0,0,0,0,0,0,0,2.203,0,0,0,0,2.203,06037433102
433200,2022,2,3,1,0,22,48,32,0,0,0,0,1,3,0,0,0,0,0,0,0,3,0,0,0.0,0.0,5.854,0.0,0.0,0.0,0.0,0.057,0.0,0.0,0.0,0.0,0.232,0.0,0.0,0.0,0.0,5.621,0.0,0.0,0,0,0,0,0,0,0,0,0,0,0,0,0,0,0,0,0,0,0,0,0,8.854,0,0,0,0,8.854,06037433200
433302,2022,2,3,1,0,22,48,32,0,0,0,0,2,12,0,0,0,0,0,0,0,2,8,2,0.0,0.0,3.903,9.535,2.905,0.0,0.0,0.038,0.015,0.008,0.0,0.0,0.155,0.053,0.023,0.0,0.0,3.748,9.483,2.883,0,0,0,0,0,0,0,0,0,0,0,0,0,0,0,0,0,0,0,0,0,28.343,0,0,0,0,28.343,06037433302
433304,2022,2,3,1,0,22,49,32,0,0,0,0,1,8,0,0,0,0,0,1,0,1,1,0,1.336,0.0,1.951,1.192,0.0,0.047,0.0,0.019,0.002,0.0,0.152,0.0,0.077,0.007,0.0,1.184,0.0,1.874,1.185,0.0,0,0,0,0,0,0,0,0,0,0,0,0,0,0,0,0,0,0,0,0,0,12.479,0,0,0,0,12.479,06037433304
433305,2022,2,3,1,0,22,49,32,0,0,0,0,1,4,0,0,0,0,0,0,0,0,0,0,0.0,0.0,0.0,0.0,0.0,0.0,0.0,0.0,0.0,0.0,0.0,0.0,0.0,0.0,0.0,0.0,0.0,0.0,0.0,0.0,0,0,0,0,0,0,0,0,0,0,0,0,0,0,0,0,0,0,0,0,0,4.0,0,0,0,0,4.0,06037433305
433306,2022,2,3,1,0,22,49,32,0,0,0,0,1,1,0,0,0,0,0,0,0,0,0,0,0.0,0.0,0.0,0.0,0.0,0.0,0.0,0.0,0.0,0.0,0.0,0.0,0.0,0.0,0.0,0.0,0.0,0.0,0.0,0.0,0,0,0,0,0,0,0,0,0,0,0,0,0,0,0,0,0,0,0,0,0,1.0,0,0,0,0,1.0,06037433306
433307,2022,2,3,1,0,22,49,32,0,0,0,0,1,1,0,0,0,0,0,0,0,0,0,1,0.0,0.0,0.0,0.0,1.453,0.0,0.0,0.0,0.0,0.004,0.0,0.0,0.0,0.0,0.011,0.0,0.0,0.0,0.0,1.441,0,0,0,0,0,0,0,0,0,0,0,0,0,0,0,0,0,0,0,0,0,2.453,0,0,0,0,2.453,06037433307
433401,2022,2,3,1,0,22,49,32,0,0,0,0,1,5,0,0,0,0,0,0,3,4,0,0,0.0,3.609,7.805,0.0,0.0,0.0,0.055,0.076,0.0,0.0,0.0,0.171,0.31,0.0,0.0,0.0,3.439,7.495,0.0,0.0,0,0,0,0,0,0,0,0,0,0,0,0,0,0,0,0,0,0,0,0,0,16.414,0,0,0,0,16.414,06037433401
433402,2022,2,3,1,0,22,48,32,0,0,0,0,0,0,0,0,0,0,0,0,0,0,0,0,0.0,0.0,0.0,0.0,0.0,0.0,0.0,0.0,0.0,0.0,0.0,0.0,0.0,0.0,0.0,0.0,0.0,0.0,0.0,0.0,0,0,0,0,0,0,0,0,0,0,0,0,0,0,0,0,0,0,0,0,0,0.0,0,0,0,0,0.0,06037433402
433403,2022,2,3,1,0,22,48,32,0,0,0,0,0,0,0,0,0,0,0,0,0,0,0,0,0.0,0.0,0.0,0.0,0.0,0.0,0.0,0.0,0.0,0.0,0.0,0.0,0.0,0.0,0.0,0.0,0.0,0.0,0.0,0.0,0,0,0,0,0,0,0,0,0,0,0,0,0,0,0,0,0,0,0,0,0,0.0,0,0,0,0,0.0,06037433403
433501,2022,2,3,1,0,22,57,38,0,0,0,0,1,2,0,0,0,0,0,0,0,0,1,0,0.0,0.0,0.0,1.192,0.0,0.0,0.0,0.0,0.002,0.0,0.0,0.0,0.0,0.007,0.0,0.0,0.0,0.0,1.185,0.0,0,0,0,0,0,0,0,0,0,0,0,0,0,0,0,0,0,0,0,0,0,3.192,0,0,0,0,3.192,06037433501
433503,2022,2,3,1,0,22,49,38,0,0,0,0,1,3,0,0,0,0,0,1,1,0,0,0,1.336,1.203,0.0,0.0,0.0,0.047,0.018,0.0,0.0,0.0,0.152,0.057,0.0,0.0,0.0,1.184,1.146,0.0,0.0,0.0,0,0,0,0,0,0,0,0,0,0,0,0,0,0,0,0,0,0,0,0,0,5.539,0,0,0,0,5.539,06037433503
433504,2022,2,3,1,0,22,49,32,2,0,1,0,2,6,0,0,0,0,0,0,0,3,2,1,0.0,0.0,5.854,2.384,1.453,0.0,0.0,0.057,0.004,0.004,0.0,0.0,0.232,0.013,0.011,0.0,0.0,5.621,2.371,1.441,0,0,0,0,0,0,0,0,0,0,0,0,0,0,0,0,0,0,0,0,0,15.690999999999999,0,0,0,0,15.690999999999999,06037433504
433601,2022,2,3,1,0,22,49,27,0,0,0,0,1,2,0,0,0,0,0,0,0,0,0,0,0.0,0.0,0.0,0.0,0.0,0.0,0.0,0.0,0.0,0.0,0.0,0.0,0.0,0.0,0.0,0.0,0.0,0.0,0.0,0.0,0,0,0,0,0,0,0,0,0,0,0,0,0,0,0,0,0,0,0,0,0,2.0,0,0,0,0,2.0,06037433601
433602,2022,2,3,1,0,22,49,27,0,0,0,0,1,1,0,0,0,0,0,2,0,1,7,19,2.671,0.0,1.951,8.344,27.602,0.094,0.0,0.019,0.013,0.072,0.304,0.0,0.077,0.046,0.215,2.367,0.0,1.874,8.298,27.387,0,0,0,0,0,0,0,0,0,0,0,0,0,0,0,0,0,0,0,0,0,41.568,0,0,0,0,41.568,06037433602
433700,2022,2,3,1,0,22,57,38,0,0,0,0,3,27,0,0,0,0,0,14,1,1,5,1,18.697,1.203,1.951,5.96,1.453,0.655,0.018,0.019,0.01,0.004,2.127,0.057,0.077,0.033,0.011,16.571,1.146,1.874,5.926,1.441,0,0,0,0,0,0,0,0,0,0,0,0,0,0,0,0,0,0,0,0,0,56.263999999999996,0,0,0,0,56.263999999999996,06037433700
433801,2022,2,3,1,0,22,48,38,0,0,0,0,2,3,0,0,0,0,0,0,0,0,0,0,0.0,0.0,0.0,0.0,0.0,0.0,0.0,0.0,0.0,0.0,0.0,0.0,0.0,0.0,0.0,0.0,0.0,0.0,0.0,0.0,0,0,0,0,0,0,0,0,0,0,0,0,0,0,0,0,0,0,0,0,0,3.0,0,0,0,0,3.0,06037433801
433802,2022,2,3,1,0,32,57,38,0,0,0,0,2,25,0,0,0,0,0,6,1,0,9,17,8.013,1.203,0.0,10.727,24.696,0.281,0.018,0.0,0.017,0.065,0.911,0.057,0.0,0.059,0.193,7.102,1.146,0.0,10.668,24.503999999999998,0,0,0,0,0,0,0,0,0,0,0,0,0,0,0,0,0,0,0,0,0,69.64099999999999,0,0,0,0,69.64099999999999,06037433802
433901,2022,2,3,1,0,22,48,32,0,0,0,1,1,2,0,0,0,0,0,0,0,0,0,0,0.0,0.0,0.0,0.0,0.0,0.0,0.0,0.0,0.0,0.0,0.0,0.0,0.0,0.0,0.0,0.0,0.0,0.0,0.0,0.0,0,0,0,0,0,0,0,5,0,0,20,0,0,0,0,0,0,0,0,0,0,2.0,0,25,0,25,27.0,06037433901
433902,2022,2,3,1,0,22,57,38,0,0,0,0,1,1,0,0,0,0,0,0,0,0,0,0,0.0,0.0,0.0,0.0,0.0,0.0,0.0,0.0,0.0,0.0,0.0,0.0,0.0,0.0,0.0,0.0,0.0,0.0,0.0,0.0,0,0,0,0,0,0,0,0,0,0,0,0,0,0,0,0,0,0,0,0,0,1.0,0,0,0,0,1.0,06037433902
434001,2022,2,3,1,0,22,48,32,0,0,0,0,1,0,0,0,0,0,0,0,1,1,0,0,0.0,1.203,1.951,0.0,0.0,0.0,0.018,0.019,0.0,0.0,0.0,0.057,0.077,0.0,0.0,0.0,1.146,1.874,0.0,0.0,0,0,0,0,0,0,0,0,0,0,0,0,0,0,0,0,0,0,0,0,0,3.154,0,0,0,0,3.154,06037434001
434003,2022,2,3,1,0,22,57,38,0,0,0,0,2,2,0,0,0,0,0,2,0,2,0,1,2.671,0.0,3.902,0.0,1.453,0.094,0.0,0.038,0.0,0.004,0.304,0.0,0.154,0.0,0.011,2.367,0.0,3.748,0.0,1.441,0,0,0,0,0,0,0,0,0,0,0,0,0,0,0,0,0,0,0,0,0,10.026,0,0,0,0,10.026,06037434003
434004,2022,2,3,1,0,22,57,38,0,0,0,0,2,2,0,0,0,0,0,0,2,1,0,0,0.0,2.406,1.951,0.0,0.0,0.0,0.037,0.019,0.0,0.0,0.0,0.114,0.077,0.0,0.0,0.0,2.292,1.874,0.0,0.0,0,0,0,0,0,0,0,0,0,0,0,0,0,0,0,0,0,0,0,0,0,6.356999999999999,0,0,0,0,6.356999999999999,06037434004
460000,2022,2,3,5,0,25,41,27,0,0,0,0,1,0,0,0,0,0,0,0,0,0,1,0,0.0,0.0,0.0,1.192,0.0,0.0,0.0,0.0,0.002,0.0,0.0,0.0,0.0,0.007,0.0,0.0,0.0,0.0,1.185,0.0,0,0,0,0,0,0,0,0,0,0,0,0,0,0,0,0,0,0,0,0,0,1.192,0,0,0,0,1.192,06037460000
460100,2022,2,3,5,0,25,41,27,0,0,0,0,0,0,0,0,0,0,0,0,0,0,0,0,0.0,0.0,0.0,0.0,0.0,0.0,0.0,0.0,0.0,0.0,0.0,0.0,0.0,0.0,0.0,0.0,0.0,0.0,0.0,0.0,0,0,0,0,0,0,0,0,0,0,0,0,0,0,0,0,0,0,0,0,0,0.0,0,0,0,0,0.0,06037460100
460200,2022,2,3,5,0,25,41,27,0,3,0,1,1,0,0,0,0,0,0,0,0,1,0,0,0.0,0.0,1.951,0.0,0.0,0.0,0.0,0.019,0.0,0.0,0.0,0.0,0.077,0.0,0.0,0.0,0.0,1.874,0.0,0.0,0,0,0,0,0,0,0,0,0,0,4,0,0,0,0,0,0,0,0,0,0,1.951,0,4,0,4,5.951,06037460200
460301,2022,2,3,5,0,25,41,27,0,0,0,0,2,2,0,0,0,0,0,2,0,0,0,2,2.671,0.0,0.0,0.0,2.905,0.094,0.0,0.0,0.0,0.008,0.304,0.0,0.0,0.0,0.023,2.367,0.0,0.0,0.0,2.883,0,0,0,0,0,0,0,0,0,0,0,0,0,0,0,0,0,0,0,0,0,7.5760000000000005,0,0,0,0,7.5760000000000005,06037460301
460302,2022,2,3,5,0,25,41,27,0,10,0,1,1,0,0,0,0,0,0,0,0,1,0,0,0.0,0.0,1.951,0.0,0.0,0.0,0.0,0.019,0.0,0.0,0.0,0.0,0.077,0.0,0.0,0.0,0.0,1.874,0.0,0.0,0,0,0,1,0,0,0,0,0,0,9,0,0,0,0,0,0,0,0,0,0,1.951,1,9,0,10,11.951,06037460302
460401,2022,2,3,5,0,25,41,27,0,0,0,0,0,0,0,0,0,0,0,0,0,0,0,0,0.0,0.0,0.0,0.0,0.0,0.0,0.0,0.0,0.0,0.0,0.0,0.0,0.0,0.0,0.0,0.0,0.0,0.0,0.0,0.0,0,0,0,0,0,0,0,0,0,0,0,0,0,0,0,0,0,0,0,0,0,0.0,0,0,0,0,0.0,06037460401
460501,2022,2,2,5,0,25,43,28,0,0,0,0,0,0,0,0,0,0,0,0,0,0,0,0,0.0,0.0,0.0,0.0,0.0,0.0,0.0,0.0,0.0,0.0,0.0,0.0,0.0,0.0,0.0,0.0,0.0,0.0,0.0,0.0,0,0,0,0,0,0,0,0,0,0,0,0,0,0,0,0,0,0,0,0,0,0.0,0,0,0,0,0.0,06037460501
460502,2022,2,2,5,0,25,43,28,0,0,0,0,0,0,0,0,0,0,0,0,0,0,0,0,0.0,0.0,0.0,0.0,0.0,0.0,0.0,0.0,0.0,0.0,0.0,0.0,0.0,0.0,0.0,0.0,0.0,0.0,0.0,0.0,0,0,0,0,0,0,0,0,0,0,0,0,0,0,0,0,0,0,0,0,0,0.0,0,0,0,0,0.0,06037460502
460600,2022,2,2,5,0,25,43,28,0,0,0,0,0,0,0,0,0,0,0,0,0,0,0,0,0.0,0.0,0.0,0.0,0.0,0.0,0.0,0.0,0.0,0.0,0.0,0.0,0.0,0.0,0.0,0.0,0.0,0.0,0.0,0.0,0,0,0,0,0,0,0,0,0,0,0,0,0,0,0,0,0,0,0,0,0,0.0,0,0,0,0,0.0,06037460600
460700,2022,2,2,5,0,25,43,28,0,0,0,0,0,0,0,0,0,0,0,0,0,0,0,0,0.0,0.0,0.0,0.0,0.0,0.0,0.0,0.0,0.0,0.0,0.0,0.0,0.0,0.0,0.0,0.0,0.0,0.0,0.0,0.0,0,0,0,0,0,0,0,0,0,0,0,0,0,0,0,0,0,0,0,0,0,0.0,0,0,0,0,0.0,06037460700
461000,2022,2,3,5,0,25,41,27,0,0,0,0,1,3,0,0,0,0,0,0,0,0,0,0,0.0,0.0,0.0,0.0,0.0,0.0,0.0,0.0,0.0,0.0,0.0,0.0,0.0,0.0,0.0,0.0,0.0,0.0,0.0,0.0,0,0,0,0,0,0,0,0,0,0,0,0,0,0,0,0,0,0,0,0,0,3.0,0,0,0,0,3.0,06037461000
461100,2022,2,3,5,0,25,41,27,0,10,0,1,1,0,0,0,0,0,0,0,4,0,0,0,0.0,4.813,0.0,0.0,0.0,0.0,0.073,0.0,0.0,0.0,0.0,0.228,0.0,0.0,0.0,0.0,4.585,0.0,0.0,0.0,11,0,0,1,0,0,0,0,0,0,0,0,0,0,0,0,0,0,0,0,0,4.813,12,0,0,12,16.813,06037461100
461200,2022,2,3,5,0,25,41,27,0,0,0,0,0,0,0,0,0,0,0,0,0,0,0,0,0.0,0.0,0.0,0.0,0.0,0.0,0.0,0.0,0.0,0.0,0.0,0.0,0.0,0.0,0.0,0.0,0.0,0.0,0.0,0.0,0,0,0,0,0,0,0,0,0,0,0,0,0,0,0,0,0,0,0,0,0,0.0,0,0,0,0,0.0,06037461200
461300,2022,2,3,5,0,25,41,27,0,0,0,0,2,2,0,0,0,0,0,1,2,1,0,0,1.336,2.406,1.951,0.0,0.0,0.047,0.036,0.019,0.0,0.0,0.152,0.114,0.077,0.0,0.0,1.184,2.292,1.874,0.0,0.0,0,0,0,0,0,0,0,0,0,0,0,0,0,0,0,0,0,0,0,0,0,7.693,0,0,0,0,7.693,06037461300
463101,2022,2,3,5,0,22,41,27,5,0,1,0,1,0,0,0,0,0,0,0,0,0,0,1,0.0,0.0,0.0,0.0,1.453,0.0,0.0,0.0,0.0,0.004,0.0,0.0,0.0,0.0,0.011,0.0,0.0,0.0,0.0,1.441,0,0,0,0,0,0,0,0,0,0,0,0,0,0,0,0,0,0,0,0,0,1.453,0,0,0,0,1.453,06037463101
463102,2022,2,3,5,0,22,41,27,0,0,0,0,2,3,0,0,0,0,0,0,0,0,1,1,0.0,0.0,0.0,1.192,1.453,0.0,0.0,0.0,0.002,0.004,0.0,0.0,0.0,0.007,0.011,0.0,0.0,0.0,1.185,1.441,0,0,0,0,0,0,0,0,0,0,0,0,0,0,0,0,0,0,0,0,0,5.6450000000000005,0,0,0,0,5.6450000000000005,06037463102
463300,2022,2,3,5,0,25,41,27,0,0,0,0,0,0,0,0,0,0,0,0,0,0,0,0,0.0,0.0,0.0,0.0,0.0,0.0,0.0,0.0,0.0,0.0,0.0,0.0,0.0,0.0,0.0,0.0,0.0,0.0,0.0,0.0,0,0,0,0,0,0,0,0,0,0,0,0,0,0,0,0,0,0,0,0,0,0.0,0,0,0,0,0.0,06037463300
464100,2022,2,3,5,0,25,49,27,0,0,0,0,0,0,0,0,0,0,0,0,0,0,0,0,0.0,0.0,0.0,0.0,0.0,0.0,0.0,0.0,0.0,0.0,0.0,0.0,0.0,0.0,0.0,0.0,0.0,0.0,0.0,0.0,0,0,0,0,0,0,0,0,0,0,0,0,0,0,0,0,0,0,0,0,0,0.0,0,0,0,0,0.0,06037464100
464200,2022,2,3,5,0,25,49,27,0,0,0,0,0,0,0,0,0,0,0,0,0,0,0,0,0.0,0.0,0.0,0.0,0.0,0.0,0.0,0.0,0.0,0.0,0.0,0.0,0.0,0.0,0.0,0.0,0.0,0.0,0.0,0.0,0,0,0,0,0,0,0,0,0,0,0,0,0,0,0,0,0,0,0,0,0,0.0,0,0,0,0,0.0,06037464200
480002,2022,2,3,5,0,22,49,27,0,0,0,0,0,0,0,0,0,0,0,0,0,0,0,0,0.0,0.0,0.0,0.0,0.0,0.0,0.0,0.0,0.0,0.0,0.0,0.0,0.0,0.0,0.0,0.0,0.0,0.0,0.0,0.0,0,0,0,0,0,0,0,0,0,0,0,0,0,0,0,0,0,0,0,0,0,0.0,0,0,0,0,0.0,06037480002
480011,2022,2,3,5,0,22,49,27,0,17,0,1,0,0,0,0,0,0,0,0,0,0,0,0,0.0,0.0,0.0,0.0,0.0,0.0,0.0,0.0,0.0,0.0,0.0,0.0,0.0,0.0,0.0,0.0,0.0,0.0,0.0,0.0,0,0,0,0,0,0,0,0,0,0,15,0,0,0,0,0,0,0,0,0,0,0.0,0,15,0,15,15.0,06037480011
480012,2022,2,3,5,0,22,49,27,0,0,0,0,1,0,0,0,0,0,0,0,0,1,0,0,0.0,0.0,1.951,0.0,0.0,0.0,0.0,0.019,0.0,0.0,0.0,0.0,0.077,0.0,0.0,0.0,0.0,1.874,0.0,0.0,0,0,0,0,0,0,0,0,0,0,0,0,0,0,0,0,0,0,0,0,0,1.951,0,0,0,0,1.951,06037480012
480101,2022,2,3,5,0,22,49,27,0,0,0,0,0,0,0,0,0,0,0,0,0,0,0,0,0.0,0.0,0.0,0.0,0.0,0.0,0.0,0.0,0.0,0.0,0.0,0.0,0.0,0.0,0.0,0.0,0.0,0.0,0.0,0.0,0,0,0,0,0,0,0,0,0,0,0,0,0,0,0,0,0,0,0,0,0,0.0,0,0,0,0,0.0,06037480101
480102,2022,2,3,5,0,22,49,27,0,0,0,0,0,0,0,0,0,0,0,0,0,0,0,0,0.0,0.0,0.0,0.0,0.0,0.0,0.0,0.0,0.0,0.0,0.0,0.0,0.0,0.0,0.0,0.0,0.0,0.0,0.0,0.0,0,0,0,0,0,0,0,0,0,0,0,0,0,0,0,0,0,0,0,0,0,0.0,0,0,0,0,0.0,06037480102
480201,2022,2,3,5,0,22,49,27,0,0,0,0,0,0,0,0,0,0,0,0,0,0,0,0,0.0,0.0,0.0,0.0,0.0,0.0,0.0,0.0,0.0,0.0,0.0,0.0,0.0,0.0,0.0,0.0,0.0,0.0,0.0,0.0,0,0,0,0,0,0,0,0,0,0,0,0,0,0,0,0,0,0,0,0,0,0.0,0,0,0,0,0.0,06037480201
480202,2022,2,3,5,0,22,49,27,0,0,0,0,1,1,0,0,0,0,0,1,0,0,1,0,1.336,0.0,0.0,1.192,0.0,0.047,0.0,0.0,0.002,0.0,0.152,0.0,0.0,0.007,0.0,1.184,0.0,0.0,1.185,0.0,0,0,0,0,0,0,0,0,0,0,0,0,0,0,0,0,0,0,0,0,0,3.527,0,0,0,0,3.527,06037480202
480302,2022,2,3,5,0,22,49,27,0,0,0,0,1,1,0,0,0,0,0,0,0,0,0,0,0.0,0.0,0.0,0.0,0.0,0.0,0.0,0.0,0.0,0.0,0.0,0.0,0.0,0.0,0.0,0.0,0.0,0.0,0.0,0.0,0,0,0,0,0,0,0,0,0,0,0,0,0,0,0,0,0,0,0,0,0,1.0,0,0,0,0,1.0,06037480302
480303,2022,2,3,5,0,22,49,27,0,0,0,0,0,0,0,0,0,0,0,0,0,0,0,0,0.0,0.0,0.0,0.0,0.0,0.0,0.0,0.0,0.0,0.0,0.0,0.0,0.0,0.0,0.0,0.0,0.0,0.0,0.0,0.0,0,0,0,0,0,0,0,0,0,0,0,0,0,0,0,0,0,0,0,0,0,0.0,0,0,0,0,0.0,06037480303
480304,2022,2,3,5,0,22,49,27,0,0,0,0,0,0,0,0,0,0,0,0,0,0,0,0,0.0,0.0,0.0,0.0,0.0,0.0,0.0,0.0,0.0,0.0,0.0,0.0,0.0,0.0,0.0,0.0,0.0,0.0,0.0,0.0,0,0,0,0,0,0,0,0,0,0,0,0,0,0,0,0,0,0,0,0,0,0.0,0,0,0,0,0.0,06037480304
480400,2022,2,3,5,0,22,49,27,0,0,0,0,0,0,0,0,0,0,0,0,0,0,0,0,0.0,0.0,0.0,0.0,0.0,0.0,0.0,0.0,0.0,0.0,0.0,0.0,0.0,0.0,0.0,0.0,0.0,0.0,0.0,0.0,0,0,0,0,0,0,0,0,0,0,0,0,0,0,0,0,0,0,0,0,0,0.0,0,0,0,0,0.0,06037480400
480500,2022,2,3,5,0,25,41,27,0,0,0,0,2,8,0,0,0,0,0,1,0,0,0,0,1.336,0.0,0.0,0.0,0.0,0.047,0.0,0.0,0.0,0.0,0.152,0.0,0.0,0.0,0.0,1.184,0.0,0.0,0.0,0.0,0,0,0,0,0,0,0,0,0,0,0,0,0,0,0,0,0,0,0,0,0,9.336,0,0,0,0,9.336,06037480500
480600,2022,2,3,5,0,25,41,27,0,0,0,0,2,10,0,0,0,0,0,0,0,0,3,11,0.0,0.0,0.0,3.5759999999999996,15.98,0.0,0.0,0.0,0.006,0.040999999999999995,0.0,0.0,0.0,0.02,0.125,0.0,0.0,0.0,3.556,15.855,0,0,0,0,0,0,0,0,0,0,0,0,0,0,0,0,0,0,0,0,0,29.556,0,0,0,0,29.556,06037480600
480702,2022,2,3,5,0,25,41,27,0,0,0,0,0,0,0,0,0,0,0,0,0,0,0,0,0.0,0.0,0.0,0.0,0.0,0.0,0.0,0.0,0.0,0.0,0.0,0.0,0.0,0.0,0.0,0.0,0.0,0.0,0.0,0.0,0,0,0,0,0,0,0,0,0,0,0,0,0,0,0,0,0,0,0,0,0,0.0,0,0,0,0,0.0,06037480702
480703,2022,2,3,5,0,25,41,27,0,0,0,0,1,0,0,0,0,0,0,0,1,0,0,0,0.0,1.203,0.0,0.0,0.0,0.0,0.018,0.0,0.0,0.0,0.0,0.057,0.0,0.0,0.0,0.0,1.146,0.0,0.0,0.0,0,0,0,0,0,0,0,0,0,0,0,0,0,0,0,0,0,0,0,0,0,1.203,0,0,0,0,1.203,06037480703
480704,2022,2,3,5,0,25,41,27,0,0,0,0,1,9,0,0,0,0,0,1,0,0,0,0,1.336,0.0,0.0,0.0,0.0,0.047,0.0,0.0,0.0,0.0,0.152,0.0,0.0,0.0,0.0,1.184,0.0,0.0,0.0,0.0,0,0,0,0,0,0,0,0,0,0,0,0,0,0,0,0,0,0,0,0,0,10.336,0,0,0,0,10.336,06037480704
480802,2022,2,3,5,0,22,49,27,0,0,0,0,1,3,0,0,0,0,0,1,0,2,0,2,1.336,0.0,3.903,0.0,2.905,0.047,0.0,0.038,0.0,0.008,0.152,0.0,0.155,0.0,0.023,1.184,0.0,3.748,0.0,2.883,0,0,0,0,0,0,0,0,0,0,0,0,0,0,0,0,0,0,0,0,0,11.143,0,0,0,0,11.143,06037480802
480803,2022,2,3,5,0,22,49,27,0,0,0,0,0,0,0,0,0,0,0,0,0,0,0,0,0.0,0.0,0.0,0.0,0.0,0.0,0.0,0.0,0.0,0.0,0.0,0.0,0.0,0.0,0.0,0.0,0.0,0.0,0.0,0.0,0,0,0,0,0,0,0,0,0,0,0,0,0,0,0,0,0,0,0,0,0,0.0,0,0,0,0,0.0,06037480803
480804,2022,2,3,5,0,22,49,27,0,0,0,0,0,0,0,0,0,0,0,0,0,0,0,0,0.0,0.0,0.0,0.0,0.0,0.0,0.0,0.0,0.0,0.0,0.0,0.0,0.0,0.0,0.0,0.0,0.0,0.0,0.0,0.0,0,0,0,0,0,0,0,0,0,0,0,0,0,0,0,0,0,0,0,0,0,0.0,0,0,0,0,0.0,06037480804
480901,2022,2,3,5,0,22,49,27,0,0,0,0,1,2,0,0,0,0,0,2,0,0,0,1,2.671,0.0,0.0,0.0,1.453,0.094,0.0,0.0,0.0,0.004,0.304,0.0,0.0,0.0,0.011,2.367,0.0,0.0,0.0,1.441,0,0,0,0,0,0,0,0,0,0,0,0,0,0,0,0,0,0,0,0,0,6.124,0,0,0,0,6.124,06037480901
480902,2022,2,3,5,0,22,49,27,0,0,0,0,1,2,0,0,0,0,0,1,1,0,0,0,1.336,1.203,0.0,0.0,0.0,0.047,0.018,0.0,0.0,0.0,0.152,0.057,0.0,0.0,0.0,1.184,1.146,0.0,0.0,0.0,0,0,0,0,0,0,0,0,0,0,0,0,0,0,0,0,0,0,0,0,0,4.539,0,0,0,0,4.539,06037480902
480903,2022,2,3,5,0,22,49,27,0,0,0,0,0,0,0,0,0,0,0,0,0,0,0,0,0.0,0.0,0.0,0.0,0.0,0.0,0.0,0.0,0.0,0.0,0.0,0.0,0.0,0.0,0.0,0.0,0.0,0.0,0.0,0.0,0,0,0,0,0,0,0,0,0,0,0,0,0,0,0,0,0,0,0,0,0,0.0,0,0,0,0,0.0,06037480903
481001,2022,2,3,5,0,22,49,27,0,13,0,1,1,1,0,0,0,0,0,0,0,0,0,0,0.0,0.0,0.0,0.0,0.0,0.0,0.0,0.0,0.0,0.0,0.0,0.0,0.0,0.0,0.0,0.0,0.0,0.0,0.0,0.0,10,0,0,0,0,0,0,0,0,0,0,0,0,0,0,0,0,0,0,0,0,1.0,10,0,0,10,11.0,06037481001
481002,2022,2,3,5,0,22,49,27,0,15,0,1,1,6,0,0,0,0,0,3,0,0,0,0,4.007,0.0,0.0,0.0,0.0,0.14,0.0,0.0,0.0,0.0,0.456,0.0,0.0,0.0,0.0,3.551,0.0,0.0,0.0,0.0,0,0,0,0,0,0,0,0,0,0,12,0,0,0,0,0,0,0,0,0,0,10.007,0,12,0,12,22.007,06037481002
481101,2022,2,3,5,0,22,49,27,0,0,0,0,1,1,0,0,0,0,0,0,0,0,0,0,0.0,0.0,0.0,0.0,0.0,0.0,0.0,0.0,0.0,0.0,0.0,0.0,0.0,0.0,0.0,0.0,0.0,0.0,0.0,0.0,0,0,0,0,0,0,0,0,0,0,0,0,0,0,0,0,0,0,0,0,0,1.0,0,0,0,0,1.0,06037481101
481102,2022,2,3,5,0,22,49,27,0,0,0,0,0,0,0,0,0,0,0,0,0,0,0,0,0.0,0.0,0.0,0.0,0.0,0.0,0.0,0.0,0.0,0.0,0.0,0.0,0.0,0.0,0.0,0.0,0.0,0.0,0.0,0.0,0,0,0,0,0,0,0,0,0,0,0,0,0,0,0,0,0,0,0,0,0,0.0,0,0,0,0,0.0,06037481102
481103,2022,2,3,5,0,22,49,27,0,0,0,0,0,0,0,0,0,0,0,0,0,0,0,0,0.0,0.0,0.0,0.0,0.0,0.0,0.0,0.0,0.0,0.0,0.0,0.0,0.0,0.0,0.0,0.0,0.0,0.0,0.0,0.0,0,0,0,0,0,0,0,0,0,0,0,0,0,0,0,0,0,0,0,0,0,0.0,0,0,0,0,0.0,06037481103
481201,2022,2,3,5,0,22,49,27,4,0,1,0,0,0,0,0,0,0,0,0,0,0,0,0,0.0,0.0,0.0,0.0,0.0,0.0,0.0,0.0,0.0,0.0,0.0,0.0,0.0,0.0,0.0,0.0,0.0,0.0,0.0,0.0,0,0,0,0,0,0,0,0,0,0,0,0,0,0,0,0,0,0,0,0,0,0.0,0,0,0,0,0.0,06037481201
481202,2022,2,3,5,0,22,49,27,0,0,0,0,1,0,0,0,0,0,0,0,0,2,0,0,0.0,0.0,3.903,0.0,0.0,0.0,0.0,0.038,0.0,0.0,0.0,0.0,0.155,0.0,0.0,0.0,0.0,3.748,0.0,0.0,0,0,0,0,0,0,0,0,0,0,0,0,0,0,0,0,0,0,0,0,0,3.903,0,0,0,0,3.903,06037481202
481300,2022,2,3,1,0,22,49,27,0,0,0,0,1,6,0,0,0,0,0,0,1,0,3,0,0.0,1.203,0.0,3.576,0.0,0.0,0.018,0.0,0.006,0.0,0.0,0.057,0.0,0.02,0.0,0.0,1.146,0.0,3.556,0.0,0,0,0,0,0,0,0,0,0,0,0,0,0,0,0,0,0,0,0,0,0,10.779,0,0,0,0,10.779,06037481300
481401,2022,2,3,5,0,22,49,27,0,0,0,0,1,0,0,0,0,0,0,0,0,1,0,0,0.0,0.0,1.951,0.0,0.0,0.0,0.0,0.019,0.0,0.0,0.0,0.0,0.077,0.0,0.0,0.0,0.0,1.874,0.0,0.0,0,0,0,0,0,0,0,0,0,0,0,0,0,0,0,0,0,0,0,0,0,1.951,0,0,0,0,1.951,06037481401
481402,2022,2,3,5,0,22,49,27,0,0,0,0,0,0,0,0,0,0,0,0,0,0,0,0,0.0,0.0,0.0,0.0,0.0,0.0,0.0,0.0,0.0,0.0,0.0,0.0,0.0,0.0,0.0,0.0,0.0,0.0,0.0,0.0,0,0,0,0,0,0,0,0,0,0,0,0,0,0,0,0,0,0,0,0,0,0.0,0,0,0,0,0.0,06037481402
481500,2022,2,3,5,0,22,49,27,0,0,0,0,2,1,0,0,0,0,0,0,1,2,0,0,0.0,1.203,3.903,0.0,0.0,0.0,0.018,0.038,0.0,0.0,0.0,0.057,0.155,0.0,0.0,0.0,1.146,3.748,0.0,0.0,0,0,0,0,0,0,0,0,0,0,0,0,0,0,0,0,0,0,0,0,0,6.106,0,0,0,0,6.106,06037481500
481603,2022,2,3,5,0,22,49,27,0,0,0,0,0,0,0,0,0,0,0,0,0,0,0,0,0.0,0.0,0.0,0.0,0.0,0.0,0.0,0.0,0.0,0.0,0.0,0.0,0.0,0.0,0.0,0.0,0.0,0.0,0.0,0.0,0,0,0,0,0,0,0,0,0,0,0,0,0,0,0,0,0,0,0,0,0,0.0,0,0,0,0,0.0,06037481603
481604,2022,2,3,5,0,22,49,27,0,0,0,0,0,0,0,0,0,0,0,0,0,0,0,0,0.0,0.0,0.0,0.0,0.0,0.0,0.0,0.0,0.0,0.0,0.0,0.0,0.0,0.0,0.0,0.0,0.0,0.0,0.0,0.0,0,0,0,0,0,0,0,0,0,0,0,0,0,0,0,0,0,0,0,0,0,0.0,0,0,0,0,0.0,06037481604
481605,2022,2,3,5,0,22,49,27,0,0,0,0,1,2,0,0,0,0,0,0,0,0,0,0,0.0,0.0,0.0,0.0,0.0,0.0,0.0,0.0,0.0,0.0,0.0,0.0,0.0,0.0,0.0,0.0,0.0,0.0,0.0,0.0,0,0,0,0,0,0,0,0,0,0,0,0,0,0,0,0,0,0,0,0,0,2.0,0,0,0,0,2.0,06037481605
481606,2022,2,3,5,0,22,49,27,0,0,0,0,0,0,0,0,0,0,0,0,0,0,0,0,0.0,0.0,0.0,0.0,0.0,0.0,0.0,0.0,0.0,0.0,0.0,0.0,0.0,0.0,0.0,0.0,0.0,0.0,0.0,0.0,0,0,0,0,0,0,0,0,0,0,0,0,0,0,0,0,0,0,0,0,0,0.0,0,0,0,0,0.0,06037481606
481711,2022,2,3,1,0,22,49,27,0,0,0,0,1,6,0,0,0,0,0,1,4,1,0,6,1.336,4.813,1.951,0.0,8.716,0.047,0.073,0.019,0.0,0.023,0.152,0.228,0.077,0.0,0.068,1.184,4.585,1.874,0.0,8.648,0,0,0,0,0,0,0,0,0,0,0,0,0,0,0,0,0,0,0,0,0,22.816,0,0,0,0,22.816,06037481711
481712,2022,2,3,1,0,22,49,27,0,0,0,0,1,14,0,0,0,0,0,1,4,1,0,7,1.336,4.813,1.951,0.0,10.169,0.047,0.073,0.019,0.0,0.026,0.152,0.228,0.077,0.0,0.079,1.184,4.585,1.874,0.0,10.09,0,0,0,0,0,0,0,0,0,0,0,0,0,0,0,0,0,0,0,0,0,32.268,0,0,0,0,32.268,06037481712
481713,2022,2,3,1,0,22,49,27,0,0,0,0,1,3,0,0,0,0,0,3,1,0,0,0,4.007,1.203,0.0,0.0,0.0,0.14,0.018,0.0,0.0,0.0,0.456,0.057,0.0,0.0,0.0,3.551,1.146,0.0,0.0,0.0,0,0,0,0,0,0,0,0,0,0,0,0,0,0,0,0,0,0,0,0,0,8.21,0,0,0,0,8.21,06037481713
481714,2022,2,3,1,0,22,49,27,0,0,0,0,0,0,0,0,0,0,0,0,0,0,0,0,0.0,0.0,0.0,0.0,0.0,0.0,0.0,0.0,0.0,0.0,0.0,0.0,0.0,0.0,0.0,0.0,0.0,0.0,0.0,0.0,0,0,0,0,0,0,0,0,0,0,0,0,0,0,0,0,0,0,0,0,0,0.0,0,0,0,0,0.0,06037481714
481800,2022,2,3,5,0,22,49,27,0,0,0,0,0,0,0,0,0,0,0,0,0,0,0,0,0.0,0.0,0.0,0.0,0.0,0.0,0.0,0.0,0.0,0.0,0.0,0.0,0.0,0.0,0.0,0.0,0.0,0.0,0.0,0.0,0,0,0,0,0,0,0,0,0,0,0,0,0,0,0,0,0,0,0,0,0,0.0,0,0,0,0,0.0,06037481800
481901,2022,2,3,5,0,22,49,27,2,16,1,1,1,2,0,0,0,0,0,0,0,1,0,0,0.0,0.0,1.951,0.0,0.0,0.0,0.0,0.019,0.0,0.0,0.0,0.0,0.077,0.0,0.0,0.0,0.0,1.874,0.0,0.0,22,0,0,0,0,0,0,0,0,0,0,0,0,0,0,0,0,0,0,0,0,3.951,22,0,0,22,25.951,06037481901
481902,2022,2,3,5,0,22,49,27,0,0,0,0,0,0,0,0,0,0,0,0,0,0,0,0,0.0,0.0,0.0,0.0,0.0,0.0,0.0,0.0,0.0,0.0,0.0,0.0,0.0,0.0,0.0,0.0,0.0,0.0,0.0,0.0,0,0,0,0,0,0,0,0,0,0,0,0,0,0,0,0,0,0,0,0,0,0.0,0,0,0,0,0.0,06037481902
482001,2022,2,3,1,0,22,49,27,0,0,0,0,1,3,0,0,0,0,0,1,0,1,0,0,1.336,0.0,1.951,0.0,0.0,0.047,0.0,0.019,0.0,0.0,0.152,0.0,0.077,0.0,0.0,1.184,0.0,1.874,0.0,0.0,0,0,0,0,0,0,0,0,0,0,0,0,0,0,0,0,0,0,0,0,0,6.287,0,0,0,0,6.287,06037482001
482002,2022,2,3,1,0,22,49,27,0,0,0,0,1,1,0,0,0,0,0,0,0,0,0,0,0.0,0.0,0.0,0.0,0.0,0.0,0.0,0.0,0.0,0.0,0.0,0.0,0.0,0.0,0.0,0.0,0.0,0.0,0.0,0.0,0,0,0,0,0,0,0,0,0,0,0,0,0,0,0,0,0,0,0,0,0,1.0,0,0,0,0,1.0,06037482002
482101,2022,2,3,1,0,22,49,27,0,0,0,0,1,2,0,0,0,0,0,0,0,0,0,0,0.0,0.0,0.0,0.0,0.0,0.0,0.0,0.0,0.0,0.0,0.0,0.0,0.0,0.0,0.0,0.0,0.0,0.0,0.0,0.0,0,0,0,0,0,0,0,0,0,0,0,0,0,0,0,0,0,0,0,0,0,2.0,0,0,0,0,2.0,06037482101
482102,2022,2,3,1,0,22,49,27,0,0,0,0,0,0,0,0,0,0,0,0,0,0,0,0,0.0,0.0,0.0,0.0,0.0,0.0,0.0,0.0,0.0,0.0,0.0,0.0,0.0,0.0,0.0,0.0,0.0,0.0,0.0,0.0,0,0,0,0,0,0,0,0,0,0,0,0,0,0,0,0,0,0,0,0,0,0.0,0,0,0,0,0.0,06037482102
482201,2022,2,3,1,0,22,49,27,0,0,0,0,0,0,0,0,0,0,0,0,0,0,0,0,0.0,0.0,0.0,0.0,0.0,0.0,0.0,0.0,0.0,0.0,0.0,0.0,0.0,0.0,0.0,0.0,0.0,0.0,0.0,0.0,0,0,0,0,0,0,0,0,0,0,0,0,0,0,0,0,0,0,0,0,0,0.0,0,0,0,0,0.0,06037482201
482202,2022,2,3,1,0,22,49,27,0,0,0,0,1,6,0,0,0,0,0,0,0,0,0,0,0.0,0.0,0.0,0.0,0.0,0.0,0.0,0.0,0.0,0.0,0.0,0.0,0.0,0.0,0.0,0.0,0.0,0.0,0.0,0.0,0,0,0,0,0,0,0,0,0,0,0,0,0,0,0,0,0,0,0,0,0,6.0,0,0,0,0,6.0,06037482202
482301,2022,2,3,5,0,22,49,27,0,0,0,0,0,0,0,0,0,0,0,0,0,0,0,0,0.0,0.0,0.0,0.0,0.0,0.0,0.0,0.0,0.0,0.0,0.0,0.0,0.0,0.0,0.0,0.0,0.0,0.0,0.0,0.0,0,0,0,0,0,0,0,0,0,0,0,0,0,0,0,0,0,0,0,0,0,0.0,0,0,0,0,0.0,06037482301
482303,2022,2,3,1,0,22,49,27,0,0,0,0,1,3,0,0,0,0,0,0,0,0,0,0,0.0,0.0,0.0,0.0,0.0,0.0,0.0,0.0,0.0,0.0,0.0,0.0,0.0,0.0,0.0,0.0,0.0,0.0,0.0,0.0,0,0,0,0,0,0,0,0,0,0,0,0,0,0,0,0,0,0,0,0,0,3.0,0,0,0,0,3.0,06037482303
482304,2022,2,3,1,0,22,49,27,0,0,0,0,1,1,0,0,0,0,0,0,0,0,0,1,0.0,0.0,0.0,0.0,1.453,0.0,0.0,0.0,0.0,0.004,0.0,0.0,0.0,0.0,0.011,0.0,0.0,0.0,0.0,1.441,0,0,0,0,0,0,0,0,0,0,0,0,0,0,0,0,0,0,0,0,0,2.453,0,0,0,0,2.453,06037482304
482401,2022,2,3,1,0,22,49,27,0,0,0,0,1,2,0,0,0,0,0,0,0,1,0,0,0.0,0.0,1.951,0.0,0.0,0.0,0.0,0.019,0.0,0.0,0.0,0.0,0.077,0.0,0.0,0.0,0.0,1.874,0.0,0.0,0,0,0,0,0,0,0,0,0,0,0,0,0,0,0,0,0,0,0,0,0,3.951,0,0,0,0,3.951,06037482401
482402,2022,2,3,1,0,22,49,27,0,0,0,1,2,4,0,0,0,0,0,0,0,0,16,23,0.0,0.0,0.0,19.071,33.413,0.0,0.0,0.0,0.031,0.087,0.0,0.0,0.0,0.105,0.26,0.0,0.0,0.0,18.966,33.152,0,2,9,0,0,0,0,0,0,0,0,0,0,0,0,0,0,0,0,0,0,56.484,9,0,0,9,65.48400000000001,06037482402
482502,2022,2,3,1,0,22,49,27,0,0,0,0,0,0,0,0,0,0,0,0,0,0,0,0,0.0,0.0,0.0,0.0,0.0,0.0,0.0,0.0,0.0,0.0,0.0,0.0,0.0,0.0,0.0,0.0,0.0,0.0,0.0,0.0,0,0,0,0,0,0,0,0,0,0,0,0,0,0,0,0,0,0,0,0,0,0.0,0,0,0,0,0.0,06037482502
482503,2022,2,3,1,0,22,49,27,0,0,0,0,1,2,0,0,0,0,0,0,0,0,0,0,0.0,0.0,0.0,0.0,0.0,0.0,0.0,0.0,0.0,0.0,0.0,0.0,0.0,0.0,0.0,0.0,0.0,0.0,0.0,0.0,0,0,0,0,0,0,0,0,0,0,0,0,0,0,0,0,0,0,0,0,0,2.0,0,0,0,0,2.0,06037482503
482521,2022,2,3,1,0,22,49,27,0,0,0,0,0,0,0,0,0,0,0,0,0,0,0,0,0.0,0.0,0.0,0.0,0.0,0.0,0.0,0.0,0.0,0.0,0.0,0.0,0.0,0.0,0.0,0.0,0.0,0.0,0.0,0.0,0,0,0,0,0,0,0,0,0,0,0,0,0,0,0,0,0,0,0,0,0,0.0,0,0,0,0,0.0,06037482521
482522,2022,2,7,1,0,22,49,27,0,0,0,0,0,0,0,0,0,0,0,0,0,0,0,0,0.0,0.0,0.0,0.0,0.0,0.0,0.0,0.0,0.0,0.0,0.0,0.0,0.0,0.0,0.0,0.0,0.0,0.0,0.0,0.0,0,0,0,0,0,0,0,0,0,0,0,0,0,0,0,0,0,0,0,0,0,0.0,0,0,0,0,0.0,06037482522
482600,2022,2,3,1,0,22,49,27,0,0,0,0,0,0,0,0,0,0,0,0,0,0,0,0,0.0,0.0,0.0,0.0,0.0,0.0,0.0,0.0,0.0,0.0,0.0,0.0,0.0,0.0,0.0,0.0,0.0,0.0,0.0,0.0,0,0,0,0,0,0,0,0,0,0,0,0,0,0,0,0,0,0,0,0,0,0.0,0,0,0,0,0.0,06037482600
482701,2022,2,3,1,0,22,49,27,0,0,0,0,2,9,0,0,0,0,0,0,0,0,0,0,0.0,0.0,0.0,0.0,0.0,0.0,0.0,0.0,0.0,0.0,0.0,0.0,0.0,0.0,0.0,0.0,0.0,0.0,0.0,0.0,0,0,0,0,0,0,0,0,0,0,0,0,0,0,0,0,0,0,0,0,0,9.0,0,0,0,0,9.0,06037482701
482702,2022,2,3,1,0,22,49,27,0,0,0,0,1,4,0,0,0,0,0,0,0,0,0,0,0.0,0.0,0.0,0.0,0.0,0.0,0.0,0.0,0.0,0.0,0.0,0.0,0.0,0.0,0.0,0.0,0.0,0.0,0.0,0.0,0,0,0,0,0,0,0,0,0,0,0,0,0,0,0,0,0,0,0,0,0,4.0,0,0,0,0,4.0,06037482702
482800,2022,2,3,1,0,22,49,27,1,0,1,0,1,1,0,0,0,0,0,0,0,0,0,0,0.0,0.0,0.0,0.0,0.0,0.0,0.0,0.0,0.0,0.0,0.0,0.0,0.0,0.0,0.0,0.0,0.0,0.0,0.0,0.0,0,0,0,0,0,0,0,0,0,0,0,0,0,0,0,0,0,0,0,0,0,1.0,0,0,0,0,1.0,06037482800
500100,2022,2,7,4,0,32,57,39,0,0,0,0,1,1,0,0,0,0,0,1,0,1,0,0,1.331,0.0,1.775,0.0,0.0,0.047,0.0,0.019,0.0,0.0,0.152,0.0,0.077,0.0,0.0,1.179,0.0,1.697,0.0,0.0,0,0,0,0,0,0,0,0,0,0,0,0,0,0,0,0,0,0,0,0,0,4.105,0,0,0,0,4.105,06037500100
500201,2022,2,7,4,0,32,57,39,0,0,0,0,0,0,0,0,0,0,0,0,0,0,0,0,0.0,0.0,0.0,0.0,0.0,0.0,0.0,0.0,0.0,0.0,0.0,0.0,0.0,0.0,0.0,0.0,0.0,0.0,0.0,0.0,0,0,0,0,0,0,0,0,0,0,0,0,0,0,0,0,0,0,0,0,0,0.0,0,0,0,0,0.0,06037500201
500202,2022,2,7,4,0,32,57,38,0,0,0,0,0,0,0,0,0,0,0,0,0,0,0,0,0.0,0.0,0.0,0.0,0.0,0.0,0.0,0.0,0.0,0.0,0.0,0.0,0.0,0.0,0.0,0.0,0.0,0.0,0.0,0.0,0,0,0,0,0,0,0,0,0,0,0,0,0,0,0,0,0,0,0,0,0,0.0,0,0,0,0,0.0,06037500202
500300,2022,2,7,4,0,32,58,38,0,0,0,0,4,0,0,0,0,0,0,5,0,10,2,3,6.6530000000000005,0.0,17.745,2.606,4.654,0.235,0.0,0.19,0.004,0.011,0.76,0.0,0.775,0.014,0.034,5.893000000000001,0.0,16.97,2.592,4.62,0,0,0,0,0,0,0,0,0,0,0,0,0,0,0,0,0,0,0,0,0,31.658,0,0,0,0,31.658,06037500300
500402,2022,2,7,1,0,32,58,38,0,0,0,0,1,7,0,0,0,0,0,1,0,0,1,0,1.331,0.0,0.0,1.303,0.0,0.047,0.0,0.0,0.002,0.0,0.152,0.0,0.0,0.007,0.0,1.179,0.0,0.0,1.296,0.0,0,0,0,0,0,0,0,0,0,0,0,0,0,0,0,0,0,0,0,0,0,9.633,0,0,0,0,9.633,06037500402
500403,2022,2,7,1,0,32,58,38,0,0,0,0,3,16,0,0,0,0,0,0,1,8,0,12,0.0,1.263,14.196,0.0,18.615000000000002,0.0,0.018,0.152,0.0,0.045,0.0,0.057,0.62,0.0,0.136,0.0,1.206,13.576,0.0,18.48,0,0,0,0,0,0,0,0,0,0,0,0,0,0,0,0,0,0,0,0,0,50.074000000000005,0,0,0,0,50.074000000000005,06037500403
500404,2022,2,7,1,0,32,58,38,0,0,0,0,0,0,0,0,0,0,0,0,0,0,0,0,0.0,0.0,0.0,0.0,0.0,0.0,0.0,0.0,0.0,0.0,0.0,0.0,0.0,0.0,0.0,0.0,0.0,0.0,0.0,0.0,0,0,0,0,0,0,0,0,0,0,0,0,0,0,0,0,0,0,0,0,0,0.0,0,0,0,0,0.0,06037500404
500500,2022,2,7,1,0,32,58,38,0,0,0,0,1,4,0,0,0,0,0,0,0,2,0,0,0.0,0.0,3.549,0.0,0.0,0.0,0.0,0.038,0.0,0.0,0.0,0.0,0.155,0.0,0.0,0.0,0.0,3.394,0.0,0.0,0,0,0,0,0,0,0,0,0,0,0,0,0,0,0,0,0,0,0,0,0,7.549,0,0,0,0,7.549,06037500500
500600,2022,2,7,1,0,32,58,38,0,0,0,0,1,5,0,0,0,0,0,0,2,0,0,0,0.0,2.526,0.0,0.0,0.0,0.0,0.037,0.0,0.0,0.0,0.0,0.114,0.0,0.0,0.0,0.0,2.412,0.0,0.0,0.0,0,0,0,0,0,0,0,0,0,0,0,0,0,0,0,0,0,0,0,0,0,7.526,0,0,0,0,7.526,06037500600
500700,2022,2,7,1,0,32,58,38,3,0,2,0,2,10,0,0,0,0,0,0,0,0,1,3,0.0,0.0,0.0,1.303,4.654,0.0,0.0,0.0,0.002,0.012,0.0,0.0,0.0,0.007,0.034,0.0,0.0,0.0,1.296,4.62,0,0,0,0,0,0,0,0,0,0,0,0,0,0,0,0,0,0,0,0,0,15.956,0,0,0,0,15.956,06037500700
500800,2022,2,7,1,0,32,58,38,0,0,0,0,1,3,0,0,0,0,0,0,0,0,0,0,0.0,0.0,0.0,0.0,0.0,0.0,0.0,0.0,0.0,0.0,0.0,0.0,0.0,0.0,0.0,0.0,0.0,0.0,0.0,0.0,0,0,0,0,0,0,0,0,0,0,0,0,0,0,0,0,0,0,0,0,0,3.0,0,0,0,0,3.0,06037500800
500900,2022,2,7,1,0,32,58,38,0,0,0,0,1,11,0,0,0,0,0,0,0,0,1,4,0.0,0.0,0.0,1.303,6.205,0.0,0.0,0.0,0.002,0.015,0.0,0.0,0.0,0.007,0.045,0.0,0.0,0.0,1.296,6.16,0,0,0,0,0,0,0,0,0,0,0,0,0,0,0,0,0,0,0,0,0,18.508,0,0,0,0,18.508,06037500900
501001,2022,2,7,4,0,32,57,38,0,0,0,0,1,3,0,0,0,0,0,0,0,0,0,0,0.0,0.0,0.0,0.0,0.0,0.0,0.0,0.0,0.0,0.0,0.0,0.0,0.0,0.0,0.0,0.0,0.0,0.0,0.0,0.0,0,0,0,0,0,0,0,0,0,0,0,0,0,0,0,0,0,0,0,0,0,3.0,0,0,0,0,3.0,06037501001
501002,2022,2,7,4,0,32,57,38,0,0,0,0,3,5,0,0,0,0,0,0,0,0,0,0,0.0,0.0,0.0,0.0,0.0,0.0,0.0,0.0,0.0,0.0,0.0,0.0,0.0,0.0,0.0,0.0,0.0,0.0,0.0,0.0,0,0,0,0,0,0,0,0,0,0,0,0,0,0,0,0,0,0,0,0,0,5.0,0,0,0,0,5.0,06037501002
501200,2022,2,7,4,0,32,57,38,0,0,0,0,2,4,0,0,0,0,0,0,0,0,0,0,0.0,0.0,0.0,0.0,0.0,0.0,0.0,0.0,0.0,0.0,0.0,0.0,0.0,0.0,0.0,0.0,0.0,0.0,0.0,0.0,0,0,0,0,0,0,0,0,0,0,0,0,0,0,0,0,0,0,0,0,0,4.0,0,0,0,0,4.0,06037501200
501300,2022,2,7,4,0,32,57,38,0,0,0,0,0,0,0,0,0,0,0,0,0,0,0,0,0.0,0.0,0.0,0.0,0.0,0.0,0.0,0.0,0.0,0.0,0.0,0.0,0.0,0.0,0.0,0.0,0.0,0.0,0.0,0.0,0,0,0,0,0,0,0,0,0,0,0,0,0,0,0,0,0,0,0,0,0,0.0,0,0,0,0,0.0,06037501300
501400,2022,2,7,4,0,32,57,38,0,0,0,0,1,6,0,0,0,0,0,0,2,1,0,1,0.0,2.526,1.775,0.0,1.551,0.0,0.037,0.019,0.0,0.004,0.0,0.114,0.077,0.0,0.011,0.0,2.412,1.697,0.0,1.54,0,0,0,0,0,0,0,0,0,0,0,0,0,0,0,0,0,0,0,0,0,11.852,0,0,0,0,11.852,06037501400
501501,2022,2,7,4,0,32,57,38,0,0,0,0,1,2,0,0,0,0,0,1,0,0,0,0,1.331,0.0,0.0,0.0,0.0,0.047,0.0,0.0,0.0,0.0,0.152,0.0,0.0,0.0,0.0,1.179,0.0,0.0,0.0,0.0,0,0,0,0,0,0,0,0,0,0,0,0,0,0,0,0,0,0,0,0,0,3.331,0,0,0,0,3.331,06037501501
501503,2022,2,7,4,0,32,57,38,0,0,0,0,0,0,0,0,0,0,0,0,0,0,0,0,0.0,0.0,0.0,0.0,0.0,0.0,0.0,0.0,0.0,0.0,0.0,0.0,0.0,0.0,0.0,0.0,0.0,0.0,0.0,0.0,0,0,0,0,0,0,0,0,0,0,0,0,0,0,0,0,0,0,0,0,0,0.0,0,0,0,0,0.0,06037501503
501504,2022,2,7,4,0,32,57,38,0,0,0,0,1,13,0,0,0,0,0,0,0,0,0,1,0.0,0.0,0.0,0.0,1.551,0.0,0.0,0.0,0.0,0.004,0.0,0.0,0.0,0.0,0.011,0.0,0.0,0.0,0.0,1.54,0,0,0,0,0,0,0,0,0,0,0,0,0,0,0,0,0,0,0,0,0,14.551,0,0,0,0,14.551,06037501504
501600,2022,2,7,4,0,32,57,38,0,0,0,0,0,0,0,0,0,0,0,0,0,0,0,0,0.0,0.0,0.0,0.0,0.0,0.0,0.0,0.0,0.0,0.0,0.0,0.0,0.0,0.0,0.0,0.0,0.0,0.0,0.0,0.0,0,0,0,0,0,0,0,0,0,0,0,0,0,0,0,0,0,0,0,0,0,0.0,0,0,0,0,0.0,06037501600
501700,2022,2,7,4,0,32,57,38,0,0,0,0,1,1,0,0,0,0,0,0,1,0,0,0,0.0,1.263,0.0,0.0,0.0,0.0,0.018,0.0,0.0,0.0,0.0,0.057,0.0,0.0,0.0,0.0,1.206,0.0,0.0,0.0,0,0,0,0,0,0,0,0,0,0,0,0,0,0,0,0,0,0,0,0,0,2.263,0,0,0,0,2.263,06037501700
501802,2022,2,7,4,0,32,57,38,0,0,0,0,0,0,0,0,0,0,0,0,0,0,0,0,0.0,0.0,0.0,0.0,0.0,0.0,0.0,0.0,0.0,0.0,0.0,0.0,0.0,0.0,0.0,0.0,0.0,0.0,0.0,0.0,0,0,0,0,0,0,0,0,0,0,0,0,0,0,0,0,0,0,0,0,0,0.0,0,0,0,0,0.0,06037501802
501803,2022,2,7,4,0,32,57,38,0,77,0,0,1,13,0,0,0,0,0,1,0,1,0,0,1.331,0.0,1.775,0.0,0.0,0.047,0.0,0.019,0.0,0.0,0.152,0.0,0.077,0.0,0.0,1.179,0.0,1.697,0.0,0.0,0,0,0,0,0,0,0,0,0,0,0,0,0,0,0,0,0,0,0,0,0,16.105,0,0,0,0,16.105,06037501803
501804,2022,2,7,4,0,32,57,38,0,1,0,1,1,3,0,0,0,0,0,1,0,1,0,0,1.331,0.0,1.775,0.0,0.0,0.047,0.0,0.019,0.0,0.0,0.152,0.0,0.077,0.0,0.0,1.179,0.0,1.697,0.0,0.0,2,0,0,0,0,0,0,0,0,0,0,0,0,0,0,0,0,0,0,0,0,6.105,2,0,0,2,8.105,06037501804
501900,2022,2,7,4,0,32,57,38,0,0,0,0,1,3,0,0,0,0,0,0,1,0,0,0,0.0,1.263,0.0,0.0,0.0,0.0,0.018,0.0,0.0,0.0,0.0,0.057,0.0,0.0,0.0,0.0,1.206,0.0,0.0,0.0,0,0,0,0,0,0,0,0,0,0,0,0,0,0,0,0,0,0,0,0,0,4.263,0,0,0,0,4.263,06037501900
502003,2022,2,7,4,0,32,57,38,0,0,0,0,0,0,0,0,0,0,0,0,0,0,0,0,0.0,0.0,0.0,0.0,0.0,0.0,0.0,0.0,0.0,0.0,0.0,0.0,0.0,0.0,0.0,0.0,0.0,0.0,0.0,0.0,0,0,0,0,0,0,0,0,0,0,0,0,0,0,0,0,0,0,0,0,0,0.0,0,0,0,0,0.0,06037502003
502004,2022,2,7,4,0,32,57,38,0,0,0,0,1,7,0,0,0,0,0,0,3,2,1,0,0.0,3.789,3.549,1.303,0.0,0.0,0.055,0.038,0.002,0.0,0.0,0.171,0.155,0.007,0.0,0.0,3.618,3.394,1.296,0.0,0,0,0,0,0,0,0,0,0,0,0,0,0,0,0,0,0,0,0,0,0,15.64,0,0,0,0,15.64,06037502004
502005,2022,2,7,4,0,32,57,38,0,0,0,0,0,0,0,0,0,0,0,0,0,0,0,0,0.0,0.0,0.0,0.0,0.0,0.0,0.0,0.0,0.0,0.0,0.0,0.0,0.0,0.0,0.0,0.0,0.0,0.0,0.0,0.0,0,0,0,0,0,0,0,0,0,0,0,0,0,0,0,0,0,0,0,0,0,0.0,0,0,0,0,0.0,06037502005
502100,2022,2,7,4,0,32,57,38,0,0,0,1,2,1,0,0,0,0,0,1,5,3,0,0,1.331,6.3149999999999995,5.324,0.0,0.0,0.047,0.092,0.057,0.0,0.0,0.152,0.28500000000000003,0.232,0.0,0.0,1.179,6.029999999999999,5.091,0.0,0.0,10,0,0,0,0,0,0,0,0,0,0,0,0,0,0,0,0,0,0,0,0,13.969,10,0,0,10,23.969,06037502100
502200,2022,2,7,4,0,32,57,38,0,0,0,0,2,2,0,0,0,0,0,2,0,2,0,0,2.661,0.0,3.549,0.0,0.0,0.094,0.0,0.038,0.0,0.0,0.304,0.0,0.155,0.0,0.0,2.357,0.0,3.394,0.0,0.0,0,0,0,0,0,0,0,0,0,0,0,0,0,0,0,0,0,0,0,0,0,8.21,0,0,0,0,8.21,06037502200
502301,2022,2,7,4,0,32,57,38,0,0,0,1,2,5,0,0,0,0,0,1,0,3,0,3,1.331,0.0,5.324,0.0,4.654,0.047,0.0,0.056999999999999995,0.0,0.011,0.152,0.0,0.23199999999999998,0.0,0.034,1.179,0.0,5.091,0.0,4.62,87,0,0,2,0,0,0,0,0,0,0,0,0,0,0,0,0,0,0,0,0,16.308,89,0,0,89,105.308,06037502301
502302,2022,2,7,4,0,32,57,38,0,0,0,0,1,2,0,0,0,0,0,2,1,0,0,0,2.661,1.263,0.0,0.0,0.0,0.094,0.018,0.0,0.0,0.0,0.304,0.057,0.0,0.0,0.0,2.357,1.206,0.0,0.0,0.0,0,0,0,0,0,0,0,0,0,0,0,0,0,0,0,0,0,0,0,0,0,5.924,0,0,0,0,5.924,06037502302
502401,2022,2,7,1,0,32,58,38,0,0,0,0,1,1,0,0,0,0,0,0,0,0,0,0,0.0,0.0,0.0,0.0,0.0,0.0,0.0,0.0,0.0,0.0,0.0,0.0,0.0,0.0,0.0,0.0,0.0,0.0,0.0,0.0,0,0,0,0,0,0,0,0,0,0,0,0,0,0,0,0,0,0,0,0,0,1.0,0,0,0,0,1.0,06037502401
502402,2022,2,7,1,0,32,58,38,0,0,0,0,1,1,0,0,0,0,0,0,0,0,0,0,0.0,0.0,0.0,0.0,0.0,0.0,0.0,0.0,0.0,0.0,0.0,0.0,0.0,0.0,0.0,0.0,0.0,0.0,0.0,0.0,0,0,0,0,0,0,0,0,0,0,0,0,0,0,0,0,0,0,0,0,0,1.0,0,0,0,0,1.0,06037502402
502500,2022,2,7,1,0,32,58,38,0,0,0,0,1,2,0,0,0,0,0,0,0,0,4,4,0.0,0.0,0.0,5.21,6.205,0.0,0.0,0.0,0.008,0.015,0.0,0.0,0.0,0.026,0.045,0.0,0.0,0.0,5.184,6.16,0,0,0,0,0,0,0,0,0,0,0,0,0,0,0,0,0,0,0,0,0,13.415,0,0,0,0,13.415,06037502500
502601,2022,2,7,1,0,32,58,38,0,0,0,0,1,2,0,0,0,0,0,0,0,0,1,4,0.0,0.0,0.0,1.303,6.205,0.0,0.0,0.0,0.002,0.015,0.0,0.0,0.0,0.007,0.045,0.0,0.0,0.0,1.296,6.16,0,0,0,0,0,0,0,0,0,0,0,0,0,0,0,0,0,0,0,0,0,9.508,0,0,0,0,9.508,06037502601
502602,2022,2,7,1,0,32,58,38,0,0,0,0,1,11,0,0,0,0,0,2,2,2,0,1,2.661,2.526,3.549,0.0,1.551,0.094,0.037,0.038,0.0,0.004,0.304,0.114,0.155,0.0,0.011,2.357,2.412,3.394,0.0,1.54,0,0,0,0,0,0,0,0,0,0,0,0,0,0,0,0,0,0,0,0,0,21.287,0,0,0,0,21.287,06037502602
502700,2022,2,7,4,0,32,57,38,0,22,0,1,2,7,0,0,0,0,0,3,3,12,0,3,3.992,3.7889999999999997,21.294,0.0,4.654,0.14,0.05499999999999999,0.227,0.0,0.012,0.456,0.171,0.929,0.0,0.034,3.536,3.618,20.365,0.0,4.62,23,7,19,1,0,0,7,0,0,0,0,0,0,0,0,0,0,0,0,0,0,40.728,50,0,0,50,90.728,06037502700
502801,2022,2,7,4,0,32,57,38,0,0,0,0,1,16,0,0,0,0,0,10,5,22,0,0,13.306,6.315,39.039,0.0,0.0,0.468,0.092,0.417,0.0,0.0,1.519,0.285,1.704,0.0,0.0,11.787,6.03,37.335,0.0,0.0,0,0,0,0,0,0,0,0,0,0,0,0,0,0,0,0,0,0,0,0,0,74.66,0,0,0,0,74.66,06037502801
502802,2022,2,7,4,0,32,57,38,0,0,0,1,0,0,0,0,0,0,0,0,0,0,0,0,0.0,0.0,0.0,0.0,0.0,0.0,0.0,0.0,0.0,0.0,0.0,0.0,0.0,0.0,0.0,0.0,0.0,0.0,0.0,0.0,31,0,0,2,0,0,0,0,0,0,0,0,0,0,0,0,0,0,0,0,0,0.0,33,0,0,33,33.0,06037502802
502901,2022,2,7,4,0,32,57,38,0,0,0,0,0,0,0,0,0,0,0,0,0,0,0,0,0.0,0.0,0.0,0.0,0.0,0.0,0.0,0.0,0.0,0.0,0.0,0.0,0.0,0.0,0.0,0.0,0.0,0.0,0.0,0.0,0,0,0,0,0,0,0,0,0,0,0,0,0,0,0,0,0,0,0,0,0,0.0,0,0,0,0,0.0,06037502901
502902,2022,2,7,4,0,32,57,38,4,18,1,1,1,2,0,0,0,0,0,0,0,1,0,0,0.0,0.0,1.775,0.0,0.0,0.0,0.0,0.019,0.0,0.0,0.0,0.0,0.077,0.0,0.0,0.0,0.0,1.697,0.0,0.0,33,0,0,5,0,0,0,0,0,0,0,0,0,0,0,0,0,0,0,0,0,3.775,38,0,0,38,41.775,06037502902
503000,2022,2,7,4,0,32,57,38,0,0,0,0,3,0,0,0,0,0,0,4,6,2,0,2,5.323,7.577999999999999,3.549,0.0,3.102,0.187,0.11,0.038,0.0,0.008,0.608,0.34199999999999997,0.155,0.0,0.022,4.715,7.236,3.394,0.0,3.08,0,0,0,0,0,0,0,0,0,0,0,0,0,0,0,0,0,0,0,0,0,19.552,0,0,0,0,19.552,06037503000
503103,2022,2,7,4,0,32,57,38,0,0,0,0,1,2,0,0,0,0,0,0,0,1,0,0,0.0,0.0,1.775,0.0,0.0,0.0,0.0,0.019,0.0,0.0,0.0,0.0,0.077,0.0,0.0,0.0,0.0,1.697,0.0,0.0,0,0,0,0,0,0,0,0,0,0,0,0,0,0,0,0,0,0,0,0,0,3.775,0,0,0,0,3.775,06037503103
503104,2022,2,7,4,0,32,57,38,0,0,0,0,1,3,0,0,0,0,0,0,0,0,0,0,0.0,0.0,0.0,0.0,0.0,0.0,0.0,0.0,0.0,0.0,0.0,0.0,0.0,0.0,0.0,0.0,0.0,0.0,0.0,0.0,0,0,0,0,0,0,0,0,0,0,0,0,0,0,0,0,0,0,0,0,0,3.0,0,0,0,0,3.0,06037503104
503105,2022,2,7,4,0,32,57,38,0,6,0,1,1,2,0,0,0,0,0,0,2,1,0,0,0.0,2.526,1.775,0.0,0.0,0.0,0.037,0.019,0.0,0.0,0.0,0.114,0.077,0.0,0.0,0.0,2.412,1.697,0.0,0.0,0,0,0,0,0,0,0,0,0,0,12,0,0,0,0,0,0,0,0,0,0,6.3,0,12,0,12,18.3,06037503105
503106,2022,2,7,4,0,32,57,38,0,0,0,1,0,0,0,0,0,0,0,0,0,0,0,0,0.0,0.0,0.0,0.0,0.0,0.0,0.0,0.0,0.0,0.0,0.0,0.0,0.0,0.0,0.0,0.0,0.0,0.0,0.0,0.0,0,0,0,0,0,0,0,0,0,0,0,0,0,0,0,0,0,0,0,0,0,0.0,0,0,0,0,0.0,06037503106
503201,2022,2,7,4,0,32,57,38,6,0,1,0,1,0,0,0,4,0,0,0,0,0,0,0,0.0,0.0,0.0,0.0,0.0,0.0,0.0,0.0,0.0,0.0,0.0,0.0,0.0,0.0,0.0,0.0,0.0,0.0,0.0,0.0,0,0,0,0,0,0,0,0,0,0,0,0,0,0,0,0,0,0,0,0,0,4.0,0,0,0,0,4.0,06037503201
503202,2022,2,7,4,0,32,57,38,0,31,0,1,0,0,0,0,0,0,0,0,0,0,0,0,0.0,0.0,0.0,0.0,0.0,0.0,0.0,0.0,0.0,0.0,0.0,0.0,0.0,0.0,0.0,0.0,0.0,0.0,0.0,0.0,9,0,0,1,0,0,0,0,0,0,0,0,0,0,0,0,0,0,0,0,0,0.0,10,0,0,10,10.0,06037503202
503301,2022,2,7,4,0,32,57,38,0,0,0,0,1,2,0,0,0,0,0,0,0,1,0,0,0.0,0.0,1.775,0.0,0.0,0.0,0.0,0.019,0.0,0.0,0.0,0.0,0.077,0.0,0.0,0.0,0.0,1.697,0.0,0.0,0,0,0,0,0,0,0,0,0,0,0,0,0,0,0,0,0,0,0,0,0,3.775,0,0,0,0,3.775,06037503301
503302,2022,2,7,4,0,32,57,38,0,74,0,1,1,0,0,0,0,0,0,0,0,1,0,0,0.0,0.0,1.775,0.0,0.0,0.0,0.0,0.019,0.0,0.0,0.0,0.0,0.077,0.0,0.0,0.0,0.0,1.697,0.0,0.0,0,0,0,0,0,0,0,6,0,0,67,0,0,0,0,0,0,0,0,0,0,1.775,0,73,0,73,74.775,06037503302
503401,2022,2,7,4,0,32,57,38,0,0,0,0,2,1,0,0,0,0,0,3,3,2,0,1,3.992,3.7889999999999997,3.55,0.0,1.551,0.14100000000000001,0.05499999999999999,0.038,0.0,0.004,0.45599999999999996,0.171,0.154,0.0,0.011,3.5360000000000005,3.618,3.394,0.0,1.54,0,0,0,0,0,0,0,0,0,0,0,0,0,0,0,0,0,0,0,0,0,13.881,0,0,0,0,13.881,06037503401
503402,2022,2,7,4,0,32,57,38,0,0,0,0,1,0,0,0,0,0,0,2,3,1,0,0,2.661,3.789,1.775,0.0,0.0,0.094,0.055,0.019,0.0,0.0,0.304,0.171,0.077,0.0,0.0,2.357,3.618,1.697,0.0,0.0,0,0,0,0,0,0,0,0,0,0,0,0,0,0,0,0,0,0,0,0,0,8.225,0,0,0,0,8.225,06037503402
503501,2022,2,7,4,0,32,57,38,0,0,0,0,3,5,0,0,0,0,0,2,2,0,0,0,2.662,2.526,0.0,0.0,0.0,0.094,0.037,0.0,0.0,0.0,0.304,0.114,0.0,0.0,0.0,2.358,2.412,0.0,0.0,0.0,0,0,0,0,0,0,0,0,0,0,0,0,0,0,0,0,0,0,0,0,0,10.188,0,0,0,0,10.188,06037503501
503502,2022,2,7,4,0,32,57,38,0,0,0,0,2,0,0,0,0,0,0,1,0,1,0,0,1.331,0.0,1.775,0.0,0.0,0.047,0.0,0.019,0.0,0.0,0.152,0.0,0.077,0.0,0.0,1.179,0.0,1.697,0.0,0.0,0,0,0,0,0,0,0,0,0,0,0,0,0,0,0,0,0,0,0,0,0,3.106,0,0,0,0,3.106,06037503502
503601,2022,2,7,4,0,32,57,38,0,0,0,0,1,5,0,0,0,0,0,0,0,0,0,0,0.0,0.0,0.0,0.0,0.0,0.0,0.0,0.0,0.0,0.0,0.0,0.0,0.0,0.0,0.0,0.0,0.0,0.0,0.0,0.0,0,0,0,0,0,0,0,0,0,0,0,0,0,0,0,0,0,0,0,0,0,5.0,0,0,0,0,5.0,06037503601
503602,2022,2,7,4,0,32,57,38,0,0,0,0,2,7,0,0,0,0,0,0,0,0,0,0,0.0,0.0,0.0,0.0,0.0,0.0,0.0,0.0,0.0,0.0,0.0,0.0,0.0,0.0,0.0,0.0,0.0,0.0,0.0,0.0,0,0,0,0,0,0,0,0,0,0,0,0,0,0,0,0,0,0,0,0,0,7.0,0,0,0,0,7.0,06037503602
503701,2022,2,7,4,0,32,57,38,0,0,0,0,1,3,0,0,0,0,0,0,1,0,0,0,0.0,1.263,0.0,0.0,0.0,0.0,0.018,0.0,0.0,0.0,0.0,0.057,0.0,0.0,0.0,0.0,1.206,0.0,0.0,0.0,0,0,0,0,0,0,0,0,0,0,0,0,0,0,0,0,0,0,0,0,0,4.263,0,0,0,0,4.263,06037503701
503702,2022,2,7,4,0,32,57,38,0,0,0,1,1,1,0,0,0,0,0,0,1,0,0,0,0.0,1.263,0.0,0.0,0.0,0.0,0.018,0.0,0.0,0.0,0.0,0.057,0.0,0.0,0.0,0.0,1.206,0.0,0.0,0.0,2,0,0,0,0,0,0,0,0,0,0,0,0,0,0,0,0,0,0,0,0,2.263,2,0,0,2,4.263,06037503702
503703,2022,2,7,4,0,32,57,38,0,0,0,0,0,0,0,0,0,0,0,0,0,0,0,0,0.0,0.0,0.0,0.0,0.0,0.0,0.0,0.0,0.0,0.0,0.0,0.0,0.0,0.0,0.0,0.0,0.0,0.0,0.0,0.0,0,0,0,0,0,0,0,0,0,0,0,0,0,0,0,0,0,0,0,0,0,0.0,0,0,0,0,0.0,06037503703
503801,2022,2,7,4,0,32,57,38,0,0,0,0,1,1,0,0,0,0,0,0,0,0,0,0,0.0,0.0,0.0,0.0,0.0,0.0,0.0,0.0,0.0,0.0,0.0,0.0,0.0,0.0,0.0,0.0,0.0,0.0,0.0,0.0,0,0,0,0,0,0,0,0,0,0,0,0,0,0,0,0,0,0,0,0,0,1.0,0,0,0,0,1.0,06037503801
503802,2022,2,7,4,0,32,57,38,0,0,0,0,0,0,0,0,0,0,0,0,0,0,0,0,0.0,0.0,0.0,0.0,0.0,0.0,0.0,0.0,0.0,0.0,0.0,0.0,0.0,0.0,0.0,0.0,0.0,0.0,0.0,0.0,0,0,0,0,0,0,0,0,0,0,0,0,0,0,0,0,0,0,0,0,0,0.0,0,0,0,0,0.0,06037503802
503901,2022,2,7,4,0,32,57,38,0,0,0,0,1,4,0,0,0,0,0,0,0,0,1,0,0.0,0.0,0.0,1.303,0.0,0.0,0.0,0.0,0.002,0.0,0.0,0.0,0.0,0.007,0.0,0.0,0.0,0.0,1.296,0.0,0,0,0,0,0,0,0,0,0,0,0,0,0,0,0,0,0,0,0,0,0,5.303,0,0,0,0,5.303,06037503901
503902,2022,2,7,4,0,32,57,38,0,0,0,0,2,3,0,0,0,0,0,4,0,3,0,1,5.322,0.0,5.324,0.0,1.551,0.187,0.0,0.057,0.0,0.004,0.608,0.0,0.232,0.0,0.011,4.715,0.0,5.091,0.0,1.54,0,0,0,0,0,0,0,0,0,0,0,0,0,0,0,0,0,0,0,0,0,15.197,0,0,0,0,15.197,06037503902
504001,2022,2,7,4,0,32,57,38,0,0,0,0,0,0,0,0,0,0,0,0,0,0,0,0,0.0,0.0,0.0,0.0,0.0,0.0,0.0,0.0,0.0,0.0,0.0,0.0,0.0,0.0,0.0,0.0,0.0,0.0,0.0,0.0,0,0,0,0,0,0,0,0,0,0,0,0,0,0,0,0,0,0,0,0,0,0.0,0,0,0,0,0.0,06037504001
504002,2022,2,7,4,0,32,57,38,0,0,0,0,0,0,0,0,0,0,0,0,0,0,0,0,0.0,0.0,0.0,0.0,0.0,0.0,0.0,0.0,0.0,0.0,0.0,0.0,0.0,0.0,0.0,0.0,0.0,0.0,0.0,0.0,0,0,0,0,0,0,0,0,0,0,0,0,0,0,0,0,0,0,0,0,0,0.0,0,0,0,0,0.0,06037504002
504101,2022,2,7,4,0,32,57,38,0,0,0,0,1,2,0,0,0,0,0,0,0,3,0,0,0.0,0.0,5.324,0.0,0.0,0.0,0.0,0.057,0.0,0.0,0.0,0.0,0.232,0.0,0.0,0.0,0.0,5.091,0.0,0.0,0,0,0,0,0,0,0,0,0,0,0,0,0,0,0,0,0,0,0,0,0,7.324,0,0,0,0,7.324,06037504101
504102,2022,2,7,4,0,32,57,38,0,0,0,0,1,77,0,0,0,0,0,2,3,4,0,1,2.661,3.789,7.098,0.0,1.551,0.094,0.055,0.076,0.0,0.004,0.304,0.171,0.31,0.0,0.011,2.357,3.618,6.788,0.0,1.54,0,0,0,0,0,0,0,0,0,0,0,0,0,0,0,0,0,0,0,0,0,92.099,0,0,0,0,92.099,06037504102
530003,2022,2,7,1,0,32,58,38,0,0,0,0,1,6,0,0,0,0,0,12,0,0,0,0,15.967,0.0,0.0,0.0,0.0,0.562,0.0,0.0,0.0,0.0,1.823,0.0,0.0,0.0,0.0,14.145,0.0,0.0,0.0,0.0,0,0,0,0,0,0,0,0,0,0,0,0,0,0,0,0,0,0,0,0,0,21.967,0,0,0,0,21.967,06037530003
530004,2022,2,7,1,0,32,58,38,0,0,0,0,1,2,0,0,0,0,0,2,0,0,0,0,2.661,0.0,0.0,0.0,0.0,0.094,0.0,0.0,0.0,0.0,0.304,0.0,0.0,0.0,0.0,2.357,0.0,0.0,0.0,0.0,0,0,0,0,0,0,0,0,0,0,0,0,0,0,0,0,0,0,0,0,0,4.661,0,0,0,0,4.661,06037530004
530005,2022,2,7,1,0,32,49,38,0,0,0,0,1,2,0,0,0,0,0,0,0,0,0,0,0.0,0.0,0.0,0.0,0.0,0.0,0.0,0.0,0.0,0.0,0.0,0.0,0.0,0.0,0.0,0.0,0.0,0.0,0.0,0.0,0,0,0,0,0,0,0,0,0,0,0,0,0,0,0,0,0,0,0,0,0,2.0,0,0,0,0,2.0,06037530005
530006,2022,2,7,1,0,32,58,38,2,0,1,0,0,0,0,0,0,0,0,0,0,0,0,0,0.0,0.0,0.0,0.0,0.0,0.0,0.0,0.0,0.0,0.0,0.0,0.0,0.0,0.0,0.0,0.0,0.0,0.0,0.0,0.0,0,0,0,0,0,0,0,0,0,0,0,0,0,0,0,0,0,0,0,0,0,0.0,0,0,0,0,0.0,06037530006
530101,2022,2,7,1,0,32,58,38,0,0,0,0,1,6,0,0,0,0,0,0,0,2,0,3,0.0,0.0,3.549,0.0,4.654,0.0,0.0,0.038,0.0,0.011,0.0,0.0,0.155,0.0,0.034,0.0,0.0,3.394,0.0,4.62,0,0,0,0,0,0,0,0,0,0,0,0,0,0,0,0,0,0,0,0,0,14.203,0,0,0,0,14.203,06037530101
530102,2022,2,7,1,0,32,58,38,0,0,0,0,1,6,0,0,0,0,0,0,0,0,0,0,0.0,0.0,0.0,0.0,0.0,0.0,0.0,0.0,0.0,0.0,0.0,0.0,0.0,0.0,0.0,0.0,0.0,0.0,0.0,0.0,0,0,0,0,0,0,0,0,0,0,0,0,0,0,0,0,0,0,0,0,0,6.0,0,0,0,0,6.0,06037530102
530202,2022,2,7,1,0,24,58,38,0,0,0,0,2,9,0,0,0,0,0,1,0,0,0,0,1.331,0.0,0.0,0.0,0.0,0.047,0.0,0.0,0.0,0.0,0.152,0.0,0.0,0.0,0.0,1.179,0.0,0.0,0.0,0.0,0,0,0,0,0,0,0,0,0,0,0,0,0,0,0,0,0,0,0,0,0,10.331,0,0,0,0,10.331,06037530202
530203,2022,2,7,1,0,32,58,38,0,0,0,0,0,0,0,0,0,0,0,0,0,0,0,0,0.0,0.0,0.0,0.0,0.0,0.0,0.0,0.0,0.0,0.0,0.0,0.0,0.0,0.0,0.0,0.0,0.0,0.0,0.0,0.0,0,0,0,0,0,0,0,0,0,0,0,0,0,0,0,0,0,0,0,0,0,0.0,0,0,0,0,0.0,06037530203
530204,2022,2,7,1,0,32,58,38,0,0,0,0,1,1,0,0,0,0,0,0,0,0,0,0,0.0,0.0,0.0,0.0,0.0,0.0,0.0,0.0,0.0,0.0,0.0,0.0,0.0,0.0,0.0,0.0,0.0,0.0,0.0,0.0,0,0,0,0,0,0,0,0,0,0,0,0,0,0,0,0,0,0,0,0,0,1.0,0,0,0,0,1.0,06037530204
530301,2022,2,7,1,0,24,51,40,2,0,1,0,1,2,0,0,0,0,0,6,3,4,0,0,7.984,3.789,7.098,0.0,0.0,0.281,0.055,0.076,0.0,0.0,0.911,0.171,0.31,0.0,0.0,7.072,3.618,6.788,0.0,0.0,0,0,0,0,0,0,0,0,0,0,0,0,0,0,0,0,0,0,0,0,0,20.871,0,0,0,0,20.871,06037530301
530302,2022,2,7,1,0,24,51,40,0,0,0,0,1,1,0,0,0,0,0,2,1,7,1,1,2.661,1.263,12.422,1.303,1.551,0.094,0.018,0.133,0.002,0.004,0.304,0.057,0.542,0.007,0.011,2.357,1.206,11.879,1.296,1.54,0,0,0,0,0,0,0,0,0,0,0,0,0,0,0,0,0,0,0,0,0,20.2,0,0,0,0,20.2,06037530302
530400,2022,2,7,1,0,22,49,27,12,4,1,1,2,8,0,0,11,1,5,2,0,1,8,2,2.661,0.0,1.775,10.421,3.103,0.094,0.0,0.019,0.015,0.008,0.304,0.0,0.077,0.053,0.023,2.357,0.0,1.697,10.368,3.08,0,0,0,0,0,0,0,2,0,0,2,0,0,0,0,0,0,0,0,0,0,41.959,0,4,0,4,45.959,06037530400
530500,2022,2,7,1,0,24,51,40,0,0,0,0,1,18,0,0,0,0,0,9,6,23,2,1,11.976,7.578,40.814,2.605,1.551,0.421,0.11,0.436,0.004,0.004,1.367,0.342,1.782,0.013,0.011,10.609,7.236,39.032,2.592,1.54,0,0,0,0,0,0,0,0,0,0,0,0,0,0,0,0,0,0,0,0,0,82.523,0,0,0,0,82.523,06037530500
530601,2022,2,7,1,0,24,51,34,0,0,0,0,1,1,0,0,0,0,0,0,1,5,2,0,0.0,1.263,8.873,2.605,0.0,0.0,0.018,0.095,0.004,0.0,0.0,0.057,0.387,0.013,0.0,0.0,1.206,8.485,2.592,0.0,0,0,0,0,0,0,0,0,0,0,0,0,0,0,0,0,0,0,0,0,0,13.741,0,0,0,0,13.741,06037530601
530602,2022,2,7,1,0,24,51,34,0,0,0,0,1,2,0,0,0,0,0,0,3,5,1,0,0.0,3.789,8.873,1.303,0.0,0.0,0.055,0.095,0.002,0.0,0.0,0.171,0.387,0.007,0.0,0.0,3.618,8.485,1.296,0.0,0,0,0,0,0,0,0,0,0,0,0,0,0,0,0,0,0,0,0,0,0,15.964,0,0,0,0,15.964,06037530602
530700,2022,2,4,1,0,24,51,34,5,0,1,0,1,0,0,0,0,0,0,0,3,14,0,0,0.0,4.477,26.034,0.0,0.0,0.0,0.055,0.265,0.0,0.0,0.0,0.171,1.084,0.0,0.0,0.0,4.306,24.949,0.0,0.0,0,0,0,0,0,0,0,0,0,0,0,0,0,0,0,0,0,0,0,0,0,30.511,0,0,0,0,30.511,06037530700
530801,2022,2,7,1,0,24,51,34,0,0,0,0,1,2,0,0,0,0,0,0,0,6,0,2,0.0,0.0,10.647,0.0,3.103,0.0,0.0,0.114,0.0,0.008,0.0,0.0,0.465,0.0,0.023,0.0,0.0,10.182,0.0,3.08,0,0,0,0,0,0,0,0,0,0,0,0,0,0,0,0,0,0,0,0,0,15.75,0,0,0,0,15.75,06037530801
530802,2022,2,7,1,0,24,51,34,0,0,0,0,0,0,0,0,0,0,0,0,0,0,0,0,0.0,0.0,0.0,0.0,0.0,0.0,0.0,0.0,0.0,0.0,0.0,0.0,0.0,0.0,0.0,0.0,0.0,0.0,0.0,0.0,0,0,0,0,0,0,0,0,0,0,0,0,0,0,0,0,0,0,0,0,0,0.0,0,0,0,0,0.0,06037530802
530901,2022,2,7,1,0,24,51,34,0,0,0,0,1,4,0,0,0,0,0,1,1,2,0,0,1.331,1.263,3.549,0.0,0.0,0.047,0.018,0.038,0.0,0.0,0.152,0.057,0.155,0.0,0.0,1.179,1.206,3.394,0.0,0.0,0,0,0,0,0,0,0,0,0,0,0,0,0,0,0,0,0,0,0,0,0,10.143,0,0,0,0,10.143,06037530901
530902,2022,2,7,1,0,24,51,34,0,0,0,0,1,2,0,0,0,0,0,1,0,2,0,0,1.331,0.0,3.549,0.0,0.0,0.047,0.0,0.038,0.0,0.0,0.152,0.0,0.155,0.0,0.0,1.179,0.0,3.394,0.0,0.0,0,0,0,0,0,0,0,0,0,0,0,0,0,0,0,0,0,0,0,0,0,6.88,0,0,0,0,6.88,06037530902
531000,2022,2,7,1,0,24,51,40,0,0,0,0,1,0,0,0,0,0,0,1,4,6,0,0,1.331,5.052,10.647,0.0,0.0,0.047,0.073,0.114,0.0,0.0,0.152,0.228,0.465,0.0,0.0,1.179,4.824,10.182,0.0,0.0,0,0,0,0,0,0,0,0,0,0,0,0,0,0,0,0,0,0,0,0,0,17.029,0,0,0,0,17.029,06037531000
531101,2022,2,7,1,0,24,51,40,10,0,1,0,1,5,0,0,0,0,0,5,12,9,0,1,6.653,15.155,15.971,0.0,1.551,0.234,0.22,0.171,0.0,0.004,0.759,0.683,0.697,0.0,0.011,5.894,14.472,15.273,0.0,1.54,0,0,0,0,0,0,0,0,0,0,0,0,0,0,0,0,0,0,0,0,0,44.33,0,0,0,0,44.33,06037531101
531102,2022,2,7,1,0,24,51,40,0,0,0,0,1,12,0,0,0,0,0,8,1,5,8,2,10.645,1.263,8.873,10.421,3.103,0.374,0.018,0.095,0.015,0.008,1.215,0.057,0.387,0.053,0.023,9.43,1.206,8.485,10.368,3.08,0,0,0,0,0,0,0,0,0,0,0,0,0,0,0,0,0,0,0,0,0,46.304,0,0,0,0,46.304,06037531102
531201,2022,2,7,1,0,24,51,40,0,0,0,0,1,2,0,0,0,0,0,0,1,0,0,2,0.0,1.263,0.0,0.0,3.103,0.0,0.018,0.0,0.0,0.008,0.0,0.057,0.0,0.0,0.023,0.0,1.206,0.0,0.0,3.08,0,0,0,0,0,0,0,0,0,0,0,0,0,0,0,0,0,0,0,0,0,6.365,0,0,0,0,6.365,06037531201
531202,2022,2,7,1,0,24,51,40,0,0,0,0,1,2,0,0,0,0,0,0,0,1,0,0,0.0,0.0,1.775,0.0,0.0,0.0,0.0,0.019,0.0,0.0,0.0,0.0,0.077,0.0,0.0,0.0,0.0,1.697,0.0,0.0,0,0,0,0,0,0,0,0,0,0,0,0,0,0,0,0,0,0,0,0,0,3.775,0,0,0,0,3.775,06037531202
531301,2022,2,7,1,0,24,51,40,0,0,0,0,1,22,0,0,0,0,0,0,1,2,0,0,0.0,1.263,3.549,0.0,0.0,0.0,0.018,0.038,0.0,0.0,0.0,0.057,0.155,0.0,0.0,0.0,1.206,3.394,0.0,0.0,0,0,0,0,0,0,0,0,0,0,0,0,0,0,0,0,0,0,0,0,0,26.812,0,0,0,0,26.812,06037531301
531302,2022,2,7,1,0,24,51,40,0,0,0,0,1,1,0,0,0,0,0,3,6,13,0,3,3.992,7.578,23.069,0.0,4.654,0.14,0.11,0.246,0.0,0.011,0.456,0.342,1.007,0.0,0.034,3.536,7.236,22.062,0.0,4.62,0,0,0,0,0,0,0,0,0,0,0,0,0,0,0,0,0,0,0,0,0,40.292,0,0,0,0,40.292,06037531302
531502,2022,2,7,1,0,24,51,40,0,0,0,0,1,2,0,0,0,0,0,0,2,1,4,11,0.0,2.526,1.775,5.21,17.064,0.0,0.037,0.019,0.008,0.042,0.0,0.114,0.077,0.026,0.125,0.0,2.412,1.697,5.184,16.939,0,0,0,0,0,0,0,0,0,0,0,0,0,0,0,0,0,0,0,0,0,28.575,0,0,0,0,28.575,06037531502
531503,2022,2,7,1,0,24,51,40,0,0,0,0,2,1,0,0,0,0,0,0,1,8,0,1,0.0,1.263,14.196,0.0,1.551,0.0,0.018,0.152,0.0,0.004,0.0,0.057,0.62,0.0,0.011,0.0,1.206,13.576,0.0,1.54,0,0,0,0,0,0,0,0,0,0,0,0,0,0,0,0,0,0,0,0,0,18.009999999999998,0,0,0,0,18.009999999999998,06037531503
531504,2022,2,7,1,0,24,51,40,0,0,0,0,1,2,0,0,0,0,0,1,1,0,0,1,1.331,1.263,0.0,0.0,1.551,0.047,0.018,0.0,0.0,0.004,0.152,0.057,0.0,0.0,0.011,1.179,1.206,0.0,0.0,1.54,0,0,0,0,0,0,0,0,0,0,0,0,0,0,0,0,0,0,0,0,0,6.145,0,0,0,0,6.145,06037531504
531602,2022,2,7,1,0,24,51,40,0,0,0,0,1,2,0,0,0,0,0,2,0,6,0,0,2.661,0.0,10.647,0.0,0.0,0.094,0.0,0.114,0.0,0.0,0.304,0.0,0.465,0.0,0.0,2.357,0.0,10.182,0.0,0.0,0,0,0,0,0,0,0,0,0,0,0,0,0,0,0,0,0,0,0,0,0,15.308,0,0,0,0,15.308,06037531602
531603,2022,2,7,1,0,24,51,40,0,0,0,0,1,4,0,0,0,0,0,0,0,0,2,0,0.0,0.0,0.0,2.605,0.0,0.0,0.0,0.0,0.004,0.0,0.0,0.0,0.0,0.013,0.0,0.0,0.0,0.0,2.592,0.0,0,0,0,0,0,0,0,0,0,0,0,0,0,0,0,0,0,0,0,0,0,6.605,0,0,0,0,6.605,06037531603
531604,2022,2,7,1,0,24,51,40,0,0,0,0,1,20,0,0,0,0,0,0,2,4,0,12,0.0,2.526,7.098,0.0,18.615,0.0,0.037,0.076,0.0,0.045,0.0,0.114,0.31,0.0,0.136,0.0,2.412,6.788,0.0,18.479,0,0,0,0,0,0,0,0,0,0,0,0,0,0,0,0,0,0,0,0,0,48.239,0,0,0,0,48.239,06037531604
531701,2022,2,7,1,0,24,51,40,0,0,0,0,1,3,0,0,0,0,0,0,0,0,1,1,0.0,0.0,0.0,1.303,1.551,0.0,0.0,0.0,0.002,0.004,0.0,0.0,0.0,0.007,0.011,0.0,0.0,0.0,1.296,1.54,0,0,0,0,0,0,0,0,0,0,0,0,0,0,0,0,0,0,0,0,0,5.854,0,0,0,0,5.854,06037531701
531702,2022,2,7,1,0,24,51,40,0,0,0,0,1,2,0,0,0,0,0,0,1,2,5,0,0.0,1.263,3.549,6.513,0.0,0.0,0.018,0.038,0.01,0.0,0.0,0.057,0.155,0.033,0.0,0.0,1.206,3.394,6.48,0.0,0,0,0,0,0,0,0,0,0,0,0,0,0,0,0,0,0,0,0,0,0,13.325,0,0,0,0,13.325,06037531702
531800,2022,2,7,1,0,24,51,40,0,0,0,0,2,1,0,0,0,0,0,1,0,3,2,3,1.331,0.0,5.324,2.605,4.654,0.047,0.0,0.056999999999999995,0.004,0.011,0.152,0.0,0.23199999999999998,0.013,0.034,1.179,0.0,5.091,2.592,4.62,0,0,0,0,0,0,0,0,0,0,0,0,0,0,0,0,0,0,0,0,0,14.914,0,0,0,0,14.914,06037531800
531901,2022,2,7,1,0,24,51,40,0,0,0,0,1,6,0,0,0,0,0,0,1,2,1,0,0.0,1.263,3.549,1.303,0.0,0.0,0.018,0.038,0.002,0.0,0.0,0.057,0.155,0.007,0.0,0.0,1.206,3.394,1.296,0.0,0,0,0,0,0,0,0,0,0,0,0,0,0,0,0,0,0,0,0,0,0,12.115,0,0,0,0,12.115,06037531901
531902,2022,2,7,1,0,24,40,40,0,0,0,0,1,3,0,0,0,0,0,3,2,6,3,0,3.992,2.526,10.647,3.908,0.0,0.14,0.037,0.114,0.006,0.0,0.456,0.114,0.465,0.02,0.0,3.536,2.412,10.182,3.888,0.0,0,0,0,0,0,0,0,0,0,0,0,0,0,0,0,0,0,0,0,0,0,24.073,0,0,0,0,24.073,06037531902
532001,2022,2,7,1,0,32,58,38,0,0,0,0,1,13,0,0,0,0,0,2,2,1,1,0,2.661,2.526,1.775,1.303,0.0,0.094,0.037,0.019,0.002,0.0,0.304,0.114,0.077,0.007,0.0,2.357,2.412,1.697,1.296,0.0,0,0,0,0,0,0,0,0,0,0,0,0,0,0,0,0,0,0,0,0,0,21.264,0,0,0,0,21.264,06037532001
532002,2022,2,7,1,0,32,58,38,0,0,0,0,1,5,0,0,0,0,0,2,0,1,0,0,2.661,0.0,1.775,0.0,0.0,0.094,0.0,0.019,0.0,0.0,0.304,0.0,0.077,0.0,0.0,2.357,0.0,1.697,0.0,0.0,0,0,0,0,0,0,0,0,0,0,0,0,0,0,0,0,0,0,0,0,0,9.436,0,0,0,0,9.436,06037532002
532101,2022,2,7,1,0,32,58,38,0,0,0,0,1,28,0,0,0,0,0,1,2,0,12,1,1.331,2.526,0.0,15.631,1.551,0.047,0.037,0.0,0.023,0.004,0.152,0.114,0.0,0.079,0.011,1.179,2.412,0.0,15.552,1.54,0,0,0,0,0,0,0,0,0,0,0,0,0,0,0,0,0,0,0,0,0,49.039,0,0,0,0,49.039,06037532101
532102,2022,2,7,1,0,32,58,38,0,0,0,0,1,6,0,0,0,0,0,1,2,6,10,0,1.331,2.526,10.647,13.026,0.0,0.047,0.037,0.114,0.019,0.0,0.152,0.114,0.465,0.066,0.0,1.179,2.412,10.182,12.96,0.0,0,0,0,0,0,0,0,0,0,0,0,0,0,0,0,0,0,0,0,0,0,33.529,0,0,0,0,33.529,06037532102
532200,2022,2,7,1,0,32,58,38,0,0,0,0,2,19,0,0,0,0,0,2,2,5,4,0,2.662,2.526,8.873,5.21,0.0,0.094,0.037,0.095,0.008,0.0,0.304,0.114,0.387,0.026,0.0,2.358,2.412,8.485,5.184,0.0,0,0,0,0,0,0,0,0,0,0,0,0,0,0,0,0,0,0,0,0,0,38.269999999999996,0,0,0,0,38.269999999999996,06037532200
532302,2022,2,7,1,0,32,58,40,0,0,0,0,1,4,0,0,0,0,0,3,2,0,0,9,3.992,2.526,0.0,0.0,13.962,0.14,0.037,0.0,0.0,0.034,0.456,0.114,0.0,0.0,0.102,3.536,2.412,0.0,0.0,13.86,0,0,0,0,0,0,0,0,0,0,0,0,0,0,0,0,0,0,0,0,0,24.479,0,0,0,0,24.479,06037532302
532303,2022,2,7,1,0,32,58,40,6,0,1,0,2,2,0,0,0,0,0,5,2,18,1,5,6.6530000000000005,2.526,31.942,1.303,7.756,0.234,0.037,0.34099999999999997,0.002,0.019,0.76,0.114,1.3940000000000001,0.007,0.057,5.893000000000001,2.412,30.546999999999997,1.296,7.7,0,0,0,0,0,0,0,0,0,0,0,0,0,0,0,0,0,0,0,0,0,52.179,0,0,0,0,52.179,06037532303
532304,2022,2,7,1,0,33,53,40,15,107,2,1,2,0,0,0,0,0,0,0,0,0,3,2,0.0,0.0,0.0,3.908,3.103,0.0,0.0,0.0,0.006,0.008,0.0,0.0,0.0,0.02,0.023,0.0,0.0,0.0,3.888,3.08,76,0,0,3,0,0,0,31,0,0,0,0,0,0,4,0,0,0,0,0,0,7.011,79,31,4,114,121.011,06037532304
532400,2022,2,7,1,0,33,53,40,12,0,3,0,4,6,0,0,0,0,0,1,1,0,0,0,1.331,1.263,0.0,0.0,0.0,0.047,0.018,0.0,0.0,0.0,0.152,0.057,0.0,0.0,0.0,1.179,1.206,0.0,0.0,0.0,0,0,0,0,0,0,0,0,0,0,0,0,0,0,0,0,0,0,0,0,0,8.594,0,0,0,0,8.594,06037532400
532500,2022,2,7,1,0,33,53,40,0,0,0,0,1,1,0,0,0,0,0,0,0,0,0,0,0.0,0.0,0.0,0.0,0.0,0.0,0.0,0.0,0.0,0.0,0.0,0.0,0.0,0.0,0.0,0.0,0.0,0.0,0.0,0.0,0,0,0,0,0,0,0,0,0,0,0,0,0,0,0,0,0,0,0,0,0,1.0,0,0,0,0,1.0,06037532500
532603,2022,2,7,1,0,33,59,40,0,0,0,0,1,13,1,6,0,0,0,2,2,1,0,5,2.661,2.526,1.775,0.0,7.756,0.094,0.037,0.019,0.0,0.019,0.304,0.114,0.077,0.0,0.057,2.357,2.412,1.697,0.0,7.7,0,0,0,0,0,0,0,0,0,0,0,0,0,0,0,0,0,0,0,0,0,33.718,0,0,0,0,33.718,06037532603
532604,2022,2,7,1,0,33,53,40,0,0,0,0,1,3,0,0,0,0,0,0,0,0,0,2,0.0,0.0,0.0,0.0,3.103,0.0,0.0,0.0,0.0,0.008,0.0,0.0,0.0,0.0,0.023,0.0,0.0,0.0,0.0,3.08,0,0,0,0,0,0,0,0,0,0,0,0,0,0,0,0,0,0,0,0,0,6.103,0,0,0,0,6.103,06037532604
532605,2022,2,7,1,0,33,53,40,0,0,0,0,2,3,0,0,0,0,0,0,0,0,0,0,0.0,0.0,0.0,0.0,0.0,0.0,0.0,0.0,0.0,0.0,0.0,0.0,0.0,0.0,0.0,0.0,0.0,0.0,0.0,0.0,0,0,0,0,0,0,0,0,0,0,0,0,0,0,0,0,0,0,0,0,0,3.0,0,0,0,0,3.0,06037532605
532606,2022,2,7,1,0,33,53,40,0,0,0,0,1,9,1,3,0,0,0,0,3,1,0,0,0.0,3.789,1.775,0.0,0.0,0.0,0.055,0.019,0.0,0.0,0.0,0.171,0.077,0.0,0.0,0.0,3.618,1.697,0.0,0.0,0,0,0,0,0,0,0,0,0,0,0,0,0,0,0,0,0,0,0,0,0,17.563,0,0,0,0,17.563,06037532606
532700,2022,2,7,2,0,33,59,40,43,0,2,0,2,18,1,9,0,0,0,8,11,33,0,6,10.645,13.892,58.559,0.0,9.308,0.374,0.202,0.625,0.0,0.022,1.215,0.626,2.556,0.0,0.068,9.43,13.266,56.003,0.0,9.24,0,0,0,0,0,0,0,0,0,0,0,0,0,0,0,0,0,0,0,0,0,119.404,0,0,0,0,119.404,06037532700
532800,2022,2,6,2,0,33,59,40,0,0,0,0,2,38,0,0,0,0,0,4,9,26,0,5,5.314,10.812999999999999,41.659,0.0,7.644,0.188,0.16499999999999998,0.492,0.0,0.019,0.608,0.513,2.0140000000000002,0.0,0.057,4.706,10.3,39.644999999999996,0.0,7.587,0,0,0,0,0,0,0,0,0,0,0,0,0,0,0,0,0,0,0,0,0,103.429,0,0,0,0,103.429,06037532800
532900,2022,2,6,2,0,33,59,40,0,0,0,0,2,116,0,0,0,0,0,5,0,25,2,14,6.6419999999999995,0.0,40.056999999999995,2.354,21.403,0.234,0.0,0.474,0.004,0.053,0.76,0.0,1.937,0.013,0.159,5.882,0.0,38.12,2.341,21.245,0,0,0,0,0,0,0,0,0,0,0,0,0,0,0,0,0,0,0,0,0,186.45100000000002,0,0,0,0,186.45100000000002,06037532900
533001,2022,2,7,2,0,33,59,40,0,0,0,0,1,1,0,0,0,0,0,0,2,1,2,0,0.0,2.526,1.775,2.605,0.0,0.0,0.037,0.019,0.004,0.0,0.0,0.114,0.077,0.013,0.0,0.0,2.412,1.697,2.592,0.0,0,0,0,0,0,0,0,0,0,0,0,0,0,0,0,0,0,0,0,0,0,7.906,0,0,0,0,7.906,06037533001
533002,2022,2,7,1,0,33,59,40,0,0,0,0,1,0,0,0,0,0,0,0,0,0,1,0,0.0,0.0,0.0,1.303,0.0,0.0,0.0,0.0,0.002,0.0,0.0,0.0,0.0,0.007,0.0,0.0,0.0,0.0,1.296,0.0,0,0,0,0,0,0,0,0,0,0,0,0,0,0,0,0,0,0,0,0,0,1.303,0,0,0,0,1.303,06037533002
533103,2022,2,7,1,0,33,59,40,7,0,2,0,1,1,0,0,0,0,0,0,0,0,0,0,0.0,0.0,0.0,0.0,0.0,0.0,0.0,0.0,0.0,0.0,0.0,0.0,0.0,0.0,0.0,0.0,0.0,0.0,0.0,0.0,0,0,0,0,0,0,0,0,0,0,0,0,0,0,0,0,0,0,0,0,0,1.0,0,0,0,0,1.0,06037533103
533104,2022,2,7,1,0,33,53,40,6,0,1,0,1,1,0,0,0,0,0,0,0,0,0,1,0.0,0.0,0.0,0.0,1.551,0.0,0.0,0.0,0.0,0.004,0.0,0.0,0.0,0.0,0.011,0.0,0.0,0.0,0.0,1.54,0,0,0,0,0,0,0,0,0,0,0,0,0,0,0,0,0,0,0,0,0,2.551,0,0,0,0,2.551,06037533104
533105,2022,2,7,1,0,33,53,40,0,0,0,0,1,1,0,0,0,0,0,0,0,0,0,0,0.0,0.0,0.0,0.0,0.0,0.0,0.0,0.0,0.0,0.0,0.0,0.0,0.0,0.0,0.0,0.0,0.0,0.0,0.0,0.0,0,0,0,0,0,0,0,0,0,0,0,0,0,0,0,0,0,0,0,0,0,1.0,0,0,0,0,1.0,06037533105
533106,2022,2,7,1,0,33,53,40,0,0,0,0,0,0,0,0,0,0,0,0,0,0,0,0,0.0,0.0,0.0,0.0,0.0,0.0,0.0,0.0,0.0,0.0,0.0,0.0,0.0,0.0,0.0,0.0,0.0,0.0,0.0,0.0,0,0,0,0,0,0,0,0,0,0,0,0,0,0,0,0,0,0,0,0,0,0.0,0,0,0,0,0.0,06037533106
533107,2022,2,7,1,0,33,53,40,0,0,0,0,1,9,0,0,0,0,0,0,2,0,0,1,0.0,2.526,0.0,0.0,1.551,0.0,0.037,0.0,0.0,0.004,0.0,0.114,0.0,0.0,0.011,0.0,2.412,0.0,0.0,1.54,0,0,0,0,0,0,0,0,0,0,0,0,0,0,0,0,0,0,0,0,0,13.077,0,0,0,0,13.077,06037533107
533201,2022,2,7,1,0,33,53,40,0,0,0,0,0,0,0,0,0,0,0,0,0,0,0,0,0.0,0.0,0.0,0.0,0.0,0.0,0.0,0.0,0.0,0.0,0.0,0.0,0.0,0.0,0.0,0.0,0.0,0.0,0.0,0.0,0,0,0,0,0,0,0,0,0,0,0,0,0,0,0,0,0,0,0,0,0,0.0,0,0,0,0,0.0,06037533201
533202,2022,2,7,1,0,33,53,40,0,0,0,0,0,0,0,0,0,0,0,0,0,0,0,0,0.0,0.0,0.0,0.0,0.0,0.0,0.0,0.0,0.0,0.0,0.0,0.0,0.0,0.0,0.0,0.0,0.0,0.0,0.0,0.0,0,0,0,0,0,0,0,0,0,0,0,0,0,0,0,0,0,0,0,0,0,0.0,0,0,0,0,0.0,06037533202
533203,2022,2,7,1,0,33,53,40,0,0,0,0,0,0,0,0,0,0,0,0,0,0,0,0,0.0,0.0,0.0,0.0,0.0,0.0,0.0,0.0,0.0,0.0,0.0,0.0,0.0,0.0,0.0,0.0,0.0,0.0,0.0,0.0,0,0,0,0,0,0,0,0,0,0,0,0,0,0,0,0,0,0,0,0,0,0.0,0,0,0,0,0.0,06037533203
533300,2022,2,7,1,0,33,40,40,0,0,0,0,1,1,0,0,0,0,0,0,0,0,0,0,0.0,0.0,0.0,0.0,0.0,0.0,0.0,0.0,0.0,0.0,0.0,0.0,0.0,0.0,0.0,0.0,0.0,0.0,0.0,0.0,0,0,0,0,0,0,0,0,0,0,0,0,0,0,0,0,0,0,0,0,0,1.0,0,0,0,0,1.0,06037533300
533401,2022,2,7,1,0,33,63,40,0,0,0,0,1,3,0,0,0,0,0,0,0,0,0,0,0.0,0.0,0.0,0.0,0.0,0.0,0.0,0.0,0.0,0.0,0.0,0.0,0.0,0.0,0.0,0.0,0.0,0.0,0.0,0.0,0,0,0,0,0,0,0,0,0,0,0,0,0,0,0,0,0,0,0,0,0,3.0,0,0,0,0,3.0,06037533401
533402,2022,2,7,1,0,33,63,40,0,0,0,0,1,4,0,0,0,0,0,1,1,1,0,0,1.331,1.263,1.775,0.0,0.0,0.047,0.018,0.019,0.0,0.0,0.152,0.057,0.077,0.0,0.0,1.179,1.206,1.697,0.0,0.0,0,0,0,0,0,0,0,0,0,0,0,0,0,0,0,0,0,0,0,0,0,8.368,0,0,0,0,8.368,06037533402
533403,2022,2,7,1,0,33,63,40,0,0,0,0,1,2,0,0,0,0,0,0,1,1,0,1,0.0,1.263,1.775,0.0,1.551,0.0,0.018,0.019,0.0,0.004,0.0,0.057,0.077,0.0,0.011,0.0,1.206,1.697,0.0,1.54,0,0,0,0,0,0,0,0,0,0,0,0,0,0,0,0,0,0,0,0,0,6.589,0,0,0,0,6.589,06037533403
533501,2022,2,7,1,0,33,53,40,0,0,0,0,0,0,0,0,0,0,0,0,0,0,0,0,0.0,0.0,0.0,0.0,0.0,0.0,0.0,0.0,0.0,0.0,0.0,0.0,0.0,0.0,0.0,0.0,0.0,0.0,0.0,0.0,0,0,0,0,0,0,0,0,0,0,0,0,0,0,0,0,0,0,0,0,0,0.0,0,0,0,0,0.0,06037533501
533502,2022,2,7,1,0,33,53,40,0,0,0,0,1,1,0,0,0,0,0,0,0,0,0,0,0.0,0.0,0.0,0.0,0.0,0.0,0.0,0.0,0.0,0.0,0.0,0.0,0.0,0.0,0.0,0.0,0.0,0.0,0.0,0.0,0,0,0,0,0,0,0,0,0,0,0,0,0,0,0,0,0,0,0,0,0,1.0,0,0,0,0,1.0,06037533502
533503,2022,2,7,1,0,33,53,40,0,0,0,0,0,0,0,0,0,0,0,0,0,0,0,0,0.0,0.0,0.0,0.0,0.0,0.0,0.0,0.0,0.0,0.0,0.0,0.0,0.0,0.0,0.0,0.0,0.0,0.0,0.0,0.0,0,0,0,0,0,0,0,0,0,0,0,0,0,0,0,0,0,0,0,0,0,0.0,0,0,0,0,0.0,06037533503
533601,2022,2,7,1,0,33,63,40,0,0,0,0,1,2,0,0,0,0,0,0,0,0,0,0,0.0,0.0,0.0,0.0,0.0,0.0,0.0,0.0,0.0,0.0,0.0,0.0,0.0,0.0,0.0,0.0,0.0,0.0,0.0,0.0,0,0,0,0,0,0,0,0,0,0,0,0,0,0,0,0,0,0,0,0,0,2.0,0,0,0,0,2.0,06037533601
533602,2022,2,7,1,0,33,63,40,0,0,0,0,1,0,0,0,0,0,0,0,0,0,1,0,0.0,0.0,0.0,1.303,0.0,0.0,0.0,0.0,0.002,0.0,0.0,0.0,0.0,0.007,0.0,0.0,0.0,0.0,1.296,0.0,0,0,0,0,0,0,0,0,0,0,0,0,0,0,0,0,0,0,0,0,0,1.303,0,0,0,0,1.303,06037533602
533603,2022,2,7,1,0,33,63,40,0,0,0,0,1,1,0,0,0,0,0,0,0,0,0,0,0.0,0.0,0.0,0.0,0.0,0.0,0.0,0.0,0.0,0.0,0.0,0.0,0.0,0.0,0.0,0.0,0.0,0.0,0.0,0.0,0,0,0,0,0,0,0,0,0,0,0,0,0,0,0,0,0,0,0,0,0,1.0,0,0,0,0,1.0,06037533603
533701,2022,2,7,1,0,33,63,40,0,0,0,0,0,0,0,0,0,0,0,0,0,0,0,0,0.0,0.0,0.0,0.0,0.0,0.0,0.0,0.0,0.0,0.0,0.0,0.0,0.0,0.0,0.0,0.0,0.0,0.0,0.0,0.0,0,0,0,0,0,0,0,0,0,0,0,0,0,0,0,0,0,0,0,0,0,0.0,0,0,0,0,0.0,06037533701
533702,2022,2,7,1,0,33,63,40,0,0,0,0,0,0,0,0,0,0,0,0,0,0,0,0,0.0,0.0,0.0,0.0,0.0,0.0,0.0,0.0,0.0,0.0,0.0,0.0,0.0,0.0,0.0,0.0,0.0,0.0,0.0,0.0,0,0,0,0,0,0,0,0,0,0,0,0,0,0,0,0,0,0,0,0,0,0.0,0,0,0,0,0.0,06037533702
533703,2022,2,7,1,0,33,63,40,0,0,0,0,2,9,0,0,0,0,0,0,0,0,0,7,0.0,0.0,0.0,0.0,10.859,0.0,0.0,0.0,0.0,0.026,0.0,0.0,0.0,0.0,0.079,0.0,0.0,0.0,0.0,10.78,0,0,0,0,0,0,0,0,0,0,0,0,0,0,0,0,0,0,0,0,0,19.859,0,0,0,0,19.859,06037533703
533803,2022,2,7,1,0,33,63,40,0,0,0,0,0,0,0,0,0,0,0,0,0,0,0,0,0.0,0.0,0.0,0.0,0.0,0.0,0.0,0.0,0.0,0.0,0.0,0.0,0.0,0.0,0.0,0.0,0.0,0.0,0.0,0.0,0,0,0,0,0,0,0,0,0,0,0,0,0,0,0,0,0,0,0,0,0,0.0,0,0,0,0,0.0,06037533803
533804,2022,2,7,1,0,33,63,40,0,0,0,0,0,0,0,0,0,0,0,0,0,0,0,0,0.0,0.0,0.0,0.0,0.0,0.0,0.0,0.0,0.0,0.0,0.0,0.0,0.0,0.0,0.0,0.0,0.0,0.0,0.0,0.0,0,0,0,0,0,0,0,0,0,0,0,0,0,0,0,0,0,0,0,0,0,0.0,0,0,0,0,0.0,06037533804
533805,2022,2,7,1,0,33,63,40,0,0,0,0,1,1,0,0,0,0,0,0,0,0,0,0,0.0,0.0,0.0,0.0,0.0,0.0,0.0,0.0,0.0,0.0,0.0,0.0,0.0,0.0,0.0,0.0,0.0,0.0,0.0,0.0,0,0,0,0,0,0,0,0,0,0,0,0,0,0,0,0,0,0,0,0,0,1.0,0,0,0,0,1.0,06037533805
533806,2022,2,7,1,0,33,63,40,0,0,0,0,2,10,0,0,0,0,0,0,0,0,1,6,0.0,0.0,0.0,1.303,9.307,0.0,0.0,0.0,0.002,0.023,0.0,0.0,0.0,0.007,0.068,0.0,0.0,0.0,1.296,9.24,0,0,0,0,0,0,0,0,0,0,0,0,0,0,0,0,0,0,0,0,0,20.61,0,0,0,0,20.61,06037533806
533901,2022,2,7,1,0,33,58,40,0,0,0,0,0,0,0,0,0,0,0,0,0,0,0,0,0.0,0.0,0.0,0.0,0.0,0.0,0.0,0.0,0.0,0.0,0.0,0.0,0.0,0.0,0.0,0.0,0.0,0.0,0.0,0.0,0,0,0,0,0,0,0,0,0,0,0,0,0,0,0,0,0,0,0,0,0,0.0,0,0,0,0,0.0,06037533901
533902,2022,2,7,1,0,33,58,40,0,0,0,0,1,4,0,0,0,0,0,1,2,1,1,3,1.331,2.526,1.775,1.303,4.654,0.047,0.037,0.019,0.002,0.011,0.152,0.114,0.077,0.007,0.034,1.179,2.412,1.697,1.296,4.62,0,0,0,0,0,0,0,0,0,0,0,0,0,0,0,0,0,0,0,0,0,15.587,0,0,0,0,15.587,06037533902
534001,2022,2,7,1,0,33,58,40,0,0,0,0,1,15,0,0,0,0,0,4,2,1,0,3,5.322,2.526,1.775,0.0,4.654,0.187,0.037,0.019,0.0,0.011,0.608,0.114,0.077,0.0,0.034,4.715,2.412,1.697,0.0,4.62,0,0,0,0,0,0,0,0,0,0,0,0,0,0,0,0,0,0,0,0,0,29.277,0,0,0,0,29.277,06037534001
534002,2022,2,7,1,0,33,58,40,0,0,0,0,0,0,0,0,0,0,0,0,0,0,0,0,0.0,0.0,0.0,0.0,0.0,0.0,0.0,0.0,0.0,0.0,0.0,0.0,0.0,0.0,0.0,0.0,0.0,0.0,0.0,0.0,0,0,0,0,0,0,0,0,0,0,0,0,0,0,0,0,0,0,0,0,0,0.0,0,0,0,0,0.0,06037534002
534101,2022,2,7,1,0,33,58,40,13,0,1,0,1,40,0,0,0,0,0,7,2,3,4,6,9.314,2.526,5.324,5.21,9.308,0.328,0.037,0.057,0.008,0.023,1.063,0.114,0.232,0.026,0.068,8.251,2.412,5.091,5.184,9.24,0,0,0,0,0,0,0,0,0,0,0,0,0,0,0,0,0,0,0,0,0,71.682,0,0,0,0,71.682,06037534101
534102,2022,2,7,1,0,33,58,40,0,0,0,0,0,0,0,0,0,0,0,0,0,0,0,0,0.0,0.0,0.0,0.0,0.0,0.0,0.0,0.0,0.0,0.0,0.0,0.0,0.0,0.0,0.0,0.0,0.0,0.0,0.0,0.0,0,0,0,0,0,0,0,0,0,0,0,0,0,0,0,0,0,0,0,0,0,0.0,0,0,0,0,0.0,06037534102
534201,2022,2,7,1,0,33,58,40,0,0,0,0,0,0,0,0,0,0,0,0,0,0,0,0,0.0,0.0,0.0,0.0,0.0,0.0,0.0,0.0,0.0,0.0,0.0,0.0,0.0,0.0,0.0,0.0,0.0,0.0,0.0,0.0,0,0,0,0,0,0,0,0,0,0,0,0,0,0,0,0,0,0,0,0,0,0.0,0,0,0,0,0.0,06037534201
534202,2022,2,7,1,0,33,58,40,0,0,0,0,0,0,0,0,0,0,0,0,0,0,0,0,0.0,0.0,0.0,0.0,0.0,0.0,0.0,0.0,0.0,0.0,0.0,0.0,0.0,0.0,0.0,0.0,0.0,0.0,0.0,0.0,0,0,0,0,0,0,0,0,0,0,0,0,0,0,0,0,0,0,0,0,0,0.0,0,0,0,0,0.0,06037534202
534203,2022,2,7,1,0,33,58,40,0,0,0,0,1,11,0,0,0,0,0,2,1,0,0,1,2.661,1.263,0.0,0.0,1.551,0.094,0.018,0.0,0.0,0.004,0.304,0.057,0.0,0.0,0.011,2.357,1.206,0.0,0.0,1.54,0,0,0,0,0,0,0,0,0,0,0,0,0,0,0,0,0,0,0,0,0,16.475,0,0,0,0,16.475,06037534203
534301,2022,2,7,1,0,33,63,40,1,0,1,0,1,12,0,0,0,0,0,1,0,0,12,0,1.331,0.0,0.0,15.631,0.0,0.047,0.0,0.0,0.023,0.0,0.152,0.0,0.0,0.079,0.0,1.179,0.0,0.0,15.552,0.0,0,0,0,0,0,0,0,0,0,0,0,0,0,0,0,0,0,0,0,0,0,28.962,0,0,0,0,28.962,06037534301
534302,2022,2,7,1,0,33,63,40,0,0,0,0,1,1,0,0,0,0,0,0,0,0,0,0,0.0,0.0,0.0,0.0,0.0,0.0,0.0,0.0,0.0,0.0,0.0,0.0,0.0,0.0,0.0,0.0,0.0,0.0,0.0,0.0,0,0,0,0,0,0,0,0,0,0,0,0,0,0,0,0,0,0,0,0,0,1.0,0,0,0,0,1.0,06037534302
534403,2022,2,7,1,0,33,63,40,0,0,0,0,0,0,0,0,0,0,0,0,0,0,0,0,0.0,0.0,0.0,0.0,0.0,0.0,0.0,0.0,0.0,0.0,0.0,0.0,0.0,0.0,0.0,0.0,0.0,0.0,0.0,0.0,0,0,0,0,0,0,0,0,0,0,0,0,0,0,0,0,0,0,0,0,0,0.0,0,0,0,0,0.0,06037534403
534404,2022,2,7,1,0,33,63,40,0,0,0,0,0,0,0,0,0,0,0,0,0,0,0,0,0.0,0.0,0.0,0.0,0.0,0.0,0.0,0.0,0.0,0.0,0.0,0.0,0.0,0.0,0.0,0.0,0.0,0.0,0.0,0.0,0,0,0,0,0,0,0,0,0,0,0,0,0,0,0,0,0,0,0,0,0,0.0,0,0,0,0,0.0,06037534404
534405,2022,2,7,1,0,33,63,40,0,0,0,0,1,0,0,0,0,0,0,0,1,0,0,0,0.0,1.263,0.0,0.0,0.0,0.0,0.018,0.0,0.0,0.0,0.0,0.057,0.0,0.0,0.0,0.0,1.206,0.0,0.0,0.0,0,0,0,0,0,0,0,0,0,0,0,0,0,0,0,0,0,0,0,0,0,1.263,0,0,0,0,1.263,06037534405
534406,2022,2,7,1,0,33,63,40,0,0,0,0,1,1,0,0,0,0,0,0,0,0,0,1,0.0,0.0,0.0,0.0,1.551,0.0,0.0,0.0,0.0,0.004,0.0,0.0,0.0,0.0,0.011,0.0,0.0,0.0,0.0,1.54,0,0,0,0,0,0,0,0,0,0,0,0,0,0,0,0,0,0,0,0,0,2.551,0,0,0,0,2.551,06037534406
534501,2022,2,7,1,0,33,53,40,0,0,0,0,0,0,0,0,0,0,0,0,0,0,0,0,0.0,0.0,0.0,0.0,0.0,0.0,0.0,0.0,0.0,0.0,0.0,0.0,0.0,0.0,0.0,0.0,0.0,0.0,0.0,0.0,0,0,0,0,0,0,0,0,0,0,0,0,0,0,0,0,0,0,0,0,0,0.0,0,0,0,0,0.0,06037534501
534502,2022,2,7,1,0,33,53,40,0,0,0,0,0,0,0,0,0,0,0,0,0,0,0,0,0.0,0.0,0.0,0.0,0.0,0.0,0.0,0.0,0.0,0.0,0.0,0.0,0.0,0.0,0.0,0.0,0.0,0.0,0.0,0.0,0,0,0,0,0,0,0,0,0,0,0,0,0,0,0,0,0,0,0,0,0,0.0,0,0,0,0,0.0,06037534502
534700,2022,2,7,1,0,33,59,44,0,0,0,0,0,0,0,0,0,0,0,0,0,0,0,0,0.0,0.0,0.0,0.0,0.0,0.0,0.0,0.0,0.0,0.0,0.0,0.0,0.0,0.0,0.0,0.0,0.0,0.0,0.0,0.0,0,0,0,0,0,0,0,0,0,0,0,0,0,0,0,0,0,0,0,0,0,0.0,0,0,0,0,0.0,06037534700
534802,2022,2,7,1,0,33,59,44,0,0,0,0,1,1,0,0,0,0,0,0,0,0,0,0,0.0,0.0,0.0,0.0,0.0,0.0,0.0,0.0,0.0,0.0,0.0,0.0,0.0,0.0,0.0,0.0,0.0,0.0,0.0,0.0,0,0,0,0,0,0,0,0,0,0,0,0,0,0,0,0,0,0,0,0,0,1.0,0,0,0,0,1.0,06037534802
534803,2022,2,7,1,0,33,59,44,0,0,0,0,1,2,0,0,0,0,0,0,0,0,1,0,0.0,0.0,0.0,1.303,0.0,0.0,0.0,0.0,0.002,0.0,0.0,0.0,0.0,0.007,0.0,0.0,0.0,0.0,1.296,0.0,0,0,0,0,0,0,0,0,0,0,0,0,0,0,0,0,0,0,0,0,0,3.303,0,0,0,0,3.303,06037534803
534804,2022,2,7,1,0,33,59,44,0,0,0,0,1,12,0,0,0,0,0,0,2,9,6,9,0.0,2.526,15.971,7.816,13.962,0.0,0.037,0.171,0.012,0.034,0.0,0.114,0.697,0.039,0.102,0.0,2.412,15.273,7.776,13.86,0,0,0,0,0,0,0,0,0,0,0,0,0,0,0,0,0,0,0,0,0,52.273,0,0,0,0,52.273,06037534804
534900,2022,2,6,2,0,33,59,40,0,0,0,0,2,3,0,0,0,0,0,9,11,21,0,5,11.954,13.215,33.647,0.0,7.644,0.421,0.202,0.398,0.0,0.019,1.367,0.626,1.627,0.0,0.057,10.587,12.589,32.021,0.0,7.587,0,0,0,0,0,0,0,0,0,0,0,0,0,0,0,0,0,0,0,0,0,69.461,0,0,0,0,69.461,06037534900
535001,2022,2,6,2,0,33,59,40,2,0,1,0,2,6,0,0,0,0,0,1,0,9,1,1,1.328,0.0,14.42,1.177,1.529,0.047,0.0,0.171,0.002,0.004,0.152,0.0,0.697,0.007,0.011,1.176,0.0,13.723,1.17,1.517,0,0,0,0,0,0,0,0,0,0,0,0,0,0,0,0,0,0,0,0,0,24.455,0,0,0,0,24.455,06037535001
535002,2022,2,6,2,0,33,59,40,0,0,0,0,2,4,0,0,0,0,0,7,1,7,4,6,9.298,1.201,11.216000000000001,4.708,9.173,0.328,0.018,0.133,0.008,0.023,1.063,0.057,0.542,0.026,0.068,8.235,1.144,10.674,4.682,9.105,0,0,0,0,0,0,0,0,0,0,0,0,0,0,0,0,0,0,0,0,0,39.596000000000004,0,0,0,0,39.596000000000004,06037535002
535101,2022,2,6,2,0,33,59,40,0,0,0,0,0,0,0,0,0,0,0,0,0,0,0,0,0.0,0.0,0.0,0.0,0.0,0.0,0.0,0.0,0.0,0.0,0.0,0.0,0.0,0.0,0.0,0.0,0.0,0.0,0.0,0.0,0,0,0,0,0,0,0,0,0,0,0,0,0,0,0,0,0,0,0,0,0,0.0,0,0,0,0,0.0,06037535101
535102,2022,2,6,2,0,33,59,44,0,0,0,0,1,23,0,0,0,0,0,48,43,39,4,1,63.756,51.66,62.488,4.708,1.529,2.247,0.788,0.739,0.008,0.004,7.29,2.448,3.021,0.026,0.011,56.466,49.212,59.467,4.682,1.517,0,0,0,0,0,0,0,0,0,0,0,0,0,0,0,0,0,0,0,0,0,207.14,0,0,0,0,207.14,06037535102
535200,2022,2,6,2,0,33,59,44,0,0,0,0,1,6,0,0,0,0,0,0,0,0,1,0,0.0,0.0,0.0,1.177,0.0,0.0,0.0,0.0,0.002,0.0,0.0,0.0,0.0,0.007,0.0,0.0,0.0,0.0,1.17,0.0,0,0,0,0,0,0,0,0,0,0,0,0,0,0,0,0,0,0,0,0,0,7.177,0,0,0,0,7.177,06037535200
535300,2022,2,6,2,0,33,59,44,0,0,0,0,2,204,0,0,0,0,0,8,10,64,1,25,10.626,12.014,102.545,1.177,38.22,0.374,0.183,1.212,0.002,0.095,1.215,0.5700000000000001,4.957,0.007,0.28300000000000003,9.411,11.445,97.588,1.17,37.937,0,0,0,0,0,0,0,0,0,0,0,0,0,0,0,0,0,0,0,0,0,368.581,0,0,0,0,368.581,06037535300
535400,2022,2,6,2,0,33,59,44,66,0,2,1,2,17,0,0,0,0,0,14,26,75,0,6,18.596,31.236,120.169,0.0,9.173,0.655,0.476,1.421,0.0,0.023,2.127,1.48,5.808999999999999,0.0,0.068,16.469,29.756,114.36,0.0,9.105,12,0,0,2,0,0,0,0,0,0,0,0,0,0,0,0,0,0,0,0,0,196.179,14,0,0,14,210.179,06037535400
535501,2022,2,7,1,0,33,63,44,1,0,1,0,1,6,0,0,0,0,0,5,5,3,1,6,6.653,6.315,5.324,1.303,9.308,0.234,0.092,0.057,0.002,0.023,0.759,0.285,0.232,0.007,0.068,5.894,6.03,5.091,1.296,9.24,0,0,0,0,0,0,0,0,0,0,0,0,0,0,0,0,0,0,0,0,0,34.902,0,0,0,0,34.902,06037535501
535502,2022,2,7,1,0,33,63,44,0,0,0,0,1,1,0,0,0,0,0,1,0,1,0,0,1.331,0.0,1.775,0.0,0.0,0.047,0.0,0.019,0.0,0.0,0.152,0.0,0.077,0.0,0.0,1.179,0.0,1.697,0.0,0.0,0,0,0,0,0,0,0,0,0,0,0,0,0,0,0,0,0,0,0,0,0,4.105,0,0,0,0,4.105,06037535502
535503,2022,2,7,1,0,33,63,44,0,0,0,0,1,6,0,0,0,0,0,0,0,0,0,1,0.0,0.0,0.0,0.0,1.551,0.0,0.0,0.0,0.0,0.004,0.0,0.0,0.0,0.0,0.011,0.0,0.0,0.0,0.0,1.54,0,0,0,0,0,0,0,0,0,0,0,0,0,0,0,0,0,0,0,0,0,7.551,0,0,0,0,7.551,06037535503
535603,2022,2,7,1,0,33,63,44,0,0,0,0,1,9,0,0,0,0,0,0,0,0,13,0,0.0,0.0,0.0,16.934,0.0,0.0,0.0,0.0,0.025,0.0,0.0,0.0,0.0,0.085,0.0,0.0,0.0,0.0,16.848,0.0,0,0,0,0,0,0,0,0,0,0,0,0,0,0,0,0,0,0,0,0,0,25.934,0,0,0,0,25.934,06037535603
535604,2022,2,7,1,0,33,63,44,0,0,0,0,1,0,0,0,0,0,0,1,1,0,0,0,1.331,1.263,0.0,0.0,0.0,0.047,0.018,0.0,0.0,0.0,0.152,0.057,0.0,0.0,0.0,1.179,1.206,0.0,0.0,0.0,0,0,0,0,0,0,0,0,0,0,0,0,0,0,0,0,0,0,0,0,0,2.594,0,0,0,0,2.594,06037535604
535605,2022,2,7,1,0,33,63,44,0,0,0,0,1,0,0,0,0,0,0,3,3,1,0,0,3.992,3.789,1.775,0.0,0.0,0.14,0.055,0.019,0.0,0.0,0.456,0.171,0.077,0.0,0.0,3.536,3.618,1.697,0.0,0.0,0,0,0,0,0,0,0,0,0,0,0,0,0,0,0,0,0,0,0,0,0,9.555,0,0,0,0,9.555,06037535605
535606,2022,2,7,1,0,33,63,44,0,0,0,0,1,2,0,0,0,0,0,0,3,1,0,0,0.0,3.789,1.775,0.0,0.0,0.0,0.055,0.019,0.0,0.0,0.0,0.171,0.077,0.0,0.0,0.0,3.618,1.697,0.0,0.0,0,0,0,0,0,0,0,0,0,0,0,0,0,0,0,0,0,0,0,0,0,7.563,0,0,0,0,7.563,06037535606
535607,2022,2,7,1,0,33,63,44,0,0,0,0,1,1,0,0,0,0,0,0,0,0,0,1,0.0,0.0,0.0,0.0,1.551,0.0,0.0,0.0,0.0,0.004,0.0,0.0,0.0,0.0,0.011,0.0,0.0,0.0,0.0,1.54,0,0,0,0,0,0,0,0,0,0,0,0,0,0,0,0,0,0,0,0,0,2.551,0,0,0,0,2.551,06037535607
535701,2022,2,7,1,0,33,63,44,0,0,0,0,0,0,0,0,0,0,0,0,0,0,0,0,0.0,0.0,0.0,0.0,0.0,0.0,0.0,0.0,0.0,0.0,0.0,0.0,0.0,0.0,0.0,0.0,0.0,0.0,0.0,0.0,0,0,0,0,0,0,0,0,0,0,0,0,0,0,0,0,0,0,0,0,0,0.0,0,0,0,0,0.0,06037535701
535702,2022,2,7,1,0,33,63,44,0,3,0,1,1,13,0,0,0,0,0,5,0,2,0,0,6.653,0.0,3.549,0.0,0.0,0.234,0.0,0.038,0.0,0.0,0.759,0.0,0.155,0.0,0.0,5.894,0.0,3.394,0.0,0.0,32,0,0,5,0,0,0,0,0,0,0,0,0,0,0,0,0,0,0,0,0,23.202,37,0,0,37,60.202,06037535702
535802,2022,2,7,1,0,33,63,44,0,0,0,0,0,0,0,0,0,0,0,0,0,0,0,0,0.0,0.0,0.0,0.0,0.0,0.0,0.0,0.0,0.0,0.0,0.0,0.0,0.0,0.0,0.0,0.0,0.0,0.0,0.0,0.0,0,0,0,0,0,0,0,0,0,0,0,0,0,0,0,0,0,0,0,0,0,0.0,0,0,0,0,0.0,06037535802
535803,2022,2,7,1,0,33,63,44,3,0,1,0,1,3,0,0,0,0,0,0,1,0,0,0,0.0,1.263,0.0,0.0,0.0,0.0,0.018,0.0,0.0,0.0,0.0,0.057,0.0,0.0,0.0,0.0,1.206,0.0,0.0,0.0,0,0,0,0,0,0,0,0,0,0,0,0,0,0,0,0,0,0,0,0,0,4.263,0,0,0,0,4.263,06037535803
535804,2022,2,7,1,0,33,63,44,0,0,0,0,0,0,0,0,0,0,0,0,0,0,0,0,0.0,0.0,0.0,0.0,0.0,0.0,0.0,0.0,0.0,0.0,0.0,0.0,0.0,0.0,0.0,0.0,0.0,0.0,0.0,0.0,0,0,0,0,0,0,0,0,0,0,0,0,0,0,0,0,0,0,0,0,0,0.0,0,0,0,0,0.0,06037535804
535901,2022,2,7,1,0,33,63,44,5,0,1,0,0,0,0,0,0,0,0,0,0,0,0,0,0.0,0.0,0.0,0.0,0.0,0.0,0.0,0.0,0.0,0.0,0.0,0.0,0.0,0.0,0.0,0.0,0.0,0.0,0.0,0.0,0,0,0,0,0,0,0,0,0,0,0,0,0,0,0,0,0,0,0,0,0,0.0,0,0,0,0,0.0,06037535901
535902,2022,2,7,1,0,33,63,44,0,0,0,0,1,6,0,0,0,0,0,0,0,0,0,0,0.0,0.0,0.0,0.0,0.0,0.0,0.0,0.0,0.0,0.0,0.0,0.0,0.0,0.0,0.0,0.0,0.0,0.0,0.0,0.0,0,0,0,0,0,0,0,0,0,0,0,0,0,0,0,0,0,0,0,0,0,6.0,0,0,0,0,6.0,06037535902
536000,2022,2,7,1,0,33,63,44,0,0,0,0,1,4,0,0,0,0,0,0,0,0,1,0,0.0,0.0,0.0,1.303,0.0,0.0,0.0,0.0,0.002,0.0,0.0,0.0,0.0,0.007,0.0,0.0,0.0,0.0,1.296,0.0,0,0,0,0,0,0,0,0,0,0,0,0,0,0,0,0,0,0,0,0,0,5.303,0,0,0,0,5.303,06037536000
536102,2022,2,7,1,0,33,63,44,0,0,0,0,1,14,0,0,0,0,0,5,3,4,2,29,6.653,3.789,7.098,2.605,44.987,0.234,0.055,0.076,0.004,0.109,0.759,0.171,0.31,0.013,0.328,5.894,3.618,6.788,2.592,44.659,0,0,0,0,0,0,0,0,0,0,0,0,0,0,0,0,0,0,0,0,0,79.132,0,0,0,0,79.132,06037536102
536103,2022,2,7,1,0,33,63,44,0,0,0,0,1,8,0,0,0,0,0,1,0,0,0,0,1.331,0.0,0.0,0.0,0.0,0.047,0.0,0.0,0.0,0.0,0.152,0.0,0.0,0.0,0.0,1.179,0.0,0.0,0.0,0.0,0,0,0,0,0,0,0,0,0,0,0,0,0,0,0,0,0,0,0,0,0,9.331,0,0,0,0,9.331,06037536103
536104,2022,2,7,1,0,33,63,44,0,0,0,0,1,38,0,0,0,0,0,2,0,2,13,8,2.661,0.0,3.549,16.934,12.41,0.094,0.0,0.038,0.025,0.03,0.304,0.0,0.155,0.085,0.091,2.357,0.0,3.394,16.848,12.32,0,0,0,0,0,0,0,0,0,0,0,0,0,0,0,0,0,0,0,0,0,73.554,0,0,0,0,73.554,06037536104
536200,2022,2,7,1,0,33,63,44,0,0,0,0,1,0,0,0,0,0,0,0,0,2,3,0,0.0,0.0,3.549,3.908,0.0,0.0,0.0,0.038,0.006,0.0,0.0,0.0,0.155,0.02,0.0,0.0,0.0,3.394,3.888,0.0,0,0,0,0,0,0,0,0,0,0,0,0,0,0,0,0,0,0,0,0,0,7.457,0,0,0,0,7.457,06037536200
540000,2022,2,6,2,0,33,63,44,0,0,0,0,3,22,0,0,0,0,0,5,4,1,19,32,6.642,4.806,1.602,22.363,48.921,0.235,0.074,0.019,0.036000000000000004,0.12100000000000001,0.76,0.228,0.077,0.125,0.362,5.882000000000001,4.578,1.525,22.238,48.559,0,0,0,0,0,0,0,0,0,0,0,0,0,0,0,0,0,0,0,0,0,106.334,0,0,0,0,106.334,06037540000
540101,2022,2,6,2,0,33,63,44,0,0,0,0,2,6,0,0,0,0,0,1,0,0,0,0,1.328,0.0,0.0,0.0,0.0,0.047,0.0,0.0,0.0,0.0,0.152,0.0,0.0,0.0,0.0,1.176,0.0,0.0,0.0,0.0,0,0,0,0,0,0,0,0,0,0,0,0,0,0,0,0,0,0,0,0,0,7.328,0,0,0,0,7.328,06037540101
540102,2022,2,6,2,0,33,63,44,0,0,0,0,2,2,0,0,0,0,0,1,1,0,0,1,1.328,1.201,0.0,0.0,1.529,0.047,0.018,0.0,0.0,0.004,0.152,0.057,0.0,0.0,0.011,1.176,1.144,0.0,0.0,1.517,0,0,0,0,0,0,0,0,0,0,0,0,0,0,0,0,0,0,0,0,0,6.058999999999999,0,0,0,0,6.058999999999999,06037540102
540201,2022,2,6,2,0,33,63,44,0,0,0,0,2,5,0,0,0,0,0,0,2,0,1,0,0.0,2.402,0.0,1.177,0.0,0.0,0.036,0.0,0.002,0.0,0.0,0.114,0.0,0.007,0.0,0.0,2.288,0.0,1.17,0.0,0,0,0,0,0,0,0,0,0,0,0,0,0,0,0,0,0,0,0,0,0,8.579,0,0,0,0,8.579,06037540201
540202,2022,2,6,2,0,33,63,44,0,0,0,0,1,2,0,0,0,0,0,0,0,0,0,0,0.0,0.0,0.0,0.0,0.0,0.0,0.0,0.0,0.0,0.0,0.0,0.0,0.0,0.0,0.0,0.0,0.0,0.0,0.0,0.0,0,0,0,0,0,0,0,0,0,0,0,0,0,0,0,0,0,0,0,0,0,2.0,0,0,0,0,2.0,06037540202
540203,2022,2,6,2,0,33,63,44,0,0,0,0,1,8,0,0,0,0,0,2,0,1,1,0,2.657,0.0,1.602,1.177,0.0,0.094,0.0,0.019,0.002,0.0,0.304,0.0,0.077,0.007,0.0,2.353,0.0,1.525,1.17,0.0,0,0,0,0,0,0,0,0,0,0,0,0,0,0,0,0,0,0,0,0,0,13.436,0,0,0,0,13.436,06037540203
540300,2022,2,6,2,0,33,63,44,25,0,1,0,2,18,0,0,0,0,0,2,4,1,2,0,2.656,4.805,1.602,2.354,0.0,0.094,0.073,0.019,0.004,0.0,0.304,0.228,0.077,0.013,0.0,2.352,4.577,1.525,2.341,0.0,0,0,0,0,0,0,0,0,0,0,0,0,0,0,0,0,0,0,0,0,0,29.419,0,0,0,0,29.419,06037540300
540400,2022,2,6,2,0,35,63,44,0,0,0,0,2,3,0,0,0,0,0,5,3,3,1,2,6.641,3.604,4.807,1.177,3.058,0.234,0.05499999999999999,0.057,0.002,0.008,0.759,0.171,0.232,0.007,0.023,5.882,3.433,4.574,1.17,3.035,0,0,0,0,0,0,0,0,0,0,0,0,0,0,0,0,0,0,0,0,0,22.287,0,0,0,0,22.287,06037540400
540501,2022,2,6,2,0,33,63,44,0,0,0,0,1,2,0,0,0,0,0,1,0,1,0,0,1.328,0.0,1.602,0.0,0.0,0.047,0.0,0.019,0.0,0.0,0.152,0.0,0.077,0.0,0.0,1.176,0.0,1.525,0.0,0.0,0,0,0,0,0,0,0,0,0,0,0,0,0,0,0,0,0,0,0,0,0,4.931,0,0,0,0,4.931,06037540501
540502,2022,2,6,2,0,33,63,44,0,0,0,0,1,1,0,0,0,0,0,0,0,0,0,0,0.0,0.0,0.0,0.0,0.0,0.0,0.0,0.0,0.0,0.0,0.0,0.0,0.0,0.0,0.0,0.0,0.0,0.0,0.0,0.0,0,0,0,0,0,0,0,0,0,0,0,0,0,0,0,0,0,0,0,0,0,1.0,0,0,0,0,1.0,06037540502
540600,2022,2,6,2,0,35,64,44,0,0,0,1,1,67,0,0,0,0,0,4,4,25,17,0,5.313,4.806,40.057,20.009,0.0,0.187,0.073,0.474,0.033,0.0,0.608,0.228,1.936,0.112,0.0,4.705,4.578,38.12,19.897,0.0,52,0,0,0,0,0,0,0,0,0,0,0,0,0,0,0,0,0,0,0,0,137.18,52,0,0,52,189.18,06037540600
540700,2022,2,6,2,0,35,64,44,0,0,0,1,1,37,0,0,0,0,0,0,0,0,0,0,0.0,0.0,0.0,0.0,0.0,0.0,0.0,0.0,0.0,0.0,0.0,0.0,0.0,0.0,0.0,0.0,0.0,0.0,0.0,0.0,46,0,0,0,0,0,0,0,0,0,0,0,0,0,0,0,0,0,0,0,0,37.0,46,0,0,46,83.0,06037540700
540800,2022,2,6,2,0,35,64,44,13,0,2,0,1,4,0,0,0,0,0,1,0,0,2,0,1.328,0.0,0.0,2.354,0.0,0.047,0.0,0.0,0.004,0.0,0.152,0.0,0.0,0.013,0.0,1.176,0.0,0.0,2.341,0.0,0,0,0,0,0,0,0,0,0,0,0,0,0,0,0,0,0,0,0,0,0,7.682,0,0,0,0,7.682,06037540800
540901,2022,2,6,2,0,35,64,44,2,94,1,1,1,5,0,0,0,0,0,0,3,9,2,1,0.0,3.604,14.42,2.354,1.529,0.0,0.055,0.171,0.004,0.004,0.0,0.171,0.697,0.013,0.011,0.0,3.433,13.723,2.341,1.517,30,0,0,2,0,0,0,0,0,0,0,0,0,0,0,0,0,0,0,0,0,26.907,32,0,0,32,58.907,06037540901
540902,2022,2,6,2,0,35,64,44,32,0,2,0,2,31,0,0,0,0,0,66,1,111,2,0,87.665,1.201,177.851,2.354,0.0,3.0890000000000004,0.018,2.103,0.004,0.0,10.024,0.057,8.597,0.013,0.0,77.64,1.144,169.256,2.341,0.0,0,0,0,0,0,0,0,0,0,0,0,0,0,0,0,0,0,0,0,0,0,300.07,0,0,0,0,300.07,06037540902
541001,2022,2,6,2,0,35,64,44,61,0,1,0,1,4,0,0,0,0,0,31,43,349,1,22,41.176,51.66,559.19,1.177,33.634,1.451,0.788,6.613,0.002,0.083,4.708,2.448,27.032,0.007,0.249,36.467,49.212,532.16,1.17,33.385,0,0,0,0,0,0,0,0,0,0,0,0,0,0,0,0,0,0,0,0,0,690.84,0,0,0,0,690.84,06037541001
541002,2022,2,8,2,0,35,64,44,6,0,1,0,2,4,0,0,0,0,0,3,4,2,0,3,3.569,6.744,3.474,0.0,3.826,0.14100000000000001,0.073,0.038,0.0,0.012,0.45599999999999996,0.228,0.154,0.0,0.034,3.114,6.516,3.32,0.0,3.792,0,0,0,0,0,0,0,0,0,0,0,0,0,0,0,0,0,0,0,0,0,21.613999999999997,0,0,0,0,21.613999999999997,06037541002
541100,2022,2,6,2,0,35,64,44,30,0,1,0,2,5,0,0,0,0,0,6,14,66,0,1,7.97,16.82,105.745,0.0,1.529,0.281,0.256,1.2510000000000001,0.0,0.004,0.911,0.797,5.112,0.0,0.011,7.058,16.023,100.637,0.0,1.517,0,0,0,0,0,0,0,0,0,0,0,0,0,0,0,0,0,0,0,0,0,137.06300000000002,0,0,0,0,137.06300000000002,06037541100
541200,2022,2,6,2,0,35,64,44,0,0,0,0,2,1,0,0,0,0,0,0,0,12,0,0,0.0,0.0,19.227,0.0,0.0,0.0,0.0,0.22799999999999998,0.0,0.0,0.0,0.0,0.9299999999999999,0.0,0.0,0.0,0.0,18.297,0.0,0.0,0,0,0,0,0,0,0,0,0,0,0,0,0,0,0,0,0,0,0,0,0,20.227,0,0,0,0,20.227,06037541200
541300,2022,2,6,2,0,35,64,44,0,0,0,0,1,0,0,0,0,0,0,0,1,2,0,0,0.0,1.201,3.205,0.0,0.0,0.0,0.018,0.038,0.0,0.0,0.0,0.057,0.155,0.0,0.0,0.0,1.144,3.05,0.0,0.0,0,0,0,0,0,0,0,0,0,0,0,0,0,0,0,0,0,0,0,0,0,4.406,0,0,0,0,4.406,06037541300
541400,2022,2,6,2,0,35,64,44,0,0,0,0,1,34,0,0,0,0,0,14,3,6,18,11,18.596,3.604,9.614,21.186,16.817,0.655,0.055,0.114,0.035,0.042,2.126,0.171,0.465,0.118,0.125,16.469,3.433,9.149,21.067,16.692,0,0,0,0,0,0,0,0,0,0,0,0,0,0,0,0,0,0,0,0,0,103.82,0,0,0,0,103.82,06037541400
541500,2022,2,6,2,0,35,64,44,0,0,0,0,1,12,0,0,0,0,0,2,1,2,12,5,2.657,1.201,3.205,14.124,7.644,0.094,0.018,0.038,0.023,0.019,0.304,0.057,0.155,0.079,0.057,2.353,1.144,3.05,14.045,7.587,0,0,0,0,0,0,0,0,0,0,0,0,0,0,0,0,0,0,0,0,0,40.83,0,0,0,0,40.83,06037541500
541603,2022,2,6,2,0,35,64,44,0,0,0,0,1,8,0,0,0,0,0,1,0,23,0,0,1.328,0.0,36.852,0.0,0.0,0.047,0.0,0.436,0.0,0.0,0.152,0.0,1.782,0.0,0.0,1.176,0.0,35.07,0.0,0.0,0,0,0,0,0,0,0,0,0,0,0,0,0,0,0,0,0,0,0,0,0,46.18,0,0,0,0,46.18,06037541603
541604,2022,2,6,2,0,35,64,44,0,0,0,0,1,2,0,0,0,0,0,0,0,1,0,0,0.0,0.0,1.602,0.0,0.0,0.0,0.0,0.019,0.0,0.0,0.0,0.0,0.077,0.0,0.0,0.0,0.0,1.525,0.0,0.0,0,0,0,0,0,0,0,0,0,0,0,0,0,0,0,0,0,0,0,0,0,3.602,0,0,0,0,3.602,06037541604
541605,2022,2,6,2,0,35,64,44,0,0,0,0,1,7,0,0,0,0,0,2,0,11,1,0,2.657,0.0,17.625,1.177,0.0,0.094,0.0,0.208,0.002,0.0,0.304,0.0,0.852,0.007,0.0,2.353,0.0,16.773,1.17,0.0,0,0,0,0,0,0,0,0,0,0,0,0,0,0,0,0,0,0,0,0,0,28.458,0,0,0,0,28.458,06037541605
541606,2022,2,6,2,0,35,64,44,1,0,1,0,2,2,0,0,0,0,0,0,0,0,0,0,0.0,0.0,0.0,0.0,0.0,0.0,0.0,0.0,0.0,0.0,0.0,0.0,0.0,0.0,0.0,0.0,0.0,0.0,0.0,0.0,0,0,0,0,0,0,0,0,0,0,0,0,0,0,0,0,0,0,0,0,0,2.0,0,0,0,0,2.0,06037541606
541700,2022,2,6,2,0,33,63,44,0,0,0,0,1,4,0,0,0,0,0,0,0,0,0,1,0.0,0.0,0.0,0.0,1.529,0.0,0.0,0.0,0.0,0.004,0.0,0.0,0.0,0.0,0.011,0.0,0.0,0.0,0.0,1.517,0,0,0,0,0,0,0,0,0,0,0,0,0,0,0,0,0,0,0,0,0,5.529,0,0,0,0,5.529,06037541700
541801,2022,2,6,2,0,33,63,44,0,0,0,0,1,4,0,0,0,0,0,0,0,1,0,0,0.0,0.0,1.602,0.0,0.0,0.0,0.0,0.019,0.0,0.0,0.0,0.0,0.077,0.0,0.0,0.0,0.0,1.525,0.0,0.0,0,0,0,0,0,0,0,0,0,0,0,0,0,0,0,0,0,0,0,0,0,5.602,0,0,0,0,5.602,06037541801
541802,2022,2,6,2,0,33,63,44,0,0,0,0,2,0,0,0,0,0,0,3,0,0,0,0,3.9850000000000003,0.0,0.0,0.0,0.0,0.14100000000000001,0.0,0.0,0.0,0.0,0.45599999999999996,0.0,0.0,0.0,0.0,3.529,0.0,0.0,0.0,0.0,0,0,0,0,0,0,0,0,0,0,0,0,0,0,0,0,0,0,0,0,0,3.9850000000000003,0,0,0,0,3.9850000000000003,06037541802
542000,2022,2,6,2,0,35,64,44,0,0,0,0,0,0,0,0,0,0,0,0,0,0,0,0,0.0,0.0,0.0,0.0,0.0,0.0,0.0,0.0,0.0,0.0,0.0,0.0,0.0,0.0,0.0,0.0,0.0,0.0,0.0,0.0,0,0,0,0,0,0,0,0,0,0,0,0,0,0,0,0,0,0,0,0,0,0.0,0,0,0,0,0.0,06037542000
542103,2022,2,6,2,0,35,64,44,0,0,0,0,1,2,0,0,0,0,0,0,5,6,0,2,0.0,6.007,9.614,0.0,3.058,0.0,0.092,0.114,0.0,0.008,0.0,0.285,0.465,0.0,0.023,0.0,5.722,9.149,0.0,3.035,0,0,0,0,0,0,0,0,0,0,0,0,0,0,0,0,0,0,0,0,0,20.678,0,0,0,0,20.678,06037542103
542104,2022,2,6,2,0,35,64,44,0,0,0,0,1,2,0,0,0,0,0,0,0,1,0,0,0.0,0.0,1.602,0.0,0.0,0.0,0.0,0.019,0.0,0.0,0.0,0.0,0.077,0.0,0.0,0.0,0.0,1.525,0.0,0.0,0,0,0,0,0,0,0,0,0,0,0,0,0,0,0,0,0,0,0,0,0,3.602,0,0,0,0,3.602,06037542104
542105,2022,2,6,2,0,35,64,44,0,32,0,1,2,9,0,0,0,0,0,3,3,5,0,2,3.985,3.604,8.011,0.0,3.058,0.14,0.05499999999999999,0.095,0.0,0.008,0.456,0.171,0.387,0.0,0.022,3.529,3.433,7.624,0.0,3.034,22,0,0,0,0,0,0,0,0,0,0,0,0,0,0,0,0,0,0,0,0,27.658,22,0,0,22,49.658,06037542105
542106,2022,2,6,2,0,35,64,44,0,0,0,0,3,7,0,0,0,0,0,17,17,15,0,1,22.58,20.424,24.034,0.0,1.529,0.796,0.311,0.28500000000000003,0.0,0.004,2.582,0.9670000000000001,1.162,0.0,0.011,19.998,19.455,22.872,0.0,1.517,0,0,0,0,0,0,0,0,0,0,0,0,0,0,0,0,0,0,0,0,0,75.56700000000001,0,0,0,0,75.56700000000001,06037542106
542200,2022,2,6,2,0,35,64,44,0,0,0,1,3,41,0,0,0,0,0,23,6,10,0,7,30.549999999999997,7.208,16.023,0.0,10.702,1.077,0.11,0.19,0.0,0.027,3.4930000000000003,0.34199999999999997,0.775,0.0,0.08,27.057,6.8660000000000005,15.248,0.0,10.622,4,33,144,0,0,0,0,0,0,0,0,0,0,0,0,0,0,0,0,0,0,105.482,148,0,0,148,253.483,06037542200
542401,2022,2,6,2,0,35,64,44,0,0,0,0,2,12,0,0,0,0,0,3,0,2,0,0,3.985,0.0,3.204,0.0,0.0,0.14,0.0,0.038,0.0,0.0,0.456,0.0,0.154,0.0,0.0,3.529,0.0,3.05,0.0,0.0,0,0,0,0,0,0,0,0,0,0,0,0,0,0,0,0,0,0,0,0,0,19.189,0,0,0,0,19.189,06037542401
542402,2022,2,6,2,0,35,64,44,0,0,0,0,1,2,0,0,0,0,0,1,1,1,0,0,1.328,1.201,1.602,0.0,0.0,0.047,0.018,0.019,0.0,0.0,0.152,0.057,0.077,0.0,0.0,1.176,1.144,1.525,0.0,0.0,0,0,0,0,0,0,0,0,0,0,0,0,0,0,0,0,0,0,0,0,0,6.132,0,0,0,0,6.132,06037542402
542501,2022,2,6,2,0,35,64,44,0,0,0,0,2,9,0,0,0,0,0,0,1,6,0,0,0.0,1.201,9.614,0.0,0.0,0.0,0.018,0.11399999999999999,0.0,0.0,0.0,0.057,0.46499999999999997,0.0,0.0,0.0,1.144,9.149000000000001,0.0,0.0,0,0,0,0,0,0,0,0,0,0,0,0,0,0,0,0,0,0,0,0,0,19.814999999999998,0,0,0,0,19.814999999999998,06037542501
542502,2022,2,6,2,0,35,64,44,0,0,0,0,1,0,0,0,5,0,0,0,0,0,0,0,0.0,0.0,0.0,0.0,0.0,0.0,0.0,0.0,0.0,0.0,0.0,0.0,0.0,0.0,0.0,0.0,0.0,0.0,0.0,0.0,0,0,0,0,0,0,0,0,0,0,0,0,0,0,0,0,0,0,0,0,0,5.0,0,0,0,0,5.0,06037542502
542601,2022,2,6,2,0,35,64,44,0,0,0,0,1,14,0,0,0,0,0,1,0,4,5,4,1.328,0.0,6.409,5.885,6.115,0.047,0.0,0.076,0.01,0.015,0.152,0.0,0.31,0.033,0.045,1.176,0.0,6.099,5.852,6.07,0,0,0,0,0,0,0,0,0,0,0,0,0,0,0,0,0,0,0,0,0,33.737,0,0,0,0,33.737,06037542601
542602,2022,2,6,2,0,35,64,44,0,0,0,0,0,0,0,0,0,0,0,0,0,0,0,0,0.0,0.0,0.0,0.0,0.0,0.0,0.0,0.0,0.0,0.0,0.0,0.0,0.0,0.0,0.0,0.0,0.0,0.0,0.0,0.0,0,0,0,0,0,0,0,0,0,0,0,0,0,0,0,0,0,0,0,0,0,0.0,0,0,0,0,0.0,06037542602
542700,2022,2,6,2,0,35,64,44,0,0,0,1,1,3,0,0,0,0,0,1,2,0,0,0,1.328,2.403,0.0,0.0,0.0,0.047,0.037,0.0,0.0,0.0,0.152,0.114,0.0,0.0,0.0,1.176,2.289,0.0,0.0,0.0,1,0,0,0,0,0,0,0,0,0,0,0,0,0,0,0,0,0,0,0,0,6.731,1,0,0,1,7.731,06037542700
542800,2022,2,6,2,0,35,64,44,0,0,0,0,1,10,1,3,0,0,0,1,4,5,0,0,1.328,4.806,8.011,0.0,0.0,0.047,0.073,0.095,0.0,0.0,0.152,0.228,0.387,0.0,0.0,1.176,4.578,7.624,0.0,0.0,0,0,0,0,0,0,0,0,0,0,0,0,0,0,0,0,0,0,0,0,0,27.145,0,0,0,0,27.145,06037542800
542900,2022,2,6,2,0,35,64,44,0,0,0,0,0,0,0,0,0,0,0,0,0,0,0,0,0.0,0.0,0.0,0.0,0.0,0.0,0.0,0.0,0.0,0.0,0.0,0.0,0.0,0.0,0.0,0.0,0.0,0.0,0.0,0.0,0,0,0,0,0,0,0,0,0,0,0,0,0,0,0,0,0,0,0,0,0,0.0,0,0,0,0,0.0,06037542900
543000,2022,2,6,2,0,35,64,44,0,0,0,0,1,0,0,0,0,0,0,0,0,2,0,0,0.0,0.0,3.205,0.0,0.0,0.0,0.0,0.038,0.0,0.0,0.0,0.0,0.155,0.0,0.0,0.0,0.0,3.05,0.0,0.0,0,0,0,0,0,0,0,0,0,0,0,0,0,0,0,0,0,0,0,0,0,3.205,0,0,0,0,3.205,06037543000
543100,2022,2,6,2,0,35,64,44,0,0,0,0,1,1,0,0,0,0,0,0,0,2,0,0,0.0,0.0,3.205,0.0,0.0,0.0,0.0,0.038,0.0,0.0,0.0,0.0,0.155,0.0,0.0,0.0,0.0,3.05,0.0,0.0,0,0,0,0,0,0,0,0,0,0,0,0,0,0,0,0,0,0,0,0,0,4.205,0,0,0,0,4.205,06037543100
543201,2022,2,6,2,0,35,64,44,0,0,0,0,1,3,0,0,0,0,0,0,1,1,0,0,0.0,1.201,1.602,0.0,0.0,0.0,0.018,0.019,0.0,0.0,0.0,0.057,0.077,0.0,0.0,0.0,1.144,1.525,0.0,0.0,0,0,0,0,0,0,0,0,0,0,0,0,0,0,0,0,0,0,0,0,0,5.804,0,0,0,0,5.804,06037543201
543202,2022,2,6,2,0,35,64,44,0,0,0,1,2,11,0,0,0,0,0,0,0,1,1,1,0.0,0.0,1.602,1.177,1.529,0.0,0.0,0.019,0.002,0.004,0.0,0.0,0.077,0.007,0.011,0.0,0.0,1.525,1.17,1.517,86,0,0,3,0,0,0,0,0,0,0,0,0,0,0,0,0,0,0,0,0,15.308,89,0,0,89,104.312,06037543202
543304,2022,2,8,2,0,35,64,44,0,0,0,0,0,0,0,0,0,0,0,0,0,0,0,0,0.0,0.0,0.0,0.0,0.0,0.0,0.0,0.0,0.0,0.0,0.0,0.0,0.0,0.0,0.0,0.0,0.0,0.0,0.0,0.0,0,0,0,0,0,0,0,0,0,0,0,0,0,0,0,0,0,0,0,0,0,0.0,0,0,0,0,0.0,06037543304
543305,2022,2,8,2,0,35,64,44,0,0,0,0,2,13,0,0,0,0,0,0,0,0,9,6,0.0,0.0,0.0,12.736,7.651999999999999,0.0,0.0,0.0,0.017,0.023,0.0,0.0,0.0,0.059,0.068,0.0,0.0,0.0,12.677,7.585,0,0,0,0,0,0,0,0,0,0,0,0,0,0,0,0,0,0,0,0,0,33.388,0,0,0,0,33.388,06037543305
543306,2022,2,8,2,0,35,64,44,0,0,0,0,3,10,0,0,0,0,0,2,2,0,2,2,2.38,3.372,0.0,2.83,2.55,0.094,0.036,0.0,0.004,0.008,0.304,0.114,0.0,0.014,0.022,2.076,3.258,0.0,2.818,2.528,0,0,0,0,0,0,0,0,0,0,0,0,0,0,0,0,0,0,0,0,0,21.133,0,0,0,0,21.133,06037543306
543321,2022,2,8,2,0,35,64,44,0,0,0,0,1,1,0,0,0,0,0,0,0,0,0,0,0.0,0.0,0.0,0.0,0.0,0.0,0.0,0.0,0.0,0.0,0.0,0.0,0.0,0.0,0.0,0.0,0.0,0.0,0.0,0.0,0,0,0,0,0,0,0,0,0,0,0,0,0,0,0,0,0,0,0,0,0,1.0,0,0,0,0,1.0,06037543321
543322,2022,2,8,2,0,35,64,44,0,0,0,0,0,0,0,0,0,0,0,0,0,0,0,0,0.0,0.0,0.0,0.0,0.0,0.0,0.0,0.0,0.0,0.0,0.0,0.0,0.0,0.0,0.0,0.0,0.0,0.0,0.0,0.0,0,0,0,0,0,0,0,0,0,0,0,0,0,0,0,0,0,0,0,0,0,0.0,0,0,0,0,0.0,06037543322
543400,2022,2,8,2,0,35,64,44,0,0,0,0,2,10,0,0,0,0,0,10,2,3,0,5,11.897,3.372,5.211,0.0,6.377,0.46799999999999997,0.036,0.057,0.0,0.019,1.519,0.114,0.232,0.0,0.057,10.379,3.258,4.979,0.0,6.321,0,0,0,0,0,0,0,0,0,0,0,0,0,0,0,0,0,0,0,0,0,36.858,0,0,0,0,36.858,06037543400
543501,2022,2,8,2,0,35,64,44,0,0,0,0,3,5,0,0,0,0,0,0,2,4,1,1,0.0,3.372,6.949,1.415,1.275,0.0,0.037,0.076,0.002,0.004,0.0,0.114,0.31,0.007,0.011,0.0,3.258,6.639,1.409,1.264,0,0,0,0,0,0,0,0,0,0,0,0,0,0,0,0,0,0,0,0,0,18.011,0,0,0,0,18.011,06037543501
543502,2022,2,8,2,0,35,66,43,0,0,0,0,1,2,0,0,0,0,0,0,1,10,0,0,0.0,1.686,17.371,0.0,0.0,0.0,0.018,0.189,0.0,0.0,0.0,0.057,0.775,0.0,0.0,0.0,1.629,16.597,0.0,0.0,0,0,0,0,0,0,0,0,0,0,0,0,0,0,0,0,0,0,0,0,0,21.057,0,0,0,0,21.057,06037543502
543503,2022,2,8,2,0,35,66,43,0,0,0,0,2,0,0,0,0,0,0,0,0,5,0,0,0.0,0.0,8.686,0.0,0.0,0.0,0.0,0.095,0.0,0.0,0.0,0.0,0.387,0.0,0.0,0.0,0.0,8.299,0.0,0.0,0,0,0,0,0,0,0,0,0,0,0,0,0,0,0,0,0,0,0,0,0,8.686,0,0,0,0,8.686,06037543503
543601,2022,2,8,2,0,35,64,44,0,0,0,0,1,1,0,0,0,0,0,0,2,6,0,1,0.0,3.372,10.423,0.0,1.275,0.0,0.037,0.114,0.0,0.004,0.0,0.114,0.465,0.0,0.011,0.0,3.258,9.958,0.0,1.264,0,0,0,0,0,0,0,0,0,0,0,0,0,0,0,0,0,0,0,0,0,16.07,0,0,0,0,16.07,06037543601
543602,2022,2,8,2,0,35,66,43,0,0,0,0,2,3,0,0,0,0,0,5,0,23,1,0,5.949,0.0,39.954,1.415,0.0,0.234,0.0,0.436,0.002,0.0,0.759,0.0,1.7810000000000001,0.007,0.0,5.189,0.0,38.173,1.409,0.0,0,0,0,0,0,0,0,0,0,0,0,0,0,0,0,0,0,0,0,0,0,50.318,0,0,0,0,50.318,06037543602
543603,2022,2,8,2,0,35,66,43,4,0,2,1,1,3,0,0,0,0,0,0,0,0,0,1,0.0,0.0,0.0,0.0,1.275,0.0,0.0,0.0,0.0,0.004,0.0,0.0,0.0,0.0,0.011,0.0,0.0,0.0,0.0,1.264,55,0,0,0,0,0,0,0,0,0,0,0,0,0,0,0,0,0,0,0,0,4.275,55,0,0,55,59.275,06037543603
543604,2022,2,8,2,0,35,64,44,0,0,0,0,1,1,0,0,0,0,0,0,0,0,0,0,0.0,0.0,0.0,0.0,0.0,0.0,0.0,0.0,0.0,0.0,0.0,0.0,0.0,0.0,0.0,0.0,0.0,0.0,0.0,0.0,0,0,0,0,0,0,0,0,0,0,0,0,0,0,0,0,0,0,0,0,0,1.0,0,0,0,0,1.0,06037543604
543701,2022,2,8,2,0,35,64,44,0,0,0,0,0,0,0,0,0,0,0,0,0,0,0,0,0.0,0.0,0.0,0.0,0.0,0.0,0.0,0.0,0.0,0.0,0.0,0.0,0.0,0.0,0.0,0.0,0.0,0.0,0.0,0.0,0,0,0,0,0,0,0,0,0,0,0,0,0,0,0,0,0,0,0,0,0,0.0,0,0,0,0,0.0,06037543701
543702,2022,2,8,2,0,35,64,44,0,0,0,0,1,0,0,0,0,0,0,0,2,0,0,0,0.0,3.372,0.0,0.0,0.0,0.0,0.037,0.0,0.0,0.0,0.0,0.114,0.0,0.0,0.0,0.0,3.258,0.0,0.0,0.0,0,0,0,0,0,0,0,0,0,0,0,0,0,0,0,0,0,0,0,0,0,3.372,0,0,0,0,3.372,06037543702
543703,2022,2,8,2,0,35,64,44,0,0,0,0,1,2,0,0,0,0,0,2,0,4,0,0,2.379,0.0,6.949,0.0,0.0,0.094,0.0,0.076,0.0,0.0,0.304,0.0,0.31,0.0,0.0,2.076,0.0,6.639,0.0,0.0,0,0,0,0,0,0,0,0,0,0,0,0,0,0,0,0,0,0,0,0,0,11.328,0,0,0,0,11.328,06037543703
543801,2022,2,8,2,0,35,64,44,0,0,0,0,0,0,0,0,0,0,0,0,0,0,0,0,0.0,0.0,0.0,0.0,0.0,0.0,0.0,0.0,0.0,0.0,0.0,0.0,0.0,0.0,0.0,0.0,0.0,0.0,0.0,0.0,0,0,0,0,0,0,0,0,0,0,0,0,0,0,0,0,0,0,0,0,0,0.0,0,0,0,0,0.0,06037543801
543802,2022,2,8,2,0,35,64,44,0,0,0,0,2,6,0,0,0,0,0,0,0,0,0,0,0.0,0.0,0.0,0.0,0.0,0.0,0.0,0.0,0.0,0.0,0.0,0.0,0.0,0.0,0.0,0.0,0.0,0.0,0.0,0.0,0,0,0,0,0,0,0,0,0,0,0,0,0,0,0,0,0,0,0,0,0,6.0,0,0,0,0,6.0,06037543802
543903,2022,2,8,2,0,35,64,44,0,0,0,0,1,1,0,0,0,0,0,0,0,1,0,0,0.0,0.0,1.737,0.0,0.0,0.0,0.0,0.019,0.0,0.0,0.0,0.0,0.077,0.0,0.0,0.0,0.0,1.66,0.0,0.0,0,0,0,0,0,0,0,0,0,0,0,0,0,0,0,0,0,0,0,0,0,2.737,0,0,0,0,2.737,06037543903
543905,2022,2,8,2,0,35,64,44,0,0,0,0,1,0,0,0,0,0,0,0,1,0,0,0,0.0,1.686,0.0,0.0,0.0,0.0,0.018,0.0,0.0,0.0,0.0,0.057,0.0,0.0,0.0,0.0,1.629,0.0,0.0,0.0,0,0,0,0,0,0,0,0,0,0,0,0,0,0,0,0,0,0,0,0,0,1.686,0,0,0,0,1.686,06037543905
544001,2022,2,8,4,0,35,64,44,0,0,0,0,0,0,0,0,0,0,0,0,0,0,0,0,0.0,0.0,0.0,0.0,0.0,0.0,0.0,0.0,0.0,0.0,0.0,0.0,0.0,0.0,0.0,0.0,0.0,0.0,0.0,0.0,0,0,0,0,0,0,0,0,0,0,0,0,0,0,0,0,0,0,0,0,0,0.0,0,0,0,0,0.0,06037544001
544002,2022,2,8,4,0,35,64,44,0,0,0,0,0,0,0,0,0,0,0,0,0,0,0,0,0.0,0.0,0.0,0.0,0.0,0.0,0.0,0.0,0.0,0.0,0.0,0.0,0.0,0.0,0.0,0.0,0.0,0.0,0.0,0.0,0,0,0,0,0,0,0,0,0,0,0,0,0,0,0,0,0,0,0,0,0,0.0,0,0,0,0,0.0,06037544002
550000,2022,2,7,4,0,32,57,38,0,0,0,0,1,39,0,0,0,0,0,2,0,7,0,4,2.661,0.0,12.422,0.0,6.205,0.094,0.0,0.133,0.0,0.015,0.304,0.0,0.542,0.0,0.045,2.357,0.0,11.879,0.0,6.16,0,0,0,0,0,0,0,0,0,0,0,0,0,0,0,0,0,0,0,0,0,60.288,0,0,0,0,60.288,06037550000
550100,2022,2,7,4,0,32,57,38,0,0,0,0,1,4,0,0,0,0,0,0,0,0,0,0,0.0,0.0,0.0,0.0,0.0,0.0,0.0,0.0,0.0,0.0,0.0,0.0,0.0,0.0,0.0,0.0,0.0,0.0,0.0,0.0,0,0,0,0,0,0,0,0,0,0,0,0,0,0,0,0,0,0,0,0,0,4.0,0,0,0,0,4.0,06037550100
550201,2022,2,7,4,0,32,57,38,0,0,0,0,1,0,0,0,0,0,0,0,0,0,0,1,0.0,0.0,0.0,0.0,1.551,0.0,0.0,0.0,0.0,0.004,0.0,0.0,0.0,0.0,0.011,0.0,0.0,0.0,0.0,1.54,0,0,0,0,0,0,0,0,0,0,0,0,0,0,0,0,0,0,0,0,0,1.551,0,0,0,0,1.551,06037550201
550202,2022,2,7,4,0,32,57,38,0,0,0,0,0,0,0,0,0,0,0,0,0,0,0,0,0.0,0.0,0.0,0.0,0.0,0.0,0.0,0.0,0.0,0.0,0.0,0.0,0.0,0.0,0.0,0.0,0.0,0.0,0.0,0.0,0,0,0,0,0,0,0,0,0,0,0,0,0,0,0,0,0,0,0,0,0,0.0,0,0,0,0,0.0,06037550202
550300,2022,2,7,4,0,32,58,38,0,0,0,0,2,71,0,0,0,0,0,8,7,6,3,2,10.645,8.841,10.647,3.908,3.103,0.374,0.128,0.11399999999999999,0.006,0.008,1.215,0.399,0.46499999999999997,0.02,0.023,9.43,8.442,10.182,3.888,3.08,0,0,0,0,0,0,0,0,0,0,0,0,0,0,0,0,0,0,0,0,0,108.143,0,0,0,0,108.143,06037550300
550400,2022,2,7,4,0,32,58,40,0,0,0,0,1,0,0,0,0,0,0,0,0,0,0,4,0.0,0.0,0.0,0.0,6.205,0.0,0.0,0.0,0.0,0.015,0.0,0.0,0.0,0.0,0.045,0.0,0.0,0.0,0.0,6.16,0,0,0,0,0,0,0,0,0,0,0,0,0,0,0,0,0,0,0,0,0,6.205,0,0,0,0,6.205,06037550400
550500,2022,2,7,4,0,32,58,40,0,0,0,0,2,22,0,0,0,0,0,3,1,1,12,4,3.992,1.263,1.775,15.631,6.206,0.14,0.018,0.019,0.023,0.016,0.456,0.057,0.077,0.079,0.046,3.536,1.206,1.697,15.552,6.16,0,0,0,0,0,0,0,0,0,0,0,0,0,0,0,0,0,0,0,0,0,50.866,0,0,0,0,50.866,06037550500
550601,2022,2,7,4,0,32,58,40,0,0,0,0,1,2,0,0,0,0,0,0,0,0,0,0,0.0,0.0,0.0,0.0,0.0,0.0,0.0,0.0,0.0,0.0,0.0,0.0,0.0,0.0,0.0,0.0,0.0,0.0,0.0,0.0,0,0,0,0,0,0,0,0,0,0,0,0,0,0,0,0,0,0,0,0,0,2.0,0,0,0,0,2.0,06037550601
550602,2022,2,7,4,0,32,58,40,0,0,0,0,2,3,0,0,0,0,0,1,0,0,0,0,1.331,0.0,0.0,0.0,0.0,0.047,0.0,0.0,0.0,0.0,0.152,0.0,0.0,0.0,0.0,1.179,0.0,0.0,0.0,0.0,0,0,0,0,0,0,0,0,0,0,0,0,0,0,0,0,0,0,0,0,0,4.3309999999999995,0,0,0,0,4.3309999999999995,06037550602
550700,2022,2,7,4,0,32,58,40,0,0,0,0,3,3,0,0,0,0,0,2,0,0,2,5,2.661,0.0,0.0,2.606,7.757000000000001,0.094,0.0,0.0,0.004,0.02,0.304,0.0,0.0,0.014,0.056999999999999995,2.357,0.0,0.0,2.592,7.7,0,0,0,0,0,0,0,0,0,0,0,0,0,0,0,0,0,0,0,0,0,16.023,0,0,0,0,16.023,06037550700
550800,2022,2,7,4,0,32,58,40,0,0,0,0,1,1,0,0,0,0,0,0,1,0,0,2,0.0,1.263,0.0,0.0,3.103,0.0,0.018,0.0,0.0,0.008,0.0,0.057,0.0,0.0,0.023,0.0,1.206,0.0,0.0,3.08,0,0,0,0,0,0,0,0,0,0,0,0,0,0,0,0,0,0,0,0,0,5.365,0,0,0,0,5.365,06037550800
550901,2022,2,7,4,0,32,58,40,0,0,0,0,0,0,0,0,0,0,0,0,0,0,0,0,0.0,0.0,0.0,0.0,0.0,0.0,0.0,0.0,0.0,0.0,0.0,0.0,0.0,0.0,0.0,0.0,0.0,0.0,0.0,0.0,0,0,0,0,0,0,0,0,0,0,0,0,0,0,0,0,0,0,0,0,0,0.0,0,0,0,0,0.0,06037550901
550902,2022,2,7,4,0,32,58,40,0,0,0,0,1,8,0,0,0,0,0,5,3,0,0,0,6.653,3.789,0.0,0.0,0.0,0.234,0.055,0.0,0.0,0.0,0.759,0.171,0.0,0.0,0.0,5.894,3.618,0.0,0.0,0.0,0,0,0,0,0,0,0,0,0,0,0,0,0,0,0,0,0,0,0,0,0,18.442,0,0,0,0,18.442,06037550902
551000,2022,2,7,4,0,32,58,40,0,0,0,0,2,9,0,0,0,0,0,4,0,0,0,1,5.322,0.0,0.0,0.0,1.551,0.187,0.0,0.0,0.0,0.004,0.608,0.0,0.0,0.0,0.011,4.715,0.0,0.0,0.0,1.54,0,0,0,0,0,0,0,0,0,0,0,0,0,0,0,0,0,0,0,0,0,15.874,0,0,0,0,15.874,06037551000
551101,2022,2,7,4,0,32,58,40,0,0,0,0,1,1,0,0,0,0,0,1,0,0,0,0,1.331,0.0,0.0,0.0,0.0,0.047,0.0,0.0,0.0,0.0,0.152,0.0,0.0,0.0,0.0,1.179,0.0,0.0,0.0,0.0,0,0,0,0,0,0,0,0,0,0,0,0,0,0,0,0,0,0,0,0,0,2.331,0,0,0,0,2.331,06037551101
551102,2022,2,7,4,0,32,58,40,0,0,0,0,1,20,0,0,0,0,0,0,0,6,0,0,0.0,0.0,10.647,0.0,0.0,0.0,0.0,0.114,0.0,0.0,0.0,0.0,0.465,0.0,0.0,0.0,0.0,10.182,0.0,0.0,0,0,0,0,0,0,0,0,0,0,0,0,0,0,0,0,0,0,0,0,0,30.647,0,0,0,0,30.647,06037551102
551201,2022,2,7,4,0,32,58,40,0,0,0,0,1,3,0,0,0,0,0,0,0,0,2,0,0.0,0.0,0.0,2.605,0.0,0.0,0.0,0.0,0.004,0.0,0.0,0.0,0.0,0.013,0.0,0.0,0.0,0.0,2.592,0.0,0,0,0,0,0,0,0,0,0,0,0,0,0,0,0,0,0,0,0,0,0,5.605,0,0,0,0,5.605,06037551201
551202,2022,2,7,4,0,32,58,40,0,0,0,0,0,0,0,0,0,0,0,0,0,0,0,0,0.0,0.0,0.0,0.0,0.0,0.0,0.0,0.0,0.0,0.0,0.0,0.0,0.0,0.0,0.0,0.0,0.0,0.0,0.0,0.0,0,0,0,0,0,0,0,0,0,0,0,0,0,0,0,0,0,0,0,0,0,0.0,0,0,0,0,0.0,06037551202
551300,2022,2,7,4,0,32,58,40,1,0,1,0,2,2,0,0,0,0,0,0,1,0,2,0,0.0,1.263,0.0,2.605,0.0,0.0,0.018,0.0,0.004,0.0,0.0,0.057,0.0,0.013,0.0,0.0,1.206,0.0,2.592,0.0,0,0,0,0,0,0,0,0,0,0,0,0,0,0,0,0,0,0,0,0,0,5.868,0,0,0,0,5.868,06037551300
551401,2022,2,7,4,0,32,58,40,0,0,0,0,0,0,0,0,0,0,0,0,0,0,0,0,0.0,0.0,0.0,0.0,0.0,0.0,0.0,0.0,0.0,0.0,0.0,0.0,0.0,0.0,0.0,0.0,0.0,0.0,0.0,0.0,0,0,0,0,0,0,0,0,0,0,0,0,0,0,0,0,0,0,0,0,0,0.0,0,0,0,0,0.0,06037551401
551402,2022,2,7,4,0,32,58,40,2,0,1,0,1,1,0,0,0,0,0,0,0,0,0,0,0.0,0.0,0.0,0.0,0.0,0.0,0.0,0.0,0.0,0.0,0.0,0.0,0.0,0.0,0.0,0.0,0.0,0.0,0.0,0.0,0,0,0,0,0,0,0,0,0,0,0,0,0,0,0,0,0,0,0,0,0,1.0,0,0,0,0,1.0,06037551402
551501,2022,2,7,4,0,32,58,40,0,0,0,0,1,1,0,0,0,0,0,0,0,0,0,0,0.0,0.0,0.0,0.0,0.0,0.0,0.0,0.0,0.0,0.0,0.0,0.0,0.0,0.0,0.0,0.0,0.0,0.0,0.0,0.0,0,0,0,0,0,0,0,0,0,0,0,0,0,0,0,0,0,0,0,0,0,1.0,0,0,0,0,1.0,06037551501
551502,2022,2,7,4,0,32,58,40,0,0,0,0,1,7,0,0,0,0,0,0,1,0,1,0,0.0,1.263,0.0,1.303,0.0,0.0,0.018,0.0,0.002,0.0,0.0,0.057,0.0,0.007,0.0,0.0,1.206,0.0,1.296,0.0,0,0,0,0,0,0,0,0,0,0,0,0,0,0,0,0,0,0,0,0,0,9.566,0,0,0,0,9.566,06037551502
551600,2022,2,7,4,0,32,58,40,0,0,0,0,1,1,0,0,0,0,0,1,0,2,0,0,1.331,0.0,3.549,0.0,0.0,0.047,0.0,0.038,0.0,0.0,0.152,0.0,0.155,0.0,0.0,1.179,0.0,3.394,0.0,0.0,0,0,0,0,0,0,0,0,0,0,0,0,0,0,0,0,0,0,0,0,0,5.88,0,0,0,0,5.88,06037551600
551700,2022,2,7,4,0,32,58,40,0,0,0,0,1,1,0,0,0,0,0,1,0,1,0,0,1.331,0.0,1.775,0.0,0.0,0.047,0.0,0.019,0.0,0.0,0.152,0.0,0.077,0.0,0.0,1.179,0.0,1.697,0.0,0.0,0,0,0,0,0,0,0,0,0,0,0,0,0,0,0,0,0,0,0,0,0,4.105,0,0,0,0,4.105,06037551700
551800,2022,2,7,4,0,32,58,40,0,0,0,0,2,2,0,0,0,0,0,0,0,1,2,17,0.0,0.0,1.775,2.605,26.372,0.0,0.0,0.019,0.004,0.064,0.0,0.0,0.077,0.013,0.193,0.0,0.0,1.697,2.592,26.179,0,0,0,0,0,0,0,0,0,0,0,0,0,0,0,0,0,0,0,0,0,32.752,0,0,0,0,32.752,06037551800
551900,2022,2,7,4,0,32,58,38,0,0,0,0,1,2,0,0,0,0,0,0,0,0,0,0,0.0,0.0,0.0,0.0,0.0,0.0,0.0,0.0,0.0,0.0,0.0,0.0,0.0,0.0,0.0,0.0,0.0,0.0,0.0,0.0,0,0,0,0,0,0,0,0,0,0,0,0,0,0,0,0,0,0,0,0,0,2.0,0,0,0,0,2.0,06037551900
552001,2022,2,7,4,0,32,57,38,0,0,0,0,1,2,0,0,0,0,0,0,0,0,0,0,0.0,0.0,0.0,0.0,0.0,0.0,0.0,0.0,0.0,0.0,0.0,0.0,0.0,0.0,0.0,0.0,0.0,0.0,0.0,0.0,0,0,0,0,0,0,0,0,0,0,0,0,0,0,0,0,0,0,0,0,0,2.0,0,0,0,0,2.0,06037552001
552002,2022,2,7,4,0,32,57,38,0,0,0,0,1,12,1,3,0,0,0,0,0,0,0,0,0.0,0.0,0.0,0.0,0.0,0.0,0.0,0.0,0.0,0.0,0.0,0.0,0.0,0.0,0.0,0.0,0.0,0.0,0.0,0.0,0,0,0,0,0,0,0,0,0,0,0,0,0,0,0,0,0,0,0,0,0,15.0,0,0,0,0,15.0,06037552002
552100,2022,2,7,4,0,32,57,38,0,0,0,0,1,6,0,0,0,0,0,0,0,0,0,0,0.0,0.0,0.0,0.0,0.0,0.0,0.0,0.0,0.0,0.0,0.0,0.0,0.0,0.0,0.0,0.0,0.0,0.0,0.0,0.0,0,0,0,0,0,0,0,0,0,0,0,0,0,0,0,0,0,0,0,0,0,6.0,0,0,0,0,6.0,06037552100
552200,2022,2,7,4,0,32,57,38,4,3,2,1,1,7,0,0,0,0,0,0,0,0,0,0,0.0,0.0,0.0,0.0,0.0,0.0,0.0,0.0,0.0,0.0,0.0,0.0,0.0,0.0,0.0,0.0,0.0,0.0,0.0,0.0,0,0,0,0,0,0,0,0,0,0,1,0,0,0,0,0,0,0,0,0,0,7.0,0,1,0,1,8.0,06037552200
552301,2022,2,7,4,0,32,57,38,0,0,0,0,0,0,0,0,0,0,0,0,0,0,0,0,0.0,0.0,0.0,0.0,0.0,0.0,0.0,0.0,0.0,0.0,0.0,0.0,0.0,0.0,0.0,0.0,0.0,0.0,0.0,0.0,0,0,0,0,0,0,0,0,0,0,0,0,0,0,0,0,0,0,0,0,0,0.0,0,0,0,0,0.0,06037552301
552302,2022,2,7,4,0,32,57,38,0,0,0,0,1,0,0,0,0,0,0,0,0,0,0,1,0.0,0.0,0.0,0.0,1.551,0.0,0.0,0.0,0.0,0.004,0.0,0.0,0.0,0.0,0.011,0.0,0.0,0.0,0.0,1.54,0,0,0,0,0,0,0,0,0,0,0,0,0,0,0,0,0,0,0,0,0,1.551,0,0,0,0,1.551,06037552302
552400,2022,2,7,4,0,32,57,38,0,0,0,0,1,6,0,0,0,0,0,0,0,0,0,1,0.0,0.0,0.0,0.0,1.551,0.0,0.0,0.0,0.0,0.004,0.0,0.0,0.0,0.0,0.011,0.0,0.0,0.0,0.0,1.54,0,0,0,0,0,0,0,0,0,0,0,0,0,0,0,0,0,0,0,0,0,7.551,0,0,0,0,7.551,06037552400
552601,2022,2,7,4,0,32,57,38,0,0,0,0,1,1,0,0,0,0,0,0,0,0,0,0,0.0,0.0,0.0,0.0,0.0,0.0,0.0,0.0,0.0,0.0,0.0,0.0,0.0,0.0,0.0,0.0,0.0,0.0,0.0,0.0,0,0,0,0,0,0,0,0,0,0,0,0,0,0,0,0,0,0,0,0,0,1.0,0,0,0,0,1.0,06037552601
552602,2022,2,7,4,0,32,57,38,0,0,0,0,0,0,0,0,0,0,0,0,0,0,0,0,0.0,0.0,0.0,0.0,0.0,0.0,0.0,0.0,0.0,0.0,0.0,0.0,0.0,0.0,0.0,0.0,0.0,0.0,0.0,0.0,0,0,0,0,0,0,0,0,0,0,0,0,0,0,0,0,0,0,0,0,0,0.0,0,0,0,0,0.0,06037552602
552700,2022,2,7,4,0,32,57,38,0,0,0,0,2,14,0,0,0,0,0,0,1,2,0,0,0.0,1.263,3.549,0.0,0.0,0.0,0.018,0.038,0.0,0.0,0.0,0.057,0.155,0.0,0.0,0.0,1.206,3.394,0.0,0.0,0,0,0,0,0,0,0,0,0,0,0,0,0,0,0,0,0,0,0,0,0,18.812,0,0,0,0,18.812,06037552700
552800,2022,2,7,4,0,32,58,38,0,0,0,0,1,8,0,0,0,0,0,0,0,0,0,0,0.0,0.0,0.0,0.0,0.0,0.0,0.0,0.0,0.0,0.0,0.0,0.0,0.0,0.0,0.0,0.0,0.0,0.0,0.0,0.0,0,0,0,0,0,0,0,0,0,0,0,0,0,0,0,0,0,0,0,0,0,8.0,0,0,0,0,8.0,06037552800
552900,2022,2,7,4,0,32,58,38,0,10,0,1,1,0,0,0,0,0,0,0,0,0,0,1,0.0,0.0,0.0,0.0,1.551,0.0,0.0,0.0,0.0,0.004,0.0,0.0,0.0,0.0,0.011,0.0,0.0,0.0,0.0,1.54,0,0,0,10,0,0,0,0,0,0,0,0,0,0,0,0,0,0,0,0,0,1.551,10,0,0,10,11.551,06037552900
553000,2022,2,7,4,0,32,58,38,0,0,0,1,1,0,0,0,0,0,0,0,0,0,0,4,0.0,0.0,0.0,0.0,6.205,0.0,0.0,0.0,0.0,0.015,0.0,0.0,0.0,0.0,0.045,0.0,0.0,0.0,0.0,6.16,49,0,0,0,0,0,0,0,0,0,0,0,0,0,0,0,0,0,0,0,0,6.205,49,0,0,49,55.205,06037553000
553100,2022,2,7,4,0,32,58,38,0,22,0,1,2,6,0,0,0,0,0,0,0,0,0,1,0.0,0.0,0.0,0.0,1.551,0.0,0.0,0.0,0.0,0.004,0.0,0.0,0.0,0.0,0.011,0.0,0.0,0.0,0.0,1.54,0,0,0,0,0,0,0,0,0,0,21,0,0,0,0,0,0,0,0,0,0,7.551,0,21,0,21,28.551000000000002,06037553100
553200,2022,2,7,4,0,32,58,40,0,0,0,0,1,5,0,0,0,0,0,0,0,0,0,0,0.0,0.0,0.0,0.0,0.0,0.0,0.0,0.0,0.0,0.0,0.0,0.0,0.0,0.0,0.0,0.0,0.0,0.0,0.0,0.0,0,0,0,0,0,0,0,0,0,0,0,0,0,0,0,0,0,0,0,0,0,5.0,0,0,0,0,5.0,06037553200
553300,2022,2,7,4,0,32,58,40,0,0,0,0,1,3,0,0,0,0,0,1,1,2,0,0,1.331,1.263,3.549,0.0,0.0,0.047,0.018,0.038,0.0,0.0,0.152,0.057,0.155,0.0,0.0,1.179,1.206,3.394,0.0,0.0,0,0,0,0,0,0,0,0,0,0,0,0,0,0,0,0,0,0,0,0,0,9.143,0,0,0,0,9.143,06037553300
553400,2022,2,7,4,0,32,58,40,0,0,0,0,0,0,0,0,0,0,0,0,0,0,0,0,0.0,0.0,0.0,0.0,0.0,0.0,0.0,0.0,0.0,0.0,0.0,0.0,0.0,0.0,0.0,0.0,0.0,0.0,0.0,0.0,0,0,0,0,0,0,0,0,0,0,0,0,0,0,0,0,0,0,0,0,0,0.0,0,0,0,0,0.0,06037553400
553502,2022,2,6,4,0,33,63,40,1,0,1,0,0,0,0,0,0,0,0,0,0,0,0,0,0.0,0.0,0.0,0.0,0.0,0.0,0.0,0.0,0.0,0.0,0.0,0.0,0.0,0.0,0.0,0.0,0.0,0.0,0.0,0.0,0,0,0,0,0,0,0,0,0,0,0,0,0,0,0,0,0,0,0,0,0,0.0,0,0,0,0,0.0,06037553502
553503,2022,2,6,4,0,33,63,40,0,0,0,0,1,6,0,0,0,0,0,3,2,2,0,0,3.985,2.403,3.205,0.0,0.0,0.14,0.037,0.038,0.0,0.0,0.456,0.114,0.155,0.0,0.0,3.529,2.289,3.05,0.0,0.0,0,0,0,0,0,0,0,0,0,0,0,0,0,0,0,0,0,0,0,0,0,15.592,0,0,0,0,15.592,06037553503
553504,2022,2,6,4,0,33,63,40,0,0,0,0,1,0,0,0,0,0,0,5,3,0,0,0,6.641,3.604,0.0,0.0,0.0,0.234,0.055,0.0,0.0,0.0,0.759,0.171,0.0,0.0,0.0,5.882,3.433,0.0,0.0,0.0,0,0,0,0,0,0,0,0,0,0,0,0,0,0,0,0,0,0,0,0,0,10.245,0,0,0,0,10.245,06037553504
553601,2022,2,6,4,0,33,63,40,4,0,2,0,1,8,0,0,0,0,0,1,0,0,0,0,1.328,0.0,0.0,0.0,0.0,0.047,0.0,0.0,0.0,0.0,0.152,0.0,0.0,0.0,0.0,1.176,0.0,0.0,0.0,0.0,0,0,0,0,0,0,0,0,0,0,0,0,0,0,0,0,0,0,0,0,0,9.328,0,0,0,0,9.328,06037553601
553602,2022,2,6,4,0,33,63,40,0,0,0,0,0,0,0,0,0,0,0,0,0,0,0,0,0.0,0.0,0.0,0.0,0.0,0.0,0.0,0.0,0.0,0.0,0.0,0.0,0.0,0.0,0.0,0.0,0.0,0.0,0.0,0.0,0,0,0,0,0,0,0,0,0,0,0,0,0,0,0,0,0,0,0,0,0,0.0,0,0,0,0,0.0,06037553602
553701,2022,2,6,4,0,33,63,40,0,0,0,0,1,2,0,0,0,0,0,0,0,0,0,2,0.0,0.0,0.0,0.0,3.058,0.0,0.0,0.0,0.0,0.008,0.0,0.0,0.0,0.0,0.023,0.0,0.0,0.0,0.0,3.035,0,0,0,0,0,0,0,0,0,0,0,0,0,0,0,0,0,0,0,0,0,5.058,0,0,0,0,5.058,06037553701
553702,2022,2,6,4,0,33,63,40,0,0,0,0,1,51,0,0,0,0,0,0,0,0,1,15,0.0,0.0,0.0,1.177,22.932,0.0,0.0,0.0,0.002,0.057,0.0,0.0,0.0,0.007,0.17,0.0,0.0,0.0,1.17,22.762,0,0,0,0,0,0,0,0,0,0,0,0,0,0,0,0,0,0,0,0,0,75.109,0,0,0,0,75.109,06037553702
553801,2022,2,6,4,0,33,63,40,0,0,0,0,1,21,0,0,0,0,0,6,1,2,1,0,7.97,1.201,3.205,1.177,0.0,0.281,0.018,0.038,0.002,0.0,0.911,0.057,0.155,0.007,0.0,7.058,1.144,3.05,1.17,0.0,0,0,0,0,0,0,0,0,0,0,0,0,0,0,0,0,0,0,0,0,0,34.552,0,0,0,0,34.552,06037553801
553802,2022,2,6,4,0,33,63,40,0,0,0,0,2,10,0,0,0,0,0,4,2,4,0,0,5.314,2.403,6.409000000000001,0.0,0.0,0.188,0.037,0.076,0.0,0.0,0.608,0.114,0.309,0.0,0.0,4.706,2.289,6.099,0.0,0.0,0,0,0,0,0,0,0,0,0,0,0,0,0,0,0,0,0,0,0,0,0,24.125,0,0,0,0,24.125,06037553802
553901,2022,2,6,4,0,33,63,40,0,0,0,0,2,3,0,0,0,0,0,0,0,0,0,0,0.0,0.0,0.0,0.0,0.0,0.0,0.0,0.0,0.0,0.0,0.0,0.0,0.0,0.0,0.0,0.0,0.0,0.0,0.0,0.0,0,0,0,0,0,0,0,0,0,0,0,0,0,0,0,0,0,0,0,0,0,3.0,0,0,0,0,3.0,06037553901
553902,2022,2,6,4,0,33,63,40,0,0,0,0,1,2,0,0,0,0,0,0,1,0,0,0,0.0,1.201,0.0,0.0,0.0,0.0,0.018,0.0,0.0,0.0,0.0,0.057,0.0,0.0,0.0,0.0,1.144,0.0,0.0,0.0,0,0,0,0,0,0,0,0,0,0,0,0,0,0,0,0,0,0,0,0,0,3.201,0,0,0,0,3.201,06037553902
554001,2022,2,7,4,0,32,58,40,0,0,0,0,1,1,0,0,0,0,0,0,0,0,0,0,0.0,0.0,0.0,0.0,0.0,0.0,0.0,0.0,0.0,0.0,0.0,0.0,0.0,0.0,0.0,0.0,0.0,0.0,0.0,0.0,0,0,0,0,0,0,0,0,0,0,0,0,0,0,0,0,0,0,0,0,0,1.0,0,0,0,0,1.0,06037554001
554002,2022,2,7,4,0,32,58,40,0,0,0,0,2,3,0,0,0,0,0,1,0,0,0,0,1.331,0.0,0.0,0.0,0.0,0.047,0.0,0.0,0.0,0.0,0.152,0.0,0.0,0.0,0.0,1.179,0.0,0.0,0.0,0.0,0,0,0,0,0,0,0,0,0,0,0,0,0,0,0,0,0,0,0,0,0,4.3309999999999995,0,0,0,0,4.3309999999999995,06037554002
554101,2022,2,7,4,0,32,58,40,0,0,0,0,1,4,0,0,0,0,0,0,0,0,0,1,0.0,0.0,0.0,0.0,1.551,0.0,0.0,0.0,0.0,0.004,0.0,0.0,0.0,0.0,0.011,0.0,0.0,0.0,0.0,1.54,0,0,0,0,0,0,0,0,0,0,0,0,0,0,0,0,0,0,0,0,0,5.551,0,0,0,0,5.551,06037554101
554103,2022,2,7,4,0,32,58,40,0,0,0,0,1,1,0,0,0,0,0,0,0,0,0,0,0.0,0.0,0.0,0.0,0.0,0.0,0.0,0.0,0.0,0.0,0.0,0.0,0.0,0.0,0.0,0.0,0.0,0.0,0.0,0.0,0,0,0,0,0,0,0,0,0,0,0,0,0,0,0,0,0,0,0,0,0,1.0,0,0,0,0,1.0,06037554103
554104,2022,2,7,4,0,32,58,40,0,0,0,0,2,1,0,0,0,0,0,1,0,1,0,0,1.331,0.0,1.775,0.0,0.0,0.047,0.0,0.019,0.0,0.0,0.152,0.0,0.077,0.0,0.0,1.179,0.0,1.697,0.0,0.0,0,0,0,0,0,0,0,0,0,0,0,0,0,0,0,0,0,0,0,0,0,4.106,0,0,0,0,4.106,06037554104
554105,2022,2,7,4,0,32,58,38,0,20,0,0,1,2,0,0,0,0,0,0,0,0,0,0,0.0,0.0,0.0,0.0,0.0,0.0,0.0,0.0,0.0,0.0,0.0,0.0,0.0,0.0,0.0,0.0,0.0,0.0,0.0,0.0,0,0,0,0,0,0,0,0,0,0,0,0,0,0,0,0,0,0,0,0,0,2.0,0,0,0,0,2.0,06037554105
554201,2022,2,7,4,0,32,58,38,0,0,0,0,1,2,0,0,0,0,0,1,0,1,0,0,1.331,0.0,1.775,0.0,0.0,0.047,0.0,0.019,0.0,0.0,0.152,0.0,0.077,0.0,0.0,1.179,0.0,1.697,0.0,0.0,0,0,0,0,0,0,0,0,0,0,0,0,0,0,0,0,0,0,0,0,0,5.105,0,0,0,0,5.105,06037554201
554203,2022,2,7,4,0,32,58,38,0,0,0,0,1,3,0,0,0,0,0,0,0,0,0,0,0.0,0.0,0.0,0.0,0.0,0.0,0.0,0.0,0.0,0.0,0.0,0.0,0.0,0.0,0.0,0.0,0.0,0.0,0.0,0.0,0,0,0,0,0,0,0,0,0,0,0,0,0,0,0,0,0,0,0,0,0,3.0,0,0,0,0,3.0,06037554203
554204,2022,2,7,4,0,32,58,38,0,0,0,0,2,5,0,0,0,0,0,1,0,0,0,0,1.331,0.0,0.0,0.0,0.0,0.047,0.0,0.0,0.0,0.0,0.152,0.0,0.0,0.0,0.0,1.179,0.0,0.0,0.0,0.0,0,0,0,0,0,0,0,0,0,0,0,0,0,0,0,0,0,0,0,0,0,6.3309999999999995,0,0,0,0,6.3309999999999995,06037554204
554301,2022,2,7,4,0,32,58,38,0,0,0,0,1,6,0,0,0,0,0,0,0,0,0,0,0.0,0.0,0.0,0.0,0.0,0.0,0.0,0.0,0.0,0.0,0.0,0.0,0.0,0.0,0.0,0.0,0.0,0.0,0.0,0.0,0,0,0,0,0,0,0,0,0,0,0,0,0,0,0,0,0,0,0,0,0,6.0,0,0,0,0,6.0,06037554301
554302,2022,2,7,4,0,32,58,38,0,33,0,1,1,10,0,0,0,0,0,1,0,0,0,0,1.331,0.0,0.0,0.0,0.0,0.047,0.0,0.0,0.0,0.0,0.152,0.0,0.0,0.0,0.0,1.179,0.0,0.0,0.0,0.0,45,0,0,0,0,0,0,0,0,0,0,0,0,0,0,0,0,0,0,0,0,11.331,45,0,0,45,56.331,06037554302
554403,2022,2,7,4,0,32,58,38,0,0,0,0,1,9,0,0,0,0,0,0,1,2,0,0,0.0,1.263,3.549,0.0,0.0,0.0,0.018,0.038,0.0,0.0,0.0,0.057,0.155,0.0,0.0,0.0,1.206,3.394,0.0,0.0,0,0,0,0,0,0,0,0,0,0,0,0,0,0,0,0,0,0,0,0,0,13.812,0,0,0,0,13.812,06037554403
554404,2022,2,7,4,0,32,58,38,0,0,0,0,0,0,0,0,0,0,0,0,0,0,0,0,0.0,0.0,0.0,0.0,0.0,0.0,0.0,0.0,0.0,0.0,0.0,0.0,0.0,0.0,0.0,0.0,0.0,0.0,0.0,0.0,0,0,0,0,0,0,0,0,0,0,0,0,0,0,0,0,0,0,0,0,0,0.0,0,0,0,0,0.0,06037554404
554405,2022,2,7,4,0,32,58,38,0,0,0,0,1,19,0,0,0,0,0,0,0,0,0,2,0.0,0.0,0.0,0.0,3.103,0.0,0.0,0.0,0.0,0.008,0.0,0.0,0.0,0.0,0.023,0.0,0.0,0.0,0.0,3.08,0,0,0,0,0,0,0,0,0,0,0,0,0,0,0,0,0,0,0,0,0,22.103,0,0,0,0,22.103,06037554405
554406,2022,2,7,4,0,32,58,38,0,0,0,0,1,2,0,0,0,0,0,0,0,0,0,0,0.0,0.0,0.0,0.0,0.0,0.0,0.0,0.0,0.0,0.0,0.0,0.0,0.0,0.0,0.0,0.0,0.0,0.0,0.0,0.0,0,0,0,0,0,0,0,0,0,0,0,0,0,0,0,0,0,0,0,0,0,2.0,0,0,0,0,2.0,06037554406
554511,2022,2,7,4,0,32,58,38,0,0,0,0,1,12,0,0,0,0,0,0,0,0,0,0,0.0,0.0,0.0,0.0,0.0,0.0,0.0,0.0,0.0,0.0,0.0,0.0,0.0,0.0,0.0,0.0,0.0,0.0,0.0,0.0,0,0,0,0,0,0,0,0,0,0,0,0,0,0,0,0,0,0,0,0,0,12.0,0,0,0,0,12.0,06037554511
554512,2022,2,7,4,0,32,58,38,0,0,0,0,2,1,0,0,0,0,0,4,4,6,0,1,5.323,5.052,10.647,0.0,1.551,0.187,0.073,0.11399999999999999,0.0,0.004,0.608,0.228,0.46499999999999997,0.0,0.011,4.715,4.824,10.182,0.0,1.54,0,0,0,0,0,0,0,0,0,0,0,0,0,0,0,0,0,0,0,0,0,23.573,0,0,0,0,23.573,06037554512
554513,2022,2,7,4,0,32,58,38,0,0,0,0,0,0,0,0,0,0,0,0,0,0,0,0,0.0,0.0,0.0,0.0,0.0,0.0,0.0,0.0,0.0,0.0,0.0,0.0,0.0,0.0,0.0,0.0,0.0,0.0,0.0,0.0,0,0,0,0,0,0,0,0,0,0,0,0,0,0,0,0,0,0,0,0,0,0.0,0,0,0,0,0.0,06037554513
554514,2022,2,7,4,0,32,58,38,0,0,0,0,1,2,0,0,0,0,0,0,1,0,1,0,0.0,1.263,0.0,1.303,0.0,0.0,0.018,0.0,0.002,0.0,0.0,0.057,0.0,0.007,0.0,0.0,1.206,0.0,1.296,0.0,0,0,0,0,0,0,0,0,0,0,0,0,0,0,0,0,0,0,0,0,0,4.566,0,0,0,0,4.566,06037554514
554515,2022,2,7,4,0,32,58,38,0,0,0,0,1,2,0,0,0,0,0,0,0,0,0,0,0.0,0.0,0.0,0.0,0.0,0.0,0.0,0.0,0.0,0.0,0.0,0.0,0.0,0.0,0.0,0.0,0.0,0.0,0.0,0.0,0,0,0,0,0,0,0,0,0,0,0,0,0,0,0,0,0,0,0,0,0,2.0,0,0,0,0,2.0,06037554515
554516,2022,2,7,4,0,32,58,38,0,0,0,0,0,0,0,0,0,0,0,0,0,0,0,0,0.0,0.0,0.0,0.0,0.0,0.0,0.0,0.0,0.0,0.0,0.0,0.0,0.0,0.0,0.0,0.0,0.0,0.0,0.0,0.0,0,0,0,0,0,0,0,0,0,0,0,0,0,0,0,0,0,0,0,0,0,0.0,0,0,0,0,0.0,06037554516
554517,2022,2,7,4,0,32,58,38,0,0,0,0,1,0,0,0,0,0,0,0,0,0,0,1,0.0,0.0,0.0,0.0,1.551,0.0,0.0,0.0,0.0,0.004,0.0,0.0,0.0,0.0,0.011,0.0,0.0,0.0,0.0,1.54,0,0,0,0,0,0,0,0,0,0,0,0,0,0,0,0,0,0,0,0,0,1.551,0,0,0,0,1.551,06037554517
554518,2022,2,7,4,0,32,58,38,0,0,0,0,1,4,0,0,0,0,0,0,0,0,0,12,0.0,0.0,0.0,0.0,18.615,0.0,0.0,0.0,0.0,0.045,0.0,0.0,0.0,0.0,0.136,0.0,0.0,0.0,0.0,18.479,0,0,0,0,0,0,0,0,0,0,0,0,0,0,0,0,0,0,0,0,0,22.615,0,0,0,0,22.615,06037554518
554519,2022,2,7,4,0,32,58,38,0,0,0,0,1,8,0,0,0,0,0,3,0,1,0,0,3.992,0.0,1.775,0.0,0.0,0.14,0.0,0.019,0.0,0.0,0.456,0.0,0.077,0.0,0.0,3.536,0.0,1.697,0.0,0.0,0,0,0,0,0,0,0,0,0,0,0,0,0,0,0,0,0,0,0,0,0,13.766,0,0,0,0,13.766,06037554519
554521,2022,2,7,4,0,32,58,38,0,0,0,0,3,7,0,0,0,0,0,0,2,0,0,2,0.0,2.526,0.0,0.0,3.103,0.0,0.037,0.0,0.0,0.008,0.0,0.114,0.0,0.0,0.023,0.0,2.412,0.0,0.0,3.08,0,0,0,0,0,0,0,0,0,0,0,0,0,0,0,0,0,0,0,0,0,12.629,0,0,0,0,12.629,06037554521
554522,2022,2,7,4,0,32,58,38,0,0,0,0,2,3,0,0,0,0,0,1,1,0,0,2,1.331,1.263,0.0,0.0,3.103,0.047,0.018,0.0,0.0,0.008,0.152,0.057,0.0,0.0,0.023,1.179,1.206,0.0,0.0,3.08,0,0,0,0,0,0,0,0,0,0,0,0,0,0,0,0,0,0,0,0,0,8.696,0,0,0,0,8.696,06037554522
554600,2022,2,7,4,0,32,58,38,0,0,0,0,0,0,0,0,0,0,0,0,0,0,0,0,0.0,0.0,0.0,0.0,0.0,0.0,0.0,0.0,0.0,0.0,0.0,0.0,0.0,0.0,0.0,0.0,0.0,0.0,0.0,0.0,0,0,0,0,0,0,0,0,0,0,0,0,0,0,0,0,0,0,0,0,0,0.0,0,0,0,0,0.0,06037554600
554700,2022,2,7,4,0,32,58,38,0,0,0,0,0,0,0,0,0,0,0,0,0,0,0,0,0.0,0.0,0.0,0.0,0.0,0.0,0.0,0.0,0.0,0.0,0.0,0.0,0.0,0.0,0.0,0.0,0.0,0.0,0.0,0.0,0,0,0,0,0,0,0,0,0,0,0,0,0,0,0,0,0,0,0,0,0,0.0,0,0,0,0,0.0,06037554700
554801,2022,2,7,4,0,32,58,38,0,0,0,0,0,0,0,0,0,0,0,0,0,0,0,0,0.0,0.0,0.0,0.0,0.0,0.0,0.0,0.0,0.0,0.0,0.0,0.0,0.0,0.0,0.0,0.0,0.0,0.0,0.0,0.0,0,0,0,0,0,0,0,0,0,0,0,0,0,0,0,0,0,0,0,0,0,0.0,0,0,0,0,0.0,06037554801
554802,2022,2,7,4,0,32,58,38,0,0,0,0,0,0,0,0,0,0,0,0,0,0,0,0,0.0,0.0,0.0,0.0,0.0,0.0,0.0,0.0,0.0,0.0,0.0,0.0,0.0,0.0,0.0,0.0,0.0,0.0,0.0,0.0,0,0,0,0,0,0,0,0,0,0,0,0,0,0,0,0,0,0,0,0,0,0.0,0,0,0,0,0.0,06037554802
554900,2022,2,7,4,0,32,58,38,0,0,0,0,0,0,0,0,0,0,0,0,0,0,0,0,0.0,0.0,0.0,0.0,0.0,0.0,0.0,0.0,0.0,0.0,0.0,0.0,0.0,0.0,0.0,0.0,0.0,0.0,0.0,0.0,0,0,0,0,0,0,0,0,0,0,0,0,0,0,0,0,0,0,0,0,0,0.0,0,0,0,0,0.0,06037554900
555001,2022,2,7,4,0,32,63,38,0,0,0,0,2,5,0,0,0,0,0,0,0,1,0,3,0.0,0.0,1.775,0.0,4.654,0.0,0.0,0.019,0.0,0.012,0.0,0.0,0.077,0.0,0.034,0.0,0.0,1.697,0.0,4.62,0,0,0,0,0,0,0,0,0,0,0,0,0,0,0,0,0,0,0,0,0,11.428,0,0,0,0,11.428,06037555001
555002,2022,2,7,4,0,32,63,38,2,0,2,0,2,16,0,0,0,0,0,0,0,0,2,3,0.0,0.0,0.0,2.606,4.654,0.0,0.0,0.0,0.004,0.011,0.0,0.0,0.0,0.014,0.034,0.0,0.0,0.0,2.592,4.62,0,0,0,0,0,0,0,0,0,0,0,0,0,0,0,0,0,0,0,0,0,23.259,0,0,0,0,23.259,06037555002
555102,2022,2,7,4,0,32,63,38,0,0,0,0,1,1,0,0,0,0,0,0,0,1,0,0,0.0,0.0,1.775,0.0,0.0,0.0,0.0,0.019,0.0,0.0,0.0,0.0,0.077,0.0,0.0,0.0,0.0,1.697,0.0,0.0,0,0,0,0,0,0,0,0,0,0,0,0,0,0,0,0,0,0,0,0,0,2.775,0,0,0,0,2.775,06037555102
555103,2022,2,7,4,0,32,63,38,0,0,0,0,1,2,0,0,0,0,0,2,1,0,0,0,2.661,1.263,0.0,0.0,0.0,0.094,0.018,0.0,0.0,0.0,0.304,0.057,0.0,0.0,0.0,2.357,1.206,0.0,0.0,0.0,0,0,0,0,0,0,0,0,0,0,0,0,0,0,0,0,0,0,0,0,0,5.924,0,0,0,0,5.924,06037555103
555104,2022,2,7,4,0,32,63,38,0,0,0,0,2,0,0,0,0,0,0,2,1,1,0,0,2.661,1.263,1.775,0.0,0.0,0.094,0.018,0.019,0.0,0.0,0.304,0.057,0.077,0.0,0.0,2.357,1.206,1.697,0.0,0.0,0,0,0,0,0,0,0,0,0,0,0,0,0,0,0,0,0,0,0,0,0,5.698,0,0,0,0,5.698,06037555104
555211,2022,2,7,4,0,32,63,38,0,0,0,0,1,1,0,0,0,0,0,3,1,1,0,1,3.992,1.263,1.775,0.0,1.551,0.14,0.018,0.019,0.0,0.004,0.456,0.057,0.077,0.0,0.011,3.536,1.206,1.697,0.0,1.54,0,0,0,0,0,0,0,0,0,0,0,0,0,0,0,0,0,0,0,0,0,9.581,0,0,0,0,9.581,06037555211
555212,2022,2,7,4,0,32,63,38,0,0,0,0,1,1,0,0,0,0,0,2,2,2,3,0,2.661,2.526,3.549,3.908,0.0,0.094,0.037,0.038,0.006,0.0,0.304,0.114,0.155,0.02,0.0,2.357,2.412,3.394,3.888,0.0,0,0,0,0,0,0,0,0,0,0,0,0,0,0,0,0,0,0,0,0,0,13.644,0,0,0,0,13.644,06037555212
570001,2022,2,7,4,0,32,63,38,0,0,0,0,1,2,0,0,0,0,0,0,0,0,0,0,0.0,0.0,0.0,0.0,0.0,0.0,0.0,0.0,0.0,0.0,0.0,0.0,0.0,0.0,0.0,0.0,0.0,0.0,0.0,0.0,0,0,0,0,0,0,0,0,0,0,0,0,0,0,0,0,0,0,0,0,0,2.0,0,0,0,0,2.0,06037570001
570002,2022,2,7,4,0,32,63,38,0,0,0,0,0,0,0,0,0,0,0,0,0,0,0,0,0.0,0.0,0.0,0.0,0.0,0.0,0.0,0.0,0.0,0.0,0.0,0.0,0.0,0.0,0.0,0.0,0.0,0.0,0.0,0.0,0,0,0,0,0,0,0,0,0,0,0,0,0,0,0,0,0,0,0,0,0,0.0,0,0,0,0,0.0,06037570002
570003,2022,2,7,4,0,33,63,38,0,0,0,0,1,1,0,0,0,0,0,1,1,1,0,0,1.331,1.263,1.775,0.0,0.0,0.047,0.018,0.019,0.0,0.0,0.152,0.057,0.077,0.0,0.0,1.179,1.206,1.697,0.0,0.0,0,0,0,0,0,0,0,0,0,0,0,0,0,0,0,0,0,0,0,0,0,5.368,0,0,0,0,5.368,06037570003
570701,2022,2,7,4,0,33,63,38,0,0,0,0,2,3,0,0,0,0,0,1,2,0,0,0,1.331,2.526,0.0,0.0,0.0,0.047,0.036,0.0,0.0,0.0,0.152,0.114,0.0,0.0,0.0,1.179,2.412,0.0,0.0,0.0,0,0,0,0,0,0,0,0,0,0,0,0,0,0,0,0,0,0,0,0,0,6.857,0,0,0,0,6.857,06037570701
570702,2022,2,7,4,0,33,63,38,0,0,0,0,1,3,0,0,0,0,0,0,1,0,0,0,0.0,1.263,0.0,0.0,0.0,0.0,0.018,0.0,0.0,0.0,0.0,0.057,0.0,0.0,0.0,0.0,1.206,0.0,0.0,0.0,0,0,0,0,0,0,0,0,0,0,0,0,0,0,0,0,0,0,0,0,0,4.263,0,0,0,0,4.263,06037570702
570800,2022,2,7,4,0,33,63,38,0,0,0,0,2,2,0,0,0,0,0,0,0,0,1,1,0.0,0.0,0.0,1.303,1.551,0.0,0.0,0.0,0.002,0.004,0.0,0.0,0.0,0.007,0.011,0.0,0.0,0.0,1.296,1.54,0,0,0,0,0,0,0,0,0,0,0,0,0,0,0,0,0,0,0,0,0,4.854,0,0,0,0,4.854,06037570800
570901,2022,2,7,4,0,32,63,38,0,0,0,0,2,4,0,0,0,0,0,0,0,0,0,0,0.0,0.0,0.0,0.0,0.0,0.0,0.0,0.0,0.0,0.0,0.0,0.0,0.0,0.0,0.0,0.0,0.0,0.0,0.0,0.0,0,0,0,0,0,0,0,0,0,0,0,0,0,0,0,0,0,0,0,0,0,4.0,0,0,0,0,4.0,06037570901
570902,2022,2,7,4,0,32,63,38,0,0,0,0,1,2,0,0,0,0,0,1,3,1,0,0,1.331,3.789,1.775,0.0,0.0,0.047,0.055,0.019,0.0,0.0,0.152,0.171,0.077,0.0,0.0,1.179,3.618,1.697,0.0,0.0,0,0,0,0,0,0,0,0,0,0,0,0,0,0,0,0,0,0,0,0,0,8.894,0,0,0,0,8.894,06037570902
571000,2022,2,7,4,0,32,63,38,0,0,0,0,0,0,0,0,0,0,0,0,0,0,0,0,0.0,0.0,0.0,0.0,0.0,0.0,0.0,0.0,0.0,0.0,0.0,0.0,0.0,0.0,0.0,0.0,0.0,0.0,0.0,0.0,0,0,0,0,0,0,0,0,0,0,0,0,0,0,0,0,0,0,0,0,0,0.0,0,0,0,0,0.0,06037571000
571101,2022,2,7,4,0,32,63,47,0,0,0,0,1,1,0,0,0,0,0,0,0,0,0,0,0.0,0.0,0.0,0.0,0.0,0.0,0.0,0.0,0.0,0.0,0.0,0.0,0.0,0.0,0.0,0.0,0.0,0.0,0.0,0.0,0,0,0,0,0,0,0,0,0,0,0,0,0,0,0,0,0,0,0,0,0,1.0,0,0,0,0,1.0,06037571101
571102,2022,2,7,4,0,32,63,47,0,0,0,0,0,0,0,0,0,0,0,0,0,0,0,0,0.0,0.0,0.0,0.0,0.0,0.0,0.0,0.0,0.0,0.0,0.0,0.0,0.0,0.0,0.0,0.0,0.0,0.0,0.0,0.0,0,0,0,0,0,0,0,0,0,0,0,0,0,0,0,0,0,0,0,0,0,0.0,0,0,0,0,0.0,06037571102
571300,2022,2,7,4,0,33,63,47,0,0,0,0,0,0,0,0,0,0,0,0,0,0,0,0,0.0,0.0,0.0,0.0,0.0,0.0,0.0,0.0,0.0,0.0,0.0,0.0,0.0,0.0,0.0,0.0,0.0,0.0,0.0,0.0,0,0,0,0,0,0,0,0,0,0,0,0,0,0,0,0,0,0,0,0,0,0.0,0,0,0,0,0.0,06037571300
571400,2022,2,7,4,0,33,63,47,0,0,0,0,0,0,0,0,0,0,0,0,0,0,0,0,0.0,0.0,0.0,0.0,0.0,0.0,0.0,0.0,0.0,0.0,0.0,0.0,0.0,0.0,0.0,0.0,0.0,0.0,0.0,0.0,0,0,0,0,0,0,0,0,0,0,0,0,0,0,0,0,0,0,0,0,0,0.0,0,0,0,0,0.0,06037571400
571503,2022,2,7,4,0,33,63,38,0,0,0,0,1,2,0,0,0,0,0,0,0,0,0,2,0.0,0.0,0.0,0.0,3.103,0.0,0.0,0.0,0.0,0.008,0.0,0.0,0.0,0.0,0.023,0.0,0.0,0.0,0.0,3.08,0,0,0,0,0,0,0,0,0,0,0,0,0,0,0,0,0,0,0,0,0,5.103,0,0,0,0,5.103,06037571503
573401,2022,2,7,4,0,33,70,47,0,0,0,0,1,1,0,0,0,0,0,1,1,1,2,1,1.331,1.263,1.775,2.605,1.551,0.047,0.018,0.019,0.004,0.004,0.152,0.057,0.077,0.013,0.011,1.179,1.206,1.697,2.592,1.54,0,0,0,0,0,0,0,0,0,0,0,0,0,0,0,0,0,0,0,0,0,9.525,0,0,0,0,9.525,06037573401
573402,2022,2,7,4,0,33,70,47,0,0,0,0,0,0,0,0,0,0,0,0,0,0,0,0,0.0,0.0,0.0,0.0,0.0,0.0,0.0,0.0,0.0,0.0,0.0,0.0,0.0,0.0,0.0,0.0,0.0,0.0,0.0,0.0,0,0,0,0,0,0,0,0,0,0,0,0,0,0,0,0,0,0,0,0,0,0.0,0,0,0,0,0.0,06037573402
573403,2022,2,7,4,0,33,70,47,0,0,0,0,1,4,0,0,0,0,0,1,0,0,9,0,1.331,0.0,0.0,11.723,0.0,0.047,0.0,0.0,0.017,0.0,0.152,0.0,0.0,0.059,0.0,1.179,0.0,0.0,11.664,0.0,0,0,0,0,0,0,0,0,0,0,0,0,0,0,0,0,0,0,0,0,0,17.054,0,0,0,0,17.054,06037573403
573700,2022,2,8,4,0,32,63,47,0,0,0,0,0,0,0,0,0,0,0,0,0,0,0,0,0.0,0.0,0.0,0.0,0.0,0.0,0.0,0.0,0.0,0.0,0.0,0.0,0.0,0.0,0.0,0.0,0.0,0.0,0.0,0.0,0,0,0,0,0,0,0,0,0,0,0,0,0,0,0,0,0,0,0,0,0,0.0,0,0,0,0,0.0,06037573700
599000,2022,2,8,4,0,26,47,47,0,0,0,0,1,16,0,0,0,0,0,0,2,6,0,3,0.0,3.372,10.423,0.0,3.826,0.0,0.037,0.114,0.0,0.011,0.0,0.114,0.465,0.0,0.034,0.0,3.258,9.958,0.0,3.792,0,0,0,0,0,0,0,0,0,0,0,0,0,0,0,0,0,0,0,0,0,33.621,0,0,0,0,33.621,06037599000
599100,2022,2,8,4,0,26,47,47,0,0,0,0,0,0,0,0,0,0,0,0,0,0,0,0,0.0,0.0,0.0,0.0,0.0,0.0,0.0,0.0,0.0,0.0,0.0,0.0,0.0,0.0,0.0,0.0,0.0,0.0,0.0,0.0,0,0,0,0,0,0,0,0,0,0,0,0,0,0,0,0,0,0,0,0,0,0.0,0,0,0,0,0.0,06037599100
600100,2022,2,8,2,0,30,59,43,0,0,0,0,1,5,0,0,0,0,0,5,3,18,0,2,5.949,5.058,31.269,0.0,2.551,0.234,0.055,0.341,0.0,0.008,0.759,0.171,1.394,0.0,0.023,5.189,4.887,29.874,0.0,2.528,0,0,0,0,0,0,0,0,0,0,0,0,0,0,0,0,0,0,0,0,0,49.826,0,0,0,0,49.826,06037600100
600201,2022,2,8,2,0,30,62,43,0,0,0,0,1,4,0,0,0,0,0,8,2,9,2,0,9.518,3.372,15.634,2.83,0.0,0.374,0.037,0.171,0.004,0.0,1.215,0.114,0.697,0.013,0.0,8.303,3.258,14.937,2.817,0.0,0,0,0,0,0,0,0,0,0,0,0,0,0,0,0,0,0,0,0,0,0,35.354,0,0,0,0,35.354,06037600201
600202,2022,2,8,2,0,30,62,43,0,0,0,0,1,3,0,0,0,0,0,2,0,19,2,5,2.379,0.0,33.006,2.83,6.377,0.094,0.0,0.36,0.004,0.019,0.304,0.0,1.472,0.013,0.057,2.076,0.0,31.534,2.817,6.321,0,0,0,0,0,0,0,0,0,0,0,0,0,0,0,0,0,0,0,0,0,47.593,0,0,0,0,47.593,06037600202
600302,2022,2,8,2,0,30,62,43,0,0,0,0,1,6,0,0,0,0,0,1,0,5,1,0,1.19,0.0,8.686,1.415,0.0,0.047,0.0,0.095,0.002,0.0,0.152,0.0,0.387,0.007,0.0,1.038,0.0,8.298,1.409,0.0,0,0,0,0,0,0,0,0,0,0,0,0,0,0,0,0,0,0,0,0,0,17.291,0,0,0,0,17.291,06037600302
600303,2022,2,8,2,0,30,62,43,0,0,0,0,1,0,0,0,0,0,0,0,0,5,0,0,0.0,0.0,8.686,0.0,0.0,0.0,0.0,0.095,0.0,0.0,0.0,0.0,0.387,0.0,0.0,0.0,0.0,8.298,0.0,0.0,0,0,0,0,0,0,0,0,0,0,0,0,0,0,0,0,0,0,0,0,0,8.686,0,0,0,0,8.686,06037600303
600304,2022,2,8,2,0,30,62,43,3,0,1,0,1,1,0,0,0,0,0,0,0,1,0,0,0.0,0.0,1.737,0.0,0.0,0.0,0.0,0.019,0.0,0.0,0.0,0.0,0.077,0.0,0.0,0.0,0.0,1.66,0.0,0.0,0,0,0,0,0,0,0,0,0,0,0,0,0,0,0,0,0,0,0,0,0,2.737,0,0,0,0,2.737,06037600304
600400,2022,2,8,2,0,30,62,43,0,0,0,0,1,2,0,0,0,0,0,4,2,1,0,1,4.759,3.372,1.737,0.0,1.275,0.187,0.037,0.019,0.0,0.004,0.608,0.114,0.077,0.0,0.011,4.151,3.258,1.66,0.0,1.264,0,0,0,0,0,0,0,0,0,0,0,0,0,0,0,0,0,0,0,0,0,13.143,0,0,0,0,13.143,06037600400
600501,2022,2,8,2,0,35,62,43,0,0,0,0,1,0,0,0,0,0,0,2,0,0,0,0,2.379,0.0,0.0,0.0,0.0,0.094,0.0,0.0,0.0,0.0,0.304,0.0,0.0,0.0,0.0,2.076,0.0,0.0,0.0,0.0,0,0,0,0,0,0,0,0,0,0,0,0,0,0,0,0,0,0,0,0,0,2.379,0,0,0,0,2.379,06037600501
600502,2022,2,8,2,0,35,62,43,0,0,0,1,0,0,0,0,0,0,0,0,0,0,0,0,0.0,0.0,0.0,0.0,0.0,0.0,0.0,0.0,0.0,0.0,0.0,0.0,0.0,0.0,0.0,0.0,0.0,0.0,0.0,0.0,6,0,0,0,0,0,0,0,0,0,0,0,0,0,0,0,0,0,0,0,0,0.0,6,0,0,6,6.0,06037600502
600601,2022,2,8,2,0,35,62,43,0,0,0,0,1,1,0,0,0,0,0,0,0,0,0,0,0.0,0.0,0.0,0.0,0.0,0.0,0.0,0.0,0.0,0.0,0.0,0.0,0.0,0.0,0.0,0.0,0.0,0.0,0.0,0.0,0,0,0,0,0,0,0,0,0,0,0,0,0,0,0,0,0,0,0,0,0,1.0,0,0,0,0,1.0,06037600601
600602,2022,2,8,2,0,35,62,43,0,0,0,0,1,1,0,0,0,0,0,0,0,0,0,0,0.0,0.0,0.0,0.0,0.0,0.0,0.0,0.0,0.0,0.0,0.0,0.0,0.0,0.0,0.0,0.0,0.0,0.0,0.0,0.0,0,0,0,0,0,0,0,0,0,0,0,0,0,0,0,0,0,0,0,0,0,1.0,0,0,0,0,1.0,06037600602
600702,2022,2,8,2,0,35,62,43,2,0,1,0,2,2,0,0,0,0,0,0,0,0,0,0,0.0,0.0,0.0,0.0,0.0,0.0,0.0,0.0,0.0,0.0,0.0,0.0,0.0,0.0,0.0,0.0,0.0,0.0,0.0,0.0,0,0,0,0,0,0,0,0,0,0,0,0,0,0,0,0,0,0,0,0,0,2.0,0,0,0,0,2.0,06037600702
600703,2022,2,8,2,0,35,62,43,0,0,0,0,0,0,0,0,0,0,0,0,0,0,0,0,0.0,0.0,0.0,0.0,0.0,0.0,0.0,0.0,0.0,0.0,0.0,0.0,0.0,0.0,0.0,0.0,0.0,0.0,0.0,0.0,0,0,0,0,0,0,0,0,0,0,0,0,0,0,0,0,0,0,0,0,0,0.0,0,0,0,0,0.0,06037600703
600704,2022,2,8,2,0,35,62,43,0,0,0,0,1,1,0,0,0,0,0,2,0,0,0,0,2.379,0.0,0.0,0.0,0.0,0.094,0.0,0.0,0.0,0.0,0.304,0.0,0.0,0.0,0.0,2.076,0.0,0.0,0.0,0.0,0,0,0,0,0,0,0,0,0,0,0,0,0,0,0,0,0,0,0,0,0,3.379,0,0,0,0,3.379,06037600704
600801,2022,2,8,2,0,35,62,43,0,0,0,1,0,0,0,0,0,0,0,0,0,0,0,0,0.0,0.0,0.0,0.0,0.0,0.0,0.0,0.0,0.0,0.0,0.0,0.0,0.0,0.0,0.0,0.0,0.0,0.0,0.0,0.0,6,0,0,0,0,0,0,0,0,0,0,0,0,0,0,0,0,0,0,0,0,0.0,6,0,0,6,6.0,06037600801
600802,2022,2,8,2,0,35,62,43,0,0,0,0,2,5,0,0,0,0,0,0,3,1,0,1,0.0,5.058,1.737,0.0,1.275,0.0,0.055,0.019,0.0,0.004,0.0,0.171,0.077,0.0,0.011,0.0,4.887,1.66,0.0,1.264,0,0,0,0,0,0,0,0,0,0,0,0,0,0,0,0,0,0,0,0,0,13.07,0,0,0,0,13.07,06037600802
600902,2022,2,8,2,0,35,62,43,0,0,0,0,1,1,0,0,0,0,0,2,0,1,0,0,2.379,0.0,1.737,0.0,0.0,0.094,0.0,0.019,0.0,0.0,0.304,0.0,0.077,0.0,0.0,2.076,0.0,1.66,0.0,0.0,0,0,0,0,0,0,0,0,0,0,0,0,0,0,0,0,0,0,0,0,0,5.117,0,0,0,0,5.117,06037600902
600911,2022,2,8,2,0,30,62,43,0,0,0,0,0,0,0,0,0,0,0,0,0,0,0,0,0.0,0.0,0.0,0.0,0.0,0.0,0.0,0.0,0.0,0.0,0.0,0.0,0.0,0.0,0.0,0.0,0.0,0.0,0.0,0.0,0,0,0,0,0,0,0,0,0,0,0,0,0,0,0,0,0,0,0,0,0,0.0,0,0,0,0,0.0,06037600911
600912,2022,2,8,2,0,30,62,43,5,0,1,0,1,16,0,0,0,0,0,4,0,1,0,0,4.759,0.0,1.737,0.0,0.0,0.187,0.0,0.019,0.0,0.0,0.608,0.0,0.077,0.0,0.0,4.151,0.0,1.66,0.0,0.0,0,0,0,0,0,0,0,0,0,0,0,0,0,0,0,0,0,0,0,0,0,22.496,0,0,0,0,22.496,06037600912
601001,2022,2,8,2,0,35,62,43,0,0,0,0,1,4,0,0,0,0,0,0,0,0,0,0,0.0,0.0,0.0,0.0,0.0,0.0,0.0,0.0,0.0,0.0,0.0,0.0,0.0,0.0,0.0,0.0,0.0,0.0,0.0,0.0,0,0,0,0,0,0,0,0,0,0,0,0,0,0,0,0,0,0,0,0,0,4.0,0,0,0,0,4.0,06037601001
601002,2022,2,8,2,0,35,62,43,6,0,1,0,1,11,0,0,0,0,0,3,1,1,0,1,3.569,1.686,1.737,0.0,1.275,0.14,0.018,0.019,0.0,0.004,0.456,0.057,0.077,0.0,0.011,3.114,1.629,1.66,0.0,1.264,0,0,0,0,0,0,0,0,0,0,0,0,0,0,0,0,0,0,0,0,0,19.268,0,0,0,0,19.268,06037601002
601100,2022,2,8,2,0,35,62,43,0,0,0,0,1,7,0,0,0,0,0,0,0,0,1,0,0.0,0.0,0.0,1.415,0.0,0.0,0.0,0.0,0.002,0.0,0.0,0.0,0.0,0.007,0.0,0.0,0.0,0.0,1.409,0.0,0,0,0,0,0,0,0,0,0,0,0,0,0,0,0,0,0,0,0,0,0,8.415,0,0,0,0,8.415,06037601100
601202,2022,2,8,2,0,35,62,43,0,0,0,0,1,2,0,0,0,0,0,0,0,0,0,0,0.0,0.0,0.0,0.0,0.0,0.0,0.0,0.0,0.0,0.0,0.0,0.0,0.0,0.0,0.0,0.0,0.0,0.0,0.0,0.0,0,0,0,0,0,0,0,0,0,0,0,0,0,0,0,0,0,0,0,0,0,2.0,0,0,0,0,2.0,06037601202
601211,2022,2,8,2,0,35,62,43,0,0,0,0,1,3,1,4,0,0,0,2,2,2,2,1,2.379,3.372,3.474,2.83,1.275,0.094,0.037,0.038,0.004,0.004,0.304,0.114,0.155,0.013,0.011,2.076,3.258,3.319,2.817,1.264,0,0,0,0,0,0,0,0,0,0,0,0,0,0,0,0,0,0,0,0,0,20.331,0,0,0,0,20.331,06037601211
601212,2022,2,8,2,0,35,62,43,0,0,0,0,1,8,0,0,0,0,0,1,0,0,0,0,1.19,0.0,0.0,0.0,0.0,0.047,0.0,0.0,0.0,0.0,0.152,0.0,0.0,0.0,0.0,1.038,0.0,0.0,0.0,0.0,0,0,0,0,0,0,0,0,0,0,0,0,0,0,0,0,0,0,0,0,0,9.19,0,0,0,0,9.19,06037601212
601301,2022,2,8,2,0,30,62,43,0,0,0,0,1,1,0,0,0,0,0,0,0,0,0,0,0.0,0.0,0.0,0.0,0.0,0.0,0.0,0.0,0.0,0.0,0.0,0.0,0.0,0.0,0.0,0.0,0.0,0.0,0.0,0.0,0,0,0,0,0,0,0,0,0,0,0,0,0,0,0,0,0,0,0,0,0,1.0,0,0,0,0,1.0,06037601301
601302,2022,2,8,2,0,35,62,43,0,7,0,0,1,21,0,0,0,0,0,0,0,1,0,13,0.0,0.0,1.737,0.0,16.581,0.0,0.0,0.019,0.0,0.049,0.0,0.0,0.077,0.0,0.147,0.0,0.0,1.66,0.0,16.434,0,0,0,0,0,0,0,0,0,0,0,0,0,0,0,0,0,0,0,0,0,39.318,0,0,0,0,39.318,06037601302
601303,2022,2,8,2,0,35,62,43,0,0,0,0,1,6,0,0,0,0,0,0,0,0,0,0,0.0,0.0,0.0,0.0,0.0,0.0,0.0,0.0,0.0,0.0,0.0,0.0,0.0,0.0,0.0,0.0,0.0,0.0,0.0,0.0,0,0,0,0,0,0,0,0,0,0,0,0,0,0,0,0,0,0,0,0,0,6.0,0,0,0,0,6.0,06037601303
601401,2022,2,8,2,0,35,62,43,0,115,0,1,2,8,0,0,0,0,0,0,0,0,1,1,0.0,0.0,0.0,1.415,1.275,0.0,0.0,0.0,0.002,0.004,0.0,0.0,0.0,0.007,0.011,0.0,0.0,0.0,1.409,1.264,15,0,0,0,0,0,0,153,0,0,2,0,0,0,49,0,0,0,0,0,0,10.691,15,155,49,219,229.69,06037601401
601402,2022,2,8,2,0,35,62,43,0,0,0,0,1,4,0,0,0,0,0,0,0,0,4,0,0.0,0.0,0.0,5.66,0.0,0.0,0.0,0.0,0.008,0.0,0.0,0.0,0.0,0.026,0.0,0.0,0.0,0.0,5.634,0.0,0,0,0,0,0,0,0,0,0,0,0,0,0,0,0,0,0,0,0,0,0,9.66,0,0,0,0,9.66,06037601402
601501,2022,2,8,2,0,35,62,43,0,0,0,0,2,81,1,2,0,0,0,23,4,55,58,18,27.364,6.744,95.543,82.074,22.958,1.076,0.073,1.042,0.111,0.068,3.493,0.228,4.260000000000001,0.381,0.204,23.87,6.516,91.283,81.693,22.754,0,0,0,0,0,0,0,0,0,0,0,0,0,0,0,0,0,0,0,0,0,317.68399999999997,0,0,0,0,317.68399999999997,06037601501
601502,2022,2,8,2,0,35,62,43,0,0,0,0,1,0,0,0,0,0,0,1,0,0,0,0,1.19,0.0,0.0,0.0,0.0,0.047,0.0,0.0,0.0,0.0,0.152,0.0,0.0,0.0,0.0,1.038,0.0,0.0,0.0,0.0,0,0,0,0,0,0,0,0,0,0,0,0,0,0,0,0,0,0,0,0,0,1.19,0,0,0,0,1.19,06037601502
601600,2022,2,8,2,0,35,62,43,0,0,0,0,1,19,0,0,0,0,0,0,0,0,7,5,0.0,0.0,0.0,9.906,6.377,0.0,0.0,0.0,0.013,0.019,0.0,0.0,0.0,0.046,0.057,0.0,0.0,0.0,9.86,6.321,0,0,0,0,0,0,0,0,0,0,0,0,0,0,0,0,0,0,0,0,0,35.283,0,0,0,0,35.283,06037601600
601700,2022,2,8,2,0,35,62,43,0,0,0,0,1,3,0,0,0,0,0,1,0,0,0,1,1.19,0.0,0.0,0.0,1.275,0.047,0.0,0.0,0.0,0.004,0.152,0.0,0.0,0.0,0.011,1.038,0.0,0.0,0.0,1.264,0,0,0,0,0,0,0,0,0,0,0,0,0,0,0,0,0,0,0,0,0,5.465,0,0,0,0,5.465,06037601700
601801,2022,2,8,2,0,35,62,43,0,0,0,0,0,0,0,0,0,0,0,0,0,0,0,0,0.0,0.0,0.0,0.0,0.0,0.0,0.0,0.0,0.0,0.0,0.0,0.0,0.0,0.0,0.0,0.0,0.0,0.0,0.0,0.0,0,0,0,0,0,0,0,0,0,0,0,0,0,0,0,0,0,0,0,0,0,0.0,0,0,0,0,0.0,06037601801
601802,2022,2,8,2,0,35,62,43,4,0,2,0,1,8,0,0,0,0,0,1,0,2,1,1,1.19,0.0,3.474,1.415,1.275,0.047,0.0,0.038,0.002,0.004,0.152,0.0,0.155,0.007,0.011,1.038,0.0,3.319,1.409,1.264,0,0,0,0,0,0,0,0,0,0,0,0,0,0,0,0,0,0,0,0,0,15.355,0,0,0,0,15.355,06037601802
601900,2022,2,8,2,0,35,62,43,0,0,0,0,1,2,0,0,0,0,0,0,0,0,0,0,0.0,0.0,0.0,0.0,0.0,0.0,0.0,0.0,0.0,0.0,0.0,0.0,0.0,0.0,0.0,0.0,0.0,0.0,0.0,0.0,0,0,0,0,0,0,0,0,0,0,0,0,0,0,0,0,0,0,0,0,0,2.0,0,0,0,0,2.0,06037601900
602002,2022,2,8,2,0,35,62,43,0,0,0,0,2,35,0,0,0,0,0,1,0,0,24,0,1.19,0.0,0.0,33.962,0.0,0.047,0.0,0.0,0.046,0.0,0.152,0.0,0.0,0.158,0.0,1.038,0.0,0.0,33.804,0.0,0,0,0,0,0,0,0,0,0,0,0,0,0,0,0,0,0,0,0,0,0,70.152,0,0,0,0,70.152,06037602002
602003,2022,2,8,2,0,35,62,43,0,0,0,0,1,0,0,0,0,0,0,1,0,0,0,0,1.19,0.0,0.0,0.0,0.0,0.047,0.0,0.0,0.0,0.0,0.152,0.0,0.0,0.0,0.0,1.038,0.0,0.0,0.0,0.0,0,0,0,0,0,0,0,0,0,0,0,0,0,0,0,0,0,0,0,0,0,1.19,0,0,0,0,1.19,06037602003
602004,2022,2,8,2,0,35,62,43,0,0,0,0,1,0,0,0,0,0,0,0,0,0,1,4,0.0,0.0,0.0,1.415,5.102,0.0,0.0,0.0,0.002,0.015,0.0,0.0,0.0,0.007,0.045,0.0,0.0,0.0,1.409,5.057,0,0,0,0,0,0,0,0,0,0,0,0,0,0,0,0,0,0,0,0,0,6.517,0,0,0,0,6.517,06037602004
602103,2022,2,8,2,0,35,62,43,13,0,1,0,1,9,1,2,0,0,0,1,5,0,0,1,1.19,8.43,0.0,0.0,1.275,0.047,0.092,0.0,0.0,0.004,0.152,0.285,0.0,0.0,0.011,1.038,8.145,0.0,0.0,1.264,0,0,0,0,0,0,0,0,0,0,0,0,0,0,0,0,0,0,0,0,0,21.895,0,0,0,0,21.895,06037602103
602104,2022,2,8,2,0,35,62,43,0,0,0,0,1,1,0,0,0,0,0,1,0,0,0,0,1.19,0.0,0.0,0.0,0.0,0.047,0.0,0.0,0.0,0.0,0.152,0.0,0.0,0.0,0.0,1.038,0.0,0.0,0.0,0.0,0,0,0,0,0,0,0,0,0,0,0,0,0,0,0,0,0,0,0,0,0,2.19,0,0,0,0,2.19,06037602104
602105,2022,2,8,2,0,35,62,43,0,10,0,1,1,10,0,0,0,0,0,1,0,0,0,3,1.19,0.0,0.0,0.0,3.826,0.047,0.0,0.0,0.0,0.011,0.152,0.0,0.0,0.0,0.034,1.038,0.0,0.0,0.0,3.792,0,0,0,0,0,0,0,0,0,0,10,0,0,0,0,0,0,0,0,0,0,15.016,0,10,0,10,25.016,06037602105
602106,2022,2,8,2,0,35,62,43,0,0,0,0,0,0,0,0,0,0,0,0,0,0,0,0,0.0,0.0,0.0,0.0,0.0,0.0,0.0,0.0,0.0,0.0,0.0,0.0,0.0,0.0,0.0,0.0,0.0,0.0,0.0,0.0,0,0,0,0,0,0,0,0,0,0,0,0,0,0,0,0,0,0,0,0,0,0.0,0,0,0,0,0.0,06037602106
602200,2022,2,8,2,0,35,62,43,0,0,0,0,1,1,0,0,0,0,0,0,0,0,0,1,0.0,0.0,0.0,0.0,1.275,0.0,0.0,0.0,0.0,0.004,0.0,0.0,0.0,0.0,0.011,0.0,0.0,0.0,0.0,1.264,0,0,0,0,0,0,0,0,0,0,0,0,0,0,0,0,0,0,0,0,0,2.275,0,0,0,0,2.275,06037602200
602301,2022,2,8,2,0,35,62,43,3,0,2,0,0,0,0,0,0,0,0,0,0,0,0,0,0.0,0.0,0.0,0.0,0.0,0.0,0.0,0.0,0.0,0.0,0.0,0.0,0.0,0.0,0.0,0.0,0.0,0.0,0.0,0.0,0,0,0,0,0,0,0,0,0,0,0,0,0,0,0,0,0,0,0,0,0,0.0,0,0,0,0,0.0,06037602301
602302,2022,2,8,2,0,35,62,43,0,0,0,0,2,10,0,0,0,0,0,1,0,0,1,0,1.19,0.0,0.0,1.415,0.0,0.047,0.0,0.0,0.002,0.0,0.152,0.0,0.0,0.007,0.0,1.038,0.0,0.0,1.409,0.0,0,0,0,0,0,0,0,0,0,0,0,0,0,0,0,0,0,0,0,0,0,12.605,0,0,0,0,12.605,06037602302
602402,2022,2,8,2,0,35,62,43,0,4,0,1,1,1,0,0,0,0,0,0,0,0,0,0,0.0,0.0,0.0,0.0,0.0,0.0,0.0,0.0,0.0,0.0,0.0,0.0,0.0,0.0,0.0,0.0,0.0,0.0,0.0,0.0,0,0,0,0,0,0,0,0,0,0,1,0,0,0,0,0,0,0,0,0,0,1.0,0,1,0,1,2.0,06037602402
602403,2022,2,8,2,0,35,62,43,0,0,0,0,1,0,0,0,0,0,0,2,0,0,0,0,2.379,0.0,0.0,0.0,0.0,0.094,0.0,0.0,0.0,0.0,0.304,0.0,0.0,0.0,0.0,2.076,0.0,0.0,0.0,0.0,0,0,0,0,0,0,0,0,0,0,0,0,0,0,0,0,0,0,0,0,0,2.379,0,0,0,0,2.379,06037602403
602404,2022,2,8,2,0,35,62,43,0,0,0,1,1,6,0,0,0,0,0,0,0,0,0,1,0.0,0.0,0.0,0.0,1.275,0.0,0.0,0.0,0.0,0.004,0.0,0.0,0.0,0.0,0.011,0.0,0.0,0.0,0.0,1.264,11,0,0,0,0,0,0,0,0,0,0,0,0,0,0,0,0,0,0,0,0,7.275,11,0,0,11,18.275,06037602404
602504,2022,2,8,2,0,35,62,43,0,0,0,0,2,1,0,0,0,0,0,0,2,0,0,0,0.0,3.372,0.0,0.0,0.0,0.0,0.036,0.0,0.0,0.0,0.0,0.114,0.0,0.0,0.0,0.0,3.258,0.0,0.0,0.0,0,0,0,0,0,0,0,0,0,0,0,0,0,0,0,0,0,0,0,0,0,4.372,0,0,0,0,4.372,06037602504
602505,2022,2,8,2,0,35,62,43,2,0,1,0,0,0,0,0,0,0,0,0,0,0,0,0,0.0,0.0,0.0,0.0,0.0,0.0,0.0,0.0,0.0,0.0,0.0,0.0,0.0,0.0,0.0,0.0,0.0,0.0,0.0,0.0,0,0,0,0,0,0,0,0,0,0,0,0,0,0,0,0,0,0,0,0,0,0.0,0,0,0,0,0.0,06037602505
602506,2022,2,8,2,0,35,62,43,0,0,0,0,0,0,0,0,0,0,0,0,0,0,0,0,0.0,0.0,0.0,0.0,0.0,0.0,0.0,0.0,0.0,0.0,0.0,0.0,0.0,0.0,0.0,0.0,0.0,0.0,0.0,0.0,0,0,0,0,0,0,0,0,0,0,0,0,0,0,0,0,0,0,0,0,0,0.0,0,0,0,0,0.0,06037602506
602507,2022,2,8,2,0,35,62,43,0,0,0,0,1,0,0,0,0,0,0,0,0,0,0,1,0.0,0.0,0.0,0.0,1.275,0.0,0.0,0.0,0.0,0.004,0.0,0.0,0.0,0.0,0.011,0.0,0.0,0.0,0.0,1.264,0,0,0,0,0,0,0,0,0,0,0,0,0,0,0,0,0,0,0,0,0,1.275,0,0,0,0,1.275,06037602507
602508,2022,2,8,2,0,35,62,43,0,0,0,0,1,2,0,0,0,0,0,0,0,0,0,0,0.0,0.0,0.0,0.0,0.0,0.0,0.0,0.0,0.0,0.0,0.0,0.0,0.0,0.0,0.0,0.0,0.0,0.0,0.0,0.0,0,0,0,0,0,0,0,0,0,0,0,0,0,0,0,0,0,0,0,0,0,2.0,0,0,0,0,2.0,06037602508
602509,2022,2,8,2,0,35,62,43,0,0,0,0,2,2,0,0,0,0,0,2,0,0,0,2,2.379,0.0,0.0,0.0,2.551,0.094,0.0,0.0,0.0,0.008,0.304,0.0,0.0,0.0,0.023,2.076,0.0,0.0,0.0,2.528,0,0,0,0,0,0,0,0,0,0,0,0,0,0,0,0,0,0,0,0,0,6.93,0,0,0,0,6.93,06037602509
602600,2022,2,8,2,0,35,62,43,0,0,0,0,3,4,0,0,0,0,0,4,0,0,0,1,4.759,0.0,0.0,0.0,1.275,0.188,0.0,0.0,0.0,0.004,0.608,0.0,0.0,0.0,0.011,4.152,0.0,0.0,0.0,1.264,0,0,0,0,0,0,0,0,0,0,0,0,0,0,0,0,0,0,0,0,0,10.033999999999999,0,0,0,0,10.033999999999999,06037602600
602700,2022,2,8,2,0,35,62,43,0,0,0,0,2,5,0,0,0,0,0,0,0,0,1,2,0.0,0.0,0.0,1.415,2.551,0.0,0.0,0.0,0.002,0.008,0.0,0.0,0.0,0.007,0.023,0.0,0.0,0.0,1.409,2.528,0,0,0,0,0,0,0,0,0,0,0,0,0,0,0,0,0,0,0,0,0,8.966000000000001,0,0,0,0,8.966000000000001,06037602700
602801,2022,2,8,2,0,35,62,43,0,0,0,0,1,35,0,0,0,0,0,4,10,41,9,15,4.759,16.86,71.223,12.736,19.132,0.187,0.183,0.777,0.017,0.057,0.608,0.569,3.176,0.059,0.17,4.151,16.291,68.047,12.677,18.962,0,0,0,0,0,0,0,0,0,0,0,0,0,0,0,0,0,0,0,0,0,159.71,0,0,0,0,159.71,06037602801
602802,2022,2,8,2,0,35,62,43,0,12,0,1,1,1,0,0,0,0,0,0,0,10,0,1,0.0,0.0,17.371,0.0,1.275,0.0,0.0,0.189,0.0,0.004,0.0,0.0,0.775,0.0,0.011,0.0,0.0,16.597,0.0,1.264,8,0,0,0,0,0,0,0,0,0,0,0,0,0,0,0,0,0,0,0,0,19.647,8,0,0,8,27.647,06037602802
602900,2022,2,8,2,0,35,62,43,0,0,0,0,2,1,0,0,0,0,0,1,2,5,0,0,1.19,3.372,8.685,0.0,0.0,0.047,0.036,0.095,0.0,0.0,0.152,0.114,0.387,0.0,0.0,1.038,3.258,8.298,0.0,0.0,0,0,0,0,0,0,0,0,0,0,0,0,0,0,0,0,0,0,0,0,0,14.247,0,0,0,0,14.247,06037602900
603001,2022,2,8,2,0,35,66,43,0,0,0,0,1,25,0,0,0,0,0,13,0,4,2,6,15.466,0.0,6.949,2.83,7.653,0.608,0.0,0.076,0.004,0.023,1.974,0.0,0.31,0.013,0.068,13.492,0.0,6.639,2.817,7.585,0,0,0,0,0,0,0,0,0,0,0,0,0,0,0,0,0,0,0,0,0,57.898,0,0,0,0,57.898,06037603001
603004,2022,2,8,2,0,35,43,43,0,0,0,0,1,1,0,0,0,0,0,0,0,0,0,0,0.0,0.0,0.0,0.0,0.0,0.0,0.0,0.0,0.0,0.0,0.0,0.0,0.0,0.0,0.0,0.0,0.0,0.0,0.0,0.0,0,0,0,0,0,0,0,0,0,0,0,0,0,0,0,0,0,0,0,0,0,1.0,0,0,0,0,1.0,06037603004
603005,2022,2,8,2,0,35,66,43,0,0,0,0,1,1,0,0,0,0,0,2,0,2,0,0,2.379,0.0,3.474,0.0,0.0,0.094,0.0,0.038,0.0,0.0,0.304,0.0,0.155,0.0,0.0,2.076,0.0,3.319,0.0,0.0,0,0,0,0,0,0,0,0,0,0,0,0,0,0,0,0,0,0,0,0,0,6.854,0,0,0,0,6.854,06037603005
603006,2022,2,8,2,0,35,66,43,0,0,0,0,1,0,0,0,0,0,0,0,0,1,0,0,0.0,0.0,1.737,0.0,0.0,0.0,0.0,0.019,0.0,0.0,0.0,0.0,0.077,0.0,0.0,0.0,0.0,1.66,0.0,0.0,0,0,0,0,0,0,0,0,0,0,0,0,0,0,0,0,0,0,0,0,0,1.737,0,0,0,0,1.737,06037603006
603101,2022,2,8,2,0,35,66,43,0,0,0,0,1,1,0,0,0,0,0,0,0,0,0,0,0.0,0.0,0.0,0.0,0.0,0.0,0.0,0.0,0.0,0.0,0.0,0.0,0.0,0.0,0.0,0.0,0.0,0.0,0.0,0.0,0,0,0,0,0,0,0,0,0,0,0,0,0,0,0,0,0,0,0,0,0,1.0,0,0,0,0,1.0,06037603101
603102,2022,2,8,2,0,35,66,43,0,0,0,0,1,1,0,0,0,0,0,1,0,1,0,0,1.19,0.0,1.737,0.0,0.0,0.047,0.0,0.019,0.0,0.0,0.152,0.0,0.077,0.0,0.0,1.038,0.0,1.66,0.0,0.0,0,0,0,0,0,0,0,0,0,0,0,0,0,0,0,0,0,0,0,0,0,3.927,0,0,0,0,3.927,06037603102
603200,2022,2,8,2,0,35,66,43,0,0,0,0,2,0,0,0,0,0,0,2,0,1,0,0,2.379,0.0,1.737,0.0,0.0,0.094,0.0,0.019,0.0,0.0,0.304,0.0,0.077,0.0,0.0,2.076,0.0,1.66,0.0,0.0,0,0,0,0,0,0,0,0,0,0,0,0,0,0,0,0,0,0,0,0,0,4.116,0,0,0,0,4.116,06037603200
603301,2022,2,8,2,0,35,66,43,0,0,0,0,0,0,0,0,0,0,0,0,0,0,0,0,0.0,0.0,0.0,0.0,0.0,0.0,0.0,0.0,0.0,0.0,0.0,0.0,0.0,0.0,0.0,0.0,0.0,0.0,0.0,0.0,0,0,0,0,0,0,0,0,0,0,0,0,0,0,0,0,0,0,0,0,0,0.0,0,0,0,0,0.0,06037603301
603302,2022,2,8,2,0,35,66,43,0,0,0,0,1,2,0,0,0,0,0,0,2,0,0,0,0.0,3.372,0.0,0.0,0.0,0.0,0.037,0.0,0.0,0.0,0.0,0.114,0.0,0.0,0.0,0.0,3.258,0.0,0.0,0.0,0,0,0,0,0,0,0,0,0,0,0,0,0,0,0,0,0,0,0,0,0,5.372,0,0,0,0,5.372,06037603302
603400,2022,2,8,2,0,35,66,43,0,0,0,0,1,0,0,0,0,0,0,1,0,4,0,0,1.19,0.0,6.949,0.0,0.0,0.047,0.0,0.076,0.0,0.0,0.152,0.0,0.31,0.0,0.0,1.038,0.0,6.639,0.0,0.0,0,0,0,0,0,0,0,0,0,0,0,0,0,0,0,0,0,0,0,0,0,8.138,0,0,0,0,8.138,06037603400
603500,2022,2,8,2,0,35,66,43,0,0,0,0,1,2,0,0,0,0,0,0,0,0,0,0,0.0,0.0,0.0,0.0,0.0,0.0,0.0,0.0,0.0,0.0,0.0,0.0,0.0,0.0,0.0,0.0,0.0,0.0,0.0,0.0,0,0,0,0,0,0,0,0,0,0,0,0,0,0,0,0,0,0,0,0,0,2.0,0,0,0,0,2.0,06037603500
603600,2022,2,8,2,0,35,66,43,0,0,0,0,1,2,0,0,0,0,0,0,2,0,0,0,0.0,3.372,0.0,0.0,0.0,0.0,0.037,0.0,0.0,0.0,0.0,0.114,0.0,0.0,0.0,0.0,3.258,0.0,0.0,0.0,0,0,0,0,0,0,0,0,0,0,0,0,0,0,0,0,0,0,0,0,0,5.372,0,0,0,0,5.372,06037603600
603702,2022,2,8,2,0,35,66,43,0,0,0,0,3,9,0,0,0,0,0,15,0,4,9,1,17.846,0.0,6.949,12.736,1.275,0.702,0.0,0.076,0.017,0.004,2.278,0.0,0.31,0.059,0.011,15.568,0.0,6.639,12.677,1.264,0,0,0,0,0,0,0,0,0,0,0,0,0,0,0,0,0,0,0,0,0,47.805,0,0,0,0,47.805,06037603702
603703,2022,2,8,2,0,35,62,43,1,0,1,0,1,1,0,0,0,0,0,0,0,0,0,0,0.0,0.0,0.0,0.0,0.0,0.0,0.0,0.0,0.0,0.0,0.0,0.0,0.0,0.0,0.0,0.0,0.0,0.0,0.0,0.0,0,0,0,0,0,0,0,0,0,0,0,0,0,0,0,0,0,0,0,0,0,1.0,0,0,0,0,1.0,06037603703
603704,2022,2,8,2,0,35,62,43,0,0,0,0,1,5,0,0,0,0,0,1,0,0,3,2,1.19,0.0,0.0,4.245,2.551,0.047,0.0,0.0,0.006,0.008,0.152,0.0,0.0,0.02,0.023,1.038,0.0,0.0,4.226,2.528,0,0,0,0,0,0,0,0,0,0,0,0,0,0,0,0,0,0,0,0,0,12.986,0,0,0,0,12.986,06037603704
603801,2022,2,8,2,0,35,62,43,0,0,0,1,2,4,0,0,0,0,0,9,2,0,0,0,10.708,3.372,0.0,0.0,0.0,0.42100000000000004,0.036,0.0,0.0,0.0,1.367,0.114,0.0,0.0,0.0,9.34,3.258,0.0,0.0,0.0,0,0,0,0,0,0,0,0,0,0,0,0,0,0,0,0,0,0,0,0,0,18.08,0,0,0,0,18.08,06037603801
603802,2022,2,8,2,0,35,62,43,0,0,0,0,1,1,0,0,0,0,0,0,0,0,0,0,0.0,0.0,0.0,0.0,0.0,0.0,0.0,0.0,0.0,0.0,0.0,0.0,0.0,0.0,0.0,0.0,0.0,0.0,0.0,0.0,0,0,0,0,0,0,0,0,0,0,0,0,0,0,0,0,0,0,0,0,0,1.0,0,0,0,0,1.0,06037603802
603900,2022,2,8,2,0,35,62,43,9,0,2,0,2,1,0,0,0,0,0,1,4,0,0,0,1.19,6.744,0.0,0.0,0.0,0.047,0.073,0.0,0.0,0.0,0.152,0.228,0.0,0.0,0.0,1.038,6.516,0.0,0.0,0.0,0,0,0,0,0,0,0,0,0,0,0,0,0,0,0,0,0,0,0,0,0,8.934,0,0,0,0,8.934,06037603900
604001,2022,2,8,2,0,35,62,43,0,0,0,0,1,1,0,0,0,0,0,0,0,0,0,0,0.0,0.0,0.0,0.0,0.0,0.0,0.0,0.0,0.0,0.0,0.0,0.0,0.0,0.0,0.0,0.0,0.0,0.0,0.0,0.0,0,0,0,0,0,0,0,0,0,0,0,0,0,0,0,0,0,0,0,0,0,1.0,0,0,0,0,1.0,06037604001
604002,2022,2,8,2,0,35,62,43,0,0,0,0,1,1,0,0,0,0,0,1,0,0,0,0,1.19,0.0,0.0,0.0,0.0,0.047,0.0,0.0,0.0,0.0,0.152,0.0,0.0,0.0,0.0,1.038,0.0,0.0,0.0,0.0,0,0,0,0,0,0,0,0,0,0,0,0,0,0,0,0,0,0,0,0,0,2.19,0,0,0,0,2.19,06037604002
604100,2022,2,8,2,0,35,62,43,0,0,0,0,0,0,0,0,0,0,0,0,0,0,0,0,0.0,0.0,0.0,0.0,0.0,0.0,0.0,0.0,0.0,0.0,0.0,0.0,0.0,0.0,0.0,0.0,0.0,0.0,0.0,0.0,0,0,0,0,0,0,0,0,0,0,0,0,0,0,0,0,0,0,0,0,0,0.0,0,0,0,0,0.0,06037604100
609900,2022,1,8,4,15,35,70,44,0,0,0,0,1,1,0,0,0,0,0,0,0,3,0,0,0.0,0.0,5.211,0.0,0.0,0.0,0.0,0.057,0.0,0.0,0.0,0.0,0.232,0.0,0.0,0.0,0.0,4.979,0.0,0.0,0,0,0,0,0,0,0,0,0,0,0,0,0,0,0,0,0,0,0,0,0,6.211,0,0,0,0,6.211,06037609900
620001,2022,2,8,4,0,26,62,33,0,0,0,0,1,3,0,0,0,0,0,0,0,0,0,0,0.0,0.0,0.0,0.0,0.0,0.0,0.0,0.0,0.0,0.0,0.0,0.0,0.0,0.0,0.0,0.0,0.0,0.0,0.0,0.0,0,0,0,0,0,0,0,0,0,0,0,0,0,0,0,0,0,0,0,0,0,3.0,0,0,0,0,3.0,06037620001
620002,2022,2,8,4,0,26,62,33,0,0,0,0,1,3,0,0,0,0,0,0,0,0,0,0,0.0,0.0,0.0,0.0,0.0,0.0,0.0,0.0,0.0,0.0,0.0,0.0,0.0,0.0,0.0,0.0,0.0,0.0,0.0,0.0,0,0,0,0,0,0,0,0,0,0,0,0,0,0,0,0,0,0,0,0,0,3.0,0,0,0,0,3.0,06037620002
620101,2022,2,8,4,0,26,62,33,0,0,0,0,1,1,0,0,0,0,0,0,0,0,0,0,0.0,0.0,0.0,0.0,0.0,0.0,0.0,0.0,0.0,0.0,0.0,0.0,0.0,0.0,0.0,0.0,0.0,0.0,0.0,0.0,0,0,0,0,0,0,0,0,0,0,0,0,0,0,0,0,0,0,0,0,0,1.0,0,0,0,0,1.0,06037620101
620102,2022,2,8,4,0,26,62,33,0,0,0,0,0,0,0,0,0,0,0,0,0,0,0,0,0.0,0.0,0.0,0.0,0.0,0.0,0.0,0.0,0.0,0.0,0.0,0.0,0.0,0.0,0.0,0.0,0.0,0.0,0.0,0.0,0,0,0,0,0,0,0,0,0,0,0,0,0,0,0,0,0,0,0,0,0,0.0,0,0,0,0,0.0,06037620102
620201,2022,2,8,4,0,26,66,33,0,0,0,0,1,1,0,0,0,0,0,0,0,0,0,0,0.0,0.0,0.0,0.0,0.0,0.0,0.0,0.0,0.0,0.0,0.0,0.0,0.0,0.0,0.0,0.0,0.0,0.0,0.0,0.0,0,0,0,0,0,0,0,0,0,0,0,0,0,0,0,0,0,0,0,0,0,1.0,0,0,0,0,1.0,06037620201
620301,2022,2,8,4,0,26,66,33,0,0,0,0,1,1,0,0,0,0,0,0,0,0,0,0,0.0,0.0,0.0,0.0,0.0,0.0,0.0,0.0,0.0,0.0,0.0,0.0,0.0,0.0,0.0,0.0,0.0,0.0,0.0,0.0,0,0,0,0,0,0,0,0,0,0,0,0,0,0,0,0,0,0,0,0,0,1.0,0,0,0,0,1.0,06037620301
620303,2022,2,8,4,0,26,66,33,0,0,0,0,0,0,0,0,0,0,0,0,0,0,0,0,0.0,0.0,0.0,0.0,0.0,0.0,0.0,0.0,0.0,0.0,0.0,0.0,0.0,0.0,0.0,0.0,0.0,0.0,0.0,0.0,0,0,0,0,0,0,0,0,0,0,0,0,0,0,0,0,0,0,0,0,0,0.0,0,0,0,0,0.0,06037620303
620305,2022,2,8,4,0,26,66,33,0,0,0,0,1,3,0,0,0,0,0,0,0,0,0,1,0.0,0.0,0.0,0.0,1.275,0.0,0.0,0.0,0.0,0.004,0.0,0.0,0.0,0.0,0.011,0.0,0.0,0.0,0.0,1.264,0,0,0,0,0,0,0,0,0,0,0,0,0,0,0,0,0,0,0,0,0,4.275,0,0,0,0,4.275,06037620305
620400,2022,2,8,4,0,26,66,33,0,0,0,0,2,2,0,0,0,0,0,0,0,0,0,0,0.0,0.0,0.0,0.0,0.0,0.0,0.0,0.0,0.0,0.0,0.0,0.0,0.0,0.0,0.0,0.0,0.0,0.0,0.0,0.0,0,0,0,0,0,0,0,0,0,0,0,0,0,0,0,0,0,0,0,0,0,2.0,0,0,0,0,2.0,06037620400
620501,2022,2,8,4,0,26,66,33,0,0,0,0,1,1,0,0,0,0,0,0,0,0,0,0,0.0,0.0,0.0,0.0,0.0,0.0,0.0,0.0,0.0,0.0,0.0,0.0,0.0,0.0,0.0,0.0,0.0,0.0,0.0,0.0,0,0,0,0,0,0,0,0,0,0,0,0,0,0,0,0,0,0,0,0,0,1.0,0,0,0,0,1.0,06037620501
620521,2022,2,8,4,0,26,66,33,0,0,0,0,0,0,0,0,0,0,0,0,0,0,0,0,0.0,0.0,0.0,0.0,0.0,0.0,0.0,0.0,0.0,0.0,0.0,0.0,0.0,0.0,0.0,0.0,0.0,0.0,0.0,0.0,0,0,0,0,0,0,0,0,0,0,0,0,0,0,0,0,0,0,0,0,0,0.0,0,0,0,0,0.0,06037620521
620522,2022,2,8,4,0,26,66,33,0,0,0,0,0,0,0,0,0,0,0,0,0,0,0,0,0.0,0.0,0.0,0.0,0.0,0.0,0.0,0.0,0.0,0.0,0.0,0.0,0.0,0.0,0.0,0.0,0.0,0.0,0.0,0.0,0,0,0,0,0,0,0,0,0,0,0,0,0,0,0,0,0,0,0,0,0,0.0,0,0,0,0,0.0,06037620522
620601,2022,2,8,4,0,26,66,33,0,0,0,1,1,7,0,0,0,0,0,10,1,4,3,3,11.897,1.686,6.949,4.245,3.826,0.468,0.018,0.076,0.006,0.011,1.519,0.057,0.31,0.02,0.034,10.378,1.629,6.639,4.226,3.792,14,0,0,1,0,0,0,0,0,0,0,0,0,0,0,0,0,0,0,0,0,35.603,15,0,0,15,50.603,06037620601
620602,2022,2,8,4,0,26,66,33,0,0,0,0,1,0,0,0,0,0,0,0,1,1,0,1,0.0,1.686,1.737,0.0,1.275,0.0,0.018,0.019,0.0,0.004,0.0,0.057,0.077,0.0,0.011,0.0,1.629,1.66,0.0,1.264,0,0,0,0,0,0,0,0,0,0,0,0,0,0,0,0,0,0,0,0,0,4.699,0,0,0,0,4.699,06037620602
620701,2022,2,8,4,0,26,66,33,0,0,0,0,1,1,0,0,0,0,0,0,3,0,0,0,0.0,5.058,0.0,0.0,0.0,0.0,0.055,0.0,0.0,0.0,0.0,0.171,0.0,0.0,0.0,0.0,4.887,0.0,0.0,0.0,0,0,0,0,0,0,0,0,0,0,0,0,0,0,0,0,0,0,0,0,0,6.058,0,0,0,0,6.058,06037620701
620702,2022,2,8,4,0,26,66,33,0,0,0,0,2,2,0,0,0,0,0,0,1,2,0,0,0.0,1.686,3.474,0.0,0.0,0.0,0.018,0.038,0.0,0.0,0.0,0.057,0.155,0.0,0.0,0.0,1.629,3.319,0.0,0.0,0,0,0,0,0,0,0,0,0,0,0,0,0,0,0,0,0,0,0,0,0,7.16,0,0,0,0,7.16,06037620702
620800,2022,2,8,4,0,26,66,33,0,0,0,0,1,1,0,0,0,0,0,0,0,0,0,0,0.0,0.0,0.0,0.0,0.0,0.0,0.0,0.0,0.0,0.0,0.0,0.0,0.0,0.0,0.0,0.0,0.0,0.0,0.0,0.0,0,0,0,0,0,0,0,0,0,0,0,0,0,0,0,0,0,0,0,0,0,1.0,0,0,0,0,1.0,06037620800
620901,2022,2,8,4,0,26,66,33,0,0,0,0,0,0,0,0,0,0,0,0,0,0,0,0,0.0,0.0,0.0,0.0,0.0,0.0,0.0,0.0,0.0,0.0,0.0,0.0,0.0,0.0,0.0,0.0,0.0,0.0,0.0,0.0,0,0,0,0,0,0,0,0,0,0,0,0,0,0,0,0,0,0,0,0,0,0.0,0,0,0,0,0.0,06037620901
620904,2022,2,8,4,0,26,66,33,0,0,0,0,0,0,0,0,0,0,0,0,0,0,0,0,0.0,0.0,0.0,0.0,0.0,0.0,0.0,0.0,0.0,0.0,0.0,0.0,0.0,0.0,0.0,0.0,0.0,0.0,0.0,0.0,0,0,0,0,0,0,0,0,0,0,0,0,0,0,0,0,0,0,0,0,0,0.0,0,0,0,0,0.0,06037620904
621001,2022,2,8,4,0,26,66,33,0,0,0,0,0,0,0,0,0,0,0,0,0,0,0,0,0.0,0.0,0.0,0.0,0.0,0.0,0.0,0.0,0.0,0.0,0.0,0.0,0.0,0.0,0.0,0.0,0.0,0.0,0.0,0.0,0,0,0,0,0,0,0,0,0,0,0,0,0,0,0,0,0,0,0,0,0,0.0,0,0,0,0,0.0,06037621001
621002,2022,2,8,4,0,26,66,33,0,0,0,0,1,1,0,0,0,0,0,0,0,0,0,0,0.0,0.0,0.0,0.0,0.0,0.0,0.0,0.0,0.0,0.0,0.0,0.0,0.0,0.0,0.0,0.0,0.0,0.0,0.0,0.0,0,0,0,0,0,0,0,0,0,0,0,0,0,0,0,0,0,0,0,0,0,1.0,0,0,0,0,1.0,06037621002
621004,2022,2,8,4,0,26,66,33,0,0,0,0,2,5,0,0,0,0,0,1,0,0,0,0,1.19,0.0,0.0,0.0,0.0,0.047,0.0,0.0,0.0,0.0,0.152,0.0,0.0,0.0,0.0,1.038,0.0,0.0,0.0,0.0,0,0,0,0,0,0,0,0,0,0,0,0,0,0,0,0,0,0,0,0,0,6.19,0,0,0,0,6.19,06037621004
621102,2022,2,8,4,0,26,66,33,0,0,0,0,1,0,0,0,0,0,0,0,0,1,0,0,0.0,0.0,1.737,0.0,0.0,0.0,0.0,0.019,0.0,0.0,0.0,0.0,0.077,0.0,0.0,0.0,0.0,1.66,0.0,0.0,0,0,0,0,0,0,0,0,0,0,0,0,0,0,0,0,0,0,0,0,0,1.737,0,0,0,0,1.737,06037621102
621104,2022,2,8,4,0,26,66,33,0,0,0,0,1,3,0,0,0,0,0,4,10,0,0,0,4.759,16.86,0.0,0.0,0.0,0.187,0.183,0.0,0.0,0.0,0.608,0.569,0.0,0.0,0.0,4.151,16.291,0.0,0.0,0.0,0,0,0,0,0,0,0,0,0,0,0,0,0,0,0,0,0,0,0,0,0,24.619,0,0,0,0,24.619,06037621104
621201,2022,2,8,4,0,26,66,33,0,0,0,0,1,1,0,0,0,0,0,0,0,0,0,0,0.0,0.0,0.0,0.0,0.0,0.0,0.0,0.0,0.0,0.0,0.0,0.0,0.0,0.0,0.0,0.0,0.0,0.0,0.0,0.0,0,0,0,0,0,0,0,0,0,0,0,0,0,0,0,0,0,0,0,0,0,1.0,0,0,0,0,1.0,06037621201
621204,2022,2,8,4,0,26,66,33,0,0,0,0,1,10,0,0,0,0,0,0,1,2,0,0,0.0,1.686,3.474,0.0,0.0,0.0,0.018,0.038,0.0,0.0,0.0,0.057,0.155,0.0,0.0,0.0,1.629,3.319,0.0,0.0,0,0,0,0,0,0,0,0,0,0,0,0,0,0,0,0,0,0,0,0,0,15.16,0,0,0,0,15.16,06037621204
621301,2022,2,8,4,0,26,66,33,0,0,0,0,1,0,0,0,0,0,0,0,1,0,0,0,0.0,1.686,0.0,0.0,0.0,0.0,0.018,0.0,0.0,0.0,0.0,0.057,0.0,0.0,0.0,0.0,1.629,0.0,0.0,0.0,0,0,0,0,0,0,0,0,0,0,0,0,0,0,0,0,0,0,0,0,0,1.686,0,0,0,0,1.686,06037621301
621324,2022,2,8,4,0,26,66,33,0,0,0,0,1,9,0,0,0,0,0,0,0,0,0,0,0.0,0.0,0.0,0.0,0.0,0.0,0.0,0.0,0.0,0.0,0.0,0.0,0.0,0.0,0.0,0.0,0.0,0.0,0.0,0.0,0,0,0,0,0,0,0,0,0,0,0,0,0,0,0,0,0,0,0,0,0,9.0,0,0,0,0,9.0,06037621324
621326,2022,2,8,4,0,26,66,33,0,0,0,0,1,3,0,0,0,0,0,0,0,0,0,0,0.0,0.0,0.0,0.0,0.0,0.0,0.0,0.0,0.0,0.0,0.0,0.0,0.0,0.0,0.0,0.0,0.0,0.0,0.0,0.0,0,0,0,0,0,0,0,0,0,0,0,0,0,0,0,0,0,0,0,0,0,3.0,0,0,0,0,3.0,06037621326
621400,2022,2,8,4,0,26,66,33,0,0,0,0,0,0,0,0,0,0,0,0,0,0,0,0,0.0,0.0,0.0,0.0,0.0,0.0,0.0,0.0,0.0,0.0,0.0,0.0,0.0,0.0,0.0,0.0,0.0,0.0,0.0,0.0,0,0,0,0,0,0,0,0,0,0,0,0,0,0,0,0,0,0,0,0,0,0.0,0,0,0,0,0.0,06037621400
650001,2022,2,8,4,0,35,66,43,0,0,0,0,1,1,0,0,0,0,0,0,0,0,0,0,0.0,0.0,0.0,0.0,0.0,0.0,0.0,0.0,0.0,0.0,0.0,0.0,0.0,0.0,0.0,0.0,0.0,0.0,0.0,0.0,0,0,0,0,0,0,0,0,0,0,0,0,0,0,0,0,0,0,0,0,0,1.0,0,0,0,0,1.0,06037650001
650003,2022,2,8,4,0,35,66,43,0,0,0,0,1,18,0,0,0,0,0,7,1,1,5,0,8.328,1.686,1.737,7.075,0.0,0.328,0.018,0.019,0.01,0.0,1.063,0.057,0.077,0.033,0.0,7.265,1.629,1.66,7.043,0.0,0,0,0,0,0,0,0,0,0,0,0,0,0,0,0,0,0,0,0,0,0,36.827,0,0,0,0,36.827,06037650003
650004,2022,2,8,4,0,35,66,43,0,0,0,0,1,0,0,0,0,0,0,1,0,0,0,0,1.19,0.0,0.0,0.0,0.0,0.047,0.0,0.0,0.0,0.0,0.152,0.0,0.0,0.0,0.0,1.038,0.0,0.0,0.0,0.0,0,0,0,0,0,0,0,0,0,0,0,0,0,0,0,0,0,0,0,0,0,1.19,0,0,0,0,1.19,06037650004
650101,2022,2,8,4,0,35,66,43,0,0,0,0,2,1,0,0,0,0,0,2,0,0,0,0,2.38,0.0,0.0,0.0,0.0,0.094,0.0,0.0,0.0,0.0,0.304,0.0,0.0,0.0,0.0,2.076,0.0,0.0,0.0,0.0,0,0,0,0,0,0,0,0,0,0,0,0,0,0,0,0,0,0,0,0,0,3.38,0,0,0,0,3.38,06037650101
650102,2022,2,8,4,0,35,66,43,0,0,0,0,1,2,0,0,0,0,0,0,0,1,0,1,0.0,0.0,1.737,0.0,1.275,0.0,0.0,0.019,0.0,0.004,0.0,0.0,0.077,0.0,0.011,0.0,0.0,1.66,0.0,1.264,0,0,0,0,0,0,0,0,0,0,0,0,0,0,0,0,0,0,0,0,0,5.013,0,0,0,0,5.013,06037650102
650200,2022,2,8,4,0,35,66,43,0,0,0,0,0,0,0,0,0,0,0,0,0,0,0,0,0.0,0.0,0.0,0.0,0.0,0.0,0.0,0.0,0.0,0.0,0.0,0.0,0.0,0.0,0.0,0.0,0.0,0.0,0.0,0.0,0,0,0,0,0,0,0,0,0,0,0,0,0,0,0,0,0,0,0,0,0,0.0,0,0,0,0,0.0,06037650200
650300,2022,2,8,4,0,35,66,43,1,0,1,0,1,14,0,0,0,0,0,1,2,0,5,0,1.19,3.372,0.0,7.075,0.0,0.047,0.037,0.0,0.01,0.0,0.152,0.114,0.0,0.033,0.0,1.038,3.258,0.0,7.043,0.0,0,0,0,0,0,0,0,0,0,0,0,0,0,0,0,0,0,0,0,0,0,25.637,0,0,0,0,25.637,06037650300
650401,2022,2,8,4,0,35,66,43,0,0,0,1,1,1,0,0,0,0,0,0,0,0,0,0,0.0,0.0,0.0,0.0,0.0,0.0,0.0,0.0,0.0,0.0,0.0,0.0,0.0,0.0,0.0,0.0,0.0,0.0,0.0,0.0,0,0,0,0,0,0,0,0,6,21,0,1,2,0,0,0,0,0,0,0,0,1.0,0,23,0,23,24.0,06037650401
650501,2022,2,8,4,0,26,66,33,0,0,0,0,1,1,0,0,0,0,0,0,3,0,0,0,0.0,5.058,0.0,0.0,0.0,0.0,0.055,0.0,0.0,0.0,0.0,0.171,0.0,0.0,0.0,0.0,4.887,0.0,0.0,0.0,0,0,0,0,0,0,0,0,0,0,0,0,0,0,0,0,0,0,0,0,0,6.058,0,0,0,0,6.058,06037650501
650502,2022,2,8,4,0,26,66,33,0,0,0,0,1,0,0,0,0,0,0,2,0,0,0,0,2.379,0.0,0.0,0.0,0.0,0.094,0.0,0.0,0.0,0.0,0.304,0.0,0.0,0.0,0.0,2.076,0.0,0.0,0.0,0.0,0,0,0,0,0,0,0,0,0,0,0,0,0,0,0,0,0,0,0,0,0,2.379,0,0,0,0,2.379,06037650502
650602,2022,2,8,4,0,26,66,33,0,0,0,0,1,3,0,0,0,0,0,7,3,0,0,0,8.328,5.058,0.0,0.0,0.0,0.328,0.055,0.0,0.0,0.0,1.063,0.171,0.0,0.0,0.0,7.265,4.887,0.0,0.0,0.0,0,0,0,0,0,0,0,0,0,0,0,0,0,0,0,0,0,0,0,0,0,16.386,0,0,0,0,16.386,06037650602
650603,2022,2,8,4,0,26,66,33,0,0,0,0,1,2,0,0,0,0,0,0,0,0,0,0,0.0,0.0,0.0,0.0,0.0,0.0,0.0,0.0,0.0,0.0,0.0,0.0,0.0,0.0,0.0,0.0,0.0,0.0,0.0,0.0,0,0,0,0,0,0,0,0,0,0,0,0,0,0,0,0,0,0,0,0,0,2.0,0,0,0,0,2.0,06037650603
650604,2022,2,8,4,0,35,66,43,0,0,0,0,2,3,0,0,0,0,0,0,0,0,0,0,0.0,0.0,0.0,0.0,0.0,0.0,0.0,0.0,0.0,0.0,0.0,0.0,0.0,0.0,0.0,0.0,0.0,0.0,0.0,0.0,0,0,0,0,0,0,0,0,0,0,0,0,0,0,0,0,0,0,0,0,0,3.0,0,0,0,0,3.0,06037650604
650605,2022,2,8,4,0,35,66,43,0,0,0,0,0,0,0,0,0,0,0,0,0,0,0,0,0.0,0.0,0.0,0.0,0.0,0.0,0.0,0.0,0.0,0.0,0.0,0.0,0.0,0.0,0.0,0.0,0.0,0.0,0.0,0.0,0,0,0,0,0,0,0,0,0,0,0,0,0,0,0,0,0,0,0,0,0,0.0,0,0,0,0,0.0,06037650605
650701,2022,2,8,4,0,26,66,33,0,0,0,0,2,4,1,2,0,0,0,3,1,9,0,0,3.569,1.686,15.634,0.0,0.0,0.14,0.018,0.171,0.0,0.0,0.456,0.057,0.6970000000000001,0.0,0.0,3.114,1.629,14.937000000000001,0.0,0.0,0,0,0,0,0,0,0,0,0,0,0,0,0,0,0,0,0,0,0,0,0,26.889000000000003,0,0,0,0,26.889000000000003,06037650701
650702,2022,2,8,4,0,26,66,33,0,0,0,0,1,0,0,0,0,0,0,0,2,0,0,0,0.0,3.372,0.0,0.0,0.0,0.0,0.037,0.0,0.0,0.0,0.0,0.114,0.0,0.0,0.0,0.0,3.258,0.0,0.0,0.0,0,0,0,0,0,0,0,0,0,0,0,0,0,0,0,0,0,0,0,0,0,3.372,0,0,0,0,3.372,06037650702
650800,2022,2,8,4,0,35,66,43,0,0,0,0,1,0,0,0,0,0,0,0,1,1,0,0,0.0,1.686,1.737,0.0,0.0,0.0,0.018,0.019,0.0,0.0,0.0,0.057,0.077,0.0,0.0,0.0,1.629,1.66,0.0,0.0,0,0,0,0,0,0,0,0,0,0,0,0,0,0,0,0,0,0,0,0,0,3.423,0,0,0,0,3.423,06037650800
650901,2022,2,8,4,0,35,66,43,0,0,0,0,1,2,0,0,0,0,0,0,0,1,0,1,0.0,0.0,1.737,0.0,1.275,0.0,0.0,0.019,0.0,0.004,0.0,0.0,0.077,0.0,0.011,0.0,0.0,1.66,0.0,1.264,0,0,0,0,0,0,0,0,0,0,0,0,0,0,0,0,0,0,0,0,0,5.013,0,0,0,0,5.013,06037650901
650902,2022,2,8,4,0,35,66,43,0,10,0,1,2,8,0,0,0,0,0,3,4,0,0,1,3.569,6.744,0.0,0.0,1.275,0.14,0.073,0.0,0.0,0.004,0.456,0.228,0.0,0.0,0.011,3.114,6.516,0.0,0.0,1.264,18,0,0,0,0,0,0,0,0,0,0,0,0,0,0,0,0,0,0,0,0,19.588,18,0,0,18,37.588,06037650902
651001,2022,2,8,4,0,26,66,43,0,18,0,1,1,0,0,0,0,0,0,1,0,0,0,0,1.19,0.0,0.0,0.0,0.0,0.047,0.0,0.0,0.0,0.0,0.152,0.0,0.0,0.0,0.0,1.038,0.0,0.0,0.0,0.0,24,1,2,0,0,0,2,0,0,0,0,0,0,0,0,0,0,0,0,0,0,1.19,28,0,0,28,29.19,06037651001
651002,2022,2,8,4,0,26,66,43,0,0,0,0,0,0,0,0,0,0,0,0,0,0,0,0,0.0,0.0,0.0,0.0,0.0,0.0,0.0,0.0,0.0,0.0,0.0,0.0,0.0,0.0,0.0,0.0,0.0,0.0,0.0,0.0,0,0,0,0,0,0,0,0,0,0,0,0,0,0,0,0,0,0,0,0,0,0.0,0,0,0,0,0.0,06037651002
651101,2022,2,8,4,0,26,66,43,0,0,0,0,2,16,0,0,0,0,0,5,0,6,0,0,5.949,0.0,10.423,0.0,0.0,0.234,0.0,0.11399999999999999,0.0,0.0,0.759,0.0,0.46499999999999997,0.0,0.0,5.189,0.0,9.958,0.0,0.0,0,0,0,0,0,0,0,0,0,0,0,0,0,0,0,0,0,0,0,0,0,32.372,0,0,0,0,32.372,06037651101
651102,2022,2,8,4,0,26,66,43,0,0,0,0,1,0,0,0,0,0,0,0,1,2,0,1,0.0,1.686,3.474,0.0,1.275,0.0,0.018,0.038,0.0,0.004,0.0,0.057,0.155,0.0,0.011,0.0,1.629,3.319,0.0,1.264,0,0,0,0,0,0,0,0,0,0,0,0,0,0,0,0,0,0,0,0,0,6.436,0,0,0,0,6.436,06037651102
651201,2022,2,8,4,0,26,66,33,0,0,0,0,1,0,0,0,0,0,0,0,1,0,0,0,0.0,1.686,0.0,0.0,0.0,0.0,0.018,0.0,0.0,0.0,0.0,0.057,0.0,0.0,0.0,0.0,1.629,0.0,0.0,0.0,0,0,0,0,0,0,0,0,0,0,0,0,0,0,0,0,0,0,0,0,0,1.686,0,0,0,0,1.686,06037651201
651221,2022,2,8,4,0,26,66,33,0,0,0,0,1,0,0,0,0,0,0,0,1,0,0,0,0.0,1.686,0.0,0.0,0.0,0.0,0.018,0.0,0.0,0.0,0.0,0.057,0.0,0.0,0.0,0.0,1.629,0.0,0.0,0.0,0,0,0,0,0,0,0,0,0,0,0,0,0,0,0,0,0,0,0,0,0,1.686,0,0,0,0,1.686,06037651221
651222,2022,2,8,4,0,26,66,33,0,0,0,0,1,0,0,0,0,0,0,0,1,0,0,0,0.0,1.686,0.0,0.0,0.0,0.0,0.018,0.0,0.0,0.0,0.0,0.057,0.0,0.0,0.0,0.0,1.629,0.0,0.0,0.0,0,0,0,0,0,0,0,0,0,0,0,0,0,0,0,0,0,0,0,0,0,1.686,0,0,0,0,1.686,06037651222
651302,2022,2,8,4,0,26,66,33,0,0,0,0,1,1,0,0,0,0,0,0,0,0,0,0,0.0,0.0,0.0,0.0,0.0,0.0,0.0,0.0,0.0,0.0,0.0,0.0,0.0,0.0,0.0,0.0,0.0,0.0,0.0,0.0,0,0,0,0,0,0,0,0,0,0,0,0,0,0,0,0,0,0,0,0,0,1.0,0,0,0,0,1.0,06037651302
651304,2022,2,8,4,0,26,66,33,0,0,0,0,2,4,0,0,0,0,0,0,0,0,0,0,0.0,0.0,0.0,0.0,0.0,0.0,0.0,0.0,0.0,0.0,0.0,0.0,0.0,0.0,0.0,0.0,0.0,0.0,0.0,0.0,0,0,0,0,0,0,0,0,0,0,0,0,0,0,0,0,0,0,0,0,0,4.0,0,0,0,0,4.0,06037651304
651401,2022,2,8,4,0,26,66,33,0,0,0,0,0,0,0,0,0,0,0,0,0,0,0,0,0.0,0.0,0.0,0.0,0.0,0.0,0.0,0.0,0.0,0.0,0.0,0.0,0.0,0.0,0.0,0.0,0.0,0.0,0.0,0.0,0,0,0,0,0,0,0,0,0,0,0,0,0,0,0,0,0,0,0,0,0,0.0,0,0,0,0,0.0,06037651401
651402,2022,2,8,4,0,26,66,33,0,0,0,0,1,1,0,0,0,0,0,0,1,0,0,0,0.0,1.686,0.0,0.0,0.0,0.0,0.018,0.0,0.0,0.0,0.0,0.057,0.0,0.0,0.0,0.0,1.629,0.0,0.0,0.0,0,0,0,0,0,0,0,0,0,0,0,0,0,0,0,0,0,0,0,0,0,2.686,0,0,0,0,2.686,06037651402
670001,2022,2,8,4,0,26,66,43,0,0,0,0,1,1,0,0,0,0,0,1,2,0,0,0,1.19,3.372,0.0,0.0,0.0,0.047,0.037,0.0,0.0,0.0,0.152,0.114,0.0,0.0,0.0,1.038,3.258,0.0,0.0,0.0,0,0,0,0,0,0,0,0,0,0,0,0,0,0,0,0,0,0,0,0,0,5.562,0,0,0,0,5.562,06037670001
670002,2022,2,8,4,0,26,66,43,0,0,0,0,0,0,0,0,0,0,0,0,0,0,0,0,0.0,0.0,0.0,0.0,0.0,0.0,0.0,0.0,0.0,0.0,0.0,0.0,0.0,0.0,0.0,0.0,0.0,0.0,0.0,0.0,0,0,0,0,0,0,0,0,0,0,0,0,0,0,0,0,0,0,0,0,0,0.0,0,0,0,0,0.0,06037670002
670003,2022,2,8,4,0,26,66,43,0,0,0,1,1,0,0,0,0,0,0,0,0,3,0,0,0.0,0.0,5.211,0.0,0.0,0.0,0.0,0.057,0.0,0.0,0.0,0.0,0.232,0.0,0.0,0.0,0.0,4.979,0.0,0.0,0,0,0,0,0,0,0,1,1,5,0,0,0,0,0,0,0,0,0,0,0,5.211,0,6,0,6,11.211,06037670003
670100,2022,2,8,4,0,26,66,43,0,0,0,0,1,2,0,0,0,0,0,0,0,0,0,1,0.0,0.0,0.0,0.0,1.275,0.0,0.0,0.0,0.0,0.004,0.0,0.0,0.0,0.0,0.011,0.0,0.0,0.0,0.0,1.264,0,0,0,0,0,0,0,0,0,0,0,0,0,0,0,0,0,0,0,0,0,3.275,0,0,0,0,3.275,06037670100
670201,2022,2,8,4,0,26,66,33,0,0,0,0,0,0,0,0,0,0,0,0,0,0,0,0,0.0,0.0,0.0,0.0,0.0,0.0,0.0,0.0,0.0,0.0,0.0,0.0,0.0,0.0,0.0,0.0,0.0,0.0,0.0,0.0,0,0,0,0,0,0,0,0,0,0,0,0,0,0,0,0,0,0,0,0,0,0.0,0,0,0,0,0.0,06037670201
670202,2022,2,8,4,0,26,66,33,0,0,0,0,0,0,0,0,0,0,0,0,0,0,0,0,0.0,0.0,0.0,0.0,0.0,0.0,0.0,0.0,0.0,0.0,0.0,0.0,0.0,0.0,0.0,0.0,0.0,0.0,0.0,0.0,0,0,0,0,0,0,0,0,0,0,0,0,0,0,0,0,0,0,0,0,0,0.0,0,0,0,0,0.0,06037670202
670324,2022,2,8,4,0,26,66,33,0,0,0,0,0,0,0,0,0,0,0,0,0,0,0,0,0.0,0.0,0.0,0.0,0.0,0.0,0.0,0.0,0.0,0.0,0.0,0.0,0.0,0.0,0.0,0.0,0.0,0.0,0.0,0.0,0,0,0,0,0,0,0,0,0,0,0,0,0,0,0,0,0,0,0,0,0,0.0,0,0,0,0,0.0,06037670324
670326,2022,2,8,4,0,26,66,33,0,0,0,0,2,2,0,0,0,0,0,0,0,0,0,0,0.0,0.0,0.0,0.0,0.0,0.0,0.0,0.0,0.0,0.0,0.0,0.0,0.0,0.0,0.0,0.0,0.0,0.0,0.0,0.0,0,0,0,0,0,0,0,0,0,0,0,0,0,0,0,0,0,0,0,0,0,2.0,0,0,0,0,2.0,06037670326
670328,2022,2,8,4,0,26,66,33,0,0,0,0,0,0,0,0,0,0,0,0,0,0,0,0,0.0,0.0,0.0,0.0,0.0,0.0,0.0,0.0,0.0,0.0,0.0,0.0,0.0,0.0,0.0,0.0,0.0,0.0,0.0,0.0,0,0,0,0,0,0,0,0,0,0,0,0,0,0,0,0,0,0,0,0,0,0.0,0,0,0,0,0.0,06037670328
670403,2022,2,8,4,0,26,66,33,0,0,0,0,0,0,0,0,0,0,0,0,0,0,0,0,0.0,0.0,0.0,0.0,0.0,0.0,0.0,0.0,0.0,0.0,0.0,0.0,0.0,0.0,0.0,0.0,0.0,0.0,0.0,0.0,0,0,0,0,0,0,0,0,0,0,0,0,0,0,0,0,0,0,0,0,0,0.0,0,0,0,0,0.0,06037670403
670405,2022,2,8,4,0,26,66,33,0,0,0,0,0,0,0,0,0,0,0,0,0,0,0,0,0.0,0.0,0.0,0.0,0.0,0.0,0.0,0.0,0.0,0.0,0.0,0.0,0.0,0.0,0.0,0.0,0.0,0.0,0.0,0.0,0,0,0,0,0,0,0,0,0,0,0,0,0,0,0,0,0,0,0,0,0,0.0,0,0,0,0,0.0,06037670405
670406,2022,2,8,4,0,26,66,33,0,0,0,0,0,0,0,0,0,0,0,0,0,0,0,0,0.0,0.0,0.0,0.0,0.0,0.0,0.0,0.0,0.0,0.0,0.0,0.0,0.0,0.0,0.0,0.0,0.0,0.0,0.0,0.0,0,0,0,0,0,0,0,0,0,0,0,0,0,0,0,0,0,0,0,0,0,0.0,0,0,0,0,0.0,06037670406
670407,2022,2,8,4,0,26,66,33,0,0,0,0,0,0,0,0,0,0,0,0,0,0,0,0,0.0,0.0,0.0,0.0,0.0,0.0,0.0,0.0,0.0,0.0,0.0,0.0,0.0,0.0,0.0,0.0,0.0,0.0,0.0,0.0,0,0,0,0,0,0,0,0,0,0,0,0,0,0,0,0,0,0,0,0,0,0.0,0,0,0,0,0.0,06037670407
670411,2022,2,8,4,0,26,66,33,0,0,0,0,0,0,0,0,0,0,0,0,0,0,0,0,0.0,0.0,0.0,0.0,0.0,0.0,0.0,0.0,0.0,0.0,0.0,0.0,0.0,0.0,0.0,0.0,0.0,0.0,0.0,0.0,0,0,0,0,0,0,0,0,0,0,0,0,0,0,0,0,0,0,0,0,0,0.0,0,0,0,0,0.0,06037670411
670413,2022,2,8,4,0,26,66,33,0,0,0,0,0,0,0,0,0,0,0,0,0,0,0,0,0.0,0.0,0.0,0.0,0.0,0.0,0.0,0.0,0.0,0.0,0.0,0.0,0.0,0.0,0.0,0.0,0.0,0.0,0.0,0.0,0,0,0,0,0,0,0,0,0,0,0,0,0,0,0,0,0,0,0,0,0,0.0,0,0,0,0,0.0,06037670413
670416,2022,2,8,4,0,26,66,33,0,0,0,0,0,0,0,0,0,0,0,0,0,0,0,0,0.0,0.0,0.0,0.0,0.0,0.0,0.0,0.0,0.0,0.0,0.0,0.0,0.0,0.0,0.0,0.0,0.0,0.0,0.0,0.0,0,0,0,0,0,0,0,0,0,0,0,0,0,0,0,0,0,0,0,0,0,0.0,0,0,0,0,0.0,06037670416
670500,2022,2,8,4,0,26,66,33,0,0,0,0,0,0,0,0,0,0,0,0,0,0,0,0,0.0,0.0,0.0,0.0,0.0,0.0,0.0,0.0,0.0,0.0,0.0,0.0,0.0,0.0,0.0,0.0,0.0,0.0,0.0,0.0,0,0,0,0,0,0,0,0,0,0,0,0,0,0,0,0,0,0,0,0,0,0.0,0,0,0,0,0.0,06037670500
670602,2022,2,8,4,0,26,66,33,0,0,0,0,1,2,0,0,0,0,0,0,0,0,0,0,0.0,0.0,0.0,0.0,0.0,0.0,0.0,0.0,0.0,0.0,0.0,0.0,0.0,0.0,0.0,0.0,0.0,0.0,0.0,0.0,0,0,0,0,0,0,0,0,0,0,0,0,0,0,0,0,0,0,0,0,0,2.0,0,0,0,0,2.0,06037670602
670701,2022,2,8,4,0,26,66,33,0,0,0,0,1,1,0,0,0,0,0,1,1,0,0,0,1.19,1.686,0.0,0.0,0.0,0.047,0.018,0.0,0.0,0.0,0.152,0.057,0.0,0.0,0.0,1.038,1.629,0.0,0.0,0.0,0,0,0,0,0,0,0,0,0,0,0,0,0,0,0,0,0,0,0,0,0,3.876,0,0,0,0,3.876,06037670701
670702,2022,2,8,4,0,26,66,33,0,0,0,0,0,0,0,0,0,0,0,0,0,0,0,0,0.0,0.0,0.0,0.0,0.0,0.0,0.0,0.0,0.0,0.0,0.0,0.0,0.0,0.0,0.0,0.0,0.0,0.0,0.0,0.0,0,0,0,0,0,0,0,0,0,0,0,0,0,0,0,0,0,0,0,0,0,0.0,0,0,0,0,0.0,06037670702
700101,2022,2,4,3,0,26,50,28,8,0,1,0,0,0,0,0,0,0,0,0,0,0,0,0,0.0,0.0,0.0,0.0,0.0,0.0,0.0,0.0,0.0,0.0,0.0,0.0,0.0,0.0,0.0,0.0,0.0,0.0,0.0,0.0,0,0,0,0,0,0,0,0,0,0,0,0,0,0,0,0,0,0,0,0,0,0.0,0,0,0,0,0.0,06037700101
700102,2022,2,4,3,0,26,50,28,11,0,1,0,0,0,0,0,0,0,0,0,0,0,0,0,0.0,0.0,0.0,0.0,0.0,0.0,0.0,0.0,0.0,0.0,0.0,0.0,0.0,0.0,0.0,0.0,0.0,0.0,0.0,0.0,0,0,0,0,0,0,0,0,0,0,0,0,0,0,0,0,0,0,0,0,0,0.0,0,0,0,0,0.0,06037700102
700200,2022,2,4,3,0,26,50,28,2,0,1,0,1,9,0,0,0,0,0,0,0,0,0,0,0.0,0.0,0.0,0.0,0.0,0.0,0.0,0.0,0.0,0.0,0.0,0.0,0.0,0.0,0.0,0.0,0.0,0.0,0.0,0.0,0,0,0,0,0,0,0,0,0,0,0,0,0,0,0,0,0,0,0,0,0,9.0,0,0,0,0,9.0,06037700200
700300,2022,2,4,3,0,26,50,28,0,0,0,0,2,7,0,0,0,0,0,0,0,0,0,0,0.0,0.0,0.0,0.0,0.0,0.0,0.0,0.0,0.0,0.0,0.0,0.0,0.0,0.0,0.0,0.0,0.0,0.0,0.0,0.0,0,0,0,0,0,0,0,0,0,0,0,0,0,0,0,0,0,0,0,0,0,7.0,0,0,0,0,7.0,06037700300
700400,2022,2,4,3,0,26,50,28,7,0,1,0,1,15,0,0,0,0,0,0,0,1,0,0,0.0,0.0,1.86,0.0,0.0,0.0,0.0,0.019,0.0,0.0,0.0,0.0,0.077,0.0,0.0,0.0,0.0,1.782,0.0,0.0,0,0,0,0,0,0,0,0,0,0,0,0,0,0,0,0,0,0,0,0,0,16.86,0,0,0,0,16.86,06037700400
700501,2022,2,4,3,0,26,50,28,1,0,1,0,1,2,0,0,0,0,0,0,1,0,0,0,0.0,1.492,0.0,0.0,0.0,0.0,0.018,0.0,0.0,0.0,0.0,0.057,0.0,0.0,0.0,0.0,1.435,0.0,0.0,0.0,0,0,0,0,0,0,0,0,0,0,0,0,0,0,0,0,0,0,0,0,0,3.492,0,0,0,0,3.492,06037700501
700502,2022,2,4,3,0,26,50,28,0,0,0,0,1,2,0,0,0,0,0,0,0,0,0,0,0.0,0.0,0.0,0.0,0.0,0.0,0.0,0.0,0.0,0.0,0.0,0.0,0.0,0.0,0.0,0.0,0.0,0.0,0.0,0.0,0,0,0,0,0,0,0,0,0,0,0,0,0,0,0,0,0,0,0,0,0,2.0,0,0,0,0,2.0,06037700502
700600,2022,2,5,3,0,26,50,33,0,0,0,0,0,0,0,0,0,0,0,0,0,0,0,0,0.0,0.0,0.0,0.0,0.0,0.0,0.0,0.0,0.0,0.0,0.0,0.0,0.0,0.0,0.0,0.0,0.0,0.0,0.0,0.0,0,0,0,0,0,0,0,0,0,0,0,0,0,0,0,0,0,0,0,0,0,0.0,0,0,0,0,0.0,06037700600
700700,2022,2,5,3,0,26,50,33,0,0,0,0,1,30,0,0,0,0,0,0,0,0,2,0,0.0,0.0,0.0,2.836,0.0,0.0,0.0,0.0,0.004,0.0,0.0,0.0,0.0,0.013,0.0,0.0,0.0,0.0,2.823,0.0,0,0,0,0,0,0,0,0,0,0,0,0,0,0,0,0,0,0,0,0,0,32.836,0,0,0,0,32.836,06037700700
700801,2022,2,5,3,0,26,50,33,0,0,0,0,1,3,0,0,0,0,0,0,0,0,0,0,0.0,0.0,0.0,0.0,0.0,0.0,0.0,0.0,0.0,0.0,0.0,0.0,0.0,0.0,0.0,0.0,0.0,0.0,0.0,0.0,0,0,0,0,0,0,0,0,0,0,0,0,0,0,0,0,0,0,0,0,0,3.0,0,0,0,0,3.0,06037700801
700802,2022,2,5,3,0,26,50,33,0,0,0,0,0,0,0,0,0,0,0,0,0,0,0,0,0.0,0.0,0.0,0.0,0.0,0.0,0.0,0.0,0.0,0.0,0.0,0.0,0.0,0.0,0.0,0.0,0.0,0.0,0.0,0.0,0,0,0,0,0,0,0,0,0,0,0,0,0,0,0,0,0,0,0,0,0,0.0,0,0,0,0,0.0,06037700802
700901,2022,2,5,3,0,26,50,33,0,0,0,0,0,0,0,0,0,0,0,0,0,0,0,0,0.0,0.0,0.0,0.0,0.0,0.0,0.0,0.0,0.0,0.0,0.0,0.0,0.0,0.0,0.0,0.0,0.0,0.0,0.0,0.0,0,0,0,0,0,0,0,0,0,0,0,0,0,0,0,0,0,0,0,0,0,0.0,0,0,0,0,0.0,06037700901
700902,2022,2,5,3,0,26,50,33,0,0,0,0,0,0,0,0,0,0,0,0,0,0,0,0,0.0,0.0,0.0,0.0,0.0,0.0,0.0,0.0,0.0,0.0,0.0,0.0,0.0,0.0,0.0,0.0,0.0,0.0,0.0,0.0,0,0,0,0,0,0,0,0,0,0,0,0,0,0,0,0,0,0,0,0,0,0.0,0,0,0,0,0.0,06037700902
701000,2022,2,5,3,0,26,50,33,1,0,1,0,1,3,0,0,0,0,0,0,0,0,0,0,0.0,0.0,0.0,0.0,0.0,0.0,0.0,0.0,0.0,0.0,0.0,0.0,0.0,0.0,0.0,0.0,0.0,0.0,0.0,0.0,0,0,0,0,0,0,0,0,0,0,0,0,0,0,0,0,0,0,0,0,0,3.0,0,0,0,0,3.0,06037701000
701100,2022,2,5,3,0,26,50,33,6,96,1,1,2,16,0,0,15,0,0,9,3,3,0,0,13.254000000000001,4.378,5.1930000000000005,0.0,0.0,0.42100000000000004,0.055,0.056999999999999995,0.0,0.0,1.367,0.171,0.23199999999999998,0.0,0.0,11.888,4.208,4.96,0.0,0.0,11,23,80,2,1,3,0,66,9,18,0,0,0,0,23,0,0,1,0,0,0,53.826,96,84,24,204,257.827,06037701100
701201,2022,2,5,3,0,26,50,33,0,0,0,0,1,0,0,0,0,0,0,0,0,1,0,0,0.0,0.0,1.731,0.0,0.0,0.0,0.0,0.019,0.0,0.0,0.0,0.0,0.077,0.0,0.0,0.0,0.0,1.653,0.0,0.0,0,0,0,0,0,0,0,0,0,0,0,0,0,0,0,0,0,0,0,0,0,1.731,0,0,0,0,1.731,06037701201
701202,2022,2,5,3,0,26,50,33,0,0,0,0,1,3,0,0,0,0,0,0,0,0,0,0,0.0,0.0,0.0,0.0,0.0,0.0,0.0,0.0,0.0,0.0,0.0,0.0,0.0,0.0,0.0,0.0,0.0,0.0,0.0,0.0,0,0,0,0,0,0,0,0,0,0,0,0,0,0,0,0,0,0,0,0,0,3.0,0,0,0,0,3.0,06037701202
701302,2022,2,5,3,0,26,50,33,1,0,1,0,2,6,0,0,0,0,0,0,1,2,0,0,0.0,1.459,3.462,0.0,0.0,0.0,0.018,0.038,0.0,0.0,0.0,0.057,0.154,0.0,0.0,0.0,1.403,3.306,0.0,0.0,0,0,0,0,0,0,0,0,0,0,0,0,0,0,0,0,0,0,0,0,0,10.921,0,0,0,0,10.921,06037701302
701304,2022,2,5,3,0,26,50,33,0,0,0,0,4,12,0,0,0,0,0,0,1,1,0,2,0.0,1.459,1.731,0.0,3.142,0.0,0.018,0.019,0.0,0.008,0.0,0.057,0.077,0.0,0.022,0.0,1.403,1.653,0.0,3.12,0,0,0,0,0,0,0,0,0,0,0,0,0,0,0,0,0,0,0,0,0,18.332,0,0,0,0,18.332,06037701304
701402,2022,2,5,3,0,26,50,33,0,0,0,0,6,39,0,0,0,0,0,7,2,3,0,0,10.309000000000001,2.918,5.1930000000000005,0.0,0.0,0.328,0.036,0.056999999999999995,0.0,0.0,1.064,0.114,0.23199999999999998,0.0,0.0,9.246,2.806,4.96,0.0,0.0,0,0,0,0,0,0,0,0,0,0,0,0,0,0,0,0,0,0,0,0,0,57.421,0,0,0,0,57.421,06037701402
701501,2022,2,5,3,0,26,50,33,1,49,1,1,2,10,0,0,0,0,0,3,1,2,0,1,4.418,1.459,3.462,0.0,1.571,0.14,0.018,0.038,0.0,0.004,0.456,0.057,0.155,0.0,0.011,3.963,1.403,3.307,0.0,1.56,0,0,0,0,0,0,0,2,21,55,0,0,0,2,0,0,0,0,0,0,0,20.911,0,59,0,59,79.911,06037701501
701502,2022,2,5,3,0,26,50,33,3,0,2,0,2,13,0,0,0,0,0,1,0,0,0,0,1.473,0.0,0.0,0.0,0.0,0.047,0.0,0.0,0.0,0.0,0.152,0.0,0.0,0.0,0.0,1.321,0.0,0.0,0.0,0.0,0,0,0,0,0,0,0,0,0,0,0,0,0,0,0,0,0,0,0,0,0,14.472999999999999,0,0,0,0,14.472999999999999,06037701502
701601,2022,2,5,3,0,26,50,33,0,0,0,0,5,6,0,0,0,0,0,3,0,1,0,0,4.4190000000000005,0.0,1.731,0.0,0.0,0.14100000000000001,0.0,0.019,0.0,0.0,0.45599999999999996,0.0,0.077,0.0,0.0,3.963,0.0,1.653,0.0,0.0,0,0,0,0,0,0,0,0,0,0,0,0,0,0,0,0,0,0,0,0,0,12.149999999999999,0,0,0,0,12.149999999999999,06037701601
701602,2022,2,5,3,0,26,50,33,1,0,1,0,2,12,0,0,0,0,0,0,1,0,0,0,0.0,1.459,0.0,0.0,0.0,0.0,0.018,0.0,0.0,0.0,0.0,0.057,0.0,0.0,0.0,0.0,1.403,0.0,0.0,0.0,0,0,0,0,0,0,0,0,0,0,0,0,0,0,0,0,0,0,0,0,0,13.459,0,0,0,0,13.459,06037701602
701701,2022,2,5,3,0,26,50,33,0,0,0,0,2,6,0,0,0,0,0,6,5,5,0,3,8.837,7.297,8.655,0.0,4.713,0.281,0.092,0.095,0.0,0.011,0.911,0.285,0.387,0.0,0.034,7.925,7.013,8.267,0.0,4.679,0,0,0,0,0,0,0,0,0,0,0,0,0,0,0,0,0,0,0,0,0,35.501,0,0,0,0,35.501,06037701701
701702,2022,2,5,3,0,26,50,33,0,33,0,1,2,15,0,0,0,0,0,0,0,0,0,0,0.0,0.0,0.0,0.0,0.0,0.0,0.0,0.0,0.0,0.0,0.0,0.0,0.0,0.0,0.0,0.0,0.0,0.0,0.0,0.0,29,0,0,0,0,0,0,0,0,0,0,0,0,0,0,0,0,0,0,0,0,15.0,29,0,0,29,44.0,06037701702
701801,2022,2,5,3,0,26,50,33,0,32,0,1,4,23,0,0,0,0,0,0,2,4,0,5,0.0,2.919,6.924,0.0,7.8549999999999995,0.0,0.037,0.076,0.0,0.02,0.0,0.114,0.31,0.0,0.056999999999999995,0.0,2.805,6.614,0.0,7.798,12,0,0,0,0,0,0,0,0,0,0,0,0,0,14,0,0,0,0,0,0,40.698,12,0,14,26,66.69800000000001,06037701801
701802,2022,2,5,3,0,26,50,33,11,0,4,0,5,39,0,0,0,0,0,7,0,0,4,15,10.309,0.0,0.0,5.673,23.564999999999998,0.328,0.0,0.0,0.008,0.056999999999999995,1.063,0.0,0.0,0.027,0.17,9.246,0.0,0.0,5.647,23.395,0,0,0,0,0,0,0,0,0,0,0,0,0,0,0,0,0,0,0,0,0,78.54599999999999,0,0,0,0,78.54599999999999,06037701802
701902,2022,2,5,3,0,26,50,33,68,33,9,2,11,218,0,0,0,0,0,2,0,1,5,7,2.946,0.0,1.731,7.091,10.997,0.094,0.0,0.019,0.01,0.027,0.304,0.0,0.077,0.033,0.079,2.642,0.0,1.653,7.058,10.918000000000001,18,0,0,0,0,0,0,0,0,0,0,0,0,0,0,0,0,0,0,0,0,240.765,18,0,0,18,258.765,06037701902
702002,2022,2,5,3,0,26,50,33,24,0,3,0,7,31,0,0,0,0,0,3,14,1,0,2,4.418,20.432,1.731,0.0,3.142,0.14100000000000001,0.257,0.019,0.0,0.008,0.45599999999999996,0.797,0.077,0.0,0.023,3.963,19.636000000000003,1.653,0.0,3.119,0,0,0,0,0,0,0,0,0,0,0,0,0,0,0,0,0,0,0,0,0,60.723,0,0,0,0,60.723,06037702002
702102,2022,2,5,3,0,26,50,33,0,0,0,0,5,19,0,0,0,0,0,1,1,3,2,2,1.473,1.459,5.193,2.836,3.142,0.047,0.018,0.057,0.004,0.008,0.152,0.057,0.232,0.013,0.023,1.321,1.403,4.96,2.823,3.119,0,0,0,0,0,0,0,0,0,0,0,0,0,0,0,0,0,0,0,0,0,33.103,0,0,0,0,33.103,06037702102
702201,2022,2,5,3,0,26,50,33,0,0,0,0,3,8,0,0,0,0,0,1,0,0,0,0,1.473,0.0,0.0,0.0,0.0,0.047,0.0,0.0,0.0,0.0,0.152,0.0,0.0,0.0,0.0,1.321,0.0,0.0,0.0,0.0,0,0,0,0,0,0,0,0,0,0,0,0,0,0,0,0,0,0,0,0,0,9.472999999999999,0,0,0,0,9.472999999999999,06037702201
702202,2022,2,5,3,0,26,50,33,0,0,0,0,2,7,0,0,0,0,0,2,0,0,0,0,2.945,0.0,0.0,0.0,0.0,0.094,0.0,0.0,0.0,0.0,0.304,0.0,0.0,0.0,0.0,2.642,0.0,0.0,0.0,0.0,0,0,0,0,0,0,0,0,0,0,0,0,0,0,0,0,0,0,0,0,0,9.945,0,0,0,0,9.945,06037702202
702300,2022,2,5,3,0,26,50,33,0,0,0,0,4,7,0,0,0,0,0,1,4,1,0,1,1.473,5.838,1.731,0.0,1.571,0.047,0.073,0.019,0.0,0.004,0.152,0.228,0.077,0.0,0.011,1.321,5.61,1.653,0.0,1.56,0,0,0,0,0,0,0,0,0,0,0,0,0,0,0,0,0,0,0,0,0,17.613,0,0,0,0,17.613,06037702300
702400,2022,2,5,2,0,30,54,37,0,0,0,0,0,0,0,0,0,0,0,0,0,0,0,0,0.0,0.0,0.0,0.0,0.0,0.0,0.0,0.0,0.0,0.0,0.0,0.0,0.0,0.0,0.0,0.0,0.0,0.0,0.0,0.0,0,0,0,0,0,0,0,0,0,0,0,0,0,0,0,0,0,0,0,0,0,0.0,0,0,0,0,0.0,06037702400
702501,2022,2,5,2,0,30,54,37,0,0,0,0,1,1,0,0,0,0,0,1,2,6,9,7,1.473,2.919,10.386,12.764,10.997,0.047,0.037,0.114,0.017,0.026,0.152,0.114,0.465,0.059,0.079,1.321,2.805,9.921,12.705,10.917,0,0,0,0,0,0,0,0,0,0,0,0,0,0,0,0,0,0,0,0,0,39.538,0,0,0,0,39.538,06037702501
702502,2022,2,5,2,0,30,54,37,0,0,0,0,2,5,0,0,0,0,0,3,0,0,0,3,4.418,0.0,0.0,0.0,4.713,0.14,0.0,0.0,0.0,0.012,0.456,0.0,0.0,0.0,0.034,3.963,0.0,0.0,0.0,4.679,0,0,0,0,0,0,0,0,0,0,0,0,0,0,0,0,0,0,0,0,0,14.131,0,0,0,0,14.131,06037702502
702600,2022,2,5,2,0,30,54,37,7,0,2,0,2,2,0,0,0,0,0,3,1,1,2,0,4.418,1.459,1.731,2.836,0.0,0.14100000000000001,0.018,0.019,0.004,0.0,0.45599999999999996,0.057,0.077,0.014,0.0,3.963,1.403,1.653,2.824,0.0,0,0,0,0,0,0,0,0,0,0,0,0,0,0,0,0,0,0,0,0,0,12.445,0,0,0,0,12.445,06037702600
702700,2022,2,5,2,0,30,54,37,0,0,0,0,1,15,0,0,0,0,0,9,2,0,1,3,13.255,2.919,0.0,1.418,4.713,0.421,0.037,0.0,0.002,0.011,1.367,0.114,0.0,0.007,0.034,11.888,2.805,0.0,1.412,4.679,0,0,0,0,0,0,0,0,0,0,0,0,0,0,0,0,0,0,0,0,0,37.305,0,0,0,0,37.305,06037702700
702801,2022,2,5,2,0,30,54,37,0,0,0,1,1,27,0,0,0,0,0,6,2,1,36,18,8.836,2.919,1.731,51.055,28.277,0.281,0.037,0.019,0.069,0.068,0.911,0.114,0.077,0.237,0.204,7.925,2.805,1.653,50.818,28.073,0,14,35,0,1,2,0,0,0,0,0,0,0,0,0,0,0,0,0,0,0,119.82,37,0,0,37,156.82,06037702801
702802,2022,2,5,2,0,30,54,37,0,0,0,0,1,3,0,0,0,0,0,1,2,0,7,3,1.473,2.919,0.0,9.927,4.713,0.047,0.037,0.0,0.013,0.011,0.152,0.114,0.0,0.046,0.034,1.321,2.805,0.0,9.881,4.679,0,0,0,0,0,0,0,0,0,0,0,0,0,0,0,0,0,0,0,0,0,22.032,0,0,0,0,22.032,06037702802
702803,2022,2,5,2,0,30,54,37,0,28,0,0,1,4,0,0,0,0,0,0,0,1,0,3,0.0,0.0,1.731,0.0,4.713,0.0,0.0,0.019,0.0,0.011,0.0,0.0,0.077,0.0,0.034,0.0,0.0,1.653,0.0,4.679,0,0,0,0,0,0,0,0,0,0,0,0,0,0,0,0,0,0,0,0,0,10.444,0,0,0,0,10.444,06037702803
702901,2022,1,5,4,11,26,62,33,1,0,1,0,1,1,0,0,0,0,0,0,0,0,0,0,0.0,0.0,0.0,0.0,0.0,0.0,0.0,0.0,0.0,0.0,0.0,0.0,0.0,0.0,0.0,0.0,0.0,0.0,0.0,0.0,0,0,0,0,0,0,0,0,0,0,0,0,0,0,0,0,0,0,0,0,0,1.0,0,0,0,0,1.0,06037702901
703001,2022,2,5,2,0,30,54,37,1,0,1,0,2,9,0,0,0,0,0,11,4,1,3,2,16.2,5.838,1.731,4.255,3.142,0.515,0.073,0.019,0.006,0.008,1.6709999999999998,0.228,0.077,0.02,0.023,14.529,5.61,1.653,4.235,3.119,0,0,0,0,0,0,0,0,0,0,0,0,0,0,0,0,0,0,0,0,0,40.166,0,0,0,0,40.166,06037703001
703002,2022,2,5,2,0,30,54,37,0,0,0,0,0,0,0,0,0,0,0,0,0,0,0,0,0.0,0.0,0.0,0.0,0.0,0.0,0.0,0.0,0.0,0.0,0.0,0.0,0.0,0.0,0.0,0.0,0.0,0.0,0.0,0.0,0,0,0,0,0,0,0,0,0,0,0,0,0,0,0,0,0,0,0,0,0,0.0,0,0,0,0,0.0,06037703002
703100,2022,2,6,2,0,30,54,37,0,0,0,0,2,3,0,0,0,0,0,0,0,0,0,0,0.0,0.0,0.0,0.0,0.0,0.0,0.0,0.0,0.0,0.0,0.0,0.0,0.0,0.0,0.0,0.0,0.0,0.0,0.0,0.0,0,0,0,0,0,0,0,0,0,0,0,0,0,0,0,0,0,0,0,0,0,3.0,0,0,0,0,3.0,06037703100
703200,2022,2,6,2,0,30,54,37,2,0,1,0,2,0,0,0,0,0,0,0,0,2,1,0,0.0,0.0,3.205,1.177,0.0,0.0,0.0,0.038,0.002,0.0,0.0,0.0,0.155,0.007,0.0,0.0,0.0,3.05,1.17,0.0,0,0,0,0,0,0,0,0,0,0,0,0,0,0,0,0,0,0,0,0,0,4.382,0,0,0,0,4.382,06037703200
800101,2022,2,2,3,0,27,45,33,0,0,0,0,0,0,0,0,0,0,0,0,0,0,0,0,0.0,0.0,0.0,0.0,0.0,0.0,0.0,0.0,0.0,0.0,0.0,0.0,0.0,0.0,0.0,0.0,0.0,0.0,0.0,0.0,0,0,0,0,0,0,0,0,0,0,0,0,0,0,0,0,0,0,0,0,0,0.0,0,0,0,0,0.0,06037800101
800102,2022,2,2,3,0,27,50,33,0,0,0,0,1,1,0,0,0,0,0,0,0,0,0,2,0.0,0.0,0.0,0.0,3.37,0.0,0.0,0.0,0.0,0.008,0.0,0.0,0.0,0.0,0.023,0.0,0.0,0.0,0.0,3.348,0,0,0,0,0,0,0,0,0,0,0,0,0,0,0,0,0,0,0,0,0,4.37,0,0,0,0,4.37,06037800102
800202,2022,2,2,3,0,27,45,33,0,0,0,0,0,0,0,0,0,0,0,0,0,0,0,0,0.0,0.0,0.0,0.0,0.0,0.0,0.0,0.0,0.0,0.0,0.0,0.0,0.0,0.0,0.0,0.0,0.0,0.0,0.0,0.0,0,0,0,0,0,0,0,0,0,0,0,0,0,0,0,0,0,0,0,0,0,0.0,0,0,0,0,0.0,06037800202
800203,2022,2,2,3,0,27,45,33,0,0,0,0,0,0,0,0,0,0,0,0,0,0,0,0,0.0,0.0,0.0,0.0,0.0,0.0,0.0,0.0,0.0,0.0,0.0,0.0,0.0,0.0,0.0,0.0,0.0,0.0,0.0,0.0,0,0,0,0,0,0,0,0,0,0,0,0,0,0,0,0,0,0,0,0,0,0.0,0,0,0,0,0.0,06037800203
800204,2022,2,2,3,0,27,45,33,0,0,0,0,0,0,0,0,0,0,0,0,0,0,0,0,0.0,0.0,0.0,0.0,0.0,0.0,0.0,0.0,0.0,0.0,0.0,0.0,0.0,0.0,0.0,0.0,0.0,0.0,0.0,0.0,0,0,0,0,0,0,0,0,0,0,0,0,0,0,0,0,0,0,0,0,0,0.0,0,0,0,0,0.0,06037800204
800324,2022,2,2,3,0,27,50,33,0,0,0,0,0,0,0,0,0,0,0,0,0,0,0,0,0.0,0.0,0.0,0.0,0.0,0.0,0.0,0.0,0.0,0.0,0.0,0.0,0.0,0.0,0.0,0.0,0.0,0.0,0.0,0.0,0,0,0,0,0,0,0,0,0,0,0,0,0,0,0,0,0,0,0,0,0,0.0,0,0,0,0,0.0,06037800324
800325,2022,2,2,3,0,27,44,26,0,0,0,0,0,0,0,0,0,0,0,0,0,0,0,0,0.0,0.0,0.0,0.0,0.0,0.0,0.0,0.0,0.0,0.0,0.0,0.0,0.0,0.0,0.0,0.0,0.0,0.0,0.0,0.0,0,0,0,0,0,0,0,0,0,0,0,0,0,0,0,0,0,0,0,0,0,0.0,0,0,0,0,0.0,06037800325
800326,2022,2,2,3,0,27,44,26,0,0,0,0,2,1,0,0,0,0,0,0,0,3,0,0,0.0,0.0,4.367,0.0,0.0,0.0,0.0,0.057,0.0,0.0,0.0,0.0,0.232,0.0,0.0,0.0,0.0,4.135,0.0,0.0,0,0,0,0,0,0,0,0,0,0,0,0,0,0,0,0,0,0,0,0,0,5.367,0,0,0,0,5.367,06037800326
800327,2022,2,2,3,0,27,50,33,0,0,0,0,0,0,0,0,0,0,0,0,0,0,0,0,0.0,0.0,0.0,0.0,0.0,0.0,0.0,0.0,0.0,0.0,0.0,0.0,0.0,0.0,0.0,0.0,0.0,0.0,0.0,0.0,0,0,0,0,0,0,0,0,0,0,0,0,0,0,0,0,0,0,0,0,0,0.0,0,0,0,0,0.0,06037800327
800328,2022,2,2,3,0,27,50,33,0,0,0,0,0,0,0,0,0,0,0,0,0,0,0,0,0.0,0.0,0.0,0.0,0.0,0.0,0.0,0.0,0.0,0.0,0.0,0.0,0.0,0.0,0.0,0.0,0.0,0.0,0.0,0.0,0,0,0,0,0,0,0,0,0,0,0,0,0,0,0,0,0,0,0,0,0,0.0,0,0,0,0,0.0,06037800328
800329,2022,2,2,3,0,27,50,33,1,0,1,0,0,0,0,0,0,0,0,0,0,0,0,0,0.0,0.0,0.0,0.0,0.0,0.0,0.0,0.0,0.0,0.0,0.0,0.0,0.0,0.0,0.0,0.0,0.0,0.0,0.0,0.0,0,0,0,0,0,0,0,0,0,0,0,0,0,0,0,0,0,0,0,0,0,0.0,0,0,0,0,0.0,06037800329
800330,2022,2,2,3,0,27,50,33,0,0,0,0,0,0,0,0,0,0,0,0,0,0,0,0,0.0,0.0,0.0,0.0,0.0,0.0,0.0,0.0,0.0,0.0,0.0,0.0,0.0,0.0,0.0,0.0,0.0,0.0,0.0,0.0,0,0,0,0,0,0,0,0,0,0,0,0,0,0,0,0,0,0,0,0,0,0.0,0,0,0,0,0.0,06037800330
800331,2022,2,2,3,0,27,44,26,0,0,0,0,0,0,0,0,0,0,0,0,0,0,0,0,0.0,0.0,0.0,0.0,0.0,0.0,0.0,0.0,0.0,0.0,0.0,0.0,0.0,0.0,0.0,0.0,0.0,0.0,0.0,0.0,0,0,0,0,0,0,0,0,0,0,0,0,0,0,0,0,0,0,0,0,0,0.0,0,0,0,0,0.0,06037800331
800332,2022,2,2,3,0,27,50,33,0,0,0,0,0,0,0,0,0,0,0,0,0,0,0,0,0.0,0.0,0.0,0.0,0.0,0.0,0.0,0.0,0.0,0.0,0.0,0.0,0.0,0.0,0.0,0.0,0.0,0.0,0.0,0.0,0,0,0,0,0,0,0,0,0,0,0,0,0,0,0,0,0,0,0,0,0,0.0,0,0,0,0,0.0,06037800332
800406,2022,2,5,3,0,27,50,33,0,0,0,0,1,0,0,0,0,0,0,0,1,0,0,0,0.0,1.459,0.0,0.0,0.0,0.0,0.018,0.0,0.0,0.0,0.0,0.057,0.0,0.0,0.0,0.0,1.403,0.0,0.0,0.0,0,0,0,0,0,0,0,0,0,0,0,0,0,0,0,0,0,0,0,0,0,1.459,0,0,0,0,1.459,06037800406
800408,2022,2,5,3,0,27,50,33,0,0,0,0,3,23,0,0,0,0,0,3,7,0,0,0,4.418,10.216,0.0,0.0,0.0,0.14100000000000001,0.128,0.0,0.0,0.0,0.45599999999999996,0.398,0.0,0.0,0.0,3.963,9.818,0.0,0.0,0.0,0,0,0,0,0,0,0,0,0,0,0,0,0,0,0,0,0,0,0,0,0,37.634,0,0,0,0,37.634,06037800408
800410,2022,2,5,3,0,27,50,33,0,0,0,0,1,1,0,0,0,0,0,5,3,5,0,0,7.364,4.378,8.655,0.0,0.0,0.234,0.055,0.095,0.0,0.0,0.759,0.171,0.387,0.0,0.0,6.604,4.208,8.267,0.0,0.0,0,0,0,0,0,0,0,0,0,0,0,0,0,0,0,0,0,0,0,0,0,21.397,0,0,0,0,21.397,06037800410
800504,2022,2,5,3,0,27,50,33,4,0,1,0,1,7,0,0,0,0,0,2,0,1,0,0,2.945,0.0,1.731,0.0,0.0,0.094,0.0,0.019,0.0,0.0,0.304,0.0,0.077,0.0,0.0,2.642,0.0,1.653,0.0,0.0,0,0,0,0,0,0,0,0,0,0,0,0,0,0,0,0,0,0,0,0,0,11.676,0,0,0,0,11.676,06037800504
800506,2022,2,5,3,0,27,50,33,4,0,2,0,1,4,0,0,0,0,0,0,0,0,2,1,0.0,0.0,0.0,2.836,1.571,0.0,0.0,0.0,0.004,0.004,0.0,0.0,0.0,0.013,0.011,0.0,0.0,0.0,2.823,1.56,0,0,0,0,0,0,0,0,0,0,0,0,0,0,0,0,0,0,0,0,0,8.407,0,0,0,0,8.407,06037800506
900102,2022,2,1,5,0,21,36,25,0,0,0,0,10,0,0,0,0,0,0,18,0,128,1,19,22.275000000000002,0.0,180.196,1.115,20.672,0.843,0.0,2.427,0.002,0.071,2.735,0.0,9.915,0.007,0.215,19.541,0.0,170.28,1.109,20.458000000000002,0,0,0,0,0,0,0,0,0,0,0,0,0,0,0,0,0,0,0,0,0,224.25799999999998,0,0,0,0,224.25799999999998,06037900102
900103,2022,2,1,5,0,21,36,25,0,0,0,0,3,0,0,0,0,0,0,8,0,86,1,15,9.9,0.0,121.06700000000001,1.115,16.32,0.375,0.0,1.63,0.002,0.056999999999999995,1.215,0.0,6.661,0.007,0.16999999999999998,8.685,0.0,114.406,1.109,16.151,0,0,0,0,0,0,0,0,0,0,0,0,0,0,0,0,0,0,0,0,0,148.405,0,0,0,0,148.405,06037900103
900104,2022,2,1,5,0,21,36,25,0,0,0,0,2,0,0,0,0,0,0,15,1,60,0,18,18.563,1.057,84.46600000000001,0.0,19.584,0.702,0.018,1.137,0.0,0.068,2.278,0.057,4.648,0.0,0.204,16.284,1.0,79.819,0.0,19.381,0,0,0,0,0,0,0,0,0,0,0,0,0,0,0,0,0,0,0,0,0,123.67,0,0,0,0,123.67,06037900104
900201,2022,2,1,5,0,21,36,25,0,0,0,0,4,6,1,3,0,0,0,54,8,47,5,13,66.826,8.456,66.16499999999999,5.577,14.144000000000002,2.527,0.147,0.891,0.01,0.049,8.201,0.45599999999999996,3.641,0.033,0.147,58.624,8.0,62.524,5.544,13.998000000000001,0,0,0,0,0,0,0,0,0,0,0,0,0,0,0,0,0,0,0,0,0,170.16899999999998,0,0,0,0,170.16899999999998,06037900201
900300,2022,2,1,5,0,21,36,25,0,0,0,0,2,0,0,0,0,0,0,7,1,3,4,2,8.663,1.057,4.224,4.462,2.176,0.327,0.018,0.056999999999999995,0.008,0.008,1.064,0.057,0.23199999999999998,0.026,0.022,7.6,1.0,3.991,4.435,2.154,0,0,0,0,0,0,0,0,0,0,0,0,0,0,0,0,0,0,0,0,0,20.58,0,0,0,0,20.58,06037900300
900501,2022,2,1,5,0,21,36,25,21,0,2,0,2,7,0,0,0,0,0,3,0,0,6,2,3.713,0.0,0.0,6.692,2.176,0.14,0.0,0.0,0.012,0.008,0.456,0.0,0.0,0.04,0.022,3.257,0.0,0.0,6.653,2.154,0,0,0,0,0,0,0,0,0,0,0,0,0,0,0,0,0,0,0,0,0,19.581,0,0,0,0,19.581,06037900501
900504,2022,2,1,5,0,21,36,25,2,5,1,1,2,2,0,0,0,0,0,0,2,0,1,1,0.0,2.114,0.0,1.115,1.088,0.0,0.037,0.0,0.002,0.004,0.0,0.114,0.0,0.007,0.011,0.0,2.0,0.0,1.109,1.077,0,0,0,0,0,0,0,0,0,0,5,0,0,0,0,0,0,0,0,0,0,6.317,0,5,0,5,11.317,06037900504
900505,2022,2,1,5,0,21,36,25,0,0,0,0,0,0,0,0,0,0,0,0,0,0,0,0,0.0,0.0,0.0,0.0,0.0,0.0,0.0,0.0,0.0,0.0,0.0,0.0,0.0,0.0,0.0,0.0,0.0,0.0,0.0,0.0,0,0,0,0,0,0,0,0,0,0,0,0,0,0,0,0,0,0,0,0,0,0.0,0,0,0,0,0.0,06037900505
900506,2022,2,1,5,0,21,36,25,0,0,0,0,1,1,0,0,0,0,0,0,0,2,0,0,0.0,0.0,2.816,0.0,0.0,0.0,0.0,0.038,0.0,0.0,0.0,0.0,0.155,0.0,0.0,0.0,0.0,2.661,0.0,0.0,0,0,0,0,0,0,0,0,0,0,0,0,0,0,0,0,0,0,0,0,0,3.816,0,0,0,0,3.816,06037900506
900507,2022,2,1,5,0,21,36,25,0,3,0,1,1,5,0,0,0,0,0,2,2,0,0,0,2.475,2.114,0.0,0.0,0.0,0.094,0.037,0.0,0.0,0.0,0.304,0.114,0.0,0.0,0.0,2.171,2.0,0.0,0.0,0.0,0,0,0,0,0,0,0,0,0,0,4,0,0,0,0,0,0,0,0,0,0,9.589,0,4,0,4,13.589,06037900507
900508,2022,2,1,5,0,21,36,25,0,0,0,0,2,2,0,0,0,0,0,4,1,11,0,2,4.95,1.057,15.485999999999999,0.0,2.176,0.187,0.018,0.208,0.0,0.008,0.608,0.057,0.852,0.0,0.023,4.343,1.0,14.633000000000001,0.0,2.153,0,0,0,0,0,0,0,0,0,0,0,0,0,0,0,0,0,0,0,0,0,25.669,0,0,0,0,25.669,06037900508
900602,2022,2,1,5,0,21,36,25,9,0,3,0,2,3,0,0,0,0,0,4,1,7,0,3,4.95,1.057,9.854,0.0,3.2640000000000002,0.187,0.018,0.133,0.0,0.012,0.608,0.057,0.542,0.0,0.034,4.343,1.0,9.312,0.0,3.23,0,0,0,0,0,0,0,0,0,0,0,0,0,0,0,0,0,0,0,0,0,22.125,0,0,0,0,22.125,06037900602
900605,2022,2,1,5,0,21,36,25,0,0,0,0,1,0,0,0,0,0,0,0,0,1,0,0,0.0,0.0,1.408,0.0,0.0,0.0,0.0,0.019,0.0,0.0,0.0,0.0,0.077,0.0,0.0,0.0,0.0,1.33,0.0,0.0,0,0,0,0,0,0,0,0,0,0,0,0,0,0,0,0,0,0,0,0,0,1.408,0,0,0,0,1.408,06037900605
900606,2022,2,1,5,0,21,36,25,7,8,1,1,2,12,0,0,0,0,0,1,1,0,1,0,1.238,1.057,0.0,1.115,0.0,0.047,0.018,0.0,0.002,0.0,0.152,0.057,0.0,0.007,0.0,1.086,1.0,0.0,1.109,0.0,0,0,0,0,0,0,0,0,0,0,6,0,0,0,0,0,0,0,0,0,0,15.41,0,6,0,6,21.41,06037900606
900607,2022,2,1,5,0,21,36,25,16,0,1,0,2,1,0,0,0,0,0,0,0,11,8,4,0.0,0.0,15.485,8.923,4.352,0.0,0.0,0.20900000000000002,0.015,0.015,0.0,0.0,0.8520000000000001,0.053,0.045,0.0,0.0,14.633,8.870999999999999,4.307,0,0,0,0,0,0,0,0,0,0,0,0,0,0,0,0,0,0,0,0,0,29.761000000000003,0,0,0,0,29.761000000000003,06037900607
900608,2022,2,1,5,0,21,36,25,0,0,0,0,1,1,0,0,0,0,0,0,0,0,0,1,0.0,0.0,0.0,0.0,1.088,0.0,0.0,0.0,0.0,0.004,0.0,0.0,0.0,0.0,0.011,0.0,0.0,0.0,0.0,1.077,0,0,0,0,0,0,0,0,0,0,0,0,0,0,0,0,0,0,0,0,0,2.088,0,0,0,0,2.088,06037900608
900609,2022,2,1,5,0,21,36,25,0,0,0,0,1,3,0,0,0,0,0,0,0,0,0,0,0.0,0.0,0.0,0.0,0.0,0.0,0.0,0.0,0.0,0.0,0.0,0.0,0.0,0.0,0.0,0.0,0.0,0.0,0.0,0.0,0,0,0,0,0,0,0,0,0,0,0,0,0,0,0,0,0,0,0,0,0,3.0,0,0,0,0,3.0,06037900609
900701,2022,2,1,5,0,21,36,25,0,0,0,0,2,10,0,0,0,0,0,0,2,0,0,4,0.0,2.114,0.0,0.0,4.352,0.0,0.037,0.0,0.0,0.016,0.0,0.114,0.0,0.0,0.046,0.0,2.0,0.0,0.0,4.306,0,0,0,0,0,0,0,0,0,0,0,0,0,0,0,0,0,0,0,0,0,16.466,0,0,0,0,16.466,06037900701
900703,2022,2,1,5,0,21,36,25,0,0,0,0,2,6,0,0,0,0,0,0,0,0,30,7,0.0,0.0,0.0,33.462,7.6160000000000005,0.0,0.0,0.0,0.057999999999999996,0.027,0.0,0.0,0.0,0.197,0.08,0.0,0.0,0.0,33.265,7.537000000000001,0,0,0,0,0,0,0,0,0,0,0,0,0,0,0,0,0,0,0,0,0,47.07899999999999,0,0,0,0,47.07899999999999,06037900703
900704,2022,2,1,5,0,21,36,25,11,0,2,0,2,12,0,0,0,0,0,1,0,4,0,6,1.238,0.0,5.631,0.0,6.528,0.047,0.0,0.076,0.0,0.023,0.152,0.0,0.31,0.0,0.068,1.086,0.0,5.321,0.0,6.46,0,0,0,0,0,0,0,0,0,0,0,0,0,0,0,0,0,0,0,0,0,25.397,0,0,0,0,25.397,06037900704
900705,2022,2,1,5,0,21,36,25,15,0,1,0,2,24,0,0,0,0,0,6,4,19,14,16,7.426,4.228,26.747999999999998,15.616,17.408,0.28,0.074,0.36,0.026,0.06,0.912,0.228,1.472,0.092,0.181,6.514,4.0,25.276000000000003,15.524,17.227,0,0,0,0,0,0,0,0,0,0,0,0,0,0,0,0,0,0,0,0,0,95.424,0,0,0,0,95.424,06037900705
900803,2022,2,1,5,0,21,36,23,0,0,0,0,0,0,0,0,0,0,0,0,0,0,0,0,0.0,0.0,0.0,0.0,0.0,0.0,0.0,0.0,0.0,0.0,0.0,0.0,0.0,0.0,0.0,0.0,0.0,0.0,0.0,0.0,0,0,0,0,0,0,0,0,0,0,0,0,0,0,0,0,0,0,0,0,0,0.0,0,0,0,0,0.0,06037900803
900804,2022,2,1,5,0,21,36,23,0,0,0,0,1,7,0,0,0,0,0,1,0,3,7,0,1.238,0.0,4.223,7.808,0.0,0.047,0.0,0.057,0.013,0.0,0.152,0.0,0.232,0.046,0.0,1.086,0.0,3.991,7.762,0.0,0,0,0,0,0,0,0,0,0,0,0,0,0,0,0,0,0,0,0,0,0,20.269,0,0,0,0,20.269,06037900804
900805,2022,2,1,5,0,21,36,23,0,0,0,2,0,0,0,0,0,0,0,0,0,0,0,0,0.0,0.0,0.0,0.0,0.0,0.0,0.0,0.0,0.0,0.0,0.0,0.0,0.0,0.0,0.0,0.0,0.0,0.0,0.0,0.0,14,0,0,0,0,0,0,0,0,0,0,0,0,0,0,0,0,0,0,0,0,0.0,14,0,0,14,14.0,06037900805
900806,2022,2,1,5,0,21,36,23,0,0,0,0,2,8,0,0,0,0,0,1,0,0,11,0,1.238,0.0,0.0,12.27,0.0,0.047,0.0,0.0,0.020999999999999998,0.0,0.152,0.0,0.0,0.072,0.0,1.086,0.0,0.0,12.197,0.0,0,0,0,0,0,0,0,0,0,0,0,0,0,0,0,0,0,0,0,0,0,21.507,0,0,0,0,21.507,06037900806
900900,2022,2,1,5,0,21,36,23,17,0,2,0,3,0,0,0,0,0,0,5,0,12,0,4,6.188,0.0,16.893,0.0,4.352,0.23399999999999999,0.0,0.22699999999999998,0.0,0.016,0.76,0.0,0.9289999999999999,0.0,0.046,5.429,0.0,15.963,0.0,4.306,0,0,0,0,0,0,0,0,0,0,0,0,0,0,0,0,0,0,0,0,0,27.433,0,0,0,0,27.433,06037900900
901003,2022,2,1,5,0,21,36,23,9,121,1,1,1,0,0,0,2,0,0,0,0,0,0,0,0.0,0.0,0.0,0.0,0.0,0.0,0.0,0.0,0.0,0.0,0.0,0.0,0.0,0.0,0.0,0.0,0.0,0.0,0.0,0.0,43,0,0,0,0,0,0,0,0,0,0,0,0,0,0,0,0,0,0,0,0,2.0,43,0,0,43,45.0,06037901003
901004,2022,2,1,5,0,21,36,23,0,72,0,1,1,0,0,0,0,0,0,0,0,3,0,0,0.0,0.0,4.223,0.0,0.0,0.0,0.0,0.057,0.0,0.0,0.0,0.0,0.232,0.0,0.0,0.0,0.0,3.991,0.0,0.0,28,0,0,3,0,0,0,0,0,0,0,0,0,0,0,0,0,0,0,0,0,4.223,31,0,0,31,35.223,06037901004
901007,2022,2,1,5,0,21,36,25,0,0,0,0,1,0,0,0,0,0,0,0,0,2,0,1,0.0,0.0,2.816,0.0,1.088,0.0,0.0,0.038,0.0,0.004,0.0,0.0,0.155,0.0,0.011,0.0,0.0,2.661,0.0,1.077,0,0,0,0,0,0,0,0,0,0,0,0,0,0,0,0,0,0,0,0,0,3.904,0,0,0,0,3.904,06037901007
901008,2022,2,1,5,0,21,36,23,20,0,2,0,2,10,0,0,0,0,0,2,1,2,0,2,2.475,1.057,2.816,0.0,2.176,0.094,0.018,0.038,0.0,0.008,0.304,0.057,0.154,0.0,0.023,2.171,1.0,2.66,0.0,2.153,0,0,0,0,0,0,0,0,0,0,0,0,0,0,0,0,0,0,0,0,0,18.524,0,0,0,0,18.524,06037901008
901009,2022,2,1,5,0,21,36,23,0,0,0,1,0,0,0,0,0,0,0,0,0,0,0,0,0.0,0.0,0.0,0.0,0.0,0.0,0.0,0.0,0.0,0.0,0.0,0.0,0.0,0.0,0.0,0.0,0.0,0.0,0.0,0.0,31,0,0,0,0,0,0,0,0,0,0,0,0,0,0,0,0,0,0,0,0,0.0,31,0,0,31,31.0,06037901009
901010,2022,2,1,5,0,21,36,23,0,37,0,1,0,0,0,0,0,0,0,0,0,0,0,0,0.0,0.0,0.0,0.0,0.0,0.0,0.0,0.0,0.0,0.0,0.0,0.0,0.0,0.0,0.0,0.0,0.0,0.0,0.0,0.0,25,0,0,1,0,0,0,0,0,0,0,0,0,0,0,0,0,0,0,0,0,0.0,26,0,0,26,26.0,06037901010
901011,2022,2,1,5,0,21,36,25,0,0,0,0,0,0,0,0,0,0,0,0,0,0,0,0,0.0,0.0,0.0,0.0,0.0,0.0,0.0,0.0,0.0,0.0,0.0,0.0,0.0,0.0,0.0,0.0,0.0,0.0,0.0,0.0,0,0,0,0,0,0,0,0,0,0,0,0,0,0,0,0,0,0,0,0,0,0.0,0,0,0,0,0.0,06037901011
901101,2022,2,1,5,0,21,36,23,0,0,0,0,1,0,0,0,0,0,0,0,0,3,0,0,0.0,0.0,4.223,0.0,0.0,0.0,0.0,0.057,0.0,0.0,0.0,0.0,0.232,0.0,0.0,0.0,0.0,3.991,0.0,0.0,0,0,0,0,0,0,0,0,0,0,0,0,0,0,0,0,0,0,0,0,0,4.223,0,0,0,0,4.223,06037901101
901102,2022,2,1,5,0,21,36,23,0,0,0,0,2,1,0,0,0,0,0,0,0,4,0,0,0.0,0.0,5.632,0.0,0.0,0.0,0.0,0.076,0.0,0.0,0.0,0.0,0.31,0.0,0.0,0.0,0.0,5.322,0.0,0.0,0,0,0,0,0,0,0,0,0,0,0,0,0,0,0,0,0,0,0,0,0,6.632,0,0,0,0,6.632,06037901102
901205,2022,2,1,5,0,21,36,23,0,0,0,0,3,0,0,0,0,0,0,3,1,35,0,2,3.713,1.057,49.272000000000006,0.0,2.176,0.14100000000000001,0.018,0.663,0.0,0.008,0.45599999999999996,0.057,2.711,0.0,0.023,3.2569999999999997,1.0,46.561,0.0,2.153,0,0,0,0,0,0,0,0,0,0,0,0,0,0,0,0,0,0,0,0,0,56.218,0,0,0,0,56.218,06037901205
901209,2022,2,1,5,0,21,36,25,0,0,0,0,5,2,0,0,0,0,0,19,0,20,1,2,23.514,0.0,28.156,1.115,2.176,0.89,0.0,0.38,0.002,0.008,2.886,0.0,1.549,0.007,0.022,20.627000000000002,0.0,26.606,1.109,2.154,0,0,0,0,0,0,0,0,0,0,0,0,0,0,0,0,0,0,0,0,0,56.96,0,0,0,0,56.96,06037901209
901210,2022,2,1,5,0,21,36,25,0,0,0,0,0,0,0,0,0,0,0,0,0,0,0,0,0.0,0.0,0.0,0.0,0.0,0.0,0.0,0.0,0.0,0.0,0.0,0.0,0.0,0.0,0.0,0.0,0.0,0.0,0.0,0.0,0,0,0,0,0,0,0,0,0,0,0,0,0,0,0,0,0,0,0,0,0,0.0,0,0,0,0,0.0,06037901210
901213,2022,2,1,5,0,21,36,25,0,0,0,0,1,0,0,0,0,0,0,2,0,1,1,0,2.475,0.0,1.408,1.115,0.0,0.094,0.0,0.019,0.002,0.0,0.304,0.0,0.077,0.007,0.0,2.171,0.0,1.33,1.109,0.0,0,0,0,0,0,0,0,0,0,0,0,0,0,0,0,0,0,0,0,0,0,4.998,0,0,0,0,4.998,06037901213
910001,2022,2,1,5,0,21,36,25,0,0,0,0,3,0,0,0,0,0,0,14,0,109,1,23,17.326,0.0,153.446,1.115,25.024,0.656,0.0,2.065,0.002,0.087,2.126,0.0,8.443,0.007,0.261,15.199000000000002,0.0,145.003,1.109,24.765,0,0,0,0,0,0,0,0,0,0,0,0,0,0,0,0,0,0,0,0,0,196.909,0,0,0,0,196.909,06037910001
910002,2022,2,1,5,0,21,36,25,0,0,0,0,4,1,0,0,0,0,0,37,5,188,2,57,45.788,5.285,264.66200000000003,2.231,62.018,1.7320000000000002,0.092,3.5620000000000003,0.004,0.215,5.62,0.285,14.562999999999999,0.013,0.645,40.169,5.0,250.093,2.218,61.373,0,0,0,0,0,0,0,0,0,0,0,0,0,0,0,0,0,0,0,0,0,380.983,0,0,0,0,380.983,06037910002
910101,2022,2,1,5,0,21,36,25,8,0,1,0,2,0,0,0,5,0,0,0,0,3,0,0,0.0,0.0,4.223,0.0,0.0,0.0,0.0,0.057,0.0,0.0,0.0,0.0,0.232,0.0,0.0,0.0,0.0,3.991,0.0,0.0,0,0,0,0,0,0,0,0,0,0,0,0,0,0,0,0,0,0,0,0,0,9.222999999999999,0,0,0,0,9.222999999999999,06037910101
910201,2022,2,1,5,0,21,36,25,0,0,0,0,2,4,0,0,0,0,0,3,0,3,12,4,3.713,0.0,4.223,13.385,4.352,0.14,0.0,0.057,0.023,0.016,0.456,0.0,0.232,0.079,0.046,3.257,0.0,3.991,13.307,4.306,0,0,0,0,0,0,0,0,0,0,0,0,0,0,0,0,0,0,0,0,0,29.673000000000002,0,0,0,0,29.673000000000002,06037910201
910202,2022,2,1,5,0,21,36,25,0,0,0,0,2,0,0,0,0,0,0,15,1,22,2,2,18.563,1.057,30.971,2.231,2.176,0.702,0.018,0.417,0.004,0.008,2.278,0.057,1.704,0.013,0.022,16.284,1.0,29.267,2.218,2.154,0,0,0,0,0,0,0,0,0,0,0,0,0,0,0,0,0,0,0,0,0,54.997,0,0,0,0,54.997,06037910202
910205,2022,2,1,5,0,21,36,25,0,0,0,0,3,0,0,0,0,0,0,3,0,4,3,1,3.713,0.0,5.632,3.346,1.088,0.14,0.0,0.076,0.006,0.004,0.456,0.0,0.31,0.02,0.011,3.257,0.0,5.322,3.327,1.077,0,0,0,0,0,0,0,0,0,0,0,0,0,0,0,0,0,0,0,0,0,13.779,0,0,0,0,13.779,06037910205
910206,2022,2,1,5,0,21,36,25,0,0,0,0,1,0,0,0,0,0,0,1,0,0,2,0,1.238,0.0,0.0,2.231,0.0,0.047,0.0,0.0,0.004,0.0,0.152,0.0,0.0,0.013,0.0,1.086,0.0,0.0,2.218,0.0,0,0,0,0,0,0,0,0,0,0,0,0,0,0,0,0,0,0,0,0,0,3.468,0,0,0,0,3.468,06037910206
910207,2022,2,1,5,0,21,36,25,0,0,0,0,1,0,0,0,0,0,0,0,0,0,1,0,0.0,0.0,0.0,1.115,0.0,0.0,0.0,0.0,0.002,0.0,0.0,0.0,0.0,0.007,0.0,0.0,0.0,0.0,1.109,0.0,0,0,0,0,0,0,0,0,0,0,0,0,0,0,0,0,0,0,0,0,0,1.115,0,0,0,0,1.115,06037910207
910208,2022,2,1,5,0,21,36,25,0,0,0,0,1,2,0,0,0,0,0,0,0,0,0,0,0.0,0.0,0.0,0.0,0.0,0.0,0.0,0.0,0.0,0.0,0.0,0.0,0.0,0.0,0.0,0.0,0.0,0.0,0.0,0.0,0,0,0,0,0,0,0,0,0,0,0,0,0,0,0,0,0,0,0,0,0,2.0,0,0,0,0,2.0,06037910208
910209,2022,2,1,5,0,21,36,25,0,0,0,0,0,0,0,0,0,0,0,0,0,0,0,0,0.0,0.0,0.0,0.0,0.0,0.0,0.0,0.0,0.0,0.0,0.0,0.0,0.0,0.0,0.0,0.0,0.0,0.0,0.0,0.0,0,0,0,0,0,0,0,0,0,0,0,0,0,0,0,0,0,0,0,0,0,0.0,0,0,0,0,0.0,06037910209
910210,2022,2,1,5,0,21,36,25,0,0,0,0,0,0,0,0,0,0,0,0,0,0,0,0,0.0,0.0,0.0,0.0,0.0,0.0,0.0,0.0,0.0,0.0,0.0,0.0,0.0,0.0,0.0,0.0,0.0,0.0,0.0,0.0,0,0,0,0,0,0,0,0,0,0,0,0,0,0,0,0,0,0,0,0,0,0.0,0,0,0,0,0.0,06037910210
910301,2022,2,1,5,0,21,36,23,0,0,0,0,0,0,0,0,0,0,0,0,0,0,0,0,0.0,0.0,0.0,0.0,0.0,0.0,0.0,0.0,0.0,0.0,0.0,0.0,0.0,0.0,0.0,0.0,0.0,0.0,0.0,0.0,0,0,0,0,0,0,0,0,0,0,0,0,0,0,0,0,0,0,0,0,0,0.0,0,0,0,0,0.0,06037910301
910302,2022,2,1,5,0,21,36,25,0,0,0,0,0,0,0,0,0,0,0,0,0,0,0,0,0.0,0.0,0.0,0.0,0.0,0.0,0.0,0.0,0.0,0.0,0.0,0.0,0.0,0.0,0.0,0.0,0.0,0.0,0.0,0.0,0,0,0,0,0,0,0,0,0,0,0,0,0,0,0,0,0,0,0,0,0,0.0,0,0,0,0,0.0,06037910302
910401,2022,2,1,5,0,21,36,25,3,0,1,0,1,0,0,0,0,0,0,1,0,0,0,0,1.238,0.0,0.0,0.0,0.0,0.047,0.0,0.0,0.0,0.0,0.152,0.0,0.0,0.0,0.0,1.086,0.0,0.0,0.0,0.0,0,0,0,0,0,0,0,0,0,0,0,0,0,0,0,0,0,0,0,0,0,1.238,0,0,0,0,1.238,06037910401
910402,2022,2,1,5,0,21,36,25,0,7,0,1,1,1,0,0,0,0,0,0,0,0,0,1,0.0,0.0,0.0,0.0,1.088,0.0,0.0,0.0,0.0,0.004,0.0,0.0,0.0,0.0,0.011,0.0,0.0,0.0,0.0,1.077,27,0,0,3,0,0,0,1,0,0,6,0,0,0,0,0,0,0,0,0,0,2.088,30,7,0,37,39.088,06037910402
910403,2022,2,1,5,0,21,36,25,1,44,1,1,1,1,0,0,0,0,0,2,0,1,7,0,2.475,0.0,1.408,7.808,0.0,0.094,0.0,0.019,0.013,0.0,0.304,0.0,0.077,0.046,0.0,2.171,0.0,1.33,7.762,0.0,0,7,22,0,2,4,0,0,0,0,0,0,0,0,0,0,0,0,0,0,0,12.691,26,0,0,26,38.691,06037910403
910404,2022,2,1,5,0,21,36,25,0,0,0,0,1,1,0,0,0,0,0,0,0,0,0,0,0.0,0.0,0.0,0.0,0.0,0.0,0.0,0.0,0.0,0.0,0.0,0.0,0.0,0.0,0.0,0.0,0.0,0.0,0.0,0.0,0,0,0,0,0,0,0,0,0,0,0,0,0,0,0,0,0,0,0,0,0,1.0,0,0,0,0,1.0,06037910404
910501,2022,2,1,5,0,21,36,25,0,0,0,0,1,7,0,0,0,0,0,0,0,0,0,0,0.0,0.0,0.0,0.0,0.0,0.0,0.0,0.0,0.0,0.0,0.0,0.0,0.0,0.0,0.0,0.0,0.0,0.0,0.0,0.0,0,0,0,0,0,0,0,0,0,0,0,0,0,0,0,0,0,0,0,0,0,7.0,0,0,0,0,7.0,06037910501
910502,2022,2,1,5,0,21,36,25,0,0,0,0,2,3,0,0,0,0,0,0,0,0,2,0,0.0,0.0,0.0,2.231,0.0,0.0,0.0,0.0,0.004,0.0,0.0,0.0,0.0,0.013,0.0,0.0,0.0,0.0,2.218,0.0,0,0,0,0,0,0,0,0,0,0,0,0,0,0,0,0,0,0,0,0,0,5.231,0,0,0,0,5.231,06037910502
910504,2022,2,1,5,0,21,36,25,0,0,0,0,1,1,0,0,0,0,0,0,0,0,0,1,0.0,0.0,0.0,0.0,1.088,0.0,0.0,0.0,0.0,0.004,0.0,0.0,0.0,0.0,0.011,0.0,0.0,0.0,0.0,1.077,0,0,0,0,0,0,0,0,0,0,0,0,0,0,0,0,0,0,0,0,0,2.088,0,0,0,0,2.088,06037910504
910505,2022,2,1,5,0,21,36,25,0,0,0,0,0,0,0,0,0,0,0,0,0,0,0,0,0.0,0.0,0.0,0.0,0.0,0.0,0.0,0.0,0.0,0.0,0.0,0.0,0.0,0.0,0.0,0.0,0.0,0.0,0.0,0.0,0,0,0,0,0,0,0,0,0,0,0,0,0,0,0,0,0,0,0,0,0,0.0,0,0,0,0,0.0,06037910505
910601,2022,2,1,5,0,21,36,25,0,0,0,1,2,2,0,0,0,0,0,0,0,3,0,0,0.0,0.0,4.224,0.0,0.0,0.0,0.0,0.056999999999999995,0.0,0.0,0.0,0.0,0.23199999999999998,0.0,0.0,0.0,0.0,3.991,0.0,0.0,5,0,0,0,0,0,0,0,0,0,0,0,0,0,0,0,0,0,0,0,0,6.224,5,0,0,5,11.224,06037910601
910602,2022,2,1,5,0,21,36,25,0,0,0,0,0,0,0,0,0,0,0,0,0,0,0,0,0.0,0.0,0.0,0.0,0.0,0.0,0.0,0.0,0.0,0.0,0.0,0.0,0.0,0.0,0.0,0.0,0.0,0.0,0.0,0.0,0,0,0,0,0,0,0,0,0,0,0,0,0,0,0,0,0,0,0,0,0,0.0,0,0,0,0,0.0,06037910602
910603,2022,2,1,5,0,21,36,25,0,0,0,0,1,0,0,0,0,0,0,1,0,1,0,1,1.238,0.0,1.408,0.0,1.088,0.047,0.0,0.019,0.0,0.004,0.152,0.0,0.077,0.0,0.011,1.086,0.0,1.33,0.0,1.077,0,0,0,0,0,0,0,0,0,0,0,0,0,0,0,0,0,0,0,0,0,3.733,0,0,0,0,3.733,06037910603
910605,2022,2,1,5,0,21,36,25,0,0,0,0,1,0,0,0,0,0,0,0,0,1,0,0,0.0,0.0,1.408,0.0,0.0,0.0,0.0,0.019,0.0,0.0,0.0,0.0,0.077,0.0,0.0,0.0,0.0,1.33,0.0,0.0,0,0,0,0,0,0,0,0,0,0,0,0,0,0,0,0,0,0,0,0,0,1.408,0,0,0,0,1.408,06037910605
910606,2022,2,1,5,0,21,36,25,0,0,0,0,1,0,0,0,0,0,0,1,0,1,0,1,1.238,0.0,1.408,0.0,1.088,0.047,0.0,0.019,0.0,0.004,0.152,0.0,0.077,0.0,0.011,1.086,0.0,1.33,0.0,1.077,0,0,0,0,0,0,0,0,0,0,0,0,0,0,0,0,0,0,0,0,0,3.733,0,0,0,0,3.733,06037910606
910705,2022,2,1,5,0,21,36,25,0,0,0,0,2,0,0,0,0,0,0,0,0,13,0,0,0.0,0.0,18.301,0.0,0.0,0.0,0.0,0.247,0.0,0.0,0.0,0.0,1.0070000000000001,0.0,0.0,0.0,0.0,17.294,0.0,0.0,0,0,0,0,0,0,0,0,0,0,0,0,0,0,0,0,0,0,0,0,0,18.301,0,0,0,0,18.301,06037910705
910706,2022,2,1,5,0,21,36,25,0,0,0,0,1,1,0,0,0,0,0,0,0,0,0,2,0.0,0.0,0.0,0.0,2.176,0.0,0.0,0.0,0.0,0.008,0.0,0.0,0.0,0.0,0.023,0.0,0.0,0.0,0.0,2.153,0,0,0,0,0,0,0,0,0,0,0,0,0,0,0,0,0,0,0,0,0,3.176,0,0,0,0,3.176,06037910706
910707,2022,2,1,5,0,21,36,25,0,0,0,0,2,0,0,0,0,0,0,0,0,2,0,1,0.0,0.0,2.816,0.0,1.088,0.0,0.0,0.038,0.0,0.004,0.0,0.0,0.155,0.0,0.011,0.0,0.0,2.661,0.0,1.077,0,0,0,0,0,0,0,0,0,0,0,0,0,0,0,0,0,0,0,0,0,3.904,0,0,0,0,3.904,06037910707
910709,2022,2,1,5,0,21,36,25,0,0,0,0,1,0,0,0,0,0,0,0,0,1,0,1,0.0,0.0,1.408,0.0,1.088,0.0,0.0,0.019,0.0,0.004,0.0,0.0,0.077,0.0,0.011,0.0,0.0,1.33,0.0,1.077,0,0,0,0,0,0,0,0,0,0,0,0,0,0,0,0,0,0,0,0,0,2.496,0,0,0,0,2.496,06037910709
910711,2022,2,1,5,0,21,36,25,0,0,0,0,2,0,0,0,0,0,0,1,0,5,1,1,1.238,0.0,7.039,1.115,1.088,0.047,0.0,0.095,0.002,0.004,0.152,0.0,0.387,0.007,0.011,1.086,0.0,6.652,1.109,1.077,0,0,0,0,0,0,0,0,0,0,0,0,0,0,0,0,0,0,0,0,0,10.479,0,0,0,0,10.479,06037910711
910712,2022,2,1,5,0,21,36,25,0,0,0,0,1,3,0,0,0,0,0,2,2,3,0,2,2.475,2.114,4.223,0.0,2.176,0.094,0.037,0.057,0.0,0.008,0.304,0.114,0.232,0.0,0.023,2.171,2.0,3.991,0.0,2.153,0,0,0,0,0,0,0,0,0,0,0,0,0,0,0,0,0,0,0,0,0,13.988,0,0,0,0,13.988,06037910712
910713,2022,2,1,5,0,21,36,25,0,0,0,0,1,0,0,0,0,0,0,0,0,1,0,0,0.0,0.0,1.408,0.0,0.0,0.0,0.0,0.019,0.0,0.0,0.0,0.0,0.077,0.0,0.0,0.0,0.0,1.33,0.0,0.0,0,0,0,0,0,0,0,0,0,0,0,0,0,0,0,0,0,0,0,0,0,1.408,0,0,0,0,1.408,06037910713
910714,2022,2,1,5,0,21,36,25,0,0,0,0,1,0,0,0,0,0,0,0,0,2,0,0,0.0,0.0,2.816,0.0,0.0,0.0,0.0,0.038,0.0,0.0,0.0,0.0,0.155,0.0,0.0,0.0,0.0,2.661,0.0,0.0,0,0,0,0,0,0,0,0,0,0,0,0,0,0,0,0,0,0,0,0,0,2.816,0,0,0,0,2.816,06037910714
910715,2022,2,1,5,0,21,36,25,0,0,0,0,3,0,0,0,0,0,0,0,5,4,0,0,0.0,5.285,5.630999999999999,0.0,0.0,0.0,0.091,0.07600000000000001,0.0,0.0,0.0,0.28500000000000003,0.30900000000000005,0.0,0.0,0.0,5.0,5.321,0.0,0.0,0,0,0,0,0,0,0,0,0,0,0,0,0,0,0,0,0,0,0,0,0,10.916,0,0,0,0,10.916,06037910715
910716,2022,2,1,5,0,21,36,25,0,0,0,0,2,1,0,0,0,0,0,0,4,4,0,0,0.0,4.228,5.631,0.0,0.0,0.0,0.073,0.076,0.0,0.0,0.0,0.228,0.31,0.0,0.0,0.0,4.0,5.321,0.0,0.0,0,0,0,0,0,0,0,0,0,0,0,0,0,0,0,0,0,0,0,0,0,10.859,0,0,0,0,10.859,06037910716
910804,2022,2,1,5,0,21,36,25,0,0,0,0,1,0,0,0,0,0,0,0,0,0,1,1,0.0,0.0,0.0,1.115,1.088,0.0,0.0,0.0,0.002,0.004,0.0,0.0,0.0,0.007,0.011,0.0,0.0,0.0,1.109,1.077,0,0,0,0,0,0,0,0,0,0,0,0,0,0,0,0,0,0,0,0,0,2.203,0,0,0,0,2.203,06037910804
910805,2022,2,1,5,0,21,38,25,0,0,0,0,1,0,0,0,0,0,0,0,0,4,4,2,0.0,0.0,5.631,4.462,2.176,0.0,0.0,0.076,0.008,0.008,0.0,0.0,0.31,0.026,0.023,0.0,0.0,5.321,4.435,2.153,0,0,0,0,0,0,0,0,0,0,0,0,0,0,0,0,0,0,0,0,0,12.269,0,0,0,0,12.269,06037910805
910807,2022,2,2,5,0,21,38,25,0,0,0,0,0,0,0,0,0,0,0,0,0,0,0,0,0.0,0.0,0.0,0.0,0.0,0.0,0.0,0.0,0.0,0.0,0.0,0.0,0.0,0.0,0.0,0.0,0.0,0.0,0.0,0.0,0,0,0,0,0,0,0,0,0,0,0,0,0,0,0,0,0,0,0,0,0,0.0,0,0,0,0,0.0,06037910807
910808,2022,2,2,5,0,21,38,25,0,0,0,0,0,0,0,0,0,0,0,0,0,0,0,0,0.0,0.0,0.0,0.0,0.0,0.0,0.0,0.0,0.0,0.0,0.0,0.0,0.0,0.0,0.0,0.0,0.0,0.0,0.0,0.0,0,0,0,0,0,0,0,0,0,0,0,0,0,0,0,0,0,0,0,0,0,0.0,0,0,0,0,0.0,06037910808
910809,2022,2,2,5,0,21,38,25,0,0,0,0,0,0,0,0,0,0,0,0,0,0,0,0,0.0,0.0,0.0,0.0,0.0,0.0,0.0,0.0,0.0,0.0,0.0,0.0,0.0,0.0,0.0,0.0,0.0,0.0,0.0,0.0,0,0,0,0,0,0,0,0,0,0,0,0,0,0,0,0,0,0,0,0,0,0.0,0,0,0,0,0.0,06037910809
910810,2022,2,2,5,0,21,38,25,0,0,0,0,0,0,0,0,0,0,0,0,0,0,0,0,0.0,0.0,0.0,0.0,0.0,0.0,0.0,0.0,0.0,0.0,0.0,0.0,0.0,0.0,0.0,0.0,0.0,0.0,0.0,0.0,0,0,0,0,0,0,0,0,0,0,0,0,0,0,0,0,0,0,0,0,0,0.0,0,0,0,0,0.0,06037910810
910811,2022,2,1,5,0,21,39,25,0,0,0,0,0,0,0,0,0,0,0,0,0,0,0,0,0.0,0.0,0.0,0.0,0.0,0.0,0.0,0.0,0.0,0.0,0.0,0.0,0.0,0.0,0.0,0.0,0.0,0.0,0.0,0.0,0,0,0,0,0,0,0,0,0,0,0,0,0,0,0,0,0,0,0,0,0,0.0,0,0,0,0,0.0,06037910811
910812,2022,2,1,5,0,21,36,25,0,0,0,0,1,0,0,0,0,0,0,0,0,6,0,3,0.0,0.0,8.447,0.0,3.264,0.0,0.0,0.114,0.0,0.011,0.0,0.0,0.465,0.0,0.034,0.0,0.0,7.982,0.0,3.23,0,0,0,0,0,0,0,0,0,0,0,0,0,0,0,0,0,0,0,0,0,11.711,0,0,0,0,11.711,06037910812
910813,2022,2,1,5,0,21,38,25,0,0,0,0,2,2,0,0,0,0,0,0,0,0,0,0,0.0,0.0,0.0,0.0,0.0,0.0,0.0,0.0,0.0,0.0,0.0,0.0,0.0,0.0,0.0,0.0,0.0,0.0,0.0,0.0,0,0,0,0,0,0,0,0,0,0,0,0,0,0,0,0,0,0,0,0,0,2.0,0,0,0,0,2.0,06037910813
911001,2022,2,1,5,0,21,36,25,0,0,0,0,8,4,0,0,0,0,0,276,37,403,51,346,341.554,39.106,567.329,56.886,376.461,12.92,0.6779999999999999,7.635,0.098,1.305,41.92,2.106,31.215,0.335,3.919,299.63100000000003,37.0,536.122,56.550999999999995,372.534,0,0,0,0,0,0,0,0,0,0,0,0,0,0,0,0,0,0,0,0,0,1385.3410000000001,0,0,0,0,1385.3410000000001,06037911001
920011,2022,2,2,5,0,21,36,25,0,0,0,0,0,0,0,0,0,0,0,0,0,0,0,0,0.0,0.0,0.0,0.0,0.0,0.0,0.0,0.0,0.0,0.0,0.0,0.0,0.0,0.0,0.0,0.0,0.0,0.0,0.0,0.0,0,0,0,0,0,0,0,0,0,0,0,0,0,0,0,0,0,0,0,0,0,0.0,0,0,0,0,0.0,06037920011
920012,2022,2,1,5,0,21,36,25,0,0,0,0,0,0,0,0,0,0,0,0,0,0,0,0,0.0,0.0,0.0,0.0,0.0,0.0,0.0,0.0,0.0,0.0,0.0,0.0,0.0,0.0,0.0,0.0,0.0,0.0,0.0,0.0,0,0,0,0,0,0,0,0,0,0,0,0,0,0,0,0,0,0,0,0,0,0.0,0,0,0,0,0.0,06037920012
920013,2022,2,2,5,0,21,38,25,0,0,0,0,1,1,0,0,0,0,0,0,0,0,0,0,0.0,0.0,0.0,0.0,0.0,0.0,0.0,0.0,0.0,0.0,0.0,0.0,0.0,0.0,0.0,0.0,0.0,0.0,0.0,0.0,0,0,0,0,0,0,0,0,0,0,0,0,0,0,0,0,0,0,0,0,0,1.0,0,0,0,0,1.0,06037920013
920015,2022,2,2,5,0,21,36,25,0,0,0,0,0,0,0,0,0,0,0,0,0,0,0,0,0.0,0.0,0.0,0.0,0.0,0.0,0.0,0.0,0.0,0.0,0.0,0.0,0.0,0.0,0.0,0.0,0.0,0.0,0.0,0.0,0,0,0,0,0,0,0,0,0,0,0,0,0,0,0,0,0,0,0,0,0,0.0,0,0,0,0,0.0,06037920015
920016,2022,2,2,5,0,21,36,25,0,0,0,0,0,0,0,0,0,0,0,0,0,0,0,0,0.0,0.0,0.0,0.0,0.0,0.0,0.0,0.0,0.0,0.0,0.0,0.0,0.0,0.0,0.0,0.0,0.0,0.0,0.0,0.0,0,0,0,0,0,0,0,0,0,0,0,0,0,0,0,0,0,0,0,0,0,0.0,0,0,0,0,0.0,06037920016
920017,2022,2,2,5,0,21,38,25,0,0,0,0,0,0,0,0,0,0,0,0,0,0,0,0,0.0,0.0,0.0,0.0,0.0,0.0,0.0,0.0,0.0,0.0,0.0,0.0,0.0,0.0,0.0,0.0,0.0,0.0,0.0,0.0,0,0,0,0,0,0,0,0,0,0,0,0,0,0,0,0,0,0,0,0,0,0.0,0,0,0,0,0.0,06037920017
920018,2022,2,2,5,0,21,38,25,0,0,0,0,0,0,0,0,0,0,0,0,0,0,0,0,0.0,0.0,0.0,0.0,0.0,0.0,0.0,0.0,0.0,0.0,0.0,0.0,0.0,0.0,0.0,0.0,0.0,0.0,0.0,0.0,0,0,0,0,0,0,0,0,0,0,0,0,0,0,0,0,0,0,0,0,0,0.0,0,0,0,0,0.0,06037920018
920020,2022,2,2,5,0,21,38,25,0,0,0,0,0,0,0,0,0,0,0,0,0,0,0,0,0.0,0.0,0.0,0.0,0.0,0.0,0.0,0.0,0.0,0.0,0.0,0.0,0.0,0.0,0.0,0.0,0.0,0.0,0.0,0.0,0,0,0,0,0,0,0,0,0,0,0,0,0,0,0,0,0,0,0,0,0,0.0,0,0,0,0,0.0,06037920020
920023,2022,2,2,5,0,21,38,25,4,0,1,0,1,2,0,0,0,0,0,0,0,4,1,0,0.0,0.0,5.823,1.259,0.0,0.0,0.0,0.076,0.002,0.0,0.0,0.0,0.31,0.007,0.0,0.0,0.0,5.513,1.252,0.0,0,0,0,0,0,0,0,0,0,0,0,0,0,0,0,0,0,0,0,0,0,9.081,0,0,0,0,9.081,06037920023
920026,2022,2,2,5,0,21,36,25,0,0,0,0,0,0,0,0,0,0,0,0,0,0,0,0,0.0,0.0,0.0,0.0,0.0,0.0,0.0,0.0,0.0,0.0,0.0,0.0,0.0,0.0,0.0,0.0,0.0,0.0,0.0,0.0,0,0,0,0,0,0,0,0,0,0,0,0,0,0,0,0,0,0,0,0,0,0.0,0,0,0,0,0.0,06037920026
920028,2022,2,2,5,0,21,36,25,0,0,0,0,0,0,0,0,0,0,0,0,0,0,0,0,0.0,0.0,0.0,0.0,0.0,0.0,0.0,0.0,0.0,0.0,0.0,0.0,0.0,0.0,0.0,0.0,0.0,0.0,0.0,0.0,0,0,0,0,0,0,0,0,0,0,0,0,0,0,0,0,0,0,0,0,0,0.0,0,0,0,0,0.0,06037920028
920029,2022,2,2,5,0,21,38,25,0,0,0,0,1,5,0,0,0,0,0,0,0,0,1,0,0.0,0.0,0.0,1.259,0.0,0.0,0.0,0.0,0.002,0.0,0.0,0.0,0.0,0.007,0.0,0.0,0.0,0.0,1.252,0.0,0,0,0,0,0,0,0,0,0,0,0,0,0,0,0,0,0,0,0,0,0,6.259,0,0,0,0,6.259,06037920029
920030,2022,2,2,5,0,21,38,25,0,0,0,0,2,4,0,0,0,0,0,0,1,0,1,1,0.0,1.49,0.0,1.259,1.685,0.0,0.018,0.0,0.002,0.004,0.0,0.057,0.0,0.007,0.011,0.0,1.433,0.0,1.252,1.674,0,0,0,0,0,0,0,0,0,0,0,0,0,0,0,0,0,0,0,0,0,8.434,0,0,0,0,8.434,06037920030
920031,2022,2,2,5,0,21,38,25,0,0,0,0,1,0,0,0,0,0,0,2,0,0,1,0,2.95,0.0,0.0,1.259,0.0,0.094,0.0,0.0,0.002,0.0,0.304,0.0,0.0,0.007,0.0,2.646,0.0,0.0,1.252,0.0,0,0,0,0,0,0,0,0,0,0,0,0,0,0,0,0,0,0,0,0,0,4.208,0,0,0,0,4.208,06037920031
920032,2022,2,2,5,0,21,36,25,0,0,0,0,1,0,0,0,0,0,0,0,1,0,0,0,0.0,1.49,0.0,0.0,0.0,0.0,0.018,0.0,0.0,0.0,0.0,0.057,0.0,0.0,0.0,0.0,1.433,0.0,0.0,0.0,0,0,0,0,0,0,0,0,0,0,0,0,0,0,0,0,0,0,0,0,0,1.49,0,0,0,0,1.49,06037920032
920033,2022,2,2,5,0,21,36,25,0,0,0,0,0,0,0,0,0,0,0,0,0,0,0,0,0.0,0.0,0.0,0.0,0.0,0.0,0.0,0.0,0.0,0.0,0.0,0.0,0.0,0.0,0.0,0.0,0.0,0.0,0.0,0.0,0,0,0,0,0,0,0,0,0,0,0,0,0,0,0,0,0,0,0,0,0,0.0,0,0,0,0,0.0,06037920033
920034,2022,2,2,5,0,21,36,25,0,0,0,0,1,2,0,0,0,0,0,6,2,6,0,0,8.849,2.98,8.734,0.0,0.0,0.281,0.037,0.114,0.0,0.0,0.911,0.114,0.465,0.0,0.0,7.937,2.866,8.269,0.0,0.0,0,0,0,0,0,0,0,0,0,0,0,0,0,0,0,0,0,0,0,0,0,22.563,0,0,0,0,22.563,06037920034
920035,2022,2,2,5,0,21,38,25,0,0,0,0,2,6,0,0,0,0,0,0,1,8,0,3,0.0,1.49,11.645,0.0,5.056,0.0,0.018,0.152,0.0,0.011,0.0,0.057,0.62,0.0,0.034,0.0,1.433,11.025,0.0,5.022,0,0,0,0,0,0,0,0,0,0,0,0,0,0,0,0,0,0,0,0,0,24.191,0,0,0,0,24.191,06037920035
920036,2022,2,2,5,0,21,38,25,0,0,0,0,1,1,0,0,0,0,0,0,0,0,0,4,0.0,0.0,0.0,0.0,6.741,0.0,0.0,0.0,0.0,0.015,0.0,0.0,0.0,0.0,0.045,0.0,0.0,0.0,0.0,6.696,0,0,0,0,0,0,0,0,0,0,0,0,0,0,0,0,0,0,0,0,0,7.741,0,0,0,0,7.741,06037920036
920037,2022,2,2,5,0,21,38,25,0,0,0,0,1,3,0,0,0,0,0,1,1,0,0,0,1.475,1.49,0.0,0.0,0.0,0.047,0.018,0.0,0.0,0.0,0.152,0.057,0.0,0.0,0.0,1.323,1.433,0.0,0.0,0.0,0,0,0,0,0,0,0,0,0,0,0,0,0,0,0,0,0,0,0,0,0,5.965,0,0,0,0,5.965,06037920037
920038,2022,2,2,5,0,21,38,25,0,0,0,0,0,0,0,0,0,0,0,0,0,0,0,0,0.0,0.0,0.0,0.0,0.0,0.0,0.0,0.0,0.0,0.0,0.0,0.0,0.0,0.0,0.0,0.0,0.0,0.0,0.0,0.0,0,0,0,0,0,0,0,0,0,0,0,0,0,0,0,0,0,0,0,0,0,0.0,0,0,0,0,0.0,06037920038
920039,2022,2,2,5,0,21,38,25,0,0,0,0,0,0,0,0,0,0,0,0,0,0,0,0,0.0,0.0,0.0,0.0,0.0,0.0,0.0,0.0,0.0,0.0,0.0,0.0,0.0,0.0,0.0,0.0,0.0,0.0,0.0,0.0,0,0,0,0,0,0,0,0,0,0,0,0,0,0,0,0,0,0,0,0,0,0.0,0,0,0,0,0.0,06037920039
920040,2022,2,2,5,0,21,38,25,0,0,0,0,0,0,0,0,0,0,0,0,0,0,0,0,0.0,0.0,0.0,0.0,0.0,0.0,0.0,0.0,0.0,0.0,0.0,0.0,0.0,0.0,0.0,0.0,0.0,0.0,0.0,0.0,0,0,0,0,0,0,0,0,0,0,0,0,0,0,0,0,0,0,0,0,0,0.0,0,0,0,0,0.0,06037920040
920041,2022,2,2,5,0,21,38,25,0,0,0,0,1,1,0,0,0,0,0,7,4,0,6,0,10.323,5.961,0.0,7.552,0.0,0.328,0.073,0.0,0.012,0.0,1.063,0.228,0.0,0.039,0.0,9.26,5.733,0.0,7.513,0.0,0,0,0,0,0,0,0,0,0,0,0,0,0,0,0,0,0,0,0,0,0,24.836,0,0,0,0,24.836,06037920041
920042,2022,2,2,5,0,21,38,25,0,0,0,0,1,0,0,0,0,0,0,2,0,2,0,0,2.95,0.0,2.911,0.0,0.0,0.094,0.0,0.038,0.0,0.0,0.304,0.0,0.155,0.0,0.0,2.646,0.0,2.756,0.0,0.0,0,0,0,0,0,0,0,0,0,0,0,0,0,0,0,0,0,0,0,0,0,5.861,0,0,0,0,5.861,06037920042
920043,2022,2,2,5,0,21,38,25,0,0,0,0,2,0,0,0,0,0,0,0,0,3,0,1,0.0,0.0,4.367,0.0,1.685,0.0,0.0,0.057,0.0,0.004,0.0,0.0,0.232,0.0,0.011,0.0,0.0,4.135,0.0,1.674,0,0,0,0,0,0,0,0,0,0,0,0,0,0,0,0,0,0,0,0,0,6.052,0,0,0,0,6.052,06037920043
920044,2022,2,2,5,0,21,38,25,0,0,0,0,0,0,0,0,0,0,0,0,0,0,0,0,0.0,0.0,0.0,0.0,0.0,0.0,0.0,0.0,0.0,0.0,0.0,0.0,0.0,0.0,0.0,0.0,0.0,0.0,0.0,0.0,0,0,0,0,0,0,0,0,0,0,0,0,0,0,0,0,0,0,0,0,0,0.0,0,0,0,0,0.0,06037920044
920045,2022,2,2,5,0,21,38,25,0,0,0,0,0,0,0,0,0,0,0,0,0,0,0,0,0.0,0.0,0.0,0.0,0.0,0.0,0.0,0.0,0.0,0.0,0.0,0.0,0.0,0.0,0.0,0.0,0.0,0.0,0.0,0.0,0,0,0,0,0,0,0,0,0,0,0,0,0,0,0,0,0,0,0,0,0,0.0,0,0,0,0,0.0,06037920045
920102,2022,2,2,5,0,21,36,25,0,0,0,0,1,0,0,0,0,0,0,0,0,1,0,0,0.0,0.0,1.456,0.0,0.0,0.0,0.0,0.019,0.0,0.0,0.0,0.0,0.077,0.0,0.0,0.0,0.0,1.378,0.0,0.0,0,0,0,0,0,0,0,0,0,0,0,0,0,0,0,0,0,0,0,0,0,1.456,0,0,0,0,1.456,06037920102
920104,2022,2,2,5,0,21,38,25,0,0,0,0,0,0,0,0,0,0,0,0,0,0,0,0,0.0,0.0,0.0,0.0,0.0,0.0,0.0,0.0,0.0,0.0,0.0,0.0,0.0,0.0,0.0,0.0,0.0,0.0,0.0,0.0,0,0,0,0,0,0,0,0,0,0,0,0,0,0,0,0,0,0,0,0,0,0.0,0,0,0,0,0.0,06037920104
920106,2022,2,2,5,0,21,38,25,1,0,1,0,1,1,0,0,0,0,0,0,0,1,0,0,0.0,0.0,1.456,0.0,0.0,0.0,0.0,0.019,0.0,0.0,0.0,0.0,0.077,0.0,0.0,0.0,0.0,1.378,0.0,0.0,0,0,0,0,0,0,0,0,0,0,0,0,0,0,0,0,0,0,0,0,0,2.456,0,0,0,0,2.456,06037920106
920107,2022,2,2,5,0,21,38,25,0,0,0,0,1,2,0,0,0,0,0,0,1,1,0,0,0.0,1.49,1.456,0.0,0.0,0.0,0.018,0.019,0.0,0.0,0.0,0.057,0.077,0.0,0.0,0.0,1.433,1.378,0.0,0.0,0,0,0,0,0,0,0,0,0,0,0,0,0,0,0,0,0,0,0,0,0,4.946,0,0,0,0,4.946,06037920107
920108,2022,2,2,5,0,21,38,25,0,0,0,0,0,0,0,0,0,0,0,0,0,0,0,0,0.0,0.0,0.0,0.0,0.0,0.0,0.0,0.0,0.0,0.0,0.0,0.0,0.0,0.0,0.0,0.0,0.0,0.0,0.0,0.0,0,0,0,0,0,0,0,0,0,0,0,0,0,0,0,0,0,0,0,0,0,0.0,0,0,0,0,0.0,06037920108
920109,2022,2,2,5,0,21,38,25,0,0,0,0,0,0,0,0,0,0,0,0,0,0,0,0,0.0,0.0,0.0,0.0,0.0,0.0,0.0,0.0,0.0,0.0,0.0,0.0,0.0,0.0,0.0,0.0,0.0,0.0,0.0,0.0,0,0,0,0,0,0,0,0,0,0,0,0,0,0,0,0,0,0,0,0,0,0.0,0,0,0,0,0.0,06037920109
920110,2022,2,2,5,0,21,38,25,0,0,0,0,0,0,0,0,0,0,0,0,0,0,0,0,0.0,0.0,0.0,0.0,0.0,0.0,0.0,0.0,0.0,0.0,0.0,0.0,0.0,0.0,0.0,0.0,0.0,0.0,0.0,0.0,0,0,0,0,0,0,0,0,0,0,0,0,0,0,0,0,0,0,0,0,0,0.0,0,0,0,0,0.0,06037920110
920111,2022,2,2,5,0,21,38,25,0,0,0,0,0,0,0,0,0,0,0,0,0,0,0,0,0.0,0.0,0.0,0.0,0.0,0.0,0.0,0.0,0.0,0.0,0.0,0.0,0.0,0.0,0.0,0.0,0.0,0.0,0.0,0.0,0,0,0,0,0,0,0,0,0,0,0,0,0,0,0,0,0,0,0,0,0,0.0,0,0,0,0,0.0,06037920111
920112,2022,2,2,5,0,21,38,25,0,0,0,0,0,0,0,0,0,0,0,0,0,0,0,0,0.0,0.0,0.0,0.0,0.0,0.0,0.0,0.0,0.0,0.0,0.0,0.0,0.0,0.0,0.0,0.0,0.0,0.0,0.0,0.0,0,0,0,0,0,0,0,0,0,0,0,0,0,0,0,0,0,0,0,0,0,0.0,0,0,0,0,0.0,06037920112
920114,2022,2,2,5,0,21,38,25,0,0,0,0,2,6,0,0,0,0,0,0,0,0,0,0,0.0,0.0,0.0,0.0,0.0,0.0,0.0,0.0,0.0,0.0,0.0,0.0,0.0,0.0,0.0,0.0,0.0,0.0,0.0,0.0,0,0,0,0,0,0,0,0,0,0,0,0,0,0,0,0,0,0,0,0,0,6.0,0,0,0,0,6.0,06037920114
920115,2022,2,2,5,0,21,38,25,0,0,0,0,1,10,0,0,0,0,0,0,0,0,1,0,0.0,0.0,0.0,1.259,0.0,0.0,0.0,0.0,0.002,0.0,0.0,0.0,0.0,0.007,0.0,0.0,0.0,0.0,1.252,0.0,0,0,0,0,0,0,0,0,0,0,0,0,0,0,0,0,0,0,0,0,0,11.259,0,0,0,0,11.259,06037920115
920116,2022,2,2,5,0,21,38,25,0,0,0,0,0,0,0,0,0,0,0,0,0,0,0,0,0.0,0.0,0.0,0.0,0.0,0.0,0.0,0.0,0.0,0.0,0.0,0.0,0.0,0.0,0.0,0.0,0.0,0.0,0.0,0.0,0,0,0,0,0,0,0,0,0,0,0,0,0,0,0,0,0,0,0,0,0,0.0,0,0,0,0,0.0,06037920116
920118,2022,2,2,5,0,21,38,25,0,0,0,0,0,0,0,0,0,0,0,0,0,0,0,0,0.0,0.0,0.0,0.0,0.0,0.0,0.0,0.0,0.0,0.0,0.0,0.0,0.0,0.0,0.0,0.0,0.0,0.0,0.0,0.0,0,0,0,0,0,0,0,0,0,0,0,0,0,0,0,0,0,0,0,0,0,0.0,0,0,0,0,0.0,06037920118
920119,2022,2,2,5,0,21,38,25,0,0,0,0,0,0,0,0,0,0,0,0,0,0,0,0,0.0,0.0,0.0,0.0,0.0,0.0,0.0,0.0,0.0,0.0,0.0,0.0,0.0,0.0,0.0,0.0,0.0,0.0,0.0,0.0,0,0,0,0,0,0,0,0,0,0,0,0,0,0,0,0,0,0,0,0,0,0.0,0,0,0,0,0.0,06037920119
920200,2022,2,2,5,0,21,38,25,0,0,0,0,0,0,0,0,0,0,0,0,0,0,0,0,0.0,0.0,0.0,0.0,0.0,0.0,0.0,0.0,0.0,0.0,0.0,0.0,0.0,0.0,0.0,0.0,0.0,0.0,0.0,0.0,0,0,0,0,0,0,0,0,0,0,0,0,0,0,0,0,0,0,0,0,0,0.0,0,0,0,0,0.0,06037920200
920303,2022,2,2,5,0,27,38,25,0,0,0,0,1,0,0,0,0,0,0,0,0,1,0,0,0.0,0.0,1.456,0.0,0.0,0.0,0.0,0.019,0.0,0.0,0.0,0.0,0.077,0.0,0.0,0.0,0.0,1.378,0.0,0.0,0,0,0,0,0,0,0,0,0,0,0,0,0,0,0,0,0,0,0,0,0,1.456,0,0,0,0,1.456,06037920303
920312,2022,2,2,5,0,27,38,25,0,0,0,0,0,0,0,0,0,0,0,0,0,0,0,0,0.0,0.0,0.0,0.0,0.0,0.0,0.0,0.0,0.0,0.0,0.0,0.0,0.0,0.0,0.0,0.0,0.0,0.0,0.0,0.0,0,0,0,0,0,0,0,0,0,0,0,0,0,0,0,0,0,0,0,0,0,0.0,0,0,0,0,0.0,06037920312
920313,2022,2,2,5,0,27,38,25,0,0,0,0,1,1,0,0,0,0,0,4,0,3,0,0,5.899,0.0,4.367,0.0,0.0,0.187,0.0,0.057,0.0,0.0,0.608,0.0,0.232,0.0,0.0,5.292,0.0,4.135,0.0,0.0,0,0,0,0,0,0,0,0,0,0,0,0,0,0,0,0,0,0,0,0,0,11.266,0,0,0,0,11.266,06037920313
920314,2022,2,2,5,0,21,38,25,0,63,0,1,1,0,0,0,0,0,0,2,6,0,1,0,2.95,8.941,0.0,1.259,0.0,0.094,0.11,0.0,0.002,0.0,0.304,0.342,0.0,0.007,0.0,2.646,8.599,0.0,1.252,0.0,22,0,0,0,0,0,0,0,0,0,0,0,0,0,0,0,0,0,0,0,0,13.149,22,0,0,22,35.149,06037920314
920322,2022,2,2,5,0,27,38,25,0,0,0,0,1,0,0,0,0,0,0,0,1,0,0,0,0.0,1.49,0.0,0.0,0.0,0.0,0.018,0.0,0.0,0.0,0.0,0.057,0.0,0.0,0.0,0.0,1.433,0.0,0.0,0.0,0,0,0,0,0,0,0,0,0,0,0,0,0,0,0,0,0,0,0,0,0,1.49,0,0,0,0,1.49,06037920322
920326,2022,2,2,5,0,27,38,25,0,0,0,0,0,0,0,0,0,0,0,0,0,0,0,0,0.0,0.0,0.0,0.0,0.0,0.0,0.0,0.0,0.0,0.0,0.0,0.0,0.0,0.0,0.0,0.0,0.0,0.0,0.0,0.0,0,0,0,0,0,0,0,0,0,0,0,0,0,0,0,0,0,0,0,0,0,0.0,0,0,0,0,0.0,06037920326
920328,2022,2,2,5,0,27,38,25,0,0,0,0,1,0,0,0,0,0,0,3,0,0,0,0,4.424,0.0,0.0,0.0,0.0,0.14,0.0,0.0,0.0,0.0,0.456,0.0,0.0,0.0,0.0,3.969,0.0,0.0,0.0,0.0,0,0,0,0,0,0,0,0,0,0,0,0,0,0,0,0,0,0,0,0,0,4.424,0,0,0,0,4.424,06037920328
920329,2022,2,2,5,0,21,38,25,0,0,0,0,0,0,0,0,0,0,0,0,0,0,0,0,0.0,0.0,0.0,0.0,0.0,0.0,0.0,0.0,0.0,0.0,0.0,0.0,0.0,0.0,0.0,0.0,0.0,0.0,0.0,0.0,0,0,0,0,0,0,0,0,0,0,0,0,0,0,0,0,0,0,0,0,0,0.0,0,0,0,0,0.0,06037920329
920330,2022,2,2,5,0,27,38,25,0,0,0,0,0,0,0,0,0,0,0,0,0,0,0,0,0.0,0.0,0.0,0.0,0.0,0.0,0.0,0.0,0.0,0.0,0.0,0.0,0.0,0.0,0.0,0.0,0.0,0.0,0.0,0.0,0,0,0,0,0,0,0,0,0,0,0,0,0,0,0,0,0,0,0,0,0,0.0,0,0,0,0,0.0,06037920330
920331,2022,2,2,5,0,21,38,25,0,0,0,0,1,1,0,0,0,0,0,0,0,0,0,1,0.0,0.0,0.0,0.0,1.685,0.0,0.0,0.0,0.0,0.004,0.0,0.0,0.0,0.0,0.011,0.0,0.0,0.0,0.0,1.674,0,0,0,0,0,0,0,0,0,0,0,0,0,0,0,0,0,0,0,0,0,2.685,0,0,0,0,2.685,06037920331
920332,2022,2,2,5,0,21,38,25,0,0,0,0,1,1,0,0,0,0,0,0,0,0,5,0,0.0,0.0,0.0,6.293,0.0,0.0,0.0,0.0,0.01,0.0,0.0,0.0,0.0,0.033,0.0,0.0,0.0,0.0,6.261,0.0,0,0,0,0,0,0,0,0,0,0,0,0,0,0,0,0,0,0,0,0,0,7.293,0,0,0,0,7.293,06037920332
920334,2022,2,2,5,0,27,38,25,0,0,0,0,2,0,0,0,0,0,0,0,0,3,0,0,0.0,0.0,4.367,0.0,0.0,0.0,0.0,0.056999999999999995,0.0,0.0,0.0,0.0,0.23199999999999998,0.0,0.0,0.0,0.0,4.1339999999999995,0.0,0.0,0,0,0,0,0,0,0,0,0,0,0,0,0,0,0,0,0,0,0,0,0,4.367,0,0,0,0,4.367,06037920334
920336,2022,2,2,5,0,27,38,25,8,0,2,1,1,0,0,0,0,0,0,0,0,0,3,0,0.0,0.0,0.0,3.776,0.0,0.0,0.0,0.0,0.006,0.0,0.0,0.0,0.0,0.02,0.0,0.0,0.0,0.0,3.756,0.0,0,0,0,0,0,0,0,0,2,6,0,0,0,0,0,0,0,0,0,0,0,3.776,0,6,0,6,9.776,06037920336
920337,2022,2,2,5,0,21,38,25,0,9,0,0,2,18,0,0,0,0,0,0,0,0,0,0,0.0,0.0,0.0,0.0,0.0,0.0,0.0,0.0,0.0,0.0,0.0,0.0,0.0,0.0,0.0,0.0,0.0,0.0,0.0,0.0,0,0,0,0,0,0,0,0,0,0,0,0,0,0,0,0,0,0,0,0,0,18.0,0,0,0,0,18.0,06037920337
920338,2022,2,2,5,0,27,38,25,0,0,0,0,0,0,0,0,0,0,0,0,0,0,0,0,0.0,0.0,0.0,0.0,0.0,0.0,0.0,0.0,0.0,0.0,0.0,0.0,0.0,0.0,0.0,0.0,0.0,0.0,0.0,0.0,0,0,0,0,0,0,0,0,0,0,0,0,0,0,0,0,0,0,0,0,0,0.0,0,0,0,0,0.0,06037920338
920339,2022,2,2,5,0,27,38,25,0,0,0,0,1,4,0,0,0,0,0,0,0,0,0,0,0.0,0.0,0.0,0.0,0.0,0.0,0.0,0.0,0.0,0.0,0.0,0.0,0.0,0.0,0.0,0.0,0.0,0.0,0.0,0.0,0,0,0,0,0,0,0,0,0,0,0,0,0,0,0,0,0,0,0,0,0,4.0,0,0,0,0,4.0,06037920339
930101,2022,2,3,5,0,25,41,27,0,0,0,0,0,0,0,0,0,0,0,0,0,0,0,0,0.0,0.0,0.0,0.0,0.0,0.0,0.0,0.0,0.0,0.0,0.0,0.0,0.0,0.0,0.0,0.0,0.0,0.0,0.0,0.0,0,0,0,0,0,0,0,0,0,0,0,0,0,0,0,0,0,0,0,0,0,0.0,0,0,0,0,0.0,06037930101
930200,2022,2,2,5,0,21,39,29,0,0,0,1,1,4,0,0,0,0,0,0,0,0,0,0,0.0,0.0,0.0,0.0,0.0,0.0,0.0,0.0,0.0,0.0,0.0,0.0,0.0,0.0,0.0,0.0,0.0,0.0,0.0,0.0,0,0,0,0,0,0,0,0,0,0,0,0,0,0,0,0,0,0,0,0,0,4.0,0,0,0,0,4.0,06037930200
930301,2022,2,3,5,0,22,48,27,0,0,0,0,0,0,0,0,0,0,0,0,0,0,0,0,0.0,0.0,0.0,0.0,0.0,0.0,0.0,0.0,0.0,0.0,0.0,0.0,0.0,0.0,0.0,0.0,0.0,0.0,0.0,0.0,0,0,0,0,0,0,0,0,0,0,0,0,0,0,0,0,0,0,0,0,0,0.0,0,0,0,0,0.0,06037930301
930401,2022,1,2,3,3,27,45,30,0,0,0,0,1,1,0,0,0,0,0,0,0,1,0,0,0.0,0.0,1.456,0.0,0.0,0.0,0.0,0.019,0.0,0.0,0.0,0.0,0.077,0.0,0.0,0.0,0.0,1.378,0.0,0.0,0,0,0,0,0,0,0,0,0,0,0,0,0,0,0,0,0,0,0,0,0,2.456,0,0,0,0,2.456,06037930401
980001,2022,2,2,5,0,25,43,28,1,0,1,0,1,3,0,0,0,0,0,2,1,9,0,0,2.95,1.49,13.101,0.0,0.0,0.094,0.018,0.171,0.0,0.0,0.304,0.057,0.697,0.0,0.0,2.646,1.433,12.404,0.0,0.0,0,0,0,0,0,0,0,0,0,0,0,0,0,0,0,0,0,0,0,0,0,20.54,0,0,0,0,20.54,06037980001
980002,2022,2,8,2,0,35,64,44,0,0,0,0,0,0,0,0,0,0,0,0,0,0,0,0,0.0,0.0,0.0,0.0,0.0,0.0,0.0,0.0,0.0,0.0,0.0,0.0,0.0,0.0,0.0,0.0,0.0,0.0,0.0,0.0,0,0,0,0,0,0,0,0,0,0,0,0,0,0,0,0,0,0,0,0,0,0.0,0,0,0,0,0.0,06037980002
980003,2022,2,1,5,0,21,36,23,0,0,0,0,0,0,0,0,0,0,0,0,0,0,0,0,0.0,0.0,0.0,0.0,0.0,0.0,0.0,0.0,0.0,0.0,0.0,0.0,0.0,0.0,0.0,0.0,0.0,0.0,0.0,0.0,0,0,0,0,0,0,0,0,0,0,0,0,0,0,0,0,0,0,0,0,0,0.0,0,0,0,0,0.0,06037980003
980004,2022,2,1,5,0,21,36,25,0,0,0,0,1,0,0,0,0,0,0,15,0,18,1,8,18.563,0.0,25.34,1.115,8.704,0.702,0.0,0.341,0.002,0.03,2.278,0.0,1.394,0.007,0.091,16.284,0.0,23.946,1.109,8.614,0,0,0,0,0,0,0,0,0,0,0,0,0,0,0,0,0,0,0,0,0,53.722,0,0,0,0,53.722,06037980004
980005,2022,2,8,4,0,35,66,43,0,0,0,0,1,12,0,0,0,0,0,0,1,0,6,0,0.0,1.686,0.0,8.49,0.0,0.0,0.018,0.0,0.012,0.0,0.0,0.057,0.0,0.039,0.0,0.0,1.629,0.0,8.451,0.0,0,0,0,0,0,0,0,0,0,0,0,0,0,0,0,0,0,0,0,0,0,22.176,0,0,0,0,22.176,06037980005
980008,2022,1,2,3,6,18,46,29,0,0,0,1,1,2,0,0,0,0,0,0,2,1,6,0,0.0,2.98,1.456,7.552,0.0,0.0,0.037,0.019,0.012,0.0,0.0,0.114,0.077,0.039,0.0,0.0,2.866,1.378,7.513,0.0,0,0,0,0,0,0,0,10,0,0,0,0,0,0,0,0,0,0,0,0,0,13.988,0,10,0,10,23.988,06037980008
980009,2022,1,4,3,4,25,43,28,0,70,0,1,1,8,0,0,0,0,0,0,0,0,9,18,0.0,0.0,0.0,12.426,28.915,0.0,0.0,0.0,0.017,0.068,0.0,0.0,0.0,0.059,0.204,0.0,0.0,0.0,12.367,28.712,2,16,48,0,1,3,0,0,0,0,0,0,0,0,0,0,0,0,0,0,0,49.341,53,0,0,53,102.34,06037980009
980010,2022,1,4,1,1,24,51,34,0,0,0,0,2,7,0,0,0,0,0,5,1,6,1,9,7.961,1.492,11.157,1.381,14.457,0.234,0.018,0.114,0.002,0.034,0.759,0.057,0.465,0.007,0.102,7.202,1.435,10.693,1.374,14.356,0,0,0,0,0,0,0,0,0,0,0,0,0,0,0,0,0,0,0,0,0,43.449,0,0,0,0,43.449,06037980010
980013,2022,2,8,4,0,26,62,33,2,0,1,0,2,8,0,0,0,0,0,0,0,0,0,0,0.0,0.0,0.0,0.0,0.0,0.0,0.0,0.0,0.0,0.0,0.0,0.0,0.0,0.0,0.0,0.0,0.0,0.0,0.0,0.0,0,0,0,0,0,0,0,0,0,0,0,0,0,0,0,0,0,0,0,0,0,8.0,0,0,0,0,8.0,06037980013
980014,2022,1,8,4,15,35,64,44,43,0,2,0,2,3,0,0,0,0,0,7,0,88,1,3,8.328,0.0,152.869,1.415,3.826,0.327,0.0,1.667,0.002,0.011,1.064,0.0,6.815999999999999,0.007,0.034,7.265,0.0,146.053,1.409,3.792,0,0,0,0,0,0,0,0,0,0,0,0,0,0,0,0,0,0,0,0,0,169.438,0,0,0,0,169.438,06037980014
980015,2022,1,8,4,15,35,70,33,0,0,0,1,2,3,0,0,0,0,0,0,0,0,9,4,0.0,0.0,0.0,12.736,5.102,0.0,0.0,0.0,0.017,0.015,0.0,0.0,0.0,0.059,0.045,0.0,0.0,0.0,12.677,5.057,58,0,0,2,0,0,0,0,0,0,0,0,0,0,0,0,0,0,0,0,0,20.838,60,0,0,60,80.838,06037980015
980019,2022,1,5,3,11,26,50,33,0,0,0,0,1,2,0,0,0,0,0,0,0,1,0,0,0.0,0.0,1.731,0.0,0.0,0.0,0.0,0.019,0.0,0.0,0.0,0.0,0.077,0.0,0.0,0.0,0.0,1.653,0.0,0.0,0,0,0,0,0,0,0,0,0,0,0,0,0,0,0,0,0,0,0,0,0,3.731,0,0,0,0,3.731,06037980019
980020,2022,1,2,5,7,25,39,28,0,0,0,0,0,0,0,0,0,0,0,0,0,0,0,0,0.0,0.0,0.0,0.0,0.0,0.0,0.0,0.0,0.0,0.0,0.0,0.0,0.0,0.0,0.0,0.0,0.0,0.0,0.0,0.0,0,0,0,0,0,0,0,0,0,0,0,0,0,0,0,0,0,0,0,0,0,0.0,0,0,0,0,0.0,06037980020
980021,2022,1,2,3,7,18,39,29,0,0,0,0,3,15,0,0,0,0,0,1,3,19,24,38,1.475,4.471,27.657,30.208,64.038,0.047,0.055,0.36000000000000004,0.046,0.14300000000000002,0.152,0.171,1.4709999999999999,0.158,0.43,1.323,4.3,26.185,30.051000000000002,63.607,0,0,0,0,0,0,0,0,0,0,0,0,0,0,0,0,0,0,0,0,0,142.849,0,0,0,0,142.849,06037980021
980022,2022,1,2,5,12,18,39,30,0,0,0,0,0,0,0,0,0,0,0,0,0,0,0,0,0.0,0.0,0.0,0.0,0.0,0.0,0.0,0.0,0.0,0.0,0.0,0.0,0.0,0.0,0.0,0.0,0.0,0.0,0.0,0.0,0,0,0,0,0,0,0,0,0,0,0,0,0,0,0,0,0,0,0,0,0,0.0,0,0,0,0,0.0,06037980022
980023,2022,1,2,5,12,27,45,30,0,0,0,0,0,0,0,0,0,0,0,0,0,0,0,0,0.0,0.0,0.0,0.0,0.0,0.0,0.0,0.0,0.0,0.0,0.0,0.0,0.0,0.0,0.0,0.0,0.0,0.0,0.0,0.0,0,0,0,0,0,0,0,0,0,0,0,0,0,0,0,0,0,0,0,0,0,0.0,0,0,0,0,0.0,06037980023
980024,2022,1,2,3,6,27,45,30,0,0,0,0,1,47,0,0,0,0,0,0,1,0,0,2,0.0,1.49,0.0,0.0,3.37,0.0,0.018,0.0,0.0,0.008,0.0,0.057,0.0,0.0,0.023,0.0,1.433,0.0,0.0,3.348,0,0,0,0,0,0,0,0,0,0,0,0,0,0,0,0,0,0,0,0,0,51.861,0,0,0,0,51.861,06037980024
980025,2022,2,8,2,0,35,64,44,0,0,0,0,1,1,0,0,0,0,0,0,0,1,0,0,0.0,0.0,1.737,0.0,0.0,0.0,0.0,0.019,0.0,0.0,0.0,0.0,0.077,0.0,0.0,0.0,0.0,1.66,0.0,0.0,0,0,0,0,0,0,0,0,0,0,0,0,0,0,0,0,0,0,0,0,0,2.737,0,0,0,0,2.737,06037980025
980026,2022,1,2,5,7,25,28,28,0,0,0,0,1,4,0,0,0,0,0,0,0,0,0,0,0.0,0.0,0.0,0.0,0.0,0.0,0.0,0.0,0.0,0.0,0.0,0.0,0.0,0.0,0.0,0.0,0.0,0.0,0.0,0.0,0,0,0,0,0,0,0,0,0,0,0,0,0,0,0,0,0,0,0,0,0,4.0,0,0,0,0,4.0,06037980026
980028,2022,1,5,4,11,26,62,43,31,0,1,0,1,2,0,0,0,0,0,1,0,3,6,4,1.473,0.0,5.193,8.509,6.284,0.047,0.0,0.057,0.012,0.015,0.152,0.0,0.232,0.039,0.045,1.321,0.0,4.96,8.47,6.239,0,0,0,0,0,0,0,0,0,0,0,0,0,0,0,0,0,0,0,0,0,23.459,0,0,0,0,23.459,06037980028
980030,2022,2,8,4,0,26,62,33,0,0,0,0,0,0,0,0,0,0,0,0,0,0,0,0,0.0,0.0,0.0,0.0,0.0,0.0,0.0,0.0,0.0,0.0,0.0,0.0,0.0,0.0,0.0,0.0,0.0,0.0,0.0,0.0,0,0,0,0,0,0,0,0,0,0,0,0,0,0,0,0,0,0,0,0,0,0.0,0,0,0,0,0.0,06037980030
980031,2022,1,8,4,15,35,70,44,0,0,0,0,3,9,0,0,0,0,0,0,0,1,18,4,0.0,0.0,1.737,25.471,5.101,0.0,0.0,0.019,0.035,0.015,0.0,0.0,0.077,0.11800000000000001,0.045,0.0,0.0,1.66,25.354,5.056,0,0,0,0,0,0,0,0,0,0,0,0,0,0,0,0,0,0,0,0,0,41.31,0,0,0,0,41.31,06037980031
