tract_split,Year,City,LACity,Community_Name,SPA,sd,cd,ca_ssd,ca_sad,us_cd,totStreetSingAdult,totStreetFamHH,totStreetFamMem,totSafeParkSingAdult,totSafeParkFamHH,totSafeParkFamMem,totCars,totVans,totCampers,totTents,totEncamp,totESAdultSingAdult,totESAdultFamHH,totESAdultFamMem,totESYouthSingYouth,totESYouthFamHH,totESYouthFamMem,totESYouthUnaccYouth,totTHAdultSingAdult,totTHAdultFamHH,totTHAdultFamMem,totTHYouthSingYouth,totTHYouthFamHH,totTHYouthFamMem,totTHYouthUnaccYouth,totSHAdultSingAdult,totSHAdultFamHH,totSHAdultFamMem,totSHYouthSingYouth,totSHYouthFamHH,totSHYouthFamMem,totSHYouthUnaccYouth,totESPeople,totTHPeople,totSHPeople,totSheltPeople
101110,2023,Los Angeles city,1,Los Angeles city,2,5,7,20,44,30,0,0,0,0,0,0,1,0,0,0,0,0,0,0,0,0,0,0,0,0,0,0,0,0,0,0,0,0,0,0,0,0,0,0,0,0
101122,2023,Los Angeles city,1,Los Angeles city,2,5,7,20,44,30,0,0,0,0,0,0,0,0,0,0,0,0,0,0,0,0,0,0,0,0,0,0,0,0,0,0,0,0,0,0,0,0,0,0,0,0
101220,2023,Los Angeles city,1,Los Angeles city,2,5,7,20,44,30,0,0,0,0,0,0,1,1,1,0,0,0,0,0,0,0,0,0,0,0,0,0,0,0,0,0,0,0,0,0,0,0,0,0,0,0
101221,2023,Los Angeles city,1,Los Angeles city,2,5,7,20,44,30,0,0,0,0,0,0,1,0,0,0,0,0,0,0,0,0,0,0,0,0,0,0,0,0,0,0,0,0,0,0,0,0,0,0,0,0
101222,2023,Los Angeles city,1,Los Angeles city,2,5,7,20,44,30,3,0,0,0,0,0,0,0,0,0,0,0,0,0,0,0,0,0,0,0,0,0,0,0,0,0,0,0,0,0,0,0,0,0,0,0
101300,2023,Los Angeles city,1,Los Angeles city,2,5,7,20,44,30,0,0,0,0,0,0,0,2,4,0,0,0,0,0,0,0,0,0,0,0,0,0,0,0,0,0,0,0,0,0,0,0,0,0,0,0
101400,2023,Los Angeles city,1,Los Angeles city,2,5,7,20,44,30,10,0,0,0,0,0,3,0,5,0,1,0,0,0,0,0,0,0,0,0,0,0,0,0,0,0,0,0,0,0,0,0,0,0,0,0
102103_q1,2023,Los Angeles city,1,Los Angeles city,2,5,2,20,44,29,1,0,0,0,0,0,0,0,0,0,1,0,0,0,0,0,0,0,0,0,0,0,0,0,0,0,0,0,0,0,0,0,0,0,0,0
102103_q2,2023,Los Angeles city,1,Los Angeles city,2,5,2,20,44,30,0,0,0,0,0,0,0,0,0,0,0,0,0,0,0,0,0,0,0,0,0,0,0,0,0,0,0,0,0,0,0,0,0,0,0,0
102103_q3,2023,Los Angeles city,1,Los Angeles city,2,5,2,20,44,30,0,0,0,0,0,0,0,2,0,0,0,0,0,0,0,0,0,0,0,0,0,0,0,0,0,0,0,0,0,0,0,0,0,0,0,0
102104_q1,2023,Los Angeles city,1,Los Angeles city,2,5,2,20,44,30,0,0,0,0,0,0,0,0,0,0,0,0,0,0,0,0,0,0,0,0,0,0,0,0,0,0,0,0,0,0,0,0,0,0,0,0
102104_q2,2023,Los Angeles city,1,Los Angeles city,2,5,2,20,44,30,0,0,0,0,0,0,0,0,1,0,0,0,0,0,0,0,0,0,0,0,0,0,0,0,0,0,0,0,0,0,0,0,0,0,0,0
102105,2023,Los Angeles city,1,Los Angeles city,2,5,2,20,43,29,2,0,0,0,0,0,1,0,17,0,1,0,0,0,0,0,0,0,0,0,0,0,0,0,0,0,0,0,0,0,0,0,0,0,0,0
102107_xw1,2023,Los Angeles city,1,Los Angeles city,2,5,7,20,44,30,0,0,0,0,0,0,0,0,2,0,0,0,0,0,0,0,0,0,0,0,0,0,0,0,0,0,0,0,0,0,0,0,0,0,0,0
102107_xw2,2023,,2,Los Angeles city,2,5,0,20,44,30,0,0,0,0,0,0,2,0,3,0,0,0,0,0,0,0,0,0,0,0,0,0,0,0,0,0,0,0,0,0,0,0,0,0,0,0
103101_q1,2023,Los Angeles city,1,Los Angeles city,2,5,7,20,44,30,0,0,0,0,0,0,0,1,0,0,3,0,0,0,0,0,0,0,0,0,0,0,0,0,0,0,0,0,0,0,0,0,0,0,0,0
103101_q2,2023,Los Angeles city,1,Los Angeles city,2,5,7,20,44,30,1,0,0,0,0,0,2,1,4,0,0,0,0,0,0,0,0,0,0,0,0,0,0,0,0,0,0,0,0,0,0,0,0,0,0,0
103102,2023,Los Angeles city,1,Los Angeles city,2,5,7,20,44,30,3,0,0,0,0,0,1,2,2,1,1,0,0,0,0,0,0,0,0,0,0,0,0,0,0,0,0,0,0,0,0,0,0,0,0,0
103201_q1,2023,Los Angeles city,1,Los Angeles city,2,5,7,20,44,30,1,0,0,0,0,0,0,0,0,0,0,0,0,0,0,0,0,0,0,0,0,0,0,0,0,0,0,0,0,0,0,0,0,0,0,0
103201_q2,2023,Los Angeles city,1,Los Angeles city,2,5,7,20,44,30,5,0,0,0,0,0,4,1,3,7,2,0,0,0,0,0,0,0,0,0,0,0,0,0,0,0,0,0,0,0,0,0,0,0,0,0
103202_q1,2023,Los Angeles city,1,Los Angeles city,2,5,7,20,44,30,15,0,0,0,0,0,4,2,5,2,20,0,0,0,0,0,0,0,0,0,0,0,0,0,0,0,0,0,0,0,0,0,0,0,0,0
103202_q2,2023,Los Angeles city,1,Los Angeles city,2,5,7,20,44,30,0,0,0,0,0,0,0,0,0,0,0,0,0,0,0,0,0,0,0,0,0,0,0,0,0,0,0,0,0,0,0,0,0,0,0,0
103300,2023,Los Angeles city,1,Los Angeles city,2,5,7,20,44,30,1,0,0,0,0,0,1,4,3,0,0,0,0,0,0,0,0,0,0,0,0,0,0,0,0,0,0,0,0,0,0,0,0,0,0,0
103401,2023,Los Angeles city,1,Los Angeles city,2,5,7,20,44,30,5,0,0,0,0,0,0,0,0,0,1,0,0,0,0,0,0,0,0,0,0,0,0,0,0,0,0,0,0,0,0,0,0,0,0,0
103402,2023,Los Angeles city,1,Los Angeles city,2,5,7,20,44,30,2,0,0,0,0,0,0,1,0,0,0,0,0,0,0,0,0,0,0,0,0,0,0,0,0,0,0,0,0,0,0,0,0,0,0,0
104103,2023,Los Angeles city,1,Los Angeles city,2,5,7,20,43,29,9,0,0,0,0,0,5,0,1,0,2,0,0,0,0,0,0,0,0,0,0,0,0,0,0,0,0,0,0,0,0,0,0,0,0,0
104105_q1,2023,Los Angeles city,1,Los Angeles city,2,3,7,20,43,29,2,0,0,0,0,0,2,0,0,0,0,0,0,0,0,0,0,0,0,0,0,0,0,0,0,0,0,0,0,0,0,0,0,0,0,0
104105_q2,2023,Los Angeles city,1,Los Angeles city,2,3,7,20,43,29,1,0,0,0,0,0,5,2,0,1,1,0,0,0,0,0,0,0,0,0,0,0,0,0,0,0,0,0,0,0,0,0,0,0,0,0
104108_y1,2023,Los Angeles city,1,Los Angeles city,2,3,7,20,43,29,2,0,0,0,0,0,1,1,4,1,0,0,0,0,0,0,0,0,0,0,0,0,0,0,0,0,0,0,0,0,0,0,0,0,0,0
104108_y2,2023,Los Angeles city,1,Los Angeles city,2,3,7,20,43,30,0,0,0,0,0,0,0,0,0,0,0,0,0,0,0,0,0,0,0,0,0,0,0,0,0,0,0,0,0,0,0,0,0,0,0,0
104108_y3,2023,Los Angeles city,1,Los Angeles city,2,5,7,20,43,29,12,0,0,0,0,0,4,0,4,0,0,0,0,0,0,0,0,0,0,0,0,0,0,0,0,0,0,0,0,0,0,0,0,0,0,0
104108_y4,2023,Los Angeles city,1,Los Angeles city,2,5,7,20,43,29,0,0,0,0,0,0,1,0,0,0,0,0,0,0,0,0,0,0,0,0,0,0,0,0,0,0,0,0,0,0,0,0,0,0,0,0
104124_xw1,2023,,2,Unincorporated - Kagel/Lopez Canyons,2,5,0,20,40,29,0,0,0,0,0,0,0,0,0,0,0,0,0,0,0,0,0,0,0,0,0,0,0,0,0,0,0,0,0,0,0,0,0,0,0,0
104124_xw2,2023,,2,Unincorporated - Kagel/Lopez Canyons,2,5,0,20,43,29,0,0,0,0,0,0,0,0,0,0,0,0,0,0,0,0,0,0,0,0,0,0,0,0,0,0,0,0,0,0,0,0,0,0,0,0
104124_xw3,2023,Los Angeles city,1,Los Angeles city,2,5,7,20,43,29,0,0,0,0,0,0,0,0,0,0,0,7,0,0,0,0,0,0,0,0,0,0,0,0,0,0,0,0,0,0,0,0,7,0,0,7
104124_xw4,2023,Los Angeles city,1,Los Angeles city,2,5,7,20,43,29,0,0,0,0,0,0,0,0,0,0,0,0,0,0,0,0,0,0,0,0,0,0,0,0,0,0,0,0,0,0,0,0,0,0,0,0
104124_xw5,2023,Los Angeles city,1,Los Angeles city,2,5,7,20,43,30,0,0,0,0,0,0,0,0,0,0,0,0,0,0,0,0,0,0,0,0,0,0,0,0,0,0,0,0,0,0,0,0,0,0,0,0
104201,2023,Los Angeles city,1,Los Angeles city,2,3,7,20,43,29,21,0,0,0,0,0,15,0,3,0,5,0,0,0,0,0,0,0,0,0,0,0,0,0,0,0,0,0,0,0,0,0,0,0,0,0
104203,2023,Los Angeles city,1,Los Angeles city,2,3,7,20,43,29,0,0,0,0,0,0,1,1,1,0,1,0,0,0,0,0,0,0,0,0,0,0,0,0,0,0,0,0,0,0,0,0,0,0,0,0
104204_xyw1,2023,,2,Unincorporated - Kagel/Lopez Canyons,2,5,0,20,43,29,0,0,0,0,0,0,0,0,0,0,0,0,0,0,0,0,0,0,0,0,0,0,0,0,0,0,0,0,0,0,0,0,0,0,0,0
104204_xyw2,2023,Los Angeles city,1,Los Angeles city,2,3,7,20,43,29,0,0,0,0,0,0,1,4,4,0,0,0,0,0,0,0,0,0,0,0,0,0,0,0,0,0,0,0,0,0,0,0,0,0,0,0
104204_xyw3,2023,Los Angeles city,1,Los Angeles city,2,5,7,20,43,29,8,0,0,0,0,0,2,1,2,0,1,0,0,0,0,0,0,0,0,0,0,0,0,0,0,0,0,0,0,0,0,0,0,0,0,0
104310,2023,Los Angeles city,1,Los Angeles city,2,3,7,20,43,29,6,0,0,0,0,0,26,8,18,0,1,0,0,0,0,0,0,0,0,0,0,0,0,0,0,0,0,0,0,0,0,0,0,0,0,0
104321,2023,Los Angeles city,1,Los Angeles city,2,3,7,20,43,29,0,0,0,0,0,0,1,1,0,0,0,0,0,0,0,0,0,0,0,0,0,0,0,0,0,0,0,0,0,0,0,0,0,0,0,0
104322,2023,Los Angeles city,1,Los Angeles city,2,3,7,20,43,29,1,0,0,0,0,0,1,2,8,0,3,0,0,0,0,0,0,0,0,0,0,0,0,0,0,0,0,0,0,0,0,0,0,0,0,0
104401,2023,Los Angeles city,1,Los Angeles city,2,3,7,20,43,29,0,0,0,0,0,0,0,12,4,1,0,0,0,0,0,0,0,0,0,0,0,0,0,0,0,0,0,0,0,0,0,0,0,0,0,0
104403_q1,2023,Los Angeles city,1,Los Angeles city,2,3,7,20,43,29,21,0,0,0,0,0,6,0,0,0,3,0,0,0,0,0,0,0,0,0,0,0,0,0,0,0,0,0,0,0,0,0,0,0,0,0
104403_q2,2023,Los Angeles city,1,Los Angeles city,2,3,7,20,43,29,0,0,0,0,0,0,0,0,0,0,0,0,0,0,0,0,0,0,0,0,0,0,0,0,0,0,0,0,0,0,0,0,0,0,0,0
104404,2023,Los Angeles city,1,Los Angeles city,2,3,7,20,43,29,5,0,0,0,0,0,0,2,4,1,2,0,0,0,0,0,0,0,0,0,0,0,0,0,0,0,0,0,0,0,0,0,0,0,0,0
104500,2023,Los Angeles city,1,Los Angeles city,2,3,7,20,43,29,1,0,0,0,0,0,0,3,2,0,0,27,0,0,0,0,0,0,0,0,0,0,0,0,0,0,0,0,0,0,0,0,27,0,0,27
104610,2023,Los Angeles city,1,Los Angeles city,2,3,7,20,43,29,9,0,0,0,0,0,1,1,3,0,5,0,0,0,0,0,0,0,0,0,0,0,0,0,0,0,0,0,0,0,0,0,0,0,0,0
104620,2023,Los Angeles city,1,Los Angeles city,2,3,7,20,43,29,1,0,0,0,0,0,0,6,3,0,0,0,0,0,0,0,0,0,0,0,0,0,0,0,0,0,0,0,0,0,0,0,0,0,0,0
104701,2023,Los Angeles city,1,Los Angeles city,2,3,7,20,43,29,11,0,0,0,0,0,2,4,9,0,2,0,0,0,0,0,0,0,0,0,0,0,0,0,0,0,0,0,0,0,0,0,0,0,0,0
104703_r1,2023,Los Angeles city,1,Los Angeles city,2,3,7,20,43,29,4,0,0,0,0,0,10,7,52,1,7,0,0,0,0,0,0,0,0,0,0,0,0,0,0,0,0,0,0,0,0,0,0,0,0,0
104703_r2,2023,Los Angeles city,1,Los Angeles city,2,3,7,20,43,30,5,0,0,0,0,0,8,4,44,1,4,0,0,0,0,0,0,0,0,0,0,0,0,0,0,0,0,0,0,0,0,0,0,0,0,0
104704,2023,Los Angeles city,1,Los Angeles city,2,3,7,20,43,29,17,0,0,0,0,0,5,5,15,0,4,0,0,0,0,0,0,0,0,0,0,0,0,0,0,0,0,0,0,0,0,0,0,0,0,0
104821,2023,Los Angeles city,1,Los Angeles city,2,3,7,20,43,29,0,0,0,0,0,0,1,2,2,0,0,0,0,0,0,0,0,0,0,0,0,0,0,0,0,0,0,0,0,0,0,0,0,0,0,0
104822,2023,Los Angeles city,1,Los Angeles city,2,3,7,20,43,29,4,0,0,0,0,0,2,0,7,8,0,0,0,0,0,0,0,0,0,0,0,0,0,0,0,0,0,0,0,0,0,0,0,0,0,0
104823,2023,Los Angeles city,1,Los Angeles city,2,3,7,20,43,29,0,0,0,0,0,0,3,1,11,0,0,0,0,0,0,0,0,0,0,0,0,0,0,0,0,0,0,0,0,0,0,0,0,0,0,0
104824,2023,Los Angeles city,1,Los Angeles city,2,3,7,20,43,29,1,0,0,0,0,0,1,0,0,1,0,0,0,0,0,0,0,0,0,0,0,0,0,0,0,0,0,0,0,0,0,0,0,0,0,0
106010,2023,Los Angeles city,1,Los Angeles city,2,3,7,20,43,29,2,0,0,0,0,0,1,0,0,1,1,35,0,0,0,0,0,0,0,0,0,0,0,0,0,0,0,0,0,0,0,0,35,0,0,35
106020,2023,Los Angeles city,1,Los Angeles city,2,3,7,20,43,29,7,1,2,0,0,0,1,0,2,1,3,0,0,0,0,0,0,0,0,0,0,0,0,0,0,0,0,0,0,0,0,0,0,0,0,0
106111,2023,Los Angeles city,1,Los Angeles city,2,3,7,20,43,29,0,0,0,0,0,0,0,0,0,0,0,0,0,0,0,0,0,0,0,0,0,0,0,0,0,0,0,0,0,0,0,0,0,0,0,0
106112,2023,Los Angeles city,1,Los Angeles city,2,3,7,20,43,29,3,0,0,0,0,0,0,0,2,4,2,67,0,0,1,0,0,0,0,0,0,0,0,0,0,0,0,0,0,0,0,0,68,0,0,68
106113,2023,Los Angeles city,1,Los Angeles city,2,3,7,20,43,29,2,0,0,0,0,0,0,0,0,1,0,0,0,0,0,0,0,0,0,0,0,0,0,0,0,0,0,0,0,0,0,0,0,0,0,0
106114,2023,Los Angeles city,1,Los Angeles city,2,3,7,20,43,29,7,0,0,0,0,0,0,0,4,0,9,16,0,0,0,0,0,0,0,0,0,0,0,0,0,0,0,0,0,0,0,0,16,0,0,16
106403,2023,Los Angeles city,1,Los Angeles city,2,3,7,20,43,29,1,0,0,0,0,0,3,3,3,1,0,0,0,0,0,0,0,0,0,0,0,0,0,0,0,0,0,0,0,0,0,0,0,0,0,0
106405,2023,Los Angeles city,1,Los Angeles city,2,3,7,20,43,29,2,0,0,0,0,0,0,0,0,0,1,0,0,0,0,0,0,0,0,0,0,0,0,0,0,0,0,0,0,0,0,0,0,0,0,0
106406,2023,Los Angeles city,1,Los Angeles city,2,3,7,20,43,29,7,0,0,0,0,0,22,11,43,1,8,0,0,0,0,0,0,0,0,0,0,0,0,0,0,0,0,0,0,0,0,0,0,0,0,0
106407,2023,Los Angeles city,1,Los Angeles city,2,3,7,20,43,29,4,0,0,0,0,0,0,1,0,1,0,0,0,0,0,0,0,0,24,1,4,0,0,0,0,0,0,0,0,0,0,0,0,28,0,28
106408,2023,Los Angeles city,1,Los Angeles city,2,3,7,20,43,29,4,0,0,0,0,0,0,0,0,1,3,0,0,0,0,0,0,0,0,0,0,0,0,0,0,0,0,0,0,0,0,0,0,0,0,0
106510_x1,2023,Los Angeles city,1,Los Angeles city,2,3,7,20,43,29,6,0,0,0,0,0,13,5,11,0,0,0,0,0,0,0,0,0,0,0,0,0,0,0,0,0,0,0,0,0,0,0,0,0,0,0
106510_x2,2023,Los Angeles city,1,Los Angeles city,2,3,12,20,43,29,0,0,0,0,0,0,0,0,0,0,0,0,0,0,0,0,0,0,0,0,0,0,0,0,0,0,0,0,0,0,0,0,0,0,0,0
106520,2023,Los Angeles city,1,Los Angeles city,2,3,7,20,43,29,0,0,0,0,0,0,0,0,24,0,0,0,0,0,0,0,0,0,0,0,0,0,0,0,0,0,0,0,0,0,0,0,0,0,0,0
106603,2023,Los Angeles city,1,Los Angeles city,2,3,12,27,40,27,0,0,0,0,0,0,0,0,0,0,0,0,0,0,0,0,0,0,0,0,0,0,0,0,0,0,0,0,0,0,0,0,0,0,0,0
106604,2023,Los Angeles city,1,Los Angeles city,2,3,7,20,43,29,2,0,0,0,0,0,3,1,15,4,2,92,0,0,1,0,0,0,0,0,0,0,0,0,0,0,0,0,0,0,0,0,93,0,0,93
106641,2023,Los Angeles city,1,Los Angeles city,2,3,12,27,40,27,0,0,0,0,0,0,0,0,0,0,0,0,0,0,0,0,0,0,0,0,0,0,0,0,0,0,0,0,0,0,0,0,0,0,0,0
106642,2023,Los Angeles city,1,Los Angeles city,2,3,12,27,40,27,0,0,0,0,0,0,0,0,1,1,0,0,0,0,0,0,0,0,0,0,0,0,0,0,0,0,0,0,0,0,0,0,0,0,0,0
106643,2023,Los Angeles city,1,Los Angeles city,2,3,12,27,40,27,0,0,0,0,0,0,0,0,0,0,0,0,0,0,0,0,0,0,0,0,0,0,0,0,0,0,0,0,0,0,0,0,0,0,0,0
106645,2023,Los Angeles city,1,Los Angeles city,2,3,12,27,40,27,0,0,0,0,0,0,1,1,0,0,0,0,0,0,0,0,0,0,0,0,0,0,0,0,0,0,0,0,0,0,0,0,0,0,0,0
106646,2023,Los Angeles city,1,Los Angeles city,2,3,12,27,40,27,1,0,0,0,0,0,0,1,1,5,0,0,0,0,0,0,0,0,0,0,0,0,0,0,0,0,0,0,0,0,0,0,0,0,0,0
106648,2023,Los Angeles city,1,Los Angeles city,2,3,7,20,43,29,3,0,0,0,0,0,0,0,0,2,1,0,0,0,0,0,0,0,0,0,0,0,0,0,0,0,0,0,0,0,0,0,0,0,0,0
106649,2023,Los Angeles city,1,Los Angeles city,2,3,7,20,43,29,1,0,0,0,0,0,0,0,0,1,1,0,0,0,0,0,0,0,0,0,0,0,0,0,0,0,0,0,0,0,0,0,0,0,0,0
107010,2023,Los Angeles city,1,Los Angeles city,2,3,7,20,43,29,0,0,0,0,0,0,0,0,0,0,0,0,0,0,0,0,0,0,0,0,0,0,0,0,0,0,0,0,0,0,0,0,0,0,0,0
107020,2023,Los Angeles city,1,Los Angeles city,2,3,7,20,43,29,5,0,0,0,0,0,0,1,4,1,1,0,0,0,0,0,0,0,0,0,0,0,0,0,0,0,0,0,0,0,0,0,0,0,0,0
108101,2023,Los Angeles city,1,Los Angeles city,2,3,12,27,40,27,0,0,0,0,0,0,0,0,0,0,0,0,0,0,0,0,0,0,0,0,0,0,0,0,0,0,0,0,0,0,0,0,0,0,0,0
108102,2023,Los Angeles city,1,Los Angeles city,2,3,12,27,40,27,0,0,0,0,0,0,0,0,0,1,1,0,0,0,0,0,0,0,0,0,0,0,0,0,0,0,0,0,0,0,0,0,0,0,0,0
108103,2023,Los Angeles city,1,Los Angeles city,2,3,12,27,40,27,0,0,0,0,0,0,0,0,1,0,0,0,0,0,0,0,0,0,0,0,0,0,0,0,0,0,0,0,0,0,0,0,0,0,0,0
108104,2023,Los Angeles city,1,Los Angeles city,2,3,12,27,40,27,0,0,0,0,0,0,0,0,0,0,0,0,0,0,0,0,0,0,0,0,0,0,0,0,0,0,0,0,0,0,0,0,0,0,0,0
108202_q1,2023,Los Angeles city,1,Los Angeles city,2,3,12,27,40,27,0,0,0,0,0,0,0,0,0,0,0,0,0,0,0,0,0,0,0,0,0,0,0,0,0,0,0,0,0,0,0,0,0,0,0,0
108202_q2,2023,Los Angeles city,1,Los Angeles city,2,3,12,27,40,27,0,0,0,0,0,0,0,0,0,0,0,0,0,0,0,0,0,0,0,0,0,0,0,0,0,0,0,0,0,0,0,0,0,0,0,0
108203,2023,Los Angeles city,1,Los Angeles city,2,3,12,27,40,27,0,0,0,0,0,0,0,0,0,0,0,0,0,0,0,0,0,0,0,0,0,0,0,0,0,0,0,0,0,0,0,0,0,0,0,0
108204,2023,Los Angeles city,1,Los Angeles city,2,3,12,27,40,27,1,0,0,0,0,0,0,0,0,0,0,0,0,0,0,0,0,0,0,0,0,0,0,0,0,0,0,0,0,0,0,0,0,0,0,0
109100,2023,Los Angeles city,1,Los Angeles city,2,3,7,20,43,29,0,0,0,0,0,0,0,2,0,0,0,0,0,0,0,0,0,0,0,0,0,0,0,0,0,0,0,0,0,0,0,0,0,0,0,0
109200,2023,Los Angeles city,1,Los Angeles city,2,3,12,27,40,27,1,0,0,0,0,0,0,1,4,0,0,0,0,0,0,0,0,0,0,0,0,0,0,0,0,0,0,0,0,0,0,0,0,0,0,0
109300,2023,Los Angeles city,1,Los Angeles city,2,3,12,27,40,27,1,0,0,0,0,0,0,0,2,0,0,0,0,0,0,0,0,0,0,0,0,0,0,0,0,0,0,0,0,0,0,0,0,0,0,0
109400,2023,Los Angeles city,1,Los Angeles city,2,3,7,20,43,29,2,0,0,0,0,0,2,2,2,0,2,0,0,0,0,0,0,0,0,0,0,0,0,0,0,0,0,0,0,0,0,0,0,0,0,0
109500,2023,Los Angeles city,1,Los Angeles city,2,3,7,20,43,29,7,0,0,0,0,0,0,0,0,2,3,0,0,0,0,0,0,0,0,0,0,0,0,0,0,0,0,0,0,0,0,0,0,0,0,0
109601_x1,2023,Los Angeles city,1,Los Angeles city,2,3,6,20,43,29,0,0,0,0,0,0,0,0,0,0,0,0,0,0,0,0,0,0,0,0,0,0,0,0,0,0,0,0,0,0,0,0,0,0,0,0
109601_x2,2023,Los Angeles city,1,Los Angeles city,2,3,7,20,43,29,0,0,0,0,0,0,0,0,4,0,0,0,0,0,0,0,0,0,0,0,0,0,0,0,0,0,0,0,0,0,0,0,0,0,0,0
109603,2023,Los Angeles city,1,Los Angeles city,2,3,7,20,43,29,1,0,0,0,0,0,3,1,0,0,0,0,0,0,0,0,0,0,0,0,0,0,0,0,0,0,0,0,0,0,0,0,0,0,0,0
109604,2023,Los Angeles city,1,Los Angeles city,2,3,7,20,43,29,4,0,0,0,0,0,0,1,2,2,0,0,0,0,0,0,0,0,0,0,0,0,0,0,0,0,0,0,0,0,0,0,0,0,0,0
109700_r1,2023,Los Angeles city,1,Los Angeles city,2,3,12,27,40,27,0,0,0,0,0,0,0,0,1,0,0,0,0,0,0,0,0,0,0,0,0,0,0,0,0,0,0,0,0,0,0,0,0,0,0,0
109700_r2,2023,Los Angeles city,1,Los Angeles city,2,3,12,20,40,27,0,0,0,0,0,0,0,0,0,1,0,0,0,0,0,0,0,0,0,0,0,0,0,0,0,0,0,0,0,0,0,0,0,0,0,0
109800_r1,2023,Los Angeles city,1,Los Angeles city,2,3,12,27,40,32,0,0,0,0,0,0,0,0,0,0,0,0,0,0,0,0,0,0,0,0,0,0,0,0,0,0,0,0,0,0,0,0,0,0,0,0
109800_r2,2023,Los Angeles city,1,Los Angeles city,2,3,12,20,40,32,0,0,0,0,0,0,0,0,0,0,0,0,0,0,0,0,0,0,0,0,0,0,0,0,0,0,0,0,0,0,0,0,0,0,0,0
111100,2023,Los Angeles city,1,Los Angeles city,2,3,12,27,40,27,5,0,0,0,0,0,3,2,2,2,5,0,0,0,0,0,0,0,0,0,0,0,0,0,0,0,0,0,0,0,0,0,0,0,0,0
111201,2023,Los Angeles city,1,Los Angeles city,2,3,12,27,40,27,2,0,0,0,0,0,0,2,0,0,0,0,0,0,0,0,0,0,0,0,0,0,0,0,0,0,0,0,0,0,0,0,0,0,0,0
111202,2023,Los Angeles city,1,Los Angeles city,2,3,12,27,40,27,0,0,0,0,0,0,1,1,2,1,0,0,0,0,0,0,0,0,0,0,0,0,0,0,0,0,0,0,0,0,0,0,0,0,0,0
111204,2023,Los Angeles city,1,Los Angeles city,2,3,12,27,40,32,1,0,0,0,0,0,1,0,1,1,0,0,0,0,0,0,0,0,0,0,0,0,0,0,0,0,0,0,0,0,0,0,0,0,0,0
111205_q1,2023,Los Angeles city,1,Los Angeles city,2,3,12,27,40,32,3,0,0,0,0,0,8,3,1,0,0,0,0,0,0,0,0,0,0,0,0,0,0,0,0,0,0,0,0,0,0,0,0,0,0,0
111205_q2,2023,Los Angeles city,1,Los Angeles city,2,3,12,27,40,32,2,0,0,0,0,0,1,0,0,0,0,0,0,0,0,0,0,0,0,0,0,0,0,0,0,0,0,0,0,0,0,0,0,0,0,0
111206_q1,2023,Los Angeles city,1,Los Angeles city,2,3,12,27,40,32,0,0,0,0,0,0,0,0,0,0,0,0,0,0,0,0,0,0,0,0,0,0,0,0,0,0,0,0,0,0,0,0,0,0,0,0
111206_q2,2023,Los Angeles city,1,Los Angeles city,2,3,12,27,40,32,0,0,0,0,0,0,1,0,2,0,0,0,0,0,0,0,0,0,0,0,0,0,0,0,0,0,0,0,0,0,0,0,0,0,0,0
111206_q3,2023,Los Angeles city,1,Los Angeles city,2,3,12,27,40,32,1,0,0,0,0,0,1,0,0,0,0,0,0,0,0,0,0,0,0,0,0,0,0,0,0,0,0,0,0,0,0,0,0,0,0,0
111302,2023,Los Angeles city,1,Los Angeles city,2,3,12,27,40,32,0,0,0,0,0,0,2,0,4,1,0,0,0,0,0,0,0,0,0,0,0,0,0,0,0,0,0,0,0,0,0,0,0,0,0,0
111303_r1,2023,Los Angeles city,1,Los Angeles city,2,3,12,27,40,27,0,0,0,0,0,0,5,0,1,0,0,0,0,0,0,0,0,0,0,0,0,0,0,0,0,0,0,0,0,0,0,0,0,0,0,0
111303_r2,2023,Los Angeles city,1,Los Angeles city,2,3,12,27,40,32,0,0,0,0,0,0,2,0,0,0,0,0,0,0,0,0,0,0,0,0,0,0,0,0,0,0,0,0,0,0,0,0,0,0,0,0
111304,2023,Los Angeles city,1,Los Angeles city,2,3,12,27,40,32,0,0,0,0,0,0,2,1,0,0,0,0,0,0,0,0,0,0,0,0,0,0,0,0,0,0,0,0,0,0,0,0,0,0,0,0
111401,2023,Los Angeles city,1,Los Angeles city,2,3,12,27,40,32,6,0,0,0,0,0,3,2,2,3,0,0,0,0,0,0,0,0,0,0,0,0,0,0,0,0,0,0,0,0,0,0,0,0,0,0
111402,2023,Los Angeles city,1,Los Angeles city,2,3,12,27,40,32,1,0,0,0,0,0,2,2,0,0,0,0,0,0,0,0,0,0,0,0,0,0,0,0,0,0,0,0,0,0,0,0,0,0,0,0
113101_r1,2023,Los Angeles city,1,Los Angeles city,2,3,12,27,40,27,0,0,0,0,0,0,0,0,0,0,0,0,0,0,0,0,0,0,0,0,0,0,0,0,0,0,0,0,0,0,0,0,0,0,0,0
113101_r2,2023,Los Angeles city,1,Los Angeles city,2,3,12,27,40,32,2,0,0,0,0,0,0,0,0,0,1,0,0,0,0,0,0,0,0,0,0,0,0,0,0,0,0,0,0,0,0,0,0,0,0,0
113102_q1,2023,Los Angeles city,1,Los Angeles city,2,3,12,27,40,32,1,0,0,0,0,0,0,0,0,0,1,0,0,0,0,0,0,0,0,0,0,0,0,0,0,0,0,0,0,0,0,0,0,0,0,0
113102_q2,2023,Los Angeles city,1,Los Angeles city,2,3,12,27,40,32,0,0,0,0,0,0,0,0,0,0,0,0,0,0,0,0,0,0,0,0,0,0,0,0,0,0,0,0,0,0,0,0,0,0,0,0
113211_r1,2023,Los Angeles city,1,Los Angeles city,2,3,12,27,40,27,0,0,0,0,0,0,0,0,0,0,0,0,0,0,0,0,0,0,0,0,0,0,0,0,0,0,0,0,0,0,0,0,0,0,0,0
113211_r2,2023,Los Angeles city,1,Los Angeles city,2,3,12,27,40,32,10,1,3,0,0,0,3,0,3,17,0,0,0,0,0,0,0,0,0,0,0,0,0,0,0,0,0,0,0,0,0,0,0,0,0,0
113212,2023,Los Angeles city,1,Los Angeles city,2,3,12,27,40,32,3,0,0,0,0,0,1,0,0,0,0,34,0,0,0,0,0,0,0,0,0,0,0,0,0,0,0,0,0,0,0,0,34,0,0,34
113213,2023,Los Angeles city,1,Los Angeles city,2,3,12,27,40,32,3,0,0,0,0,0,0,0,0,16,4,0,0,0,0,0,0,0,0,0,0,0,0,0,0,0,0,0,0,0,0,0,0,0,0,0
113231_xw1,2023,,2,Unincorporated - West Chatsworth,2,3,0,27,46,32,0,0,0,0,0,0,0,0,0,0,0,0,0,0,0,0,0,0,0,0,0,0,0,0,0,0,0,0,0,0,0,0,0,0,0,0
113231_xw2,2023,Los Angeles city,1,Los Angeles city,2,3,12,27,46,32,0,0,0,0,0,0,0,0,0,0,0,0,0,0,0,0,0,0,0,0,0,0,0,0,0,0,0,0,0,0,0,0,0,0,0,0
113232,2023,Los Angeles city,1,Los Angeles city,2,3,12,27,46,32,3,0,0,0,0,0,1,1,0,0,1,0,0,0,0,0,0,0,5,0,0,0,0,0,0,0,0,0,0,0,0,0,0,5,0,5
113234_q1,2023,Los Angeles city,1,Los Angeles city,2,3,3,20,46,32,0,0,0,0,0,0,0,0,1,0,0,0,0,0,0,0,0,0,0,0,0,0,0,0,0,0,0,0,0,0,0,0,0,0,0,0
113234_q2,2023,Los Angeles city,1,Los Angeles city,2,3,3,20,46,32,0,0,0,0,0,0,0,0,0,0,0,0,0,0,0,0,0,0,0,0,0,0,0,0,0,0,0,0,0,0,0,0,0,0,0,0
113235,2023,,2,Unincorporated - Lake Manor,2,3,0,27,46,32,0,0,0,0,0,0,0,0,0,0,0,0,0,0,0,0,0,0,0,0,0,0,0,0,0,0,0,0,0,0,0,0,0,0,0,0
113237,2023,Los Angeles city,1,Los Angeles city,2,3,12,27,40,32,1,0,0,0,0,0,2,3,37,12,4,0,0,0,0,0,0,0,0,0,0,0,0,0,0,0,0,0,0,0,0,0,0,0,0,0
113238,2023,Los Angeles city,1,Los Angeles city,2,3,3,20,46,32,0,0,0,0,0,0,0,1,3,0,0,0,0,0,0,0,0,0,0,0,0,0,0,0,0,0,0,0,0,0,0,0,0,0,0,0
113239,2023,Los Angeles city,1,Los Angeles city,2,3,3,20,46,32,5,0,0,0,0,0,2,0,1,0,4,0,0,0,0,0,0,0,0,0,0,0,0,0,0,0,0,0,0,0,0,0,0,0,0,0
113301_q1,2023,Los Angeles city,1,Los Angeles city,2,3,12,27,40,32,1,0,0,0,0,0,0,9,16,0,0,0,0,0,0,0,0,0,0,0,0,0,0,0,0,0,0,0,0,0,0,0,0,0,0,0
113301_q2,2023,Los Angeles city,1,Los Angeles city,2,3,12,27,40,32,0,0,0,0,0,0,0,0,0,0,0,0,0,0,0,0,0,0,0,0,0,0,0,0,0,0,0,0,0,0,0,0,0,0,0,0
113301_q3,2023,Los Angeles city,1,Los Angeles city,2,3,12,20,40,32,2,0,0,0,0,0,0,0,0,3,0,0,0,0,0,0,0,0,0,0,0,0,0,0,0,0,0,0,0,0,0,0,0,0,0,0
113303,2023,Los Angeles city,1,Los Angeles city,2,3,12,27,40,32,5,0,0,0,0,0,7,7,65,10,11,0,0,0,0,0,0,0,0,0,0,0,0,0,0,0,0,0,0,0,0,0,0,0,0,0
113322_q1,2023,Los Angeles city,1,Los Angeles city,2,3,12,27,40,32,0,0,0,0,0,0,0,0,0,0,0,0,0,0,0,0,0,0,0,0,0,0,0,0,0,0,0,0,0,0,0,0,0,0,0,0
113322_q2,2023,Los Angeles city,1,Los Angeles city,2,3,12,27,40,32,0,0,0,0,0,0,0,0,0,0,0,0,0,0,0,0,0,0,0,0,0,0,0,0,0,0,0,0,0,0,0,0,0,0,0,0
113323,2023,Los Angeles city,1,Los Angeles city,2,3,12,27,40,32,0,0,0,0,0,0,0,1,0,0,0,0,0,0,0,0,0,0,0,0,0,0,0,0,0,0,0,0,0,0,0,0,0,0,0,0
113324,2023,Los Angeles city,1,Los Angeles city,2,3,12,27,40,32,0,0,0,0,0,0,0,0,0,0,0,0,0,0,0,0,0,0,0,0,0,0,0,0,0,0,0,0,0,0,0,0,0,0,0,0
113423,2023,Los Angeles city,1,Los Angeles city,2,3,3,20,46,32,0,0,0,0,0,0,0,0,0,0,0,0,0,0,0,0,0,0,0,0,0,0,0,0,0,0,0,0,0,0,0,0,0,0,0,0
113424_q1,2023,Los Angeles city,1,Los Angeles city,2,3,12,27,40,32,0,0,0,0,0,0,0,1,1,0,0,0,0,0,0,0,0,0,0,0,0,0,0,0,0,0,0,0,0,0,0,0,0,0,0,0
113424_q2,2023,Los Angeles city,1,Los Angeles city,2,3,12,27,40,32,7,0,0,0,0,0,0,0,0,0,1,0,0,0,0,0,0,0,0,0,0,0,0,0,0,0,0,0,0,0,0,0,0,0,0,0
113424_q3,2023,Los Angeles city,1,Los Angeles city,2,3,12,20,40,32,4,0,0,0,0,0,5,0,4,1,2,0,0,0,0,0,0,0,0,0,0,0,0,0,0,0,0,0,0,0,0,0,0,0,0,0
113425,2023,Los Angeles city,1,Los Angeles city,2,3,3,20,46,32,0,0,0,0,0,0,0,2,2,0,0,0,0,0,0,0,0,0,0,0,0,0,0,0,0,0,0,0,0,0,0,0,0,0,0,0
113426_x1,2023,Los Angeles city,1,Los Angeles city,2,3,3,20,46,32,0,0,0,0,0,0,1,1,7,0,0,0,0,0,0,0,0,0,0,0,0,0,0,0,0,0,0,0,0,0,0,0,0,0,0,0
113426_x2,2023,Los Angeles city,1,Los Angeles city,2,3,12,27,40,32,0,0,0,0,0,0,2,3,14,0,4,0,0,0,0,0,0,0,0,0,0,0,0,0,0,0,0,0,0,0,0,0,0,0,0,0
113427_q1,2023,Los Angeles city,1,Los Angeles city,2,3,3,20,46,32,0,0,0,0,0,0,0,0,1,0,0,0,0,0,0,0,0,0,0,0,0,0,0,0,0,0,0,0,0,0,0,0,0,0,0,0
113427_q2,2023,Los Angeles city,1,Los Angeles city,2,3,3,20,46,32,0,0,0,0,0,0,0,0,0,0,0,0,0,0,0,0,0,0,0,0,0,0,0,0,0,0,0,0,0,0,0,0,0,0,0,0
113428,2023,Los Angeles city,1,Los Angeles city,2,3,3,20,46,32,2,0,0,0,0,0,0,1,0,0,0,0,0,0,0,0,0,0,0,0,0,0,0,0,0,0,0,0,0,0,0,0,0,0,0,0
115101_q1,2023,Los Angeles city,1,Los Angeles city,2,3,12,27,40,32,2,0,0,0,0,0,0,0,0,0,0,0,0,0,0,0,0,0,0,0,0,0,0,0,0,0,0,0,0,0,0,0,0,0,0,0
115101_q2,2023,Los Angeles city,1,Los Angeles city,2,3,12,27,40,32,2,0,0,0,0,0,0,0,0,0,0,0,0,0,0,0,0,0,0,0,0,0,0,0,0,0,0,0,0,0,0,0,0,0,0,0
115103,2023,Los Angeles city,1,Los Angeles city,2,3,12,27,40,32,1,0,0,0,0,0,0,0,0,0,0,4,0,0,1,0,0,0,0,0,0,0,0,0,0,0,0,0,0,0,0,0,5,0,0,5
115104_q1,2023,Los Angeles city,1,Los Angeles city,2,3,12,27,40,32,0,0,0,0,0,0,0,0,0,0,0,0,0,0,0,0,0,0,0,0,0,0,0,0,0,0,0,0,0,0,0,0,0,0,0,0
115104_q2,2023,Los Angeles city,1,Los Angeles city,2,3,12,27,40,32,1,0,0,0,0,0,0,0,0,1,0,0,0,0,0,0,0,0,0,0,0,0,0,0,0,0,0,0,0,0,0,0,0,0,0,0
115202_q1,2023,Los Angeles city,1,Los Angeles city,2,3,12,27,40,32,0,0,0,0,0,0,0,0,0,0,0,0,0,0,0,0,0,0,0,0,0,0,0,0,0,0,0,0,0,0,0,0,0,0,0,0
115202_q2,2023,Los Angeles city,1,Los Angeles city,2,3,12,27,40,32,0,0,0,0,0,0,3,0,1,0,0,0,0,0,0,0,0,0,0,0,0,0,0,0,0,0,0,0,0,0,0,0,0,0,0,0
115202_q3,2023,Los Angeles city,1,Los Angeles city,2,3,12,20,40,32,1,0,0,0,0,0,0,4,12,1,0,5,0,0,0,0,0,0,0,0,0,0,0,0,0,0,0,0,0,0,0,0,5,0,0,5
115203,2023,Los Angeles city,1,Los Angeles city,2,3,12,27,40,32,1,0,0,0,0,0,1,0,0,0,0,0,0,0,0,0,0,0,0,0,0,0,0,0,0,0,0,0,0,0,0,0,0,0,0,0
115204,2023,Los Angeles city,1,Los Angeles city,2,3,12,27,40,32,0,0,0,0,0,0,0,0,0,0,0,0,0,0,0,0,0,0,0,0,0,0,0,0,0,0,0,0,0,0,0,0,0,0,0,0
115301_q1,2023,Los Angeles city,1,Los Angeles city,2,3,12,27,40,32,0,0,0,0,0,0,0,0,0,0,0,0,0,0,0,0,0,0,0,0,0,0,0,0,0,0,0,0,0,0,0,0,0,0,0,0
115301_q2,2023,Los Angeles city,1,Los Angeles city,2,3,12,20,40,32,0,0,0,0,0,0,0,0,2,9,0,0,0,0,0,0,0,0,0,0,0,0,0,0,0,0,0,0,0,0,0,0,0,0,0,0
115302,2023,Los Angeles city,1,Los Angeles city,2,3,12,20,40,32,5,0,0,0,0,0,3,3,6,2,0,0,0,0,0,0,0,0,0,0,0,0,0,0,0,0,0,0,0,0,0,0,0,0,0,0
115401,2023,Los Angeles city,1,Los Angeles city,2,3,12,27,40,32,0,0,0,0,0,0,0,0,0,0,0,0,0,0,0,0,0,0,0,0,0,0,0,0,0,0,0,0,0,0,0,0,0,0,0,0
115403,2023,Los Angeles city,1,Los Angeles city,2,3,12,20,40,32,7,0,0,0,0,0,1,1,0,0,7,0,0,0,0,0,0,0,0,0,0,0,0,0,0,0,0,0,0,0,0,0,0,0,0,0
115404,2023,Los Angeles city,1,Los Angeles city,2,3,12,20,40,32,0,0,0,5,0,0,2,1,3,0,0,0,0,0,0,0,0,0,0,0,0,0,0,0,0,0,0,0,0,0,0,0,0,0,0,0
117101,2023,Los Angeles city,1,Los Angeles city,2,3,7,20,43,29,0,0,0,0,0,0,0,1,1,0,0,0,0,0,0,0,0,0,0,0,0,0,0,0,0,0,0,0,0,0,0,0,0,0,0,0
117102,2023,Los Angeles city,1,Los Angeles city,2,3,7,20,43,29,2,0,0,0,0,0,0,0,2,0,0,0,0,0,0,0,0,0,0,0,0,0,0,0,0,0,0,0,0,0,0,0,0,0,0,0
117201,2023,Los Angeles city,1,Los Angeles city,2,3,7,20,40,29,2,0,0,0,0,0,0,1,1,0,1,0,0,0,0,0,0,0,0,0,0,0,0,0,0,0,0,0,0,0,0,0,0,0,0,0
117202,2023,Los Angeles city,1,Los Angeles city,2,3,12,27,40,32,5,0,0,0,0,0,0,1,3,1,1,0,0,0,0,0,0,0,0,0,0,0,0,0,0,0,0,0,0,0,0,0,0,0,0,0
117301_q1,2023,Los Angeles city,1,Los Angeles city,2,3,12,27,40,32,0,0,0,0,0,0,0,0,0,0,0,0,0,0,0,0,0,0,0,0,0,0,0,0,0,0,0,0,0,0,0,0,0,0,0,0
117301_q2,2023,Los Angeles city,1,Los Angeles city,2,3,12,27,40,32,0,0,0,0,0,0,0,0,0,0,0,0,0,0,0,0,0,0,0,0,0,0,0,0,0,0,0,0,0,0,0,0,0,0,0,0
117302_q1,2023,Los Angeles city,1,Los Angeles city,2,3,12,27,40,32,1,0,0,0,0,0,0,0,0,0,0,0,0,0,0,0,0,0,0,0,0,0,0,0,0,0,0,0,0,0,0,0,0,0,0,0
117302_q2,2023,Los Angeles city,1,Los Angeles city,2,3,12,27,40,32,1,0,0,0,0,0,2,0,0,0,0,0,0,0,0,0,0,0,0,0,0,0,0,0,0,0,0,0,0,0,0,0,0,0,0,0
117303,2023,Los Angeles city,1,Los Angeles city,2,3,12,20,40,32,3,0,0,0,0,0,3,1,5,1,0,0,0,0,0,0,0,0,0,0,0,0,0,0,0,0,0,0,0,0,0,0,0,0,0,0
117404,2023,Los Angeles city,1,Los Angeles city,2,3,12,20,40,32,4,0,0,0,0,0,3,4,1,12,2,0,0,0,0,0,0,0,0,0,0,0,0,0,0,0,0,0,0,0,0,0,0,0,0,0
117405,2023,Los Angeles city,1,Los Angeles city,2,3,7,20,40,29,2,0,0,16,0,0,0,0,0,0,4,0,0,0,0,0,0,0,0,0,0,0,0,0,0,0,0,0,0,0,0,0,0,0,0,0
117407,2023,Los Angeles city,1,Los Angeles city,2,3,6,20,43,29,5,0,0,0,0,0,1,1,0,5,2,0,0,0,0,0,0,0,0,0,0,0,0,0,0,0,0,0,0,0,0,0,0,0,0,0
117408,2023,Los Angeles city,1,Los Angeles city,2,3,6,20,43,29,4,0,0,0,0,0,2,1,0,2,5,45,0,0,1,0,0,0,0,0,0,0,0,0,0,0,0,0,0,0,0,0,46,0,0,46
117510_x1,2023,Los Angeles city,1,Los Angeles city,2,3,6,20,43,29,0,0,0,0,0,0,2,0,0,0,0,0,0,0,0,0,0,0,0,0,0,0,0,0,0,0,0,0,0,0,0,0,0,0,0,0
117510_x2,2023,Los Angeles city,1,Los Angeles city,2,3,7,20,43,29,0,0,0,0,0,0,2,2,0,2,0,0,0,0,0,0,0,0,4,0,0,34,0,0,0,0,0,0,0,0,0,0,0,38,0,38
117520,2023,Los Angeles city,1,Los Angeles city,2,3,6,20,43,29,3,0,0,0,0,0,1,0,0,3,1,0,0,0,0,0,0,0,0,0,0,0,0,0,0,0,0,0,0,0,0,0,0,0,0,0
117530,2023,Los Angeles city,1,Los Angeles city,2,3,6,20,43,29,6,0,0,0,0,0,0,0,0,2,0,0,0,0,0,0,0,0,0,0,0,0,0,0,0,0,0,0,0,0,0,0,0,0,0,0
119001,2023,Los Angeles city,1,Los Angeles city,2,3,6,20,43,29,0,0,0,0,0,0,0,0,2,0,0,0,0,0,0,0,0,0,0,0,0,0,0,0,0,0,0,0,0,0,0,0,0,0,0,0
119003,2023,Los Angeles city,1,Los Angeles city,2,3,6,20,43,29,2,0,0,0,0,0,0,1,5,0,0,0,0,0,0,0,0,0,0,0,0,0,0,0,0,0,0,0,0,0,0,0,0,0,0,0
119004,2023,Los Angeles city,1,Los Angeles city,2,3,6,20,43,29,2,0,0,0,0,0,0,0,2,0,4,0,0,0,0,0,0,0,0,0,0,0,0,0,0,0,0,0,0,0,0,0,0,0,0,0
119201,2023,Los Angeles city,1,Los Angeles city,2,3,6,20,43,29,0,0,0,0,0,0,1,2,8,0,0,0,0,0,0,0,0,0,0,0,0,0,0,0,0,0,0,0,0,0,0,0,0,0,0,0
119202,2023,Los Angeles city,1,Los Angeles city,2,3,6,20,43,29,3,0,0,0,0,0,1,1,2,0,0,14,0,0,0,0,0,0,0,0,0,0,0,0,0,0,0,0,0,0,0,0,14,0,0,14
119310,2023,Los Angeles city,1,Los Angeles city,2,3,6,20,43,29,2,0,0,0,0,0,0,0,0,0,0,0,0,0,0,0,0,0,0,0,0,0,0,0,0,0,0,0,0,0,0,0,0,0,0,0
119320,2023,Los Angeles city,1,Los Angeles city,2,3,6,20,43,29,0,0,0,0,0,0,0,0,0,0,0,0,0,0,0,0,0,0,0,0,0,0,0,0,0,0,0,0,0,0,0,0,0,0,0,0
119340,2023,Los Angeles city,1,Los Angeles city,2,3,6,20,43,29,0,0,0,0,0,0,1,1,0,0,0,0,0,0,0,0,0,0,0,0,0,0,0,0,0,0,0,0,0,0,0,0,0,0,0,0
119341,2023,Los Angeles city,1,Los Angeles city,2,3,6,20,43,29,5,0,0,0,0,0,0,0,0,0,0,0,0,0,0,0,0,0,0,0,0,0,0,0,0,0,0,0,0,0,0,0,0,0,0,0
119342,2023,Los Angeles city,1,Los Angeles city,2,3,6,20,43,29,0,0,0,0,0,0,0,0,0,0,0,0,0,0,0,0,0,0,0,0,0,0,0,0,0,0,0,0,0,0,0,0,0,0,0,0
119400,2023,Los Angeles city,1,Los Angeles city,2,3,6,20,43,29,4,0,0,0,0,0,6,2,2,0,1,0,0,0,0,0,0,0,0,0,0,0,0,0,0,0,0,0,0,0,0,0,0,0,0,0
119700_q1,2023,Los Angeles city,1,Los Angeles city,2,3,6,20,43,29,0,0,0,0,0,0,1,1,1,0,0,0,0,0,0,0,0,0,0,0,0,0,0,0,0,0,0,0,0,0,0,0,0,0,0,0
119700_q2,2023,Los Angeles city,1,Los Angeles city,2,3,6,20,43,29,1,0,0,0,0,0,1,1,1,0,0,0,0,0,0,0,0,0,0,0,0,0,0,0,0,0,0,0,0,0,0,0,0,0,0,0
119801,2023,Los Angeles city,1,Los Angeles city,2,3,6,20,43,29,0,0,0,0,0,0,0,1,0,0,0,0,0,0,0,0,0,0,0,0,0,0,0,0,0,0,0,0,0,0,0,0,0,0,0,0
119802,2023,Los Angeles city,1,Los Angeles city,2,3,6,20,43,29,0,0,0,0,0,0,0,0,0,0,0,0,0,0,0,0,0,0,0,0,0,0,0,0,0,0,0,0,0,0,0,0,0,0,0,0
119900,2023,Los Angeles city,1,Los Angeles city,2,3,6,20,43,29,1,0,0,0,0,0,1,0,1,0,0,0,0,0,0,0,0,0,0,0,0,0,0,0,0,0,0,0,0,0,0,0,0,0,0,0
120010,2023,Los Angeles city,1,Los Angeles city,2,3,6,20,43,29,1,0,0,0,0,0,0,1,2,0,3,0,0,0,0,0,0,0,0,0,0,0,0,0,0,0,0,0,0,0,0,0,0,0,0,0
120020,2023,Los Angeles city,1,Los Angeles city,2,3,6,20,43,29,1,0,0,0,0,0,0,0,0,0,6,0,0,0,0,0,0,0,0,0,0,0,0,0,0,0,0,0,0,0,0,0,0,0,0,0
120030,2023,Los Angeles city,1,Los Angeles city,2,3,6,20,43,29,5,0,0,0,0,0,0,0,0,8,6,0,0,0,0,0,0,0,0,0,0,0,0,0,0,0,0,0,0,0,0,0,0,0,0,0
120103,2023,Los Angeles city,1,Los Angeles city,2,3,6,20,43,29,0,0,0,0,0,0,1,0,0,0,0,0,0,0,0,0,0,0,0,0,0,0,0,0,0,0,0,0,0,0,0,0,0,0,0,0
120104,2023,Los Angeles city,1,Los Angeles city,2,3,6,20,43,29,2,0,0,0,0,0,1,0,0,0,0,0,0,0,0,0,0,0,0,0,0,0,0,0,0,0,0,0,0,0,0,0,0,0,0,0
120105,2023,Los Angeles city,1,Los Angeles city,2,3,6,20,43,29,0,0,0,0,0,0,0,0,0,0,0,0,0,0,0,0,0,0,0,0,0,0,0,0,0,0,0,0,0,0,0,0,0,0,0,0
120106,2023,Los Angeles city,1,Los Angeles city,2,3,6,20,43,29,0,0,0,0,0,0,0,0,0,1,0,0,0,0,0,0,0,0,0,0,0,0,0,0,0,0,0,0,0,0,0,0,0,0,0,0
120107,2023,Los Angeles city,1,Los Angeles city,2,3,6,20,43,29,2,0,0,0,0,0,0,4,0,0,0,0,0,0,0,0,0,0,0,0,0,0,0,0,0,0,0,0,0,0,0,0,0,0,0,0
120108,2023,Los Angeles city,1,Los Angeles city,2,3,6,20,43,29,13,0,0,0,0,0,0,1,0,0,13,0,0,0,0,0,0,0,0,0,0,0,0,0,0,0,0,0,0,0,0,0,0,0,0,0
120300,2023,Los Angeles city,1,Los Angeles city,2,3,6,20,43,29,1,0,0,0,0,0,0,0,2,0,0,0,0,0,0,0,0,0,0,0,0,0,0,0,0,0,0,0,0,0,0,0,0,0,0,0
120400_q1,2023,Los Angeles city,1,Los Angeles city,2,3,6,20,43,29,0,0,0,0,0,0,0,0,0,0,0,0,0,0,0,0,0,0,0,0,0,0,0,0,0,0,0,0,0,0,0,0,0,0,0,0
120400_q2,2023,Los Angeles city,1,Los Angeles city,2,3,6,20,43,29,5,0,0,0,0,0,1,0,3,4,0,0,0,0,0,0,0,0,0,0,0,0,0,0,0,0,0,0,0,0,0,0,0,0,0,0
121010_x1,2023,Los Angeles city,1,Los Angeles city,2,3,2,20,43,29,0,0,0,0,0,0,0,0,2,0,0,0,0,0,0,0,0,0,0,0,0,0,0,0,0,0,0,0,0,0,0,0,0,0,0,0
121010_x2,2023,Los Angeles city,1,Los Angeles city,2,3,2,20,43,29,4,0,0,0,0,0,0,1,7,1,0,0,0,0,0,0,0,0,0,0,0,0,0,0,0,0,0,0,0,0,0,0,0,0,0,0
121010_x3,2023,Los Angeles city,1,Los Angeles city,2,3,6,20,43,29,3,0,0,0,0,0,0,1,5,1,6,0,0,0,0,0,0,0,0,0,0,0,0,0,0,0,0,0,0,0,0,0,0,0,0,0
121020_q1,2023,Los Angeles city,1,Los Angeles city,2,3,2,20,43,29,2,0,0,0,0,0,0,0,0,0,2,0,0,0,0,0,0,0,0,0,0,0,0,0,0,0,0,0,0,0,0,0,0,0,0,0
121020_q2,2023,Los Angeles city,1,Los Angeles city,2,3,2,20,43,29,0,0,0,0,0,0,0,1,5,0,1,0,0,0,0,0,0,0,0,0,0,0,0,0,0,0,0,0,0,0,0,0,0,0,0,0
121101_y1,2023,Los Angeles city,1,Los Angeles city,2,3,6,20,43,29,6,0,0,0,0,0,3,1,1,1,1,0,0,0,0,0,0,0,0,0,0,0,0,0,0,0,0,0,0,0,0,0,0,0,0,0
121101_y2,2023,Los Angeles city,1,Los Angeles city,2,5,6,20,43,29,0,0,0,0,0,0,2,1,2,0,0,0,0,0,0,0,0,0,0,0,0,0,0,0,0,0,0,0,0,0,0,0,0,0,0,0
121102_x1,2023,Los Angeles city,1,Los Angeles city,2,5,6,20,43,29,0,0,0,0,0,0,6,7,10,1,3,0,0,0,0,0,0,0,0,0,0,0,0,0,0,0,0,0,0,0,0,0,0,0,0,0
121102_x2,2023,Los Angeles city,1,Los Angeles city,2,5,6,20,43,30,0,0,0,0,0,0,3,5,4,1,4,0,0,0,0,0,0,0,0,0,0,0,0,0,0,0,0,0,0,0,0,0,0,0,0,0
121102_x3,2023,Los Angeles city,1,Los Angeles city,2,5,6,20,43,30,0,0,0,0,0,0,5,5,4,1,4,0,0,0,0,0,0,0,0,0,0,0,0,0,0,0,0,0,0,0,0,0,0,0,0,0
121102_x4,2023,Los Angeles city,1,Los Angeles city,2,5,7,20,43,30,0,0,0,0,0,0,0,2,0,0,1,0,0,0,0,0,0,0,0,0,0,0,0,0,0,0,0,0,0,0,0,0,0,0,0,0
121102_x5,2023,Los Angeles city,1,Los Angeles city,2,5,7,20,43,30,0,0,0,0,0,0,0,0,0,0,0,0,0,0,0,0,0,0,0,0,0,0,0,0,0,0,0,0,0,0,0,0,0,0,0,0
121210_q1,2023,Los Angeles city,1,Los Angeles city,2,3,6,20,43,29,20,0,0,0,0,0,3,6,5,6,9,0,0,0,0,0,0,0,0,0,0,0,0,0,0,0,0,0,0,0,0,0,0,0,0,0
121210_q2,2023,Los Angeles city,1,Los Angeles city,2,3,6,20,43,29,0,0,0,0,0,0,0,1,3,0,0,0,0,0,0,0,0,0,0,0,0,0,0,0,0,0,0,0,0,0,0,0,0,0,0,0
121221,2023,Los Angeles city,1,Los Angeles city,2,3,6,20,43,29,0,0,0,0,0,0,1,1,2,0,0,0,0,0,0,0,0,0,0,0,0,0,0,0,0,0,0,0,0,0,0,0,0,0,0,0
121222,2023,Los Angeles city,1,Los Angeles city,2,3,6,20,43,29,6,1,3,0,0,0,1,1,8,4,2,0,0,0,0,0,0,0,0,0,0,0,0,0,0,0,0,0,0,0,0,0,0,0,0,0
121600_q1,2023,Los Angeles city,1,Los Angeles city,2,3,2,27,43,29,2,0,0,0,0,0,1,1,6,4,10,110,0,0,6,0,0,0,0,0,0,0,0,0,0,0,0,0,0,0,0,0,116,0,0,116
121600_q2,2023,Los Angeles city,1,Los Angeles city,2,3,2,27,43,29,1,0,0,0,0,0,0,0,0,0,0,0,0,0,0,0,0,0,0,0,0,0,0,0,0,0,0,0,0,0,0,0,0,0,0,0
121801,2023,Los Angeles city,1,Los Angeles city,2,3,6,20,43,29,5,0,0,0,0,0,1,3,4,0,1,0,0,0,0,0,0,0,0,0,0,0,0,0,0,0,0,0,0,0,0,0,0,0,0,0
121802_q1,2023,Los Angeles city,1,Los Angeles city,2,3,6,20,43,29,12,0,0,0,0,0,3,4,8,0,9,220,83,275,7,5,10,0,0,0,0,0,0,0,0,17,0,0,1,0,0,0,512,0,18,530
121802_q2,2023,Los Angeles city,1,Los Angeles city,2,3,6,20,43,29,6,0,0,0,0,0,0,0,6,0,2,0,0,0,0,0,0,0,0,0,0,0,0,0,0,0,0,0,0,0,0,0,0,0,0,0
121900_q1,2023,Los Angeles city,1,Los Angeles city,2,3,6,20,43,29,13,0,0,0,0,0,0,1,3,4,1,0,0,0,0,0,0,0,0,0,0,0,0,0,0,0,0,0,0,0,0,0,0,0,0,0
121900_q2,2023,Los Angeles city,1,Los Angeles city,2,3,6,20,43,29,26,0,0,0,0,0,11,10,21,1,4,0,0,0,0,0,0,0,0,0,0,0,0,0,0,0,0,0,0,0,0,0,0,0,0,0
122000_x1,2023,Los Angeles city,1,Los Angeles city,2,3,2,27,43,29,6,0,0,0,0,0,0,0,17,2,2,52,0,0,0,0,0,0,0,0,0,0,0,0,0,0,0,0,0,0,0,0,52,0,0,52
122000_x2,2023,Los Angeles city,1,Los Angeles city,2,3,2,20,43,29,3,0,0,0,0,0,0,0,0,0,1,0,0,0,0,0,0,0,0,0,0,0,0,0,0,0,0,0,0,0,0,0,0,0,0,0
122000_x3,2023,Los Angeles city,1,Los Angeles city,2,3,6,20,43,29,8,0,0,0,0,0,0,0,0,0,7,0,0,0,0,0,0,0,0,0,0,0,0,0,0,0,0,0,0,0,0,0,0,0,0,0
122120_x1,2023,Los Angeles city,1,Los Angeles city,2,3,2,20,43,29,0,0,0,0,0,0,0,0,0,0,0,0,0,0,0,0,0,0,0,0,0,0,0,0,0,0,0,0,0,0,0,0,0,0,0,0
122120_x2,2023,Los Angeles city,1,Los Angeles city,2,3,6,20,43,29,0,0,0,0,0,0,1,0,3,0,0,0,0,0,0,0,0,0,0,0,0,0,0,0,0,0,0,0,0,0,0,0,0,0,0,0
122121_x1,2023,Los Angeles city,1,Los Angeles city,2,3,2,20,43,29,0,0,0,0,0,0,0,0,1,0,0,0,0,0,0,0,0,0,0,0,0,0,0,0,0,0,0,0,0,0,0,0,0,0,0,0
122121_x2,2023,Los Angeles city,1,Los Angeles city,2,3,6,20,43,29,0,0,0,0,0,0,1,1,2,0,0,0,0,0,0,0,0,0,0,0,0,0,0,0,0,0,0,0,0,0,0,0,0,0,0,0
122122_x1,2023,Los Angeles city,1,Los Angeles city,2,3,2,20,43,29,0,0,0,0,0,0,0,0,0,0,0,67,0,0,1,0,0,0,0,0,0,0,0,0,0,0,0,0,0,0,0,0,68,0,0,68
122122_x2,2023,Los Angeles city,1,Los Angeles city,2,3,6,20,43,29,0,0,0,0,0,0,2,3,25,0,15,0,0,0,0,0,0,0,0,0,0,0,0,0,0,0,0,0,0,0,0,0,0,0,0,0
122200,2023,Los Angeles city,1,Los Angeles city,2,5,2,20,43,29,12,0,0,0,0,0,5,3,33,0,5,0,0,0,0,0,0,0,0,0,0,0,0,0,0,0,0,0,0,0,0,0,0,0,0,0
122410,2023,Los Angeles city,1,Los Angeles city,2,3,2,20,43,29,4,1,2,0,0,0,2,4,4,1,4,0,0,0,0,0,0,0,0,0,0,0,0,0,0,0,0,0,0,0,0,0,0,0,0,0
122420,2023,Los Angeles city,1,Los Angeles city,2,3,2,20,43,29,7,0,0,0,0,0,0,1,2,0,0,0,0,0,0,0,0,0,0,0,0,0,0,0,0,0,0,0,0,0,0,0,0,0,0,0
123010_q1,2023,Los Angeles city,1,Los Angeles city,2,3,2,20,43,29,0,0,0,0,0,0,1,6,10,0,0,0,0,0,0,0,0,0,0,0,0,0,0,0,0,0,0,0,0,0,0,0,0,0,0,0
123010_q2,2023,Los Angeles city,1,Los Angeles city,2,3,2,20,43,29,0,0,0,0,0,0,0,1,2,0,0,0,0,0,0,0,0,0,0,0,0,0,0,0,0,0,0,0,0,0,0,0,0,0,0,0
123020,2023,Los Angeles city,1,Los Angeles city,2,3,2,20,43,29,0,0,0,0,0,0,2,2,6,0,0,0,0,0,0,0,0,0,0,0,0,0,0,0,0,0,0,0,0,0,0,0,0,0,0,0
123103_r1,2023,Los Angeles city,1,Los Angeles city,2,5,2,20,43,29,0,0,0,0,0,0,2,3,10,1,2,0,0,0,0,0,0,0,0,0,0,0,0,0,0,0,0,0,0,0,0,0,0,0,0,0
123103_r2,2023,Los Angeles city,1,Los Angeles city,2,5,2,20,44,29,0,0,0,0,0,0,0,0,0,0,0,0,0,0,0,0,0,0,0,0,0,0,0,0,0,0,0,0,0,0,0,0,0,0,0,0
123104,2023,Los Angeles city,1,Los Angeles city,2,5,2,27,44,29,6,0,0,0,0,0,4,2,2,11,1,0,0,0,0,0,0,0,0,0,0,0,0,0,0,0,0,0,0,0,0,0,0,0,0,0
123203,2023,Los Angeles city,1,Los Angeles city,2,3,2,20,43,29,19,0,0,0,0,0,1,1,2,8,6,0,0,0,0,0,0,0,0,0,0,0,0,0,0,0,0,0,0,0,0,0,0,0,0,0
123204_r1,2023,Los Angeles city,1,Los Angeles city,2,3,2,27,43,29,3,0,0,0,0,0,0,0,1,0,2,0,0,0,0,0,0,0,0,0,0,0,0,0,0,0,0,0,0,0,0,0,0,0,0,0
123204_r2,2023,Los Angeles city,1,Los Angeles city,2,3,2,20,43,29,1,0,0,0,0,0,0,0,0,0,0,0,0,0,0,0,0,0,0,0,0,0,0,0,0,0,0,0,0,0,0,0,0,0,0,0
123205,2023,Los Angeles city,1,Los Angeles city,2,3,2,20,43,29,1,0,0,0,0,0,0,0,8,0,1,0,0,0,0,0,0,0,0,0,0,0,0,0,0,0,0,0,0,0,0,0,0,0,0,0
123206,2023,Los Angeles city,1,Los Angeles city,2,3,2,20,43,29,8,0,0,0,0,0,3,0,5,0,0,0,0,0,0,0,0,0,0,0,0,0,0,0,0,0,0,0,0,0,0,0,0,0,0,0
123301_q1,2023,Los Angeles city,1,Los Angeles city,2,3,2,27,43,29,4,0,0,0,0,0,11,13,8,1,22,0,0,0,0,0,0,0,0,0,0,0,0,0,0,0,0,0,0,0,0,0,0,0,0,0
123301_q2,2023,Los Angeles city,1,Los Angeles city,2,3,2,27,43,29,0,0,0,0,0,0,1,3,1,2,1,0,0,0,0,0,0,0,0,0,0,0,0,0,0,0,0,0,0,0,0,0,0,0,0,0
123303_q1,2023,Los Angeles city,1,Los Angeles city,2,3,2,27,43,29,0,0,0,0,0,0,0,0,0,0,0,0,0,0,0,0,0,0,0,0,0,0,0,0,0,0,0,0,0,0,0,0,0,0,0,0
123303_q2,2023,Los Angeles city,1,Los Angeles city,2,3,2,27,43,29,5,0,0,0,0,0,0,0,1,2,2,0,0,0,0,0,0,0,0,0,0,0,0,0,0,0,0,0,0,0,0,0,0,0,0,0
123304_q1,2023,Los Angeles city,1,Los Angeles city,2,3,2,27,43,29,4,0,0,0,0,0,0,0,0,3,8,0,0,0,0,0,0,0,0,0,0,0,0,0,0,0,0,0,0,0,0,0,0,0,0,0
123304_q2,2023,Los Angeles city,1,Los Angeles city,2,3,2,27,43,29,0,0,0,0,0,0,0,0,1,0,0,0,0,0,0,0,0,0,0,0,0,0,0,0,0,0,0,0,0,0,0,0,0,0,0,0
123304_q3,2023,Los Angeles city,1,Los Angeles city,2,3,2,27,43,29,2,0,0,0,0,0,1,2,4,0,1,0,0,0,0,0,0,0,0,0,0,0,0,0,0,0,0,0,0,0,0,0,0,0,0,0
123304_q4,2023,Los Angeles city,1,Los Angeles city,2,3,2,27,43,29,0,0,0,0,0,0,0,0,0,0,0,0,0,0,0,0,0,0,0,0,0,0,0,0,0,0,0,0,0,0,0,0,0,0,0,0
123410,2023,Los Angeles city,1,Los Angeles city,2,3,2,27,43,29,2,0,0,0,0,0,0,0,0,0,1,0,0,0,0,0,0,0,0,0,0,0,0,0,0,0,0,0,0,0,0,0,0,0,0,0
123420_q1,2023,Los Angeles city,1,Los Angeles city,2,3,2,27,43,29,4,0,0,0,0,0,0,1,11,0,0,0,0,0,0,0,0,0,0,0,0,0,0,0,0,0,0,0,0,0,0,0,0,0,0,0
123420_q2,2023,Los Angeles city,1,Los Angeles city,2,3,2,27,43,29,0,0,0,0,0,0,0,0,0,0,0,0,0,0,0,0,0,0,0,0,0,0,0,0,0,0,0,0,0,0,0,0,0,0,0,0
123510,2023,Los Angeles city,1,Los Angeles city,2,3,2,27,43,29,0,0,0,0,0,0,0,0,1,0,0,0,0,0,0,0,0,0,0,0,0,0,0,0,0,0,0,0,0,0,0,0,0,0,0,0
123520,2023,Los Angeles city,1,Los Angeles city,2,3,2,27,43,29,0,0,0,0,0,0,0,0,0,0,0,0,0,0,0,0,0,0,0,0,0,0,0,0,0,0,0,0,0,0,0,0,0,0,0,0
123601_x1,2023,Los Angeles city,1,Los Angeles city,2,3,4,27,44,32,5,0,0,0,0,0,0,0,0,0,5,0,0,0,0,0,0,0,0,0,0,0,0,0,0,0,0,0,0,0,0,0,0,0,0,0
123601_x2,2023,Los Angeles city,1,Los Angeles city,2,3,2,27,43,29,1,0,0,0,0,0,0,0,0,1,0,0,0,0,0,0,0,0,0,0,0,0,0,0,0,0,0,0,0,0,0,0,0,0,0,0
123601_x3,2023,Los Angeles city,1,Los Angeles city,2,3,4,27,44,32,0,0,0,0,0,0,1,0,0,0,0,0,0,0,0,0,0,0,0,0,0,0,0,0,0,0,0,0,0,0,0,0,0,0,0,0
123602,2023,Los Angeles city,1,Los Angeles city,2,3,2,27,43,29,0,0,0,0,0,0,0,0,0,0,0,0,0,0,0,0,0,0,0,0,0,0,0,0,0,0,0,0,0,0,0,0,0,0,0,0
123700,2023,Los Angeles city,1,Los Angeles city,2,3,2,27,43,29,2,0,0,0,0,0,3,3,3,0,0,0,0,0,0,0,0,0,0,0,0,0,0,0,0,0,0,0,0,0,0,0,0,0,0,0
123800,2023,Los Angeles city,1,Los Angeles city,2,3,2,27,43,29,4,0,0,0,0,0,10,3,9,6,3,98,0,0,4,0,0,1,0,0,0,15,2,4,0,0,0,0,0,0,0,0,103,19,0,122
123901_q1,2023,Los Angeles city,1,Los Angeles city,2,3,2,27,44,29,7,0,0,0,0,0,1,0,0,1,4,0,0,0,0,0,0,0,0,0,0,0,0,0,0,0,0,0,0,0,0,0,0,0,0,0
123901_q2,2023,Los Angeles city,1,Los Angeles city,2,3,2,27,44,29,3,0,0,0,0,0,0,0,0,0,0,0,0,0,0,0,0,0,0,0,0,0,0,0,0,0,0,0,0,0,0,0,0,0,0,0
123901_q3,2023,Los Angeles city,1,Los Angeles city,2,3,2,27,44,29,32,0,0,0,0,0,2,1,4,4,11,0,0,0,0,0,0,0,0,0,0,0,0,0,0,0,0,0,0,0,0,0,0,0,0,0
123901_q4,2023,Los Angeles city,1,Los Angeles city,2,3,2,20,44,29,7,0,0,0,0,0,8,7,4,3,2,0,0,0,0,0,0,0,0,0,0,0,0,0,0,0,0,0,0,0,0,0,0,0,0,0
123902_q1,2023,Los Angeles city,1,Los Angeles city,2,5,2,27,43,29,0,0,0,0,0,0,2,0,0,0,0,0,0,0,0,0,0,0,0,0,0,0,0,0,0,0,0,0,0,0,0,0,0,0,0,0
123902_q2,2023,Los Angeles city,1,Los Angeles city,2,5,2,27,43,29,0,0,0,0,0,0,0,0,0,0,0,0,0,0,0,0,0,0,0,0,0,0,0,0,0,0,0,0,0,0,0,0,0,0,0,0
123902_q3,2023,Los Angeles city,1,Los Angeles city,2,5,2,27,44,29,0,0,0,0,0,0,4,0,1,0,0,0,0,0,0,0,0,0,0,0,0,0,0,0,0,0,0,0,0,0,0,0,0,0,0,0
124000,2023,Los Angeles city,1,Los Angeles city,2,5,2,27,44,29,10,1,11,0,0,0,1,0,0,0,1,0,0,0,0,0,0,0,0,0,0,0,0,0,0,0,0,0,0,0,0,0,0,0,0,0
124102,2023,Los Angeles city,1,Los Angeles city,2,5,2,27,44,29,13,0,0,0,0,0,2,3,6,6,4,0,0,0,0,0,0,0,0,0,0,0,0,0,0,0,0,0,0,0,0,0,0,0,0,0
124103,2023,Los Angeles city,1,Los Angeles city,2,3,2,20,43,29,0,0,0,0,0,0,0,2,1,0,0,0,0,0,0,0,0,0,0,0,0,0,0,0,0,0,0,0,0,0,0,0,0,0,0,0
124104,2023,Los Angeles city,1,Los Angeles city,2,5,2,27,44,29,0,0,0,0,0,0,0,0,0,4,0,0,0,0,0,0,0,0,0,0,0,0,0,0,0,0,0,0,0,0,0,0,0,0,0,0
124105,2023,Los Angeles city,1,Los Angeles city,2,5,2,27,44,29,2,0,0,0,0,0,1,0,0,1,2,0,0,0,0,0,0,0,0,0,0,0,0,0,0,0,0,0,0,0,0,0,0,0,0,0
124201_q1,2023,Los Angeles city,1,Los Angeles city,2,5,2,20,43,29,0,0,0,0,0,0,4,4,2,4,2,0,0,0,0,0,0,0,0,0,0,0,0,0,0,0,0,0,0,0,0,0,0,0,0,0
124201_q2,2023,Los Angeles city,1,Los Angeles city,2,5,2,27,44,29,0,0,0,0,0,0,4,0,3,5,0,0,0,0,0,0,0,0,0,0,0,0,0,0,0,0,0,0,0,0,0,0,0,0,0,0
124203,2023,Los Angeles city,1,Los Angeles city,2,5,2,27,44,29,0,0,0,0,0,0,1,2,1,1,0,0,0,0,0,0,0,0,0,0,0,0,0,0,0,0,0,0,0,0,0,0,0,0,0,0
124204,2023,Los Angeles city,1,Los Angeles city,2,5,2,27,44,29,2,0,0,0,0,0,1,2,3,0,1,0,0,0,0,0,0,0,0,0,0,0,0,0,0,0,0,0,0,0,0,0,0,0,0,0
124300,2023,Los Angeles city,1,Los Angeles city,2,5,2,27,44,29,4,0,0,0,0,0,3,4,11,2,0,0,0,0,0,0,0,0,0,0,0,0,0,0,0,0,0,0,0,0,0,0,0,0,0,0
124400_y1,2023,Los Angeles city,1,Los Angeles city,2,3,2,27,43,29,0,0,0,0,0,0,2,0,0,0,0,0,0,0,0,0,0,0,0,0,0,0,0,0,0,0,0,0,0,0,0,0,0,0,0,0
124400_y2,2023,Los Angeles city,1,Los Angeles city,2,5,2,27,44,29,0,0,0,0,0,0,0,0,0,0,0,0,0,0,0,0,0,0,0,0,0,0,0,0,0,0,0,0,0,0,0,0,0,0,0,0
124500_x1,2023,Los Angeles city,1,Los Angeles city,2,3,2,27,43,29,0,0,0,0,0,0,0,0,0,0,0,0,0,0,0,0,0,0,0,0,0,0,0,0,0,0,0,0,0,0,0,0,0,0,0,0
124500_x2,2023,Los Angeles city,1,Los Angeles city,2,3,4,27,44,32,0,0,0,0,0,0,0,0,0,0,0,0,0,0,0,0,0,0,0,0,0,0,0,0,0,0,0,0,0,0,0,0,0,0,0,0
124600,2023,Los Angeles city,1,Los Angeles city,2,3,4,27,44,32,1,0,0,0,0,0,0,0,1,1,0,0,0,0,0,0,0,0,0,0,0,0,0,0,0,0,0,0,0,0,0,0,0,0,0,0
124700_q1,2023,Los Angeles city,1,Los Angeles city,2,3,4,27,44,32,1,0,0,0,0,0,0,0,0,0,0,0,0,0,0,0,0,0,0,0,0,0,0,0,0,0,0,0,0,0,0,0,0,0,0,0
124700_q2,2023,Los Angeles city,1,Los Angeles city,2,3,4,27,44,32,0,0,0,0,0,0,0,1,1,0,0,0,0,0,0,0,0,0,0,0,0,0,0,0,0,0,0,0,0,0,0,0,0,0,0,0
124902,2023,Los Angeles city,1,Los Angeles city,2,5,2,27,44,29,1,0,0,0,0,0,1,0,0,0,1,0,0,0,0,0,0,0,0,0,0,0,0,0,0,0,0,0,0,0,0,0,0,0,0,0
124903,2023,Los Angeles city,1,Los Angeles city,2,5,2,27,44,29,7,0,0,0,0,0,0,0,0,0,2,0,0,0,0,0,0,0,0,0,0,0,0,0,0,0,0,0,0,0,0,0,0,0,0,0
125101,2023,Los Angeles city,1,Los Angeles city,2,5,2,27,44,29,3,0,0,0,0,0,2,1,2,0,1,0,0,0,0,0,0,0,0,0,0,0,0,0,0,0,0,0,0,0,0,0,0,0,0,0
125102,2023,Los Angeles city,1,Los Angeles city,2,5,2,27,44,29,1,0,0,0,0,0,0,0,0,0,0,0,0,0,0,0,0,0,0,0,0,0,0,0,0,0,0,0,0,0,0,0,0,0,0,0
125200_q1,2023,Los Angeles city,1,Los Angeles city,2,5,2,27,44,29,12,0,0,0,0,0,0,3,2,11,5,44,0,0,3,0,0,0,0,0,0,0,0,0,0,0,0,0,0,0,0,0,47,0,0,47
125200_q2,2023,Los Angeles city,1,Los Angeles city,2,5,2,27,44,29,0,0,0,0,0,0,0,2,0,0,0,0,0,0,0,0,0,0,0,0,0,0,0,0,0,0,0,0,0,0,0,0,0,0,0,0
125310_q1,2023,Los Angeles city,1,Los Angeles city,2,5,2,27,44,29,28,0,0,0,0,0,2,2,3,10,6,0,0,0,0,0,0,0,0,0,0,0,0,0,0,0,0,0,0,0,0,0,0,0,0,0
125310_q2,2023,Los Angeles city,1,Los Angeles city,2,5,2,27,44,29,0,0,0,0,0,0,0,1,0,0,0,0,0,0,0,0,0,0,0,0,0,0,0,0,0,0,0,0,0,0,0,0,0,0,0,0
125321,2023,Los Angeles city,1,Los Angeles city,2,5,2,27,44,29,0,0,0,0,0,0,1,0,0,0,3,0,0,0,0,0,0,0,0,0,0,0,0,0,0,0,0,0,0,0,0,0,0,0,0,0
125322,2023,Los Angeles city,1,Los Angeles city,2,5,2,27,44,29,9,0,0,0,0,0,0,1,3,11,1,0,0,0,0,0,0,0,0,0,0,0,0,0,0,0,0,0,0,0,0,0,0,0,0,0
125402_q1,2023,Los Angeles city,1,Los Angeles city,2,5,2,27,44,29,0,0,0,0,0,0,0,1,0,0,2,0,0,0,0,0,0,0,0,0,0,0,0,0,0,0,0,0,0,0,0,0,0,0,0,0
125402_q2,2023,Los Angeles city,1,Los Angeles city,2,5,2,27,44,29,5,0,0,0,0,0,1,1,0,3,2,0,0,0,0,0,0,0,0,0,0,0,0,0,0,0,0,0,0,0,0,0,0,0,0,0
125402_q3,2023,Los Angeles city,1,Los Angeles city,2,5,2,27,44,29,0,0,0,0,0,0,0,0,0,0,0,0,0,0,0,0,0,0,0,0,0,0,0,0,0,0,0,0,0,0,0,0,0,0,0,0
125402_q4,2023,Los Angeles city,1,Los Angeles city,2,5,2,27,44,32,0,0,0,0,0,0,0,0,0,0,0,0,0,0,0,0,0,0,0,0,0,0,0,0,0,0,0,0,0,0,0,0,0,0,0,0
125403,2023,Los Angeles city,1,Los Angeles city,2,5,2,27,44,29,1,0,0,0,0,0,0,0,0,0,0,0,0,0,0,0,0,0,0,0,0,0,0,0,0,0,0,0,0,0,0,0,0,0,0,0
125404,2023,Los Angeles city,1,Los Angeles city,2,5,2,27,44,29,1,0,0,0,0,0,0,0,1,2,0,0,0,0,0,0,0,0,0,0,0,0,0,0,0,0,0,0,0,0,0,0,0,0,0,0
125501,2023,Los Angeles city,1,Los Angeles city,2,5,2,27,44,29,6,0,0,0,0,0,0,0,0,0,0,0,0,0,0,0,0,0,0,0,0,0,0,0,0,0,0,0,0,0,0,0,0,0,0,0
125502_q1,2023,Los Angeles city,1,Los Angeles city,2,5,2,27,44,29,4,0,0,0,0,0,1,0,5,0,0,0,0,0,0,0,0,0,0,0,0,0,0,0,0,0,0,0,0,0,0,0,0,0,0,0
125502_q2,2023,Los Angeles city,1,Los Angeles city,2,5,2,27,44,29,2,0,0,0,0,0,0,0,0,0,0,0,0,0,0,0,0,0,0,0,0,0,0,0,0,0,0,0,0,0,0,0,0,0,0,0
125600,2023,Los Angeles city,1,Los Angeles city,2,5,2,27,44,29,0,0,0,0,0,0,0,0,0,0,0,0,0,0,0,0,0,0,0,0,0,0,0,0,0,0,0,0,0,0,0,0,0,0,0,0
127102,2023,Los Angeles city,1,Los Angeles city,2,3,2,20,46,29,2,0,0,0,0,0,0,1,0,0,0,69,0,0,3,0,0,0,0,0,0,0,0,0,0,0,0,0,0,0,0,0,72,0,0,72
127103,2023,Los Angeles city,1,Los Angeles city,2,3,2,20,46,29,1,0,0,0,0,0,0,0,0,0,1,0,0,0,0,0,0,0,0,0,0,0,0,0,0,0,0,0,0,0,0,0,0,0,0,0
127104,2023,Los Angeles city,1,Los Angeles city,2,3,2,20,46,29,2,0,0,0,0,0,1,1,0,0,0,0,0,0,0,0,0,0,0,0,0,0,0,0,0,0,0,0,0,0,0,0,0,0,0,0
127210,2023,Los Angeles city,1,Los Angeles city,2,3,6,20,46,29,8,0,0,0,0,0,2,2,5,3,1,0,0,0,0,0,0,0,0,0,0,0,0,0,0,0,0,0,0,0,0,0,0,0,0,0
127220,2023,Los Angeles city,1,Los Angeles city,2,3,6,20,46,29,10,0,0,5,0,0,4,3,1,2,2,0,0,0,0,0,0,0,0,0,0,0,0,0,0,0,0,0,0,0,0,0,0,0,0,0
127300,2023,Los Angeles city,1,Los Angeles city,2,3,6,20,46,29,7,0,0,0,0,0,1,0,5,1,8,0,0,0,0,0,0,0,0,0,0,0,0,0,0,0,0,0,0,0,0,0,0,0,0,0
127400,2023,Los Angeles city,1,Los Angeles city,2,3,6,20,46,29,22,0,0,0,0,0,0,0,0,7,21,0,0,0,0,0,0,0,0,0,0,0,0,0,0,0,0,0,0,0,0,0,0,0,0,0
127520,2023,Los Angeles city,1,Los Angeles city,2,3,6,20,43,29,13,0,0,0,0,0,1,2,0,4,10,0,0,0,0,0,0,0,0,0,0,0,0,0,0,0,0,0,0,0,0,0,0,0,0,0
127603,2023,Los Angeles city,1,Los Angeles city,2,3,6,20,46,29,1,0,0,0,0,0,0,0,0,0,0,0,0,0,0,0,0,0,0,0,0,0,0,0,0,0,0,0,0,0,0,0,0,0,0,0
127604,2023,Los Angeles city,1,Los Angeles city,2,3,6,20,46,29,0,0,0,0,0,0,0,0,0,0,1,0,0,0,0,0,0,0,0,0,0,0,0,0,0,0,0,0,0,0,0,0,0,0,0,0
127605,2023,Los Angeles city,1,Los Angeles city,2,3,6,20,46,29,0,0,0,0,0,0,1,0,1,0,0,0,0,0,0,0,0,0,0,0,0,0,0,0,0,0,0,0,0,0,0,0,0,0,0,0
127606,2023,Los Angeles city,1,Los Angeles city,2,3,6,20,46,29,1,0,0,0,0,0,2,0,8,0,3,0,0,0,0,0,0,0,0,0,0,0,0,0,0,0,0,0,0,0,0,0,0,0,0,0
127711,2023,Los Angeles city,1,Los Angeles city,2,3,6,20,46,29,2,0,0,0,0,0,0,0,3,0,16,0,0,0,0,0,0,0,0,0,0,0,0,0,0,0,0,0,0,0,0,0,0,0,0,0
127712,2023,Los Angeles city,1,Los Angeles city,2,3,6,20,46,29,5,0,0,0,0,0,0,0,0,2,2,68,0,0,2,0,0,0,0,0,0,0,0,0,0,0,0,0,0,0,0,0,70,0,0,70
127803,2023,Los Angeles city,1,Los Angeles city,2,3,6,20,46,29,13,0,0,0,0,0,3,4,0,0,5,0,0,0,0,0,0,0,0,0,0,0,0,0,0,0,0,0,0,0,0,0,0,0,0,0
127804,2023,Los Angeles city,1,Los Angeles city,2,3,6,20,46,29,1,0,0,0,0,0,0,0,0,0,0,0,0,0,0,0,0,0,0,0,0,0,0,0,0,0,0,0,0,0,0,0,0,0,0,0
127805,2023,Los Angeles city,1,Los Angeles city,2,3,6,20,46,29,15,0,0,0,0,0,0,0,1,0,8,0,0,0,0,0,0,0,0,0,0,0,0,0,0,0,0,0,0,0,0,0,0,0,0,0
127806,2023,Los Angeles city,1,Los Angeles city,2,3,6,20,46,29,12,0,0,0,0,0,0,0,0,1,3,0,0,0,0,0,0,0,0,0,0,0,0,0,0,0,0,0,0,0,0,0,0,0,0,0
127910,2023,Los Angeles city,1,Los Angeles city,2,3,6,20,46,29,0,0,0,0,0,0,1,1,1,0,0,0,8,28,0,0,0,0,0,0,0,0,0,0,0,0,0,0,0,0,0,0,28,0,0,28
127920,2023,Los Angeles city,1,Los Angeles city,2,3,2,20,46,29,0,0,0,0,0,0,0,0,0,2,0,0,0,0,0,0,0,0,0,0,0,0,0,0,0,0,0,0,0,0,0,0,0,0,0,0
128101,2023,Los Angeles city,1,Los Angeles city,2,3,2,27,43,29,3,0,0,0,0,0,0,0,1,0,0,0,0,0,0,0,0,0,0,0,0,0,0,0,0,0,0,0,0,0,0,0,0,0,0,0
128102_x1,2023,Los Angeles city,1,Los Angeles city,2,3,2,20,46,29,2,0,0,0,0,0,0,0,0,0,0,0,0,0,0,0,0,0,0,0,0,0,0,0,0,0,0,0,0,0,0,0,0,0,0,0
128102_x2,2023,Los Angeles city,1,Los Angeles city,2,3,6,20,46,29,10,0,0,0,0,0,1,0,1,4,5,0,0,0,0,0,0,0,0,0,0,0,0,0,0,0,0,0,0,0,0,0,0,0,0,0
128210,2023,Los Angeles city,1,Los Angeles city,2,3,6,20,46,29,0,0,0,0,0,0,1,0,2,2,1,40,0,0,0,0,0,0,0,0,0,0,0,0,0,0,0,0,0,0,0,0,40,0,0,40
128220,2023,Los Angeles city,1,Los Angeles city,2,3,2,27,43,29,0,0,0,0,0,0,0,0,0,0,0,0,0,0,0,0,0,0,0,0,0,0,0,0,0,0,0,0,0,0,0,0,0,0,0,0
128302,2023,Los Angeles city,1,Los Angeles city,2,3,6,20,46,29,0,0,0,0,0,0,0,1,2,0,0,0,0,0,0,0,0,0,0,0,0,0,0,0,0,0,0,0,0,0,0,0,0,0,0,0
128303,2023,Los Angeles city,1,Los Angeles city,2,3,6,20,46,29,5,0,0,0,0,0,0,0,0,4,12,0,0,0,0,0,0,0,0,0,0,0,0,0,0,0,0,0,0,0,0,0,0,0,0,0
128400_x1,2023,Los Angeles city,1,Los Angeles city,2,3,4,27,44,32,0,0,0,0,0,0,2,0,0,1,2,0,0,0,0,0,0,0,0,0,0,0,0,0,0,0,0,0,0,0,0,0,0,0,0,0
128400_x2,2023,Los Angeles city,1,Los Angeles city,2,3,6,20,46,29,2,0,0,0,0,0,0,0,2,0,1,0,0,0,0,0,0,0,0,0,0,0,0,0,0,0,0,0,0,0,0,0,0,0,0,0
128500_q1,2023,Los Angeles city,1,Los Angeles city,2,3,4,27,44,32,10,0,0,0,0,0,0,0,2,0,1,0,0,0,0,0,0,0,0,0,0,0,0,0,0,0,0,0,0,0,0,0,0,0,0,0
128500_q2,2023,Los Angeles city,1,Los Angeles city,2,3,4,27,44,32,0,0,0,0,0,0,0,1,1,0,2,0,0,0,0,0,0,0,0,0,0,0,0,0,0,0,0,0,0,0,0,0,0,0,0,0
128601_x1,2023,Los Angeles city,1,Los Angeles city,2,3,2,27,43,29,0,0,0,0,0,0,0,0,0,0,0,0,0,0,0,0,0,0,0,0,0,0,0,0,0,0,0,0,0,0,0,0,0,0,0,0
128601_x2,2023,Los Angeles city,1,Los Angeles city,2,3,4,27,44,32,0,0,0,0,0,0,0,0,0,0,3,0,0,0,0,0,0,0,0,0,0,0,0,0,0,0,0,0,0,0,0,0,0,0,0,0
128601_x3,2023,Los Angeles city,1,Los Angeles city,2,3,6,20,46,29,7,0,0,0,0,0,0,0,0,23,22,63,0,0,1,0,0,0,0,0,0,0,0,0,0,0,0,0,0,0,0,0,64,0,0,64
128602_x1,2023,Los Angeles city,1,Los Angeles city,2,3,2,27,43,29,6,0,0,0,0,0,1,5,0,0,1,0,0,0,0,0,0,0,0,0,0,0,0,0,0,0,0,0,0,0,0,0,0,0,0,0
128602_x2,2023,Los Angeles city,1,Los Angeles city,2,3,4,27,44,32,2,0,0,0,0,0,0,0,2,0,0,0,0,0,0,0,0,0,0,0,0,0,0,0,0,0,0,0,0,0,0,0,0,0,0,0
128703,2023,Los Angeles city,1,Los Angeles city,2,3,4,27,44,32,0,0,0,0,0,0,1,1,2,0,5,0,0,0,0,0,0,0,0,0,0,0,0,0,0,0,0,0,0,0,0,0,0,0,0,0
128704,2023,Los Angeles city,1,Los Angeles city,2,3,4,27,44,32,0,0,0,0,0,0,0,0,0,0,0,0,0,0,0,0,0,0,0,0,0,0,0,0,0,0,0,0,0,0,0,0,0,0,0,0
128801,2023,Los Angeles city,1,Los Angeles city,2,3,4,27,44,32,0,0,0,0,0,0,0,6,0,0,0,0,0,0,0,0,0,0,0,0,0,0,0,0,0,0,0,0,0,0,0,0,0,0,0,0
128802_q1,2023,Los Angeles city,1,Los Angeles city,2,3,4,27,44,32,0,0,0,0,0,0,0,0,0,0,0,0,0,0,0,0,0,0,0,0,0,0,0,0,0,0,0,0,0,0,0,0,0,0,0,0
128802_q2,2023,Los Angeles city,1,Los Angeles city,2,3,4,27,44,32,1,0,0,0,0,0,0,0,0,0,1,0,0,0,0,0,0,0,0,0,0,0,0,0,0,0,0,0,0,0,0,0,0,0,0,0
128910,2023,Los Angeles city,1,Los Angeles city,2,3,4,27,44,32,1,0,0,0,0,0,1,1,0,0,1,0,0,0,0,0,0,0,0,0,0,0,0,0,0,0,0,0,0,0,0,0,0,0,0,0
131021,2023,Los Angeles city,1,Los Angeles city,2,3,4,20,46,32,0,0,0,0,0,0,0,0,2,0,0,0,0,0,0,0,0,0,0,0,0,0,0,0,0,0,0,0,0,0,0,0,0,0,0,0
131022_x1,2023,Los Angeles city,1,Los Angeles city,2,3,3,20,46,32,0,0,0,0,0,0,0,0,0,0,0,0,0,0,0,0,0,0,0,0,0,0,0,0,0,0,0,0,0,0,0,0,0,0,0,0
131022_x2,2023,Los Angeles city,1,Los Angeles city,2,3,4,20,46,32,0,0,0,0,0,0,1,2,1,0,1,0,0,0,0,0,0,0,0,0,0,0,0,0,0,0,0,0,0,0,0,0,0,0,0,0
131023_x1,2023,Los Angeles city,1,Los Angeles city,2,3,3,20,46,32,0,0,0,0,0,0,0,3,5,1,0,0,0,0,0,0,0,0,0,0,0,0,0,0,0,0,0,0,0,0,0,0,0,0,0,0
131023_x2,2023,Los Angeles city,1,Los Angeles city,2,3,4,20,46,32,0,0,0,0,0,0,0,0,0,0,0,0,0,0,0,0,0,0,0,0,0,0,0,0,0,0,0,0,0,0,0,0,0,0,0,0
131024_x1,2023,Los Angeles city,1,Los Angeles city,2,3,3,20,46,32,0,0,0,0,0,0,0,0,0,0,0,0,0,0,0,0,0,0,0,0,0,0,0,0,0,0,0,0,0,0,0,0,0,0,0,0
131024_x2,2023,Los Angeles city,1,Los Angeles city,2,3,4,20,46,32,0,0,0,0,0,0,0,0,0,0,0,0,0,0,0,0,0,0,0,0,0,0,0,0,0,0,0,0,0,0,0,0,0,0,0,0
131100,2023,Los Angeles city,1,Los Angeles city,2,3,6,20,46,29,2,0,0,0,0,0,0,2,4,0,0,0,0,0,0,0,0,0,0,0,0,0,0,0,0,0,0,0,0,0,0,0,0,0,0,0
131200,2023,Los Angeles city,1,Los Angeles city,2,3,12,20,40,29,0,0,0,0,0,0,0,0,0,0,0,0,0,0,0,0,0,0,0,0,0,0,0,0,0,0,0,0,0,0,0,0,0,0,0,0
131300,2023,Los Angeles city,1,Los Angeles city,2,3,4,20,46,29,2,0,0,0,0,0,0,1,3,0,0,0,0,0,0,0,0,0,0,0,0,0,0,0,0,0,0,0,0,0,0,0,0,0,0,0
131400_r1,2023,Los Angeles city,1,Los Angeles city,2,3,4,20,46,29,0,0,0,0,0,0,0,5,0,0,0,0,0,0,0,0,0,0,0,0,0,0,0,0,0,0,0,0,0,0,0,0,0,0,0,0
131400_r2,2023,Los Angeles city,1,Los Angeles city,2,3,4,20,46,32,0,0,0,0,0,0,0,0,0,0,0,0,0,0,0,0,0,0,0,0,0,0,0,0,0,0,0,0,0,0,0,0,0,0,0,0
131600_x1,2023,Los Angeles city,1,Los Angeles city,2,3,3,20,46,32,2,0,0,0,0,0,4,0,11,2,1,0,0,0,0,0,0,0,0,0,0,0,0,0,0,0,0,0,0,0,0,0,0,0,0,0
131600_x2,2023,Los Angeles city,1,Los Angeles city,2,3,4,20,46,32,0,0,0,0,0,0,0,0,0,0,0,0,0,0,0,0,0,0,0,0,0,0,0,0,0,0,0,0,0,0,0,0,0,0,0,0
131701,2023,Los Angeles city,1,Los Angeles city,2,3,3,20,46,32,0,0,0,0,0,0,1,2,2,0,0,0,0,0,0,0,0,0,0,0,0,0,0,0,0,0,0,0,0,0,0,0,0,0,0,0
131702,2023,Los Angeles city,1,Los Angeles city,2,3,3,20,46,32,0,0,0,0,0,0,0,0,4,0,0,0,0,0,0,0,0,0,0,0,0,0,0,0,0,0,0,0,0,0,0,0,0,0,0,0
131801_x1,2023,Los Angeles city,1,Los Angeles city,2,3,3,20,46,29,0,0,0,0,0,0,2,0,7,3,11,0,0,0,0,0,0,0,0,0,0,0,0,0,0,0,0,0,0,0,0,0,0,0,0,0
131801_x2,2023,Los Angeles city,1,Los Angeles city,2,3,3,20,46,32,0,0,0,0,0,0,1,0,0,0,0,0,0,0,0,0,0,0,0,0,0,0,0,0,0,0,0,0,0,0,0,0,0,0,0,0
131801_x3,2023,Los Angeles city,1,Los Angeles city,2,3,4,20,46,29,0,0,0,0,0,0,0,0,0,0,0,0,0,0,0,0,0,0,0,0,0,0,0,0,0,0,0,0,0,0,0,0,0,0,0,0
131801_x4,2023,Los Angeles city,1,Los Angeles city,2,3,4,20,46,32,1,0,0,0,0,0,0,0,0,0,0,56,0,0,1,0,0,0,0,0,0,0,0,0,0,0,0,0,0,0,0,0,57,0,0,57
131802,2023,Los Angeles city,1,Los Angeles city,2,3,4,20,46,29,0,0,0,0,0,0,1,3,0,0,0,0,0,0,0,0,0,0,0,0,0,0,0,0,0,0,0,0,0,0,0,0,0,0,0,0
131900,2023,Los Angeles city,1,Los Angeles city,2,3,6,20,46,29,2,0,0,0,0,0,5,2,12,0,0,0,0,0,0,0,0,0,0,0,0,0,0,0,0,0,0,0,0,0,0,0,0,0,0,0
132001,2023,Los Angeles city,1,Los Angeles city,2,3,6,20,46,29,0,0,0,0,0,0,0,1,2,0,0,0,0,0,0,0,0,0,0,0,0,0,0,0,0,0,0,0,0,0,0,0,0,0,0,0
132002,2023,Los Angeles city,1,Los Angeles city,2,3,6,20,46,29,0,0,0,0,0,0,0,0,1,0,0,0,0,0,0,0,0,0,0,0,0,0,0,0,0,0,0,0,0,0,0,0,0,0,0,0
132101,2023,Los Angeles city,1,Los Angeles city,2,3,6,20,46,29,2,0,0,0,0,0,1,3,1,0,1,0,0,0,0,0,0,0,0,0,0,0,0,0,0,0,0,0,0,0,0,0,0,0,0,0
132102,2023,Los Angeles city,1,Los Angeles city,2,3,6,20,46,29,6,0,0,0,0,0,3,0,1,0,0,7,0,0,0,0,0,0,0,0,0,0,0,0,0,0,0,0,0,0,0,0,7,0,0,7
132301_x1,2023,Los Angeles city,1,Los Angeles city,2,3,3,20,46,29,0,0,0,0,0,0,0,0,0,0,0,0,0,0,0,0,0,0,0,0,0,0,0,0,0,0,0,0,0,0,0,0,0,0,0,0
132301_x2,2023,Los Angeles city,1,Los Angeles city,2,3,3,20,46,32,0,0,0,0,0,0,4,0,2,10,2,0,0,0,0,0,0,0,0,0,0,0,0,0,0,0,0,0,0,0,0,0,0,0,0,0
132301_x3,2023,Los Angeles city,1,Los Angeles city,2,3,4,20,46,29,3,0,0,0,0,0,0,0,3,3,1,0,0,0,0,0,0,0,0,0,0,0,0,0,0,0,0,0,0,0,0,0,0,0,0,0
132302,2023,Los Angeles city,1,Los Angeles city,2,3,4,20,46,29,0,0,0,0,0,0,0,0,1,0,1,0,0,0,0,0,0,0,0,0,0,0,0,0,0,0,0,0,0,0,0,0,0,0,0,0
132501,2023,Los Angeles city,1,Los Angeles city,2,3,3,20,46,32,2,0,0,0,0,0,2,0,2,0,1,0,0,0,0,0,0,0,0,0,0,0,0,0,0,0,0,0,0,0,0,0,0,0,0,0
132502,2023,Los Angeles city,1,Los Angeles city,2,3,3,20,46,32,3,0,0,13,0,0,0,2,0,4,2,43,0,0,1,0,0,0,0,0,0,0,0,0,0,0,0,0,0,0,0,0,44,0,0,44
132700_x1,2023,Los Angeles city,1,Los Angeles city,2,3,3,20,46,29,0,0,0,0,0,0,0,0,0,0,0,0,0,0,0,0,0,0,0,0,0,0,0,0,0,0,0,0,0,0,0,0,0,0,0,0
132700_x2,2023,Los Angeles city,1,Los Angeles city,2,3,3,20,46,32,0,0,0,0,0,0,0,0,0,0,1,0,0,0,0,0,0,0,0,0,0,0,0,0,0,0,0,0,0,0,0,0,0,0,0,0
132700_x3,2023,Los Angeles city,1,Los Angeles city,2,3,4,27,46,32,2,0,0,0,0,0,0,0,12,0,0,0,0,0,0,0,0,0,0,0,0,0,0,0,0,0,0,0,0,0,0,0,0,0,0,0
132700_x4,2023,Los Angeles city,1,Los Angeles city,2,3,4,20,46,29,3,0,0,0,0,0,0,0,8,0,1,0,0,0,0,0,0,0,0,0,0,0,0,0,0,0,0,0,0,0,0,0,0,0,0,0
132900_x1,2023,Los Angeles city,1,Los Angeles city,2,3,3,27,46,32,1,0,0,0,0,0,0,0,0,0,0,0,0,0,0,0,0,0,0,0,0,0,0,0,0,0,0,0,0,0,0,0,0,0,0,0
132900_x2,2023,Los Angeles city,1,Los Angeles city,2,3,3,20,46,29,0,0,0,0,0,0,0,0,1,0,0,0,0,0,0,0,0,0,0,0,0,0,0,0,0,0,0,0,0,0,0,0,0,0,0,0
132900_x3,2023,Los Angeles city,1,Los Angeles city,2,3,4,27,46,32,0,0,0,0,0,0,0,0,0,0,0,0,0,0,0,0,0,0,0,0,0,0,0,0,0,0,0,0,0,0,0,0,0,0,0,0
133000,2023,Los Angeles city,1,Los Angeles city,2,3,3,20,46,32,1,0,0,0,0,0,0,0,1,0,1,0,0,0,0,0,0,0,0,0,0,0,0,0,0,0,0,0,0,0,0,0,0,0,0,0
133101_q1,2023,Los Angeles city,1,Los Angeles city,2,3,3,27,46,32,0,0,0,0,0,0,0,1,0,0,0,0,0,0,0,0,0,0,0,0,0,0,0,0,0,0,0,0,0,0,0,0,0,0,0,0
133101_q2,2023,Los Angeles city,1,Los Angeles city,2,3,3,20,46,32,0,0,0,0,0,0,0,0,0,0,0,0,0,0,0,0,0,0,0,0,0,0,0,0,0,0,0,0,0,0,0,0,0,0,0,0
133102_q1,2023,Los Angeles city,1,Los Angeles city,2,3,3,27,46,32,0,0,0,0,0,0,2,1,4,0,1,60,0,0,1,0,0,0,0,0,0,0,0,0,0,0,0,0,0,0,0,0,61,0,0,61
133102_q2,2023,Los Angeles city,1,Los Angeles city,2,3,3,20,46,32,0,0,0,0,0,0,0,1,0,0,0,0,0,0,0,0,0,0,0,0,0,0,0,0,0,0,0,0,0,0,0,0,0,0,0,0
134001,2023,Los Angeles city,1,Los Angeles city,2,3,3,20,46,32,0,0,0,0,0,0,0,0,1,2,1,0,0,0,0,0,0,0,0,0,0,0,0,0,0,0,0,0,0,0,0,0,0,0,0,0
134002,2023,Los Angeles city,1,Los Angeles city,2,3,3,20,46,32,0,0,0,0,0,0,1,3,0,1,1,0,0,0,0,0,0,0,0,0,0,0,0,0,0,0,0,0,0,0,0,0,0,0,0,0
134101,2023,Los Angeles city,1,Los Angeles city,2,3,3,20,46,32,0,0,0,0,0,0,0,0,0,0,0,0,0,0,0,0,0,0,0,0,0,0,0,0,0,0,0,0,0,0,0,0,0,0,0,0
134103,2023,Los Angeles city,1,Los Angeles city,2,3,3,20,46,32,0,0,0,0,0,0,0,1,1,0,0,0,0,0,0,0,0,0,0,0,0,0,0,0,0,0,0,0,0,0,0,0,0,0,0,0
134104,2023,Los Angeles city,1,Los Angeles city,2,3,3,20,46,32,1,0,0,0,0,0,3,0,1,0,0,0,0,0,0,0,0,0,0,0,0,0,0,0,0,0,0,0,0,0,0,0,0,0,0,0
134201_q1,2023,Los Angeles city,1,Los Angeles city,2,3,3,20,46,32,1,0,0,0,0,0,5,2,0,3,2,0,0,0,0,0,0,0,0,0,0,0,0,0,0,0,0,0,0,0,0,0,0,0,0,0
134201_q2,2023,Los Angeles city,1,Los Angeles city,2,3,3,20,46,32,0,0,0,0,0,0,0,0,0,0,0,0,0,0,0,0,0,0,0,0,0,0,0,0,0,0,0,0,0,0,0,0,0,0,0,0
134302,2023,Los Angeles city,1,Los Angeles city,2,3,12,27,46,32,0,0,0,0,0,0,0,3,1,1,0,0,0,0,0,0,0,0,0,0,0,0,0,0,0,0,0,0,0,0,0,0,0,0,0,0
134303_x1,2023,Los Angeles city,1,Los Angeles city,2,3,3,20,46,32,1,0,0,0,0,0,0,3,2,0,0,0,0,0,0,0,0,0,0,0,0,0,0,0,0,0,0,0,0,0,0,0,0,0,0,0
134303_x2,2023,Los Angeles city,1,Los Angeles city,2,3,12,27,46,32,0,0,0,0,0,0,0,0,1,0,0,0,0,0,0,0,0,0,0,0,0,0,0,0,0,0,0,0,0,0,0,0,0,0,0,0
134304,2023,Los Angeles city,1,Los Angeles city,2,3,3,20,46,32,0,0,0,0,0,0,0,0,0,0,0,0,0,0,0,0,0,0,0,0,0,0,0,0,0,0,0,0,0,0,0,0,0,0,0,0
134305,2023,Los Angeles city,1,Los Angeles city,2,3,3,20,46,32,31,0,0,0,0,0,0,12,8,3,0,0,0,0,0,0,0,0,0,0,0,0,0,0,0,0,0,0,0,0,0,0,0,0,0,0
134306,2023,Los Angeles city,1,Los Angeles city,2,3,3,20,46,32,3,0,0,0,0,0,0,4,5,3,1,66,0,0,1,0,0,0,0,0,0,0,0,0,0,0,0,0,0,0,0,0,67,0,0,67
134421,2023,Los Angeles city,1,Los Angeles city,2,3,12,27,46,32,1,0,0,0,0,0,1,1,0,0,2,0,0,0,0,0,0,0,0,0,0,0,0,0,0,0,0,0,0,0,0,0,0,0,0,0
134422,2023,Los Angeles city,1,Los Angeles city,2,3,12,27,46,32,3,0,0,0,0,0,2,0,0,0,0,0,0,0,0,0,0,0,0,0,0,0,0,0,0,0,0,0,0,0,0,0,0,0,0,0
134423,2023,Los Angeles city,1,Los Angeles city,2,3,12,27,46,32,2,0,0,0,0,0,0,1,0,0,0,0,0,0,0,0,0,0,0,0,0,0,0,0,0,0,0,0,0,0,0,0,0,0,0,0
134424_xw1,2023,,2,Unincorporated - West Chatsworth,2,3,0,27,46,32,0,0,0,0,0,0,0,0,0,0,0,0,0,0,0,0,0,0,0,0,0,0,0,0,0,0,0,0,0,0,0,0,0,0,0,0
134424_xw2,2023,Los Angeles city,1,Los Angeles city,2,3,12,27,46,32,0,0,0,0,0,0,0,0,0,0,0,0,0,0,0,0,0,0,0,0,0,0,0,0,0,0,0,0,0,0,0,0,0,0,0,0
134520,2023,Los Angeles city,1,Los Angeles city,2,3,3,20,46,32,6,0,0,5,0,0,13,12,11,6,16,0,0,0,0,0,0,0,0,0,0,0,0,0,0,0,0,0,0,0,0,0,0,0,0,0
134521,2023,Los Angeles city,1,Los Angeles city,2,3,3,20,46,32,11,0,0,0,0,0,7,7,5,1,9,0,0,0,0,0,0,0,0,0,0,0,0,0,0,0,0,0,0,0,0,0,0,0,0,0
134522,2023,Los Angeles city,1,Los Angeles city,2,3,3,20,46,32,9,0,0,0,0,0,0,2,6,0,2,0,0,0,0,0,0,0,0,0,0,0,0,0,0,0,0,0,0,0,0,0,0,0,0,0
134710,2023,Los Angeles city,1,Los Angeles city,2,3,3,20,46,32,0,0,0,0,0,0,0,0,0,0,0,0,0,0,0,0,0,0,0,0,0,0,0,0,0,0,0,0,0,0,0,0,0,0,0,0
134720,2023,Los Angeles city,1,Los Angeles city,2,3,3,20,46,32,1,0,0,0,0,0,0,1,1,1,0,0,0,0,0,0,0,0,0,0,0,0,0,0,0,0,0,0,0,0,0,0,0,0,0,0
134801,2023,Los Angeles city,1,Los Angeles city,2,3,3,20,46,32,0,0,0,0,0,0,0,1,2,0,0,0,0,0,0,0,0,0,0,0,0,0,0,0,0,0,0,0,0,0,0,0,0,0,0,0
134802,2023,Los Angeles city,1,Los Angeles city,2,3,3,20,46,32,0,0,0,0,0,0,0,1,2,0,0,0,0,0,0,0,0,0,0,0,0,0,0,0,0,0,0,0,0,0,0,0,0,0,0,0
134901_q1,2023,Los Angeles city,1,Los Angeles city,2,3,3,27,46,32,0,0,0,0,0,0,0,0,1,0,0,0,0,0,0,0,0,0,0,0,0,0,0,0,0,0,0,0,0,0,0,0,0,0,0,0
134901_q2,2023,Los Angeles city,1,Los Angeles city,2,3,3,27,46,32,0,0,0,0,0,0,0,0,0,0,0,0,0,0,0,0,0,0,0,0,0,0,0,0,0,0,0,0,0,0,0,0,0,0,0,0
134901_q3,2023,Los Angeles city,1,Los Angeles city,2,3,3,20,46,32,3,0,0,0,0,0,2,0,0,0,0,0,0,0,0,0,0,0,0,0,0,0,0,0,0,0,0,0,0,0,0,0,0,0,0,0
134904,2023,Los Angeles city,1,Los Angeles city,2,3,3,20,46,32,1,0,0,0,0,0,4,1,12,0,2,0,0,0,0,0,0,0,0,0,0,0,0,0,0,0,0,0,0,0,0,0,0,0,0,0
134905,2023,Los Angeles city,1,Los Angeles city,2,3,3,27,46,32,2,0,0,0,0,0,1,0,1,1,1,0,0,0,0,0,0,0,0,0,0,0,0,0,0,0,0,0,0,0,0,0,0,0,0,0
134906_q1,2023,Los Angeles city,1,Los Angeles city,2,3,3,27,46,32,0,0,0,0,0,0,0,0,0,0,0,0,0,0,0,0,0,0,0,0,0,0,0,0,0,0,0,0,0,0,0,0,0,0,0,0
134906_q2,2023,Los Angeles city,1,Los Angeles city,2,3,3,20,46,32,1,0,0,0,0,0,0,0,0,1,0,0,0,0,0,0,0,0,0,0,0,0,0,0,0,0,0,0,0,0,0,0,0,0,0,0
134907,2023,Los Angeles city,1,Los Angeles city,2,3,3,27,46,32,26,0,0,0,0,0,0,0,0,7,0,0,0,0,0,0,0,0,0,0,0,0,0,0,0,0,0,0,0,0,0,0,0,0,0,0
135102_x1,2023,Los Angeles city,1,Los Angeles city,2,3,3,27,46,32,0,0,0,0,0,0,0,0,0,0,0,0,0,0,0,0,0,0,0,0,0,0,0,0,0,0,0,0,0,0,0,0,0,0,0,0
135102_x2,2023,Los Angeles city,1,Los Angeles city,2,3,12,27,46,32,11,0,0,0,0,0,0,1,0,1,0,0,0,0,0,0,0,0,0,0,0,0,0,0,0,0,0,0,0,0,0,0,0,0,0,0
135111_q1,2023,Los Angeles city,1,Los Angeles city,2,3,3,27,46,32,0,0,0,0,0,0,0,0,0,0,0,0,0,0,0,0,0,0,0,0,0,0,0,0,0,0,0,0,0,0,0,0,0,0,0,0
135111_q2,2023,Los Angeles city,1,Los Angeles city,2,3,3,20,46,32,0,0,0,0,0,0,0,0,0,0,0,0,0,0,0,0,0,0,0,0,0,0,0,0,0,0,0,0,0,0,0,0,0,0,0,0
135113,2023,Los Angeles city,1,Los Angeles city,2,3,3,27,46,32,0,0,0,0,0,0,0,1,0,14,3,0,0,0,0,0,0,0,0,0,0,0,0,0,0,0,0,0,0,0,0,0,0,0,0,0
135115,2023,Los Angeles city,1,Los Angeles city,2,3,3,27,46,32,1,0,0,0,0,0,1,2,1,0,0,0,0,0,0,0,0,0,0,0,0,0,0,0,0,0,0,0,0,0,0,0,0,0,0,0
135116,2023,Los Angeles city,1,Los Angeles city,2,3,3,27,46,32,1,0,0,0,0,0,0,0,0,1,5,0,0,0,0,0,0,0,0,0,0,0,0,0,0,0,0,0,0,0,0,0,0,0,0,0
135201_x1,2023,Los Angeles city,1,Los Angeles city,2,3,3,27,46,32,2,0,0,0,0,0,0,0,0,0,0,0,0,0,0,0,0,0,0,0,0,0,0,0,0,0,0,0,0,0,0,0,0,0,0,0
135201_x2,2023,Los Angeles city,1,Los Angeles city,2,3,12,27,46,32,1,0,0,0,0,0,0,1,0,1,0,0,0,0,0,0,0,0,0,0,0,0,0,0,0,0,0,0,0,0,0,0,0,0,0,0
135202_x1,2023,Los Angeles city,1,Los Angeles city,2,3,3,27,46,32,0,0,0,0,0,0,0,0,0,0,0,0,0,0,0,0,0,0,0,0,0,0,0,0,0,0,0,0,0,0,0,0,0,0,0,0
135202_x2,2023,Los Angeles city,1,Los Angeles city,2,3,12,27,46,32,0,0,0,0,0,0,0,0,0,0,0,0,0,0,0,0,0,0,0,0,0,0,0,0,0,0,0,0,0,0,0,0,0,0,0,0
135204_x1,2023,Los Angeles city,1,Los Angeles city,2,3,3,27,46,32,0,0,0,0,0,0,0,0,0,0,0,0,0,0,0,0,0,0,0,0,0,0,0,0,0,0,0,0,0,0,0,0,0,0,0,0
135204_x2,2023,Los Angeles city,1,Los Angeles city,2,3,12,27,46,32,0,0,0,0,0,0,0,1,2,0,1,0,0,0,0,0,0,0,0,0,0,0,0,0,0,0,0,0,0,0,0,0,0,0,0,0
135205_xw1,2023,,2,Unincorporated - Westhills,2,3,0,27,46,32,0,0,0,0,0,0,0,0,0,0,0,0,0,0,0,0,0,0,0,0,0,0,0,0,0,0,0,0,0,0,0,0,0,0,0,0
135205_xw2,2023,Los Angeles city,1,Los Angeles city,2,3,3,27,46,32,0,0,0,0,0,0,0,0,0,0,0,0,0,0,0,0,0,0,0,0,0,0,0,0,0,0,0,0,0,0,0,0,0,0,0,0
135205_xw3,2023,Los Angeles city,1,Los Angeles city,2,3,12,27,46,32,0,0,0,0,0,0,0,0,0,0,0,0,0,0,0,0,0,0,0,0,0,0,0,0,0,0,0,0,0,0,0,0,0,0,0,0
137000,2023,Los Angeles city,1,Los Angeles city,2,3,3,27,46,32,1,0,0,0,0,0,0,1,0,0,0,0,0,0,0,0,0,0,0,0,0,0,0,0,0,0,0,0,0,0,0,0,0,0,0,0
137103,2023,Los Angeles city,1,Los Angeles city,2,3,3,27,46,32,1,0,0,0,0,0,1,4,1,0,0,0,0,0,0,0,0,0,0,0,0,0,0,0,0,0,0,0,0,0,0,0,0,0,0,0
137104,2023,Los Angeles city,1,Los Angeles city,2,3,3,27,46,32,0,0,0,0,0,0,3,0,4,1,0,0,0,0,0,0,0,0,0,0,0,0,0,0,0,0,0,0,0,0,0,0,0,0,0,0
137202,2023,Los Angeles city,1,Los Angeles city,2,3,3,27,46,32,2,0,0,0,0,0,2,0,0,0,0,0,0,0,0,0,0,0,0,0,0,0,0,0,0,0,0,0,0,0,0,0,0,0,0,0
137203,2023,Los Angeles city,1,Los Angeles city,2,3,3,27,46,32,0,0,0,0,0,0,0,0,0,0,2,0,0,0,0,0,0,0,0,0,0,0,0,0,0,0,0,0,0,0,0,0,0,0,0,0
137301,2023,Los Angeles city,1,Los Angeles city,2,3,3,27,46,32,0,0,0,0,0,0,0,0,0,0,0,0,0,0,0,0,0,0,0,0,0,0,0,0,0,0,0,0,0,0,0,0,0,0,0,0
137302,2023,Los Angeles city,1,Los Angeles city,2,3,3,27,46,32,0,0,0,0,0,0,0,0,5,0,0,0,0,0,0,0,0,0,0,0,0,0,0,0,0,0,0,0,0,0,0,0,0,0,0,0
137401,2023,Los Angeles city,1,Los Angeles city,2,3,3,27,46,32,1,0,0,0,0,0,0,0,0,1,0,0,0,0,0,0,0,0,0,0,0,0,0,0,0,0,0,0,0,0,0,0,0,0,0,0
137402,2023,Los Angeles city,1,Los Angeles city,2,3,3,27,46,32,1,0,0,0,0,0,1,0,1,0,1,0,0,0,0,0,0,0,0,0,0,0,0,0,0,0,0,0,0,0,0,0,0,0,0,0
137501,2023,Los Angeles city,1,Los Angeles city,2,3,3,27,46,32,14,0,0,0,0,0,0,2,1,0,3,0,0,0,0,0,0,0,0,0,0,0,0,0,0,0,0,0,0,0,0,0,0,0,0,0
137502,2023,Los Angeles city,1,Los Angeles city,2,3,3,27,46,32,7,0,0,0,0,0,1,1,4,8,4,0,0,0,0,0,0,0,0,0,0,0,0,0,0,0,0,0,0,0,0,0,0,0,0,0
137504_q1,2023,Los Angeles city,1,Los Angeles city,2,3,3,27,46,32,0,0,0,0,0,0,0,0,0,0,0,0,0,0,0,0,0,0,0,0,0,0,0,0,0,0,0,0,0,0,0,0,0,0,0,0
137504_q2,2023,Los Angeles city,1,Los Angeles city,2,3,3,27,46,32,0,0,0,0,0,0,0,0,0,0,0,0,0,0,0,0,0,0,0,0,0,0,0,0,0,0,0,0,0,0,0,0,0,0,0,0
138000,2023,Los Angeles city,1,Los Angeles city,2,3,3,27,46,32,0,0,0,0,0,0,0,1,1,0,0,0,0,0,0,0,0,0,0,0,0,0,0,0,0,0,0,0,0,0,0,0,0,0,0,0
139001,2023,Los Angeles city,1,Los Angeles city,2,3,4,27,46,32,1,0,0,0,0,0,0,0,0,0,4,0,0,0,0,0,0,0,0,0,0,0,0,0,0,0,0,0,0,0,0,0,0,0,0,0
139200_x1,2023,Los Angeles city,1,Los Angeles city,2,3,3,27,46,32,2,0,0,0,0,0,0,1,0,3,0,0,0,0,0,0,0,0,0,0,0,0,0,0,0,0,0,0,0,0,0,0,0,0,0,0
139200_x2,2023,Los Angeles city,1,Los Angeles city,2,3,4,27,46,32,0,0,0,0,0,0,0,0,0,0,0,0,0,0,0,0,0,0,0,0,0,0,0,0,0,0,0,0,0,0,0,0,0,0,0,0
139301_q1,2023,Los Angeles city,1,Los Angeles city,2,3,3,27,46,32,0,0,0,0,0,0,0,0,2,0,0,0,0,0,0,0,0,0,0,0,0,0,0,0,0,0,0,0,0,0,0,0,0,0,0,0
139301_q2,2023,Los Angeles city,1,Los Angeles city,2,3,3,27,46,32,3,0,0,0,0,0,3,0,0,0,0,0,0,0,0,0,0,0,0,0,0,0,0,0,0,0,0,0,0,0,0,0,0,0,0,0
139302,2023,Los Angeles city,1,Los Angeles city,2,3,3,27,46,32,0,0,0,0,0,0,0,0,1,0,0,8,0,0,0,0,0,0,0,0,0,0,0,0,0,0,0,0,0,0,0,0,8,0,0,8
139303,2023,Los Angeles city,1,Los Angeles city,2,3,3,27,46,32,4,0,0,0,0,0,0,0,0,1,2,0,0,0,0,0,0,0,0,0,0,0,0,0,0,0,0,0,0,0,0,0,0,0,0,0
139401,2023,Los Angeles city,1,Los Angeles city,2,3,3,27,46,32,2,0,0,0,0,0,0,0,0,2,4,0,0,0,0,0,0,0,0,0,0,0,0,0,0,0,0,0,0,0,0,0,0,0,0,0
139402_q1,2023,Los Angeles city,1,Los Angeles city,2,3,3,27,46,32,1,0,2,0,0,0,0,0,0,2,0,0,0,0,0,0,0,0,0,0,0,0,0,0,0,0,0,0,0,0,0,0,0,0,0,0
139402_q2,2023,Los Angeles city,1,Los Angeles city,2,3,3,27,46,32,0,0,0,0,0,0,0,0,0,0,0,0,0,0,0,0,0,0,0,0,0,0,0,0,0,0,0,0,0,0,0,0,0,0,0,0
139502_x1,2023,Los Angeles city,1,Los Angeles city,2,3,3,27,46,32,4,0,0,0,0,0,3,0,0,3,0,0,0,0,0,0,0,0,0,0,0,0,0,0,0,0,0,0,0,0,0,0,0,0,0,0
139502_x2,2023,Los Angeles city,1,Los Angeles city,2,3,4,27,46,32,3,0,0,0,0,0,1,0,0,0,0,0,0,0,0,0,0,0,0,0,0,0,0,0,0,0,0,0,0,0,0,0,0,0,0,0
139504,2023,Los Angeles city,1,Los Angeles city,2,3,4,27,46,32,4,0,0,0,0,0,0,0,0,1,2,0,0,0,0,0,0,0,0,0,0,0,0,0,0,0,0,0,0,0,0,0,0,0,0,0
139505,2023,Los Angeles city,1,Los Angeles city,2,3,4,27,46,32,1,0,0,0,0,0,2,0,0,0,2,0,0,0,0,0,0,0,0,0,0,0,0,0,0,0,0,0,0,0,0,0,0,0,0,0
139506,2023,Los Angeles city,1,Los Angeles city,2,3,4,27,46,32,0,0,0,0,0,0,0,0,0,0,3,0,0,0,0,0,0,0,0,0,0,0,0,0,0,0,0,0,0,0,0,0,0,0,0,0
139600,2023,Los Angeles city,1,Los Angeles city,2,3,4,27,46,32,2,0,0,0,0,0,1,0,1,0,4,0,0,0,0,0,0,0,0,0,0,0,0,0,0,0,0,0,0,0,0,0,0,0,0,0
139701_q1,2023,Los Angeles city,1,Los Angeles city,2,3,4,27,46,32,0,0,0,0,0,0,1,0,0,0,1,0,0,0,0,0,0,0,0,0,0,0,0,0,0,0,0,0,0,0,0,0,0,0,0,0
139701_q2,2023,Los Angeles city,1,Los Angeles city,2,3,4,27,46,32,2,0,0,0,0,0,0,0,0,0,0,0,0,0,0,0,0,0,0,0,0,0,0,0,0,0,0,0,0,0,0,0,0,0,0,0
139703_x1,2023,Los Angeles city,1,Los Angeles city,2,3,3,27,46,32,0,0,0,0,0,0,0,0,0,0,0,0,0,0,0,0,0,0,0,0,0,0,0,0,0,0,0,0,0,0,0,0,0,0,0,0
139703_x2,2023,Los Angeles city,1,Los Angeles city,2,3,3,27,46,32,0,0,0,0,0,0,0,0,0,0,0,0,0,0,0,0,0,0,0,0,0,0,0,0,0,0,0,0,0,0,0,0,0,0,0,0
139703_x3,2023,Los Angeles city,1,Los Angeles city,2,3,4,27,46,32,0,0,0,0,0,0,0,0,0,0,0,0,0,0,0,0,0,0,0,0,0,0,0,0,0,0,0,0,0,0,0,0,0,0,0,0
139704,2023,Los Angeles city,1,Los Angeles city,2,3,4,27,46,32,0,0,0,0,0,0,0,0,0,0,0,0,0,0,0,0,0,0,0,0,0,0,0,0,0,0,0,0,0,0,0,0,0,0,0,0
139705,2023,Los Angeles city,1,Los Angeles city,2,3,4,27,46,32,0,0,0,0,0,0,0,2,0,0,0,0,0,0,0,0,0,0,0,0,0,0,0,0,0,0,0,0,0,0,0,0,0,0,0,0
139801,2023,Los Angeles city,1,Los Angeles city,2,3,3,27,46,32,0,0,0,0,0,0,0,0,0,0,0,0,0,0,0,0,0,0,0,0,0,0,0,0,0,0,0,0,0,0,0,0,0,0,0,0
139802_q1,2023,Los Angeles city,1,Los Angeles city,2,3,3,27,46,32,0,0,0,0,0,0,0,0,0,0,0,0,0,0,0,0,0,0,0,0,0,0,0,0,0,0,0,0,0,0,0,0,0,0,0,0
139802_q2,2023,Los Angeles city,1,Los Angeles city,2,3,3,27,46,32,0,0,0,0,0,0,0,0,0,0,0,0,0,0,0,0,0,0,0,0,0,0,0,0,0,0,0,0,0,0,0,0,0,0,0,0
141101,2023,Los Angeles city,1,Los Angeles city,2,3,4,27,44,32,1,0,0,0,0,0,0,0,1,0,0,0,0,0,0,0,0,0,0,0,0,0,0,0,0,0,0,0,0,0,0,0,0,0,0,0
141102,2023,Los Angeles city,1,Los Angeles city,2,3,4,27,44,32,1,0,0,0,0,0,0,0,0,0,17,0,0,0,0,0,0,0,0,0,0,0,0,0,0,0,0,0,0,0,0,0,0,0,0,0
141201,2023,Los Angeles city,1,Los Angeles city,2,3,4,27,44,32,6,0,0,0,0,0,1,2,8,2,2,0,0,0,0,0,0,0,0,0,0,0,0,0,0,0,0,0,0,0,0,0,0,0,0,0
141202,2023,Los Angeles city,1,Los Angeles city,2,3,4,27,44,32,2,0,0,0,0,0,0,1,0,0,2,0,0,0,0,0,0,0,0,0,0,0,0,0,0,0,0,0,0,0,0,0,0,0,0,0
141303,2023,Los Angeles city,1,Los Angeles city,2,3,4,27,44,32,1,0,0,0,0,0,0,1,0,0,0,0,0,0,0,0,0,0,0,0,0,0,0,0,0,0,0,0,0,0,0,0,0,0,0,0
141304,2023,Los Angeles city,1,Los Angeles city,2,3,4,27,44,32,5,0,0,0,0,0,0,0,0,0,0,0,0,0,0,0,0,0,0,0,0,0,0,0,0,0,0,0,0,0,0,0,0,0,0,0
141305,2023,Los Angeles city,1,Los Angeles city,2,3,4,27,44,32,3,0,0,0,0,0,0,0,0,0,0,0,0,0,0,0,0,0,0,0,0,0,0,0,0,0,0,0,0,0,0,0,0,0,0,0
141306,2023,Los Angeles city,1,Los Angeles city,2,3,4,27,44,32,1,0,0,0,0,0,0,0,0,1,2,0,0,0,0,0,0,0,0,0,0,0,0,0,0,0,0,0,0,0,0,0,0,0,0,0
141400,2023,Los Angeles city,1,Los Angeles city,2,3,4,27,46,32,2,0,0,0,0,0,4,0,3,0,0,0,0,0,0,0,0,0,0,0,0,0,0,0,0,0,0,0,0,0,0,0,0,0,0,0
141500_x1,2023,Los Angeles city,1,Los Angeles city,2,3,4,27,46,32,1,0,0,0,0,0,0,0,0,0,0,0,0,0,0,0,0,0,0,0,0,0,0,0,0,0,0,0,0,0,0,0,0,0,0,0
141500_x2,2023,Los Angeles city,1,Los Angeles city,2,3,5,27,46,32,0,0,0,0,0,0,0,0,0,0,0,0,0,0,0,0,0,0,0,0,0,0,0,0,0,0,0,0,0,0,0,0,0,0,0,0
141600,2023,Los Angeles city,1,Los Angeles city,2,3,4,27,44,32,0,0,0,0,0,0,0,0,0,0,0,0,0,0,0,0,0,0,0,0,0,0,0,0,0,0,0,0,0,0,0,0,0,0,0,0
141700,2023,Los Angeles city,1,Los Angeles city,2,3,4,27,44,32,0,0,0,0,0,0,0,0,0,0,0,0,0,0,0,0,0,0,0,0,0,0,0,0,0,0,0,0,0,0,0,0,0,0,0,0
143101,2023,Los Angeles city,1,Los Angeles city,2,5,2,27,44,29,3,0,0,0,0,0,1,0,1,0,0,0,0,0,0,0,0,0,0,0,0,0,0,0,0,0,0,0,0,0,0,0,0,0,0,0
143102_q1,2023,Los Angeles city,1,Los Angeles city,2,5,2,27,44,29,2,0,0,0,0,0,0,0,0,2,0,0,0,0,0,0,0,0,0,0,0,0,0,0,0,0,0,0,0,0,0,0,0,0,0,0
143102_q2,2023,Los Angeles city,1,Los Angeles city,2,5,2,27,44,29,0,0,0,0,0,0,0,0,1,2,1,0,0,0,0,0,0,0,0,0,0,0,0,0,0,0,0,0,0,0,0,0,0,0,0,0
143200_q1,2023,Los Angeles city,1,Los Angeles city,2,5,2,27,44,29,0,0,0,0,0,0,0,1,0,0,0,0,0,0,0,0,0,0,0,0,0,0,0,0,0,0,0,0,0,0,0,0,0,0,0,0
143200_q2,2023,Los Angeles city,1,Los Angeles city,2,5,2,27,44,29,19,0,0,0,0,0,2,0,2,4,2,0,0,0,0,0,0,0,0,0,0,0,0,0,0,0,0,0,0,0,0,0,0,0,0,0
143200_q3,2023,Los Angeles city,1,Los Angeles city,2,5,2,27,44,32,5,0,0,0,0,0,0,0,0,9,1,0,0,0,0,0,0,0,0,0,0,0,0,0,0,0,0,0,0,0,0,0,0,0,0,0
143301,2023,Los Angeles city,1,Los Angeles city,2,5,2,27,44,29,7,0,0,0,0,0,1,0,0,6,0,0,0,0,0,0,0,0,0,0,0,0,0,0,0,0,0,0,0,0,0,0,0,0,0,0
143302_x1,2023,Los Angeles city,1,Los Angeles city,2,5,2,27,44,32,5,0,0,0,0,0,0,0,0,5,0,0,0,0,0,0,0,0,0,0,0,0,0,0,0,0,0,0,0,0,0,0,0,0,0,0
143302_x2,2023,Los Angeles city,1,Los Angeles city,2,5,4,27,44,32,0,0,0,0,0,0,0,0,0,3,0,0,0,0,0,0,0,0,0,0,0,0,0,0,0,0,0,0,0,0,0,0,0,0,0,0
143401_q1,2023,Los Angeles city,1,Los Angeles city,2,3,4,27,44,32,0,0,0,0,0,0,1,0,0,0,0,0,0,0,0,0,0,0,0,0,0,0,0,0,0,0,0,0,0,0,0,0,0,0,0,0
143401_q2,2023,Los Angeles city,1,Los Angeles city,2,3,4,27,44,32,4,0,0,0,0,0,0,1,0,0,0,0,0,0,0,0,0,0,0,0,0,0,0,0,0,0,0,0,0,0,0,0,0,0,0,0
143402_x1,2023,Los Angeles city,1,Los Angeles city,2,5,2,27,44,29,1,0,0,0,0,0,0,0,0,0,1,0,0,0,0,0,0,0,0,0,0,0,0,0,0,0,0,0,0,0,0,0,0,0,0,0
143402_x2,2023,Los Angeles city,1,Los Angeles city,2,5,2,27,44,32,0,0,0,0,0,0,0,0,0,0,0,0,0,0,0,0,0,0,0,0,0,0,0,0,0,0,0,0,0,0,0,0,0,0,0,0
143402_x3,2023,Los Angeles city,1,Los Angeles city,2,5,4,27,44,32,5,0,0,0,0,0,0,0,0,1,2,0,0,0,0,0,0,0,0,0,0,0,0,0,0,0,0,0,0,0,0,0,0,0,0,0
143500_q1,2023,Los Angeles city,1,Los Angeles city,2,3,4,27,44,32,0,0,0,0,0,0,0,0,0,0,0,0,0,0,0,0,0,0,0,0,0,0,0,0,0,0,0,0,0,0,0,0,0,0,0,0
143500_q2,2023,Los Angeles city,1,Los Angeles city,2,3,4,27,44,32,0,0,0,0,0,0,0,0,0,0,0,0,0,0,0,0,0,0,0,0,0,0,0,0,0,0,0,0,0,0,0,0,0,0,0,0
143602_x1,2023,Los Angeles city,1,Los Angeles city,2,5,2,27,44,32,2,0,0,0,0,0,0,0,0,1,1,0,0,0,0,0,0,0,0,0,0,0,0,0,0,0,0,0,0,0,0,0,0,0,0,0
143602_x2,2023,Los Angeles city,1,Los Angeles city,2,5,4,27,44,32,12,0,0,0,0,0,2,1,0,3,1,0,0,0,0,0,0,0,0,0,0,0,0,0,0,0,0,0,0,0,0,0,0,0,0,0
143603,2023,Los Angeles city,1,Los Angeles city,2,5,2,27,44,32,13,0,0,0,0,0,0,0,4,1,4,0,0,0,0,0,0,0,0,0,0,0,0,0,0,0,0,0,0,0,0,0,0,0,0,0
143605_x1,2023,Los Angeles city,1,Los Angeles city,2,5,2,27,44,32,9,0,0,0,0,0,0,1,1,7,5,0,0,0,0,0,0,0,0,0,0,0,0,0,0,0,0,0,0,0,0,0,0,0,0,0
143605_x2,2023,Los Angeles city,1,Los Angeles city,2,5,4,27,44,32,1,0,0,0,0,0,0,0,0,0,4,0,0,0,0,0,0,0,0,0,0,0,0,0,0,0,0,0,0,0,0,0,0,0,0,0
143605_x3,2023,Los Angeles city,1,Los Angeles city,2,5,2,27,44,32,2,0,0,0,0,0,0,0,0,0,0,0,0,0,0,0,0,0,0,0,0,0,0,0,0,0,0,0,0,0,0,0,0,0,0,0
143606,2023,Los Angeles city,1,Los Angeles city,2,5,4,27,44,32,8,0,0,0,0,0,1,1,1,1,1,0,0,0,0,0,0,0,0,0,0,0,0,0,0,0,0,0,0,0,0,0,0,0,0,0
143700_q1,2023,Los Angeles city,1,Los Angeles city,2,5,4,24,51,30,5,0,0,0,0,0,0,0,0,1,1,0,0,0,0,0,0,0,0,0,0,0,0,0,0,0,0,0,0,0,0,0,0,0,0,0
143700_q2,2023,Los Angeles city,1,Los Angeles city,2,5,4,24,51,32,0,0,0,0,0,0,0,0,0,0,0,0,0,0,0,0,0,0,0,0,0,0,0,0,0,0,0,0,0,0,0,0,0,0,0,0
143700_q3,2023,Los Angeles city,1,Los Angeles city,2,5,4,24,51,32,0,0,0,0,0,0,0,0,0,0,0,0,0,0,0,0,0,0,0,0,0,0,0,0,0,0,0,0,0,0,0,0,0,0,0,0
143801,2023,Los Angeles city,1,Los Angeles city,2,5,4,27,44,32,0,0,0,0,0,0,0,0,0,0,0,0,0,0,0,0,0,0,0,0,0,0,0,0,0,0,0,0,0,0,0,0,0,0,0,0
143802_q1,2023,Los Angeles city,1,Los Angeles city,2,5,4,27,44,32,0,0,0,0,0,0,0,0,0,0,0,0,0,0,0,0,0,0,0,0,0,0,0,0,0,0,0,0,0,0,0,0,0,0,0,0
143802_q2,2023,Los Angeles city,1,Los Angeles city,2,5,4,27,44,32,7,0,0,0,0,0,0,0,0,0,0,0,0,0,0,0,0,0,0,0,0,0,0,0,0,0,0,0,0,0,0,0,0,0,0,0
143901,2023,Los Angeles city,1,Los Angeles city,2,3,4,27,44,32,3,0,0,0,0,0,0,0,0,0,0,0,0,0,0,0,0,0,0,0,0,0,0,0,0,0,0,0,0,0,0,0,0,0,0,0
143902_q1,2023,Los Angeles city,1,Los Angeles city,2,3,4,27,44,32,2,0,0,0,0,0,0,0,0,1,0,0,0,0,0,0,0,0,0,0,0,0,0,0,0,0,0,0,0,0,0,0,0,0,0,0
143902_q2,2023,Los Angeles city,1,Los Angeles city,2,3,4,27,44,32,1,0,0,0,0,0,0,0,0,0,0,0,0,0,0,0,0,0,0,0,0,0,0,0,0,0,0,0,0,0,0,0,0,0,0,0
181000,2023,Los Angeles city,1,Los Angeles city,4,1,14,26,52,34,5,0,0,0,0,0,3,4,8,0,0,41,0,0,0,0,0,0,0,0,0,0,0,0,0,0,0,0,0,0,0,0,41,0,0,41
181300,2023,Los Angeles city,1,Los Angeles city,4,1,14,26,52,34,4,0,0,0,0,0,0,3,7,0,0,0,0,0,0,0,0,0,0,0,0,0,0,0,0,0,0,0,0,0,0,0,0,0,0,0
181400,2023,Los Angeles city,1,Los Angeles city,4,1,14,26,52,34,3,0,0,0,0,0,0,1,0,2,0,0,0,0,0,0,0,0,0,0,0,0,0,0,0,0,0,0,0,0,0,0,0,0,0,0
181500_q1,2023,Los Angeles city,1,Los Angeles city,4,1,14,26,52,34,3,0,0,0,0,0,1,1,12,0,0,0,0,0,0,0,0,0,0,0,0,0,0,0,0,0,0,0,0,0,0,0,0,0,0,0
181500_q2,2023,Los Angeles city,1,Los Angeles city,4,1,14,26,52,34,0,0,0,0,0,0,0,0,0,0,0,0,0,0,0,0,0,0,0,0,0,0,0,0,0,0,0,0,0,0,0,0,0,0,0,0
181600_q1,2023,Los Angeles city,1,Los Angeles city,4,1,14,26,52,34,0,0,0,0,0,0,0,0,0,0,0,0,0,0,0,0,0,0,0,0,0,0,0,0,0,0,0,0,0,0,0,0,0,0,0,0
181600_q2,2023,Los Angeles city,1,Los Angeles city,4,1,14,26,52,34,0,0,0,0,0,0,2,0,5,0,0,0,0,0,0,0,0,0,0,0,0,0,0,0,0,0,0,0,0,0,0,0,0,0,0,0
181600_q3,2023,Los Angeles city,1,Los Angeles city,4,1,14,26,52,34,0,0,0,0,0,0,0,1,0,0,0,0,0,0,0,0,0,0,0,0,0,0,0,0,0,0,0,0,0,0,0,0,0,0,0,0
183101_r1,2023,Los Angeles city,1,Los Angeles city,4,1,14,26,52,28,0,0,0,0,0,0,0,0,0,0,0,0,0,0,0,0,0,0,0,0,0,0,0,0,0,0,0,0,0,0,0,0,0,0,0,0
183101_r2,2023,Los Angeles city,1,Los Angeles city,4,1,14,26,52,34,0,0,0,0,0,0,1,0,0,0,1,0,0,0,0,0,0,0,0,0,0,0,0,0,0,0,0,0,0,0,0,0,0,0,0,0
183103_q1,2023,Los Angeles city,1,Los Angeles city,4,1,14,26,52,34,0,0,0,0,0,0,0,0,0,0,1,0,0,0,0,0,0,0,0,0,0,0,0,0,0,0,0,0,0,0,0,0,0,0,0,0
183103_q2,2023,Los Angeles city,1,Los Angeles city,4,1,14,26,52,34,1,0,0,0,0,0,0,1,2,0,12,0,0,0,0,0,0,0,0,0,0,0,0,0,0,0,0,0,0,0,0,0,0,0,0,0
183104,2023,Los Angeles city,1,Los Angeles city,4,1,14,26,52,34,0,0,0,0,0,0,0,0,0,0,0,0,0,0,0,0,0,0,0,0,0,0,0,0,0,0,0,0,0,0,0,0,0,0,0,0
183220,2023,Los Angeles city,1,Los Angeles city,4,1,14,26,52,34,1,0,0,0,0,0,0,4,0,0,1,0,0,0,0,0,0,0,0,0,0,0,0,0,0,0,0,0,0,0,0,0,0,0,0,0
183221_q1,2023,Los Angeles city,1,Los Angeles city,4,1,14,26,52,34,0,0,0,0,0,0,0,0,0,0,0,0,0,0,0,0,0,0,0,0,0,0,0,0,0,0,0,0,0,0,0,0,0,0,0,0
183221_q2,2023,Los Angeles city,1,Los Angeles city,4,1,14,26,52,34,0,0,0,0,0,0,1,0,0,0,0,0,0,0,0,0,0,0,0,0,0,0,0,0,0,0,0,0,0,0,0,0,0,0,0,0
183222_q1,2023,Los Angeles city,1,Los Angeles city,4,1,14,26,52,34,1,0,0,0,0,0,1,0,1,0,0,0,0,0,0,0,0,0,0,0,0,0,0,0,0,0,0,0,0,0,0,0,0,0,0,0
183222_q2,2023,Los Angeles city,1,Los Angeles city,4,1,14,26,52,34,0,0,0,0,0,0,0,0,0,0,0,0,0,0,0,0,0,0,0,0,0,0,0,0,0,0,0,0,0,0,0,0,0,0,0,0
183300_x1,2023,Los Angeles city,1,Los Angeles city,4,1,1,26,52,34,4,0,0,0,0,0,2,1,2,2,1,0,0,0,0,0,0,0,0,0,0,0,0,0,0,0,0,0,0,0,0,0,0,0,0,0
183300_x2,2023,Los Angeles city,1,Los Angeles city,4,1,14,26,52,34,1,0,0,0,0,0,0,3,1,0,0,0,0,0,0,0,0,0,0,0,0,0,0,0,0,0,0,0,0,0,0,0,0,0,0,0
183401_x1,2023,Los Angeles city,1,Los Angeles city,4,1,1,26,52,34,0,0,0,0,0,0,0,0,0,0,0,0,0,0,0,0,0,0,0,0,0,0,0,0,0,0,0,0,0,0,0,0,0,0,0,0
183401_x2,2023,Los Angeles city,1,Los Angeles city,4,1,14,26,52,34,0,0,0,0,0,0,0,0,0,0,0,0,0,0,0,0,0,0,0,0,0,0,0,0,0,0,0,0,0,0,0,0,0,0,0,0
183401_x3,2023,Los Angeles city,1,Los Angeles city,4,1,14,26,52,34,2,0,0,0,0,0,0,0,0,0,0,0,0,0,0,0,0,0,0,0,0,0,0,0,0,0,0,0,0,0,0,0,0,0,0,0
183402_x1,2023,Los Angeles city,1,Los Angeles city,4,1,1,26,52,34,0,0,0,0,0,0,0,0,0,0,0,0,0,0,0,0,0,0,0,0,0,0,0,0,0,0,0,0,0,0,0,0,0,0,0,0
183402_x2,2023,Los Angeles city,1,Los Angeles city,4,1,1,26,52,34,0,0,0,0,0,0,0,3,4,0,0,0,0,0,0,0,0,0,0,0,0,0,0,0,0,0,0,0,0,0,0,0,0,0,0,0
183402_x3,2023,Los Angeles city,1,Los Angeles city,4,1,14,26,52,34,0,0,0,0,0,0,0,1,4,0,0,0,0,0,0,0,0,0,0,0,0,0,0,0,0,0,0,0,0,0,0,0,0,0,0,0
183402_x4,2023,Los Angeles city,1,Los Angeles city,4,1,14,26,52,34,0,0,0,0,0,0,0,0,1,0,0,0,0,0,0,0,0,0,0,0,0,0,0,0,0,0,0,0,0,0,0,0,0,0,0,0
183510,2023,Los Angeles city,1,Los Angeles city,4,1,1,26,52,34,1,0,0,0,0,0,2,3,2,0,0,0,0,0,0,0,0,0,0,0,0,0,0,0,0,0,0,0,0,0,0,0,0,0,0,0
183520,2023,Los Angeles city,1,Los Angeles city,4,1,1,26,52,34,0,0,0,0,0,0,4,2,0,0,1,17,0,0,1,0,0,0,0,0,0,0,0,0,0,0,0,0,0,0,0,0,18,0,0,18
183610_x1,2023,Los Angeles city,1,Los Angeles city,4,1,1,26,52,34,2,0,0,0,0,0,1,1,5,4,0,0,0,0,0,0,0,0,0,0,0,0,0,0,0,0,0,0,0,0,0,0,0,0,0,0
183610_x2,2023,Los Angeles city,1,Los Angeles city,4,1,14,26,52,34,1,0,0,0,0,0,0,0,0,0,0,0,0,0,0,0,0,0,0,0,0,0,0,0,0,0,0,0,0,0,0,0,0,0,0,0
183620,2023,Los Angeles city,1,Los Angeles city,4,1,1,26,52,34,5,0,0,0,0,0,1,8,0,13,5,0,0,0,0,0,0,0,0,0,0,0,0,0,0,0,0,0,0,0,0,0,0,0,0,0
183701_x1,2023,Los Angeles city,1,Los Angeles city,4,1,1,26,52,34,3,0,0,0,0,0,1,5,2,3,2,107,0,0,2,0,0,0,0,0,0,0,0,0,0,0,0,0,0,0,0,0,109,0,0,109
183701_x2,2023,Los Angeles city,1,Los Angeles city,4,1,14,26,52,34,1,0,0,0,0,0,0,1,1,15,9,0,0,0,0,0,0,0,0,0,0,0,0,0,0,0,0,0,0,0,0,0,0,0,0,0
183702,2023,Los Angeles city,1,Los Angeles city,4,1,14,26,52,34,0,0,0,0,0,0,1,0,2,0,6,0,0,0,0,0,0,0,0,0,0,0,0,0,0,0,0,0,0,0,0,0,0,0,0,0
183810,2023,Los Angeles city,1,Los Angeles city,4,1,1,26,52,34,5,1,2,0,0,0,3,5,0,0,0,0,0,0,0,0,0,0,0,0,0,0,0,0,0,0,0,0,0,0,0,0,0,0,0,0
183820,2023,Los Angeles city,1,Los Angeles city,4,1,1,26,52,34,0,0,0,0,0,0,9,7,0,0,7,0,0,0,0,0,0,0,0,0,0,0,0,0,0,0,0,0,0,0,0,0,0,0,0,0
185101_q1,2023,Los Angeles city,1,Los Angeles city,4,1,1,26,52,34,5,0,0,0,0,0,1,6,0,1,4,0,0,0,0,0,0,0,0,0,0,0,0,0,0,0,0,0,0,0,0,0,0,0,0,0
185101_q2,2023,Los Angeles city,1,Los Angeles city,4,1,1,26,52,34,3,0,0,0,0,0,0,0,0,6,8,0,0,0,0,0,0,0,0,0,0,0,0,0,0,0,0,0,0,0,0,0,0,0,0,0
185102_q1,2023,Los Angeles city,1,Los Angeles city,4,1,1,26,52,34,2,0,0,0,0,0,1,2,0,0,0,0,0,0,0,0,0,0,0,0,0,0,0,0,0,0,0,0,0,0,0,0,0,0,0,0
185102_q2,2023,Los Angeles city,1,Los Angeles city,4,1,1,26,52,34,0,0,0,0,0,0,1,0,0,0,0,0,0,0,0,0,0,0,0,0,0,0,0,0,0,0,0,0,0,0,0,0,0,0,0,0
185202_q1,2023,Los Angeles city,1,Los Angeles city,4,1,1,26,52,34,0,0,0,0,0,0,0,0,1,3,0,0,0,0,0,0,0,0,0,0,0,0,0,0,0,0,0,0,0,0,0,0,0,0,0,0
185202_q2,2023,Los Angeles city,1,Los Angeles city,4,1,1,26,52,34,0,0,0,0,0,0,0,0,0,0,0,0,0,0,0,0,0,0,0,0,0,0,0,0,0,0,0,0,0,0,0,0,0,0,0,0
185203,2023,Los Angeles city,1,Los Angeles city,4,1,1,26,52,34,3,0,0,0,0,0,0,10,11,0,0,0,0,0,0,0,0,0,0,0,0,0,0,0,0,0,0,0,0,0,0,0,0,0,0,0
185204_q1,2023,Los Angeles city,1,Los Angeles city,4,1,1,26,52,34,0,0,0,0,0,0,0,0,0,0,0,0,0,0,0,0,0,0,0,0,0,0,0,0,0,0,0,0,0,0,0,0,0,0,0,0
185204_q2,2023,Los Angeles city,1,Los Angeles city,4,1,1,26,52,34,0,0,0,0,0,0,0,0,0,0,0,0,0,0,0,0,0,0,0,0,0,0,0,0,0,0,0,0,0,0,0,0,0,0,0,0
185204_q3,2023,Los Angeles city,1,Los Angeles city,4,1,1,26,52,34,0,0,0,0,0,0,0,0,0,0,0,0,0,0,0,0,0,0,0,0,0,0,0,0,0,0,0,0,0,0,0,0,0,0,0,0
185310,2023,Los Angeles city,1,Los Angeles city,4,1,1,26,52,34,0,0,0,0,0,0,0,0,1,0,0,0,0,0,0,0,0,0,0,0,0,0,0,0,0,0,0,0,0,0,0,0,0,0,0,0
185320,2023,Los Angeles city,1,Los Angeles city,4,1,1,26,52,34,10,0,0,0,0,0,7,3,7,1,3,0,0,0,0,0,0,0,0,0,0,0,0,0,0,0,0,0,0,0,0,0,0,0,0,0
186100_x1,2023,Los Angeles city,1,Los Angeles city,4,1,1,26,52,34,1,0,0,0,0,0,0,0,0,0,0,0,0,0,0,0,0,0,0,0,0,0,0,0,0,0,0,0,0,0,0,0,0,0,0,0
186100_x2,2023,Los Angeles city,1,Los Angeles city,4,1,13,26,52,34,0,0,0,0,0,0,1,0,3,0,0,0,0,0,0,0,0,0,0,0,0,0,0,0,0,0,0,0,0,0,0,0,0,0,0,0
186100_x3,2023,Los Angeles city,1,Los Angeles city,4,1,14,26,52,34,0,0,0,0,0,0,0,0,1,0,0,0,0,0,0,0,0,0,0,0,0,0,0,0,0,0,0,0,0,0,0,0,0,0,0,0
186201_x1,2023,Los Angeles city,1,Los Angeles city,4,1,1,26,52,34,0,0,0,0,0,0,1,1,1,0,0,0,0,0,0,0,0,0,0,0,0,0,0,0,0,0,0,0,0,0,0,0,0,0,0,0
186201_x2,2023,Los Angeles city,1,Los Angeles city,4,1,1,26,52,34,0,0,0,0,0,0,0,0,0,0,0,0,0,0,0,0,0,0,0,0,0,0,0,0,0,0,0,0,0,0,0,0,0,0,0,0
186201_x3,2023,Los Angeles city,1,Los Angeles city,4,1,14,26,52,34,0,0,0,0,0,0,1,0,0,0,0,0,0,0,0,0,0,0,0,0,0,0,0,0,0,0,0,0,0,0,0,0,0,0,0,0
186202,2023,Los Angeles city,1,Los Angeles city,4,1,1,26,52,34,0,0,0,0,0,0,2,1,3,0,2,0,0,0,0,0,0,0,0,0,0,0,0,0,0,0,0,0,0,0,0,0,0,0,0,0
186203_q1,2023,Los Angeles city,1,Los Angeles city,4,1,1,26,52,34,0,0,0,0,0,0,0,0,0,0,0,0,0,0,0,0,0,0,0,0,0,0,0,0,0,0,0,0,0,0,0,0,0,0,0,0
186203_q2,2023,Los Angeles city,1,Los Angeles city,4,1,1,26,52,34,1,0,0,0,0,0,0,0,0,0,0,0,0,0,0,0,0,0,0,0,0,0,0,0,0,0,0,0,0,0,0,0,0,0,0,0
186301,2023,Los Angeles city,1,Los Angeles city,4,1,13,26,52,34,0,0,0,0,0,0,0,0,1,6,0,0,0,0,0,0,0,0,0,0,0,0,0,0,0,0,0,0,0,0,0,0,0,0,0,0
186302,2023,Los Angeles city,1,Los Angeles city,4,1,1,26,52,34,5,0,0,9,0,0,1,0,4,2,0,0,0,0,0,0,0,0,0,0,0,0,0,0,0,0,0,0,0,0,0,0,0,0,0,0
186401_r1,2023,Los Angeles city,1,Los Angeles city,4,1,13,26,52,30,8,0,0,0,0,0,0,0,1,9,3,0,0,0,0,0,0,0,0,0,0,0,0,0,0,0,0,0,0,0,0,0,0,0,0,0
186401_r2,2023,Los Angeles city,1,Los Angeles city,4,1,13,26,52,34,3,0,0,0,0,0,0,0,2,4,0,0,0,0,0,0,0,0,0,0,0,0,0,0,0,0,0,0,0,0,0,0,0,0,0,0
186403,2023,Los Angeles city,1,Los Angeles city,4,1,1,26,52,34,1,0,0,0,0,0,4,9,3,1,4,0,0,0,0,0,0,0,0,0,0,0,0,0,0,0,0,0,0,0,0,0,0,0,0,0
186404,2023,Los Angeles city,1,Los Angeles city,4,1,1,26,52,34,0,0,0,0,0,0,1,8,1,0,0,0,0,0,0,0,0,0,0,0,0,0,0,0,0,0,0,0,0,0,0,0,0,0,0,0
187101,2023,Los Angeles city,1,Los Angeles city,4,1,13,26,52,30,11,0,0,0,0,0,4,6,0,1,4,0,0,0,0,0,0,0,0,0,0,0,0,0,0,0,0,0,0,0,0,0,0,0,0,0
187102_x1,2023,Los Angeles city,1,Los Angeles city,4,1,1,26,52,34,0,0,0,0,0,0,0,0,0,1,0,0,0,0,0,0,0,0,0,0,0,0,0,0,0,0,0,0,0,0,0,0,0,0,0,0
187102_x2,2023,Los Angeles city,1,Los Angeles city,4,1,1,26,52,34,1,0,0,0,0,0,1,0,0,0,0,0,0,0,0,0,0,0,0,0,0,0,0,0,0,0,0,0,0,0,0,0,0,0,0,0
187102_x3,2023,Los Angeles city,1,Los Angeles city,4,1,1,26,52,34,12,0,0,0,0,0,0,0,0,0,2,0,0,0,0,0,0,0,0,0,0,0,0,0,0,0,0,0,0,0,0,0,0,0,0,0
187102_x4,2023,Los Angeles city,1,Los Angeles city,4,1,13,26,52,30,5,0,0,0,0,0,0,0,1,10,6,0,0,0,0,0,0,0,0,0,0,0,0,0,0,0,0,0,0,0,0,0,0,0,0,0
187200_q1,2023,Los Angeles city,1,Los Angeles city,4,1,13,26,52,30,8,0,0,0,0,0,2,2,1,0,5,0,0,0,0,0,0,0,0,0,0,0,0,0,0,0,0,0,0,0,0,0,0,0,0,0
187200_q2,2023,Los Angeles city,1,Los Angeles city,4,1,13,26,52,30,0,0,0,0,0,0,0,1,0,0,0,0,0,0,0,0,0,0,0,0,0,0,0,0,0,0,0,0,0,0,0,0,0,0,0,0
187200_q3,2023,Los Angeles city,1,Los Angeles city,4,1,13,26,52,34,0,0,0,0,0,0,0,0,0,0,0,0,0,0,0,0,0,0,0,0,0,0,0,0,0,0,0,0,0,0,0,0,0,0,0,0
187300_x1,2023,Los Angeles city,1,Los Angeles city,4,1,13,26,52,30,0,0,0,0,0,0,0,0,0,0,0,0,0,0,0,0,0,0,0,0,0,0,0,0,0,0,0,0,0,0,0,0,0,0,0,0
187300_x2,2023,Los Angeles city,1,Los Angeles city,4,1,4,26,52,30,0,0,0,0,0,0,0,0,0,2,3,0,0,0,0,0,0,0,0,0,0,0,0,0,0,0,0,0,0,0,0,0,0,0,0,0
187300_x3,2023,Los Angeles city,1,Los Angeles city,4,1,13,26,52,30,0,0,0,0,0,0,0,1,0,0,0,0,0,0,0,0,0,0,0,0,0,0,0,0,0,0,0,0,0,0,0,0,0,0,0,0
187300_x4,2023,Los Angeles city,1,Los Angeles city,4,1,13,26,52,30,1,0,0,0,0,0,1,0,3,0,0,0,0,0,0,0,0,0,0,0,0,0,0,0,0,0,0,0,0,0,0,0,0,0,0,0
188100,2023,Los Angeles city,1,Los Angeles city,4,1,13,26,52,30,7,0,0,0,0,0,2,0,7,1,4,0,0,0,0,0,0,0,0,0,0,0,0,0,0,0,0,0,0,0,0,0,0,0,0,0
188201_q1,2023,Los Angeles city,1,Los Angeles city,4,5,4,26,52,30,1,0,0,0,0,0,0,0,0,0,0,0,0,0,0,0,0,0,0,0,0,0,0,0,0,0,0,0,0,0,0,0,0,0,0,0
188201_q2,2023,Los Angeles city,1,Los Angeles city,4,5,4,26,52,30,0,0,0,0,0,0,0,0,0,4,0,0,0,0,0,0,0,0,0,0,0,0,0,0,0,0,0,0,0,0,0,0,0,0,0,0
188201_q3,2023,Los Angeles city,1,Los Angeles city,4,5,4,26,52,30,0,0,0,0,0,0,0,0,0,0,0,0,0,0,0,0,0,0,0,0,0,0,0,0,0,0,0,0,0,0,0,0,0,0,0,0
188202,2023,Los Angeles city,1,Los Angeles city,4,5,4,26,52,30,0,0,0,0,0,0,0,0,0,0,0,0,0,0,0,0,0,0,0,0,0,0,0,0,0,0,0,0,0,0,0,0,0,0,0,0
188300,2023,Los Angeles city,1,Los Angeles city,4,1,13,26,52,30,2,0,0,0,0,0,0,0,0,0,2,0,0,0,0,0,0,0,0,0,0,0,0,0,0,0,0,0,0,0,0,0,0,0,0,0
189101,2023,Los Angeles city,1,Los Angeles city,4,5,4,26,52,30,10,0,0,0,0,0,1,3,1,2,0,0,0,0,0,0,0,0,0,0,0,0,0,0,0,0,0,0,0,0,0,0,0,0,0,0
189102,2023,Los Angeles city,1,Los Angeles city,4,5,4,26,52,30,1,0,0,0,0,0,0,1,3,0,0,0,0,0,0,0,0,0,0,0,0,0,0,0,0,0,0,0,0,0,0,0,0,0,0,0
189201,2023,Los Angeles city,1,Los Angeles city,4,5,4,26,51,30,7,0,0,0,0,0,1,2,1,1,1,0,0,0,0,0,0,0,0,0,0,0,0,0,0,0,0,0,0,0,0,0,0,0,0,0
189202_r1,2023,Los Angeles city,1,Los Angeles city,4,5,4,26,51,30,2,0,0,0,0,0,0,0,2,0,0,0,0,0,0,0,0,0,0,0,0,0,0,0,0,0,0,0,0,0,0,0,0,0,0,0
189202_r2,2023,Los Angeles city,1,Los Angeles city,4,5,4,26,52,30,1,0,0,0,0,0,0,2,0,0,0,0,0,0,0,0,0,0,0,0,0,0,0,0,0,0,0,0,0,0,0,0,0,0,0,0
189300_q1,2023,Los Angeles city,1,Los Angeles city,4,5,4,26,52,30,0,0,0,0,0,0,0,0,0,0,0,0,0,0,0,0,0,0,0,0,0,0,0,0,0,0,0,0,0,0,0,0,0,0,0,0
189300_q2,2023,Los Angeles city,1,Los Angeles city,4,5,4,24,51,30,0,0,0,0,0,0,0,1,0,0,0,0,0,0,0,0,0,0,0,0,0,0,0,0,0,0,0,0,0,0,0,0,0,0,0,0
189300_q3,2023,Los Angeles city,1,Los Angeles city,4,5,4,26,52,30,0,0,0,0,0,0,0,1,3,0,0,0,0,0,0,0,0,0,0,0,0,0,0,0,0,0,0,0,0,0,0,0,0,0,0,0
189400,2023,Los Angeles city,1,Los Angeles city,4,5,4,24,51,30,0,0,0,0,0,0,1,0,0,0,0,0,0,0,0,0,0,0,0,0,0,0,0,0,0,0,0,0,0,0,0,0,0,0,0,0
189501,2023,Los Angeles city,1,Los Angeles city,4,5,4,24,51,30,1,0,0,0,0,0,0,0,1,3,1,0,0,0,0,0,0,0,0,0,0,0,0,0,0,0,0,0,0,0,0,0,0,0,0,0
189502,2023,Los Angeles city,1,Los Angeles city,4,5,4,24,51,30,0,0,0,0,0,0,0,0,0,0,0,0,0,0,0,0,0,0,0,0,0,0,0,0,0,0,0,0,0,0,0,0,0,0,0,0
189600_q1,2023,Los Angeles city,1,Los Angeles city,4,5,4,24,51,30,4,0,0,0,0,0,0,0,0,1,10,0,0,0,0,0,0,0,0,0,0,0,0,0,0,0,0,0,0,0,0,0,0,0,0,0
189600_q2,2023,Los Angeles city,1,Los Angeles city,4,5,4,24,51,30,0,0,0,0,0,0,0,0,1,0,0,0,0,0,0,0,0,0,0,0,0,0,0,0,0,0,0,0,0,0,0,0,0,0,0,0
189702,2023,Los Angeles city,1,Los Angeles city,4,5,4,24,51,30,0,0,0,0,0,0,0,1,0,0,0,58,0,0,1,0,0,0,0,0,0,0,0,0,0,0,0,0,0,0,0,0,59,0,0,59
189703_q1,2023,Los Angeles city,1,Los Angeles city,4,5,4,24,51,30,0,0,0,0,0,0,0,0,0,0,0,0,0,0,0,0,0,0,0,0,0,0,0,0,0,0,0,0,0,0,0,0,0,0,0,0
189703_q2,2023,Los Angeles city,1,Los Angeles city,4,5,4,24,51,30,0,0,0,0,0,0,0,0,0,0,0,0,0,0,0,0,0,0,0,0,0,0,0,0,0,0,0,0,0,0,0,0,0,0,0,0
189703_q3,2023,Los Angeles city,1,Los Angeles city,4,5,4,24,51,30,0,0,0,0,0,0,0,0,0,0,0,0,0,0,0,0,0,0,0,0,0,0,0,0,0,0,0,0,0,0,0,0,0,0,0,0
189703_q4,2023,Los Angeles city,1,Los Angeles city,4,5,4,24,51,30,4,0,0,0,0,0,9,3,26,0,1,0,0,0,0,0,0,0,0,0,0,0,0,0,0,0,0,0,0,0,0,0,0,0,0,0
189704,2023,Los Angeles city,1,Los Angeles city,4,5,4,24,51,30,0,0,0,0,0,0,0,0,0,1,0,0,0,0,0,0,0,0,0,0,0,0,0,0,0,0,0,0,0,0,0,0,0,0,0,0
189801_x1,2023,Los Angeles city,1,Los Angeles city,4,3,4,24,51,30,1,0,0,0,0,0,0,0,0,1,0,0,0,0,0,0,0,0,0,0,0,0,0,0,0,0,0,0,0,0,0,0,0,0,0,0
189801_x2,2023,Los Angeles city,1,Los Angeles city,4,3,13,24,51,30,7,0,0,0,0,0,0,0,0,0,0,0,0,0,0,0,0,0,0,0,0,0,0,0,0,0,0,0,0,0,0,0,0,0,0,0
189802,2023,Los Angeles city,1,Los Angeles city,4,3,13,24,51,30,3,0,0,0,0,0,0,0,0,2,0,0,0,0,0,0,0,0,0,0,0,0,0,0,0,0,0,0,0,0,0,0,0,0,0,0
189903,2023,Los Angeles city,1,Los Angeles city,4,3,4,24,51,30,0,0,0,0,0,0,0,0,0,0,0,0,0,0,0,0,0,0,0,0,0,0,0,0,0,0,0,0,0,0,0,0,0,0,0,0
189904,2023,Los Angeles city,1,Los Angeles city,4,3,4,24,51,30,2,0,0,0,0,0,0,0,0,3,2,0,0,0,0,0,0,0,0,0,0,0,0,0,0,0,0,0,0,0,0,0,0,0,0,0
189905_x1,2023,Los Angeles city,1,Los Angeles city,4,3,4,24,51,30,0,0,0,0,0,0,0,0,0,0,0,3,25,63,1,1,3,0,0,0,0,0,0,0,0,0,0,0,0,0,0,0,70,0,0,70
189905_x2,2023,Los Angeles city,1,Los Angeles city,4,3,13,24,51,30,3,0,0,0,0,0,2,0,0,0,0,0,0,0,0,0,0,0,0,0,0,0,0,0,0,0,0,0,0,0,0,0,0,0,0,0
189906,2023,Los Angeles city,1,Los Angeles city,4,3,13,24,51,30,6,0,0,0,0,0,0,0,1,1,1,0,0,0,0,0,0,0,0,0,0,0,0,0,0,0,0,0,0,0,0,0,0,0,0,0
189907,2023,Los Angeles city,1,Los Angeles city,4,3,13,24,51,30,4,0,0,0,0,0,0,0,0,0,0,22,0,0,1,0,0,0,0,0,0,0,0,0,0,0,0,0,0,0,0,0,23,0,0,23
190101_q1,2023,Los Angeles city,1,Los Angeles city,4,3,13,24,51,30,6,0,0,0,0,0,0,0,0,0,0,0,0,0,0,0,0,0,0,0,0,0,0,0,0,0,0,0,0,0,0,0,0,0,0,0
190101_q2,2023,Los Angeles city,1,Los Angeles city,4,3,13,24,51,30,4,0,0,0,0,0,0,0,0,0,2,0,0,0,0,0,0,0,0,0,0,0,0,0,0,0,0,0,0,0,0,0,0,0,0,0
190102,2023,Los Angeles city,1,Los Angeles city,4,3,13,24,51,30,5,1,3,0,0,0,0,0,0,1,5,0,0,0,0,0,0,0,0,0,0,0,0,0,0,0,0,0,0,0,0,0,0,0,0,0
190201_q1,2023,Los Angeles city,1,Los Angeles city,4,3,13,24,51,30,0,0,0,0,0,0,0,0,1,3,0,0,0,0,0,0,0,0,0,0,0,0,0,0,0,0,0,0,0,0,0,0,0,0,0,0
190201_q2,2023,Los Angeles city,1,Los Angeles city,4,3,13,24,51,30,3,0,0,0,0,0,0,0,0,0,3,0,0,0,0,0,0,0,0,0,0,0,0,0,0,0,0,0,0,0,0,0,0,0,0,0
190202,2023,Los Angeles city,1,Los Angeles city,4,3,13,24,51,30,11,0,0,0,0,0,0,0,0,0,1,0,0,0,0,0,0,0,0,0,0,0,0,0,0,0,0,0,0,0,0,0,0,0,0,0
190302,2023,Los Angeles city,1,Los Angeles city,4,3,13,24,51,30,21,0,0,0,0,0,2,2,0,19,3,0,0,0,5,0,0,1,3,0,0,6,0,0,0,0,0,0,0,0,0,0,6,9,0,15
190303,2023,Los Angeles city,1,Los Angeles city,4,3,13,24,51,30,2,0,0,0,0,0,0,1,0,0,0,0,0,0,0,0,0,0,0,0,0,0,0,0,0,0,0,0,0,0,0,0,0,0,0,0
190401_x1,2023,Los Angeles city,1,Los Angeles city,4,1,4,26,51,30,0,0,0,0,0,0,0,0,0,0,0,0,0,0,0,0,0,0,0,0,0,0,0,0,0,0,0,0,0,0,0,0,0,0,0,0
190401_x2,2023,Los Angeles city,1,Los Angeles city,4,1,13,26,51,30,4,0,0,0,0,0,0,0,0,1,0,0,0,0,0,0,0,0,0,0,0,0,0,0,0,0,0,0,0,0,0,0,0,0,0,0
190402_x1,2023,Los Angeles city,1,Los Angeles city,4,1,4,26,51,30,1,0,0,0,0,0,0,1,2,0,0,0,0,0,0,0,0,0,0,0,0,0,0,0,0,0,0,0,0,0,0,0,0,0,0,0
190402_x2,2023,Los Angeles city,1,Los Angeles city,4,1,13,26,51,30,5,0,0,0,0,0,0,0,0,0,0,0,0,0,0,0,0,0,0,0,0,0,0,0,0,0,0,0,0,0,0,0,0,0,0,0
190510_y1,2023,Los Angeles city,1,Los Angeles city,4,1,13,26,51,30,35,3,14,0,0,0,11,3,0,9,15,0,0,0,0,0,0,0,0,0,0,0,0,0,0,0,0,0,0,0,0,0,0,0,0,0
190510_y2,2023,Los Angeles city,1,Los Angeles city,4,3,13,26,51,30,16,0,0,0,0,0,1,14,2,1,1,0,0,0,0,0,0,0,0,0,0,0,0,0,0,0,0,0,0,0,0,0,0,0,0,0
190520,2023,Los Angeles city,1,Los Angeles city,4,1,13,26,51,30,1,0,0,0,0,0,1,1,0,4,2,0,0,0,0,0,0,0,0,0,0,0,0,0,0,0,0,0,0,0,0,0,0,0,0,0
190701,2023,Los Angeles city,1,Los Angeles city,4,3,13,24,51,30,50,0,0,0,0,0,0,0,0,18,8,59,0,0,3,0,0,0,0,0,0,19,0,0,0,0,0,0,0,0,0,0,62,19,0,81
190702,2023,Los Angeles city,1,Los Angeles city,4,3,13,24,51,30,19,0,0,0,0,0,0,1,0,15,7,0,0,0,0,0,0,0,0,0,0,0,0,0,0,0,0,0,0,0,0,0,0,0,0,0
190801_q1,2023,Los Angeles city,1,Los Angeles city,4,3,13,26,51,30,1,0,0,0,0,0,0,0,0,1,0,50,0,0,10,0,0,0,0,0,0,0,0,0,0,0,0,0,0,0,0,0,60,0,0,60
190801_q2,2023,Los Angeles city,1,Los Angeles city,4,3,13,24,51,30,16,0,0,0,0,0,1,0,1,1,18,0,0,0,0,0,0,0,0,0,0,0,0,0,0,0,0,0,0,0,0,0,0,0,0,0
190802,2023,Los Angeles city,1,Los Angeles city,4,3,13,24,51,30,6,0,0,0,0,0,2,3,3,23,5,0,0,0,0,0,0,0,0,0,0,0,0,0,0,0,0,0,0,0,0,0,0,0,0,0
190901,2023,Los Angeles city,1,Los Angeles city,4,3,13,26,51,30,11,0,0,0,0,0,1,2,1,10,4,0,0,0,51,0,0,0,5,0,0,24,0,0,0,0,0,0,0,0,0,0,51,29,0,80
190902,2023,Los Angeles city,1,Los Angeles city,4,3,13,26,51,30,2,0,0,0,0,0,0,1,0,2,2,0,0,0,0,0,0,0,0,0,0,0,0,0,0,0,0,0,0,0,0,0,0,0,0,0
191000_q1,2023,Los Angeles city,1,Los Angeles city,4,3,13,26,51,30,11,0,0,0,0,0,0,0,2,34,1,0,0,0,0,0,0,0,0,0,0,0,0,0,0,0,0,0,0,0,0,0,0,0,0,0
191000_q2,2023,Los Angeles city,1,Los Angeles city,4,3,13,24,51,30,11,0,0,0,0,0,0,0,1,14,0,25,0,0,17,0,0,0,3,0,0,27,0,0,0,0,0,0,0,0,0,0,42,30,0,72
191000_q3,2023,Los Angeles city,1,Los Angeles city,4,3,13,24,51,30,26,0,0,0,0,0,0,0,0,29,0,0,0,0,0,0,0,0,0,0,0,0,0,0,0,0,0,0,0,0,0,0,0,0,0,0
191110,2023,Los Angeles city,1,Los Angeles city,4,1,13,26,51,30,1,0,0,0,0,0,1,0,0,1,1,0,0,0,0,0,0,0,0,0,0,0,0,0,0,0,0,0,0,0,0,0,0,0,0,0
191120_q1,2023,Los Angeles city,1,Los Angeles city,4,1,13,26,51,30,1,0,0,0,0,0,1,0,0,0,0,0,0,0,0,0,0,0,0,0,0,0,0,0,0,0,0,0,0,0,0,0,0,0,0,0
191120_q2,2023,Los Angeles city,1,Los Angeles city,4,1,13,26,51,30,1,0,0,0,0,0,0,1,0,0,3,0,0,0,0,0,0,0,0,0,0,0,0,0,0,0,0,0,0,0,0,0,0,0,0,0
191201_q1,2023,Los Angeles city,1,Los Angeles city,4,1,13,26,51,30,1,0,0,0,0,0,0,0,0,1,1,0,0,0,0,0,0,0,0,0,0,0,0,0,0,0,0,0,0,0,0,0,0,0,0,0
191201_q2,2023,Los Angeles city,1,Los Angeles city,4,1,13,26,51,30,14,0,0,0,0,0,2,5,0,3,6,0,0,0,0,0,0,0,0,0,0,0,0,0,0,0,0,0,0,0,0,0,0,0,0,0
191203,2023,Los Angeles city,1,Los Angeles city,4,1,13,26,51,30,5,0,0,0,0,0,0,4,0,1,1,0,0,0,0,0,0,0,0,0,0,0,0,0,0,0,0,0,0,0,0,0,0,0,0,0
191204,2023,Los Angeles city,1,Los Angeles city,4,1,13,26,51,30,4,0,0,0,0,0,0,0,0,0,1,0,0,0,0,0,0,0,0,0,0,0,0,0,0,0,0,0,0,0,0,0,0,0,0,0
191301_q1,2023,Los Angeles city,1,Los Angeles city,4,1,13,26,52,30,7,0,0,0,0,0,0,4,0,1,2,0,0,0,0,0,0,0,0,0,0,0,0,0,0,0,0,0,0,0,0,0,0,0,0,0
191301_q2,2023,Los Angeles city,1,Los Angeles city,4,1,13,26,52,30,6,0,0,0,0,0,0,1,0,4,2,0,0,0,0,0,0,0,0,0,0,0,0,0,0,0,0,0,0,0,0,0,0,0,0,0
191302_q1,2023,Los Angeles city,1,Los Angeles city,4,1,13,26,52,30,4,0,0,0,0,0,1,0,1,0,1,0,0,0,0,0,0,0,0,0,0,0,0,0,0,0,0,0,0,0,0,0,0,0,0,0
191302_q2,2023,Los Angeles city,1,Los Angeles city,4,1,13,26,52,30,11,0,0,0,0,0,0,1,1,2,2,0,0,0,0,0,0,0,0,0,0,0,0,0,0,0,0,0,0,0,0,0,0,0,0,0
191410,2023,Los Angeles city,1,Los Angeles city,4,1,13,26,52,30,11,0,0,0,0,0,2,12,0,5,5,0,0,0,0,0,0,0,0,0,0,0,0,0,0,0,0,0,0,0,0,0,0,0,0,0
191420,2023,Los Angeles city,1,Los Angeles city,4,1,13,26,52,30,4,0,0,0,0,0,2,7,2,2,6,0,0,0,0,0,0,0,0,0,0,0,0,0,0,0,0,0,0,0,0,0,0,0,0,0
191500,2023,Los Angeles city,1,Los Angeles city,4,1,13,26,54,30,12,0,0,0,0,0,0,1,3,4,2,4,0,0,3,0,0,0,0,0,0,0,0,0,0,0,0,0,0,0,0,0,7,0,0,7
191610,2023,Los Angeles city,1,Los Angeles city,4,3,13,26,51,30,4,0,0,0,0,0,0,0,0,0,4,0,0,0,0,0,0,0,0,0,0,0,0,0,0,0,0,0,0,0,0,0,0,0,0,0
191620,2023,Los Angeles city,1,Los Angeles city,4,3,13,26,54,30,1,0,0,0,0,0,3,7,3,0,4,0,0,0,0,0,0,0,0,0,0,0,0,0,0,0,0,0,0,0,0,0,0,0,0,0
191710,2023,Los Angeles city,1,Los Angeles city,4,3,13,26,51,30,0,0,0,0,0,0,0,0,0,2,1,0,0,0,0,0,0,0,0,0,0,0,0,0,0,0,0,0,0,0,0,0,0,0,0,0
191720,2023,Los Angeles city,1,Los Angeles city,4,3,13,26,51,30,18,0,0,0,0,0,0,0,2,1,7,0,0,0,0,0,0,0,0,0,0,0,0,0,0,0,0,0,0,0,0,0,0,0,0,0
191810_q1,2023,Los Angeles city,1,Los Angeles city,4,3,13,26,51,30,1,0,0,0,0,0,0,0,0,0,0,0,0,0,0,0,0,0,0,0,0,0,0,0,0,0,0,0,0,0,0,0,0,0,0,0
191810_q2,2023,Los Angeles city,1,Los Angeles city,4,3,13,24,51,30,2,0,0,18,0,0,0,0,0,3,0,0,0,0,0,0,0,0,0,0,0,0,0,0,0,0,0,0,0,0,0,0,0,0,0,0
191820_q1,2023,Los Angeles city,1,Los Angeles city,4,3,13,26,51,30,0,0,0,0,0,0,0,0,0,0,0,0,0,0,0,0,0,0,0,0,0,0,0,0,0,0,0,0,0,0,0,0,0,0,0,0
191820_q2,2023,Los Angeles city,1,Los Angeles city,4,3,13,26,51,30,1,0,0,0,0,0,0,0,0,0,0,0,0,0,0,0,0,0,0,0,0,0,0,0,0,0,0,0,0,0,0,0,0,0,0,0
191820_q3,2023,Los Angeles city,1,Los Angeles city,4,3,13,24,51,30,8,0,0,0,0,0,7,9,3,9,0,0,0,0,0,0,0,0,0,0,0,0,0,0,0,0,0,0,0,0,0,0,0,0,0,0
191901,2023,Los Angeles city,1,Los Angeles city,4,3,13,24,51,30,5,0,0,0,0,0,0,1,3,8,18,0,0,0,34,0,0,0,7,0,0,34,0,0,0,0,0,0,0,0,0,0,34,41,0,75
191902_x1,2023,Los Angeles city,1,Los Angeles city,4,3,5,26,51,30,0,0,0,0,0,0,0,0,0,0,0,0,0,0,0,0,0,0,0,0,0,0,0,0,0,0,0,0,0,0,0,0,0,0,0,0
191902_x2,2023,Los Angeles city,1,Los Angeles city,4,3,13,26,51,30,4,0,0,0,0,0,0,1,5,0,1,0,0,0,0,0,0,0,0,0,0,0,0,0,0,0,0,0,0,0,0,0,0,0,0,0
192001,2023,Los Angeles city,1,Los Angeles city,4,3,5,24,51,30,34,0,0,0,0,0,0,0,0,12,12,0,0,0,0,0,0,0,0,0,0,0,0,0,0,0,0,0,0,0,0,0,0,0,0,0
192002,2023,Los Angeles city,1,Los Angeles city,4,3,5,24,51,30,2,0,0,0,0,0,0,2,0,4,7,0,0,0,0,0,0,0,0,0,0,0,0,0,0,0,0,0,0,0,0,0,0,0,0,0
192300_x1,2023,Los Angeles city,1,Los Angeles city,4,3,5,26,51,30,0,0,0,0,0,0,0,0,0,0,0,0,0,0,0,0,0,0,0,0,0,0,0,0,0,0,0,0,0,0,0,0,0,0,0,0
192300_x2,2023,Los Angeles city,1,Los Angeles city,4,3,13,26,51,30,1,0,0,0,0,0,0,0,0,1,0,0,0,0,0,0,0,0,0,0,0,0,0,0,0,0,0,0,0,0,0,0,0,0,0,0
192410,2023,Los Angeles city,1,Los Angeles city,4,3,13,26,51,30,0,0,0,0,0,0,0,1,0,0,1,0,0,0,0,0,0,0,0,0,0,0,0,0,0,0,0,0,0,0,0,0,0,0,0,0
192420,2023,Los Angeles city,1,Los Angeles city,4,3,13,26,51,30,0,0,0,0,0,0,1,0,0,3,3,0,0,0,0,0,0,0,0,0,0,0,0,0,0,0,0,0,0,0,0,0,0,0,0,0
192510_x1,2023,Los Angeles city,1,Los Angeles city,4,3,10,26,54,34,0,0,0,0,0,0,0,0,0,1,0,0,0,0,0,0,0,0,0,0,0,0,0,0,0,0,0,0,0,0,0,0,0,0,0,0
192510_x2,2023,Los Angeles city,1,Los Angeles city,4,3,13,26,54,34,4,0,0,0,0,0,2,1,6,0,0,0,0,0,0,0,0,0,0,0,0,0,0,0,0,0,0,0,0,0,0,0,0,0,0,0
192520,2023,Los Angeles city,1,Los Angeles city,4,3,13,26,54,34,1,0,0,0,0,0,1,0,3,0,1,0,0,0,0,0,0,0,0,0,0,0,0,0,0,0,0,0,0,0,0,0,0,0,0,0
192610_q1,2023,Los Angeles city,1,Los Angeles city,4,3,13,26,54,30,3,0,0,0,0,0,5,3,0,1,9,0,0,0,0,0,0,0,0,0,0,0,0,0,0,0,0,0,0,0,0,0,0,0,0,0
192610_q2,2023,Los Angeles city,1,Los Angeles city,4,3,13,26,54,34,1,0,0,0,0,0,2,1,0,5,2,0,0,0,0,0,0,0,0,0,0,0,0,0,0,0,0,0,0,0,0,0,0,0,0,0
192620,2023,Los Angeles city,1,Los Angeles city,4,3,13,26,54,34,7,0,0,0,0,0,0,0,0,3,0,0,0,0,0,0,0,0,0,0,0,0,0,0,0,0,0,0,0,0,0,0,0,0,0,0
192700_q1,2023,Los Angeles city,1,Los Angeles city,4,1,13,26,52,30,2,0,0,0,0,0,1,3,5,2,6,0,0,0,0,0,0,0,0,0,0,0,0,0,0,0,0,0,0,0,0,0,0,0,0,0
192700_q2,2023,Los Angeles city,1,Los Angeles city,4,1,13,26,54,34,11,0,0,0,0,0,0,0,3,0,21,69,0,0,0,0,0,0,13,14,61,1,0,0,0,0,0,0,0,0,0,0,69,75,0,144
194101,2023,Los Angeles city,1,Los Angeles city,4,3,4,24,51,30,0,0,0,0,0,0,0,0,1,0,0,0,0,0,0,0,0,0,0,0,0,0,0,0,0,0,0,0,0,0,0,0,0,0,0,0
194102,2023,Los Angeles city,1,Los Angeles city,4,3,4,24,51,30,0,0,0,0,0,0,0,0,0,0,0,0,0,0,0,0,0,0,0,0,0,0,0,0,0,0,0,0,0,0,0,0,0,0,0,0
194200_q1,2023,Los Angeles city,1,Los Angeles city,4,3,4,24,51,32,2,0,0,0,0,0,0,0,0,1,0,0,0,0,0,0,0,0,0,0,0,0,0,0,0,0,0,0,0,0,0,0,0,0,0,0
194200_q2,2023,Los Angeles city,1,Los Angeles city,4,3,4,24,51,32,0,0,0,0,0,0,0,0,0,0,0,0,0,0,0,0,0,0,0,0,0,0,0,0,0,0,0,0,0,0,0,0,0,0,0,0
194300,2023,Los Angeles city,1,Los Angeles city,4,3,4,24,51,32,0,0,0,0,0,0,0,0,0,0,0,0,0,0,0,0,0,0,0,0,0,0,0,0,0,0,0,0,0,0,0,0,0,0,0,0
194401,2023,Los Angeles city,1,Los Angeles city,4,3,5,24,51,30,0,0,0,0,0,0,0,0,1,1,0,0,0,0,0,0,0,0,0,0,0,0,0,0,0,0,0,0,0,0,0,0,0,0,0,0
194402,2023,Los Angeles city,1,Los Angeles city,4,3,5,24,51,30,1,0,0,0,0,0,0,0,1,0,0,0,0,0,0,0,0,0,0,0,0,0,0,0,0,0,0,0,0,0,0,0,0,0,0,0
194500,2023,Los Angeles city,1,Los Angeles city,4,3,5,24,51,30,8,0,0,0,0,0,0,0,0,2,2,0,0,0,0,0,0,0,0,0,0,0,0,0,0,0,0,0,0,0,0,0,0,0,0,0
195100_x1,2023,Los Angeles city,1,Los Angeles city,4,1,4,26,52,30,1,0,0,0,0,0,0,0,0,0,0,0,0,0,0,0,0,0,0,0,0,0,0,0,0,0,0,0,0,0,0,0,0,0,0,0
195100_x2,2023,Los Angeles city,1,Los Angeles city,4,1,13,26,52,30,0,0,0,0,0,0,0,0,0,0,0,0,0,0,0,0,0,0,0,0,0,0,0,0,0,0,0,0,0,0,0,0,0,0,0,0
195201,2023,Los Angeles city,1,Los Angeles city,4,1,4,26,52,30,0,0,0,0,0,0,0,1,0,0,0,0,0,0,0,0,0,0,0,0,0,0,0,0,0,0,0,0,0,0,0,0,0,0,0,0
195202,2023,Los Angeles city,1,Los Angeles city,4,1,4,26,52,30,0,0,0,0,0,0,1,0,0,0,0,0,0,0,0,0,0,0,0,0,0,0,0,0,0,0,0,0,0,0,0,0,0,0,0,0
195300,2023,Los Angeles city,1,Los Angeles city,4,1,4,26,52,30,0,0,0,0,0,0,1,2,1,0,3,0,0,0,0,0,0,0,0,0,0,0,0,0,0,0,0,0,0,0,0,0,0,0,0,0
195400,2023,Los Angeles city,1,Los Angeles city,4,1,13,26,52,30,7,0,0,0,0,0,3,4,2,0,1,0,0,0,0,0,0,0,0,0,0,0,0,0,0,0,0,0,0,0,0,0,0,0,0,0
195500_q1,2023,Los Angeles city,1,Los Angeles city,4,1,13,26,52,30,0,0,0,0,0,0,0,0,0,0,0,0,0,0,0,0,0,0,0,0,0,0,0,0,0,0,0,0,0,0,0,0,0,0,0,0
195500_q2,2023,Los Angeles city,1,Los Angeles city,4,1,13,26,52,30,1,0,0,0,0,0,0,0,1,0,0,0,0,0,0,0,0,0,0,0,0,0,0,0,0,0,0,0,0,0,0,0,0,0,0,0
195500_q3,2023,Los Angeles city,1,Los Angeles city,4,1,13,26,52,30,4,0,0,0,0,0,1,7,1,0,0,43,0,0,1,0,0,0,0,0,0,0,0,0,0,0,0,0,0,0,0,0,44,0,0,44
195600_q1,2023,Los Angeles city,1,Los Angeles city,4,1,13,26,52,30,3,0,0,0,0,0,0,4,0,1,1,0,0,0,0,0,0,0,10,9,29,0,1,2,2,0,0,0,0,0,0,0,0,43,0,43
195600_q2,2023,Los Angeles city,1,Los Angeles city,4,1,13,26,52,30,16,0,0,0,0,0,6,5,1,0,1,0,0,0,0,0,0,0,0,0,0,0,0,0,0,0,0,0,0,0,0,0,0,0,0,0
195710_q1,2023,Los Angeles city,1,Los Angeles city,4,1,13,26,52,30,1,0,0,0,0,0,1,0,0,1,2,0,0,0,0,0,0,0,0,0,0,0,0,0,0,0,0,0,0,0,0,0,0,0,0,0
195710_q2,2023,Los Angeles city,1,Los Angeles city,4,1,13,26,52,30,1,0,0,0,0,0,0,1,2,5,0,0,0,0,0,0,0,0,0,0,0,0,0,0,0,0,0,0,0,0,0,0,0,0,0,0
195710_q3,2023,Los Angeles city,1,Los Angeles city,4,1,13,26,54,34,5,0,0,0,0,0,0,0,0,2,2,0,0,0,0,0,0,0,0,0,0,0,0,0,0,0,0,0,0,0,0,0,0,0,0,0
195720,2023,Los Angeles city,1,Los Angeles city,4,1,13,26,52,30,7,0,0,0,0,0,2,3,1,16,3,0,0,0,0,0,0,0,0,0,0,0,0,0,0,0,0,0,0,0,0,0,0,0,0,0
195802_q1,2023,Los Angeles city,1,Los Angeles city,4,1,13,26,52,30,1,0,0,0,0,0,1,0,1,4,4,0,0,0,0,0,0,0,0,0,0,0,0,0,0,0,0,0,0,0,0,0,0,0,0,0
195802_q2,2023,Los Angeles city,1,Los Angeles city,4,1,13,26,54,34,2,0,0,0,0,0,0,0,0,1,1,0,0,0,0,0,0,0,0,0,0,0,0,0,0,0,0,0,0,0,0,0,0,0,0,0
195802_q3,2023,Los Angeles city,1,Los Angeles city,4,1,13,26,54,34,4,0,0,0,0,0,0,4,1,2,6,0,0,0,0,0,0,0,0,0,0,0,0,0,0,0,0,0,0,0,0,0,0,0,0,0
195803,2023,Los Angeles city,1,Los Angeles city,4,1,13,26,52,30,3,0,0,0,0,0,0,5,1,2,1,0,0,0,0,0,0,0,0,0,0,0,0,0,0,0,0,0,0,0,0,0,0,0,0,0
195804,2023,Los Angeles city,1,Los Angeles city,4,1,13,26,52,30,1,0,0,0,0,0,0,0,0,0,0,0,0,0,0,0,0,0,0,0,0,0,0,0,0,0,0,0,0,0,0,0,0,0,0,0
195901,2023,Los Angeles city,1,Los Angeles city,4,1,13,26,52,30,1,0,0,0,0,0,0,1,0,0,2,0,0,0,0,0,0,0,0,0,0,0,0,0,0,0,0,0,0,0,0,0,0,0,0,0
195902,2023,Los Angeles city,1,Los Angeles city,4,1,13,26,52,30,1,0,0,0,0,0,0,0,0,0,0,0,0,0,0,0,0,0,0,0,0,0,0,0,0,0,0,0,0,0,0,0,0,0,0,0
195903,2023,Los Angeles city,1,Los Angeles city,4,1,13,26,52,30,0,0,0,0,0,0,1,2,1,0,0,0,0,0,0,0,0,0,0,0,0,0,0,0,0,0,0,0,0,0,0,0,0,0,0,0
197200_r1,2023,Los Angeles city,1,Los Angeles city,4,1,13,26,52,30,10,0,0,0,0,0,0,0,1,0,2,0,0,0,0,0,0,0,0,0,0,0,0,0,0,0,0,0,0,0,0,0,0,0,0,0
197200_r2,2023,Los Angeles city,1,Los Angeles city,4,1,13,26,52,34,3,0,0,0,0,0,0,0,0,3,1,0,0,0,0,0,0,0,0,0,0,0,0,0,0,0,0,0,0,0,0,0,0,0,0,0
197300,2023,Los Angeles city,1,Los Angeles city,4,1,13,26,52,30,3,0,0,0,0,0,0,0,2,0,0,0,0,0,0,0,0,0,0,0,0,0,0,0,0,0,0,0,0,0,0,0,0,0,0,0
197410,2023,Los Angeles city,1,Los Angeles city,4,1,13,26,52,30,1,0,0,0,0,0,1,4,8,0,1,0,0,0,0,0,0,0,0,0,0,0,0,0,0,0,0,0,0,0,0,0,0,0,0,0
197420,2023,Los Angeles city,1,Los Angeles city,4,1,13,26,52,30,5,0,0,0,0,0,5,2,0,2,1,2,23,70,0,2,5,0,0,0,0,0,0,0,0,0,0,0,0,0,0,0,77,0,0,77
197500_x1,2023,Los Angeles city,1,Los Angeles city,4,1,1,26,52,30,0,0,0,0,0,0,1,5,5,1,0,0,0,0,0,0,0,0,5,0,0,0,0,0,0,0,0,0,0,0,0,0,0,5,0,5
197500_x2,2023,Los Angeles city,1,Los Angeles city,4,1,13,26,52,30,14,0,0,0,0,0,11,14,0,0,8,0,0,0,0,0,0,0,0,0,0,0,0,0,0,0,0,0,0,0,0,0,0,0,0,0
197600_r1,2023,Los Angeles city,1,Los Angeles city,4,1,1,26,52,34,1,0,0,0,0,0,2,1,4,2,1,0,0,0,0,0,0,0,0,0,0,0,0,0,0,0,0,0,0,0,0,0,0,0,0,0
197600_r2,2023,Los Angeles city,1,Los Angeles city,4,1,1,26,54,34,1,0,0,0,0,0,0,0,0,0,1,0,0,0,0,0,0,0,0,0,0,0,0,0,0,0,0,0,0,0,0,0,0,0,0,0
197700_q1,2023,Los Angeles city,1,Los Angeles city,4,1,1,26,52,34,1,0,0,0,0,0,1,3,1,0,0,0,0,0,0,0,0,0,0,0,0,0,0,0,0,0,0,0,0,0,0,0,0,0,0,0
197700_q2,2023,Los Angeles city,1,Los Angeles city,4,1,1,26,52,34,0,0,0,0,0,0,0,0,0,0,0,0,0,0,0,0,0,0,0,0,0,0,0,0,0,0,0,0,0,0,0,0,0,0,0,0
197700_q3,2023,Los Angeles city,1,Los Angeles city,4,1,1,26,54,34,0,0,0,0,0,0,0,1,1,0,5,0,0,0,0,0,0,0,0,0,0,0,0,0,0,0,0,0,0,0,0,0,0,0,0,0
199001,2023,Los Angeles city,1,Los Angeles city,4,1,1,26,54,34,15,0,0,0,0,0,1,2,1,0,14,0,0,0,0,0,0,0,0,0,0,0,0,0,0,0,0,0,0,0,0,0,0,0,0,0
199002_q1,2023,Los Angeles city,1,Los Angeles city,4,1,1,26,52,30,0,0,0,0,0,0,1,3,1,0,3,0,0,0,0,0,0,0,0,0,0,0,0,0,0,0,0,0,0,0,0,0,0,0,0,0
199002_q2,2023,Los Angeles city,1,Los Angeles city,4,1,1,26,52,34,0,0,0,0,0,0,0,0,1,0,0,0,0,0,0,0,0,0,0,0,0,0,0,0,0,0,0,0,0,0,0,0,0,0,0,0
199002_q3,2023,Los Angeles city,1,Los Angeles city,4,1,1,26,52,34,0,0,0,0,0,0,0,0,2,1,2,0,0,0,0,0,0,0,0,0,0,0,0,0,0,0,0,0,0,0,0,0,0,0,0,0
199002_q4,2023,Los Angeles city,1,Los Angeles city,4,1,1,26,54,34,17,1,5,0,0,0,2,1,17,3,23,0,0,0,0,0,0,0,0,0,0,0,0,0,0,0,0,0,0,0,0,0,0,0,0,0
199110_q1,2023,Los Angeles city,1,Los Angeles city,4,1,14,26,52,34,0,0,0,0,0,0,0,1,4,0,0,0,0,0,0,0,0,0,0,0,0,0,0,0,0,0,0,0,0,0,0,0,0,0,0,0
199110_q2,2023,Los Angeles city,1,Los Angeles city,4,1,14,26,52,34,0,0,0,0,0,0,0,0,4,0,0,0,0,0,0,0,0,0,0,0,0,0,0,0,0,0,0,0,0,0,0,0,0,0,0,0
199120_q1,2023,Los Angeles city,1,Los Angeles city,4,1,14,26,52,34,0,0,0,0,0,0,0,0,0,0,0,0,0,0,0,0,0,0,0,0,0,0,0,0,0,0,0,0,0,0,0,0,0,0,0,0
199120_q2,2023,Los Angeles city,1,Los Angeles city,4,1,14,26,52,34,1,0,0,0,0,0,4,6,21,0,1,0,0,0,0,0,0,0,0,0,0,0,0,0,0,0,0,0,0,0,0,0,0,0,0,0
199120_q3,2023,Los Angeles city,1,Los Angeles city,4,1,14,26,54,34,0,0,0,0,0,0,0,0,0,0,0,0,0,0,0,0,0,0,0,0,0,0,0,0,0,0,0,0,0,0,0,0,0,0,0,0
199201_x1,2023,Los Angeles city,1,Los Angeles city,4,1,1,26,52,34,5,0,0,0,0,0,0,0,0,0,3,31,0,0,0,0,0,0,0,0,0,0,0,0,0,0,0,0,0,0,0,0,31,0,0,31
199201_x2,2023,Los Angeles city,1,Los Angeles city,4,1,14,26,52,34,0,0,0,0,0,0,1,0,0,0,0,0,0,0,0,0,0,0,0,0,0,0,0,0,0,0,0,0,0,0,0,0,0,0,0,0
199202_x1,2023,Los Angeles city,1,Los Angeles city,4,1,1,26,52,34,1,0,0,0,0,0,0,1,0,0,0,0,0,0,0,0,0,0,0,0,0,0,0,0,0,0,0,0,0,0,0,0,0,0,0,0
199202_x2,2023,Los Angeles city,1,Los Angeles city,4,1,1,26,52,34,0,0,0,0,0,0,0,0,0,0,0,0,0,0,0,0,0,0,0,0,0,0,0,0,0,0,0,0,0,0,0,0,0,0,0,0
199202_x3,2023,Los Angeles city,1,Los Angeles city,4,1,14,26,52,34,0,0,0,0,0,0,0,0,1,0,0,0,0,0,0,0,0,0,0,0,0,0,0,0,0,0,0,0,0,0,0,0,0,0,0,0
199202_x4,2023,Los Angeles city,1,Los Angeles city,4,1,14,26,52,34,1,0,0,0,0,0,0,0,2,0,0,0,0,0,0,0,0,0,0,0,0,0,0,0,0,0,0,0,0,0,0,0,0,0,0,0
199300_x1,2023,Los Angeles city,1,Los Angeles city,4,1,1,26,52,34,0,0,0,0,0,0,2,0,0,1,1,0,0,0,0,0,0,0,0,0,0,0,0,0,0,0,0,0,0,0,0,0,0,0,0,0
199300_x2,2023,Los Angeles city,1,Los Angeles city,4,1,14,26,52,34,0,0,0,0,0,0,0,0,0,0,0,0,0,0,0,0,0,0,0,0,0,0,0,0,0,0,0,0,0,0,0,0,0,0,0,0
199300_x3,2023,Los Angeles city,1,Los Angeles city,4,1,1,26,52,34,0,0,0,0,0,0,1,2,1,0,6,0,0,0,0,0,0,0,0,0,0,0,0,0,0,0,0,0,0,0,0,0,0,0,0,0
199300_x4,2023,Los Angeles city,1,Los Angeles city,4,1,1,26,52,34,0,0,0,0,0,0,0,1,0,0,0,0,0,0,0,0,0,0,0,0,0,0,0,0,0,0,0,0,0,0,0,0,0,0,0,0
199300_x5,2023,Los Angeles city,1,Los Angeles city,4,1,1,26,52,34,0,0,0,0,0,0,0,0,1,0,0,0,0,0,0,0,0,0,0,0,0,0,0,0,0,0,0,0,0,0,0,0,0,0,0,0
199300_x6,2023,Los Angeles city,1,Los Angeles city,4,1,1,26,52,34,0,0,0,0,0,0,1,1,4,1,0,0,0,0,0,0,0,0,0,0,0,0,0,0,0,0,0,0,0,0,0,0,0,0,0,0
199400_q1,2023,Los Angeles city,1,Los Angeles city,4,1,1,26,52,34,0,0,0,0,0,0,0,0,0,0,0,0,0,0,0,0,0,0,0,0,0,0,0,0,0,0,0,0,0,0,0,0,0,0,0,0
199400_q2,2023,Los Angeles city,1,Los Angeles city,4,1,1,26,52,34,3,0,0,0,0,0,7,4,6,11,5,0,0,0,0,0,0,0,0,0,0,0,0,0,0,0,0,0,0,0,0,0,0,0,0,0
199400_q3,2023,Los Angeles city,1,Los Angeles city,4,1,1,26,52,34,4,0,0,0,0,0,1,0,1,0,0,0,0,0,0,0,0,0,0,0,0,0,0,0,0,0,0,0,0,0,0,0,0,0,0,0
199400_q4,2023,Los Angeles city,1,Los Angeles city,4,1,1,26,52,34,0,0,0,0,0,0,0,0,0,0,0,0,0,0,0,0,0,0,0,0,0,0,0,0,0,0,0,0,0,0,0,0,0,0,0,0
199700_x1,2023,Los Angeles city,1,Los Angeles city,4,1,1,26,54,34,15,0,0,0,0,0,3,2,8,2,14,0,0,0,0,0,0,0,0,0,0,0,0,0,0,0,0,0,0,0,0,0,0,0,0,0
199700_x2,2023,Los Angeles city,1,Los Angeles city,4,1,14,26,54,34,2,0,0,0,0,0,0,0,0,0,1,0,0,0,0,0,0,0,0,0,0,0,0,0,0,0,0,0,0,0,0,0,0,0,0,0
199801_x1,2023,Los Angeles city,1,Los Angeles city,4,1,1,26,52,34,0,0,0,0,0,0,0,1,1,0,0,0,0,0,0,0,0,0,0,0,0,0,0,0,0,0,0,0,0,0,0,0,0,0,0,0
199801_x2,2023,Los Angeles city,1,Los Angeles city,4,1,14,26,52,34,0,0,0,0,0,0,0,1,0,0,0,0,0,0,0,0,0,0,0,0,0,0,0,0,0,0,0,0,0,0,0,0,0,0,0,0
199802_x1,2023,Los Angeles city,1,Los Angeles city,4,1,1,26,52,34,1,0,0,0,0,0,0,2,0,0,0,0,0,0,0,0,0,0,0,0,0,0,0,0,0,0,0,0,0,0,0,0,0,0,0,0
199802_x2,2023,Los Angeles city,1,Los Angeles city,4,1,14,26,52,34,3,0,0,0,0,0,0,0,0,0,3,0,0,0,0,0,0,0,0,0,0,0,0,0,0,0,0,0,0,0,0,0,0,0,0,0
199900_x1,2023,Los Angeles city,1,Los Angeles city,4,1,1,26,52,34,0,0,0,0,0,0,0,0,0,0,0,0,0,0,0,0,0,0,0,0,0,0,0,0,0,0,0,0,0,0,0,0,0,0,0,0
199900_x2,2023,Los Angeles city,1,Los Angeles city,4,1,14,26,52,34,7,0,0,0,0,0,4,3,11,1,11,0,0,0,0,0,0,0,0,0,0,0,0,0,0,0,0,0,0,0,0,0,0,0,0,0
199900_x3,2023,Los Angeles city,1,Los Angeles city,4,1,14,26,54,34,2,0,0,0,0,0,2,0,0,1,0,0,0,0,0,0,0,0,0,0,0,0,0,0,0,0,0,0,0,0,0,0,0,0,0,0
201110,2023,Los Angeles city,1,Los Angeles city,4,1,14,26,52,34,3,0,0,0,0,0,0,2,2,1,0,0,0,0,0,0,0,0,0,0,0,0,0,0,0,0,0,0,0,0,0,0,0,0,0,0
201120,2023,Los Angeles city,1,Los Angeles city,4,1,14,26,52,34,0,0,0,0,0,0,0,0,5,0,0,39,0,0,0,0,0,0,0,0,0,0,0,0,0,0,0,0,0,0,0,0,39,0,0,39
201200,2023,Los Angeles city,1,Los Angeles city,4,1,14,26,52,34,5,0,0,0,0,0,0,0,3,0,1,0,0,0,0,0,0,0,0,0,0,0,0,0,0,0,0,0,0,0,0,0,0,0,0,0
201301,2023,Los Angeles city,1,Los Angeles city,4,1,14,26,52,34,1,0,0,0,0,0,0,0,1,0,0,0,0,0,0,0,0,0,0,0,0,0,0,0,0,0,0,0,0,0,0,0,0,0,0,0
201302_q1,2023,Los Angeles city,1,Los Angeles city,4,1,14,26,52,34,0,0,0,0,0,0,0,0,0,0,0,0,0,0,0,0,0,0,0,0,0,0,0,0,0,0,0,0,0,0,0,0,0,0,0,0
201302_q2,2023,Los Angeles city,1,Los Angeles city,4,1,14,26,52,34,0,0,0,0,0,0,0,0,0,0,0,0,0,0,0,0,0,0,0,0,0,0,0,0,0,0,0,0,0,0,0,0,0,0,0,0
201302_q3,2023,Los Angeles city,1,Los Angeles city,4,1,14,26,52,34,0,0,0,0,0,0,0,0,0,0,0,0,0,0,0,0,0,0,0,0,0,0,0,0,0,0,0,0,0,0,0,0,0,0,0,0
201302_q4,2023,Los Angeles city,1,Los Angeles city,4,1,14,26,52,34,0,0,0,0,0,0,0,0,0,0,0,0,0,0,0,0,0,0,0,0,0,0,0,0,0,0,0,0,0,0,0,0,0,0,0,0
201401,2023,Los Angeles city,1,Los Angeles city,4,1,14,26,52,34,4,0,0,0,0,0,1,2,3,1,1,0,0,0,0,0,0,0,0,0,0,0,0,0,0,0,0,0,0,0,0,0,0,0,0,0
201402_q1,2023,Los Angeles city,1,Los Angeles city,4,1,14,26,52,34,0,0,0,0,0,0,1,2,2,0,0,0,0,0,0,0,0,0,0,0,0,0,0,0,0,0,0,0,0,0,0,0,0,0,0,0
201402_q2,2023,Los Angeles city,1,Los Angeles city,4,1,14,26,52,34,1,0,0,0,0,0,3,1,14,0,0,0,0,0,0,0,0,0,0,0,0,0,0,0,0,0,0,0,0,0,0,0,0,0,0,0
201501,2023,Los Angeles city,1,Los Angeles city,4,1,14,26,52,34,11,0,0,0,0,0,7,7,13,0,3,47,0,0,0,0,0,0,0,0,0,0,0,0,0,0,0,0,0,0,0,0,47,0,0,47
201503,2023,Los Angeles city,1,Los Angeles city,4,1,14,26,52,34,9,0,0,0,0,0,0,1,3,0,1,0,0,0,0,0,0,0,0,0,0,0,0,0,0,0,0,0,0,0,0,0,0,0,0,0
201504,2023,Los Angeles city,1,Los Angeles city,4,1,14,26,52,34,0,0,0,0,0,0,0,0,3,0,0,0,0,0,0,0,0,0,0,0,0,0,0,0,0,0,0,0,0,0,0,0,0,0,0,0
201601,2023,Los Angeles city,1,Los Angeles city,4,1,14,26,52,34,3,0,0,0,0,0,0,2,2,0,1,0,0,0,0,0,0,0,0,0,0,0,0,0,0,0,0,0,0,0,0,0,0,0,0,0
201602,2023,Los Angeles city,1,Los Angeles city,4,1,14,26,52,34,1,0,0,0,0,0,2,2,3,0,0,0,0,0,0,0,0,0,0,0,0,0,0,0,0,0,0,0,0,0,0,0,0,0,0,0
201700_q1,2023,Los Angeles city,1,Los Angeles city,4,1,14,26,52,34,0,0,0,0,0,0,0,0,0,0,0,0,0,0,0,0,0,0,0,0,0,0,0,0,0,0,0,0,0,0,0,0,0,0,0,0
201700_q2,2023,Los Angeles city,1,Los Angeles city,4,1,14,26,52,34,1,0,0,0,0,0,0,8,10,0,0,0,0,0,0,0,0,0,0,0,0,0,0,0,0,0,0,0,0,0,0,0,0,0,0,0
203100_q1,2023,Los Angeles city,1,Los Angeles city,4,1,14,26,54,34,0,0,0,0,0,0,0,1,2,0,0,0,0,0,0,0,0,0,0,0,0,0,0,0,0,0,0,0,0,0,0,0,0,0,0,0
203100_q2,2023,Los Angeles city,1,Los Angeles city,4,1,14,26,54,34,0,0,0,0,0,0,0,0,0,0,0,0,0,0,0,0,0,0,0,0,0,0,0,0,0,0,0,0,0,0,0,0,0,0,0,0
203200_q1,2023,Los Angeles city,1,Los Angeles city,4,1,14,26,54,34,0,0,0,0,0,0,0,0,1,3,0,0,0,0,0,0,0,0,0,0,0,0,0,0,0,0,0,0,0,0,0,0,0,0,0,0
203200_q2,2023,Los Angeles city,1,Los Angeles city,4,1,14,26,54,34,4,0,0,0,0,0,0,2,0,4,1,0,0,0,0,0,0,0,0,0,0,0,0,0,0,0,0,0,0,0,0,0,0,0,0,0
203300_q1,2023,Los Angeles city,1,Los Angeles city,4,1,14,26,54,34,0,0,0,0,0,0,0,0,0,1,2,11,0,0,0,0,0,0,0,0,0,0,0,0,0,0,0,0,0,0,0,0,11,0,0,11
203300_q2,2023,Los Angeles city,1,Los Angeles city,4,1,14,26,54,34,2,0,0,0,0,0,0,0,1,0,0,0,0,0,0,0,0,0,0,0,0,0,0,0,0,0,0,0,0,0,0,0,0,0,0,0
203500_q1,2023,Los Angeles city,1,Los Angeles city,4,1,14,26,54,34,0,0,0,0,0,0,0,0,0,0,0,0,0,0,0,0,0,0,0,0,0,0,0,0,0,0,0,0,0,0,0,0,0,0,0,0
203500_q2,2023,Los Angeles city,1,Los Angeles city,4,1,14,26,54,34,7,0,0,0,0,0,0,4,7,0,3,0,0,0,0,0,0,0,0,0,0,0,0,0,0,0,0,0,0,0,0,0,0,0,0,0
203601,2023,Los Angeles city,1,Los Angeles city,4,1,14,26,54,34,6,0,0,0,0,0,0,0,0,0,0,0,0,0,0,0,0,0,0,0,0,0,0,0,0,0,0,0,0,0,0,0,0,0,0,0
203602,2023,Los Angeles city,1,Los Angeles city,4,1,14,26,54,34,3,0,0,0,0,0,0,1,0,0,2,0,2,6,0,1,2,0,0,0,0,0,0,0,0,0,0,0,0,0,0,0,8,0,0,8
203710,2023,Los Angeles city,1,Los Angeles city,4,1,14,26,54,34,0,0,0,0,0,0,0,0,0,0,0,0,0,0,0,0,0,0,0,0,0,0,0,0,0,0,0,0,0,0,0,0,0,0,0,0
203720,2023,Los Angeles city,1,Los Angeles city,4,1,14,26,54,34,5,0,0,0,0,0,1,2,0,1,0,0,0,0,0,0,0,0,0,0,0,0,0,0,0,0,0,0,0,0,0,0,0,0,0,0
203800,2023,Los Angeles city,1,Los Angeles city,4,1,14,26,54,34,2,0,0,0,0,0,0,3,0,3,1,0,0,0,0,0,0,0,0,0,0,0,0,0,0,0,0,0,0,0,0,0,0,0,0,0
203900,2023,Los Angeles city,1,Los Angeles city,4,1,14,26,54,34,0,0,0,0,0,0,0,1,6,0,3,0,0,0,0,0,0,0,0,0,0,0,0,0,0,0,0,0,0,0,0,0,0,0,0,0
204110,2023,Los Angeles city,1,Los Angeles city,4,1,14,26,54,34,2,0,0,0,0,0,10,6,11,0,3,0,0,0,0,0,0,0,0,0,0,0,0,0,0,0,0,0,0,0,0,0,0,0,0,0
204120,2023,Los Angeles city,1,Los Angeles city,4,1,14,26,54,34,0,0,0,0,0,0,1,0,1,0,0,0,0,0,0,0,0,0,0,0,0,0,0,0,0,0,0,0,0,0,0,0,0,0,0,0
204200,2023,Los Angeles city,1,Los Angeles city,4,1,14,26,54,34,1,0,0,0,0,0,0,2,0,1,0,0,0,0,0,0,0,0,0,0,0,0,0,0,0,0,0,0,0,0,0,0,0,0,0,0
204300,2023,Los Angeles city,1,Los Angeles city,4,1,14,26,54,34,6,0,0,0,0,0,2,9,0,1,0,0,0,0,0,0,0,0,0,0,0,0,0,0,0,0,0,0,0,0,0,0,0,0,0,0
204410,2023,Los Angeles city,1,Los Angeles city,4,1,14,26,54,34,3,0,0,0,0,0,0,1,2,0,2,0,0,0,0,0,0,0,0,0,0,0,0,0,0,0,0,0,0,0,0,0,0,0,0,0
204420,2023,Los Angeles city,1,Los Angeles city,4,1,14,26,54,34,1,0,0,0,0,0,0,0,0,0,1,2,4,17,0,1,3,0,0,0,0,0,0,0,0,0,0,0,0,0,0,0,22,0,0,22
204600,2023,Los Angeles city,1,Los Angeles city,4,1,14,26,54,34,2,0,0,0,0,0,0,0,0,5,6,0,0,0,0,0,0,0,0,0,0,0,0,0,0,0,0,0,0,0,0,0,0,0,0,0
204700,2023,Los Angeles city,1,Los Angeles city,4,1,14,26,54,34,18,0,0,0,0,0,28,4,3,7,12,0,0,0,0,0,0,0,0,0,0,0,0,0,0,0,0,0,0,0,0,0,0,0,0,0
204810,2023,Los Angeles city,1,Los Angeles city,4,1,14,26,54,34,5,0,0,0,0,0,0,2,5,0,7,0,0,0,0,0,0,0,0,0,0,0,0,0,0,0,0,0,0,0,0,0,0,0,0,0
204820,2023,Los Angeles city,1,Los Angeles city,4,1,14,26,54,34,0,0,0,0,0,0,0,0,1,0,0,0,0,0,0,0,0,0,0,0,0,0,0,0,0,0,0,0,0,0,0,0,0,0,0,0
204910,2023,Los Angeles city,1,Los Angeles city,4,1,14,26,54,34,4,0,0,0,0,0,0,0,0,0,0,0,0,0,0,0,0,0,0,0,0,0,0,0,0,0,0,0,0,0,0,0,0,0,0,0
204920,2023,Los Angeles city,1,Los Angeles city,4,1,14,26,54,34,5,0,0,0,0,0,1,6,0,3,0,0,0,0,0,0,0,0,0,0,0,0,0,0,0,0,0,0,0,0,0,0,0,0,0,0
205110,2023,Los Angeles city,1,Los Angeles city,4,1,14,26,54,34,5,0,0,0,0,0,3,1,0,1,0,0,0,0,0,0,0,0,0,0,0,0,0,0,0,0,0,0,0,0,0,0,0,0,0,0
205120,2023,Los Angeles city,1,Los Angeles city,4,1,14,26,54,34,3,0,0,0,0,0,1,3,0,0,0,0,0,0,0,0,0,0,0,0,0,0,0,0,0,0,0,0,0,0,0,0,0,0,0,0
206010_q1,2023,Los Angeles city,1,Los Angeles city,4,1,1,26,52,30,0,0,0,0,0,0,0,0,0,0,0,0,0,0,0,0,0,0,0,0,0,0,0,0,0,0,0,0,0,0,0,0,0,0,0,0
206010_q2,2023,Los Angeles city,1,Los Angeles city,4,1,1,26,52,34,0,0,0,0,0,0,0,0,0,0,0,0,0,0,0,0,0,0,0,0,0,0,0,0,0,0,0,0,0,0,0,0,0,0,0,0
206010_q3,2023,Los Angeles city,1,Los Angeles city,4,1,1,26,54,34,0,0,0,0,0,0,0,0,0,0,0,0,0,0,0,0,0,0,0,0,0,0,0,0,0,0,0,0,0,0,0,0,0,0,0,0
206010_q4,2023,Los Angeles city,1,Los Angeles city,4,1,1,26,54,34,8,0,0,0,0,0,8,1,6,6,16,0,0,0,0,0,0,0,0,0,0,0,0,0,0,0,0,0,0,0,0,0,0,0,0,0
206020_x1,2023,Los Angeles city,1,Los Angeles city,4,1,1,26,54,34,0,0,0,0,0,0,1,0,0,2,2,0,0,0,0,0,0,0,0,0,0,0,0,0,0,0,0,0,0,0,0,0,0,0,0,0
206020_x2,2023,Los Angeles city,1,Los Angeles city,4,1,14,26,54,34,0,0,0,0,0,0,0,0,0,0,0,194,0,0,3,0,0,0,0,0,0,0,0,0,0,0,0,0,0,0,0,0,197,0,0,197
206020_x3,2023,Los Angeles city,1,Los Angeles city,4,1,1,26,54,34,0,0,0,0,0,0,0,0,0,0,0,0,0,0,0,0,0,0,0,0,0,0,0,0,0,0,0,0,0,0,0,0,0,0,0,0
206020_x4,2023,Los Angeles city,1,Los Angeles city,4,1,14,26,54,34,94,0,0,0,0,0,0,0,0,6,1,0,0,0,0,0,0,0,0,0,0,0,0,0,0,0,0,0,0,0,0,0,0,0,0,0
206050,2023,Los Angeles city,1,Los Angeles city,4,1,14,26,54,34,44,0,0,0,0,0,45,17,48,8,51,0,0,0,0,0,0,0,0,0,0,0,0,0,0,0,0,0,0,0,0,0,0,0,0,0
206051_q1,2023,Los Angeles city,1,Los Angeles city,4,1,14,26,54,34,53,0,0,0,0,0,42,41,50,29,113,0,0,0,0,0,0,0,0,0,0,0,0,0,0,0,0,0,0,0,0,0,0,0,0,0
206051_q2,2023,Los Angeles city,1,Los Angeles city,4,1,14,26,54,34,7,0,0,0,0,0,0,1,8,0,0,0,0,0,0,0,0,0,0,0,0,0,0,0,0,0,0,0,0,0,0,0,0,0,0,0
206052,2023,Los Angeles city,1,Los Angeles city,4,1,14,26,54,34,9,0,0,0,0,0,5,0,1,0,5,0,0,0,0,0,0,0,0,0,0,0,0,0,0,0,0,0,0,0,0,0,0,0,0,0
206053,2023,Los Angeles city,1,Los Angeles city,4,1,14,26,54,34,6,0,0,0,0,0,1,1,10,8,5,23,0,0,3,0,0,0,0,0,0,0,0,0,0,0,0,0,0,0,0,0,26,0,0,26
206054,2023,Los Angeles city,1,Los Angeles city,4,1,14,26,54,34,4,0,0,0,0,0,1,2,2,9,5,12,0,0,25,0,0,0,1,0,0,15,0,0,0,0,0,0,0,0,0,0,37,16,0,53
206201_q1,2023,Los Angeles city,1,Los Angeles city,4,1,14,26,54,34,5,0,0,0,0,0,1,0,0,8,13,0,0,0,0,0,0,0,0,0,0,0,0,0,0,0,0,0,0,0,0,0,0,0,0,0
206201_q2,2023,Los Angeles city,1,Los Angeles city,4,1,14,26,54,34,6,0,0,0,0,0,0,0,0,0,0,0,0,0,0,0,0,0,0,0,0,0,0,0,0,0,0,0,0,0,0,0,0,0,0,0
206201_q3,2023,Los Angeles city,1,Los Angeles city,4,1,14,26,57,34,12,0,0,0,0,0,0,0,0,20,12,0,0,0,0,0,0,0,0,0,0,0,0,0,0,0,0,0,0,0,0,0,0,0,0,0
206201_q4,2023,Los Angeles city,1,Los Angeles city,4,1,14,28,57,34,83,0,0,0,0,0,2,5,0,25,9,240,0,0,2,0,0,0,130,0,0,0,0,0,0,0,0,0,0,0,0,0,242,130,0,372
206202_q1,2023,Los Angeles city,1,Los Angeles city,4,1,14,26,54,34,24,0,0,0,0,0,0,0,0,25,11,0,0,0,0,0,0,0,0,0,0,0,0,0,0,0,0,0,0,0,0,0,0,0,0,0
206202_q2,2023,Los Angeles city,1,Los Angeles city,4,1,14,28,57,34,32,0,0,0,0,0,2,0,2,40,30,0,0,0,0,0,0,0,0,0,0,0,0,0,0,0,0,0,0,0,0,0,0,0,0,0
206301,2023,Los Angeles city,1,Los Angeles city,4,1,14,28,57,34,130,0,0,0,0,0,17,0,0,89,16,110,0,0,0,0,0,0,44,0,0,0,0,0,0,118,0,0,0,0,0,0,110,44,118,272
206302,2023,Los Angeles city,1,Los Angeles city,4,1,14,28,57,34,41,1,4,0,0,0,2,3,0,40,71,316,41,128,6,0,0,0,251,69,187,0,0,0,1,0,0,0,0,0,0,0,450,439,0,889
206303,2023,Los Angeles city,1,Los Angeles city,4,1,14,28,57,34,226,0,0,0,0,0,20,19,7,378,6,433,0,0,17,0,0,0,59,0,0,0,0,0,0,96,0,0,0,0,0,0,450,59,96,605
207101,2023,Los Angeles city,1,Los Angeles city,4,1,1,26,54,34,13,0,0,0,0,0,0,0,0,6,8,0,0,0,0,0,0,0,0,0,0,0,0,0,0,0,0,0,0,0,0,0,0,0,0,0
207102_x1,2023,Los Angeles city,1,Los Angeles city,4,1,1,26,54,34,46,0,0,0,0,0,1,1,0,7,1,0,0,0,0,0,0,0,0,0,0,0,0,0,0,0,0,0,0,0,0,0,0,0,0,0
207102_x2,2023,Los Angeles city,1,Los Angeles city,4,1,14,26,54,34,79,0,0,0,0,0,0,0,0,29,20,38,0,0,0,0,0,0,0,0,0,0,0,0,0,0,0,0,0,0,0,0,38,0,0,38
207103,2023,Los Angeles city,1,Los Angeles city,4,1,1,26,54,34,9,0,0,0,0,0,1,0,2,1,1,0,0,0,0,0,0,0,0,0,0,0,0,0,0,0,0,0,0,0,0,0,0,0,0,0
207303,2023,Los Angeles city,1,Los Angeles city,4,1,14,28,57,37,39,0,0,0,0,0,0,0,0,0,0,0,0,0,0,0,0,0,0,0,0,0,0,0,0,0,0,0,0,0,0,0,0,0,0,0
207304,2023,Los Angeles city,1,Los Angeles city,4,1,14,28,57,34,11,0,0,0,0,0,2,0,0,0,0,0,0,0,0,0,0,0,0,0,0,0,0,0,0,0,0,0,0,0,0,0,0,0,0,0
207305_r1,2023,Los Angeles city,1,Los Angeles city,4,1,14,26,54,34,32,0,0,0,0,0,0,0,0,2,3,0,0,0,0,0,0,0,0,0,0,0,0,0,0,0,0,0,0,0,0,0,0,0,0,0
207305_r2,2023,Los Angeles city,1,Los Angeles city,4,1,14,28,54,34,16,0,0,0,0,0,0,0,0,1,2,0,0,0,0,0,0,0,0,0,0,0,0,0,0,0,0,0,0,0,0,0,0,0,0,0
207305_r3,2023,Los Angeles city,1,Los Angeles city,4,1,14,28,57,34,27,0,0,0,0,0,2,0,0,1,1,0,0,0,0,0,0,0,0,0,0,0,0,0,0,0,0,0,0,0,0,0,0,0,0,0
207306_r1,2023,Los Angeles city,1,Los Angeles city,4,1,14,26,54,34,26,0,0,0,0,0,1,1,0,25,0,0,0,0,0,0,0,0,0,0,0,0,0,0,0,0,0,0,0,0,0,0,0,0,0,0
207306_r2,2023,Los Angeles city,1,Los Angeles city,4,1,14,28,54,34,10,0,0,0,0,0,0,0,0,1,0,0,0,0,0,0,0,0,0,0,0,0,0,0,0,0,0,0,0,0,0,0,0,0,0,0
207306_r3,2023,Los Angeles city,1,Los Angeles city,4,1,14,28,57,34,39,0,0,0,0,0,2,2,3,0,0,0,0,0,0,0,0,0,0,0,0,0,0,0,0,0,0,0,0,0,0,0,0,0,0,0
207307,2023,Los Angeles city,1,Los Angeles city,4,1,14,28,57,34,29,0,0,0,0,0,0,0,0,0,1,0,0,0,0,0,0,0,0,0,0,0,0,0,0,0,0,0,0,0,0,0,0,0,0,0
207308,2023,Los Angeles city,1,Los Angeles city,4,1,14,28,57,34,12,0,0,0,0,0,0,0,0,0,6,0,0,0,0,0,0,0,0,0,0,0,0,0,0,0,0,0,0,0,0,0,0,0,0,0
207400_q1,2023,Los Angeles city,1,Los Angeles city,4,1,14,26,54,34,67,0,0,0,0,0,0,0,0,11,21,83,0,0,2,0,0,0,0,0,0,0,0,0,0,0,0,0,0,0,0,0,85,0,0,85
207400_q2,2023,Los Angeles city,1,Los Angeles city,4,1,14,26,54,34,1,0,0,0,0,0,0,0,0,1,5,0,0,0,0,0,0,0,0,0,0,0,0,0,0,0,0,0,0,0,0,0,0,0,0,0
207501,2023,Los Angeles city,1,Los Angeles city,4,1,14,26,54,34,3,0,0,0,0,0,1,0,0,9,0,0,0,0,0,0,0,0,0,0,0,0,0,0,0,0,0,0,0,0,0,0,0,0,0,0
207502_r1,2023,Los Angeles city,1,Los Angeles city,4,1,14,26,54,34,9,0,0,0,0,0,0,0,0,14,18,0,0,0,0,0,0,0,0,0,0,0,0,0,0,0,0,0,0,0,0,0,0,0,0,0
207502_r2,2023,Los Angeles city,1,Los Angeles city,4,1,14,28,54,34,33,0,0,0,0,0,0,0,0,0,6,0,0,0,0,0,0,0,0,0,0,0,0,0,0,0,0,0,0,0,0,0,0,0,0,0
207711_x1,2023,Los Angeles city,1,Los Angeles city,4,1,9,28,57,37,10,0,0,24,0,0,0,0,0,1,6,0,0,0,0,0,0,0,0,0,0,0,0,0,0,0,0,0,0,0,0,0,0,0,0,0
207711_x2,2023,Los Angeles city,1,Los Angeles city,4,1,14,28,57,34,2,0,0,0,0,0,0,0,0,5,1,0,0,0,0,0,0,0,0,0,0,0,0,0,0,0,0,0,0,0,0,0,0,0,0,0
207711_x3,2023,Los Angeles city,1,Los Angeles city,4,1,14,28,57,37,49,1,3,0,0,0,0,0,0,4,0,0,17,50,0,1,4,2,0,0,0,0,0,0,0,0,0,0,0,0,0,0,56,0,0,56
207712_r1,2023,Los Angeles city,1,Los Angeles city,4,1,14,28,57,34,33,0,0,0,0,0,0,0,0,0,4,0,0,0,0,0,0,0,0,0,0,0,0,0,0,0,0,0,0,0,0,0,0,0,0,0
207712_r2,2023,Los Angeles city,1,Los Angeles city,4,1,14,28,57,37,16,0,0,0,0,0,0,0,0,1,0,0,0,0,0,0,0,0,0,0,0,0,0,0,0,0,0,0,0,0,0,0,0,0,0,0
207901,2023,Los Angeles city,1,Los Angeles city,4,1,14,28,57,37,17,0,0,0,0,0,0,0,0,0,0,0,0,0,0,0,0,0,0,0,0,0,0,0,0,0,0,0,0,0,0,0,0,0,0,0
207902,2023,Los Angeles city,1,Los Angeles city,4,1,14,28,57,37,54,0,0,0,0,0,4,0,1,27,11,0,0,0,0,0,0,0,0,0,0,0,0,0,0,0,0,0,0,0,0,0,0,0,0,0
208001_q1,2023,Los Angeles city,1,Los Angeles city,4,1,1,26,54,34,2,0,0,0,0,0,0,0,1,0,0,0,0,0,0,0,0,0,0,0,0,0,0,0,0,0,0,0,0,0,0,0,0,0,0,0
208001_q2,2023,Los Angeles city,1,Los Angeles city,4,1,1,26,52,34,4,0,0,0,0,0,3,3,4,0,6,0,0,0,0,0,0,0,0,0,0,0,0,0,0,0,0,0,0,0,0,0,0,0,0,0
208001_q3,2023,Los Angeles city,1,Los Angeles city,4,1,1,26,54,34,0,0,0,0,0,0,2,0,0,2,2,0,0,0,0,0,0,0,0,0,0,0,0,0,0,0,0,0,0,0,0,0,0,0,0,0
208001_q4,2023,Los Angeles city,1,Los Angeles city,4,1,1,26,54,34,1,0,0,0,0,0,0,0,0,0,4,0,0,0,0,0,0,0,0,0,0,0,0,0,0,0,0,0,0,0,0,0,0,0,0,0
208002_x1,2023,Los Angeles city,1,Los Angeles city,4,1,1,26,52,34,4,0,0,0,0,0,4,7,1,0,4,0,0,0,0,0,0,0,0,0,0,0,0,0,0,0,0,0,0,0,0,0,0,0,0,0
208002_x2,2023,Los Angeles city,1,Los Angeles city,4,1,13,26,52,34,2,0,0,0,0,0,0,0,1,0,1,0,0,0,0,0,0,0,0,0,0,0,0,0,0,0,0,0,0,0,0,0,0,0,0,0
208301,2023,Los Angeles city,1,Los Angeles city,4,1,1,26,54,34,2,0,0,0,0,0,0,6,1,0,1,0,0,0,0,0,0,0,0,0,0,0,0,0,0,0,0,0,0,0,0,0,0,0,0,0
208302_x1,2023,Los Angeles city,1,Los Angeles city,4,1,1,26,54,34,2,0,0,0,0,0,0,1,1,1,0,0,0,0,0,0,0,0,0,0,0,0,0,0,0,0,0,0,0,0,0,0,0,0,0,0
208302_x2,2023,Los Angeles city,1,Los Angeles city,4,1,13,26,54,34,2,0,0,0,0,0,1,6,4,3,4,37,0,0,9,0,0,0,0,21,55,0,4,10,0,0,0,0,0,0,0,0,46,65,0,111
208401,2023,Los Angeles city,1,Los Angeles city,4,1,1,26,54,34,3,0,0,0,0,0,0,0,7,5,0,0,0,0,0,0,0,0,0,0,0,0,0,0,0,0,0,0,0,0,0,0,0,0,0,0
208402,2023,Los Angeles city,1,Los Angeles city,4,1,13,26,54,34,1,0,0,0,0,0,1,4,15,7,0,0,0,0,0,0,0,0,0,0,0,0,0,0,0,0,0,0,0,0,0,0,0,0,0,0
208501,2023,Los Angeles city,1,Los Angeles city,4,1,13,26,54,34,5,0,0,0,0,0,0,1,4,3,3,0,0,0,0,0,0,0,0,0,0,0,0,0,0,0,0,0,0,0,0,0,0,0,0,0
208502_q1,2023,Los Angeles city,1,Los Angeles city,4,1,13,26,54,34,0,0,0,0,0,0,0,0,0,0,0,0,0,0,0,0,0,0,0,0,0,0,0,0,0,0,0,0,0,0,0,0,0,0,0,0
208502_q2,2023,Los Angeles city,1,Los Angeles city,4,1,13,26,54,34,0,0,0,0,0,0,0,2,0,0,1,68,0,0,4,0,0,0,0,0,0,0,0,0,0,0,0,0,0,0,0,0,72,0,0,72
208610,2023,Los Angeles city,1,Los Angeles city,4,1,13,26,54,34,4,0,0,0,0,0,2,2,3,3,1,0,0,0,0,0,0,0,1,3,8,29,30,67,0,0,0,0,0,0,0,0,0,105,0,105
208620_q1,2023,Los Angeles city,1,Los Angeles city,4,1,13,26,54,34,0,0,0,0,0,0,1,2,0,0,0,0,0,0,0,0,0,0,0,0,0,0,0,0,0,0,0,0,0,0,0,0,0,0,0,0
208620_q2,2023,Los Angeles city,1,Los Angeles city,4,1,13,26,54,34,3,0,0,0,0,0,0,1,2,3,1,0,0,0,0,0,0,0,0,0,0,0,0,0,0,0,0,0,0,0,0,0,0,0,0,0
208710,2023,Los Angeles city,1,Los Angeles city,4,1,1,26,54,34,2,0,0,0,0,0,0,0,0,0,0,0,0,0,0,0,0,0,0,0,0,0,0,0,0,0,0,0,0,0,0,0,0,0,0,0
208720_q1,2023,Los Angeles city,1,Los Angeles city,4,1,1,26,54,34,7,0,0,0,0,0,0,0,1,1,1,103,0,0,1,0,0,0,0,0,0,0,0,0,0,0,0,0,0,0,0,0,104,0,0,104
208720_q2,2023,Los Angeles city,1,Los Angeles city,4,1,1,26,54,34,1,0,0,0,0,0,0,0,3,2,1,0,0,0,0,0,0,0,0,0,0,0,0,0,0,0,0,0,0,0,0,0,0,0,0,0
208801_q1,2023,Los Angeles city,1,Los Angeles city,4,1,1,26,54,34,17,0,0,0,0,0,0,0,0,9,2,0,0,0,0,0,0,0,0,0,0,0,0,0,0,0,0,0,0,0,0,0,0,0,0,0
208801_q2,2023,Los Angeles city,1,Los Angeles city,4,1,1,26,54,34,8,0,0,0,0,0,1,0,0,7,1,0,0,0,0,0,0,0,0,0,0,0,0,0,0,0,0,0,0,0,0,0,0,0,0,0
208802,2023,Los Angeles city,1,Los Angeles city,4,1,1,26,54,34,8,0,0,0,0,0,0,0,1,1,7,0,0,0,0,0,0,0,0,0,0,0,0,0,0,0,0,0,0,0,0,0,0,0,0,0
208902,2023,Los Angeles city,1,Los Angeles city,4,1,1,26,54,34,15,0,0,0,0,0,0,0,0,2,0,0,0,0,0,0,0,0,0,0,0,0,0,0,0,0,0,0,0,0,0,0,0,0,0,0
208903_q1,2023,Los Angeles city,1,Los Angeles city,4,1,1,26,54,34,1,0,0,0,0,0,0,0,0,2,0,0,0,0,0,0,0,6,0,0,0,0,0,0,0,0,0,0,0,0,0,0,6,0,0,6
208903_q2,2023,Los Angeles city,1,Los Angeles city,4,1,1,26,54,34,56,0,0,0,0,0,1,1,0,9,2,25,0,0,0,0,0,0,0,0,0,0,0,0,0,0,0,0,0,0,0,0,25,0,0,25
208904_q1,2023,Los Angeles city,1,Los Angeles city,4,1,1,26,54,34,9,0,0,0,0,0,1,0,0,4,0,0,0,0,0,0,0,0,0,0,0,0,0,0,0,0,0,0,0,0,0,0,0,0,0,0
208904_q2,2023,Los Angeles city,1,Los Angeles city,4,1,1,26,54,34,7,0,0,0,0,0,2,2,0,0,1,0,0,0,0,0,0,0,0,0,0,0,0,0,0,0,0,0,0,0,0,0,0,0,0,0
209103,2023,Los Angeles city,1,Los Angeles city,4,1,1,26,54,34,0,0,0,0,0,0,1,6,2,0,0,0,0,0,0,0,0,0,0,0,0,0,0,0,0,0,0,0,0,0,0,0,0,0,0,0
209104,2023,Los Angeles city,1,Los Angeles city,4,1,1,26,54,34,0,0,0,0,0,0,0,1,0,0,0,0,0,0,0,0,0,0,22,38,78,0,0,0,0,0,0,0,0,0,0,0,0,100,0,100
209105,2023,Los Angeles city,1,Los Angeles city,4,1,1,26,54,34,2,0,0,0,0,0,4,7,1,0,1,0,0,0,0,0,0,0,0,0,0,0,0,0,0,0,0,0,0,0,0,0,0,0,0,0
209106_q1,2023,Los Angeles city,1,Los Angeles city,4,1,1,26,54,34,9,0,0,0,0,0,0,0,1,5,3,0,0,0,0,0,0,0,0,0,0,0,0,0,0,0,0,0,0,0,0,0,0,0,0,0
209106_q2,2023,Los Angeles city,1,Los Angeles city,4,1,1,26,54,34,8,0,0,0,0,0,0,1,0,5,3,0,0,0,0,0,0,0,0,0,0,0,0,0,0,0,0,0,0,0,0,0,0,0,0,0
209201,2023,Los Angeles city,1,Los Angeles city,4,1,1,26,54,34,12,0,0,0,0,0,1,0,0,8,2,53,0,0,1,0,0,0,0,0,0,3,0,0,0,0,0,0,0,0,0,0,54,3,0,57
209202_q1,2023,Los Angeles city,1,Los Angeles city,4,1,1,26,54,34,3,0,0,0,0,0,7,0,0,9,7,0,0,0,0,0,0,0,0,0,0,0,0,0,0,0,0,0,0,0,0,0,0,0,0,0
209202_q2,2023,Los Angeles city,1,Los Angeles city,4,1,1,26,54,34,8,0,0,2,1,4,0,0,0,0,0,0,0,0,0,0,0,0,0,0,0,0,0,0,0,0,0,0,0,0,0,0,0,0,0,0
209300_q1,2023,Los Angeles city,1,Los Angeles city,4,1,1,26,54,34,0,0,0,0,0,0,0,0,0,4,2,0,0,0,0,0,0,0,0,0,0,0,0,0,0,0,0,0,0,0,0,0,0,0,0,0
209300_q2,2023,Los Angeles city,1,Los Angeles city,4,1,1,26,54,34,15,0,0,0,0,0,4,4,3,4,12,0,0,0,0,0,0,0,0,0,0,0,0,0,0,0,0,0,0,0,0,0,0,0,0,0
209401,2023,Los Angeles city,1,Los Angeles city,4,1,1,26,54,34,15,0,0,0,0,0,1,4,0,5,2,0,0,0,0,0,0,0,0,0,0,0,0,0,0,0,0,0,0,0,0,0,0,0,0,0
209402_q1,2023,Los Angeles city,1,Los Angeles city,4,1,1,26,54,34,1,0,0,0,0,0,0,0,0,1,1,0,0,0,0,0,0,0,0,0,0,0,0,0,0,0,0,0,0,0,0,0,0,0,0,0
209402_q2,2023,Los Angeles city,1,Los Angeles city,4,1,1,26,54,34,20,0,0,0,0,0,0,2,0,4,5,0,0,0,0,0,0,0,0,0,0,0,0,0,0,0,0,0,0,0,0,0,0,0,0,0
209403,2023,Los Angeles city,1,Los Angeles city,4,1,1,26,54,34,22,0,0,0,0,0,3,2,0,24,0,86,0,0,2,0,0,0,0,0,0,0,0,0,0,0,0,0,0,0,0,0,88,0,0,88
209510_q1,2023,Los Angeles city,1,Los Angeles city,4,1,1,26,54,34,13,0,0,0,0,0,7,1,2,13,11,0,0,0,0,0,0,0,0,0,0,0,0,0,0,0,0,0,0,0,0,0,0,0,0,0
209510_q2,2023,Los Angeles city,1,Los Angeles city,4,1,1,26,54,34,4,0,0,0,0,0,0,0,1,2,1,0,0,0,0,0,0,0,0,0,0,0,0,0,0,0,0,0,0,0,0,0,0,0,0,0
209520_q1,2023,Los Angeles city,1,Los Angeles city,4,1,1,26,54,34,4,0,0,0,0,0,0,0,2,3,4,0,0,0,0,0,0,0,0,0,0,0,0,0,0,0,0,0,0,0,0,0,0,0,0,0
209520_q2,2023,Los Angeles city,1,Los Angeles city,4,1,1,26,54,34,17,0,0,0,0,0,0,1,1,0,5,0,0,0,0,0,0,0,0,0,0,0,0,0,0,0,0,0,0,0,0,0,0,0,0,0
209810,2023,Los Angeles city,1,Los Angeles city,4,1,1,26,54,34,5,0,0,0,0,0,0,1,0,5,0,0,0,0,0,0,0,0,10,0,0,0,0,0,0,0,0,0,0,0,0,0,0,10,0,10
209820,2023,Los Angeles city,1,Los Angeles city,4,1,1,26,54,34,10,0,0,0,0,0,0,3,1,0,0,13,0,0,3,0,0,0,0,0,0,0,0,0,0,0,0,0,0,0,0,0,16,0,0,16
210010_q1,2023,Los Angeles city,1,Los Angeles city,4,1,1,26,54,34,4,1,2,0,0,0,3,1,2,2,9,0,0,0,0,0,0,0,0,0,0,0,0,0,0,0,0,0,0,0,0,0,0,0,0,0
210010_q2,2023,Los Angeles city,1,Los Angeles city,4,1,1,26,54,34,8,0,0,0,0,0,1,2,0,3,1,0,0,0,0,0,0,0,0,0,0,1,0,0,0,0,0,0,0,0,0,0,0,1,0,1
211000_x1,2023,Los Angeles city,1,Los Angeles city,4,2,5,26,51,30,0,0,0,0,0,0,0,1,0,0,0,0,0,0,0,0,0,2,0,0,0,0,0,0,0,0,0,0,0,0,0,0,2,0,0,2
211000_x2,2023,Los Angeles city,1,Los Angeles city,4,2,13,26,51,30,4,0,0,0,0,0,0,0,0,0,0,0,0,0,0,0,0,0,0,0,0,0,0,0,0,0,0,0,0,0,0,0,0,0,0,0
211121,2023,Los Angeles city,1,Los Angeles city,4,2,13,26,54,34,1,0,0,0,0,0,0,1,0,0,0,39,0,0,0,0,0,0,0,0,0,0,0,0,0,0,0,0,0,0,0,0,39,0,0,39
211122,2023,Los Angeles city,1,Los Angeles city,4,2,13,26,54,34,19,0,0,0,0,0,14,1,1,10,31,0,0,0,0,0,0,0,0,0,0,0,0,0,0,0,0,0,0,0,0,0,0,0,0,0
211123_q1,2023,Los Angeles city,1,Los Angeles city,4,2,10,26,54,34,2,0,0,0,0,0,0,0,0,1,3,49,0,0,2,0,0,0,0,0,0,0,0,0,0,0,0,0,0,0,0,0,51,0,0,51
211123_q2,2023,Los Angeles city,1,Los Angeles city,4,2,10,26,54,34,21,0,0,0,0,0,0,0,1,2,1,0,0,0,0,0,0,0,0,0,0,0,0,0,0,0,0,0,0,0,0,0,0,0,0,0
211124_x1,2023,Los Angeles city,1,Los Angeles city,4,2,1,26,54,34,2,0,0,0,0,0,0,1,0,6,6,0,0,0,0,0,0,0,0,0,0,0,0,0,0,0,0,0,0,0,0,0,0,0,0,0
211124_x2,2023,Los Angeles city,1,Los Angeles city,4,2,10,26,54,34,6,0,0,0,0,0,1,12,2,4,0,0,0,0,0,0,0,0,0,0,0,0,0,0,0,0,0,0,0,0,0,0,0,0,0,0
211201,2023,Los Angeles city,1,Los Angeles city,4,2,10,26,54,34,3,0,0,0,0,0,0,0,0,2,1,0,0,0,0,0,0,0,0,0,0,0,0,0,0,0,0,0,0,0,0,0,0,0,0,0
211202,2023,Los Angeles city,1,Los Angeles city,4,2,10,26,54,34,6,0,0,0,0,0,0,1,0,2,1,0,0,0,0,0,0,0,0,0,0,0,0,0,0,0,0,0,0,0,0,0,0,0,0,0
211310,2023,Los Angeles city,1,Los Angeles city,4,2,10,26,54,34,2,0,0,0,0,0,0,2,1,1,1,0,0,0,0,0,0,0,0,0,0,0,0,0,0,0,0,0,0,0,0,0,0,0,0,0
211320,2023,Los Angeles city,1,Los Angeles city,4,2,10,26,54,34,2,0,0,0,0,0,0,0,0,0,0,0,0,0,0,0,0,0,0,0,0,0,0,0,0,0,0,0,0,0,0,0,0,0,0,0
211410,2023,Los Angeles city,1,Los Angeles city,4,2,10,26,54,34,3,0,0,0,0,0,1,0,0,3,0,0,0,0,0,0,0,0,0,0,0,0,0,0,0,0,0,0,0,0,0,0,0,0,0,0
211420,2023,Los Angeles city,1,Los Angeles city,4,2,10,26,54,34,0,0,0,0,0,0,1,1,0,1,4,0,0,0,0,0,0,0,0,0,0,0,0,0,0,0,0,0,0,0,0,0,0,0,0,0
211500_q1,2023,Los Angeles city,1,Los Angeles city,4,2,13,26,51,30,0,0,0,0,0,0,1,0,0,0,0,0,0,0,0,0,0,0,0,0,0,0,0,0,0,0,0,0,0,0,0,0,0,0,0,0
211500_q2,2023,Los Angeles city,1,Los Angeles city,4,2,13,26,54,34,2,0,0,0,0,0,1,0,0,0,1,0,0,0,0,0,0,0,0,0,0,0,0,0,0,0,0,0,0,0,0,0,0,0,0,0
211500_q3,2023,Los Angeles city,1,Los Angeles city,4,2,13,26,54,34,1,0,0,0,0,0,3,0,0,0,0,0,0,0,0,0,0,0,0,0,0,0,0,0,0,0,0,0,0,0,0,0,0,0,0,0
211701_r1,2023,Los Angeles city,1,Los Angeles city,4,2,13,26,51,30,1,0,0,0,0,0,2,3,1,1,0,0,0,0,0,0,0,0,0,0,0,0,0,0,0,0,0,0,0,0,0,0,0,0,0,0
211701_r2,2023,Los Angeles city,1,Los Angeles city,4,2,13,26,54,34,0,0,0,0,0,0,0,0,0,0,0,0,0,0,0,0,0,0,0,0,0,0,0,0,0,0,0,0,0,0,0,0,0,0,0,0
211703_x1,2023,Los Angeles city,1,Los Angeles city,4,2,10,26,54,34,0,0,0,0,0,0,0,0,0,0,0,0,0,0,0,0,0,0,0,0,0,0,0,0,0,0,0,0,0,0,0,0,0,0,0,0
211703_x2,2023,Los Angeles city,1,Los Angeles city,4,2,13,26,54,34,1,0,0,0,0,0,0,0,1,0,1,0,0,0,0,0,0,0,0,0,0,0,0,0,0,0,0,0,0,0,0,0,0,0,0,0
211704_x1,2023,Los Angeles city,1,Los Angeles city,4,2,10,26,54,34,2,0,0,0,0,0,0,0,0,2,0,0,0,0,0,0,0,0,0,0,0,0,0,0,0,0,0,0,0,0,0,0,0,0,0,0
211704_x2,2023,Los Angeles city,1,Los Angeles city,4,2,13,26,54,34,0,0,0,0,0,0,0,0,0,0,2,0,0,0,0,0,0,0,0,0,0,0,0,0,0,0,0,0,0,0,0,0,0,0,0,0
211802,2023,Los Angeles city,1,Los Angeles city,4,2,10,26,54,34,11,0,0,0,0,0,0,0,0,10,3,0,0,0,0,0,0,0,0,0,0,0,0,0,0,0,0,0,0,0,0,0,0,0,0,0
211803,2023,Los Angeles city,1,Los Angeles city,4,2,10,26,54,34,1,0,0,0,0,0,1,4,0,0,1,0,0,0,0,0,0,0,0,0,0,0,0,0,0,0,0,0,0,0,0,0,0,0,0,0
211804,2023,Los Angeles city,1,Los Angeles city,4,2,10,26,54,34,3,0,0,0,0,0,3,3,0,1,1,0,0,0,0,0,0,0,0,0,0,0,0,0,0,0,0,0,0,0,0,0,0,0,0,0
211910,2023,Los Angeles city,1,Los Angeles city,4,2,10,26,54,34,1,0,0,0,0,0,2,1,0,0,0,0,0,0,0,0,0,0,0,0,0,0,0,0,0,0,0,0,0,0,0,0,0,0,0,0
211921,2023,Los Angeles city,1,Los Angeles city,4,2,10,26,54,34,2,0,0,0,0,0,0,0,0,0,3,0,0,0,0,0,0,0,0,0,0,0,0,0,0,0,0,0,0,0,0,0,0,0,0,0
211922,2023,Los Angeles city,1,Los Angeles city,4,2,10,26,54,34,3,0,0,0,0,0,3,0,0,0,2,0,0,0,0,0,0,0,0,0,0,0,0,0,0,0,0,0,0,0,0,0,0,0,0,0
212101,2023,Los Angeles city,1,Los Angeles city,4,2,10,26,54,34,17,0,0,0,0,0,1,1,3,3,6,0,0,0,0,0,0,0,0,0,0,0,0,0,0,0,0,0,0,0,0,0,0,0,0,0
212102,2023,Los Angeles city,1,Los Angeles city,4,2,10,26,54,34,9,0,0,0,0,0,0,0,0,1,3,0,0,0,0,0,0,0,0,0,0,0,0,0,0,0,0,0,0,0,0,0,0,0,0,0
212202,2023,Los Angeles city,1,Los Angeles city,4,2,1,26,54,34,0,0,0,0,0,0,3,2,1,0,1,0,0,0,0,0,0,0,0,0,0,0,0,0,0,0,0,0,0,0,0,0,0,0,0,0
212203_x1,2023,Los Angeles city,1,Los Angeles city,4,2,1,26,54,34,5,0,0,0,0,0,0,0,0,0,4,0,0,0,0,0,0,0,0,0,0,0,0,0,0,0,0,0,0,0,0,0,0,0,0,0
212203_x2,2023,Los Angeles city,1,Los Angeles city,4,2,10,26,54,34,6,0,0,0,0,0,1,0,0,0,0,0,0,0,0,0,0,0,0,0,0,0,0,0,0,0,0,0,0,0,0,0,0,0,0,0
212204_x1,2023,Los Angeles city,1,Los Angeles city,4,2,10,26,54,34,1,0,0,0,0,0,0,0,0,0,0,0,0,0,0,0,0,0,0,0,0,0,0,0,0,0,0,0,0,0,0,0,0,0,0,0
212204_x2,2023,Los Angeles city,1,Los Angeles city,4,2,1,26,54,34,1,0,0,0,0,0,0,0,0,12,0,0,0,0,0,0,0,0,0,0,0,0,0,0,0,0,0,0,0,0,0,0,0,0,0,0
212204_x3,2023,Los Angeles city,1,Los Angeles city,4,2,10,26,54,34,0,0,0,0,0,0,0,0,0,6,0,0,0,0,0,0,0,0,0,0,0,0,0,0,0,0,0,0,0,0,0,0,0,0,0,0
212303,2023,Los Angeles city,1,Los Angeles city,4,2,10,26,54,34,18,0,0,0,0,0,3,2,1,0,6,0,0,0,0,0,0,0,0,0,0,0,0,0,0,0,0,0,0,0,0,0,0,0,0,0
212304,2023,Los Angeles city,1,Los Angeles city,4,2,10,26,54,34,9,0,0,0,0,0,0,0,1,9,2,0,0,0,0,0,0,0,0,0,0,0,0,0,0,0,0,0,0,0,0,0,0,0,0,0
212305,2023,Los Angeles city,1,Los Angeles city,4,2,10,26,54,34,0,0,0,0,0,0,0,5,0,1,4,0,0,0,0,0,0,0,0,0,0,0,0,0,0,0,0,0,0,0,0,0,0,0,0,0
212306,2023,Los Angeles city,1,Los Angeles city,4,2,10,26,54,34,0,0,0,0,0,0,1,3,0,0,4,0,0,0,0,0,0,0,0,0,0,0,0,0,0,0,0,0,0,0,0,0,0,0,0,0
212410,2023,Los Angeles city,1,Los Angeles city,4,2,10,26,54,34,5,0,0,0,0,0,0,0,0,2,0,0,0,0,0,0,0,0,0,0,0,0,0,0,0,21,0,0,0,0,0,0,0,0,21,21
212420,2023,Los Angeles city,1,Los Angeles city,4,2,10,26,54,34,3,0,0,0,0,0,1,7,2,0,0,0,0,0,0,0,0,0,0,0,0,0,0,0,0,0,0,0,0,0,0,0,0,0,0,0
212501,2023,Los Angeles city,1,Los Angeles city,4,2,10,26,54,34,1,0,0,0,0,0,0,1,0,5,0,0,0,0,0,0,0,0,0,0,0,0,0,0,0,0,0,0,0,0,0,0,0,0,0,0
212502,2023,Los Angeles city,1,Los Angeles city,4,2,10,26,54,34,8,0,0,0,0,0,0,1,1,6,5,0,0,0,0,0,0,0,0,0,0,0,0,0,0,0,0,0,0,0,0,0,0,0,0,0
212610_x1,2023,Los Angeles city,1,Los Angeles city,4,2,5,26,54,34,1,0,0,0,0,0,0,0,0,0,0,0,0,0,0,0,0,0,0,0,0,0,0,0,0,0,0,0,0,0,0,0,0,0,0,0
212610_x2,2023,Los Angeles city,1,Los Angeles city,4,2,10,26,54,34,1,0,0,0,0,0,0,0,0,0,0,0,0,0,0,0,0,0,0,0,0,0,0,0,0,0,0,0,0,0,0,0,0,0,0,0
212620_x1,2023,Los Angeles city,1,Los Angeles city,4,2,5,26,54,34,0,0,0,0,0,0,0,0,0,0,0,0,0,0,0,0,0,0,0,0,0,0,0,0,0,0,0,0,0,0,0,0,0,0,0,0
212620_x2,2023,Los Angeles city,1,Los Angeles city,4,2,5,26,54,34,0,0,0,0,0,0,0,0,0,0,0,0,0,0,0,0,0,0,0,0,0,0,0,0,0,0,0,0,0,0,0,0,0,0,0,0
212620_x3,2023,Los Angeles city,1,Los Angeles city,4,2,10,26,54,34,0,0,0,0,0,0,0,0,0,0,0,0,0,0,0,0,0,0,0,0,0,0,0,0,0,0,0,0,0,0,0,0,0,0,0,0
212701_x1,2023,Los Angeles city,1,Los Angeles city,4,2,5,26,54,34,0,0,0,0,0,0,0,0,0,0,0,0,0,0,0,0,0,0,0,0,0,0,0,0,0,0,0,0,0,0,0,0,0,0,0,0
212701_x2,2023,Los Angeles city,1,Los Angeles city,4,2,10,26,54,34,3,0,0,0,0,0,0,0,0,1,0,0,0,0,0,0,0,0,0,0,0,0,0,0,0,0,0,0,0,0,0,0,0,0,0,0
212702_x1,2023,Los Angeles city,1,Los Angeles city,4,2,5,26,51,30,0,0,0,0,0,0,0,2,1,0,0,0,0,0,0,0,0,0,0,0,0,0,0,0,0,0,0,0,0,0,0,0,0,0,0,0
212702_x2,2023,Los Angeles city,1,Los Angeles city,4,2,5,26,54,34,0,0,0,0,0,0,0,0,0,0,0,0,0,0,0,0,0,0,0,0,0,0,0,0,0,0,0,0,0,0,0,0,0,0,0,0
212702_x3,2023,Los Angeles city,1,Los Angeles city,4,2,10,28,55,37,0,0,0,0,0,0,0,1,1,0,0,0,0,0,0,0,0,0,0,0,0,0,0,0,0,0,0,0,0,0,0,0,0,0,0,0
212800,2023,Los Angeles city,1,Los Angeles city,4,2,10,28,55,37,2,0,0,0,0,0,0,0,1,0,0,0,0,0,0,0,0,0,0,0,0,0,0,0,0,0,0,0,0,0,0,0,0,0,0,0
212900,2023,Los Angeles city,1,Los Angeles city,4,2,10,26,54,34,0,0,0,0,0,0,2,0,2,1,1,0,0,0,0,0,0,0,0,0,0,0,0,0,0,0,0,0,0,0,0,0,0,0,0,0
213100_x1,2023,Los Angeles city,1,Los Angeles city,4,2,10,26,54,34,0,0,0,0,0,0,1,0,2,1,0,0,0,0,0,0,0,0,0,0,0,0,0,0,0,0,0,0,0,0,0,0,0,0,0,0
213100_x2,2023,Los Angeles city,1,Los Angeles city,4,2,5,26,54,34,0,0,0,0,0,0,1,0,3,3,10,0,0,0,0,0,0,0,0,0,0,0,0,0,0,0,0,0,0,0,0,0,0,0,0,0
213100_x3,2023,Los Angeles city,1,Los Angeles city,4,2,10,26,54,34,1,0,0,0,0,0,1,0,0,0,0,0,0,0,0,0,0,0,0,0,0,0,0,0,0,0,0,0,0,0,0,0,0,0,0,0
213100_x4,2023,Los Angeles city,1,Los Angeles city,4,2,10,26,54,34,0,0,0,0,0,0,0,0,1,0,0,0,0,0,0,0,0,0,0,0,0,0,0,0,0,0,0,0,0,0,0,0,0,0,0,0
213201,2023,Los Angeles city,1,Los Angeles city,4,2,10,26,54,34,13,0,0,0,0,0,0,1,1,4,6,0,0,0,0,0,0,0,0,0,0,0,0,0,0,0,0,0,0,0,0,0,0,0,0,0
213202,2023,Los Angeles city,1,Los Angeles city,4,2,10,26,54,34,1,0,0,0,0,0,2,0,0,0,0,0,0,0,0,0,0,0,0,0,0,0,0,0,0,0,0,0,0,0,0,0,0,0,0,0
213310_x1,2023,Los Angeles city,1,Los Angeles city,4,2,1,26,54,34,4,0,0,0,0,0,1,4,1,0,1,0,0,0,0,0,0,0,0,0,0,0,0,0,0,0,0,0,0,0,0,0,0,0,0,0
213310_x2,2023,Los Angeles city,1,Los Angeles city,4,2,10,26,54,34,2,0,0,0,0,0,0,1,2,2,3,0,0,0,0,0,0,0,0,0,0,0,0,0,0,0,0,0,0,0,0,0,0,0,0,0
213310_x3,2023,Los Angeles city,1,Los Angeles city,4,2,10,26,54,34,1,0,0,0,0,0,0,0,0,0,0,0,0,0,0,0,0,0,0,0,0,0,0,0,0,0,0,0,0,0,0,0,0,0,0,0
213320_x1,2023,Los Angeles city,1,Los Angeles city,4,2,1,26,54,34,2,0,0,0,0,0,2,4,0,0,3,0,0,0,0,0,0,0,0,0,0,0,0,0,0,0,0,0,0,0,0,0,0,0,0,0
213320_x2,2023,Los Angeles city,1,Los Angeles city,4,2,10,26,54,34,4,0,0,0,0,0,0,0,0,5,6,0,0,0,0,0,0,0,0,0,0,0,0,0,0,0,0,0,0,0,0,0,0,0,0,0
213320_x3,2023,Los Angeles city,1,Los Angeles city,4,2,10,26,54,34,1,0,0,0,0,0,0,0,0,0,0,0,0,0,0,0,0,0,0,0,0,0,0,0,0,0,0,0,0,0,0,0,0,0,0,0
213401_x1,2023,Los Angeles city,1,Los Angeles city,4,2,1,26,54,34,4,0,0,0,0,0,4,0,2,1,4,0,0,0,0,0,0,0,0,0,0,0,0,0,0,0,0,0,0,0,0,0,0,0,0,0
213401_x2,2023,Los Angeles city,1,Los Angeles city,4,2,10,26,54,34,0,0,0,0,0,0,0,0,0,0,0,0,0,0,0,0,0,0,0,0,0,0,0,0,0,0,0,0,0,0,0,0,0,0,0,0
213402,2023,Los Angeles city,1,Los Angeles city,4,2,1,26,54,34,6,0,0,0,0,0,1,3,1,5,7,0,0,0,0,0,0,0,0,0,0,0,0,0,0,0,0,0,0,0,0,0,0,0,0,0
214000,2023,Los Angeles city,1,Los Angeles city,4,3,5,24,51,30,4,0,0,0,0,0,0,0,0,1,0,0,0,0,0,0,0,0,0,0,0,0,0,0,0,0,0,0,0,0,0,0,0,0,0,0
214100,2023,Los Angeles city,1,Los Angeles city,4,2,5,26,51,30,1,0,0,0,0,0,0,0,0,0,0,0,0,0,0,0,0,0,0,0,0,0,0,0,0,0,0,0,0,0,0,0,0,0,0,0
214400,2023,Los Angeles city,1,Los Angeles city,4,3,5,24,51,30,2,0,0,0,0,0,2,1,0,0,0,0,0,0,0,0,0,0,0,0,0,0,0,0,0,0,0,0,0,0,0,0,0,0,0,0
214501_r1,2023,Los Angeles city,1,Los Angeles city,4,2,5,24,51,30,7,0,0,0,0,0,0,0,0,1,1,0,0,0,0,0,0,0,0,0,0,0,0,0,0,0,0,0,0,0,0,0,0,0,0,0
214501_r2,2023,Los Angeles city,1,Los Angeles city,4,2,5,28,51,30,0,0,0,0,0,0,0,0,0,0,0,0,0,0,0,0,0,0,0,0,0,0,0,0,0,0,0,0,0,0,0,0,0,0,0,0
214503,2023,Los Angeles city,1,Los Angeles city,4,2,5,28,51,30,0,0,0,0,0,0,0,0,0,0,0,0,0,0,0,0,0,0,0,0,0,0,0,0,0,0,0,0,0,0,0,0,0,0,0,0
214504,2023,Los Angeles city,1,Los Angeles city,4,2,5,28,51,30,0,0,0,0,0,0,0,0,0,0,0,0,0,0,0,0,0,0,0,0,0,0,0,0,0,0,0,0,0,0,0,0,0,0,0,0
214505,2023,Los Angeles city,1,Los Angeles city,4,2,5,28,51,30,0,0,0,0,0,0,0,0,0,0,0,0,0,0,0,0,0,0,0,0,0,0,0,0,0,0,0,0,0,0,0,0,0,0,0,0
214600,2023,Los Angeles city,1,Los Angeles city,4,3,5,24,55,30,6,0,0,0,0,0,0,0,1,0,2,0,0,0,0,0,0,0,0,0,0,0,0,0,0,0,0,0,0,0,0,0,0,0,0,0
214700,2023,Los Angeles city,1,Los Angeles city,4,3,5,28,55,30,2,0,0,0,0,0,0,0,0,2,0,0,0,0,0,0,0,0,0,0,0,0,0,0,0,0,0,0,0,0,0,0,0,0,0,0
214800_r1,2023,Los Angeles city,1,Los Angeles city,4,3,5,24,55,30,6,0,0,0,0,0,0,0,0,1,0,0,0,0,0,0,0,0,0,0,0,0,0,0,0,0,0,0,0,0,0,0,0,0,0,0
214800_r2,2023,Los Angeles city,1,Los Angeles city,4,3,5,28,55,30,4,0,0,0,0,0,0,0,0,16,1,0,0,0,0,0,0,0,0,0,0,0,0,0,0,0,0,0,0,0,0,0,0,0,0,0
214902,2023,Los Angeles city,1,Los Angeles city,4,3,5,24,55,30,4,0,0,0,0,0,0,0,0,2,1,0,0,0,0,0,0,0,0,0,0,0,0,0,0,0,0,0,0,0,0,0,0,0,0,0
214903,2023,Los Angeles city,1,Los Angeles city,4,3,5,24,55,30,0,0,0,0,0,0,0,0,0,0,0,0,0,0,0,0,0,0,0,0,0,0,0,0,0,0,0,0,0,0,0,0,0,0,0,0
214904,2023,Los Angeles city,1,Los Angeles city,4,3,5,24,55,30,0,0,0,0,0,0,0,1,0,0,1,0,0,0,0,0,0,0,0,0,0,0,0,0,0,0,0,0,0,0,0,0,0,0,0,0
215101,2023,Los Angeles city,1,Los Angeles city,4,2,5,28,55,30,1,0,0,0,0,0,1,2,1,11,0,0,0,0,0,0,0,0,0,0,0,0,0,0,0,0,0,0,0,0,0,0,0,0,0,0
215102_r1,2023,Los Angeles city,1,Los Angeles city,4,2,5,28,51,30,2,0,0,0,0,0,0,0,0,1,0,0,0,0,0,0,0,0,0,0,0,0,0,0,0,0,0,0,0,0,0,0,0,0,0,0
215102_r2,2023,Los Angeles city,1,Los Angeles city,4,2,5,28,55,30,7,0,0,0,0,0,0,0,0,3,4,0,0,0,0,0,0,0,0,0,0,0,0,0,0,0,0,0,0,0,0,0,0,0,0,0
216100_x1,2023,Los Angeles city,1,Los Angeles city,4,2,5,26,51,30,4,0,0,0,0,0,0,0,0,0,0,0,0,0,0,0,0,0,0,0,0,0,0,0,0,0,0,0,0,0,0,0,0,0,0,0
216100_x2,2023,Los Angeles city,1,Los Angeles city,4,2,10,28,55,37,0,0,0,0,0,0,0,0,0,0,0,0,0,0,0,0,0,0,0,0,0,0,0,0,0,0,0,0,0,0,0,0,0,0,0,0
216201_q1,2023,Los Angeles city,1,Los Angeles city,4,2,5,26,51,30,0,0,0,0,0,0,0,0,0,0,0,0,0,0,0,0,0,0,0,0,0,0,0,0,0,0,0,0,0,0,0,0,0,0,0,0
216201_q2,2023,Los Angeles city,1,Los Angeles city,4,2,5,28,55,30,5,0,0,0,0,0,0,0,0,0,0,17,0,0,0,0,0,0,0,0,0,0,0,0,0,0,0,0,0,0,0,0,17,0,0,17
216202_x1,2023,Los Angeles city,1,Los Angeles city,4,2,5,28,55,30,0,0,0,0,0,0,0,0,1,0,0,0,0,0,0,0,0,0,0,0,0,0,0,0,0,0,0,0,0,0,0,0,0,0,0,0
216202_x2,2023,Los Angeles city,1,Los Angeles city,4,2,10,28,55,30,0,0,0,0,0,0,0,0,0,0,0,0,0,0,0,0,0,0,0,0,0,0,0,0,0,0,0,0,0,0,0,0,0,0,0,0
216202_x3,2023,Los Angeles city,1,Los Angeles city,4,2,10,28,55,37,1,0,0,0,0,0,0,0,0,0,0,0,0,0,0,0,0,0,0,0,0,0,0,0,0,0,0,0,0,0,0,0,0,0,0,0
216202_x4,2023,Los Angeles city,1,Los Angeles city,4,2,10,28,55,37,0,0,0,0,0,0,0,0,0,0,0,0,0,0,0,0,0,0,0,0,0,0,0,0,0,0,0,0,0,0,0,0,0,0,0,0
216301,2023,Los Angeles city,1,Los Angeles city,4,2,5,28,55,30,0,0,0,0,0,0,0,0,0,1,0,0,0,0,0,0,0,0,0,0,0,0,0,0,0,0,0,0,0,0,0,0,0,0,0,0
216302,2023,Los Angeles city,1,Los Angeles city,4,2,5,28,55,30,2,0,0,0,0,0,0,0,0,3,1,0,0,0,0,0,0,0,0,0,0,0,0,0,0,0,0,0,0,0,0,0,0,0,0,0
216401,2023,Los Angeles city,1,Los Angeles city,5,3,5,28,55,37,1,0,0,0,0,0,0,4,0,0,2,0,0,0,0,0,0,0,0,0,0,0,0,0,0,0,0,0,0,0,0,0,0,0,0,0
216402,2023,Los Angeles city,1,Los Angeles city,5,3,5,28,55,37,0,0,0,0,0,0,0,8,0,0,0,0,0,0,0,0,0,0,0,0,0,0,0,0,0,0,0,0,0,0,0,0,0,0,0,0
216700_x1,2023,Los Angeles city,1,Los Angeles city,4,2,5,28,55,37,5,0,0,0,0,0,1,0,0,3,1,0,0,0,0,0,0,0,0,0,0,0,0,0,0,0,0,0,0,0,0,0,0,0,0,0
216700_x2,2023,Los Angeles city,1,Los Angeles city,4,2,10,28,55,37,4,0,0,0,0,0,0,0,2,1,3,0,0,0,0,0,0,0,0,0,0,0,0,0,0,0,0,0,0,0,0,0,0,0,0,0
216800_x1,2023,Los Angeles city,1,Los Angeles city,4,2,5,28,55,37,0,0,0,0,0,0,0,0,0,0,0,0,0,0,0,0,0,0,0,0,0,0,0,0,0,0,0,0,0,0,0,0,0,0,0,0
216800_x2,2023,Los Angeles city,1,Los Angeles city,4,2,10,28,55,37,0,0,0,0,0,0,0,0,0,0,0,0,0,0,0,0,0,0,0,0,0,0,0,0,0,0,0,0,0,0,0,0,0,0,0,0
216901,2023,Los Angeles city,1,Los Angeles city,4,2,10,28,55,37,0,0,0,0,0,0,0,0,0,0,0,0,0,0,0,0,0,0,0,0,0,0,0,0,0,0,0,0,0,0,0,0,0,0,0,0
216902,2023,Los Angeles city,1,Los Angeles city,4,2,10,28,55,37,3,0,0,0,0,0,0,1,1,0,0,0,0,0,0,0,0,0,0,0,0,0,0,0,0,0,0,0,0,0,0,0,0,0,0,0
217001,2023,Los Angeles city,1,Los Angeles city,5,3,5,28,55,37,0,0,0,0,0,0,1,1,2,0,0,0,0,0,0,0,0,0,0,0,0,0,0,0,0,0,0,0,0,0,0,0,0,0,0,0
217002,2023,Los Angeles city,1,Los Angeles city,5,3,5,28,55,37,9,0,0,0,0,0,0,3,2,3,5,0,11,31,0,2,5,0,51,0,0,0,0,0,0,78,0,0,0,0,0,0,36,51,78,165
217101,2023,Los Angeles city,1,Los Angeles city,4,2,10,28,55,37,0,0,0,0,0,0,0,1,2,0,0,0,0,0,0,0,0,0,0,0,0,0,0,0,0,0,0,0,0,0,0,0,0,0,0,0
217102,2023,Los Angeles city,1,Los Angeles city,4,2,10,28,55,37,0,0,0,0,0,0,0,2,0,0,0,0,0,0,0,0,0,0,0,0,0,0,0,0,0,0,0,0,0,0,0,0,0,0,0,0
217200_q1,2023,Los Angeles city,1,Los Angeles city,4,2,10,28,55,37,0,0,0,0,0,0,0,0,0,0,0,0,0,0,0,0,0,0,0,0,0,0,0,0,0,0,0,0,0,0,0,0,0,0,0,0
217200_q2,2023,Los Angeles city,1,Los Angeles city,4,2,10,28,55,37,2,0,0,0,0,0,0,0,0,0,2,0,0,0,0,0,0,0,0,0,0,0,0,0,0,0,0,0,0,0,0,0,0,0,0,0
217200_q3,2023,Los Angeles city,1,Los Angeles city,4,2,10,28,55,37,3,0,0,0,0,0,1,1,3,0,1,0,0,0,0,0,0,0,0,0,0,0,0,0,0,0,0,0,0,0,0,0,0,0,0,0
217200_q4,2023,Los Angeles city,1,Los Angeles city,4,2,10,28,55,37,8,0,0,0,0,0,4,4,7,10,1,0,0,0,0,0,0,0,0,0,0,0,0,0,0,0,0,0,0,0,0,0,0,0,0,0
218110_q1,2023,Los Angeles city,1,Los Angeles city,4,2,10,28,55,37,6,0,0,0,0,0,0,0,0,0,0,0,0,0,0,0,0,0,0,0,0,0,0,0,0,0,0,0,0,0,0,0,0,0,0,0
218110_q2,2023,Los Angeles city,1,Los Angeles city,4,2,10,28,55,37,2,0,0,0,0,0,0,0,0,0,0,0,0,0,0,0,0,0,0,0,0,0,0,0,0,0,0,0,0,0,0,0,0,0,0,0
218120,2023,Los Angeles city,1,Los Angeles city,4,2,10,28,55,37,59,0,0,0,0,0,8,1,3,5,7,0,0,0,0,0,0,0,0,0,0,0,0,0,0,0,0,0,0,0,0,0,0,0,0,0
218210,2023,Los Angeles city,1,Los Angeles city,4,2,10,28,55,37,1,0,0,0,0,0,0,1,0,0,0,6,0,0,0,0,0,0,0,0,0,0,0,0,0,0,0,0,0,0,0,0,6,0,0,6
218220,2023,Los Angeles city,1,Los Angeles city,4,2,10,28,55,37,7,0,0,0,0,0,2,0,0,1,0,0,0,0,0,0,0,0,0,0,0,0,0,0,0,0,0,0,0,0,0,0,0,0,0,0
218300,2023,Los Angeles city,1,Los Angeles city,4,2,10,28,55,37,5,0,0,0,0,0,2,6,7,9,5,2,7,15,0,1,2,0,0,0,0,0,0,0,0,0,0,0,0,0,0,0,19,0,0,19
218400,2023,Los Angeles city,1,Los Angeles city,6,2,10,28,55,37,2,0,0,0,0,0,1,1,2,4,5,0,0,0,0,0,0,0,0,0,0,0,0,0,0,0,0,0,0,0,0,0,0,0,0,0
218500,2023,Los Angeles city,1,Los Angeles city,6,2,10,28,55,37,3,0,0,0,0,0,9,0,1,3,5,62,0,0,0,0,0,0,0,0,0,0,0,0,0,0,0,0,0,0,0,0,62,0,0,62
218600,2023,Los Angeles city,1,Los Angeles city,6,2,10,28,55,37,2,0,0,0,0,0,3,4,3,0,1,34,0,0,4,0,0,0,0,0,0,0,0,0,0,0,0,0,0,0,0,0,38,0,0,38
218701_q1,2023,Los Angeles city,1,Los Angeles city,6,2,10,28,55,37,3,0,0,0,0,0,10,0,2,0,1,9,0,0,0,0,0,0,0,0,0,0,0,0,0,0,0,0,0,0,0,0,9,0,0,9
218701_q2,2023,Los Angeles city,1,Los Angeles city,6,2,10,28,55,37,1,0,0,0,0,0,1,2,5,0,0,0,0,0,0,0,0,0,0,0,0,0,0,0,0,0,0,0,0,0,0,0,0,0,0,0
218702_q1,2023,Los Angeles city,1,Los Angeles city,6,2,10,28,55,37,3,0,0,0,0,0,1,0,0,1,1,5,0,0,0,0,0,0,0,0,0,12,0,0,0,0,0,0,0,0,0,0,5,12,0,17
218702_q2,2023,Los Angeles city,1,Los Angeles city,6,2,10,28,55,37,10,0,0,0,0,0,3,5,0,0,0,0,0,0,0,0,0,0,0,0,0,0,0,0,0,0,0,0,0,0,0,0,0,0,0,0
218800,2023,Los Angeles city,1,Los Angeles city,6,2,10,28,55,37,46,0,0,0,0,0,0,1,6,5,27,0,0,0,0,0,0,0,0,0,0,0,0,0,0,0,0,0,0,0,0,0,0,0,0,0
218900,2023,Los Angeles city,1,Los Angeles city,6,2,10,28,55,37,20,0,0,0,0,0,0,0,5,10,20,0,0,0,0,0,0,0,0,0,0,0,0,0,0,0,0,0,0,0,0,0,0,0,0,0
219010,2023,Los Angeles city,1,Los Angeles city,6,2,10,28,55,37,2,0,0,0,0,0,0,2,0,0,0,0,0,0,0,0,0,0,0,0,0,0,0,0,0,0,0,0,0,0,0,0,0,0,0,0
219020,2023,Los Angeles city,1,Los Angeles city,6,2,10,28,55,37,46,0,0,0,0,0,10,16,33,4,8,0,0,0,0,0,0,0,17,0,0,0,0,0,0,0,0,0,0,0,0,0,0,17,0,17
219300,2023,Los Angeles city,1,Los Angeles city,6,2,10,28,55,37,18,0,0,0,0,0,10,0,4,8,1,0,0,0,0,0,0,0,0,0,0,0,0,0,0,0,0,0,0,0,0,0,0,0,0,0
219500,2023,Los Angeles city,1,Los Angeles city,6,2,10,28,55,37,0,0,0,0,0,0,2,1,2,0,0,0,0,0,0,0,0,0,0,0,0,0,0,0,0,0,0,0,0,0,0,0,0,0,0,0
219700,2023,Los Angeles city,1,Los Angeles city,6,2,10,28,55,37,29,0,0,0,0,0,22,5,12,12,12,11,0,0,0,0,0,0,0,0,0,0,0,0,0,0,0,0,0,0,0,0,11,0,0,11
219800,2023,Los Angeles city,1,Los Angeles city,6,2,10,28,55,37,2,0,0,0,0,0,4,7,0,2,2,0,0,0,0,0,0,0,0,0,0,0,0,0,0,0,0,0,0,0,0,0,0,0,0,0
219901,2023,Los Angeles city,1,Los Angeles city,6,2,10,28,55,37,5,0,0,0,0,0,0,3,0,1,1,0,0,0,0,0,0,0,0,0,0,0,0,0,0,0,0,0,0,0,0,0,0,0,0,0
219902,2023,Los Angeles city,1,Los Angeles city,6,2,10,28,55,37,3,0,0,0,0,0,1,0,12,6,0,0,0,0,0,0,0,0,0,0,0,0,0,0,0,0,0,0,0,0,0,0,0,0,0,0
220000,2023,Los Angeles city,1,Los Angeles city,6,2,10,28,55,37,24,0,0,0,0,0,20,0,5,5,4,0,0,0,0,0,0,0,0,0,0,0,0,0,0,0,0,0,0,0,0,0,0,0,0,0
220100,2023,Los Angeles city,1,Los Angeles city,6,2,10,28,55,37,6,0,0,0,0,0,0,0,0,0,0,0,0,0,0,0,0,0,0,0,0,0,0,0,0,0,0,0,0,0,0,0,0,0,0,0
221110,2023,Los Angeles city,1,Los Angeles city,4,1,1,26,54,34,4,0,0,0,0,0,2,1,2,1,6,0,0,0,0,0,0,0,0,0,0,0,0,0,0,0,0,0,0,0,0,0,0,0,0,0
221120,2023,Los Angeles city,1,Los Angeles city,4,1,1,26,54,34,6,0,0,0,0,0,2,0,1,1,5,0,0,0,0,0,0,0,0,0,0,0,0,0,0,0,0,0,0,0,0,0,0,0,0,0
221210,2023,Los Angeles city,1,Los Angeles city,4,2,10,28,54,37,5,0,0,0,0,0,0,0,2,3,0,0,0,0,0,0,0,0,0,0,0,0,0,0,0,0,0,0,0,0,0,0,0,0,0,0
221220,2023,Los Angeles city,1,Los Angeles city,4,2,1,26,54,34,6,0,0,0,0,0,3,2,10,3,0,0,0,0,0,0,0,0,0,0,0,0,0,0,0,0,0,0,0,0,0,0,0,0,0,0
221302_r1,2023,Los Angeles city,1,Los Angeles city,4,2,10,28,54,37,7,0,0,0,0,0,0,1,2,0,0,0,0,0,0,0,0,0,0,0,0,0,0,0,0,0,0,0,0,0,0,0,0,0,0,0
221302_r2,2023,Los Angeles city,1,Los Angeles city,4,2,10,28,55,37,3,0,0,0,0,0,0,6,4,0,1,9,0,0,0,0,0,0,0,0,0,0,0,0,0,0,0,0,0,0,0,0,9,0,0,9
221303_r1,2023,Los Angeles city,1,Los Angeles city,4,2,10,28,54,37,0,0,0,0,0,0,0,1,0,0,0,0,0,0,0,0,0,0,0,0,0,0,0,0,0,0,0,0,0,0,0,0,0,0,0,0
221303_r2,2023,Los Angeles city,1,Los Angeles city,4,2,10,28,55,37,2,0,0,0,0,0,0,0,0,9,0,0,0,0,0,0,0,0,0,0,0,0,0,0,0,0,0,0,0,0,0,0,0,0,0,0
221304,2023,Los Angeles city,1,Los Angeles city,4,2,10,28,55,37,1,0,0,0,0,0,0,0,0,0,0,0,0,0,0,0,0,0,0,0,0,0,0,0,0,0,0,0,0,0,0,0,0,0,0,0
221401,2023,Los Angeles city,1,Los Angeles city,6,2,10,28,55,37,1,0,0,0,0,0,0,0,0,0,2,0,0,0,0,0,0,0,0,0,0,0,0,0,0,0,0,0,0,0,0,0,0,0,0,0
221402_r1,2023,Los Angeles city,1,Los Angeles city,6,2,10,28,54,37,0,0,0,0,0,0,0,0,3,0,3,0,0,0,0,0,0,0,0,0,0,0,0,0,0,0,0,0,0,0,0,0,0,0,0,0
221402_r2,2023,Los Angeles city,1,Los Angeles city,6,2,10,28,55,37,1,0,0,0,0,0,4,1,2,1,3,0,0,0,0,0,0,0,0,0,0,0,0,0,0,0,0,0,0,0,0,0,0,0,0,0
221500,2023,Los Angeles city,1,Los Angeles city,6,2,8,28,55,37,0,0,1,0,0,0,8,6,0,2,2,0,0,0,0,0,0,0,0,0,0,0,0,0,0,0,0,0,0,0,0,0,0,0,0,0
221601,2023,Los Angeles city,1,Los Angeles city,6,2,8,28,57,37,6,0,0,0,0,0,9,13,14,3,2,0,0,0,0,0,0,0,0,0,0,0,0,0,0,0,0,0,0,0,0,0,0,0,0,0
221602,2023,Los Angeles city,1,Los Angeles city,6,2,1,26,54,34,3,0,0,0,0,0,1,1,9,1,1,0,0,0,0,0,0,0,0,0,0,0,0,0,0,0,0,0,0,0,0,0,0,0,0,0
221710,2023,Los Angeles city,1,Los Angeles city,6,2,8,28,57,37,3,0,0,0,0,0,0,1,1,1,0,0,0,0,0,0,0,0,0,0,0,0,0,0,0,0,0,0,0,0,0,0,0,0,0,0
221810,2023,Los Angeles city,1,Los Angeles city,6,2,8,28,57,37,0,0,0,0,0,0,1,0,0,2,3,0,0,0,0,0,0,0,0,0,0,0,0,0,0,0,0,0,0,0,0,0,0,0,0,0
221820,2023,Los Angeles city,1,Los Angeles city,6,2,9,28,57,37,1,0,0,0,0,0,0,0,0,0,0,0,0,0,0,0,0,0,0,0,0,0,0,0,0,0,0,0,0,0,0,0,0,0,0,0
221900_x1,2023,Los Angeles city,1,Los Angeles city,6,2,8,28,57,37,0,0,0,0,0,0,2,1,2,0,0,0,0,0,0,0,0,0,0,0,0,0,0,0,0,0,0,0,0,0,0,0,0,0,0,0
221900_x2,2023,Los Angeles city,1,Los Angeles city,6,2,9,28,57,37,1,0,0,0,0,0,0,0,0,0,1,0,0,0,0,0,0,0,0,0,0,0,0,0,0,0,0,0,0,0,0,0,0,0,0,0
222001,2023,Los Angeles city,1,Los Angeles city,6,2,10,28,55,37,0,0,0,0,0,0,2,1,1,0,0,0,0,0,0,0,0,0,0,0,0,0,0,0,0,0,0,0,0,0,0,0,0,0,0,0
222002,2023,Los Angeles city,1,Los Angeles city,6,2,8,28,55,37,2,0,0,0,0,0,0,4,0,2,0,17,0,0,1,0,0,0,0,0,0,0,0,0,0,0,0,0,0,0,0,0,18,0,0,18
222100_r1,2023,Los Angeles city,1,Los Angeles city,6,2,8,28,55,37,6,0,0,0,0,0,4,0,4,0,0,0,0,0,0,0,0,0,0,0,0,0,0,0,0,0,0,0,0,0,0,0,0,0,0,0
222100_r2,2023,Los Angeles city,1,Los Angeles city,6,2,8,28,57,37,1,0,0,0,0,0,1,6,5,0,0,0,0,0,0,0,0,0,0,0,0,0,0,0,0,0,0,0,0,0,0,0,0,0,0,0
222200_r1,2023,Los Angeles city,1,Los Angeles city,6,2,8,28,55,37,0,0,0,0,0,0,1,0,7,0,0,0,0,0,0,0,0,0,0,0,0,0,0,0,0,0,0,0,0,0,0,0,0,0,0,0
222200_r2,2023,Los Angeles city,1,Los Angeles city,6,2,8,28,57,37,0,0,0,0,0,0,1,1,0,0,0,0,0,0,0,0,0,0,0,0,0,0,0,0,0,0,0,0,0,0,0,0,0,0,0,0
222500,2023,Los Angeles city,1,Los Angeles city,6,2,8,28,55,37,5,0,0,0,0,0,6,10,3,1,1,0,0,0,0,0,0,0,0,0,0,0,0,0,0,0,0,0,0,0,0,0,0,0,0,0
222600,2023,Los Angeles city,1,Los Angeles city,6,2,8,28,57,37,5,0,0,0,0,0,0,0,0,0,0,0,0,0,0,0,0,0,0,0,0,0,0,0,0,0,0,0,0,0,0,0,0,0,0,0
222700,2023,Los Angeles city,1,Los Angeles city,6,2,9,28,57,37,4,0,0,0,0,0,0,0,0,0,0,0,0,0,0,0,0,0,0,0,0,0,0,0,0,0,0,0,0,0,0,0,0,0,0,0
224010_x1,2023,Los Angeles city,1,Los Angeles city,4,1,9,28,57,37,10,0,0,0,0,0,1,1,3,2,2,0,0,0,0,0,0,0,0,0,0,0,0,0,0,0,0,0,0,0,0,0,0,0,0,0
224010_x2,2023,Los Angeles city,1,Los Angeles city,4,1,14,28,57,37,16,0,0,0,0,0,1,0,1,24,26,0,0,0,0,0,0,0,0,0,0,0,0,0,0,0,0,0,0,0,0,0,0,0,0,0
224020_xy1,2023,Los Angeles city,1,Los Angeles city,4,1,9,28,57,37,3,0,0,0,0,0,0,0,0,7,5,0,0,0,0,0,0,0,0,0,0,0,0,0,0,0,0,0,0,0,0,0,0,0,0,0
224020_xy2,2023,Los Angeles city,1,Los Angeles city,4,1,9,28,57,37,6,0,0,0,0,0,1,0,0,6,2,0,0,0,0,0,0,0,0,0,0,0,0,0,0,0,0,0,0,0,0,0,0,0,0,0
224020_xy3,2023,Los Angeles city,1,Los Angeles city,4,2,9,28,57,37,29,0,0,0,0,0,7,7,16,6,9,64,0,0,4,0,0,0,0,0,0,0,0,0,0,0,0,0,0,0,0,0,68,0,0,68
224020_xy4,2023,Los Angeles city,1,Los Angeles city,4,1,14,28,57,37,4,0,0,0,0,0,1,0,1,24,3,0,0,0,0,0,0,0,0,0,0,0,0,0,0,0,0,0,0,0,0,0,0,0,0,0
224200,2023,Los Angeles city,1,Los Angeles city,4,1,1,26,54,34,12,0,0,0,0,0,3,2,4,2,15,8,0,0,0,0,0,0,0,0,0,0,0,0,0,0,0,0,0,0,0,0,8,0,0,8
224310,2023,Los Angeles city,1,Los Angeles city,4,1,1,26,54,34,1,0,0,0,0,0,0,0,0,0,0,0,7,23,0,0,0,0,0,0,0,0,0,0,0,0,0,0,0,0,0,0,23,0,0,23
224320,2023,Los Angeles city,1,Los Angeles city,4,1,1,26,54,34,8,0,0,0,0,0,1,0,1,1,0,0,0,0,0,0,0,0,0,0,0,0,0,0,0,0,0,0,0,0,0,0,0,0,0,0
224410,2023,Los Angeles city,1,Los Angeles city,6,2,1,28,57,37,3,0,0,0,0,0,6,2,1,5,2,0,0,0,0,0,0,0,0,0,0,0,0,0,0,0,0,0,0,0,0,0,0,0,0,0
224420,2023,Los Angeles city,1,Los Angeles city,6,2,1,28,57,37,24,0,0,0,0,0,2,9,3,2,4,0,0,0,0,0,0,0,0,0,0,0,0,0,0,0,0,0,0,0,0,0,0,0,0,0
224600,2023,Los Angeles city,1,Los Angeles city,6,2,9,28,57,37,5,0,0,0,0,0,3,0,7,7,28,83,0,0,1,0,0,0,44,0,0,0,0,0,0,0,0,0,0,0,0,0,84,44,0,128
224701,2023,Los Angeles city,1,Los Angeles city,6,2,9,28,57,37,2,0,0,0,0,0,3,1,0,0,0,0,0,0,0,0,0,0,0,0,0,0,0,0,0,0,0,0,0,0,0,0,0,0,0,0
224702,2023,Los Angeles city,1,Los Angeles city,6,2,9,28,57,37,8,0,0,0,0,0,3,1,0,0,2,0,0,0,0,0,0,0,0,0,0,0,0,0,0,0,0,0,0,0,0,0,0,0,0,0
226001_x1,2023,Los Angeles city,1,Los Angeles city,4,1,9,28,57,37,9,0,0,0,0,0,2,1,5,6,7,0,0,0,0,0,0,0,0,0,0,0,0,0,0,0,0,0,0,0,0,0,0,0,0,0
226001_x2,2023,Los Angeles city,1,Los Angeles city,4,1,14,28,57,37,19,0,0,0,0,0,4,15,43,12,39,0,0,0,0,0,0,0,0,0,0,0,0,0,0,0,0,0,0,0,0,0,0,0,0,0
226002,2023,Los Angeles city,1,Los Angeles city,4,1,14,28,57,37,236,0,0,0,0,0,29,14,56,154,98,0,0,0,0,0,0,0,0,0,0,0,0,0,0,0,0,0,0,0,0,0,0,0,0,0
226410,2023,Los Angeles city,1,Los Angeles city,6,2,9,28,57,37,4,0,0,0,0,0,1,10,1,0,21,0,0,0,0,0,0,0,0,0,0,0,0,0,0,0,0,0,0,0,0,0,0,0,0,0
226420,2023,Los Angeles city,1,Los Angeles city,6,2,9,28,57,37,2,0,0,0,0,0,0,0,0,0,0,0,0,0,0,0,0,0,0,0,0,0,0,0,0,0,0,0,0,0,0,0,0,0,0,0
226701,2023,Los Angeles city,1,Los Angeles city,6,2,9,28,57,37,9,0,0,0,0,0,0,1,3,0,10,0,0,0,0,0,0,0,0,0,0,0,0,0,0,0,0,0,0,0,0,0,0,0,0,0
226702,2023,Los Angeles city,1,Los Angeles city,6,2,9,28,57,37,4,0,0,0,0,0,0,0,0,0,3,0,0,0,0,0,0,0,0,0,0,0,0,0,0,0,0,0,0,0,0,0,0,0,0,0
227010,2023,Los Angeles city,1,Los Angeles city,6,2,9,28,57,37,1,0,0,84,0,0,6,9,13,1,18,0,0,0,0,0,0,0,0,0,0,0,0,0,0,0,0,0,0,0,0,0,0,0,0,0
227020,2023,Los Angeles city,1,Los Angeles city,6,2,9,28,57,37,0,0,0,0,0,0,2,13,3,0,4,0,0,0,0,0,0,0,0,0,0,0,0,0,0,0,0,0,0,0,0,0,0,0,0,0
228100_q1,2023,Los Angeles city,1,Los Angeles city,6,2,9,28,57,37,13,0,0,0,0,0,5,14,7,0,1,0,0,0,0,0,0,0,0,0,0,0,0,0,0,0,0,0,0,0,0,0,0,0,0,0
228100_q2,2023,Los Angeles city,1,Los Angeles city,6,2,9,28,57,37,9,0,0,0,0,0,7,7,7,1,6,12,0,0,0,0,0,0,0,0,0,0,0,0,0,0,0,0,0,0,0,0,12,0,0,12
228210_q1,2023,Los Angeles city,1,Los Angeles city,6,2,9,28,57,37,0,0,0,0,0,0,0,0,2,0,0,0,0,0,0,0,0,0,0,0,0,0,0,0,0,0,0,0,0,0,0,0,0,0,0,0
228210_q2,2023,Los Angeles city,1,Los Angeles city,6,2,9,28,57,37,0,0,0,0,0,0,0,0,2,3,0,0,0,0,0,0,0,0,0,0,0,0,0,0,0,0,0,0,0,0,0,0,0,0,0,0
228220,2023,Los Angeles city,1,Los Angeles city,6,2,9,28,57,37,4,0,0,0,0,0,0,3,0,0,0,0,0,0,0,0,0,0,0,0,0,0,0,0,0,0,0,0,0,0,0,0,0,0,0,0
228310_q1,2023,Los Angeles city,1,Los Angeles city,6,2,9,28,57,37,2,0,0,0,0,0,4,4,6,5,4,0,0,0,0,0,0,0,0,0,0,0,0,0,0,0,0,0,0,0,0,0,0,0,0,0
228310_q2,2023,Los Angeles city,1,Los Angeles city,6,2,9,28,57,37,1,0,0,0,0,0,1,6,1,3,9,0,0,0,0,0,0,0,0,0,0,0,0,0,0,0,0,0,0,0,0,0,0,0,0,0
228320,2023,Los Angeles city,1,Los Angeles city,6,2,9,28,57,37,6,0,0,0,0,0,4,2,1,1,0,0,0,0,0,0,0,0,0,0,0,0,0,0,0,0,0,0,0,0,0,0,0,0,0,0
228410,2023,Los Angeles city,1,Los Angeles city,6,2,9,28,57,37,4,0,0,0,0,0,0,1,2,5,3,0,0,0,0,0,0,0,0,0,0,0,0,0,0,0,0,0,0,0,0,0,0,0,0,0
228420,2023,Los Angeles city,1,Los Angeles city,6,2,9,28,57,37,18,0,0,0,0,0,5,8,3,17,0,0,0,0,0,0,0,0,0,0,0,0,0,0,0,0,0,0,0,0,0,0,0,0,0,0
228500,2023,Los Angeles city,1,Los Angeles city,6,2,9,28,57,37,2,0,0,0,0,0,1,2,1,1,3,25,0,0,2,0,0,0,0,0,0,0,0,0,0,0,0,0,0,0,0,0,27,0,0,27
228600,2023,Los Angeles city,1,Los Angeles city,6,2,9,28,57,37,8,1,9,6,0,0,3,2,4,0,1,2,0,0,1,0,0,0,0,0,0,0,0,0,0,0,0,0,0,0,0,0,3,0,0,3
228710,2023,Los Angeles city,1,Los Angeles city,6,2,9,28,57,37,5,0,0,0,0,0,2,1,2,0,0,21,0,0,2,0,0,0,0,0,0,0,0,0,0,0,0,0,0,0,0,0,23,0,0,23
228720,2023,Los Angeles city,1,Los Angeles city,6,2,9,28,57,37,0,0,0,0,0,0,3,5,5,0,0,0,0,0,0,0,0,0,0,0,0,0,0,0,0,0,0,0,0,0,0,0,0,0,0,0
228800,2023,Los Angeles city,1,Los Angeles city,6,2,9,28,57,37,1,0,0,0,0,0,0,0,0,1,11,0,0,0,0,0,0,0,0,0,0,0,0,0,0,0,0,0,0,0,0,0,0,0,0,0
228900,2023,Los Angeles city,1,Los Angeles city,6,2,9,28,57,37,2,0,0,0,0,0,3,0,9,1,7,0,0,0,0,0,0,0,0,0,0,0,0,0,0,0,0,0,0,0,0,0,0,0,0,0
229100,2023,Los Angeles city,1,Los Angeles city,6,2,9,28,57,37,1,0,0,0,0,0,32,4,24,2,8,0,0,0,0,0,0,0,0,0,0,0,0,0,0,0,0,0,0,0,0,0,0,0,0,0
229200,2023,Los Angeles city,1,Los Angeles city,6,2,9,28,57,37,4,0,0,0,0,0,5,9,7,1,3,0,0,0,37,0,0,0,0,0,0,0,0,0,0,0,0,0,0,0,0,0,37,0,0,37
229300,2023,Los Angeles city,1,Los Angeles city,6,2,9,28,57,37,0,0,0,0,0,0,9,3,3,0,0,0,0,0,0,0,0,0,0,0,0,0,0,0,0,0,0,0,0,0,0,0,0,0,0,0
229410,2023,Los Angeles city,1,Los Angeles city,6,2,9,28,57,37,1,0,0,0,0,0,22,12,12,9,6,0,0,0,0,0,0,0,0,0,0,0,0,0,0,0,0,0,0,0,0,0,0,0,0,0
229420,2023,Los Angeles city,1,Los Angeles city,6,2,9,28,57,37,1,0,0,0,0,0,7,10,11,0,3,0,0,0,0,0,0,0,0,0,0,0,0,0,0,0,0,0,0,0,0,0,0,0,0,0
231100_q1,2023,Los Angeles city,1,Los Angeles city,6,2,9,28,57,37,4,0,0,0,0,0,0,0,0,3,0,0,0,0,0,0,0,0,0,0,0,0,0,0,0,0,0,0,0,0,0,0,0,0,0,0
231100_q2,2023,Los Angeles city,1,Los Angeles city,6,2,9,28,57,37,10,0,0,0,0,0,5,0,10,34,8,74,0,0,0,0,0,0,0,0,0,0,0,0,0,0,0,0,0,0,0,0,74,0,0,74
231210,2023,Los Angeles city,1,Los Angeles city,6,2,8,28,57,37,1,0,0,0,0,0,2,6,3,1,0,0,0,0,0,0,0,0,1,0,0,1,0,0,0,0,0,0,0,0,0,0,0,2,0,2
231220_x1,2023,Los Angeles city,1,Los Angeles city,6,2,8,28,57,37,8,0,0,0,0,0,0,1,1,1,0,0,0,0,7,0,0,0,0,0,0,0,0,0,0,0,0,0,0,0,0,0,7,0,0,7
231220_x2,2023,Los Angeles city,1,Los Angeles city,6,2,9,28,57,37,6,0,0,0,0,0,0,1,0,0,3,0,0,0,0,0,0,0,0,0,0,0,0,0,0,0,0,0,0,0,0,0,0,0,0,0
231301,2023,Los Angeles city,1,Los Angeles city,6,2,8,28,55,37,0,0,0,0,0,0,1,3,1,0,0,0,0,0,0,0,0,0,0,0,0,0,0,0,0,0,0,0,0,0,0,0,0,0,0,0
231302,2023,Los Angeles city,1,Los Angeles city,6,2,8,28,55,37,2,0,0,0,0,0,4,2,3,5,0,0,0,0,0,0,0,0,0,0,0,0,0,0,0,0,0,0,0,0,0,0,0,0,0,0
231400,2023,Los Angeles city,1,Los Angeles city,6,2,8,28,55,37,8,2,10,0,0,0,2,3,2,2,1,0,0,0,0,0,0,0,0,0,0,0,0,0,0,0,0,0,0,0,0,0,0,0,0,0
231500,2023,Los Angeles city,1,Los Angeles city,6,2,8,28,55,37,4,0,0,0,0,0,6,14,12,0,1,0,0,0,0,0,0,0,0,0,0,0,0,0,0,0,0,0,0,0,0,0,0,0,0,0
231601,2023,Los Angeles city,1,Los Angeles city,6,2,8,28,55,37,0,0,0,0,0,0,4,4,6,1,0,0,0,0,0,0,0,0,0,0,0,0,0,0,0,0,0,0,0,0,0,0,0,0,0,0
231602,2023,Los Angeles city,1,Los Angeles city,6,2,9,28,57,37,0,0,0,0,0,0,1,0,1,0,0,0,0,0,0,0,0,0,0,0,0,0,0,0,0,0,0,0,0,0,0,0,0,0,0,0
231603,2023,Los Angeles city,1,Los Angeles city,6,2,9,28,57,37,6,0,0,0,0,0,1,2,0,5,3,16,0,0,0,0,0,0,0,0,0,0,0,0,0,0,0,0,0,0,0,0,16,0,0,16
231710,2023,Los Angeles city,1,Los Angeles city,6,2,9,28,57,37,9,0,0,0,0,0,2,0,1,1,3,39,0,0,0,0,0,0,0,0,0,0,0,0,0,0,0,0,0,0,0,0,39,0,0,39
231720,2023,Los Angeles city,1,Los Angeles city,6,2,9,28,57,37,15,0,0,0,0,0,0,0,0,7,1,0,0,0,0,0,0,0,0,0,0,0,0,0,0,0,0,0,0,0,0,0,0,0,0,0
231800,2023,Los Angeles city,1,Los Angeles city,6,2,9,28,57,37,23,0,0,0,0,0,2,0,2,32,3,0,0,0,0,0,0,0,0,0,0,0,0,0,0,0,0,0,0,0,0,0,0,0,0,0
231901,2023,Los Angeles city,1,Los Angeles city,6,2,9,28,57,37,4,0,0,0,0,0,2,4,4,2,1,15,0,0,0,0,0,0,0,0,0,0,0,0,0,0,0,0,0,0,0,0,15,0,0,15
231902,2023,Los Angeles city,1,Los Angeles city,6,2,9,28,57,37,13,0,0,0,0,0,0,0,1,7,8,2,0,0,0,0,0,0,0,0,0,0,0,0,0,0,0,0,0,0,0,0,2,0,0,2
232110,2023,Los Angeles city,1,Los Angeles city,6,2,9,28,57,37,18,0,0,0,0,0,0,0,11,1,3,51,0,0,0,0,0,0,0,0,0,0,0,0,0,0,0,0,0,0,0,0,51,0,0,51
232120,2023,Los Angeles city,1,Los Angeles city,6,2,9,28,57,37,17,0,0,0,0,0,1,1,4,1,12,5,7,17,0,2,5,0,0,0,0,0,0,0,0,0,0,0,0,0,0,0,27,0,0,27
232200_x1,2023,Los Angeles city,1,Los Angeles city,6,2,8,28,55,37,0,0,0,0,0,0,4,4,3,0,0,1,0,0,0,0,0,0,0,0,0,0,0,0,0,0,0,0,0,0,0,0,1,0,0,1
232200_x2,2023,Los Angeles city,1,Los Angeles city,6,2,9,28,57,37,5,0,0,0,0,0,0,1,1,0,2,0,0,0,0,0,0,0,0,0,0,0,0,0,0,0,0,0,0,0,0,0,0,0,0,0
232300_x1,2023,Los Angeles city,1,Los Angeles city,6,2,8,28,55,37,2,0,0,0,0,0,0,1,3,0,0,0,0,0,0,0,0,0,0,0,0,0,0,0,0,0,0,0,0,0,0,0,0,0,0,0
232300_x2,2023,Los Angeles city,1,Los Angeles city,6,2,9,28,57,37,2,0,0,0,0,0,0,0,0,1,2,0,0,0,0,0,0,0,0,0,0,0,0,0,0,0,0,0,0,0,0,0,0,0,0,0
232401,2023,Los Angeles city,1,Los Angeles city,6,2,8,28,55,37,1,0,0,0,0,0,0,1,10,0,1,90,0,0,1,0,0,0,0,0,0,0,0,0,0,0,0,0,0,0,0,0,91,0,0,91
232402,2023,Los Angeles city,1,Los Angeles city,6,2,8,28,55,37,2,0,0,0,0,0,0,0,3,0,0,0,0,0,0,0,0,0,0,0,0,0,0,0,0,0,0,0,0,0,0,0,0,0,0,0
232500,2023,Los Angeles city,1,Los Angeles city,6,2,8,28,57,37,13,0,0,0,0,0,5,8,10,2,2,123,1,2,6,0,0,0,0,0,0,0,0,0,0,0,0,0,0,0,0,0,131,0,0,131
232601,2023,Los Angeles city,1,Los Angeles city,6,2,8,28,57,37,1,0,0,0,0,0,3,1,0,0,0,0,0,0,0,0,0,0,0,0,0,0,0,0,0,0,0,0,0,0,0,0,0,0,0,0
232602,2023,Los Angeles city,1,Los Angeles city,6,2,9,28,57,37,4,0,0,0,0,0,3,0,7,3,1,0,0,0,0,0,0,0,0,0,0,0,0,0,0,0,0,0,0,0,0,0,0,0,0,0
232701,2023,Los Angeles city,1,Los Angeles city,6,2,9,28,57,37,0,0,0,0,0,0,0,0,1,2,0,0,0,0,0,0,0,0,0,0,0,0,0,0,0,0,0,0,0,0,0,0,0,0,0,0
232702,2023,Los Angeles city,1,Los Angeles city,6,2,9,28,57,37,4,0,0,0,0,0,1,0,2,4,10,30,5,12,4,1,2,0,0,0,0,0,0,0,0,0,0,0,0,0,0,0,48,0,0,48
232800,2023,Los Angeles city,1,Los Angeles city,6,2,9,28,57,37,0,0,0,0,0,0,1,0,0,1,0,0,0,0,0,0,0,0,0,0,0,0,0,0,0,0,0,0,0,0,0,0,0,0,0,0
234001,2023,Los Angeles city,1,Los Angeles city,6,2,10,28,55,37,16,0,0,0,0,0,0,4,4,2,7,0,0,0,0,0,0,0,0,0,0,0,0,0,0,0,0,0,0,0,0,0,0,0,0,0
234002_x1,2023,Los Angeles city,1,Los Angeles city,6,2,8,28,55,37,1,0,0,0,0,0,2,1,0,0,0,0,0,0,0,0,0,0,0,0,0,0,0,0,0,0,0,0,0,0,0,0,0,0,0,0
234002_x2,2023,Los Angeles city,1,Los Angeles city,6,2,8,28,55,37,3,0,0,0,0,0,0,0,1,0,0,0,0,0,0,0,0,0,0,0,0,0,0,0,0,0,0,0,0,0,0,0,0,0,0,0
234002_x3,2023,Los Angeles city,1,Los Angeles city,6,2,10,28,55,37,10,0,0,0,0,0,1,0,0,2,0,0,0,0,0,0,0,0,0,0,0,0,0,0,0,0,0,0,0,0,0,0,0,0,0,0
234200_q1,2023,Los Angeles city,1,Los Angeles city,6,2,10,28,55,37,13,0,0,0,0,0,1,0,1,3,0,0,0,0,0,0,0,0,0,0,0,0,0,0,0,0,0,0,0,0,0,0,0,0,0,0
234200_q2,2023,Los Angeles city,1,Los Angeles city,6,2,10,28,55,37,0,0,0,0,0,0,0,0,0,0,0,0,0,0,0,0,0,0,0,0,0,0,0,0,0,0,0,0,0,0,0,0,0,0,0,0
234301_x1,2023,Los Angeles city,1,Los Angeles city,6,2,8,28,55,37,1,0,0,0,0,0,0,0,0,1,0,0,0,0,0,0,0,0,0,0,0,0,0,0,0,0,0,0,0,0,0,0,0,0,0,0
234301_x2,2023,Los Angeles city,1,Los Angeles city,6,2,10,28,55,37,18,0,0,0,0,0,1,3,0,4,0,0,0,0,0,0,0,0,0,0,0,0,0,0,0,0,0,0,0,0,0,0,0,0,0,0
234302,2023,Los Angeles city,1,Los Angeles city,6,2,10,28,55,37,0,0,0,0,0,0,0,0,0,0,0,0,0,0,0,0,0,0,0,0,0,0,0,0,0,0,0,0,0,0,0,0,0,0,0,0
234501_q1,2023,Los Angeles city,1,Los Angeles city,6,2,8,28,55,37,0,0,0,0,0,0,0,0,0,0,0,0,0,0,0,0,0,0,0,0,0,0,0,0,0,0,0,0,0,0,0,0,0,0,0,0
234501_q2,2023,Los Angeles city,1,Los Angeles city,6,2,8,28,55,37,1,0,0,0,0,0,0,2,6,0,0,0,0,0,0,0,0,0,0,0,0,0,0,0,0,0,0,0,0,0,0,0,0,0,0,0
234502_q1,2023,Los Angeles city,1,Los Angeles city,6,2,8,28,55,37,1,0,0,0,0,0,1,0,1,0,0,0,0,0,0,0,0,0,0,0,0,0,0,0,0,0,0,0,0,0,0,0,0,0,0,0
234502_q2,2023,Los Angeles city,1,Los Angeles city,6,2,8,28,55,37,6,0,0,0,0,0,0,0,1,0,0,4,0,0,0,0,0,0,0,0,0,0,0,0,0,0,0,0,0,0,0,0,4,0,0,4
234600,2023,Los Angeles city,1,Los Angeles city,6,2,8,28,55,37,0,0,0,0,0,0,0,0,16,0,4,55,0,0,1,0,0,0,0,0,0,2,0,0,0,0,0,0,0,0,0,0,56,2,0,58
234700_r1,2023,Los Angeles city,1,Los Angeles city,6,2,8,28,55,37,0,0,0,0,0,0,0,0,2,0,0,0,0,0,0,0,0,0,0,0,0,0,0,0,0,0,0,0,0,0,0,0,0,0,0,0
234700_r2,2023,Los Angeles city,1,Los Angeles city,6,2,8,28,61,37,5,0,0,0,0,0,0,3,3,0,1,0,0,0,0,0,0,0,0,0,0,0,0,0,0,0,0,0,0,0,0,0,0,0,0,0
234800,2023,Los Angeles city,1,Los Angeles city,6,2,8,28,61,37,0,0,0,0,0,0,0,1,2,0,0,0,0,0,0,0,0,0,0,0,0,0,0,0,0,0,0,0,0,0,0,0,0,0,0,0
234901,2023,Los Angeles city,1,Los Angeles city,6,2,8,28,61,37,4,0,0,0,0,0,1,0,4,0,3,0,0,0,0,0,0,0,0,0,0,0,0,0,0,0,0,0,0,0,0,0,0,0,0,0
234902_r1,2023,Los Angeles city,1,Los Angeles city,6,2,8,28,55,37,11,0,0,0,0,0,6,2,4,1,0,0,0,0,0,0,0,0,0,0,0,0,0,0,0,0,0,0,0,0,0,0,0,0,0,0
234902_r2,2023,Los Angeles city,1,Los Angeles city,6,2,8,28,61,37,2,0,0,0,0,0,0,0,0,0,0,0,0,0,0,0,0,0,0,0,0,0,0,0,0,0,0,0,0,0,0,0,0,0,0,0
235100,2023,Los Angeles city,1,Los Angeles city,6,2,8,28,55,37,0,0,0,0,0,0,0,1,0,0,0,0,0,0,0,0,0,0,0,0,0,0,0,0,0,0,0,0,0,0,0,0,0,0,0,0
235201,2023,Los Angeles city,1,Los Angeles city,6,2,8,28,61,37,0,0,0,0,0,0,0,0,1,0,0,0,0,0,0,0,0,0,0,0,0,0,0,0,0,0,0,0,0,0,0,0,0,0,0,0
235202,2023,Los Angeles city,1,Los Angeles city,6,2,8,28,61,37,0,0,0,0,0,0,0,1,5,0,0,0,0,0,0,0,0,0,0,0,0,0,0,0,0,0,0,0,0,0,0,0,0,0,0,0
236001,2023,Los Angeles city,1,Los Angeles city,6,2,10,28,55,37,1,0,0,0,0,0,2,0,1,8,1,0,0,0,0,0,0,0,0,0,0,0,0,0,0,0,0,0,0,0,0,0,0,0,0,0
236101_x1,2023,Los Angeles city,1,Los Angeles city,6,2,8,28,55,37,2,0,0,0,0,0,1,3,0,0,1,0,0,0,0,0,0,0,0,0,0,0,0,0,0,0,0,0,0,0,0,0,0,0,0,0
236101_x2,2023,Los Angeles city,1,Los Angeles city,6,2,10,28,55,37,2,0,0,0,0,0,1,1,1,0,0,0,0,0,0,0,0,0,0,0,0,0,0,0,0,0,0,0,0,0,0,0,0,0,0,0
236102_x1,2023,Los Angeles city,1,Los Angeles city,6,2,8,28,55,37,9,0,0,0,0,0,1,2,9,0,0,0,0,0,0,0,0,0,0,0,0,0,0,0,0,0,0,0,0,0,0,0,0,0,0,0
236102_x2,2023,Los Angeles city,1,Los Angeles city,6,2,10,28,55,37,0,0,0,0,0,0,0,0,0,0,0,0,0,0,0,0,0,0,0,0,0,0,0,0,0,0,0,0,0,0,0,0,0,0,0,0
236203,2023,Los Angeles city,1,Los Angeles city,6,2,10,28,55,37,1,0,0,0,0,0,0,3,4,0,0,0,0,0,0,0,0,0,0,0,0,0,0,0,0,0,0,0,0,0,0,0,0,0,0,0
236204,2023,Los Angeles city,1,Los Angeles city,6,2,10,28,55,37,0,0,0,0,0,0,0,1,1,0,0,0,0,0,0,0,0,0,0,0,0,0,0,0,0,0,0,0,0,0,0,0,0,0,0,0
236205,2023,Los Angeles city,1,Los Angeles city,6,2,10,28,55,37,0,0,0,0,0,0,0,2,0,0,0,0,0,0,0,0,0,0,0,0,0,0,0,0,0,0,0,0,0,0,0,0,0,0,0,0
236206,2023,Los Angeles city,1,Los Angeles city,6,2,10,28,55,37,0,0,0,0,0,0,0,0,0,0,0,0,0,0,0,0,0,0,0,0,0,0,0,0,0,0,0,0,0,0,0,0,0,0,0,0
236400,2023,Los Angeles city,1,Los Angeles city,6,2,8,28,55,37,0,0,0,0,0,0,2,3,1,0,0,0,0,0,0,0,0,0,0,0,0,0,0,0,0,0,0,0,0,0,0,0,0,0,0,0
237101_x1,2023,Los Angeles city,1,Los Angeles city,6,2,8,28,57,37,0,0,0,0,0,0,2,1,0,0,0,0,0,0,0,0,0,0,1,0,0,8,0,0,0,0,0,0,0,0,0,0,0,9,0,9
237101_x2,2023,Los Angeles city,1,Los Angeles city,6,2,9,28,57,37,0,0,0,0,0,0,7,6,10,2,0,19,0,0,0,0,0,0,0,0,0,0,0,0,0,0,0,0,0,0,0,0,19,0,0,19
237102,2023,Los Angeles city,1,Los Angeles city,6,2,9,28,57,37,1,0,0,0,0,0,3,1,1,0,9,0,0,0,0,0,0,0,0,0,0,0,0,0,0,0,0,0,0,0,0,0,0,0,0,0
237201_x1,2023,Los Angeles city,1,Los Angeles city,6,2,8,28,57,37,0,0,0,0,0,0,0,0,0,0,0,0,0,0,0,0,0,0,0,0,0,0,0,0,0,0,0,0,0,0,0,0,0,0,0,0
237201_x2,2023,Los Angeles city,1,Los Angeles city,6,2,9,28,57,37,0,0,0,0,0,0,2,2,3,0,0,80,0,0,2,0,0,0,0,0,0,0,5,11,0,0,0,0,0,0,0,0,82,11,0,93
237202,2023,Los Angeles city,1,Los Angeles city,6,2,8,28,57,37,7,0,0,0,0,0,4,3,43,2,5,91,0,0,1,0,0,0,0,0,0,0,0,0,0,0,0,0,0,0,0,0,92,0,0,92
237300,2023,Los Angeles city,1,Los Angeles city,6,2,8,28,57,37,4,0,0,0,0,0,0,0,2,0,0,0,0,0,0,0,0,0,0,0,0,0,0,0,0,0,0,0,0,0,0,0,0,0,0,0
237401,2023,Los Angeles city,1,Los Angeles city,6,2,8,28,57,37,3,0,0,0,0,0,0,4,12,1,0,0,0,0,0,0,0,0,0,0,0,0,8,18,0,0,0,0,0,0,0,0,0,18,0,18
237402,2023,Los Angeles city,1,Los Angeles city,6,2,8,28,57,37,0,0,0,0,0,0,1,6,2,0,2,0,0,0,0,0,0,0,0,0,0,0,0,0,0,0,0,0,0,0,0,0,0,0,0,0
237500,2023,Los Angeles city,1,Los Angeles city,6,2,8,28,57,37,4,0,0,0,0,0,6,17,0,1,0,0,0,0,0,0,0,0,0,0,0,0,0,0,0,0,0,0,0,0,0,0,0,0,0,0
237600,2023,Los Angeles city,1,Los Angeles city,6,2,8,28,57,37,10,0,0,0,0,0,15,19,0,2,0,0,0,0,0,0,0,0,0,0,0,0,0,0,0,0,0,0,0,0,0,0,0,0,0,0
237710,2023,Los Angeles city,1,Los Angeles city,6,2,8,28,57,37,22,0,0,0,0,0,3,3,3,2,5,0,0,0,0,0,0,0,0,0,0,0,0,0,0,0,0,0,0,0,0,0,0,0,0,0
237720,2023,Los Angeles city,1,Los Angeles city,6,2,8,28,57,37,7,0,0,0,0,0,2,1,1,1,0,0,0,0,0,0,0,0,0,0,0,0,0,0,0,0,0,0,0,0,0,0,0,0,0,0
237800,2023,Los Angeles city,1,Los Angeles city,6,2,8,28,57,37,26,0,0,0,0,0,5,3,15,1,1,0,0,0,0,0,0,0,0,0,0,0,0,0,0,0,0,0,0,0,0,0,0,0,0,0
237900,2023,Los Angeles city,1,Los Angeles city,6,2,8,28,57,37,7,0,0,0,0,0,3,0,1,0,0,0,0,0,0,0,0,0,0,0,0,0,0,0,0,0,0,0,0,0,0,0,0,0,0,0
238000,2023,Los Angeles city,1,Los Angeles city,6,2,8,28,61,37,11,0,0,0,0,0,13,16,33,15,2,0,0,0,0,0,0,0,0,0,0,0,0,0,0,0,0,0,0,0,0,0,0,0,0,0
238100,2023,Los Angeles city,1,Los Angeles city,6,2,8,28,57,37,13,0,0,0,0,0,10,5,11,0,1,60,0,0,0,0,0,0,0,0,0,0,0,0,0,0,0,0,0,0,0,0,60,0,0,60
238200_r1,2023,Los Angeles city,1,Los Angeles city,6,2,8,28,57,37,61,0,0,0,0,0,6,10,13,0,1,161,208,620,4,28,64,1,0,0,0,0,0,0,0,0,0,0,0,0,0,0,850,0,0,850
238200_r2,2023,Los Angeles city,1,Los Angeles city,6,2,8,28,57,43,0,0,0,0,0,0,0,0,0,0,0,0,0,0,0,0,0,0,0,0,0,0,0,0,0,0,0,0,0,0,0,0,0,0,0,0
238310_q1,2023,Los Angeles city,1,Los Angeles city,6,2,8,28,57,37,0,0,0,0,0,0,0,0,0,0,0,0,0,0,0,0,0,0,0,0,0,0,0,0,0,0,0,0,0,0,0,0,0,0,0,0
238310_q2,2023,Los Angeles city,1,Los Angeles city,6,2,8,28,57,37,13,0,0,0,0,0,1,10,3,0,0,0,0,0,0,0,0,0,0,0,0,0,0,0,0,0,0,0,0,0,0,0,0,0,0,0
238320,2023,Los Angeles city,1,Los Angeles city,6,2,8,28,57,37,9,0,0,0,0,0,1,2,1,0,0,0,0,0,0,0,0,0,0,0,0,0,0,0,0,0,0,0,0,0,0,0,0,0,0,0
238400,2023,Los Angeles city,1,Los Angeles city,6,2,8,28,61,37,8,0,0,0,0,0,7,11,23,12,2,19,0,0,1,0,0,0,0,0,0,0,0,0,0,0,0,0,0,0,0,0,20,0,0,20
239201,2023,Los Angeles city,1,Los Angeles city,6,2,9,28,57,37,11,0,0,0,0,0,4,0,3,8,3,0,0,0,0,0,0,0,0,0,0,0,0,0,0,0,0,0,0,0,0,0,0,0,0,0
239202,2023,Los Angeles city,1,Los Angeles city,6,2,9,28,57,37,0,0,0,17,1,4,19,3,48,0,28,4,0,0,0,0,0,0,0,0,0,0,0,0,0,0,0,0,0,0,0,0,4,0,0,4
239310,2023,Los Angeles city,1,Los Angeles city,6,2,9,28,57,37,5,0,0,0,0,0,0,1,2,0,3,0,0,0,0,0,0,0,0,0,0,0,0,0,0,0,0,0,0,0,0,0,0,0,0,0
239320,2023,Los Angeles city,1,Los Angeles city,6,2,9,28,57,37,0,0,0,0,0,0,0,0,0,0,0,0,0,0,0,0,0,0,0,0,0,0,0,0,0,0,0,0,0,0,0,0,0,0,0,0
239330,2023,Los Angeles city,1,Los Angeles city,6,2,9,28,57,37,2,0,0,0,0,0,8,0,15,10,16,0,0,0,0,0,0,0,0,0,0,0,0,0,0,0,0,0,0,0,0,0,0,0,0,0
239501,2023,Los Angeles city,1,Los Angeles city,6,2,9,28,57,37,3,0,0,0,0,0,5,6,11,3,5,0,0,0,0,0,0,0,0,0,0,0,0,0,0,0,0,0,0,0,0,0,0,0,0,0
239502,2023,Los Angeles city,1,Los Angeles city,6,2,9,28,57,37,4,0,0,0,0,0,5,1,2,0,1,38,0,0,3,0,0,0,0,0,0,0,0,0,0,0,0,0,0,0,0,0,41,0,0,41
239601,2023,Los Angeles city,1,Los Angeles city,6,2,9,28,57,37,17,0,0,0,0,0,0,0,8,0,1,4,0,0,0,0,0,0,0,0,0,0,0,0,0,0,0,0,0,0,0,0,4,0,0,4
239602,2023,Los Angeles city,1,Los Angeles city,6,2,9,28,57,37,5,0,0,0,0,0,0,0,0,0,1,0,0,0,0,0,0,0,0,0,0,0,0,0,0,0,0,0,0,0,0,0,0,0,0,0
239701,2023,Los Angeles city,1,Los Angeles city,6,2,9,28,57,37,4,0,0,0,0,0,4,0,0,0,3,26,0,0,1,0,0,0,0,0,0,0,0,0,0,0,0,0,0,0,0,0,27,0,0,27
239702_q1,2023,Los Angeles city,1,Los Angeles city,6,2,9,28,57,37,0,0,0,0,0,0,1,1,5,2,0,0,0,0,0,0,0,0,0,0,0,0,0,0,0,0,0,0,0,0,0,0,0,0,0,0
239702_q2,2023,Los Angeles city,1,Los Angeles city,6,2,9,28,57,37,4,0,0,0,0,0,2,2,5,0,0,15,9,20,0,5,13,0,0,0,0,0,0,0,0,0,0,0,0,0,0,0,48,0,0,48
239801,2023,Los Angeles city,1,Los Angeles city,6,2,9,28,57,37,3,0,0,0,0,0,6,6,3,0,13,19,0,0,5,0,0,0,5,0,0,0,0,0,0,0,0,0,0,0,0,0,24,5,0,29
239802_q1,2023,Los Angeles city,1,Los Angeles city,6,2,9,28,57,37,5,0,0,0,0,0,35,11,5,0,20,0,0,0,0,0,0,0,0,0,0,0,0,0,0,0,0,0,0,0,0,0,0,0,0,0
239802_q2,2023,Los Angeles city,1,Los Angeles city,6,2,9,28,57,37,1,0,0,0,0,0,23,14,3,0,18,0,0,0,0,0,0,0,3,0,0,6,0,0,0,0,0,0,0,0,0,0,0,9,0,9
240010_r1,2023,Los Angeles city,1,Los Angeles city,6,2,9,35,57,37,1,0,0,0,0,0,0,5,6,0,1,0,0,0,0,0,0,0,0,0,0,0,0,0,0,0,0,0,0,0,0,0,0,0,0,0
240010_r2,2023,Los Angeles city,1,Los Angeles city,6,2,9,35,57,43,2,0,0,0,0,0,3,1,2,1,0,0,0,0,0,0,0,0,0,0,0,0,0,0,0,0,0,0,0,0,0,0,0,0,0,0
240020_r1,2023,Los Angeles city,1,Los Angeles city,6,2,9,35,57,37,0,0,0,0,0,0,0,0,0,0,0,0,0,0,0,0,0,0,0,0,0,0,0,0,0,0,0,0,0,0,0,0,0,0,0,0
240020_r2,2023,Los Angeles city,1,Los Angeles city,6,2,9,35,57,43,0,0,0,0,0,0,5,4,1,0,1,23,2,7,0,0,0,0,0,0,0,0,0,0,0,0,0,0,0,0,0,0,30,0,0,30
240200,2023,Los Angeles city,1,Los Angeles city,6,2,8,35,57,43,9,0,0,0,0,0,7,2,2,13,0,154,0,0,0,0,0,0,0,0,0,0,0,0,0,0,0,0,0,0,0,0,154,0,0,154
240301,2023,Los Angeles city,1,Los Angeles city,6,2,8,35,61,43,0,0,0,0,0,0,0,0,0,0,0,14,4,10,2,0,0,0,0,0,0,0,0,0,0,0,0,0,0,0,0,0,26,0,0,26
240302,2023,Los Angeles city,1,Los Angeles city,6,2,8,35,61,43,0,1,7,0,0,0,1,1,1,0,0,0,0,0,0,0,0,0,0,0,0,0,0,0,0,0,0,0,0,0,0,0,0,0,0,0
240401,2023,Los Angeles city,1,Los Angeles city,6,2,8,35,61,43,41,0,0,0,0,0,0,0,0,0,0,11,1,5,2,0,0,0,0,0,0,0,0,0,0,0,0,0,0,0,0,0,18,0,0,18
240402,2023,Los Angeles city,1,Los Angeles city,6,2,8,35,61,43,22,0,0,0,0,0,0,0,0,0,0,0,0,0,0,0,0,0,0,0,0,0,0,0,0,0,0,0,0,0,0,0,0,0,0,0
240500,2023,Los Angeles city,1,Los Angeles city,6,2,8,35,57,43,7,0,0,0,0,0,1,0,1,4,0,32,1,3,3,0,0,0,0,0,0,0,0,0,0,0,0,0,0,0,0,0,38,0,0,38
240600_x1,2023,Los Angeles city,1,Los Angeles city,6,2,8,35,57,43,6,0,0,0,0,0,5,0,3,2,0,4,0,0,2,0,0,0,0,0,0,0,0,0,0,0,0,0,0,0,0,0,6,0,0,6
240600_x2,2023,Los Angeles city,1,Los Angeles city,6,2,9,35,57,43,0,0,0,0,0,0,0,0,3,0,0,0,0,0,0,0,0,0,118,0,0,4,0,0,0,0,0,0,0,0,0,0,0,122,0,122
240700_x1,2023,Los Angeles city,1,Los Angeles city,6,2,8,35,57,43,0,0,0,0,0,0,0,0,0,0,0,0,0,0,0,0,0,0,0,0,0,0,0,0,0,0,0,0,0,0,0,0,0,0,0,0
240700_x2,2023,Los Angeles city,1,Los Angeles city,6,2,8,35,57,43,1,0,0,0,0,0,2,5,9,1,1,0,0,0,0,0,0,0,0,0,0,0,0,0,0,0,0,0,0,0,0,0,0,0,0,0
240700_x3,2023,Los Angeles city,1,Los Angeles city,6,2,9,35,57,43,0,0,0,0,0,0,0,1,0,0,0,0,0,0,0,0,0,0,0,0,0,0,0,0,0,0,0,0,0,0,0,0,0,0,0,0
240800_x1,2023,Los Angeles city,1,Los Angeles city,6,2,8,35,57,43,2,0,0,0,0,0,0,1,4,0,2,0,25,64,0,3,8,0,0,0,0,0,0,0,0,0,0,0,0,0,0,0,72,0,0,72
240800_x2,2023,Los Angeles city,1,Los Angeles city,6,2,15,35,57,43,3,0,0,0,0,0,0,0,2,1,1,0,0,0,0,0,0,0,0,0,0,0,0,0,0,0,0,0,0,0,0,0,0,0,0,0
240901,2023,Los Angeles city,1,Los Angeles city,6,2,15,35,57,43,11,0,0,0,0,0,1,0,5,2,4,0,0,0,0,0,0,0,0,0,0,0,0,0,0,0,0,0,0,0,0,0,0,0,0,0
240902_q1,2023,Los Angeles city,1,Los Angeles city,6,2,8,35,57,43,0,0,0,0,0,0,0,0,2,0,0,0,0,0,0,0,0,0,0,0,0,0,0,0,0,0,0,0,0,0,0,0,0,0,0,0
240902_q2,2023,Los Angeles city,1,Los Angeles city,6,2,8,35,57,43,0,0,0,0,0,0,0,1,0,1,0,0,0,0,0,0,0,0,0,0,0,0,0,0,0,0,0,0,0,0,0,0,0,0,0,0
241001_q1,2023,Los Angeles city,1,Los Angeles city,6,2,15,35,57,43,3,0,0,0,0,0,1,0,0,0,2,0,0,0,0,0,0,0,0,0,0,0,0,0,0,0,0,0,0,0,0,0,0,0,0,0
241001_q2,2023,Los Angeles city,1,Los Angeles city,6,2,15,35,57,43,9,0,0,0,0,0,0,0,0,1,3,0,0,0,0,0,0,0,0,0,0,0,0,0,0,0,0,0,0,0,0,0,0,0,0,0
241002,2023,Los Angeles city,1,Los Angeles city,6,2,15,35,65,43,6,0,0,0,0,0,0,6,0,0,0,22,0,0,0,0,0,0,0,0,0,0,0,0,0,0,0,0,0,0,0,0,22,0,0,22
241110_q1,2023,Los Angeles city,1,Los Angeles city,6,2,8,35,57,43,3,0,0,0,0,0,0,3,3,0,1,0,0,0,0,0,0,0,0,0,0,0,0,0,0,0,0,0,0,0,0,0,0,0,0,0
241110_q2,2023,Los Angeles city,1,Los Angeles city,6,2,8,35,57,43,0,0,0,0,0,0,0,0,0,0,0,53,0,0,0,0,0,0,0,0,0,0,0,0,0,0,0,0,0,0,0,0,53,0,0,53
241120_q1,2023,Los Angeles city,1,Los Angeles city,6,2,8,35,57,43,0,0,0,0,0,0,0,0,0,0,0,0,0,0,0,0,0,0,0,0,0,0,0,0,0,0,0,0,0,0,0,0,0,0,0,0
241120_q2,2023,Los Angeles city,1,Los Angeles city,6,2,8,35,57,43,2,0,0,0,0,0,0,1,4,1,1,0,0,0,0,0,0,0,0,0,0,0,0,0,0,0,0,0,0,0,0,0,0,0,0,0
241201,2023,Los Angeles city,1,Los Angeles city,6,2,8,35,61,43,4,0,0,0,0,0,2,0,5,3,1,0,0,0,0,0,0,0,58,0,0,3,0,0,0,0,0,0,0,0,0,0,0,61,0,61
241202_q1,2023,Los Angeles city,1,Los Angeles city,6,2,8,35,61,43,1,0,0,0,0,0,1,1,2,2,0,29,0,0,0,0,0,0,0,0,0,0,0,0,0,0,0,0,0,0,0,0,29,0,0,29
241202_q2,2023,Los Angeles city,1,Los Angeles city,6,2,8,35,61,43,20,0,0,0,0,0,2,5,10,0,0,0,0,0,0,0,0,0,0,0,0,0,0,0,0,0,0,0,0,0,0,0,0,0,0,0
241300,2023,Los Angeles city,1,Los Angeles city,6,2,15,35,65,43,37,0,0,0,0,0,4,3,7,10,9,0,0,0,0,0,0,0,0,0,0,0,0,0,0,0,0,0,0,0,0,0,0,0,0,0
241400,2023,Los Angeles city,1,Los Angeles city,6,2,15,35,65,43,1,0,0,0,0,0,5,0,18,2,0,0,0,0,0,0,0,0,0,0,0,0,0,0,0,0,0,0,0,0,0,0,0,0,0,0
242000,2023,Los Angeles city,1,Los Angeles city,6,2,15,35,65,43,12,0,0,7,0,0,0,3,6,0,5,0,0,0,0,0,0,0,0,0,0,0,0,0,0,0,0,0,0,0,0,0,0,0,0,0
242100_q1,2023,Los Angeles city,1,Los Angeles city,6,2,15,35,65,43,1,0,0,0,0,0,0,0,0,0,0,0,0,0,0,0,0,0,0,0,0,0,0,0,0,0,0,0,0,0,0,0,0,0,0,0
242100_q2,2023,Los Angeles city,1,Los Angeles city,6,2,15,35,65,43,2,0,0,0,0,0,0,0,3,0,0,0,0,0,0,0,0,0,0,0,0,0,0,0,0,0,0,0,0,0,0,0,0,0,0,0
242201,2023,Los Angeles city,1,Los Angeles city,6,2,15,35,65,43,0,0,0,0,0,0,0,0,0,0,0,25,0,0,0,0,0,0,0,0,0,0,0,0,0,0,0,0,0,0,0,0,25,0,0,25
242202,2023,Los Angeles city,1,Los Angeles city,6,2,15,35,65,43,0,0,0,0,0,0,0,0,0,0,0,0,0,0,0,0,0,0,0,0,0,0,0,0,0,0,0,0,0,0,0,0,0,0,0,0
242300,2023,Los Angeles city,1,Los Angeles city,6,2,15,35,65,43,3,0,0,0,0,0,0,1,7,0,2,0,0,0,0,0,0,0,0,0,0,0,0,0,0,0,0,0,0,0,0,0,0,0,0,0
242600,2023,Los Angeles city,1,Los Angeles city,6,2,15,35,65,43,6,0,0,0,0,0,4,0,2,0,1,0,0,0,0,0,0,0,0,0,0,0,0,0,0,0,0,0,0,0,0,0,0,0,0,0
242700,2023,Los Angeles city,1,Los Angeles city,6,2,15,35,65,43,41,0,0,0,0,0,3,8,12,4,11,0,0,0,0,0,0,0,0,0,0,0,0,0,0,0,0,0,0,0,0,0,0,0,0,0
243001,2023,Los Angeles city,1,Los Angeles city,6,2,15,35,65,43,14,0,0,0,0,0,0,0,0,0,0,0,0,0,0,0,0,0,0,0,0,0,0,0,0,0,0,0,0,0,0,0,0,0,0,0
243002,2023,Los Angeles city,1,Los Angeles city,6,2,15,35,65,43,2,0,0,0,0,0,1,0,0,0,0,0,0,0,0,0,0,0,0,0,0,0,0,0,0,0,0,0,0,0,0,0,0,0,0,0
243100,2023,Los Angeles city,1,Los Angeles city,6,2,15,35,65,43,10,0,0,0,0,0,4,1,2,2,0,0,0,0,0,0,0,0,0,0,0,0,0,0,0,0,0,0,0,0,0,0,0,0,0,0
261102_w1,2023,,1,Unincorporated - Franklin Canyon,5,3,5,24,51,32,0,0,0,0,0,0,0,0,0,0,0,0,0,0,0,0,0,0,0,0,0,0,0,0,0,0,0,0,0,0,0,0,0,0,0,0
261102_w2,2023,Los Angeles city,1,Los Angeles city,5,3,5,24,42,32,0,0,0,0,0,0,0,0,0,0,0,0,0,0,0,0,0,0,0,0,0,0,0,0,0,0,0,0,0,0,0,0,0,0,0,0
261102_w3,2023,Los Angeles city,1,Los Angeles city,5,3,5,24,51,32,0,0,0,0,0,0,0,0,0,0,0,0,0,0,0,0,0,0,0,0,0,0,0,0,0,0,0,0,0,0,0,0,0,0,0,0
261103_x1,2023,Los Angeles city,1,Los Angeles city,5,3,4,24,51,32,0,0,0,0,0,0,0,0,0,0,0,0,0,0,0,0,0,0,0,0,0,0,0,0,0,0,0,0,0,0,0,0,0,0,0,0
261103_x2,2023,Los Angeles city,1,Los Angeles city,5,3,5,24,51,32,0,0,0,0,0,0,0,0,0,0,0,0,0,0,0,0,0,0,0,0,0,0,0,0,0,0,0,0,0,0,0,0,0,0,0,0
261104_w1,2023,,1,Unincorporated - Franklin Canyon,5,3,5,24,51,32,0,0,0,0,0,0,0,0,0,0,0,0,0,0,0,0,0,0,0,0,0,0,0,0,0,0,0,0,0,0,0,0,0,0,0,0
261104_w2,2023,Los Angeles city,1,Los Angeles city,5,3,5,24,51,32,0,0,0,0,0,0,0,0,0,0,0,0,0,0,0,0,0,0,0,0,0,0,0,0,0,0,0,0,0,0,0,0,0,0,0,0
261200,2023,Los Angeles city,1,Los Angeles city,5,3,5,24,42,32,0,0,0,0,0,0,0,0,0,0,0,0,0,0,0,0,0,0,0,0,0,0,0,0,0,0,0,0,0,0,0,0,0,0,0,0
262100,2023,Los Angeles city,1,Los Angeles city,5,3,5,24,42,32,0,0,0,0,0,0,0,0,0,0,0,0,0,0,0,0,0,0,0,0,0,0,0,0,0,0,0,0,0,0,0,0,0,0,0,0
262200,2023,Los Angeles city,1,Los Angeles city,5,3,5,24,42,32,3,0,0,0,0,0,0,0,0,0,0,0,0,0,0,0,0,0,0,0,0,0,0,0,0,0,0,0,0,0,0,0,0,0,0,0
262301,2023,Los Angeles city,1,Los Angeles city,5,3,11,24,42,32,0,0,0,0,0,0,0,0,0,0,0,0,0,0,0,0,0,0,0,0,0,0,0,0,0,0,0,0,0,0,0,0,0,0,0,0
262302,2023,Los Angeles city,1,Los Angeles city,5,3,11,24,42,32,1,0,0,0,0,0,0,0,2,0,0,0,0,0,0,0,0,0,0,0,0,0,0,0,0,0,0,0,0,0,0,0,0,0,0,0
262303,2023,Los Angeles city,1,Los Angeles city,5,3,11,24,42,32,0,0,0,0,0,0,0,0,0,0,0,0,0,0,0,0,0,0,0,0,0,0,0,0,0,0,0,0,0,0,0,0,0,0,0,0
262400,2023,Los Angeles city,1,Los Angeles city,5,3,11,24,42,32,0,0,0,0,0,0,0,0,0,0,0,0,0,0,0,0,0,0,0,0,0,0,0,0,0,0,0,0,0,0,0,0,0,0,0,0
262501,2023,Los Angeles city,1,Los Angeles city,5,3,11,24,42,32,0,0,0,0,0,0,0,0,0,0,0,0,0,0,0,0,0,0,0,0,0,0,0,0,0,0,0,0,0,0,0,0,0,0,0,0
262601,2023,Los Angeles city,1,Los Angeles city,5,3,11,24,42,32,0,0,0,0,0,0,2,0,0,0,0,0,0,0,0,0,0,0,0,0,0,0,0,0,0,0,0,0,0,0,0,0,0,0,0,0
262604,2023,Los Angeles city,1,Los Angeles city,5,3,11,24,42,32,1,0,0,0,0,0,15,4,6,0,0,0,0,0,0,0,0,0,0,0,0,0,0,0,0,0,0,0,0,0,0,0,0,0,0,0
262704,2023,Los Angeles city,1,Los Angeles city,5,3,11,24,42,32,3,0,0,0,0,0,5,2,0,0,0,0,0,0,0,0,0,0,0,0,0,0,0,0,0,0,0,0,0,0,0,0,0,0,0,0
262706,2023,Los Angeles city,1,Los Angeles city,5,3,11,24,42,32,2,0,0,0,0,0,0,0,0,0,1,0,0,0,0,0,0,0,0,0,0,0,0,0,0,0,0,0,0,0,0,0,0,0,0,0
262802,2023,Los Angeles city,1,Los Angeles city,5,3,11,24,42,32,5,0,0,0,0,0,2,0,0,0,0,0,0,0,0,0,0,0,0,0,0,0,0,0,0,0,0,0,0,0,0,0,0,0,0,0
264000,2023,Los Angeles city,1,Los Angeles city,5,3,11,24,42,32,2,0,0,0,0,0,0,0,0,0,0,0,0,0,0,0,0,0,0,0,0,0,0,0,0,0,0,0,0,0,0,0,0,0,0,0
264102,2023,Los Angeles city,1,Los Angeles city,5,3,11,24,42,32,0,0,0,0,0,0,0,0,0,0,0,0,0,0,0,0,0,0,0,0,0,0,0,0,0,0,0,0,0,0,0,0,0,0,0,0
264103,2023,Los Angeles city,1,Los Angeles city,5,3,11,24,42,32,1,0,0,0,0,0,0,0,0,6,0,0,0,0,0,0,0,0,0,0,0,0,0,0,0,0,0,0,0,0,0,0,0,0,0,0
264303,2023,Los Angeles city,1,Los Angeles city,5,3,11,24,42,32,0,0,0,0,0,0,2,0,1,0,0,0,0,0,0,0,0,0,0,0,0,0,0,0,0,0,0,0,0,0,0,0,0,0,0,0
264304,2023,Los Angeles city,1,Los Angeles city,5,3,11,24,42,32,1,0,0,0,0,0,0,0,0,0,0,0,0,0,0,0,0,0,0,0,0,0,0,0,0,0,0,0,0,0,0,0,0,0,0,0
264305_xw1,2023,Santa Monica city,2,Santa Monica city,5,3,0,24,51,36,0,0,0,0,0,0,0,0,0,0,0,0,0,0,0,0,0,0,0,0,0,0,0,0,0,0,0,0,0,0,0,0,0,0,0,0
264305_xw2,2023,Los Angeles city,1,Los Angeles city,5,3,11,24,42,32,1,0,0,0,0,0,0,0,0,0,0,0,0,0,0,0,0,0,0,0,0,0,0,0,0,0,0,0,0,0,0,0,0,0,0,0
264306,2023,Los Angeles city,1,Los Angeles city,5,3,11,24,42,32,0,0,0,0,0,0,0,0,0,2,0,0,0,0,0,0,0,0,0,0,0,0,0,0,0,0,0,0,0,0,0,0,0,0,0,0
265100_q1,2023,Los Angeles city,1,Los Angeles city,5,3,5,24,51,36,0,0,0,0,0,0,4,3,0,0,0,0,0,0,0,0,0,0,0,0,0,0,0,0,0,0,0,0,0,0,0,0,0,0,0,0
265100_q2,2023,Los Angeles city,1,Los Angeles city,5,3,5,24,51,36,0,0,0,0,0,0,0,0,0,0,0,0,0,0,0,0,0,0,0,0,0,0,0,0,0,0,0,0,0,0,0,0,0,0,0,0
265201_q1,2023,Los Angeles city,1,Los Angeles city,5,3,5,24,51,36,7,0,0,0,0,0,1,0,0,0,1,0,0,0,0,0,0,0,0,0,0,0,0,0,0,0,0,0,0,0,0,0,0,0,0,0
265201_q2,2023,Los Angeles city,1,Los Angeles city,5,3,5,24,51,36,1,0,0,0,0,0,1,0,0,0,0,0,0,0,0,0,0,0,0,0,0,0,0,0,0,0,0,0,0,0,0,0,0,0,0,0
265203_q1,2023,Los Angeles city,1,Los Angeles city,5,3,5,24,51,36,2,0,0,0,0,0,0,0,0,0,0,0,0,0,0,0,0,0,0,0,0,0,0,0,0,0,0,0,0,0,0,0,0,0,0,0
265203_q2,2023,Los Angeles city,1,Los Angeles city,5,3,5,24,51,36,3,0,0,0,0,0,0,0,0,0,0,0,0,0,0,0,0,0,0,0,0,0,0,0,0,0,0,0,0,0,0,0,0,0,0,0
265203_q3,2023,Los Angeles city,1,Los Angeles city,5,3,5,24,51,36,2,0,0,0,0,0,0,0,0,1,0,0,0,0,0,0,0,0,0,0,0,0,0,0,0,0,0,0,0,0,0,0,0,0,0,0
265204,2023,Los Angeles city,1,Los Angeles city,5,3,5,24,51,36,58,0,0,0,0,0,2,2,0,0,5,0,0,0,0,0,0,0,0,0,0,0,0,0,0,0,0,0,0,0,0,0,0,0,0,0
265301,2023,Los Angeles city,1,Los Angeles city,5,3,5,24,51,36,16,0,0,0,0,0,4,0,1,1,6,0,0,0,0,0,0,0,0,0,0,0,0,0,0,0,0,0,0,0,0,0,0,0,0,0
265303,2023,Los Angeles city,1,Los Angeles city,5,3,5,24,51,36,1,0,0,0,0,0,1,1,1,0,0,0,0,0,0,0,0,0,0,0,0,0,0,0,0,0,0,0,0,0,0,0,0,0,0,0
265304,2023,Los Angeles city,1,Los Angeles city,5,3,5,24,51,36,0,0,0,0,0,0,0,0,1,0,0,0,0,0,0,0,0,0,0,0,0,0,0,0,0,0,0,0,0,0,0,0,0,0,0,0
265306,2023,Los Angeles city,1,Los Angeles city,5,3,5,24,51,36,0,0,0,0,0,0,0,0,0,0,0,0,0,0,0,0,0,0,0,0,0,0,0,0,0,0,0,0,0,0,0,0,0,0,0,0
265307,2023,Los Angeles city,1,Los Angeles city,5,3,5,24,51,36,6,0,0,0,0,0,0,0,0,0,3,0,0,0,0,0,0,0,0,0,0,0,0,0,0,0,0,0,0,0,0,0,0,0,0,0
265410,2023,Los Angeles city,1,Los Angeles city,5,3,11,24,42,32,5,0,0,0,0,0,1,0,2,0,0,0,0,0,0,0,0,0,0,0,0,0,0,0,0,0,0,0,0,0,0,0,0,0,0,0
265420,2023,Los Angeles city,1,Los Angeles city,5,3,5,24,42,32,1,0,0,0,0,0,0,0,0,0,0,0,0,0,0,0,0,0,0,0,0,0,0,0,0,0,0,0,0,0,0,0,0,0,0,0
265521,2023,Los Angeles city,1,Los Angeles city,5,3,5,24,51,32,2,0,0,0,0,0,1,1,0,0,2,0,0,0,0,0,0,0,0,0,0,0,0,0,0,0,0,0,0,0,0,0,0,0,0,0
265522_q1,2023,Los Angeles city,1,Los Angeles city,5,3,5,24,51,32,12,1,2,0,0,0,0,1,0,0,15,0,0,0,0,0,0,0,0,0,0,0,0,0,0,0,0,0,0,0,0,0,0,0,0,0
265522_q2,2023,Los Angeles city,1,Los Angeles city,5,3,5,24,51,32,2,0,0,0,0,0,0,0,0,0,0,0,0,0,0,0,0,0,0,0,0,6,0,0,0,0,0,0,0,0,0,0,0,6,0,6
265523_r1,2023,Los Angeles city,1,Los Angeles city,5,3,5,24,51,32,16,0,0,0,0,0,1,0,0,3,0,0,0,0,0,0,0,0,0,0,0,0,0,0,0,0,0,0,0,0,0,0,0,0,0,0
265523_r2,2023,Los Angeles city,1,Los Angeles city,5,3,5,24,51,36,0,0,0,0,0,0,0,0,0,0,0,0,0,0,0,0,0,0,0,0,0,0,0,0,0,0,0,0,0,0,0,0,0,0,0,0
265524_r1,2023,Los Angeles city,1,Los Angeles city,5,3,5,24,51,32,10,0,0,0,0,0,2,0,1,2,0,2,26,100,0,1,4,0,0,6,19,0,0,0,1,0,0,0,0,0,0,0,106,20,0,126
265524_r2,2023,Los Angeles city,1,Los Angeles city,5,3,5,24,51,36,2,0,0,0,0,0,1,0,1,0,0,0,0,0,0,0,0,0,0,0,0,0,0,0,0,0,0,0,0,0,0,0,0,0,0,0
265601,2023,Los Angeles city,1,Los Angeles city,5,3,5,24,51,36,2,0,0,0,0,0,0,0,0,1,1,0,0,0,0,0,0,0,0,0,0,0,0,0,0,0,0,0,0,0,0,0,0,0,0,0
265602,2023,Los Angeles city,1,Los Angeles city,5,3,5,24,51,36,0,0,0,0,0,0,0,0,0,0,0,0,0,0,0,0,0,0,0,0,0,0,0,0,0,0,0,0,0,0,0,0,0,0,0,0
265701,2023,Los Angeles city,1,Los Angeles city,5,3,5,24,51,36,2,0,0,0,0,0,0,0,0,0,0,0,0,0,0,0,0,0,0,0,0,0,0,0,0,0,0,0,0,0,0,0,0,0,0,0
265702,2023,Los Angeles city,1,Los Angeles city,5,3,5,24,51,36,0,0,0,0,0,0,0,0,0,0,0,0,0,0,0,0,0,0,0,0,0,0,0,0,0,0,0,0,0,0,0,0,0,0,0,0
267101,2023,Los Angeles city,1,Los Angeles city,5,3,5,28,51,36,1,0,0,0,0,0,0,0,0,1,1,0,0,0,0,0,0,0,0,0,0,0,0,0,0,0,0,0,0,0,0,0,0,0,0,0
267102,2023,Los Angeles city,1,Los Angeles city,5,3,5,28,51,36,6,0,0,0,0,0,0,0,0,0,2,0,0,0,0,0,0,0,0,0,0,0,0,0,0,0,0,0,0,0,0,0,0,0,0,0
267201,2023,Los Angeles city,1,Los Angeles city,5,3,5,28,51,36,5,0,0,0,0,0,0,0,16,20,12,0,0,0,0,0,0,0,0,0,0,0,0,0,0,0,0,0,0,0,0,0,0,0,0,0
267202,2023,Los Angeles city,1,Los Angeles city,5,3,5,28,51,36,14,0,0,0,0,0,1,0,0,1,10,0,0,0,0,0,0,0,0,0,0,0,0,0,0,0,0,0,0,0,0,0,0,0,0,0
267300_r1,2023,Los Angeles city,1,Los Angeles city,5,3,11,24,51,32,8,0,0,0,0,0,2,0,1,2,2,0,0,0,0,0,0,0,0,0,0,0,0,0,0,0,0,0,0,0,0,0,0,0,0,0
267300_r2,2023,Los Angeles city,1,Los Angeles city,5,3,11,24,51,36,6,0,0,4,0,0,2,1,1,3,3,0,0,0,0,0,0,0,0,0,0,0,0,0,0,0,0,0,0,0,0,0,0,0,0,0
267403,2023,Los Angeles city,1,Los Angeles city,5,3,11,24,51,32,0,0,0,0,0,0,0,2,10,0,0,0,0,0,0,0,0,0,0,0,0,0,0,0,0,0,0,0,0,0,0,0,0,0,0,0
267404,2023,Los Angeles city,1,Los Angeles city,5,3,11,24,51,32,0,0,0,0,0,0,0,1,0,1,0,0,0,0,0,0,0,0,0,0,0,0,0,0,0,0,0,0,0,0,0,0,0,0,0,0
267405,2023,Los Angeles city,1,Los Angeles city,5,3,11,24,51,32,4,0,0,0,0,0,0,0,0,0,0,0,0,0,0,0,0,0,0,0,0,0,0,0,0,0,0,0,0,0,0,0,0,0,0,0
267406,2023,Los Angeles city,1,Los Angeles city,5,3,11,24,51,32,6,0,0,0,0,0,0,0,0,2,1,0,0,0,0,0,0,0,0,0,0,0,0,0,0,0,0,0,0,0,0,0,0,0,0,0
267502,2023,Los Angeles city,1,Los Angeles city,5,3,11,24,51,36,10,0,0,0,0,0,1,0,0,13,8,0,0,0,0,0,0,0,0,0,0,0,0,0,0,0,0,0,0,0,0,0,0,0,0,0
267503_r1,2023,Los Angeles city,1,Los Angeles city,5,3,11,24,51,32,3,0,0,0,0,0,0,1,3,0,0,0,0,0,0,0,0,0,0,0,0,0,0,0,0,0,0,0,0,0,0,0,0,0,0,0
267503_r2,2023,Los Angeles city,1,Los Angeles city,5,3,11,24,51,36,5,0,0,0,0,0,2,0,2,1,4,0,0,0,0,0,0,0,0,0,0,0,0,0,0,0,0,0,0,0,0,0,0,0,0,0
267504_r1,2023,Los Angeles city,1,Los Angeles city,5,3,11,24,51,32,0,0,0,0,0,0,0,0,0,2,0,0,0,0,0,0,0,0,0,0,0,0,0,0,0,0,0,0,0,0,0,0,0,0,0,0
267504_r2,2023,Los Angeles city,1,Los Angeles city,5,3,11,24,51,36,0,0,0,0,0,0,0,0,1,0,0,0,0,0,0,0,0,0,0,0,0,0,0,0,0,0,0,0,0,0,0,0,0,0,0,0
267600,2023,Los Angeles city,1,Los Angeles city,5,3,11,24,51,36,5,0,0,0,0,0,19,12,33,8,10,0,0,0,0,0,0,0,0,0,0,0,0,0,0,0,0,0,0,0,0,0,0,0,0,0
267700,2023,Los Angeles city,1,Los Angeles city,5,3,11,24,51,36,8,0,0,0,0,0,0,2,9,5,3,0,0,0,0,0,0,0,0,0,0,0,0,0,0,0,0,0,0,0,0,0,0,0,0,0
267800,2023,Los Angeles city,1,Los Angeles city,5,3,5,28,51,36,3,0,0,0,0,0,0,6,3,24,1,22,0,0,1,0,0,0,0,0,0,0,0,0,0,0,0,0,0,0,0,0,23,0,0,23
267901,2023,Los Angeles city,1,Los Angeles city,5,3,5,28,55,37,0,0,0,0,0,0,0,0,0,0,0,0,0,0,0,0,0,0,0,0,0,0,0,0,0,0,0,0,0,0,0,0,0,0,0,0
267902,2023,Los Angeles city,1,Los Angeles city,5,3,5,28,51,36,1,0,0,0,0,0,0,0,0,0,0,0,0,0,0,0,0,0,0,0,0,0,0,0,0,0,0,0,0,0,0,0,0,0,0,0
269000_q1,2023,Los Angeles city,1,Los Angeles city,5,3,5,28,51,36,1,0,0,0,0,0,0,0,0,11,2,0,0,0,0,0,0,0,0,0,0,0,0,0,0,0,0,0,0,0,0,0,0,0,0,0
269000_q2,2023,Los Angeles city,1,Los Angeles city,5,3,5,28,51,37,0,0,0,0,0,0,0,0,0,0,0,0,0,0,0,0,0,0,0,0,0,0,0,0,0,0,0,0,0,0,0,0,0,0,0,0
269000_q3,2023,Los Angeles city,1,Los Angeles city,5,3,5,28,55,36,0,0,0,0,0,0,0,0,0,0,0,0,0,0,0,0,0,0,0,0,0,0,0,0,0,0,0,0,0,0,0,0,0,0,0,0
269000_q4,2023,Los Angeles city,1,Los Angeles city,5,3,5,28,55,37,3,0,0,0,0,0,0,0,0,0,0,0,0,0,0,0,0,0,0,0,0,0,0,0,0,0,0,0,0,0,0,0,0,0,0,0
269100,2023,Los Angeles city,1,Los Angeles city,5,3,5,28,55,37,1,0,0,0,0,0,2,0,1,1,0,0,0,0,0,0,0,0,0,0,0,0,0,0,0,0,0,0,0,0,0,0,0,0,0,0
269300_r1,2023,Los Angeles city,1,Los Angeles city,5,3,5,28,51,36,2,0,0,0,0,0,0,0,0,1,1,0,0,0,0,0,0,0,0,0,0,0,0,0,0,0,0,0,0,0,0,0,0,0,0,0
269300_r2,2023,Los Angeles city,1,Los Angeles city,5,3,5,28,51,37,1,0,0,0,0,0,1,0,2,0,0,0,0,0,0,0,0,0,0,0,0,0,0,0,0,0,0,0,0,0,0,0,0,0,0,0
269500_r1,2023,Los Angeles city,1,Los Angeles city,5,3,5,28,55,36,0,0,0,0,0,0,0,0,0,0,0,0,0,0,0,0,0,0,0,0,0,0,0,0,0,0,0,0,0,0,0,0,0,0,0,0
269500_r2,2023,Los Angeles city,1,Los Angeles city,5,3,5,28,55,37,0,0,0,0,0,0,0,0,0,0,0,0,0,0,0,0,0,0,0,0,0,0,0,0,0,0,0,0,0,0,0,0,0,0,0,0
269601,2023,Los Angeles city,1,Los Angeles city,5,3,10,28,55,37,0,0,0,0,0,0,0,2,6,0,0,0,0,0,0,0,0,0,0,0,0,0,0,0,0,0,0,0,0,0,0,0,0,0,0,0
269602,2023,Los Angeles city,1,Los Angeles city,5,3,10,28,55,37,0,0,0,0,0,0,0,6,1,0,0,0,0,0,0,0,0,0,0,0,0,0,0,0,0,0,0,0,0,0,0,0,0,0,0,0
269700_x1,2023,Los Angeles city,1,Los Angeles city,5,3,5,28,55,37,5,0,0,0,0,0,0,0,0,0,0,0,0,0,0,0,0,0,0,0,0,0,0,0,0,0,0,0,0,0,0,0,0,0,0,0
269700_x2,2023,Los Angeles city,1,Los Angeles city,5,3,10,28,55,37,6,0,0,0,0,0,4,8,7,1,8,0,0,0,0,0,0,0,0,0,0,0,0,0,0,0,0,0,0,0,0,0,0,0,0,0
269800,2023,Los Angeles city,1,Los Angeles city,5,3,5,28,55,37,0,0,0,0,0,0,0,0,0,2,3,0,0,0,0,0,0,0,0,0,0,0,0,0,0,0,0,0,0,0,0,0,0,0,0,0
269903,2023,Los Angeles city,1,Los Angeles city,5,3,5,28,55,37,2,0,0,0,0,0,1,1,0,0,1,0,0,0,0,0,0,0,0,0,0,0,0,0,0,0,0,0,0,0,0,0,0,0,0,0
269905,2023,Los Angeles city,1,Los Angeles city,5,3,5,28,55,37,6,0,0,0,0,0,1,2,9,11,0,0,0,0,0,0,0,0,0,0,0,0,0,0,0,0,0,0,0,0,0,0,0,0,0,0
269906,2023,Los Angeles city,1,Los Angeles city,5,3,5,28,55,37,2,0,0,0,0,0,0,0,0,0,0,0,0,0,0,0,0,0,0,0,0,0,0,0,0,0,0,0,0,0,0,0,0,0,0,0
269907_r1,2023,Los Angeles city,1,Los Angeles city,5,3,5,28,55,36,1,0,0,0,0,0,0,0,1,1,0,0,0,0,0,0,0,0,0,0,0,0,0,0,0,0,0,0,0,0,0,0,0,0,0,0
269907_r2,2023,Los Angeles city,1,Los Angeles city,5,3,5,28,55,37,1,0,0,0,0,0,0,0,0,0,0,0,0,0,0,0,0,0,0,0,0,0,0,0,0,0,0,0,0,0,0,0,0,0,0,0
269908,2023,Los Angeles city,1,Los Angeles city,5,3,5,28,55,36,3,0,0,0,0,0,0,3,2,1,1,0,0,0,0,0,0,0,0,0,0,0,0,0,0,0,0,0,0,0,0,0,0,0,0,0
269909_r1,2023,Los Angeles city,1,Los Angeles city,5,3,5,28,55,36,1,0,0,0,0,0,0,0,0,0,0,0,0,0,0,0,0,0,0,0,0,0,0,0,0,0,0,0,0,0,0,0,0,0,0,0
269909_r2,2023,Los Angeles city,1,Los Angeles city,5,3,5,28,55,37,1,0,0,0,0,0,0,0,0,0,0,0,0,0,0,0,0,0,0,0,0,0,0,0,0,0,0,0,0,0,0,0,0,0,0,0
270101_q1,2023,Los Angeles city,1,Los Angeles city,5,3,5,28,55,37,3,0,0,0,0,0,5,6,4,9,9,0,0,0,0,0,0,0,0,0,0,0,0,0,0,0,0,0,0,0,0,0,0,0,0,0
270101_q2,2023,Los Angeles city,1,Los Angeles city,5,3,5,28,55,37,9,0,0,4,0,0,0,0,0,1,2,0,0,0,0,0,0,0,0,0,0,0,0,0,0,0,0,0,0,0,0,0,0,0,0,0
270102,2023,Los Angeles city,1,Los Angeles city,5,3,5,28,55,37,2,0,0,0,0,0,1,2,0,0,0,0,0,0,0,0,0,0,0,0,0,0,0,0,0,0,0,0,0,0,0,0,0,0,0,0
270200_y1,2023,Los Angeles city,1,Los Angeles city,5,2,10,28,55,37,0,0,0,0,0,0,0,0,0,1,1,0,0,0,0,0,0,0,0,0,0,0,0,0,0,0,0,0,0,0,0,0,0,0,0,0
270200_y2,2023,Los Angeles city,1,Los Angeles city,5,2,10,28,55,37,1,0,0,0,0,0,0,0,0,0,1,0,0,0,0,0,0,0,0,0,0,0,0,0,0,0,0,0,0,0,0,0,0,0,0,0
270200_y3,2023,Los Angeles city,1,Los Angeles city,5,3,10,28,55,37,6,0,0,0,0,0,2,1,4,3,0,0,0,0,0,0,0,0,0,0,0,0,0,0,0,0,0,0,0,0,0,0,0,0,0,0
270300_q1,2023,Los Angeles city,1,Los Angeles city,4,2,10,28,55,37,1,0,0,0,0,0,0,0,6,4,3,0,0,0,0,0,0,0,0,0,0,0,0,0,0,0,0,0,0,0,0,0,0,0,0,0
270300_q2,2023,Los Angeles city,1,Los Angeles city,4,2,10,28,55,37,0,0,0,0,0,0,0,0,0,0,0,0,0,0,0,0,0,0,0,0,0,0,0,0,0,0,0,0,0,0,0,0,0,0,0,0
271100,2023,Los Angeles city,1,Los Angeles city,5,3,5,28,51,36,0,0,0,0,0,0,4,1,4,1,5,0,0,0,0,0,0,0,0,0,0,0,0,0,0,0,0,0,0,0,0,0,0,0,0,0
271200,2023,Los Angeles city,1,Los Angeles city,5,3,11,28,51,36,10,0,0,0,0,0,7,0,0,35,13,0,0,0,0,0,0,0,0,0,0,0,0,0,0,0,0,0,0,0,0,0,0,0,0,0
271300,2023,Los Angeles city,1,Los Angeles city,5,3,11,28,55,36,2,0,0,0,0,0,0,3,5,4,12,0,0,0,0,0,0,0,0,0,0,0,0,0,0,0,0,0,0,0,0,0,0,0,0,0
271400_q1,2023,Los Angeles city,1,Los Angeles city,5,3,11,28,55,36,0,0,0,0,0,0,0,1,0,0,0,0,0,0,0,0,0,0,0,0,0,0,0,0,0,0,0,0,0,0,0,0,0,0,0,0
271400_q2,2023,Los Angeles city,1,Los Angeles city,5,3,11,28,55,36,0,0,0,0,0,0,0,0,0,0,0,0,0,0,0,0,0,0,0,0,0,0,0,0,0,0,0,0,0,0,0,0,0,0,0,0
271500,2023,Los Angeles city,1,Los Angeles city,5,3,11,28,55,36,1,0,0,0,0,0,0,0,0,0,1,0,0,0,0,0,0,0,0,0,0,0,0,0,0,0,0,0,0,0,0,0,0,0,0,0
271600,2023,Los Angeles city,1,Los Angeles city,5,3,11,28,55,36,2,0,0,0,0,0,0,1,1,1,0,0,0,0,0,0,0,0,0,0,0,0,0,0,0,0,0,0,0,0,0,0,0,0,0,0
271702_q1,2023,Los Angeles city,1,Los Angeles city,5,3,5,28,51,36,0,0,0,0,0,0,8,0,3,2,6,0,0,0,0,0,0,0,0,0,0,0,0,0,0,0,0,0,0,0,0,0,0,0,0,0
271702_q2,2023,Los Angeles city,1,Los Angeles city,5,3,5,28,55,36,2,0,0,0,0,0,0,1,5,0,1,0,0,0,0,0,0,0,0,0,0,0,0,0,0,0,0,0,0,0,0,0,0,0,0,0
271703_q1,2023,Los Angeles city,1,Los Angeles city,5,3,5,28,55,36,0,0,0,0,0,0,0,0,0,0,0,0,0,0,0,0,0,0,0,0,0,0,0,0,0,0,0,0,0,0,0,0,0,0,0,0
271703_q2,2023,Los Angeles city,1,Los Angeles city,5,3,5,28,55,36,0,0,0,0,0,0,0,2,2,1,0,0,0,0,0,0,0,0,0,0,0,0,0,0,0,0,0,0,0,0,0,0,0,0,0,0
271704_q1,2023,Los Angeles city,1,Los Angeles city,5,3,5,28,51,36,0,0,0,0,0,0,0,0,0,0,0,0,0,0,0,0,0,0,0,0,0,0,0,0,0,0,0,0,0,0,0,0,0,0,0,0
271704_q2,2023,Los Angeles city,1,Los Angeles city,5,3,5,28,55,36,1,0,0,0,0,0,0,0,0,0,0,0,0,0,0,0,0,0,0,0,0,0,0,0,0,0,0,0,0,0,0,0,0,0,0,0
271801_q1,2023,Los Angeles city,1,Los Angeles city,5,3,5,28,55,36,0,0,0,0,0,0,0,0,0,0,0,0,0,0,0,0,0,0,0,0,0,0,0,0,0,0,0,0,0,0,0,0,0,0,0,0
271801_q2,2023,Los Angeles city,1,Los Angeles city,5,3,5,28,55,36,6,0,0,0,0,0,0,5,2,2,0,0,0,0,0,0,0,0,0,0,0,0,0,0,0,0,0,0,0,0,0,0,0,0,0,0
271801_q3,2023,Los Angeles city,1,Los Angeles city,5,3,5,28,55,36,3,0,0,0,0,0,1,0,3,1,0,0,0,0,0,0,0,0,0,0,0,0,0,0,0,0,0,0,0,0,0,0,0,0,0,0
271803,2023,Los Angeles city,1,Los Angeles city,5,3,5,28,55,36,2,0,0,0,0,0,2,0,0,0,0,0,0,0,0,0,0,0,0,0,0,0,0,0,0,0,0,0,0,0,0,0,0,0,0,0
271804_q1,2023,Los Angeles city,1,Los Angeles city,5,3,5,28,55,36,0,0,0,0,0,0,0,0,0,0,0,0,0,0,0,0,0,0,0,0,0,0,0,0,0,0,0,0,0,0,0,0,0,0,0,0
271804_q2,2023,Los Angeles city,1,Los Angeles city,5,3,5,28,55,36,1,0,0,0,0,0,0,0,0,0,0,0,0,0,0,0,0,0,0,0,0,0,0,0,0,0,0,0,0,0,0,0,0,0,0,0
271804_q3,2023,Los Angeles city,1,Los Angeles city,5,3,5,28,55,36,0,0,0,0,0,0,0,1,2,0,0,0,0,0,0,0,0,0,0,0,0,0,0,0,0,0,0,0,0,0,0,0,0,0,0,0
271901,2023,Los Angeles city,1,Los Angeles city,5,3,11,28,55,36,0,0,0,0,0,0,2,1,5,15,3,0,0,0,0,0,0,0,0,0,0,0,0,0,0,0,0,0,0,0,0,0,0,0,0,0
271902,2023,Los Angeles city,1,Los Angeles city,5,3,11,28,55,36,1,0,0,0,0,0,0,1,2,0,0,0,0,0,0,0,0,0,0,0,0,0,0,0,0,0,0,0,0,0,0,0,0,0,0,0
272100_q1,2023,Los Angeles city,1,Los Angeles city,5,3,11,28,55,36,0,0,0,0,0,0,0,0,0,0,0,0,0,0,0,0,0,0,0,0,0,0,0,0,0,0,0,0,0,0,0,0,0,0,0,0
272100_q2,2023,Los Angeles city,1,Los Angeles city,5,3,11,28,55,36,10,0,0,0,0,0,3,1,6,0,2,0,0,0,0,0,0,0,0,0,0,0,0,0,0,0,0,0,0,0,0,0,0,0,0,0
272201,2023,Los Angeles city,1,Los Angeles city,5,3,11,28,55,36,10,0,0,0,0,0,0,8,8,0,0,0,0,0,0,0,0,0,2,0,0,15,0,0,0,0,0,0,0,0,0,0,0,17,0,17
272202,2023,Los Angeles city,1,Los Angeles city,5,3,11,28,55,36,1,0,0,0,0,0,0,0,1,0,0,0,0,0,0,0,0,0,0,0,0,0,0,0,0,0,0,0,0,0,0,0,0,0,0,0
272301,2023,Los Angeles city,1,Los Angeles city,5,3,11,28,55,36,0,0,0,0,0,0,0,3,3,0,0,0,0,0,0,0,0,0,0,0,0,0,0,0,0,0,0,0,0,0,0,0,0,0,0,0
272302,2023,Los Angeles city,1,Los Angeles city,5,3,11,28,55,36,2,0,0,0,0,0,2,0,1,0,0,0,0,0,0,0,0,0,0,0,0,0,0,0,0,0,0,0,0,0,0,0,0,0,0,0
273100,2023,Los Angeles city,1,Los Angeles city,5,3,11,24,61,36,11,0,0,0,0,0,6,21,10,0,6,0,0,0,0,0,0,0,0,0,0,0,0,0,0,0,0,0,0,0,0,0,0,0,0,0
273200,2023,Los Angeles city,1,Los Angeles city,5,3,11,24,61,36,6,0,0,0,0,0,9,21,7,1,0,0,8,18,0,0,0,0,0,0,0,0,0,0,0,0,0,0,0,0,0,0,18,0,0,18
273300,2023,Los Angeles city,1,Los Angeles city,5,3,11,24,61,36,4,0,0,0,0,0,0,5,3,0,0,0,0,0,0,0,0,0,0,0,0,0,0,0,0,0,0,0,0,0,0,0,0,0,0,0
273403,2023,Los Angeles city,1,Los Angeles city,5,3,11,24,61,36,36,0,0,0,0,0,9,1,1,7,21,0,0,0,0,0,0,0,0,0,0,0,0,0,0,0,0,0,0,0,0,0,0,0,0,0
273404,2023,Los Angeles city,1,Los Angeles city,5,3,11,24,61,36,19,0,0,0,0,0,4,16,8,5,0,81,0,0,33,0,0,0,0,0,0,0,0,0,0,0,0,0,0,0,0,0,114,0,0,114
273502,2023,Los Angeles city,1,Los Angeles city,5,3,11,24,61,36,69,0,0,0,0,0,34,82,47,7,5,0,0,0,0,0,0,0,4,4,8,0,0,0,0,0,0,0,0,0,0,0,0,12,0,12
273600,2023,Los Angeles city,1,Los Angeles city,5,3,11,24,61,36,2,0,0,0,0,0,1,16,23,2,1,0,0,0,0,0,0,0,0,0,0,0,0,0,0,0,0,0,0,0,0,0,0,0,0,0
273700,2023,Los Angeles city,1,Los Angeles city,5,3,11,24,61,36,0,0,0,0,0,0,3,15,7,0,0,0,0,0,0,0,0,0,0,0,0,0,0,0,0,0,0,0,0,0,0,0,0,0,0,0
273800_q1,2023,Los Angeles city,1,Los Angeles city,5,3,11,24,55,36,0,0,0,0,0,0,0,0,0,0,0,0,0,0,0,0,0,0,0,0,0,0,0,0,0,0,0,0,0,0,0,0,0,0,0,0
273800_q2,2023,Los Angeles city,1,Los Angeles city,5,3,11,24,55,36,0,0,0,0,0,0,0,0,0,0,0,0,0,0,0,0,0,0,0,0,0,0,0,0,0,0,0,0,0,0,0,0,0,0,0,0
273800_q3,2023,Los Angeles city,1,Los Angeles city,5,3,11,24,61,36,13,0,0,0,0,0,4,11,3,0,2,0,0,0,0,0,0,0,0,0,0,3,0,0,0,0,0,0,0,0,0,0,0,3,0,3
273902,2023,Los Angeles city,1,Los Angeles city,5,3,11,24,61,36,6,0,0,0,0,0,1,21,33,22,3,0,0,0,0,0,0,0,0,0,0,0,0,0,0,0,0,0,0,0,0,0,0,0,0,0
274100_r1,2023,Los Angeles city,1,Los Angeles city,5,2,11,24,55,36,0,0,0,0,0,0,0,0,3,1,0,0,0,0,0,0,0,0,0,0,0,0,0,0,0,0,0,0,0,0,0,0,0,0,0,0
274100_r2,2023,Los Angeles city,1,Los Angeles city,5,2,11,24,61,36,5,0,0,0,0,0,5,33,29,3,6,0,0,0,0,0,0,0,0,0,0,0,0,0,0,0,0,0,0,0,0,0,0,0,0,0
274202,2023,Los Angeles city,1,Los Angeles city,5,2,11,24,61,36,12,0,0,0,0,0,4,1,0,6,2,0,0,0,0,0,0,0,0,0,0,0,0,0,0,0,0,0,0,0,0,0,0,0,0,0
275101,2023,Los Angeles city,1,Los Angeles city,5,2,11,28,55,36,0,0,0,0,0,0,3,0,11,0,1,0,0,0,0,0,0,0,0,0,0,0,0,0,0,0,0,0,0,0,0,0,0,0,0,0
275102,2023,Los Angeles city,1,Los Angeles city,5,2,11,28,55,36,16,0,0,0,0,0,4,0,18,12,0,0,0,0,0,0,0,0,0,0,0,0,0,0,0,0,0,0,0,0,0,0,0,0,0,0
275200,2023,Los Angeles city,1,Los Angeles city,5,2,11,28,55,36,2,0,0,0,0,0,0,0,0,11,1,0,0,0,0,0,0,0,0,0,0,0,0,0,0,0,0,0,0,0,0,0,0,0,0,0
275311,2023,Los Angeles city,1,Los Angeles city,5,2,11,28,55,36,5,0,0,0,0,0,1,5,4,19,0,0,0,0,0,0,0,0,0,0,0,0,0,0,0,0,0,0,0,0,0,0,0,0,0,0
275312,2023,Los Angeles city,1,Los Angeles city,5,2,11,28,55,36,1,0,0,0,0,0,2,7,13,4,0,0,0,0,0,0,0,0,0,0,0,0,0,0,0,0,0,0,0,0,0,0,0,0,0,0
275313,2023,Los Angeles city,1,Los Angeles city,5,2,11,28,55,36,2,0,0,0,0,0,3,4,8,0,0,0,0,0,0,0,0,0,0,0,0,0,0,0,0,0,0,0,0,0,0,0,0,0,0,0
275400,2023,Los Angeles city,1,Los Angeles city,5,2,11,28,55,36,2,0,0,0,0,0,0,2,2,2,3,0,0,0,0,0,0,0,0,0,0,0,0,0,0,0,0,0,0,0,0,0,0,0,0,0
275500,2023,Los Angeles city,1,Los Angeles city,5,2,11,28,55,36,0,0,0,0,0,0,0,2,1,0,0,0,0,0,0,0,0,0,0,0,0,0,0,0,0,0,0,0,0,0,0,0,0,0,0,0
275603,2023,Los Angeles city,1,Los Angeles city,5,2,11,28,55,36,18,0,0,0,0,0,2,2,19,10,9,0,0,0,0,0,0,0,0,0,0,0,0,0,0,0,0,0,0,0,0,0,0,0,0,0
275604,2023,Los Angeles city,1,Los Angeles city,5,2,11,28,61,36,0,0,0,0,0,0,1,4,0,0,0,0,0,0,0,0,0,0,0,0,0,0,0,0,0,0,0,0,0,0,0,0,0,0,0,0
275605_xw1,2023,,2,Unincorporated - Del Rey,5,2,0,28,55,36,0,0,0,0,0,0,0,0,0,0,0,0,0,0,0,0,0,0,0,0,0,0,0,0,0,0,0,0,0,0,0,0,0,0,0,0
275605_xw2,2023,Los Angeles city,1,Los Angeles city,5,2,11,28,55,36,15,0,0,0,0,0,4,10,4,2,9,0,0,0,0,0,0,0,0,0,0,0,0,0,0,0,0,0,0,0,0,0,0,0,0,0
275605_xw3,2023,Los Angeles city,1,Los Angeles city,5,2,11,28,55,36,0,0,0,0,0,0,0,4,0,0,0,0,0,0,0,0,0,0,0,0,0,0,0,0,0,0,0,0,0,0,0,0,0,0,0,0
276000,2023,Los Angeles city,1,Los Angeles city,5,2,11,28,61,36,1,0,0,0,0,0,0,0,0,1,1,0,0,0,0,0,0,0,0,0,0,0,0,0,0,0,0,0,0,0,0,0,0,0,0,0
276101,2023,Los Angeles city,1,Los Angeles city,5,2,11,28,61,43,7,0,0,0,0,0,19,5,26,0,2,0,0,0,0,0,0,0,0,0,0,0,0,0,0,0,0,0,0,0,0,0,0,0,0,0
276102_r1,2023,Los Angeles city,1,Los Angeles city,5,2,11,35,61,43,0,0,0,0,0,0,0,0,0,0,0,0,0,0,0,0,0,0,0,0,0,0,0,0,0,0,0,0,0,0,0,0,0,0,0,0
276102_r2,2023,Los Angeles city,1,Los Angeles city,5,2,11,28,61,43,0,0,0,0,0,0,4,1,1,0,0,0,0,0,0,0,0,0,0,0,0,0,0,0,0,0,0,0,0,0,0,0,0,0,0,0
276400,2023,Los Angeles city,1,Los Angeles city,5,2,11,28,61,36,0,0,0,0,0,0,0,0,0,0,0,0,0,0,0,0,0,0,0,0,0,0,0,0,0,0,0,0,0,0,0,0,0,0,0,0
276500,2023,Los Angeles city,1,Los Angeles city,5,2,11,28,61,36,0,0,0,0,0,0,0,4,7,0,0,0,0,0,0,0,0,0,3,0,0,3,0,0,0,0,0,0,0,0,0,0,0,6,0,6
276601,2023,Los Angeles city,1,Los Angeles city,5,2,11,24,61,36,2,0,0,0,0,0,0,4,1,0,1,0,0,0,0,0,0,0,0,0,0,0,0,0,0,0,0,0,0,0,0,0,0,0,0,0
276605,2023,Los Angeles city,1,Los Angeles city,5,2,11,24,61,36,0,0,0,0,0,0,0,0,0,0,0,0,0,0,0,0,0,0,0,0,0,0,0,0,0,0,0,0,0,0,0,0,0,0,0,0
276606,2023,Los Angeles city,1,Los Angeles city,5,2,11,24,61,36,0,0,0,0,0,0,0,0,0,0,0,0,0,0,0,0,0,0,0,0,0,0,0,0,0,0,0,0,0,0,0,0,0,0,0,0
276607_r1,2023,Los Angeles city,1,Los Angeles city,5,2,11,24,61,36,6,0,0,0,0,0,3,3,9,3,0,0,0,0,0,0,0,0,0,0,0,0,0,0,0,0,0,0,0,0,0,0,0,0,0,0
276607_r2,2023,Los Angeles city,1,Los Angeles city,5,2,11,24,61,43,0,0,0,0,0,0,0,0,0,0,0,0,0,0,0,0,0,0,0,0,0,0,0,0,0,0,0,0,0,0,0,0,0,0,0,0
276608,2023,Los Angeles city,1,Los Angeles city,5,2,11,24,61,36,0,0,0,0,0,0,0,0,1,0,0,0,0,0,0,0,0,0,0,0,0,0,0,0,0,0,0,0,0,0,0,0,0,0,0,0
277000,2023,Los Angeles city,1,Los Angeles city,5,2,11,28,61,36,0,0,0,0,0,0,1,2,0,3,0,0,0,0,0,0,0,0,0,0,0,0,0,0,0,0,0,0,0,0,0,0,0,0,0,0
277100,2023,Los Angeles city,1,Los Angeles city,5,2,11,28,61,36,3,0,0,0,0,0,4,14,13,1,5,0,0,0,0,0,0,0,0,0,0,0,0,0,0,0,0,0,0,0,0,0,0,0,0,0
277200_r1,2023,Los Angeles city,1,Los Angeles city,5,2,11,35,61,43,2,0,0,0,0,0,0,0,0,0,0,31,0,0,0,0,0,0,0,0,0,0,0,0,0,0,0,0,0,0,0,0,31,0,0,31
277200_r2,2023,Los Angeles city,1,Los Angeles city,5,2,11,28,61,36,1,0,0,0,0,0,0,0,17,0,0,0,0,0,0,0,0,0,0,0,0,0,0,0,0,0,0,0,0,0,0,0,0,0,0,0
277400,2023,Los Angeles city,1,Los Angeles city,5,2,11,35,61,43,1,0,0,0,0,0,0,0,0,1,0,0,0,0,0,0,0,0,0,0,0,0,0,0,0,0,0,0,0,0,0,0,0,0,0,0
278001_r1,2023,Los Angeles city,1,Los Angeles city,5,2,11,35,61,43,0,0,0,0,0,0,0,0,0,0,0,0,0,0,0,0,0,0,0,0,0,0,0,0,0,0,0,0,0,0,0,0,0,0,0,0
278001_r2,2023,Los Angeles city,1,Los Angeles city,5,2,11,28,61,36,56,0,0,0,0,0,17,13,2,0,26,0,0,0,0,0,0,0,0,0,0,0,0,0,0,0,0,0,0,0,0,0,0,0,0,0
278102,2023,Los Angeles city,1,Los Angeles city,5,2,11,24,61,36,1,0,0,0,0,0,0,3,0,9,1,0,0,0,0,0,0,0,0,0,0,0,0,0,0,0,0,0,0,0,0,0,0,0,0,0
291110,2023,Los Angeles city,1,Los Angeles city,8,2,15,35,65,43,0,0,0,0,0,0,1,1,4,1,0,0,0,0,0,0,0,0,0,0,0,0,0,0,0,0,0,0,0,0,0,0,0,0,0,0
291120,2023,Los Angeles city,1,Los Angeles city,8,2,15,35,65,43,2,0,0,0,0,0,3,1,16,0,0,0,0,0,0,0,0,0,0,0,0,0,0,0,0,0,0,0,0,0,0,0,0,0,0,0
291130,2023,Los Angeles city,1,Los Angeles city,8,2,15,35,65,43,0,0,0,0,0,0,2,1,34,3,0,0,0,0,0,0,0,0,0,0,0,0,0,0,0,0,0,0,0,0,0,0,0,0,0,0
291210,2023,Los Angeles city,1,Los Angeles city,8,2,15,35,65,43,36,0,0,0,0,0,16,5,5,0,1,0,0,0,0,0,0,0,0,0,0,0,0,0,0,0,0,0,0,0,0,0,0,0,0,0
291220,2023,Los Angeles city,1,Los Angeles city,8,2,15,35,65,43,2,0,0,0,0,0,3,3,7,0,0,0,0,0,0,0,0,0,0,0,0,0,0,0,0,0,0,0,0,0,0,0,0,0,0,0
291300_r1,2023,Los Angeles city,1,Los Angeles city,8,2,15,35,65,43,2,0,0,0,0,0,6,0,2,0,1,0,0,0,0,0,0,0,0,0,0,0,0,0,0,0,0,0,0,0,0,0,0,0,0,0
291300_r2,2023,Los Angeles city,1,Los Angeles city,8,2,15,35,65,44,9,0,0,0,0,0,3,2,2,4,6,0,0,0,0,0,0,0,0,0,0,0,0,0,0,0,0,0,0,0,0,0,0,0,0,0
292001_xw1,2023,,2,Unincorporated - Harbor Gateway,8,2,0,35,65,44,2,0,0,0,0,0,1,0,6,0,0,0,0,0,0,0,0,0,0,0,0,0,0,0,0,0,0,0,0,0,0,0,0,0,0,0
292001_xw2,2023,Los Angeles city,1,Los Angeles city,8,2,15,35,65,44,0,0,0,6,0,0,0,3,9,0,0,0,0,0,0,0,0,0,0,0,0,0,0,0,0,0,0,0,0,0,0,0,0,0,0,0
292002,2023,Los Angeles city,1,Los Angeles city,8,2,15,35,65,44,0,0,0,0,0,0,2,0,6,0,0,0,0,0,0,0,0,0,0,0,0,0,0,0,0,0,0,0,0,0,0,0,0,0,0,0
293203,2023,Los Angeles city,1,Los Angeles city,8,2,15,35,65,44,0,0,0,0,0,0,0,7,0,0,0,0,0,0,0,0,0,0,0,0,0,0,0,0,0,0,0,0,0,0,0,0,0,0,0,0
293204,2023,Los Angeles city,1,Los Angeles city,8,2,15,35,65,44,1,0,0,0,0,0,4,4,3,0,0,0,0,0,0,0,0,0,0,0,0,0,0,0,0,0,0,0,0,0,0,0,0,0,0,0
293205,2023,Los Angeles city,1,Los Angeles city,8,2,15,35,65,44,17,0,0,0,0,0,9,2,3,1,1,0,0,0,0,0,0,0,0,0,0,0,0,0,0,0,0,0,0,0,0,0,0,0,0,0
293206,2023,Los Angeles city,1,Los Angeles city,8,2,15,35,65,44,0,0,0,0,0,0,0,0,24,0,0,0,0,0,0,0,0,0,0,0,0,0,0,0,0,0,0,0,0,0,0,0,0,0,0,0
293301,2023,Los Angeles city,1,Los Angeles city,8,4,15,35,65,36,0,0,0,0,0,0,0,0,0,0,0,0,0,0,0,0,0,0,0,0,0,0,0,0,0,0,0,0,0,0,0,0,0,0,0,0
293302,2023,Los Angeles city,1,Los Angeles city,8,4,15,35,65,36,0,0,0,0,0,0,2,6,4,1,0,0,0,0,0,0,0,0,0,0,0,0,0,0,0,0,0,0,0,0,0,0,0,0,0,0
293304_r1,2023,Los Angeles city,1,Los Angeles city,8,4,15,35,65,36,1,0,0,0,0,0,2,0,2,0,2,0,0,0,0,0,0,0,0,0,0,0,0,0,0,0,0,0,0,0,0,0,0,0,0,0
293304_r2,2023,Los Angeles city,1,Los Angeles city,8,4,15,35,65,44,0,0,0,0,0,0,2,7,3,0,1,0,0,0,0,0,0,0,0,0,0,0,0,0,0,0,0,0,0,0,0,0,0,0,0,0
293306_r1,2023,Los Angeles city,1,Los Angeles city,8,4,15,35,65,36,0,0,0,0,0,0,0,0,0,0,0,0,0,0,0,0,0,0,0,0,0,0,0,0,0,0,0,0,0,0,0,0,0,0,0,0
293306_r2,2023,Los Angeles city,1,Los Angeles city,8,4,15,35,65,44,4,0,0,0,0,0,0,0,3,1,1,0,0,0,0,0,0,0,0,0,0,0,0,0,0,0,0,0,0,0,0,0,0,0,0,0
293307,2023,Los Angeles city,1,Los Angeles city,8,4,15,35,65,44,3,0,0,0,0,0,2,1,0,0,0,0,0,0,0,0,0,0,0,0,0,0,0,0,0,0,0,0,0,0,0,0,0,0,0,0
294110,2023,Los Angeles city,1,Los Angeles city,8,4,15,35,65,44,1,0,0,0,0,0,0,0,0,0,0,0,0,0,0,0,0,0,0,0,0,0,0,0,0,0,0,0,0,0,0,0,0,0,0,0
294120,2023,Los Angeles city,1,Los Angeles city,8,4,15,35,65,44,2,0,0,0,0,0,2,2,15,2,1,0,0,0,0,0,0,0,0,0,0,0,0,0,0,0,0,0,0,0,0,0,0,0,0,0
294200,2023,Los Angeles city,1,Los Angeles city,8,4,15,35,65,44,5,0,0,0,0,0,2,3,6,0,1,0,0,0,0,0,0,0,0,0,0,0,0,0,0,0,0,0,0,0,0,0,0,0,0,0
294301,2023,Los Angeles city,1,Los Angeles city,8,4,15,35,65,44,3,0,0,0,0,0,0,1,0,0,0,0,0,0,0,0,0,0,0,0,0,0,0,0,0,0,0,0,0,0,0,0,0,0,0,0
294302,2023,Los Angeles city,1,Los Angeles city,8,4,15,35,65,44,0,0,0,0,0,0,0,0,0,0,3,0,0,0,0,0,0,0,0,0,0,0,0,0,0,0,0,0,0,0,0,0,0,0,0,0
294410,2023,Los Angeles city,1,Los Angeles city,8,4,15,35,65,44,14,0,0,0,0,0,0,0,0,5,5,0,0,0,0,0,0,0,0,0,0,0,0,0,0,0,0,0,0,0,0,0,0,0,0,0
294421_q1,2023,Los Angeles city,1,Los Angeles city,8,4,15,35,66,44,1,0,0,0,0,0,1,3,1,0,1,0,0,0,0,0,0,0,0,0,0,0,0,0,0,0,0,0,0,0,0,0,0,0,0,0
294421_q2,2023,Los Angeles city,1,Los Angeles city,8,4,15,35,65,36,2,0,0,0,0,0,3,2,7,0,1,0,0,0,0,0,0,0,0,0,0,0,0,0,0,0,0,0,0,0,0,0,0,0,0,0
294421_q3,2023,Los Angeles city,1,Los Angeles city,8,4,15,35,65,44,1,0,0,0,0,0,0,0,1,1,0,0,0,0,0,0,0,0,0,0,0,0,0,0,0,0,0,0,0,0,0,0,0,0,0,0
294421_q4,2023,Los Angeles city,1,Los Angeles city,8,4,15,35,66,44,5,0,0,0,0,0,3,1,2,0,1,0,0,0,0,0,0,0,0,0,0,0,0,0,0,0,0,0,0,0,0,0,0,0,0,0
294510,2023,Los Angeles city,1,Los Angeles city,8,4,15,35,65,44,9,0,0,0,0,0,1,2,12,0,0,0,0,0,0,0,0,0,0,0,0,0,0,0,0,0,0,0,0,0,0,0,0,0,0,0
294520,2023,Los Angeles city,1,Los Angeles city,8,4,15,35,65,44,2,0,0,0,0,0,0,0,0,0,1,0,0,0,0,0,0,0,0,0,0,0,0,0,0,0,0,0,0,0,0,0,0,0,0,0
294610,2023,Los Angeles city,1,Los Angeles city,8,4,15,35,65,44,3,0,0,0,0,0,0,0,1,0,0,0,0,0,0,0,0,0,0,0,0,0,0,0,0,0,0,0,0,0,0,0,0,0,0,0
294620,2023,Los Angeles city,1,Los Angeles city,8,4,15,35,65,44,4,0,0,0,0,0,6,1,37,0,0,0,0,0,0,0,0,0,0,0,0,0,0,0,0,0,0,0,0,0,0,0,0,0,0,0
294701,2023,Los Angeles city,1,Los Angeles city,8,4,15,35,65,44,33,1,6,0,0,0,42,28,46,24,7,120,0,0,2,0,0,0,0,0,0,0,0,0,0,0,0,0,0,0,0,0,122,0,0,122
294810,2023,Los Angeles city,1,Los Angeles city,8,4,15,35,65,44,4,0,0,0,0,0,0,2,1,0,0,0,0,0,0,0,0,0,0,0,0,0,0,0,0,0,0,0,0,0,0,0,0,0,0,0
294820,2023,Los Angeles city,1,Los Angeles city,8,4,15,35,65,44,6,0,0,0,0,0,4,8,11,1,0,0,0,0,0,0,0,0,0,0,0,0,0,0,0,0,0,0,0,0,0,0,0,0,0,0
294830,2023,Los Angeles city,1,Los Angeles city,8,4,15,35,65,44,13,0,0,0,0,0,0,8,14,0,2,0,0,0,0,0,0,0,0,0,0,0,0,0,0,0,0,0,0,0,0,0,0,0,0,0
294900_r1,2023,Los Angeles city,1,Los Angeles city,8,4,15,35,65,44,0,0,0,0,0,0,5,7,6,6,4,0,0,0,0,0,0,0,0,0,0,0,0,0,0,0,0,0,0,0,0,0,0,0,0,0
294900_r2,2023,Los Angeles city,1,Los Angeles city,8,4,15,35,66,44,0,0,0,0,0,0,0,0,1,2,3,0,0,0,0,0,0,0,0,0,0,0,0,0,0,0,0,0,0,0,0,0,0,0,0,0
295103_q1,2023,Los Angeles city,1,Los Angeles city,8,4,15,35,65,44,0,0,0,0,0,0,0,0,0,0,0,0,0,0,0,0,0,0,0,0,0,0,0,0,0,0,0,0,0,0,0,0,0,0,0,0
295103_q2,2023,Los Angeles city,1,Los Angeles city,8,4,15,35,65,44,0,0,0,0,0,0,0,0,0,0,0,0,0,0,0,0,0,0,0,0,0,0,0,0,0,0,0,0,0,0,0,0,0,0,0,0
295103_q3,2023,Los Angeles city,1,Los Angeles city,8,4,15,35,66,44,13,0,0,0,0,0,23,17,20,4,10,0,0,0,0,0,0,0,0,0,0,0,0,0,0,0,0,0,0,0,0,0,0,0,0,0
296210,2023,Los Angeles city,1,Los Angeles city,8,4,15,35,65,44,17,0,0,0,0,0,18,10,11,14,19,66,0,0,2,0,0,0,0,0,0,0,0,0,0,0,0,0,0,0,0,0,68,0,0,68
296220,2023,Los Angeles city,1,Los Angeles city,8,4,15,35,65,44,14,0,0,0,0,0,4,6,9,2,7,0,0,0,0,0,0,0,0,0,0,0,0,0,0,0,0,0,0,0,0,0,0,0,0,0
296300,2023,Los Angeles city,1,Los Angeles city,8,4,15,35,66,44,5,0,0,0,0,0,2,0,4,0,0,0,0,0,0,0,0,0,0,0,0,0,0,0,0,0,0,0,0,0,0,0,0,0,0,0
296401,2023,Los Angeles city,1,Los Angeles city,8,4,15,35,66,44,0,0,0,0,0,0,0,0,0,0,0,0,0,0,0,0,0,0,0,0,0,0,0,0,0,0,0,0,0,0,0,0,0,0,0,0
296402,2023,Los Angeles city,1,Los Angeles city,8,4,15,35,66,44,0,0,0,0,0,0,0,0,0,0,0,0,0,0,0,0,0,0,0,0,0,0,0,0,0,0,0,0,0,0,0,0,0,0,0,0
296500_r1,2023,Los Angeles city,1,Los Angeles city,8,4,15,35,65,44,3,0,0,0,0,0,0,1,0,0,0,0,0,0,0,0,0,0,0,0,0,0,0,0,0,0,0,0,0,0,0,0,0,0,0,0
296500_r2,2023,Los Angeles city,1,Los Angeles city,8,4,15,35,66,44,0,0,0,0,0,0,3,2,1,0,0,0,0,0,0,0,0,0,0,0,0,0,0,0,0,0,0,0,0,0,0,0,0,0,0,0
296600_r1,2023,Los Angeles city,1,Los Angeles city,8,4,15,35,65,44,8,0,0,0,0,0,0,0,0,0,0,0,0,0,0,0,0,0,13,0,0,2,0,0,0,0,0,0,0,0,0,0,0,15,0,15
296600_r2,2023,Los Angeles city,1,Los Angeles city,8,4,15,35,66,44,0,0,0,0,0,0,0,0,0,0,0,0,0,0,0,0,0,0,0,0,0,0,0,0,0,0,0,0,0,0,0,0,0,0,0,0
296901_q1,2023,Los Angeles city,1,Los Angeles city,8,4,15,35,65,44,4,0,0,0,0,0,0,0,0,0,3,0,0,0,0,0,0,0,0,1,3,0,0,0,0,0,0,0,0,0,0,0,0,3,0,3
296901_q2,2023,Los Angeles city,1,Los Angeles city,8,4,15,35,65,44,1,0,0,0,0,0,0,0,0,0,0,0,0,0,0,0,0,0,0,0,0,0,0,0,0,0,0,0,0,0,0,0,0,0,0,0
296901_q3,2023,Los Angeles city,1,Los Angeles city,8,4,15,35,66,44,0,0,0,0,0,0,0,1,0,0,0,0,0,0,0,0,0,0,0,0,0,0,0,0,0,0,0,0,0,0,0,0,0,0,0,0
296902_r1,2023,Los Angeles city,1,Los Angeles city,8,4,15,35,65,44,2,0,0,0,0,0,0,0,0,0,0,0,5,13,0,0,0,0,0,0,0,0,0,0,0,0,0,0,0,0,0,0,13,0,0,13
296902_r2,2023,Los Angeles city,1,Los Angeles city,8,4,15,35,66,44,0,0,0,0,0,0,0,6,1,0,0,0,0,0,0,0,0,0,0,0,0,0,0,0,0,0,0,0,0,0,0,0,0,0,0,0
297001,2023,Los Angeles city,1,Los Angeles city,8,4,15,35,66,44,0,0,0,0,0,0,0,0,1,0,0,0,0,0,0,0,0,0,0,0,0,0,0,0,0,0,0,0,0,0,0,0,0,0,0,0
297002,2023,Los Angeles city,1,Los Angeles city,8,4,15,35,66,44,0,0,0,0,0,0,1,2,6,0,0,0,0,0,0,0,0,0,0,0,0,0,0,0,0,0,0,0,0,0,0,0,0,0,0,0
297110,2023,Los Angeles city,1,Los Angeles city,8,4,15,35,65,44,25,0,0,6,0,0,4,2,0,0,0,30,0,0,0,0,0,0,0,0,0,0,0,0,0,0,0,0,0,0,0,0,30,0,0,30
297120,2023,Los Angeles city,1,Los Angeles city,8,4,15,35,65,44,12,0,0,0,0,0,0,0,9,1,1,0,0,0,0,0,0,0,0,0,0,0,0,0,0,0,0,0,0,0,0,0,0,0,0,0
297201_r1,2023,Los Angeles city,1,Los Angeles city,8,4,15,35,65,44,8,0,0,0,0,0,0,0,0,1,0,0,0,0,0,0,0,0,0,0,0,0,0,0,0,0,0,0,0,0,0,0,0,0,0,0
297201_r2,2023,Los Angeles city,1,Los Angeles city,8,4,15,35,66,44,0,0,0,0,0,0,0,0,0,0,0,0,0,0,0,0,0,0,0,0,0,0,0,0,0,0,0,0,0,0,0,0,0,0,0,0
297202_r1,2023,Los Angeles city,1,Los Angeles city,8,4,15,35,65,44,0,0,0,0,0,0,0,0,0,0,0,0,0,0,0,0,0,0,0,0,0,0,0,0,0,0,0,0,0,0,0,0,0,0,0,0
297202_r2,2023,Los Angeles city,1,Los Angeles city,8,4,15,35,66,44,0,0,0,0,0,0,0,0,2,0,0,0,0,0,0,0,0,0,0,0,0,0,0,0,0,0,0,0,0,0,0,0,0,0,0,0
297300_r1,2023,Los Angeles city,1,Los Angeles city,8,4,15,35,65,44,0,0,0,0,0,0,0,0,0,0,0,0,0,0,0,0,0,0,0,0,0,0,0,0,0,0,0,0,0,0,0,0,0,0,0,0
297300_r2,2023,Los Angeles city,1,Los Angeles city,8,4,15,35,66,44,0,0,0,0,0,0,0,0,0,0,0,0,0,0,0,0,0,0,0,0,0,0,0,0,0,0,0,0,0,0,0,0,0,0,0,0
297400,2023,Los Angeles city,1,Los Angeles city,8,4,15,35,66,44,0,0,0,0,0,0,0,0,0,0,0,0,0,0,0,0,0,0,0,0,0,0,0,0,0,0,0,0,0,0,0,0,0,0,0,0
297501,2023,Los Angeles city,1,Los Angeles city,8,4,15,35,65,44,0,0,0,0,0,0,2,1,0,0,0,0,0,0,0,0,0,0,0,0,0,0,0,0,0,0,0,0,0,0,0,0,0,0,0,0
297502,2023,Los Angeles city,1,Los Angeles city,8,4,15,35,65,44,0,0,0,0,0,0,0,0,0,1,0,0,0,0,0,0,0,0,0,0,0,0,0,0,0,0,0,0,0,0,0,0,0,0,0,0
297601,2023,Los Angeles city,1,Los Angeles city,8,4,15,35,65,44,1,0,0,0,0,0,1,0,0,0,0,0,0,0,0,0,0,0,0,0,0,0,0,0,0,0,0,0,0,0,0,0,0,0,0,0
297602,2023,Los Angeles city,1,Los Angeles city,8,4,15,35,65,44,0,0,0,0,0,0,0,0,0,0,0,0,0,0,0,0,0,0,0,0,0,0,0,0,0,0,0,0,0,0,0,0,0,0,0,0
300100,2023,,2,La Crescenta-Montrose CDP,2,5,0,25,44,28,0,0,0,0,0,0,0,0,0,0,0,0,0,0,0,0,0,0,0,0,0,0,0,0,0,0,0,0,0,0,0,0,0,0,0,0
300200,2023,,2,La Crescenta-Montrose CDP,2,5,0,25,44,28,0,0,0,0,0,0,0,0,0,0,0,0,0,0,0,0,0,0,0,0,0,0,0,0,0,0,0,0,0,0,0,0,0,0,0,0
300501,2023,,2,La Crescenta-Montrose CDP,2,5,0,25,44,28,1,0,0,0,0,0,0,0,0,0,0,0,0,0,0,0,0,0,0,0,0,0,0,0,0,0,0,0,0,0,0,0,0,0,0,0
300503,2023,,2,La Crescenta-Montrose CDP,2,5,0,25,44,28,1,0,0,0,0,0,0,0,0,0,0,0,0,0,0,0,0,0,0,0,0,0,0,0,0,0,0,0,0,0,0,0,0,0,0,0
310100,2023,Burbank city,2,Burbank city,2,5,0,20,44,30,2,0,0,0,0,0,1,0,0,0,0,0,0,0,0,0,0,0,0,0,0,0,0,0,0,0,0,0,0,0,0,0,0,0,0,0
310201,2023,Burbank city,2,Burbank city,2,5,0,20,44,30,0,0,0,0,0,0,0,0,0,0,0,0,0,0,0,0,0,0,0,0,0,0,0,0,0,0,0,0,0,0,0,0,0,0,0,0
310202,2023,Burbank city,2,Burbank city,2,5,0,20,44,30,0,0,0,0,0,0,0,0,0,0,0,0,0,0,0,0,0,0,0,0,0,0,0,0,0,0,0,0,0,0,0,0,0,0,0,0
310300,2023,Burbank city,2,Burbank city,2,5,0,20,44,30,0,0,0,0,0,0,0,0,0,0,0,0,0,0,0,0,0,0,0,0,0,0,0,0,0,0,0,0,0,0,0,0,0,0,0,0
310400,2023,Burbank city,2,Burbank city,2,5,0,20,44,30,0,0,0,0,0,0,2,2,0,0,0,0,0,0,0,0,0,0,0,0,0,0,0,0,0,0,0,0,0,0,0,0,0,0,0,0
310501,2023,Burbank city,2,Burbank city,2,5,0,20,44,30,4,0,0,0,0,0,2,1,1,0,0,0,0,0,0,0,0,0,0,3,9,0,0,0,0,0,0,0,0,0,0,0,0,9,0,9
310601,2023,Burbank city,2,Burbank city,2,5,0,20,44,30,3,0,0,0,0,0,0,0,0,0,0,0,0,0,0,0,0,0,0,5,11,0,0,0,0,0,0,0,0,0,0,0,0,11,0,11
310602,2023,Burbank city,2,Burbank city,2,5,0,20,44,30,5,0,0,0,0,0,2,0,0,0,2,0,0,0,0,0,0,0,0,0,0,0,0,0,0,0,0,0,0,0,0,0,0,0,0,0
310701,2023,Burbank city,2,Burbank city,2,5,0,20,44,30,4,0,0,0,0,0,0,0,0,0,0,0,0,0,0,0,0,0,0,0,0,0,0,0,0,0,0,0,0,0,0,0,0,0,0,0
310703,2023,Burbank city,2,Burbank city,2,5,0,20,44,30,4,0,0,0,0,0,1,1,2,1,2,0,0,0,0,0,0,0,0,0,0,0,0,0,0,0,0,0,0,0,0,0,0,0,0,0
310704,2023,Burbank city,2,Burbank city,2,5,0,20,44,30,8,0,0,0,0,0,0,0,0,0,5,0,0,0,0,0,0,0,0,0,0,0,0,0,0,0,0,0,0,0,0,0,0,0,0,0
310705,2023,Burbank city,2,Burbank city,2,5,0,20,44,30,4,0,0,0,0,0,0,2,1,0,0,0,0,0,0,0,0,0,0,0,0,0,0,0,0,0,0,0,0,0,0,0,0,0,0,0
310800,2023,Burbank city,2,Burbank city,2,5,0,20,44,30,5,0,0,0,0,0,6,4,1,0,0,0,0,0,18,0,0,0,1,0,0,15,0,0,0,0,0,0,0,0,0,0,18,16,0,34
310900,2023,Burbank city,2,Burbank city,2,5,0,20,44,30,1,0,0,0,0,0,1,2,3,0,1,0,0,0,0,0,0,0,0,0,0,0,0,0,0,0,0,0,0,0,0,0,0,0,0,0
311000,2023,Burbank city,2,Burbank city,2,5,0,20,44,30,5,0,0,0,0,0,3,0,0,1,0,0,0,0,0,0,0,0,0,3,12,0,0,0,0,0,0,0,0,0,0,0,0,12,0,12
311100,2023,Burbank city,2,Burbank city,2,5,0,20,44,30,2,0,0,0,0,0,0,0,2,0,1,0,0,0,0,0,0,0,0,0,0,0,0,0,0,0,0,0,0,0,0,0,0,0,0,0
311200,2023,Burbank city,2,Burbank city,2,5,0,20,44,30,0,0,0,0,0,0,1,0,0,0,0,0,0,0,0,0,0,0,0,0,0,0,0,0,0,0,0,0,0,0,0,0,0,0,0,0
311300,2023,Burbank city,2,Burbank city,2,5,0,20,44,30,1,0,0,0,0,0,0,0,0,0,1,0,0,0,0,0,0,0,0,0,0,0,0,0,0,0,0,0,0,0,0,0,0,0,0,0
311400,2023,Burbank city,2,Burbank city,2,5,0,20,44,30,1,0,0,0,0,0,0,1,2,0,0,0,0,0,0,0,0,0,0,0,0,0,0,0,0,0,0,0,0,0,0,0,0,0,0,0
311500,2023,Burbank city,2,Burbank city,2,5,0,20,44,30,0,0,0,0,0,0,2,3,0,0,0,0,0,0,0,0,0,0,0,0,0,0,0,0,0,0,0,0,0,0,0,0,0,0,0,0
311601,2023,Burbank city,2,Burbank city,2,5,0,20,44,30,1,0,0,0,0,0,0,2,3,0,1,0,0,0,0,0,0,0,0,0,0,0,0,0,0,0,0,0,0,0,0,0,0,0,0,0
311602,2023,Burbank city,2,Burbank city,2,5,0,20,44,30,1,0,0,0,0,0,0,0,0,0,0,0,0,0,0,0,0,0,0,0,0,0,0,0,0,0,0,0,0,0,0,0,0,0,0,0
311700,2023,Burbank city,2,Burbank city,2,5,0,20,44,30,2,0,0,0,0,0,2,0,0,0,0,0,0,0,0,0,0,0,0,0,0,0,0,0,0,0,0,0,0,0,0,0,0,0,0,0
311801,2023,Burbank city,2,Burbank city,2,5,0,20,44,30,0,0,0,0,0,0,0,0,0,0,0,0,0,0,0,0,0,0,0,0,0,6,0,0,0,0,0,0,0,0,0,0,0,6,0,6
311802,2023,Burbank city,2,Burbank city,2,5,0,20,44,30,2,0,0,0,0,0,1,1,0,0,0,0,0,0,0,0,0,0,0,0,0,0,0,0,0,0,0,0,0,0,0,0,0,0,0,0
320101,2023,San Fernando city,2,San Fernando city,2,3,0,20,43,29,0,0,0,0,0,0,0,4,0,0,0,0,0,0,0,0,0,0,0,0,0,0,0,0,0,0,0,0,0,0,0,0,0,0,0,0
320102,2023,San Fernando city,2,San Fernando city,2,3,0,20,43,29,7,0,0,0,0,0,9,0,0,0,3,0,0,0,0,0,0,0,0,0,0,0,0,0,0,0,0,0,0,0,0,0,0,0,0,0
320201,2023,San Fernando city,2,San Fernando city,2,3,0,20,43,29,6,0,0,0,0,0,0,1,1,0,0,0,0,0,0,0,0,0,0,0,0,0,0,0,0,0,0,0,0,0,0,0,0,0,0,0
320202,2023,San Fernando city,2,San Fernando city,2,3,0,20,43,29,0,0,0,0,0,0,1,0,0,0,2,0,0,0,0,0,0,0,0,0,0,0,0,0,0,0,0,0,0,0,0,0,0,0,0,0
320300,2023,San Fernando city,2,San Fernando city,2,3,0,20,43,29,13,0,0,0,0,0,1,1,1,2,4,0,0,0,0,0,0,0,0,0,0,0,0,0,0,0,0,0,0,0,0,0,0,0,0,0
400205_w1,2023,,2,Unincorporated - Claremont,3,5,0,25,41,28,0,0,0,0,0,0,0,0,0,0,0,0,0,0,0,0,0,0,0,0,0,0,0,0,0,0,0,0,0,0,0,0,0,0,0,0
400205_w2,2023,,2,Unincorporated - La Verne,3,5,0,25,41,28,0,0,0,0,0,0,0,0,0,0,0,0,0,0,0,0,0,0,0,0,0,0,0,0,0,0,0,0,0,0,0,0,0,0,0,0
400205_w3,2023,,2,Unincorporated - Padua Hills,3,5,0,25,41,28,0,0,0,0,0,0,0,0,0,0,0,0,0,0,0,0,0,0,0,0,0,0,0,0,0,0,0,0,0,0,0,0,0,0,0,0
400205_w4,2023,Claremont city,2,Claremont city,3,5,0,25,41,28,0,0,0,0,0,0,0,0,0,0,0,0,0,0,0,0,0,0,0,0,0,0,0,0,0,0,0,0,0,0,0,0,0,0,0,0
400206_w1,2023,,2,Unincorporated - Claremont,3,5,0,25,41,28,0,0,0,0,0,0,0,0,0,0,0,0,0,0,0,0,0,0,0,0,0,0,0,0,0,0,0,0,0,0,0,0,0,0,0,0
400206_w2,2023,Claremont city,2,Claremont city,3,5,0,25,41,28,0,0,0,0,0,0,0,0,1,0,0,0,0,0,0,0,0,0,0,0,0,0,0,0,0,0,0,0,0,0,0,0,0,0,0,0
400207,2023,La Verne city,2,La Verne city,3,5,0,22,41,31,0,0,0,0,0,0,0,0,0,0,0,0,0,0,0,0,0,0,0,0,0,0,0,0,0,0,0,0,0,0,0,0,0,0,0,0
400208,2023,La Verne city,2,La Verne city,3,5,0,22,41,31,0,0,0,0,0,0,0,0,0,0,0,0,0,0,0,0,0,0,0,0,0,0,0,0,0,0,0,0,0,0,0,0,0,0,0,0
400209_w1,2023,,2,Unincorporated - La Verne,3,5,0,25,41,28,0,0,0,0,0,0,0,0,0,0,0,0,0,0,0,0,0,0,0,0,0,0,0,0,0,0,0,0,0,0,0,0,0,0,0,0
400209_w2,2023,La Verne city,2,La Verne city,3,5,0,22,41,31,0,0,0,0,0,0,0,0,0,0,0,0,0,0,0,0,0,0,0,0,0,0,0,0,0,0,0,0,0,0,0,0,0,0,0,0
400304,2023,San Dimas city,2,San Dimas city,3,5,0,22,41,31,2,0,0,0,0,0,0,0,0,0,0,0,0,0,0,0,0,0,0,0,0,0,0,0,0,0,0,0,0,0,0,0,0,0,0,0
400402_r1,2023,Glendora city,2,Glendora city,3,5,0,25,48,28,0,0,0,0,0,0,0,0,0,0,0,0,0,0,0,0,0,0,0,0,0,0,0,0,0,0,0,0,0,0,0,0,0,0,0,0
400402_r2,2023,Glendora city,2,Glendora city,3,5,0,25,48,31,0,0,0,0,0,0,0,0,0,0,0,0,0,0,0,0,0,0,0,0,0,0,0,0,0,0,0,0,0,0,0,0,0,0,0,0
400403_w1,2023,,2,Unincorporated - La Verne,3,5,0,22,41,31,0,0,0,0,0,0,0,0,0,0,0,0,0,0,0,0,0,0,0,0,0,0,0,0,0,0,0,0,0,0,0,0,0,0,0,0
400403_w2,2023,San Dimas city,2,San Dimas city,3,5,0,22,41,31,0,0,0,0,0,0,0,0,0,0,0,0,0,0,0,0,0,0,0,0,0,0,0,0,0,0,0,0,0,0,0,0,0,0,0,0
400404_w1,2023,,2,Unincorporated - Glendora,3,5,0,25,41,28,0,0,0,0,0,0,0,0,0,0,0,0,0,0,0,0,0,0,0,0,0,0,0,0,0,0,0,0,0,0,0,0,0,0,0,0
400404_w2,2023,,2,Unincorporated - Glendora,3,5,0,25,48,28,0,0,0,0,0,0,0,0,0,0,0,0,0,0,0,0,0,0,0,0,0,0,0,0,0,0,0,0,0,0,0,0,0,0,0,0
400404_w3,2023,Glendora city,2,Glendora city,3,5,0,25,48,28,0,0,0,0,0,0,0,0,0,0,0,0,0,0,0,0,0,0,0,0,0,0,0,0,0,0,0,0,0,0,0,0,0,0,0,0
400404_w4,2023,Glendora city,2,Glendora city,3,5,0,25,48,31,0,0,0,0,0,0,0,0,0,0,0,0,0,0,0,0,0,0,0,0,0,0,0,0,0,0,0,0,0,0,0,0,0,0,0,0
400501_yw1,2023,,2,Unincorporated - Azusa,3,1,0,25,41,28,0,0,0,0,0,0,0,0,0,0,0,0,0,0,0,0,0,0,0,0,0,0,0,0,0,0,0,0,0,0,0,0,0,0,0,0
400501_yw2,2023,,2,Unincorporated - Glendora,3,5,0,25,41,28,0,0,0,0,0,0,0,0,0,0,0,0,0,0,0,0,0,0,0,0,0,0,0,0,0,0,0,0,0,0,0,0,0,0,0,0
400501_yw3,2023,,2,Unincorporated - Glendora,3,5,0,25,48,28,0,0,0,0,0,0,0,0,0,0,0,0,0,0,0,0,0,0,0,0,0,0,0,0,0,0,0,0,0,0,0,0,0,0,0,0
400501_yw4,2023,Glendora city,2,Glendora city,3,5,0,25,48,28,0,0,0,0,0,0,0,0,0,0,0,0,0,0,0,0,0,0,0,0,0,0,0,0,0,0,0,0,0,0,0,0,0,0,0,0
400602,2023,Azusa city,2,Azusa city,3,1,0,22,48,31,8,0,0,0,0,0,0,0,0,0,0,0,0,0,0,0,0,0,0,0,0,0,0,0,0,0,0,0,0,0,0,0,0,0,0,0
400603,2023,Azusa city,2,Azusa city,3,1,0,22,48,31,29,0,0,0,0,0,0,1,0,13,23,0,0,0,0,0,0,0,0,0,0,0,0,0,0,0,0,0,0,0,0,0,0,0,0,0
400605_w1,2023,,2,Unincorporated - Azusa,3,1,0,22,48,31,0,0,0,0,0,0,0,0,0,0,0,0,0,0,0,0,0,0,0,0,0,0,0,0,0,0,0,0,0,0,0,0,0,0,0,0
400605_w2,2023,Azusa city,2,Azusa city,3,1,0,22,48,31,0,0,0,0,0,0,0,0,0,0,0,0,0,0,0,0,0,0,0,0,0,0,0,0,0,0,0,0,0,0,0,0,0,0,0,0
400801_yw1,2023,Azusa city,2,Azusa city,3,1,0,22,48,31,7,0,0,0,0,0,0,0,0,0,1,0,0,0,0,0,0,0,0,0,0,0,0,0,0,0,0,0,0,0,0,0,0,0,0,0
400801_yw2,2023,Glendora city,2,Glendora city,3,5,0,25,48,31,0,0,0,0,0,0,0,0,0,0,0,0,0,0,0,0,0,0,0,0,0,0,0,0,0,0,0,0,0,0,0,0,0,0,0,0
400801_yw3,2023,,2,Citrus CDP,3,5,0,22,48,31,0,0,0,0,0,0,0,0,0,0,0,0,0,0,0,0,0,0,0,0,0,0,0,0,0,0,0,0,0,0,0,0,0,0,0,0
401001,2023,Glendora city,2,Glendora city,3,5,0,25,48,31,0,0,0,0,0,0,3,0,0,0,0,0,0,0,0,0,0,0,0,0,0,0,0,0,0,0,0,0,0,0,0,0,0,0,0,0
401002_r1,2023,Glendora city,2,Glendora city,3,5,0,25,48,28,0,0,0,0,0,0,0,0,0,0,0,0,0,0,0,0,0,0,0,0,0,0,0,0,0,0,0,0,0,0,0,0,0,0,0,0
401002_r2,2023,Glendora city,2,Glendora city,3,5,0,25,48,31,0,0,0,0,0,0,0,2,0,0,0,0,0,0,0,0,0,0,0,0,0,0,0,0,0,0,0,0,0,0,0,0,0,0,0,0
401101,2023,Glendora city,2,Glendora city,3,5,0,25,48,31,2,0,0,0,0,0,0,0,0,0,0,0,0,0,0,0,0,0,0,0,0,0,0,0,0,0,0,0,0,0,0,0,0,0,0,0
401102,2023,Glendora city,2,Glendora city,3,5,0,25,48,31,5,0,0,0,0,0,1,2,0,0,0,0,0,0,0,0,0,0,0,0,0,0,0,0,0,0,0,0,0,0,0,0,0,0,0,0
401201,2023,Glendora city,2,Glendora city,3,5,0,25,48,31,0,0,0,0,0,0,0,0,0,0,0,0,0,0,0,0,0,0,0,0,0,0,0,0,0,0,0,0,0,0,0,0,0,0,0,0
401202_w1,2023,Glendora city,2,Glendora city,3,5,0,25,48,31,6,0,0,0,0,0,0,0,0,3,5,0,0,0,0,0,0,0,0,0,0,0,0,0,0,0,0,0,0,0,0,0,0,0,0,0
401202_w2,2023,San Dimas city,2,San Dimas city,3,5,0,22,41,31,2,0,0,0,0,0,0,0,0,1,1,0,0,0,0,0,0,0,0,0,0,0,0,0,0,0,0,0,0,0,0,0,0,0,0,0
401203,2023,Glendora city,2,Glendora city,3,5,0,25,48,31,0,0,0,0,0,0,0,0,3,0,0,0,0,0,0,0,0,0,0,0,0,0,0,0,0,0,0,0,0,0,0,0,0,0,0,0
401303_yw1,2023,,2,Unincorporated - Covina,3,1,0,22,41,31,0,0,0,0,0,0,0,0,0,0,0,0,0,0,0,0,0,0,0,0,0,0,0,0,0,0,0,0,0,0,0,0,0,0,0,0
401303_yw2,2023,San Dimas city,2,San Dimas city,3,5,0,22,41,31,0,0,0,0,0,0,0,0,0,0,0,0,0,0,0,0,0,0,0,0,0,0,0,0,0,0,0,0,0,0,0,0,0,0,0,0
401304_w1,2023,,2,Unincorporated - East Covina,3,5,0,22,41,31,0,0,0,0,0,0,0,0,0,0,0,0,0,0,0,0,0,0,0,0,0,0,0,0,0,0,0,0,0,0,0,0,0,0,0,0
401304_w2,2023,San Dimas city,2,San Dimas city,3,5,0,22,41,31,0,0,0,0,0,0,0,0,0,0,0,0,0,0,0,0,0,0,0,0,0,0,0,0,0,0,0,0,0,0,0,0,0,0,0,0
401311_w1,2023,Glendora city,2,Glendora city,3,5,0,25,48,31,0,0,0,0,0,0,0,0,0,0,0,0,0,0,0,0,0,0,0,0,0,0,0,0,0,0,0,0,0,0,0,0,0,0,0,0
401311_w2,2023,San Dimas city,2,San Dimas city,3,5,0,22,41,31,0,0,0,0,0,0,0,0,0,0,1,0,0,0,0,0,0,0,0,0,0,0,0,0,0,0,0,0,0,0,0,0,0,0,0,0
401312_w1,2023,,2,Unincorporated - East Covina,3,5,0,22,41,31,0,0,0,0,0,0,0,0,0,0,0,0,0,0,0,0,0,0,0,0,0,0,0,0,0,0,0,0,0,0,0,0,0,0,0,0
401312_w2,2023,San Dimas city,2,San Dimas city,3,5,0,22,41,31,0,0,0,0,0,0,0,0,0,0,0,0,0,0,0,0,0,0,0,0,0,0,0,0,0,0,0,0,0,0,0,0,0,0,0,0
401500,2023,La Verne city,2,La Verne city,3,1,0,22,41,31,1,0,0,0,0,0,0,0,0,0,0,0,0,0,0,0,0,0,0,0,0,0,0,0,0,0,0,0,0,0,0,0,0,0,0,0
401601_w1,2023,,2,Unincorporated - La Verne,3,5,0,22,41,28,0,0,0,0,0,0,0,0,0,0,0,0,0,0,0,0,0,0,0,0,0,0,0,0,0,0,0,0,0,0,0,0,0,0,0,0
401601_w2,2023,La Verne city,2,La Verne city,3,5,0,22,41,31,3,0,0,0,0,0,0,0,0,0,1,0,0,0,0,0,0,0,0,0,0,0,0,0,0,0,0,0,0,0,0,0,0,0,0,0
401602,2023,La Verne city,2,La Verne city,3,5,0,22,41,31,1,0,0,0,0,0,0,0,0,0,1,0,0,0,0,0,0,0,0,0,0,0,0,0,0,0,0,0,0,0,0,0,0,0,0,0
401705_yw1,2023,,2,Unincorporated - Pomona,3,1,0,22,53,35,0,0,0,0,0,0,0,0,0,0,0,0,0,0,0,0,0,0,0,0,0,0,0,0,0,0,0,0,0,0,0,0,0,0,0,0
401705_yw2,2023,Claremont city,2,Claremont city,3,5,0,25,41,28,0,0,0,0,0,0,0,0,0,0,0,0,0,0,0,0,0,0,0,0,0,0,0,0,0,0,0,0,0,0,0,0,0,0,0,0
401706,2023,Pomona city,2,Pomona city,3,1,0,22,53,35,6,0,0,0,0,0,0,0,0,0,0,0,0,0,0,0,0,0,0,0,0,0,0,0,0,0,0,0,0,0,0,0,0,0,0,0
401707_w1,2023,,2,Unincorporated - Pomona,3,1,0,22,53,35,0,0,0,0,0,0,0,0,0,0,0,0,0,0,0,0,0,0,0,0,0,0,0,0,0,0,0,0,0,0,0,0,0,0,0,0
401707_w2,2023,Pomona city,2,Pomona city,3,1,0,22,53,35,9,0,0,0,0,0,0,0,0,0,0,0,0,0,0,0,0,0,0,0,0,0,0,0,0,0,0,0,0,0,0,0,0,0,0,0
401801,2023,Claremont city,2,Claremont city,3,5,0,25,41,28,0,0,0,0,0,0,2,0,0,0,0,0,0,0,0,0,0,0,0,0,0,0,0,0,0,0,0,0,0,0,0,0,0,0,0,0
401802,2023,Claremont city,2,Claremont city,3,5,0,25,41,28,0,0,0,0,0,0,0,0,0,0,0,0,0,0,0,0,0,0,0,0,0,0,0,0,0,0,0,0,0,0,0,0,0,0,0,0
401901,2023,Claremont city,2,Claremont city,3,5,0,25,41,28,0,0,0,0,0,0,0,0,0,0,0,0,0,0,0,0,0,0,0,0,0,0,0,0,0,0,0,0,0,0,0,0,0,0,0,0
401902,2023,Claremont city,2,Claremont city,3,5,0,25,41,28,6,0,0,0,0,0,1,0,0,0,0,0,0,0,0,0,0,0,0,0,0,0,0,0,0,0,0,0,0,0,0,0,0,0,0,0
402001,2023,Claremont city,2,Claremont city,3,5,0,25,41,28,1,0,0,0,0,0,0,0,0,0,1,0,0,0,0,0,0,0,0,0,0,0,0,0,0,0,0,0,0,0,0,0,0,0,0,0
402002,2023,Claremont city,2,Claremont city,3,5,0,25,41,28,4,0,0,0,0,0,0,0,0,0,0,0,0,0,0,0,0,0,0,0,0,0,0,0,0,0,0,0,0,0,0,0,0,0,0,0
402101,2023,Pomona city,2,Pomona city,3,1,0,22,53,35,0,0,0,0,0,0,0,0,0,0,0,5,12,25,0,0,0,0,0,0,0,0,0,0,0,0,0,0,0,0,0,0,30,0,0,30
402102,2023,Pomona city,2,Pomona city,3,1,0,22,53,35,13,0,0,0,0,0,0,0,0,3,1,3,0,0,0,0,0,0,0,0,0,0,0,0,0,0,0,0,0,0,0,0,3,0,0,3
402200,2023,Pomona city,2,Pomona city,3,1,0,22,53,35,5,0,0,0,0,0,2,0,0,1,4,0,0,0,0,0,0,0,0,0,0,0,0,0,0,0,0,0,0,0,0,0,0,0,0,0
402301,2023,Pomona city,2,Pomona city,3,1,0,22,53,35,3,0,0,0,0,0,0,0,1,0,0,0,0,0,0,0,0,0,0,0,0,0,0,0,0,0,0,0,0,0,0,0,0,0,0,0
402303,2023,Pomona city,2,Pomona city,3,1,0,22,53,35,22,0,0,0,0,0,2,3,0,0,0,0,0,0,0,0,0,0,0,0,0,0,0,0,0,0,0,0,0,0,0,0,0,0,0,0
402304,2023,Pomona city,2,Pomona city,3,1,0,22,53,35,0,0,0,0,0,0,2,0,0,3,0,0,0,0,0,0,0,0,0,0,0,0,0,0,0,0,0,0,0,0,0,0,0,0,0,0
402403,2023,Pomona city,2,Pomona city,3,1,0,22,53,35,4,0,0,0,0,0,0,0,2,0,0,0,0,0,0,0,0,0,0,0,0,0,0,0,0,0,0,0,0,0,0,0,0,0,0,0
402404_w1,2023,,2,Unincorporated - Pomona,3,1,0,30,53,35,1,0,0,0,0,0,0,0,0,0,0,1,0,0,1,0,0,0,0,0,0,0,0,0,0,0,0,0,0,0,0,0,2,0,0,2
402404_w2,2023,Pomona city,2,Pomona city,3,1,0,22,53,35,0,0,0,0,0,0,0,0,0,0,0,0,0,0,0,0,0,0,0,0,0,0,0,0,0,0,0,0,0,0,0,0,0,0,0,0
402405,2023,Pomona city,2,Pomona city,3,1,0,22,53,35,1,0,0,0,0,0,0,0,0,0,1,0,0,0,0,0,0,0,0,0,0,0,0,0,0,0,0,0,0,0,0,0,0,0,0,0
402406,2023,Pomona city,2,Pomona city,3,1,0,22,53,35,0,0,0,0,0,0,1,0,0,2,4,0,0,0,0,0,0,0,0,0,0,0,0,0,0,0,0,0,0,0,0,0,0,0,0,0
402501,2023,Pomona city,2,Pomona city,3,1,0,22,53,35,0,0,0,0,0,0,0,0,0,0,0,0,0,0,0,0,0,0,0,0,0,0,0,0,0,0,0,0,0,0,0,0,0,0,0,0
402503,2023,Pomona city,2,Pomona city,3,1,0,22,53,35,0,0,0,0,0,0,0,0,0,0,0,0,0,0,0,0,0,0,0,0,0,0,0,0,0,0,0,0,0,0,0,0,0,0,0,0
402504,2023,Pomona city,2,Pomona city,3,1,0,22,53,35,12,0,0,0,0,0,0,0,0,0,3,0,0,0,0,0,0,0,0,0,0,0,0,0,0,0,0,0,0,0,0,0,0,0,0,0
402601,2023,Pomona city,2,Pomona city,3,1,0,22,53,35,7,0,0,0,0,0,0,0,0,0,0,33,0,0,2,0,0,2,0,0,0,0,0,0,0,0,0,0,0,0,0,0,37,0,0,37
402602,2023,Pomona city,2,Pomona city,3,1,0,22,53,35,8,0,0,0,0,0,2,0,0,1,1,0,0,0,0,0,0,0,0,0,0,0,0,0,0,0,0,0,0,0,0,0,0,0,0,0
402702,2023,Pomona city,2,Pomona city,3,1,0,22,53,35,3,0,0,0,0,0,0,0,0,2,0,0,0,0,0,0,0,0,12,5,12,0,0,0,0,0,0,0,0,0,0,0,0,24,0,24
402703,2023,Pomona city,2,Pomona city,3,1,0,22,53,35,1,0,0,0,0,0,1,0,0,0,1,0,0,0,0,0,0,0,0,0,0,0,0,0,0,0,0,0,0,0,0,0,0,0,0,0
402705,2023,Pomona city,2,Pomona city,3,1,0,22,53,35,3,0,0,0,0,0,0,0,0,0,0,0,0,0,0,0,0,0,0,0,0,0,0,0,0,0,0,0,0,0,0,0,0,0,0,0
402706,2023,Pomona city,2,Pomona city,3,1,0,22,53,35,2,0,0,0,0,0,0,0,0,0,0,0,0,0,0,0,0,0,0,0,0,0,0,0,0,0,0,0,0,0,0,0,0,0,0,0
402801,2023,Pomona city,2,Pomona city,3,1,0,22,53,35,10,0,0,0,0,0,0,0,0,1,5,139,0,0,5,0,0,0,0,0,0,0,0,0,0,0,0,0,0,0,0,0,144,0,0,144
402803,2023,Pomona city,2,Pomona city,3,1,0,22,53,35,1,0,0,0,0,0,0,0,0,0,0,0,0,0,0,0,0,0,0,0,0,0,0,0,0,0,0,0,0,0,0,0,0,0,0,0
402804,2023,Pomona city,2,Pomona city,3,1,0,22,53,35,2,0,0,0,0,0,3,0,0,0,0,0,0,0,0,0,0,0,0,0,0,0,0,0,0,0,0,0,0,0,0,0,0,0,0,0
402902,2023,Pomona city,2,Pomona city,3,1,0,22,53,35,21,1,2,0,0,0,9,0,0,1,0,4,0,0,0,0,0,0,0,0,0,0,0,0,0,0,0,0,0,0,0,0,4,0,0,4
402903,2023,Pomona city,2,Pomona city,3,1,0,22,53,35,2,0,0,0,0,0,0,0,0,0,0,0,0,0,0,0,0,0,0,0,0,0,0,0,0,0,0,0,0,0,0,0,0,0,0,0
402904,2023,Pomona city,2,Pomona city,3,1,0,22,53,35,19,0,0,0,0,0,4,2,0,4,4,0,0,0,0,0,0,0,0,0,0,0,0,0,0,0,0,0,0,0,0,0,0,0,0,0
403000,2023,Pomona city,2,Pomona city,3,1,0,22,53,35,26,0,0,0,0,0,6,3,1,3,2,0,0,0,0,0,0,0,0,0,0,0,0,0,0,0,0,0,0,0,0,0,0,0,0,0
403305,2023,Diamond Bar city,2,Diamond Bar city,3,1,0,30,56,38,0,0,0,0,0,0,0,0,0,0,0,0,0,0,0,0,0,0,0,0,0,0,0,0,0,0,0,0,0,0,0,0,0,0,0,0
403316,2023,Diamond Bar city,2,Diamond Bar city,3,1,0,30,56,38,9,0,0,0,0,0,3,0,0,2,1,0,0,0,0,0,0,0,0,0,0,0,0,0,0,0,0,0,0,0,0,0,0,0,0,0
403317_r1,2023,Pomona city,2,Pomona city,3,1,0,22,53,35,0,0,0,0,0,0,0,0,0,0,0,0,0,0,0,0,0,0,0,0,0,0,0,0,0,0,0,0,0,0,0,0,0,0,0,0
403317_r2,2023,Pomona city,2,Pomona city,3,1,0,22,53,38,0,0,0,0,0,0,0,0,0,0,0,0,0,0,0,0,0,0,0,0,0,0,0,0,0,0,0,0,0,0,0,0,0,0,0,0
403318_r1,2023,Pomona city,2,Pomona city,3,1,0,22,53,35,1,0,0,0,0,0,0,0,0,1,0,0,0,0,0,0,0,0,0,0,0,0,0,0,0,0,0,0,0,0,0,0,0,0,0,0
403318_r2,2023,Pomona city,2,Pomona city,3,1,0,22,53,38,0,0,0,0,0,0,0,0,0,0,0,0,0,0,0,0,0,0,0,0,0,0,0,0,0,0,0,0,0,0,0,0,0,0,0,0
403319,2023,Diamond Bar city,2,Diamond Bar city,3,1,0,30,56,38,0,0,0,0,0,0,0,0,0,0,0,0,0,0,0,0,0,0,0,0,0,0,0,0,0,0,0,0,0,0,0,0,0,0,0,0
403320,2023,Diamond Bar city,2,Diamond Bar city,3,1,0,30,56,38,0,0,0,0,0,0,0,0,0,0,0,0,0,0,0,0,0,0,0,0,0,0,0,0,0,0,0,0,0,0,0,0,0,0,0,0
403321,2023,Diamond Bar city,2,Diamond Bar city,3,1,0,30,56,38,0,0,0,0,0,0,0,0,0,0,0,0,0,0,0,0,0,0,0,0,0,0,0,0,0,0,0,0,0,0,0,0,0,0,0,0
403323,2023,Diamond Bar city,2,Diamond Bar city,3,1,0,30,56,38,0,0,0,0,0,0,0,1,0,0,0,0,0,0,0,0,0,0,0,0,0,0,0,0,0,0,0,0,0,0,0,0,0,0,0,0
403324,2023,Diamond Bar city,2,Diamond Bar city,3,1,0,30,56,38,3,0,0,0,0,0,0,0,0,0,0,0,0,0,0,0,0,0,0,0,0,0,0,0,0,0,0,0,0,0,0,0,0,0,0,0
403325_w1,2023,,2,Unincorporated - Rowland Heights,3,1,0,30,56,38,0,0,0,0,0,0,0,0,0,0,0,0,0,0,0,0,0,0,0,0,0,0,0,0,0,0,0,0,0,0,0,0,0,0,0,0
403325_w2,2023,Diamond Bar city,2,Diamond Bar city,3,1,0,30,56,38,0,0,0,0,0,0,0,0,0,0,0,0,0,0,0,0,0,0,0,0,0,0,0,0,0,0,0,0,0,0,0,0,0,0,0,0
403326_w1,2023,Diamond Bar city,2,Diamond Bar city,3,1,0,30,56,38,0,0,0,0,0,0,3,1,0,0,0,0,0,0,0,0,0,0,0,0,0,0,0,0,0,0,0,0,0,0,0,0,0,0,0,0
403326_w2,2023,Industry city,2,Industry city,3,1,0,30,56,31,0,0,0,0,0,0,0,0,0,0,0,0,0,0,0,0,0,0,0,0,0,0,0,0,0,0,0,0,0,0,0,0,0,0,0,0
403326_w3,2023,,2,Rowland Heights CDP,3,1,0,30,56,38,1,0,0,0,0,0,0,0,0,0,0,0,0,0,0,0,0,0,0,0,0,0,0,0,0,0,0,0,0,0,0,0,0,0,0,0
403327_w1,2023,,2,Unincorporated - Walnut,3,1,0,30,56,38,0,0,0,0,0,0,0,0,0,0,0,0,0,0,0,0,0,0,0,0,0,0,0,0,0,0,0,0,0,0,0,0,0,0,0,0
403327_w2,2023,Diamond Bar city,2,Diamond Bar city,3,1,0,30,56,38,0,0,0,0,0,0,0,0,0,0,0,0,0,0,0,0,0,0,0,0,0,0,0,0,0,0,0,0,0,0,0,0,0,0,0,0
403327_w3,2023,Industry city,2,Industry city,3,1,0,30,56,38,0,0,0,0,0,0,0,0,0,5,1,0,0,0,0,0,0,0,0,0,0,0,0,0,0,0,0,0,0,0,0,0,0,0,0,0
403327_w4,2023,Pomona city,2,Pomona city,3,1,0,22,53,38,0,0,0,0,0,0,0,0,0,0,0,0,0,0,0,0,0,0,0,0,0,0,0,0,0,0,0,0,0,0,0,0,0,0,0,0
403328,2023,Diamond Bar city,2,Diamond Bar city,3,1,0,30,56,38,0,0,0,0,0,0,0,1,0,0,0,0,0,0,0,0,0,0,0,0,0,0,0,0,0,0,0,0,0,0,0,0,0,0,0,0
403401,2023,Walnut city,2,Walnut city,3,1,0,30,56,38,0,0,0,0,0,0,0,0,0,0,0,0,0,0,0,0,0,0,0,0,0,0,0,0,0,0,0,0,0,0,0,0,0,0,0,0
403402,2023,Walnut city,2,Walnut city,3,1,0,30,56,38,0,0,0,0,0,0,0,0,0,0,0,0,0,0,0,0,0,0,0,0,0,0,0,0,0,0,0,0,0,0,0,0,0,0,0,0
403403,2023,Walnut city,2,Walnut city,3,1,0,30,56,38,0,0,0,0,0,0,0,0,0,0,0,0,0,0,0,0,0,0,0,0,0,0,0,0,0,0,0,0,0,0,0,0,0,0,0,0
403404,2023,Walnut city,2,Walnut city,3,1,0,30,56,38,0,0,0,0,0,0,0,0,0,0,0,0,0,0,0,0,0,0,0,0,0,0,0,0,0,0,0,0,0,0,0,0,0,0,0,0
403407,2023,Walnut city,2,Walnut city,3,1,0,30,56,38,0,0,0,0,0,0,0,0,0,0,0,0,0,0,0,0,0,0,0,0,0,0,0,0,0,0,0,0,0,0,0,0,0,0,0,0
403408,2023,Walnut city,2,Walnut city,3,1,0,30,56,38,0,0,0,0,0,0,0,0,0,0,0,0,0,0,0,0,0,0,0,0,0,0,0,0,0,0,0,0,0,0,0,0,0,0,0,0
403409,2023,Walnut city,2,Walnut city,3,1,0,30,56,38,1,0,0,0,0,0,0,0,0,0,1,0,0,0,0,0,0,0,0,0,0,0,0,0,0,0,0,0,0,0,0,0,0,0,0,0
403500_w1,2023,,2,Unincorporated - Covina,3,1,0,22,48,31,0,0,0,0,0,0,1,0,1,0,0,0,0,0,0,0,0,0,0,0,0,0,0,0,0,0,0,0,0,0,0,0,0,0,0,0
403500_w2,2023,Walnut city,2,Walnut city,3,1,0,30,56,38,0,0,0,0,0,0,0,0,0,0,0,0,0,0,0,0,0,0,0,0,0,0,0,0,0,0,0,0,0,0,0,0,0,0,0,0
403500_w3,2023,West Covina city,2,West Covina city,3,1,0,22,48,31,0,0,0,0,0,0,0,0,0,0,0,0,0,0,0,0,0,0,0,0,0,0,0,0,0,0,0,0,0,0,0,0,0,0,0,0
403601_w1,2023,,2,Unincorporated - Covina,3,1,0,22,48,31,0,0,0,0,0,0,0,0,0,0,0,0,0,0,0,0,0,0,0,0,0,0,0,0,0,0,0,0,0,0,0,0,0,0,0,0
403601_w2,2023,Covina city,2,Covina city,3,1,0,22,48,31,0,0,0,0,0,0,0,0,0,0,0,0,0,0,0,0,0,0,0,0,0,0,0,0,0,0,0,0,0,0,0,0,0,0,0,0
403601_w3,2023,West Covina city,2,West Covina city,3,1,0,22,48,31,0,0,0,0,0,0,0,0,0,0,0,0,0,0,0,0,0,0,0,0,0,0,0,0,0,0,0,0,0,0,0,0,0,0,0,0
403702_yw1,2023,Covina city,2,Covina city,3,1,0,22,48,31,0,0,0,0,0,0,0,0,0,0,0,0,0,0,0,0,0,0,0,0,0,0,0,0,0,0,0,0,0,0,0,0,0,0,0,0
403702_yw2,2023,,2,Charter Oak CDP,3,5,0,22,48,31,0,0,0,0,0,0,0,0,0,0,0,0,0,0,0,0,0,0,0,0,0,0,0,0,0,0,0,0,0,0,0,0,0,0,0,0
403703_yw1,2023,,2,Unincorporated - Covina (Charter Oak),3,1,0,22,48,31,0,0,0,0,0,0,0,0,0,0,0,0,0,0,0,0,0,0,0,0,0,0,0,0,0,0,0,0,0,0,0,0,0,0,0,0
403703_yw2,2023,Covina city,2,Covina city,3,1,0,22,48,31,0,0,0,0,0,0,0,0,0,0,0,0,0,0,0,0,0,0,0,0,0,0,0,0,0,0,0,0,0,0,0,0,0,0,0,0
403703_yw3,2023,San Dimas city,2,San Dimas city,3,5,0,22,41,31,0,0,0,0,0,0,0,0,0,0,0,0,0,0,0,0,0,0,0,0,0,0,0,0,0,0,0,0,0,0,0,0,0,0,0,0
403703_yw4,2023,,2,Charter Oak CDP,3,5,0,22,48,31,0,0,0,0,0,0,1,0,3,0,0,0,0,0,0,0,0,0,0,0,0,0,0,0,0,0,0,0,0,0,0,0,0,0,0,0
403721_yw1,2023,Covina city,2,Covina city,3,1,0,22,48,31,1,0,0,0,0,0,0,0,0,0,0,0,0,0,0,0,0,0,0,0,0,0,0,0,0,0,0,0,0,0,0,0,0,0,0,0
403721_yw2,2023,,2,Charter Oak CDP,3,5,0,22,48,31,1,0,0,0,0,0,0,0,0,0,0,0,0,0,0,0,0,0,0,0,0,0,0,0,0,0,0,0,0,0,0,0,0,0,0,0
403722_w1,2023,,2,Unincorporated - Covina,3,1,0,22,48,31,0,0,0,0,0,0,0,0,0,0,0,0,0,0,0,0,0,0,0,0,0,0,0,0,0,0,0,0,0,0,0,0,0,0,0,0
403722_w2,2023,Covina city,2,Covina city,3,1,0,22,48,31,0,0,0,0,0,0,0,0,0,0,0,0,0,0,0,0,0,0,0,0,0,0,0,0,0,0,0,0,0,0,0,0,0,0,0,0
403801_yw1,2023,Covina city,2,Covina city,3,1,0,22,48,31,0,0,0,0,0,0,0,0,0,0,0,0,0,0,0,0,0,0,0,0,0,0,0,0,0,0,0,0,0,0,0,0,0,0,0,0
403801_yw2,2023,,2,Charter Oak CDP,3,5,0,22,48,31,4,0,0,0,0,0,2,1,8,0,1,0,0,0,0,0,0,0,0,0,0,0,0,0,0,0,0,0,0,0,0,0,0,0,0,0
403801_yw3,2023,,2,Citrus CDP,3,5,0,22,48,31,0,0,0,0,0,0,0,0,0,0,0,0,0,0,0,0,0,0,0,0,0,0,0,0,0,0,0,0,0,0,0,0,0,0,0,0
403802_yw1,2023,Covina city,2,Covina city,3,1,0,22,48,31,0,0,0,0,0,0,0,0,0,0,0,0,0,0,0,0,0,0,0,0,0,0,0,0,0,0,0,0,0,0,0,0,0,0,0,0
403802_yw2,2023,San Dimas city,2,San Dimas city,3,5,0,22,41,31,0,0,0,0,0,0,0,0,0,0,0,0,0,0,0,0,0,0,0,0,0,0,0,0,0,0,0,0,0,0,0,0,0,0,0,0
403802_yw3,2023,,2,Charter Oak CDP,3,5,0,22,48,31,0,0,0,0,0,0,0,0,4,0,1,0,0,0,0,0,0,0,0,0,0,0,0,0,0,0,0,0,0,0,0,0,0,0,0,0
403901_w1,2023,,2,Unincorporated - Glendora,3,5,0,22,48,31,0,0,0,0,0,0,0,0,0,0,0,0,0,0,0,0,0,0,0,0,0,0,0,0,0,0,0,0,0,0,0,0,0,0,0,0
403901_w2,2023,Glendora city,2,Glendora city,3,5,0,25,48,31,7,0,0,0,0,0,2,0,1,3,3,0,0,0,0,0,0,0,0,0,0,0,0,0,0,0,0,0,0,0,0,0,0,0,0,0
403901_w3,2023,,2,Citrus CDP,3,5,0,22,48,31,0,0,0,0,0,0,0,0,0,0,0,0,0,0,0,0,0,0,0,0,0,0,0,0,0,0,0,0,0,0,0,0,0,0,0,0
403902,2023,Glendora city,2,Glendora city,3,5,0,25,48,31,3,0,0,0,0,0,0,0,0,0,2,0,0,0,0,0,0,0,0,0,0,0,0,0,0,0,0,0,0,0,0,0,0,0,0,0
404000_yw1,2023,Azusa city,2,Azusa city,3,1,0,22,48,31,8,0,0,0,0,0,0,1,0,2,1,0,0,0,0,0,0,0,0,0,0,0,0,0,0,0,0,0,0,0,0,0,0,0,0,0
404000_yw2,2023,,2,Citrus CDP,3,1,0,22,48,31,6,0,0,0,0,0,0,0,0,3,4,0,0,0,0,0,0,0,0,0,0,0,0,0,0,0,0,0,0,0,0,0,0,0,0,0
404000_yw3,2023,Glendora city,2,Glendora city,3,5,0,25,48,31,0,0,0,0,0,0,0,0,0,0,0,0,0,0,0,0,0,0,0,0,0,0,0,0,0,0,0,0,0,0,0,0,0,0,0,0
404100_w1,2023,Azusa city,2,Azusa city,3,1,0,22,48,31,0,0,0,0,0,0,0,0,0,0,0,0,0,0,0,0,0,0,0,0,0,0,0,0,0,0,0,0,0,0,0,0,0,0,0,0
404100_w2,2023,,2,Citrus CDP,3,1,0,22,48,31,0,0,0,0,0,0,0,0,0,0,0,0,0,0,0,0,0,0,0,0,0,0,0,0,0,0,0,0,0,0,0,0,0,0,0,0
404201,2023,Azusa city,2,Azusa city,3,1,0,22,48,31,11,0,0,0,0,0,2,0,0,0,0,0,0,0,0,0,0,0,0,0,0,0,0,0,0,0,0,0,0,0,0,0,0,0,0,0
404203_w1,2023,Azusa city,2,Azusa city,3,1,0,22,48,31,3,0,0,0,0,0,0,0,0,0,0,0,0,0,0,0,0,0,0,0,0,3,0,0,0,0,0,0,0,0,0,0,0,3,0,3
404203_w2,2023,,2,Citrus CDP,3,1,0,22,48,31,1,0,0,0,0,0,0,0,0,0,0,0,0,0,0,0,0,0,0,0,0,0,0,0,0,0,0,0,0,0,0,0,0,0,0,0
404301,2023,Azusa city,2,Azusa city,3,1,0,22,48,31,12,0,0,0,0,0,0,1,0,0,2,0,0,0,0,0,0,0,0,0,0,0,0,0,0,0,0,0,0,0,0,0,0,0,0,0
404302,2023,Azusa city,2,Azusa city,3,1,0,22,48,31,4,0,0,0,0,0,1,0,0,0,1,0,0,0,0,0,0,0,0,0,0,0,0,0,0,0,0,0,0,0,0,0,0,0,0,0
404401,2023,Azusa city,2,Azusa city,3,1,0,22,48,31,4,0,0,0,0,0,0,1,0,0,0,0,0,0,0,0,0,0,0,0,0,0,0,0,0,0,0,0,0,0,0,0,0,0,0,0
404402,2023,Azusa city,2,Azusa city,3,1,0,22,48,31,5,0,0,0,0,0,0,1,0,0,0,0,0,0,0,0,0,0,0,0,0,0,0,0,0,0,0,0,0,0,0,0,0,0,0,0
404501_w1,2023,Azusa city,2,Azusa city,3,1,0,22,48,31,0,0,0,0,0,0,0,0,1,0,0,0,0,0,0,0,0,0,0,0,0,0,0,0,0,0,0,0,0,0,0,0,0,0,0,0
404501_w2,2023,,2,Vincent CDP,3,1,0,22,48,31,1,0,0,0,0,0,0,0,1,0,0,0,0,0,0,0,0,0,0,0,0,0,0,0,0,0,0,0,0,0,0,0,0,0,0,0
404503_w1,2023,Azusa city,2,Azusa city,3,1,0,22,48,31,0,0,0,0,0,0,0,0,0,0,0,0,0,0,0,0,0,0,0,0,0,0,0,0,0,0,0,0,0,0,0,0,0,0,0,0
404503_w2,2023,,2,Vincent CDP,3,1,0,22,48,31,0,0,0,0,0,0,0,0,0,0,0,0,0,0,0,0,0,0,0,0,0,0,0,0,0,0,0,0,0,0,0,0,0,0,0,0
404504_w1,2023,,2,Unincorporated - Azusa,3,1,0,22,48,31,0,0,0,0,0,0,0,0,0,0,0,0,0,0,0,0,0,0,0,0,0,0,0,0,0,0,0,0,0,0,0,0,0,0,0,0
404504_w2,2023,Azusa city,2,Azusa city,3,1,0,22,48,31,0,0,0,0,0,0,0,0,0,0,0,0,0,0,0,0,0,0,0,0,0,0,0,0,0,0,0,0,0,0,0,0,0,0,0,0
404600,2023,Irwindale city,2,Irwindale city,3,1,0,22,48,31,75,0,0,0,0,0,0,0,2,21,33,0,0,0,0,0,0,0,0,0,0,0,0,0,0,0,0,0,0,0,0,0,0,0,0,0
404701,2023,Baldwin Park city,2,Baldwin Park city,3,1,0,22,48,31,7,0,0,0,0,0,1,2,0,1,2,0,0,0,0,0,0,0,0,0,0,0,0,0,0,0,0,0,0,0,0,0,0,0,0,0
404702,2023,Baldwin Park city,2,Baldwin Park city,3,1,0,22,48,31,17,0,0,0,0,0,0,0,0,8,13,24,12,44,0,0,0,0,0,0,0,0,0,0,0,0,0,0,0,0,0,0,68,0,0,68
404703,2023,Baldwin Park city,2,Baldwin Park city,3,1,0,22,48,31,8,0,0,0,0,0,0,1,2,1,4,0,0,0,0,0,0,0,0,0,0,0,0,0,0,0,0,0,0,0,0,0,0,0,0,0
404804,2023,Baldwin Park city,2,Baldwin Park city,3,1,0,22,48,31,8,0,0,0,0,0,1,0,0,0,3,0,0,0,0,0,0,0,0,0,0,0,0,0,0,0,0,0,0,0,0,0,0,0,0,0
404805,2023,Baldwin Park city,2,Baldwin Park city,3,1,0,22,48,31,0,0,0,0,0,0,0,0,0,0,0,0,0,0,0,0,0,0,0,0,0,0,0,0,0,0,0,0,0,0,0,0,0,0,0,0
404806,2023,Baldwin Park city,2,Baldwin Park city,3,1,0,22,48,31,23,0,0,0,0,0,5,0,0,1,18,43,0,0,0,0,0,0,0,0,0,0,0,0,0,0,0,0,0,0,0,0,43,0,0,43
404901,2023,Baldwin Park city,2,Baldwin Park city,3,1,0,22,48,31,1,0,0,0,0,0,0,0,0,0,0,0,0,0,0,0,0,0,0,0,0,0,0,0,0,0,0,0,0,0,0,0,0,0,0,0
404902,2023,Baldwin Park city,2,Baldwin Park city,3,1,0,22,48,31,3,0,0,0,0,0,0,1,0,0,0,0,0,0,0,0,0,0,0,0,0,0,0,0,0,0,0,0,0,0,0,0,0,0,0,0
404903,2023,Baldwin Park city,2,Baldwin Park city,3,1,0,22,48,31,2,0,0,0,0,0,0,0,1,0,0,0,0,0,0,0,0,0,0,0,0,0,0,0,0,0,0,0,0,0,0,0,0,0,0,0
405001,2023,Baldwin Park city,2,Baldwin Park city,3,1,0,22,48,31,0,0,0,0,0,0,0,0,2,0,0,0,0,0,0,0,0,0,0,0,0,0,0,0,0,0,0,0,0,0,0,0,0,0,0,0
405002,2023,Baldwin Park city,2,Baldwin Park city,3,1,0,22,48,31,0,0,0,0,0,0,1,0,1,0,0,0,0,0,0,0,0,0,0,0,0,0,0,0,0,0,0,0,0,0,0,0,0,0,0,0
405101,2023,Baldwin Park city,2,Baldwin Park city,3,1,0,22,48,31,1,0,0,0,0,0,0,0,0,0,0,0,0,0,0,0,0,0,0,0,0,0,0,0,0,0,0,0,0,0,0,0,0,0,0,0
405102,2023,Baldwin Park city,2,Baldwin Park city,3,1,0,22,48,31,0,0,0,0,0,0,0,0,1,0,0,0,0,0,0,0,0,0,0,0,0,0,0,0,0,0,0,0,0,0,0,0,0,0,0,0
405201,2023,Baldwin Park city,2,Baldwin Park city,3,1,0,22,48,31,1,0,0,0,0,0,2,0,0,0,1,0,0,0,0,0,0,0,0,0,0,0,0,0,0,0,0,0,0,0,0,0,0,0,0,0
405202,2023,Baldwin Park city,2,Baldwin Park city,3,1,0,22,48,31,2,0,0,0,0,0,2,0,0,0,0,0,0,0,0,0,0,0,0,0,0,0,0,0,0,0,0,0,0,0,0,0,0,0,0,0
405203,2023,Baldwin Park city,2,Baldwin Park city,3,1,0,22,48,31,2,0,0,0,0,0,4,0,0,0,0,0,0,0,0,0,0,0,0,0,0,0,0,0,0,0,0,0,0,0,0,0,0,0,0,0
405301_w1,2023,West Covina city,2,West Covina city,3,1,0,22,48,31,0,0,0,0,0,0,0,0,0,0,0,0,0,0,0,0,0,0,0,0,0,0,0,0,0,0,0,0,0,0,0,0,0,0,0,0
405301_w2,2023,,2,Vincent CDP,3,1,0,22,48,31,0,0,0,0,0,0,0,0,0,0,0,0,0,0,0,0,0,0,0,0,0,0,0,0,0,0,0,0,0,0,0,0,0,0,0,0
405302,2023,West Covina city,2,West Covina city,3,1,0,22,48,31,0,0,0,0,0,0,0,0,0,0,0,0,0,0,0,0,0,0,0,0,0,0,0,0,0,0,0,0,0,0,0,0,0,0,0,0
405400_w1,2023,Covina city,2,Covina city,3,1,0,22,48,31,1,0,0,0,0,0,0,0,1,0,0,0,0,0,0,0,0,0,0,0,0,0,0,0,0,0,0,0,0,0,0,0,0,0,0,0
405400_w2,2023,West Covina city,2,West Covina city,3,1,0,22,48,31,0,0,0,0,0,0,0,0,0,0,0,0,0,0,0,0,0,0,0,0,0,0,0,0,0,0,0,0,0,0,0,0,0,0,0,0
405400_w3,2023,,2,Vincent CDP,3,1,0,22,48,31,11,0,0,0,0,0,2,1,3,0,1,0,0,0,0,0,0,0,0,0,0,0,0,0,0,0,0,0,0,0,0,0,0,0,0,0
405500_w1,2023,West Covina city,2,West Covina city,3,1,0,22,48,31,0,0,0,0,0,0,0,0,0,0,0,0,0,0,0,0,0,0,0,0,0,0,0,0,0,0,0,0,0,0,0,0,0,0,0,0
405500_w2,2023,,2,Vincent CDP,3,1,0,22,48,31,0,0,0,0,0,0,0,0,0,0,0,0,0,0,0,0,0,0,0,0,0,0,0,0,0,0,0,0,0,0,0,0,0,0,0,0
405600,2023,West Covina city,2,West Covina city,3,1,0,22,48,31,0,0,0,0,0,0,3,0,0,1,2,0,0,0,0,0,0,0,0,0,0,0,0,0,0,0,0,0,0,0,0,0,0,0,0,0
405701_w1,2023,Covina city,2,Covina city,3,1,0,22,48,31,1,0,0,0,0,0,0,0,0,0,1,0,0,0,0,0,0,0,0,0,0,0,0,0,0,0,0,0,0,0,0,0,0,0,0,0
405701_w2,2023,,2,Vincent CDP,3,1,0,22,48,31,0,0,0,0,0,0,0,0,0,0,0,0,0,0,0,0,0,0,0,0,0,0,0,0,0,0,0,0,0,0,0,0,0,0,0,0
405702_w1,2023,Covina city,2,Covina city,3,1,0,22,48,31,0,0,0,0,0,0,2,0,0,0,0,0,0,0,0,0,0,0,0,2,7,0,0,0,0,0,0,0,0,0,0,0,0,7,0,7
405702_w2,2023,,2,Vincent CDP,3,1,0,22,48,31,0,0,0,0,0,0,0,0,0,0,0,0,0,0,0,0,0,0,0,0,0,0,0,0,0,0,0,0,0,0,0,0,0,0,0,0
405800_w1,2023,Covina city,2,Covina city,3,1,0,22,48,31,4,0,0,0,0,0,10,9,5,0,4,0,0,0,0,0,0,0,0,0,0,0,0,0,0,0,0,0,0,0,0,0,0,0,0,0
405800_w2,2023,,2,Vincent CDP,3,1,0,22,48,31,0,0,0,0,0,0,0,1,0,0,1,0,0,0,0,0,0,0,0,0,0,0,0,0,0,0,0,0,0,0,0,0,0,0,0,0
405900_w1,2023,,2,Unincorporated - Covina (Charter Oak),3,1,0,22,48,31,0,0,0,0,0,0,0,0,0,0,0,0,0,0,0,0,0,0,0,0,0,0,0,0,0,0,0,0,0,0,0,0,0,0,0,0
405900_w2,2023,Covina city,2,Covina city,3,1,0,22,48,31,0,0,0,0,0,0,0,0,1,0,0,0,0,0,0,0,0,0,0,0,0,0,0,0,0,0,0,0,0,0,0,0,0,0,0,0
406000_w1,2023,,2,Unincorporated - Covina (Charter Oak),3,1,0,22,48,31,0,0,0,0,0,0,0,0,0,0,0,0,0,0,0,0,0,0,0,0,0,0,0,0,0,0,0,0,0,0,0,0,0,0,0,0
406000_w2,2023,Covina city,2,Covina city,3,1,0,22,48,31,12,0,0,0,0,0,1,0,0,0,0,0,0,0,0,0,0,0,0,0,0,0,0,0,0,0,0,0,0,0,0,0,0,0,0,0
406101_w1,2023,,2,Unincorporated - Covina (Charter Oak),3,1,0,22,48,31,0,0,0,0,0,0,0,0,0,0,0,0,0,0,0,0,0,0,0,0,0,0,0,0,0,0,0,0,0,0,0,0,0,0,0,0
406101_w2,2023,Covina city,2,Covina city,3,1,0,22,48,31,0,0,0,0,0,0,0,1,0,0,0,0,0,0,0,0,0,0,0,0,0,0,0,0,0,0,0,0,0,0,0,0,0,0,0,0
406103,2023,Covina city,2,Covina city,3,1,0,22,48,31,0,0,0,0,0,0,1,0,0,1,0,0,0,0,0,0,0,0,0,0,0,0,0,0,0,0,0,0,0,0,0,0,0,0,0,0
406201,2023,West Covina city,2,West Covina city,3,1,0,22,48,31,0,0,0,0,0,0,2,0,0,0,0,0,0,0,0,0,0,0,0,0,0,0,0,0,0,0,0,0,0,0,0,0,0,0,0,0
406300_w1,2023,,2,Unincorporated - Covina,3,1,0,22,48,31,0,0,0,0,0,0,0,0,0,0,0,0,0,0,0,0,0,0,0,0,0,0,0,0,0,0,0,0,0,0,0,0,0,0,0,0
406300_w2,2023,,2,Unincorporated - Charter Oak,3,1,0,22,48,31,0,0,0,0,0,0,0,0,0,0,0,0,0,0,0,0,0,0,0,0,0,0,0,0,0,0,0,0,0,0,0,0,0,0,0,0
406300_w3,2023,West Covina city,2,West Covina city,3,1,0,22,48,31,0,0,0,0,0,0,0,0,0,0,0,0,0,0,0,0,0,0,0,0,0,0,0,0,0,0,0,0,0,0,0,0,0,0,0,0
406413,2023,West Covina city,2,West Covina city,3,1,0,22,48,31,0,0,0,0,0,0,0,0,0,0,0,0,0,0,0,0,0,0,0,0,0,0,0,0,0,0,0,0,0,0,0,0,0,0,0,0
406500,2023,West Covina city,2,West Covina city,3,1,0,22,48,31,7,0,0,0,0,0,0,0,0,0,0,0,0,0,0,0,0,0,0,0,0,0,0,0,0,0,0,0,0,0,0,0,0,0,0,0
406601_w1,2023,West Covina city,2,West Covina city,3,1,0,22,48,31,1,0,0,0,0,0,0,0,0,0,1,0,0,0,0,0,0,0,0,0,0,0,0,0,0,0,0,0,0,0,0,0,0,0,0,0
406601_w2,2023,,2,Valinda CDP,3,1,0,30,48,31,0,0,0,0,0,0,0,0,0,0,0,0,0,0,0,0,0,0,0,0,0,0,0,0,0,0,0,0,0,0,0,0,0,0,0,0
406602_w1,2023,West Covina city,2,West Covina city,3,1,0,22,48,31,0,0,0,0,0,0,4,0,0,0,0,0,0,0,0,0,0,0,0,0,0,0,0,0,0,0,0,0,0,0,0,0,0,0,0,0
406602_w2,2023,,2,Valinda CDP,3,1,0,30,48,31,0,0,0,0,0,0,0,0,0,0,0,0,0,0,0,0,0,0,0,0,0,0,0,0,0,0,0,0,0,0,0,0,0,0,0,0
406701,2023,West Covina city,2,West Covina city,3,1,0,22,48,31,3,0,0,0,0,0,0,0,0,1,0,0,0,0,0,0,0,0,0,0,0,0,0,0,0,0,0,0,0,0,0,0,0,0,0,0
406702,2023,West Covina city,2,West Covina city,3,1,0,22,48,31,3,0,0,0,0,0,0,0,2,0,0,0,0,0,0,0,0,0,0,0,0,0,0,0,0,0,0,0,0,0,0,0,0,0,0,0
406801,2023,West Covina city,2,West Covina city,3,1,0,22,48,31,0,0,0,0,0,0,2,1,0,0,0,0,0,0,0,0,0,0,0,0,0,0,0,0,0,0,0,0,0,0,0,0,0,0,0,0
406903_w1,2023,Baldwin Park city,2,Baldwin Park city,3,1,0,22,48,31,0,0,0,0,0,0,0,0,1,1,0,0,0,0,0,0,0,0,0,0,0,0,0,0,0,0,0,0,0,0,0,0,0,0,0,0
406903_w2,2023,La Puente city,2,La Puente city,3,1,0,30,56,31,0,0,0,0,0,0,0,0,0,0,0,0,0,0,0,0,0,0,0,0,0,0,0,0,0,0,0,0,0,0,0,0,0,0,0,0
406903_w3,2023,West Covina city,2,West Covina city,3,1,0,22,48,31,1,0,0,0,0,0,0,0,3,1,0,0,0,0,0,0,0,0,0,0,0,0,0,0,0,0,0,0,0,0,0,0,0,0,0,0
406903_w4,2023,,2,West Puente Valley CDP,3,1,0,30,48,31,5,0,0,0,0,0,0,0,1,0,0,0,0,0,0,0,0,0,0,0,0,0,0,0,0,0,0,0,0,0,0,0,0,0,0,0
407001_w1,2023,Baldwin Park city,2,Baldwin Park city,3,1,0,22,48,31,2,0,0,0,0,0,0,0,2,0,0,0,0,0,0,0,0,0,0,0,0,0,0,0,0,0,0,0,0,0,0,0,0,0,0,0
407001_w2,2023,,2,West Puente Valley CDP,3,1,0,30,48,31,14,0,0,0,0,0,1,2,10,0,0,0,0,0,0,0,0,0,0,0,0,0,0,0,0,0,0,0,0,0,0,0,0,0,0,0
407002_w1,2023,,2,Unincorporated - Bassett,3,1,0,22,48,31,2,0,0,0,0,0,3,2,0,0,0,0,0,0,0,0,0,0,0,0,0,0,0,0,0,0,0,0,0,0,0,0,0,0,0,0
407002_w2,2023,Baldwin Park city,2,Baldwin Park city,3,1,0,22,48,31,0,0,0,0,0,0,0,0,0,1,1,0,0,0,0,0,0,0,0,0,0,0,0,0,0,0,0,0,0,0,0,0,0,0,0,0
407002_w3,2023,Industry city,2,Industry city,3,1,0,30,56,31,3,0,0,0,0,0,1,1,0,0,3,0,0,0,0,0,0,0,0,0,0,0,0,0,0,0,0,0,0,0,0,0,0,0,0,0
407002_w4,2023,,2,West Puente Valley CDP,3,1,0,30,48,31,1,0,0,0,0,0,1,3,1,0,0,0,0,0,0,0,0,0,0,0,0,0,0,0,0,0,0,0,0,0,0,0,0,0,0,0
407101,2023,La Puente city,2,La Puente city,3,1,0,30,56,31,0,0,0,0,0,0,0,0,0,0,0,0,0,0,0,0,0,0,0,0,0,0,0,0,0,0,0,0,0,0,0,0,0,0,0,0
407102,2023,La Puente city,2,La Puente city,3,1,0,30,56,31,0,0,0,0,0,0,0,0,0,0,0,0,0,0,0,0,0,0,0,0,0,0,0,0,0,0,0,0,0,0,0,0,0,0,0,0
407201,2023,La Puente city,2,La Puente city,3,1,0,30,56,31,2,0,0,0,0,0,0,0,0,0,0,0,0,0,0,0,0,0,0,0,0,0,0,0,0,0,0,0,0,0,0,0,0,0,0,0
407202,2023,La Puente city,2,La Puente city,3,1,0,30,56,31,3,0,0,0,0,0,0,0,6,0,0,0,0,0,0,0,0,0,0,0,0,0,0,0,0,0,0,0,0,0,0,0,0,0,0,0
407301_w1,2023,La Puente city,2,La Puente city,3,1,0,30,56,31,0,0,0,0,0,0,0,0,0,0,0,0,0,0,0,0,0,0,0,0,0,0,0,0,0,0,0,0,0,0,0,0,0,0,0,0
407301_w2,2023,,2,West Puente Valley CDP,3,1,0,30,48,31,0,0,0,0,0,0,0,0,0,0,0,0,0,0,0,0,0,0,0,0,0,0,0,0,0,0,0,0,0,0,0,0,0,0,0,0
407302,2023,,2,West Puente Valley CDP,3,1,0,30,48,31,0,0,0,0,0,0,1,8,10,0,0,0,0,0,0,0,0,0,0,0,0,0,0,0,0,0,0,0,0,0,0,0,0,0,0,0
407400,2023,West Covina city,2,West Covina city,3,1,0,22,48,31,0,0,0,0,0,0,1,0,0,0,0,0,0,0,0,0,0,0,0,0,0,0,0,0,0,0,0,0,0,0,0,0,0,0,0,0
407501_w1,2023,La Puente city,2,La Puente city,3,1,0,30,56,31,1,0,0,0,0,0,1,1,0,0,0,0,0,0,0,0,0,0,0,0,0,0,0,0,0,0,0,0,0,0,0,0,0,0,0,0
407501_w2,2023,,2,Valinda CDP,3,1,0,30,48,31,0,0,0,0,0,0,0,0,0,0,0,0,0,0,0,0,0,0,0,0,0,0,0,0,0,0,0,0,0,0,0,0,0,0,0,0
407501_w3,2023,,2,West Puente Valley CDP,3,1,0,30,48,31,0,0,0,0,0,0,0,0,0,0,0,0,0,0,0,0,0,0,0,0,0,0,0,0,0,0,0,0,0,0,0,0,0,0,0,0
407502,2023,,2,Valinda CDP,3,1,0,30,48,31,0,0,0,0,0,0,0,0,0,0,0,0,0,0,0,0,0,0,0,0,0,0,0,0,0,0,0,0,0,0,0,0,0,0,0,0
407601,2023,La Puente city,2,La Puente city,3,1,0,30,56,31,4,0,0,0,0,0,0,0,4,0,0,0,0,0,0,0,0,0,0,0,0,0,0,0,0,0,0,0,0,0,0,0,0,0,0,0
407602,2023,La Puente city,2,La Puente city,3,1,0,30,56,31,1,0,0,0,0,0,1,0,1,0,0,0,0,0,0,0,0,0,0,0,0,0,0,0,0,0,0,0,0,0,0,0,0,0,0,0
407701,2023,La Puente city,2,La Puente city,3,1,0,30,56,31,3,0,0,0,0,0,1,0,0,0,0,0,0,0,0,0,0,0,0,0,0,0,0,0,0,0,0,0,0,0,0,0,0,0,0,0
407702,2023,La Puente city,2,La Puente city,3,1,0,30,56,31,1,0,0,0,0,0,0,0,0,0,1,0,0,0,0,0,0,0,0,0,0,0,0,0,0,0,0,0,0,0,0,0,0,0,0,0
407801,2023,,2,Valinda CDP,3,1,0,30,48,31,0,0,0,0,0,0,0,0,0,0,0,0,0,0,0,0,0,0,0,0,0,0,0,0,0,0,0,0,0,0,0,0,0,0,0,0
407802_w1,2023,Industry city,2,Industry city,3,1,0,30,56,31,0,0,0,0,0,0,0,0,0,0,0,0,0,0,0,0,0,0,0,0,0,0,0,0,0,0,0,0,0,0,0,0,0,0,0,0
407802_w2,2023,,2,Valinda CDP,3,1,0,30,48,31,0,0,0,0,0,0,0,0,0,0,0,0,0,0,0,0,0,0,0,0,0,0,0,0,0,0,0,0,0,0,0,0,0,0,0,0
407901,2023,,2,Valinda CDP,3,1,0,30,48,31,0,0,0,0,0,0,0,0,0,0,0,0,0,0,0,0,0,0,0,0,0,0,0,0,0,0,0,0,0,0,0,0,0,0,0,0
407902,2023,West Covina city,2,West Covina city,3,1,0,22,48,31,4,0,0,0,0,0,1,0,0,0,0,0,0,0,0,0,0,0,0,0,0,0,0,0,0,0,0,0,0,0,0,0,0,0,0,0
408003_w1,2023,West Covina city,2,West Covina city,3,1,0,22,48,31,0,0,0,0,0,0,0,0,0,0,0,0,0,0,0,0,0,0,0,0,0,0,0,0,0,0,0,0,0,0,0,0,0,0,0,0
408003_w2,2023,,2,Valinda CDP,3,1,0,30,48,31,0,0,0,0,0,0,0,0,0,0,0,0,0,0,0,0,0,0,0,0,0,0,0,0,0,0,0,0,0,0,0,0,0,0,0,0
408004,2023,West Covina city,2,West Covina city,3,1,0,22,48,31,15,0,0,0,0,0,0,0,0,4,2,0,0,0,0,0,0,0,11,1,2,54,3,7,0,0,0,0,0,0,0,0,0,74,0,74
408005,2023,West Covina city,2,West Covina city,3,1,0,22,48,31,1,0,0,0,0,0,1,0,0,0,0,0,0,0,0,0,0,0,0,0,0,0,0,0,0,0,0,0,0,0,0,0,0,0,0,0
408006,2023,West Covina city,2,West Covina city,3,1,0,22,48,31,6,0,0,0,0,0,0,0,0,0,1,0,0,0,0,0,0,0,0,0,0,0,0,0,0,0,0,0,0,0,0,0,0,0,0,0
408133_w1,2023,West Covina city,2,West Covina city,3,1,0,30,48,31,1,0,0,0,0,0,1,0,1,2,0,0,0,0,0,0,0,0,0,0,0,0,0,0,0,0,0,0,0,0,0,0,0,0,0,0
408133_w2,2023,,2,South San Jose Hills CDP,3,1,0,30,48,31,0,0,0,0,0,0,0,0,0,0,0,0,0,0,0,0,0,0,0,0,0,0,0,0,0,0,0,0,0,0,0,0,0,0,0,0
408134,2023,West Covina city,2,West Covina city,3,1,0,30,48,31,0,0,0,0,0,0,0,0,0,0,0,0,0,0,0,0,0,0,0,0,0,0,0,0,0,0,0,0,0,0,0,0,0,0,0,0
408135,2023,West Covina city,2,West Covina city,3,1,0,30,48,31,0,0,0,0,0,0,1,0,0,0,0,0,0,0,0,0,0,0,0,0,0,0,0,0,0,0,0,0,0,0,0,0,0,0,0,0
408136,2023,West Covina city,2,West Covina city,3,1,0,30,48,31,0,0,0,0,0,0,0,0,0,0,0,0,0,0,0,0,0,0,0,0,0,0,0,0,0,0,0,0,0,0,0,0,0,0,0,0
408137_w1,2023,,2,Unincorporated - San Jose Hills,3,1,0,30,48,31,0,0,0,0,0,0,0,0,0,0,0,0,0,0,0,0,0,0,0,0,0,0,0,0,0,0,0,0,0,0,0,0,0,0,0,0
408137_w2,2023,West Covina city,2,West Covina city,3,1,0,30,48,31,0,0,0,0,0,0,0,0,0,0,0,3,0,0,1,0,0,0,0,0,0,0,0,0,0,0,0,0,0,0,0,0,4,0,0,4
408137_w3,2023,,2,South San Jose Hills CDP,3,1,0,30,48,31,0,0,0,0,0,0,0,0,0,0,0,0,0,0,0,0,0,0,0,0,0,0,0,0,0,0,0,0,0,0,0,0,0,0,0,0
408138,2023,,2,South San Jose Hills CDP,3,1,0,30,48,31,0,0,0,0,0,0,0,0,0,0,0,0,0,0,0,0,0,0,0,0,0,0,0,0,0,0,0,0,0,0,0,0,0,0,0,0
408139,2023,,2,South San Jose Hills CDP,3,1,0,30,48,31,0,0,0,0,0,0,0,0,0,0,0,0,0,0,0,0,0,0,0,0,0,0,0,0,0,0,0,0,0,0,0,0,0,0,0,0
408140,2023,,2,South San Jose Hills CDP,3,1,0,30,48,31,0,0,0,0,0,0,0,0,0,0,0,0,0,0,0,0,0,0,0,0,0,0,0,0,0,0,0,0,0,0,0,0,0,0,0,0
408141_w1,2023,West Covina city,2,West Covina city,3,1,0,30,48,31,0,0,0,0,0,0,0,0,0,0,0,0,0,0,0,0,0,0,0,0,0,0,0,0,0,0,0,0,0,0,0,0,0,0,0,0
408141_w2,2023,,2,South San Jose Hills CDP,3,1,0,30,48,31,0,0,0,0,0,0,0,0,0,0,0,0,0,0,0,0,0,0,0,0,0,0,0,0,0,0,0,0,0,0,0,0,0,0,0,0
408212_w1,2023,Industry city,2,Industry city,3,1,0,30,56,31,0,0,0,0,0,0,0,0,0,0,0,0,0,0,0,0,0,0,0,0,0,0,0,0,0,0,0,0,0,0,0,0,0,0,0,0
408212_w2,2023,,2,Rowland Heights CDP,3,1,0,30,56,38,6,0,0,0,0,0,0,0,0,0,0,0,0,0,0,0,0,0,0,0,0,0,0,0,0,0,0,0,0,0,0,0,0,0,0,0
408213,2023,,2,Rowland Heights CDP,3,1,0,30,56,38,1,0,0,0,0,0,0,0,0,1,0,0,0,0,0,0,0,0,0,0,0,0,0,0,0,0,0,0,0,0,0,0,0,0,0,0
408301_w1,2023,Industry city,2,Industry city,3,1,0,30,56,31,0,0,0,0,0,0,0,0,0,2,3,0,0,0,0,0,0,0,0,0,0,0,0,0,0,0,0,0,0,0,0,0,0,0,0,0
408301_w2,2023,,2,Avocado Heights CDP,3,1,0,30,56,31,18,0,0,0,0,0,1,0,19,1,1,0,0,0,0,0,0,0,0,0,0,0,0,0,0,0,0,0,0,0,0,0,0,0,0,0
408302_w1,2023,,2,Unincorporated - North Whittier,3,1,0,30,56,38,0,0,0,0,0,0,0,0,0,0,0,0,0,0,0,0,0,0,0,0,0,0,0,0,0,0,0,0,0,0,0,0,0,0,0,0
408302_w2,2023,,2,Unincorporated - Pellissier Village,3,1,0,22,56,38,2,0,0,0,0,0,0,0,0,1,4,0,0,0,0,0,0,0,0,0,0,0,0,0,0,0,0,0,0,0,0,0,0,0,0,0
408302_w3,2023,,2,Unincorporated - Pellissier Village,3,1,0,30,56,38,11,0,0,0,0,0,4,0,0,4,7,0,0,0,0,0,0,0,0,0,0,0,0,0,0,0,0,0,0,0,0,0,0,0,0,0
408302_w4,2023,Industry city,2,Industry city,3,1,0,30,56,31,3,0,0,0,0,0,0,0,0,1,4,0,0,0,0,0,0,0,0,0,0,0,0,0,0,0,0,0,0,0,0,0,0,0,0,0
408302_w5,2023,,2,Avocado Heights CDP,3,1,0,30,56,31,0,0,0,0,0,0,0,0,0,0,0,0,0,0,0,0,0,0,0,0,0,0,0,0,0,0,0,0,0,0,0,0,0,0,0,0
408302_w6,2023,,2,Avocado Heights CDP,3,1,0,30,56,38,0,0,0,0,0,0,0,0,2,0,1,0,0,0,0,0,0,0,0,0,0,0,0,0,0,0,0,0,0,0,0,0,0,0,0,0
408303_r1,2023,,2,Unincorporated - North Whittier,3,1,0,30,56,31,0,0,0,0,0,0,0,0,0,0,0,0,0,0,0,0,0,0,0,0,0,0,0,0,0,0,0,0,0,0,0,0,0,0,0,0
408303_r2,2023,,2,Unincorporated - North Whittier,3,1,0,30,56,38,0,0,0,0,0,0,0,0,0,0,0,0,0,0,0,0,0,0,0,0,0,0,0,0,0,0,0,0,0,0,0,0,0,0,0,0
408303_r3,2023,,2,Avocado Heights CDP,3,1,0,30,56,31,1,0,0,0,0,0,0,0,0,0,0,0,0,0,0,0,0,0,0,0,0,0,0,0,0,0,0,0,0,0,0,0,0,0,0,0
408303_r4,2023,,2,Avocado Heights CDP,3,1,0,30,56,38,5,0,0,0,0,0,0,0,0,0,0,0,0,0,0,0,0,0,0,0,0,0,0,0,0,0,0,0,0,0,0,0,0,0,0,0
408401,2023,,2,Hacienda Heights CDP,3,1,0,30,56,38,4,0,0,0,0,0,1,0,0,1,1,0,0,0,0,0,0,0,0,0,0,0,0,0,0,0,0,0,0,0,0,0,0,0,0,0
408402_vw1,2023,,2,Unincorporated - Hacienda Heights,3,1,0,30,56,31,0,0,0,0,0,0,0,0,0,0,0,0,0,0,0,0,0,0,0,0,0,0,0,0,0,0,0,0,0,0,0,0,0,0,0,0
408402_vw2,2023,,2,Unincorporated - Hacienda Heights,3,1,0,30,56,38,0,0,0,0,0,0,0,0,0,0,0,0,0,0,0,0,0,0,0,0,0,0,0,0,0,0,0,0,0,0,0,0,0,0,0,0
408402_vw3,2023,Industry city,2,Industry city,3,1,0,30,56,31,0,0,0,0,0,0,0,0,0,0,0,0,0,0,0,0,0,0,0,0,0,0,0,0,0,0,0,0,0,0,0,0,0,0,0,0
408402_vw4,2023,,2,Hacienda Heights CDP,3,1,0,30,56,38,4,0,0,0,0,0,1,0,0,0,0,81,0,0,0,0,0,0,0,0,0,0,0,0,0,0,0,0,0,0,0,0,81,0,0,81
408402_vw5,2023,,2,Unincorporated - Whittier,7,1,0,30,56,38,0,0,0,0,0,0,0,0,0,0,0,0,0,0,0,0,0,0,0,0,0,0,0,0,0,0,0,0,0,0,0,0,0,0,0,0
408503_v1,2023,,2,Hacienda Heights CDP,3,1,0,30,56,38,0,0,0,0,0,0,0,0,0,0,0,0,0,0,0,0,0,0,0,0,0,0,0,0,0,0,0,0,0,0,0,0,0,0,0,0
408503_v2,2023,,2,Hacienda Heights CDP,7,1,0,30,56,38,0,0,0,0,0,0,0,0,0,0,0,0,0,0,0,0,0,0,0,0,0,0,0,0,0,0,0,0,0,0,0,0,0,0,0,0
408504,2023,,2,Hacienda Heights CDP,3,1,0,30,56,38,0,0,0,0,0,0,1,0,1,0,0,0,0,0,0,0,0,0,0,0,0,0,0,0,0,0,0,0,0,0,0,0,0,0,0,0
408505,2023,,2,Hacienda Heights CDP,3,1,0,30,56,38,0,0,0,0,0,0,0,0,0,0,0,0,0,0,0,0,0,0,0,0,0,0,0,0,0,0,0,0,0,0,0,0,0,0,0,0
408623,2023,,2,Hacienda Heights CDP,3,1,0,30,56,38,0,0,0,0,0,0,0,0,0,0,0,0,0,0,0,0,0,0,0,0,0,0,0,0,0,0,0,0,0,0,0,0,0,0,0,0
408624,2023,,2,Hacienda Heights CDP,3,1,0,30,56,38,0,0,0,0,0,0,0,0,0,0,0,0,0,0,0,0,0,0,0,0,0,0,0,0,0,0,0,0,0,0,0,0,0,0,0,0
408625,2023,,2,Hacienda Heights CDP,3,1,0,30,56,38,1,0,0,0,0,0,0,0,0,0,1,0,0,0,0,0,0,0,0,0,0,0,0,0,0,0,0,0,0,0,0,0,0,0,0,0
408626,2023,,2,Rowland Heights CDP,3,1,0,30,56,38,0,0,0,0,0,0,0,0,0,0,0,0,0,0,0,0,0,0,0,0,0,0,0,0,0,0,0,0,0,0,0,0,0,0,0,0
408627_r1,2023,,2,Hacienda Heights CDP,3,1,0,30,56,38,0,0,0,0,0,0,0,0,0,0,0,0,0,0,0,0,0,0,0,0,0,0,0,0,0,0,0,0,0,0,0,0,0,0,0,0
408627_r2,2023,,2,Rowland Heights CDP,3,1,0,30,56,38,0,0,0,0,0,0,0,0,0,0,0,0,0,0,0,0,0,0,0,0,0,0,0,0,0,0,0,0,0,0,0,0,0,0,0,0
408628,2023,,2,Hacienda Heights CDP,3,1,0,30,56,38,3,0,0,0,0,0,0,1,0,0,3,0,0,0,0,0,0,0,0,0,0,0,0,0,0,0,0,0,0,0,0,0,0,0,0,0
408629,2023,,2,Hacienda Heights CDP,3,1,0,30,56,38,0,0,0,0,0,0,0,0,0,0,0,0,0,0,0,0,0,0,0,0,0,0,0,0,0,0,0,0,0,0,0,0,0,0,0,0
408631,2023,,2,Hacienda Heights CDP,3,1,0,30,56,38,2,0,0,0,0,0,0,0,0,0,1,0,0,0,0,0,0,0,0,0,0,0,0,0,0,0,0,0,0,0,0,0,0,0,0,0
408703_vyw1,2023,Diamond Bar city,2,Diamond Bar city,3,1,0,30,56,38,0,0,0,0,0,0,1,0,0,0,0,0,0,0,0,0,0,0,0,0,0,0,0,0,0,0,0,0,0,0,0,0,0,0,0,0
408703_vyw2,2023,,2,Rowland Heights CDP,3,1,0,30,56,38,2,0,0,0,0,0,1,0,1,0,1,0,0,0,0,0,0,0,0,0,0,0,0,0,0,0,0,0,0,0,0,0,0,0,0,0
408703_vyw3,2023,,2,Unincorporated - Rowland Heights,3,4,0,30,56,38,0,0,0,0,0,0,0,0,0,0,0,0,0,0,0,0,0,0,0,0,0,0,0,0,0,0,0,0,0,0,0,0,0,0,0,0
408703_vyw4,2023,La Habra Heights city,2,La Habra Heights city,3,4,0,30,56,38,0,0,0,0,0,0,0,0,0,0,0,0,0,0,0,0,0,0,0,0,0,0,0,0,0,0,0,0,0,0,0,0,0,0,0,0
408703_vyw5,2023,,2,Rowland Heights CDP,7,1,0,30,56,38,0,0,0,0,0,0,0,0,0,0,0,0,0,0,0,0,0,0,0,0,0,0,0,0,0,0,0,0,0,0,0,0,0,0,0,0
408705,2023,,2,Rowland Heights CDP,3,1,0,30,56,38,1,0,0,0,0,0,0,0,0,0,0,0,0,0,0,0,0,0,0,0,0,0,0,0,0,0,0,0,0,0,0,0,0,0,0,0
408707_w1,2023,Diamond Bar city,2,Diamond Bar city,3,1,0,30,56,38,0,0,0,0,0,0,0,0,0,0,0,0,0,0,0,0,0,0,0,0,0,0,0,0,0,0,0,0,0,0,0,0,0,0,0,0
408707_w2,2023,,2,Rowland Heights CDP,3,1,0,30,56,38,22,0,0,0,0,0,1,1,1,0,0,0,0,0,0,0,0,0,0,0,0,0,0,0,0,0,0,0,0,0,0,0,0,0,0,0
408722,2023,,2,Rowland Heights CDP,3,1,0,30,56,38,4,0,0,0,0,0,0,0,0,0,0,0,0,0,0,0,0,0,0,0,0,0,0,0,0,0,0,0,0,0,0,0,0,0,0,0
408724,2023,,2,Rowland Heights CDP,3,1,0,30,56,38,2,0,0,0,0,0,0,0,0,0,0,0,0,0,0,0,0,0,0,0,0,0,0,0,0,0,0,0,0,0,0,0,0,0,0,0
408725,2023,,2,Rowland Heights CDP,3,1,0,30,56,38,3,0,0,0,0,0,0,0,0,0,1,0,0,0,0,0,0,0,0,0,0,0,0,0,0,0,0,0,0,0,0,0,0,0,0,0
408800,2023,Pomona city,2,Pomona city,3,1,0,22,53,35,18,0,0,0,0,0,1,0,0,1,7,0,0,0,0,0,0,0,0,0,0,0,0,0,0,0,0,0,0,0,0,0,0,0,0,0
408900_w1,2023,,2,Unincorporated - La Verne,3,5,0,22,41,31,0,0,0,0,0,0,0,0,0,0,0,0,0,0,0,0,0,0,0,0,0,0,0,0,0,0,0,0,0,0,0,0,0,0,0,0
408900_w2,2023,La Verne city,2,La Verne city,3,5,0,22,41,31,1,0,0,0,0,0,0,0,0,0,0,0,0,0,0,0,0,0,0,0,0,0,0,0,0,0,0,0,0,0,0,0,0,0,0,0
409000_r1,2023,Pomona city,2,Pomona city,3,1,0,22,53,35,19,0,0,0,0,0,6,3,2,0,13,0,0,0,0,0,0,0,0,0,0,0,0,0,0,0,0,0,0,0,0,0,0,0,0,0
409000_r2,2023,Pomona city,2,Pomona city,3,1,0,22,53,38,0,0,0,0,0,0,0,0,2,0,0,0,0,0,0,0,0,0,0,0,0,0,0,0,0,0,0,0,0,0,0,0,0,0,0,0
409100,2023,,2,Hacienda Heights CDP,3,1,0,30,56,38,1,0,0,0,0,0,0,1,5,0,0,0,0,0,0,0,0,0,0,0,0,0,0,0,0,0,0,0,0,0,0,0,0,0,0,0
430003_r1,2023,Duarte city,2,Duarte city,3,5,0,22,41,31,0,0,0,0,0,0,0,0,0,0,0,0,0,0,0,0,0,0,0,0,0,0,0,0,0,0,0,0,0,0,0,0,0,0,0,0
430003_r2,2023,Duarte city,2,Duarte city,3,5,0,22,48,31,0,0,0,0,0,0,0,0,0,0,0,0,0,0,0,0,0,0,0,0,0,0,0,0,0,0,0,0,0,0,0,0,0,0,0,0
430004,2023,Duarte city,2,Duarte city,3,5,0,22,48,31,9,0,0,0,0,0,0,2,1,0,0,0,0,0,0,0,0,0,0,0,0,0,0,0,0,0,0,0,0,0,0,0,0,0,0,0
430005,2023,Duarte city,2,Duarte city,3,5,0,22,48,31,1,0,0,0,0,0,0,0,1,0,0,0,0,0,0,0,0,0,0,0,0,0,0,0,0,0,0,0,0,0,0,0,0,0,0,0
430101,2023,Duarte city,2,Duarte city,3,5,0,22,48,31,13,0,0,0,0,0,1,2,0,1,0,0,0,0,0,0,0,0,0,0,0,0,0,0,0,0,0,0,0,0,0,0,0,0,0,0
430102,2023,Duarte city,2,Duarte city,3,5,0,22,48,31,3,0,0,0,0,0,5,1,0,0,0,0,0,0,0,0,0,0,0,0,0,0,0,0,0,0,0,0,0,0,0,0,0,0,0,0
430200_w1,2023,,2,Unincorporated - Bradbury,3,5,0,22,48,31,0,0,0,0,0,0,0,0,0,0,0,0,0,0,0,0,0,0,0,0,0,0,0,0,0,0,0,0,0,0,0,0,0,0,0,0
430200_w2,2023,Bradbury city,2,Bradbury city,3,5,0,22,41,31,0,0,0,0,0,0,0,0,0,0,0,0,0,0,0,0,0,0,0,0,0,0,0,0,0,0,0,0,0,0,0,0,0,0,0,0
430301_r1,2023,Monrovia city,2,Monrovia city,3,5,0,25,41,28,0,0,0,0,0,0,0,0,0,0,0,0,0,0,0,0,0,0,0,0,0,0,0,0,0,0,0,0,0,0,0,0,0,0,0,0
430301_r2,2023,Monrovia city,2,Monrovia city,3,5,0,25,41,31,0,0,0,0,0,0,0,0,0,0,0,0,0,0,0,0,0,0,0,0,0,0,0,0,0,0,0,0,0,0,0,0,0,0,0,0
430302,2023,Monrovia city,2,Monrovia city,3,5,0,25,41,31,0,0,0,0,0,0,0,0,0,0,0,0,0,0,0,0,0,0,0,0,0,0,0,0,0,0,0,0,0,0,0,0,0,0,0,0
430400,2023,Arcadia city,2,Arcadia city,3,5,0,25,49,28,3,0,0,0,0,0,0,0,0,1,0,0,0,0,0,0,0,0,0,0,0,0,0,0,0,0,0,0,0,0,0,0,0,0,0,0
430501,2023,Sierra Madre city,2,Sierra Madre city,3,5,0,25,41,28,1,0,0,0,0,0,0,0,0,0,0,0,0,0,0,0,0,0,0,0,0,0,0,0,0,0,0,0,0,0,0,0,0,0,0,0
430502,2023,Sierra Madre city,2,Sierra Madre city,3,5,0,25,41,28,0,0,0,0,0,0,0,0,0,0,0,0,0,0,0,0,0,0,0,0,0,0,0,0,0,0,0,0,0,0,0,0,0,0,0,0
430600,2023,Arcadia city,2,Arcadia city,3,5,0,25,49,28,0,0,0,0,0,0,0,0,0,0,0,0,0,0,0,0,0,0,0,0,0,0,0,0,0,0,0,0,0,0,0,0,0,0,0,0
430701,2023,Arcadia city,2,Arcadia city,3,5,0,25,49,28,0,0,0,0,0,0,0,0,0,0,0,0,0,0,0,0,0,0,0,0,0,0,0,0,0,0,0,0,0,0,0,0,0,0,0,0
430721,2023,Arcadia city,2,Arcadia city,3,5,0,25,49,28,22,0,0,0,0,0,3,1,0,1,7,0,0,0,0,0,0,0,0,0,0,0,0,0,0,0,0,0,0,0,0,0,0,0,0,0
430723,2023,Arcadia city,2,Arcadia city,3,5,0,25,49,28,0,0,0,0,0,0,6,1,2,0,0,0,0,0,0,0,0,0,0,0,0,0,0,0,0,0,0,0,0,0,0,0,0,0,0,0
430724,2023,Arcadia city,2,Arcadia city,3,5,0,25,49,28,0,0,0,0,0,0,0,0,1,0,2,0,0,0,0,0,0,0,0,0,0,0,0,0,0,0,0,0,0,0,0,0,0,0,0,0
430801,2023,Arcadia city,2,Arcadia city,3,5,0,25,49,28,0,0,0,0,0,0,0,0,0,0,1,0,0,0,0,0,0,0,0,0,0,0,0,0,0,0,0,0,0,0,0,0,0,0,0,0
430802,2023,Arcadia city,2,Arcadia city,3,5,0,25,49,28,0,0,0,0,0,0,0,0,0,0,0,0,0,0,0,0,0,0,0,0,0,0,0,0,0,0,0,0,0,0,0,0,0,0,0,0
430803,2023,Arcadia city,2,Arcadia city,3,5,0,25,49,28,0,0,0,0,0,0,1,0,0,0,0,0,0,0,0,0,0,0,0,0,0,0,0,0,0,0,0,0,0,0,0,0,0,0,0,0
430901,2023,Monrovia city,2,Monrovia city,3,5,0,25,41,31,3,0,0,0,0,0,0,0,0,1,0,0,0,0,0,0,0,0,0,0,0,0,0,0,0,0,0,0,0,0,0,0,0,0,0,0
430902,2023,Monrovia city,2,Monrovia city,3,5,0,25,41,31,1,0,0,0,0,0,0,2,0,0,0,0,0,0,0,0,0,0,0,0,0,0,0,0,0,0,0,0,0,0,0,0,0,0,0,0
431002,2023,Monrovia city,2,Monrovia city,3,5,0,25,41,31,1,0,0,0,0,0,2,1,0,0,0,0,0,0,0,0,0,0,0,0,0,0,0,0,0,0,0,0,0,0,0,0,0,0,0,0
431003,2023,Monrovia city,2,Monrovia city,3,5,0,25,41,31,1,0,0,0,0,0,0,0,0,0,0,0,0,0,0,0,0,0,0,0,0,0,0,0,0,0,0,0,0,0,0,0,0,0,0,0
431004,2023,Monrovia city,2,Monrovia city,3,5,0,25,41,31,6,0,0,0,0,0,0,1,0,0,0,0,0,0,0,0,0,0,0,0,0,0,0,0,0,0,0,0,0,0,0,0,0,0,0,0
431100_w1,2023,Monrovia city,2,Monrovia city,3,5,0,25,41,31,0,0,0,0,0,0,0,0,0,0,0,0,0,0,0,0,0,0,0,0,0,0,0,0,0,0,0,0,0,0,0,0,0,0,0,0
431100_w2,2023,,2,South Monrovia Island CDP,3,5,0,22,48,31,0,0,0,0,0,0,0,0,0,0,0,0,0,0,0,0,0,0,0,0,0,0,0,0,0,0,0,0,0,0,0,0,0,0,0,0
431200_w1,2023,Monrovia city,2,Monrovia city,3,5,0,25,41,31,0,0,0,0,0,0,0,0,0,1,0,0,0,0,0,0,0,0,0,0,0,0,0,0,0,0,0,0,0,0,0,0,0,0,0,0
431200_w2,2023,Monrovia city,2,Monrovia city,3,5,0,25,48,31,0,0,0,0,0,0,0,0,0,0,0,0,0,0,0,0,0,0,0,0,0,0,0,0,0,0,0,0,0,0,0,0,0,0,0,0
431200_w3,2023,,2,South Monrovia Island CDP,3,5,0,22,48,31,5,0,0,0,0,0,0,0,0,0,0,0,0,0,0,0,0,0,0,0,0,0,0,0,0,0,0,0,0,0,0,0,0,0,0,0
431300_w1,2023,Arcadia city,2,Arcadia city,3,5,0,25,49,28,0,0,0,0,0,0,0,0,0,0,0,0,0,0,0,0,0,0,0,0,0,0,0,0,0,0,0,0,0,0,0,0,0,0,0,0
431300_w2,2023,Monrovia city,2,Monrovia city,3,5,0,25,41,31,0,0,0,0,0,0,0,0,0,0,0,0,0,0,0,0,0,0,0,0,0,0,0,0,0,0,0,0,0,0,0,0,0,0,0,0
431300_w3,2023,,2,Mayflower Village CDP,3,5,0,25,48,31,0,0,0,0,0,0,0,0,0,0,0,0,0,0,0,0,0,0,0,0,0,0,0,0,0,0,0,0,0,0,0,0,0,0,0,0
431400_w1,2023,Monrovia city,2,Monrovia city,3,5,0,25,48,31,10,0,0,0,0,0,0,0,0,1,0,0,0,0,0,0,0,0,0,0,0,0,0,0,0,0,0,0,0,0,0,0,0,0,0,0
431400_w2,2023,,2,Mayflower Village CDP,3,5,0,25,48,31,0,0,0,0,0,0,0,0,0,0,0,0,0,0,0,0,0,0,0,0,0,0,0,0,0,0,0,0,0,0,0,0,0,0,0,0
431501_yw1,2023,El Monte city,2,El Monte city,3,1,0,22,49,31,0,0,0,0,0,0,0,0,0,0,0,0,0,0,0,0,0,0,0,0,0,0,0,0,0,0,0,0,0,0,0,0,0,0,0,0
431501_yw2,2023,Temple City city,2,Temple City city,3,5,0,25,49,28,0,0,0,0,0,0,0,0,0,0,0,0,0,0,0,0,0,0,0,0,0,0,0,0,0,0,0,0,0,0,0,0,0,0,0,0
431502_yw1,2023,El Monte city,2,El Monte city,3,1,0,22,49,31,0,0,0,0,0,0,0,0,0,0,0,0,0,0,0,0,0,0,0,0,0,0,0,0,0,0,0,0,0,0,0,0,0,0,0,0
431502_yw2,2023,Arcadia city,2,Arcadia city,3,5,0,25,49,28,11,0,0,0,0,0,0,1,0,7,2,0,0,0,0,0,0,0,0,0,0,0,0,0,0,0,0,0,0,0,0,0,0,0,0,0
431502_yw3,2023,,2,North El Monte CDP,3,5,0,22,49,31,1,0,0,0,0,0,0,0,0,0,0,0,0,0,0,0,0,0,0,0,0,0,0,0,0,0,0,0,0,0,0,0,0,0,0,0
431600,2023,Arcadia city,2,Arcadia city,3,5,0,25,49,28,0,0,0,0,0,0,0,1,0,2,0,0,0,0,0,0,0,0,0,0,0,0,0,0,0,0,0,0,0,0,0,0,0,0,0,0
431701,2023,Arcadia city,2,Arcadia city,3,5,0,25,49,28,0,0,0,0,0,0,0,0,0,2,0,0,0,0,0,0,0,0,0,0,0,0,0,0,0,0,0,0,0,0,0,0,0,0,0,0
431800_w1,2023,Arcadia city,2,Arcadia city,3,5,0,25,49,28,2,0,0,0,0,0,0,0,0,0,0,0,0,0,0,0,0,0,0,0,0,0,0,0,0,0,0,0,0,0,0,0,0,0,0,0
431800_w2,2023,Temple City city,2,Temple City city,3,5,0,25,49,28,0,0,0,0,0,0,0,0,0,0,0,0,0,0,0,0,0,0,0,0,0,0,0,0,0,0,0,0,0,0,0,0,0,0,0,0
431800_w3,2023,,2,East San Gabriel CDP,3,5,0,25,49,28,2,0,0,0,0,0,0,0,1,0,0,0,0,0,0,0,0,0,0,0,0,0,0,0,0,0,0,0,0,0,0,0,0,0,0,0
431900,2023,Temple City city,2,Temple City city,3,5,0,25,49,28,4,0,0,0,0,0,0,0,0,1,1,0,0,0,0,0,0,0,0,0,0,0,0,0,0,0,0,0,0,0,0,0,0,0,0,0
432001,2023,Temple City city,2,Temple City city,3,5,0,25,49,28,0,0,0,0,0,0,0,0,0,0,0,0,0,0,0,0,0,0,0,0,0,0,0,0,0,0,0,0,0,0,0,0,0,0,0,0
432002,2023,Temple City city,2,Temple City city,3,5,0,25,49,28,1,0,0,0,0,0,0,0,0,0,0,0,0,0,0,0,0,0,0,0,0,0,0,0,0,0,0,0,0,0,0,0,0,0,0,0
432101,2023,Temple City city,2,Temple City city,3,5,0,25,49,28,0,0,0,0,0,0,0,0,0,0,0,0,0,0,0,0,0,0,0,0,0,0,0,0,0,0,0,0,0,0,0,0,0,0,0,0
432102,2023,Temple City city,2,Temple City city,3,5,0,25,49,28,3,0,0,0,0,0,0,0,0,4,3,0,0,0,0,0,0,0,0,0,0,0,0,0,0,0,0,0,0,0,0,0,0,0,0,0
432201,2023,Rosemead city,2,Rosemead city,3,1,0,25,49,28,1,0,0,0,0,0,0,0,0,0,1,0,0,0,0,0,0,0,0,0,0,0,0,0,0,0,0,0,0,0,0,0,0,0,0,0
432202,2023,Rosemead city,2,Rosemead city,3,1,0,25,49,28,2,0,0,0,0,0,0,0,0,0,1,0,0,0,0,0,0,0,0,0,0,0,0,0,0,0,0,0,0,0,0,0,0,0,0,0
432300,2023,El Monte city,2,El Monte city,3,1,0,22,49,31,3,0,0,0,0,0,0,0,2,0,2,0,0,0,0,0,0,0,0,0,0,0,0,0,0,0,0,0,0,0,0,0,0,0,0,0
432401,2023,El Monte city,2,El Monte city,3,1,0,22,49,31,1,0,0,0,0,0,2,1,1,0,0,0,0,0,0,0,0,0,0,0,0,0,0,0,0,0,0,0,0,0,0,0,0,0,0,0
432402,2023,El Monte city,2,El Monte city,3,1,0,22,49,31,2,0,0,0,0,0,0,0,0,0,0,0,0,0,0,0,0,0,0,0,0,0,0,0,0,0,0,0,0,0,0,0,0,0,0,0
432501,2023,El Monte city,2,El Monte city,3,1,0,22,49,31,6,0,0,0,0,0,0,0,0,0,0,0,0,0,0,0,0,0,0,0,0,0,0,0,0,0,0,0,0,0,0,0,0,0,0,0
432502_yw1,2023,El Monte city,2,El Monte city,3,1,0,22,49,31,20,0,0,0,0,0,3,0,0,0,0,0,0,0,0,0,0,0,0,0,0,0,0,0,0,0,0,0,0,0,0,0,0,0,0,0
432502_yw2,2023,Arcadia city,2,Arcadia city,3,5,0,25,49,28,0,0,0,0,0,0,0,0,0,0,0,0,0,0,0,0,0,0,0,0,0,0,0,0,0,0,0,0,0,0,0,0,0,0,0,0
432601,2023,El Monte city,2,El Monte city,3,1,0,22,49,31,8,0,0,0,0,0,3,0,0,2,2,0,0,0,0,0,0,0,0,0,0,0,0,0,0,0,0,0,0,0,0,0,0,0,0,0
432602,2023,El Monte city,2,El Monte city,3,1,0,22,49,31,5,0,0,0,0,0,0,0,0,7,0,0,0,0,0,0,0,0,0,0,0,0,0,0,0,0,0,0,0,0,0,0,0,0,0,0
432700,2023,El Monte city,2,El Monte city,3,1,0,22,49,31,22,0,0,0,0,0,0,0,0,1,2,0,0,0,0,0,0,0,0,0,0,0,0,0,0,0,0,0,0,0,0,0,0,0,0,0
432801,2023,El Monte city,2,El Monte city,3,1,0,22,49,31,12,0,0,0,0,0,0,0,1,1,8,0,0,0,0,0,0,0,0,0,0,0,0,0,0,0,0,0,0,0,0,0,0,0,0,0
432802,2023,El Monte city,2,El Monte city,3,1,0,22,49,31,7,0,0,0,0,0,0,1,1,0,0,41,0,0,0,0,0,0,0,0,0,0,0,0,0,0,0,0,0,0,0,0,41,0,0,41
432901,2023,Rosemead city,2,Rosemead city,3,1,0,25,49,28,0,0,0,0,0,0,11,4,1,1,0,0,0,0,0,0,0,0,0,0,0,0,0,0,0,0,0,0,0,0,0,0,0,0,0,0
432902_w1,2023,El Monte city,2,El Monte city,3,1,0,22,49,31,0,0,0,0,0,0,0,0,0,0,0,0,0,0,0,0,0,0,0,0,0,0,0,0,0,0,0,0,0,0,0,0,0,0,0,0
432902_w2,2023,Rosemead city,2,Rosemead city,3,1,0,25,49,28,0,0,0,0,0,0,0,0,0,0,0,0,0,0,0,0,0,0,0,0,0,0,0,0,0,0,0,0,0,0,0,0,0,0,0,0
433103_w1,2023,,2,Unincorporated - El Monte,3,1,0,22,56,31,2,0,0,0,0,0,0,1,0,0,0,0,0,0,0,0,0,0,0,0,0,0,0,0,0,0,0,0,0,0,0,0,0,0,0,0
433103_w2,2023,El Monte city,2,El Monte city,3,1,0,22,56,31,3,0,0,0,0,0,0,1,2,0,1,0,0,0,0,0,0,0,0,0,0,0,0,0,0,0,0,0,0,0,0,0,0,0,0,0
433200_r1,2023,El Monte city,2,El Monte city,3,1,0,22,49,31,2,0,0,0,0,0,0,0,0,0,0,0,0,0,0,0,0,0,0,0,0,0,0,0,0,0,0,0,0,0,0,0,0,0,0,0
433200_r2,2023,El Monte city,2,El Monte city,3,1,0,22,56,31,11,0,0,0,0,0,0,0,0,0,0,0,0,0,0,0,0,0,0,0,0,0,0,0,0,0,0,0,0,0,0,0,0,0,0,0
433302_w1,2023,El Monte city,2,El Monte city,3,1,0,22,56,31,0,0,0,0,0,0,0,0,0,0,0,0,0,0,0,0,0,0,0,0,0,0,0,0,0,0,0,0,0,0,0,0,0,0,0,0
433302_w2,2023,Industry city,2,Industry city,3,1,0,30,56,31,0,0,0,0,0,0,0,0,0,0,0,0,0,0,0,0,0,0,0,0,0,0,0,0,0,0,0,0,0,0,0,0,0,0,0,0
433304,2023,El Monte city,2,El Monte city,3,1,0,22,49,31,9,0,0,0,0,0,2,2,2,0,4,0,0,0,0,0,0,0,0,0,0,0,0,0,0,0,0,0,0,0,0,0,0,0,0,0
433305,2023,El Monte city,2,El Monte city,3,1,0,22,49,31,5,0,0,0,0,0,1,0,0,0,1,0,0,0,0,0,0,0,0,0,0,0,0,0,0,0,0,0,0,0,0,0,0,0,0,0
433306,2023,El Monte city,2,El Monte city,3,1,0,22,49,31,10,0,0,0,0,0,0,0,0,0,0,0,0,0,0,0,0,0,0,0,0,0,0,0,0,0,0,0,0,0,0,0,0,0,0,0
433307,2023,El Monte city,2,El Monte city,3,1,0,22,49,31,4,0,0,0,0,0,1,0,0,0,1,0,0,0,0,0,0,0,0,0,0,0,0,0,0,0,0,0,0,0,0,0,0,0,0,0
433402,2023,El Monte city,2,El Monte city,3,1,0,22,56,31,7,0,0,0,0,0,0,0,1,0,0,0,0,0,0,0,0,0,0,0,0,0,0,0,0,0,0,0,0,0,0,0,0,0,0,0
433403,2023,El Monte city,2,El Monte city,3,1,0,22,56,31,8,0,0,0,0,0,0,0,2,0,0,0,0,0,0,0,0,0,0,0,0,0,0,0,0,0,0,0,0,0,0,0,0,0,0,0
433505,2023,El Monte city,2,El Monte city,3,1,0,22,56,31,10,0,0,0,0,0,0,0,0,1,0,0,0,0,0,0,0,0,0,0,0,0,0,0,0,0,0,0,0,0,0,0,0,0,0,0
433506,2023,South El Monte city,2,South El Monte city,3,1,0,22,56,31,10,0,0,0,0,0,1,1,1,0,4,0,0,0,0,0,0,0,0,0,0,0,0,0,0,0,0,0,0,0,0,0,0,0,0,0
433601,2023,Rosemead city,2,Rosemead city,3,1,0,25,49,28,0,0,0,0,0,0,0,0,0,0,0,0,0,0,0,0,0,0,0,0,0,0,0,0,0,0,0,0,0,0,0,0,0,0,0,0
433602,2023,Rosemead city,2,Rosemead city,3,1,0,25,49,28,10,0,0,0,0,0,0,0,0,6,1,0,0,0,0,0,0,0,0,0,0,0,0,0,0,0,0,0,0,0,0,0,0,0,0,0
433803,2023,South El Monte city,2,South El Monte city,3,1,0,22,56,31,3,0,0,0,0,0,0,2,2,0,1,0,0,0,0,0,0,0,0,0,0,0,0,0,0,0,0,0,0,0,0,0,0,0,0,0
433804,2023,South El Monte city,2,South El Monte city,3,1,0,22,56,31,7,0,0,0,0,0,3,0,0,4,0,0,0,0,0,0,0,0,0,0,0,0,0,0,0,0,0,0,0,0,0,0,0,0,0,0
433901,2023,El Monte city,2,El Monte city,3,1,0,22,56,31,16,0,0,0,0,0,1,0,3,1,0,0,0,0,0,0,0,0,0,0,0,0,0,0,0,0,0,0,0,0,0,0,0,0,0,0
433903,2023,El Monte city,2,El Monte city,3,1,0,22,56,31,3,0,0,0,0,0,0,0,0,0,0,0,0,0,0,0,0,0,0,0,0,0,0,0,0,0,0,0,0,0,0,0,0,0,0,0
434001,2023,El Monte city,2,El Monte city,3,1,0,22,56,31,5,0,0,0,0,0,0,0,0,2,4,0,0,0,0,0,0,0,0,0,0,0,0,0,0,0,0,0,0,0,0,0,0,0,0,0
434003_w1,2023,,2,Unincorporated - South El Monte,3,1,0,22,56,38,1,0,0,0,0,0,0,0,0,0,0,0,0,0,0,0,0,0,0,0,0,0,0,0,0,0,0,0,0,0,0,0,0,0,0,0
434003_w2,2023,El Monte city,2,El Monte city,3,1,0,22,56,31,1,0,0,0,0,0,0,0,0,0,2,0,0,0,0,0,0,0,0,0,0,0,0,0,0,0,0,0,0,0,0,0,0,0,0,0
434003_w3,2023,South El Monte city,2,South El Monte city,3,1,0,22,56,31,0,0,0,0,0,0,0,0,0,0,0,0,0,0,0,0,0,0,0,0,0,0,0,0,0,0,0,0,0,0,0,0,0,0,0,0
434004_w1,2023,,2,Unincorporated - South El Monte,3,1,0,22,56,38,1,0,0,0,0,0,0,0,0,0,0,0,0,0,0,0,0,0,0,0,0,0,0,0,0,0,0,0,0,0,0,0,0,0,0,0
434004_w2,2023,South El Monte city,2,South El Monte city,3,1,0,22,56,31,6,0,0,0,0,0,0,1,0,0,1,0,0,0,0,0,0,0,0,0,0,0,0,0,0,0,0,0,0,0,0,0,0,0,0,0
434100,2023,South El Monte city,2,South El Monte city,3,1,0,22,56,31,3,0,0,0,0,0,0,0,1,0,0,0,0,0,0,0,0,0,0,0,0,0,0,0,0,0,0,0,0,0,0,0,0,0,0,0
460001,2023,,2,Unincorporated - East Pasadena,3,5,0,25,41,28,0,0,0,0,0,0,0,0,0,0,0,0,0,0,0,0,0,0,0,0,0,9,0,0,0,0,0,0,0,0,0,0,0,9,0,9
460101,2023,,2,Altadena CDP,3,5,0,25,41,28,0,0,0,0,0,0,1,0,1,0,0,0,0,0,0,0,0,0,0,0,0,0,0,0,0,0,0,0,0,0,0,0,0,0,0,0
460200,2023,,2,Altadena CDP,3,5,0,25,41,28,1,0,0,0,0,0,0,1,0,0,0,0,0,0,0,0,0,0,0,0,0,5,0,0,0,0,0,0,0,0,0,0,0,5,0,5
460301_r1,2023,,2,Unincorporated - Altadena,3,5,0,25,41,28,0,0,0,0,0,0,0,0,0,0,0,0,0,0,0,0,0,0,0,0,0,0,0,0,0,0,0,0,0,0,0,0,0,0,0,0
460301_r2,2023,,2,Altadena CDP,3,5,0,25,41,28,0,0,0,0,0,0,0,1,0,0,0,0,0,0,0,0,0,0,0,0,0,0,0,0,0,0,0,0,0,0,0,0,0,0,0,0
460302,2023,,2,Altadena CDP,3,5,0,25,41,28,0,0,0,0,0,0,1,0,0,0,0,0,0,0,0,0,0,0,0,0,0,0,0,0,0,0,0,0,0,0,0,0,0,0,0,0
460401,2023,,2,Altadena CDP,3,5,0,25,41,28,0,0,0,0,0,0,0,0,0,0,0,0,0,0,0,0,0,0,0,0,0,0,0,0,0,0,0,0,0,0,0,0,0,0,0,0
460501,2023,La CaÃ±ada Flintridge city,2,La CaÃ±ada Flintridge city,2,5,0,25,41,28,0,0,0,0,0,0,0,0,0,0,0,0,0,0,0,0,0,0,0,0,0,0,0,0,0,0,0,0,0,0,0,0,0,0,0,0
460502,2023,La CaÃ±ada Flintridge city,2,La CaÃ±ada Flintridge city,2,5,0,25,41,28,0,0,0,0,0,0,0,0,0,0,0,0,0,0,0,0,0,0,0,0,0,0,0,0,0,0,0,0,0,0,0,0,0,0,0,0
460601,2023,La CaÃ±ada Flintridge city,2,La CaÃ±ada Flintridge city,2,5,0,25,41,28,0,0,0,0,0,0,0,0,0,4,0,0,0,0,0,0,0,0,0,0,0,0,0,0,0,0,0,0,0,0,0,0,0,0,0,0
460700,2023,La CaÃ±ada Flintridge city,2,La CaÃ±ada Flintridge city,2,5,0,25,41,28,1,0,0,0,0,0,0,0,0,0,0,0,0,0,0,0,0,0,0,0,0,0,0,0,0,0,0,0,0,0,0,0,0,0,0,0
461000,2023,,2,Altadena CDP,3,5,0,25,41,28,2,0,0,0,0,0,0,0,1,0,0,0,0,0,0,0,0,0,0,0,0,0,0,0,0,0,0,0,0,0,0,0,0,0,0,0
461100,2023,,2,Altadena CDP,3,5,0,25,41,28,1,0,0,0,0,0,1,0,0,0,0,20,0,0,1,0,0,0,0,0,0,0,0,0,0,0,0,0,0,0,0,0,21,0,0,21
461200,2023,,2,Altadena CDP,3,5,0,25,41,28,1,0,0,0,0,0,1,0,0,0,1,0,0,0,0,0,0,0,0,0,0,0,0,0,0,0,0,0,0,0,0,0,0,0,0,0
461300,2023,,2,Altadena CDP,3,5,0,25,41,28,1,0,0,0,0,0,1,6,2,0,0,0,0,0,0,0,0,0,0,0,0,0,0,0,0,0,0,0,0,0,0,0,0,0,0,0
462500_w1,2023,,2,Altadena CDP,3,5,0,25,41,28,0,0,0,0,0,0,1,0,0,0,0,0,0,0,0,0,0,0,0,0,0,0,0,0,0,0,0,0,0,0,0,0,0,0,0,0
463103,2023,,2,East Pasadena CDP,3,5,0,25,49,28,12,0,0,0,0,0,1,0,0,2,0,0,0,0,0,0,0,0,0,0,0,0,0,0,0,0,0,0,0,0,0,0,0,0,0,0
463300,2023,,2,San Pasqual CDP,3,5,0,25,41,28,0,0,0,0,0,0,0,0,0,0,0,0,0,0,0,0,0,0,0,0,0,0,0,0,0,0,0,0,0,0,0,0,0,0,0,0
464101,2023,San Marino city,2,San Marino city,3,5,0,25,49,28,2,0,0,0,0,0,0,0,0,0,0,0,0,0,0,0,0,0,0,0,0,0,0,0,0,0,0,0,0,0,0,0,0,0,0,0
464102,2023,San Marino city,2,San Marino city,3,5,0,25,49,28,1,0,0,0,0,0,0,0,0,0,0,0,0,0,0,0,0,0,0,0,0,0,0,0,0,0,0,0,0,0,0,0,0,0,0,0
464200,2023,San Marino city,2,San Marino city,3,5,0,25,49,28,0,0,0,0,0,0,0,0,0,0,0,0,0,0,0,0,0,0,0,0,0,0,0,0,0,0,0,0,0,0,0,0,0,0,0,0
480002_yw1,2023,San Gabriel city,2,San Gabriel city,3,1,0,25,49,28,0,0,0,0,0,0,0,0,0,0,0,0,0,0,0,0,0,0,0,0,0,0,0,0,0,0,0,0,0,0,0,0,0,0,0,0
480002_yw2,2023,San Marino city,2,San Marino city,3,5,0,25,49,28,0,0,0,0,0,0,0,0,0,0,0,0,0,0,0,0,0,0,0,0,0,0,0,0,0,0,0,0,0,0,0,0,0,0,0,0
480002_yw3,2023,,2,East San Gabriel CDP,3,5,0,25,49,28,0,0,0,0,0,0,0,0,0,0,0,0,0,0,0,0,0,0,0,0,0,0,0,0,0,0,0,0,0,0,0,0,0,0,0,0
480011,2023,,2,East San Gabriel CDP,3,5,0,25,49,28,0,0,0,0,0,0,0,0,0,0,1,0,0,0,0,0,0,0,0,0,0,19,0,0,0,0,0,0,0,0,0,0,0,19,0,19
480012_w1,2023,,2,East San Gabriel CDP,3,5,0,25,49,28,0,0,0,0,0,0,0,0,0,0,0,0,0,0,0,0,0,0,0,0,0,0,0,0,0,0,0,0,0,0,0,0,0,0,0,0
480012_w2,2023,Temple City city,2,Temple City city,3,5,0,25,49,28,0,0,0,0,0,0,0,0,0,0,0,0,0,0,0,0,0,0,0,0,0,0,0,0,0,0,0,0,0,0,0,0,0,0,0,0
480101,2023,Temple City city,2,Temple City city,3,5,0,25,49,28,0,0,0,0,0,0,0,0,0,0,0,0,0,0,0,0,0,0,0,0,0,0,0,0,0,0,0,0,0,0,0,0,0,0,0,0
480102_yw1,2023,San Gabriel city,2,San Gabriel city,3,1,0,25,49,28,1,0,0,0,0,0,0,0,1,0,0,0,0,0,0,0,0,0,0,0,0,0,0,0,0,0,0,0,0,0,0,0,0,0,0,0
480102_yw2,2023,Temple City city,2,Temple City city,3,5,0,25,49,28,0,0,0,0,0,0,0,0,0,0,0,0,0,0,0,0,0,0,0,0,0,0,0,0,0,0,0,0,0,0,0,0,0,0,0,0
480102_yw3,2023,,2,East San Gabriel CDP,3,5,0,25,49,28,0,0,0,0,0,0,0,0,0,0,0,0,0,0,0,0,0,0,0,0,0,0,0,0,0,0,0,0,0,0,0,0,0,0,0,0
480201,2023,San Gabriel city,2,San Gabriel city,3,1,0,25,49,28,0,0,0,0,0,0,0,0,0,0,0,0,0,0,0,0,0,0,0,0,0,0,0,0,0,0,0,0,0,0,0,0,0,0,0,0
480202,2023,San Gabriel city,2,San Gabriel city,3,1,0,25,49,28,0,0,0,0,0,0,0,0,0,0,0,0,0,0,0,0,0,0,0,0,0,0,0,0,0,0,0,0,0,0,0,0,0,0,0,0
480302,2023,Alhambra city,2,Alhambra city,3,1,0,25,49,28,2,0,0,0,0,0,0,0,0,0,0,0,0,0,0,0,0,0,0,0,0,0,0,0,0,0,0,0,0,0,0,0,0,0,0,0
480303,2023,Alhambra city,2,Alhambra city,3,1,0,25,49,28,0,0,0,0,0,0,0,1,0,0,0,0,0,0,0,0,0,0,0,0,0,0,0,0,0,0,0,0,0,0,0,0,0,0,0,0
480304,2023,Alhambra city,2,Alhambra city,3,1,0,25,49,28,2,0,0,0,0,0,0,0,0,0,0,0,0,0,0,0,0,0,0,0,0,0,0,0,0,0,0,0,0,0,0,0,0,0,0,0
480400,2023,Alhambra city,2,Alhambra city,3,1,0,25,49,28,0,0,0,0,0,0,0,0,0,0,0,0,0,0,0,0,0,0,0,0,0,0,0,0,0,0,0,0,0,0,0,0,0,0,0,0
480500,2023,South Pasadena city,2,South Pasadena city,3,5,0,25,49,28,3,0,0,0,0,0,0,0,0,0,0,0,0,0,0,0,0,0,0,0,0,0,0,0,0,0,0,0,0,0,0,0,0,0,0,0
480601,2023,South Pasadena city,2,South Pasadena city,3,5,0,25,49,28,1,0,0,0,0,0,0,0,0,0,0,0,0,0,0,0,0,0,0,0,0,0,0,0,0,0,0,0,0,0,0,0,0,0,0,0
480602,2023,South Pasadena city,2,South Pasadena city,3,5,0,25,49,28,4,0,0,0,0,0,0,0,0,6,5,0,0,0,0,0,0,0,0,0,0,0,0,0,0,0,0,0,0,0,0,0,0,0,0,0
480702,2023,South Pasadena city,2,South Pasadena city,3,5,0,25,49,28,0,0,0,0,0,0,0,0,0,0,0,0,0,0,0,0,0,0,0,0,0,0,0,0,0,0,0,0,0,0,0,0,0,0,0,0
480703,2023,South Pasadena city,2,South Pasadena city,3,5,0,25,49,28,1,0,0,0,0,0,0,0,0,0,0,0,0,0,0,0,0,0,0,0,0,0,0,0,0,0,0,0,0,0,0,0,0,0,0,0
480704,2023,South Pasadena city,2,South Pasadena city,3,5,0,25,49,28,5,0,0,0,0,0,0,0,0,0,0,0,0,0,0,0,0,0,0,0,0,0,0,0,0,0,0,0,0,0,0,0,0,0,0,0
480802,2023,Alhambra city,2,Alhambra city,3,1,0,25,49,28,0,0,0,0,0,0,0,0,0,0,0,0,0,0,0,0,0,0,0,0,0,0,0,0,0,0,0,0,0,0,0,0,0,0,0,0
480803,2023,Alhambra city,2,Alhambra city,3,1,0,25,49,28,1,0,0,0,0,0,0,4,1,0,0,0,0,0,0,0,0,0,0,0,0,0,0,0,0,0,0,0,0,0,0,0,0,0,0,0
480804,2023,Alhambra city,2,Alhambra city,3,1,0,25,49,28,0,0,0,0,0,0,0,1,0,0,0,0,0,0,0,0,0,0,0,0,0,0,0,0,0,0,0,0,0,0,0,0,0,0,0,0
480901,2023,Alhambra city,2,Alhambra city,3,1,0,25,49,28,3,0,0,0,0,0,0,0,0,0,0,0,0,0,0,0,0,0,0,0,0,0,0,0,0,0,0,0,0,0,0,0,0,0,0,0
480902,2023,Alhambra city,2,Alhambra city,3,1,0,25,49,28,1,0,0,0,0,0,0,0,0,0,2,0,0,0,0,0,0,0,0,0,0,0,0,0,0,0,0,0,0,0,0,0,0,0,0,0
480903,2023,Alhambra city,2,Alhambra city,3,1,0,25,49,28,4,0,0,0,0,0,1,0,0,0,0,0,0,0,0,0,0,0,0,0,0,0,0,0,0,0,0,0,0,0,0,0,0,0,0,0
481001,2023,Alhambra city,2,Alhambra city,3,1,0,25,49,28,2,0,0,0,0,0,0,0,0,0,0,10,0,0,0,0,0,0,0,0,0,0,0,0,0,0,0,0,0,0,0,0,10,0,0,10
481002,2023,Alhambra city,2,Alhambra city,3,1,0,25,49,28,4,0,0,0,0,0,1,1,0,0,1,0,0,0,0,0,0,0,0,0,0,16,0,0,0,0,0,0,0,0,0,0,0,16,0,16
481101,2023,San Gabriel city,2,San Gabriel city,3,1,0,25,49,28,0,0,0,0,0,0,0,0,0,1,1,0,0,0,0,0,0,0,0,0,0,0,0,0,0,0,0,0,0,0,0,0,0,0,0,0
481102,2023,San Gabriel city,2,San Gabriel city,3,1,0,25,49,28,0,0,0,0,0,0,0,0,0,0,0,0,0,0,0,0,0,0,0,0,0,0,0,0,0,0,0,0,0,0,0,0,0,0,0,0
481103,2023,San Gabriel city,2,San Gabriel city,3,1,0,25,49,28,1,0,0,0,0,0,0,1,0,0,0,0,0,0,0,0,0,0,0,0,0,0,0,0,0,0,0,0,0,0,0,0,0,0,0,0
481201,2023,Temple City city,2,Temple City city,3,5,0,25,49,28,3,0,0,0,0,0,0,0,0,2,1,0,0,0,0,0,0,0,0,0,0,0,0,0,0,0,0,0,0,0,0,0,0,0,0,0
481203_w1,2023,San Gabriel city,2,San Gabriel city,3,1,0,25,49,28,0,0,0,0,0,0,0,0,1,0,0,0,0,0,0,0,0,0,0,0,0,0,0,0,0,0,0,0,0,0,0,0,0,0,0,0
481203_w2,2023,,2,East San Gabriel CDP,3,1,0,25,49,28,2,0,0,0,0,0,3,6,0,0,0,0,0,0,0,0,0,0,0,0,0,0,0,0,0,0,0,0,0,0,0,0,0,0,0,0
481300,2023,Rosemead city,2,Rosemead city,3,1,0,25,49,28,0,0,0,0,0,0,0,0,0,0,0,0,0,0,0,0,0,0,0,0,0,0,0,0,0,0,0,0,0,0,0,0,0,0,0,0
481401,2023,San Gabriel city,2,San Gabriel city,3,1,0,25,49,28,3,0,0,0,0,0,0,0,0,0,0,0,0,0,0,0,0,0,0,0,0,0,0,0,0,0,0,0,0,0,0,0,0,0,0,0
481403,2023,San Gabriel city,2,San Gabriel city,3,1,0,25,49,28,6,0,0,0,0,0,1,0,0,0,0,0,0,0,0,0,0,0,0,0,0,0,0,0,0,0,0,0,0,0,0,0,0,0,0,0
481404,2023,San Gabriel city,2,San Gabriel city,3,1,0,25,49,28,1,0,0,0,0,0,0,0,0,0,3,0,0,0,0,0,0,0,0,0,0,0,0,0,0,0,0,0,0,0,0,0,0,0,0,0
481500,2023,Alhambra city,2,Alhambra city,3,1,0,25,49,28,1,0,0,0,0,0,1,0,0,0,0,0,0,0,0,0,0,0,0,0,0,0,0,0,0,0,0,0,0,0,0,0,0,0,0,0
481603,2023,Alhambra city,2,Alhambra city,3,1,0,25,49,28,0,0,0,0,0,0,0,0,0,0,0,0,0,0,0,0,0,0,0,0,0,0,0,0,0,0,0,0,0,0,0,0,0,0,0,0
481604,2023,Alhambra city,2,Alhambra city,3,1,0,25,49,28,1,0,0,0,0,0,0,0,0,0,0,0,0,0,0,0,0,0,0,0,0,0,0,0,0,0,0,0,0,0,0,0,0,0,0,0
481605,2023,Alhambra city,2,Alhambra city,3,1,0,25,49,28,1,0,0,0,0,0,0,0,0,0,0,0,0,0,0,0,0,0,0,0,0,0,0,0,0,0,0,0,0,0,0,0,0,0,0,0
481606,2023,Alhambra city,2,Alhambra city,3,1,0,25,49,28,1,0,0,0,0,0,0,0,0,0,0,0,0,0,0,0,0,0,0,0,0,0,0,0,0,0,0,0,0,0,0,0,0,0,0,0
481711,2023,Monterey Park city,2,Monterey Park city,3,1,0,25,49,28,2,0,0,0,0,0,0,0,0,0,0,0,0,0,0,0,0,0,0,0,0,0,0,0,0,0,0,0,0,0,0,0,0,0,0,0
481712,2023,Monterey Park city,2,Monterey Park city,3,1,0,25,49,28,4,0,0,0,0,0,0,0,0,1,1,0,0,0,0,0,0,0,0,0,0,0,0,0,0,0,0,0,0,0,0,0,0,0,0,0
481713,2023,Monterey Park city,2,Monterey Park city,3,1,0,25,49,28,6,0,0,0,0,0,3,0,0,1,0,0,0,0,0,0,0,0,0,0,0,0,0,0,0,0,0,0,0,0,0,0,0,0,0,0
481714,2023,Monterey Park city,2,Monterey Park city,3,1,0,25,49,28,1,0,0,0,0,0,4,0,0,0,0,0,0,0,0,0,0,0,0,0,0,0,0,0,0,0,0,0,0,0,0,0,0,0,0,0
481800,2023,Alhambra city,2,Alhambra city,3,1,0,25,49,28,0,0,0,0,0,0,0,0,0,0,0,0,0,0,0,0,0,0,0,0,0,0,0,0,0,0,0,0,0,0,0,0,0,0,0,0
481901,2023,Alhambra city,2,Alhambra city,3,1,0,25,49,28,1,0,0,0,0,0,0,0,0,0,0,28,0,0,0,0,0,0,0,0,0,0,0,0,0,0,0,0,0,0,0,0,28,0,0,28
481902,2023,Alhambra city,2,Alhambra city,3,1,0,25,49,28,0,0,0,0,0,0,0,0,0,0,0,0,0,0,0,0,0,0,0,0,0,0,0,0,0,0,0,0,0,0,0,0,0,0,0,0
482001,2023,Monterey Park city,2,Monterey Park city,3,1,0,25,49,28,2,0,0,0,0,0,0,0,0,1,0,0,0,0,0,0,0,0,0,0,0,0,0,0,0,0,0,0,0,0,0,0,0,0,0,0
482002,2023,Monterey Park city,2,Monterey Park city,3,1,0,25,49,28,0,0,0,0,0,0,0,0,0,0,1,0,0,0,0,0,0,0,0,0,0,0,0,0,0,0,0,0,0,0,0,0,0,0,0,0
482101,2023,Monterey Park city,2,Monterey Park city,3,1,0,25,49,28,1,0,0,0,0,0,1,0,0,0,0,0,0,0,0,0,0,0,0,0,0,0,0,0,0,0,0,0,0,0,0,0,0,0,0,0
482102,2023,Monterey Park city,2,Monterey Park city,3,1,0,25,49,28,1,0,0,0,0,0,1,2,0,0,0,0,0,0,0,0,0,0,0,0,0,0,0,0,0,0,0,0,0,0,0,0,0,0,0,0
482201,2023,Monterey Park city,2,Monterey Park city,3,1,0,25,49,28,3,0,0,0,0,0,0,0,0,0,0,0,0,0,0,0,0,0,0,0,0,0,0,0,0,0,0,0,0,0,0,0,0,0,0,0
482202,2023,Monterey Park city,2,Monterey Park city,3,1,0,25,49,28,1,0,0,0,0,0,0,0,0,1,0,0,0,0,0,0,0,0,0,0,0,0,0,0,0,0,0,0,0,0,0,0,0,0,0,0
482301,2023,San Gabriel city,2,San Gabriel city,3,1,0,25,49,28,3,0,0,0,0,0,1,0,0,0,0,0,0,0,0,0,0,0,0,0,0,0,0,0,0,0,0,0,0,0,0,0,0,0,0,0
482303,2023,Rosemead city,2,Rosemead city,3,1,0,25,49,28,9,0,0,0,0,0,0,0,0,0,0,0,0,0,0,0,0,0,0,0,0,0,0,0,0,0,0,0,0,0,0,0,0,0,0,0
482304,2023,Rosemead city,2,Rosemead city,3,1,0,25,49,28,7,0,0,0,0,0,0,1,0,1,3,0,0,0,0,0,0,0,0,0,0,0,0,0,0,0,0,0,0,0,0,0,0,0,0,0
482401,2023,Rosemead city,2,Rosemead city,3,1,0,25,49,28,3,0,0,0,0,0,0,1,0,0,0,0,0,0,0,0,0,0,0,0,0,0,0,0,0,0,0,0,0,0,0,0,0,0,0,0
482403,2023,Rosemead city,2,Rosemead city,3,1,0,25,49,28,2,0,0,0,0,0,0,0,0,0,0,0,0,0,0,0,0,0,0,0,0,0,0,0,0,0,0,0,0,0,0,0,0,0,0,0
482404_w1,2023,Rosemead city,2,Rosemead city,3,1,0,25,49,28,1,0,0,0,0,0,0,0,0,0,0,0,0,0,0,0,0,0,0,0,0,0,0,0,0,0,0,0,0,0,0,0,0,0,0,0
482404_w2,2023,,2,South San Gabriel CDP,3,1,0,25,49,28,0,0,0,0,0,0,0,0,0,0,0,0,0,0,0,0,0,0,0,0,0,0,0,0,0,0,0,0,0,0,0,0,0,0,0,0
482502,2023,Rosemead city,2,Rosemead city,3,1,0,25,49,28,4,0,0,0,0,0,1,0,0,0,0,0,0,0,0,0,0,0,0,0,0,0,0,0,0,0,0,0,0,0,0,0,0,0,0,0
482503,2023,Rosemead city,2,Rosemead city,3,1,0,25,49,28,3,0,0,0,0,0,1,0,0,0,0,0,0,0,0,0,0,0,0,0,0,0,0,0,0,0,0,0,0,0,0,0,0,0,0,0
482521_w1,2023,Rosemead city,2,Rosemead city,3,1,0,25,49,28,0,0,0,0,0,0,0,0,0,0,0,0,0,0,0,0,0,0,0,0,0,0,0,0,0,0,0,0,0,0,0,0,0,0,0,0
482521_w2,2023,,2,South San Gabriel CDP,3,1,0,25,49,28,1,0,0,0,0,0,5,0,0,0,0,0,0,0,0,0,0,0,0,0,0,0,0,0,0,0,0,0,0,0,0,0,0,0,0,0
482522_w1,2023,Montebello city,2,Montebello city,7,1,0,30,54,38,9,0,0,0,0,0,0,0,0,0,0,0,0,0,0,0,0,0,0,0,0,0,0,0,0,0,0,0,0,0,0,0,0,0,0,0
482522_w2,2023,Rosemead city,2,Rosemead city,7,1,0,25,49,28,0,0,0,0,0,0,0,0,0,0,0,0,0,0,0,0,0,0,0,0,0,0,0,0,0,0,0,0,0,0,0,0,0,0,0,0
482522_w3,2023,,2,South San Gabriel CDP,7,1,0,25,49,28,8,0,0,0,0,0,0,0,0,0,0,0,0,0,0,0,0,0,0,0,0,0,0,0,0,0,0,0,0,0,0,0,0,0,0,0
482600,2023,Monterey Park city,2,Monterey Park city,3,1,0,25,49,28,0,0,0,0,0,0,0,0,0,0,0,0,0,0,0,0,0,0,0,0,0,0,0,0,0,0,0,0,0,0,0,0,0,0,0,0
482701,2023,Monterey Park city,2,Monterey Park city,3,1,0,25,49,28,13,0,0,0,0,0,0,2,0,0,3,0,0,0,0,0,0,0,0,0,0,0,0,0,0,0,0,0,0,0,0,0,0,0,0,0
482702,2023,Monterey Park city,2,Monterey Park city,3,1,0,25,49,28,0,0,0,0,0,0,1,0,0,0,0,0,0,0,0,0,0,0,0,0,0,0,0,0,0,0,0,0,0,0,0,0,0,0,0,0
482801,2023,Monterey Park city,2,Monterey Park city,3,1,0,25,49,28,0,0,0,0,0,0,0,0,0,0,0,0,0,0,0,0,0,0,0,0,0,0,0,0,0,0,0,0,0,0,0,0,0,0,0,0
500100_w1,2023,,2,Unincorporated - La Habra Heights,7,4,0,30,56,38,0,0,0,0,0,0,0,0,0,0,0,0,0,0,0,0,0,0,0,0,0,0,0,0,0,0,0,0,0,0,0,0,0,0,0,0
500100_w2,2023,La Habra Heights city,2,La Habra Heights city,7,4,0,30,56,38,0,0,0,0,0,0,0,0,0,0,0,0,0,0,0,0,0,0,0,0,0,0,0,0,0,0,0,0,0,0,0,0,0,0,0,0
500202_w1,2023,Whittier city,2,Whittier city,7,4,0,30,56,38,1,0,0,0,0,0,0,0,0,0,1,0,0,0,0,0,0,0,0,0,0,0,0,0,0,0,0,0,0,0,0,0,0,0,0,0
500202_w2,2023,,2,Hacienda Heights CDP,7,4,0,30,56,38,0,0,0,0,0,0,0,0,0,0,0,0,0,0,0,0,0,0,0,0,0,0,0,0,0,0,0,0,0,0,0,0,0,0,0,0
500203,2023,Whittier city,2,Whittier city,7,4,0,30,56,38,0,0,0,0,0,0,0,0,0,0,0,0,0,0,0,0,0,0,0,0,0,0,0,0,0,0,0,0,0,0,0,0,0,0,0,0
500204,2023,La Habra Heights city,2,La Habra Heights city,7,4,0,30,56,38,0,0,0,0,0,0,0,0,0,0,0,0,0,0,0,0,0,0,0,0,0,0,0,0,0,0,0,0,0,0,0,0,0,0,0,0
500300_yw1,2023,,2,Unincorporated - Whittier Narrows,7,1,0,30,56,38,0,0,0,0,0,0,1,0,0,0,0,0,0,0,0,0,0,0,0,0,0,0,0,0,0,0,0,0,0,0,0,0,0,0,0,0
500300_yw2,2023,Industry city,2,Industry city,7,1,0,30,56,31,0,0,0,0,0,0,0,0,0,0,0,0,0,0,0,0,0,0,0,0,0,0,0,0,0,0,0,0,0,0,0,0,0,0,0,0
500300_yw3,2023,,2,Unincorporated - Whittier,7,4,0,30,56,38,0,0,0,0,0,0,0,0,0,0,0,0,0,0,0,0,0,0,0,0,0,0,0,0,0,0,0,0,0,0,0,0,0,0,0,0
500300_yw4,2023,Pico Rivera city,2,Pico Rivera city,7,4,0,30,56,38,0,0,0,0,0,0,0,0,0,1,0,0,0,0,0,0,0,0,0,0,0,0,0,0,0,0,0,0,0,0,0,0,0,0,0,0
500300_yw5,2023,,2,Rose Hills CDP,7,4,0,30,56,38,0,0,0,0,0,0,0,0,0,0,0,0,0,0,0,0,0,0,0,0,0,0,0,0,0,0,0,0,0,0,0,0,0,0,0,0
500402,2023,Pico Rivera city,2,Pico Rivera city,7,4,0,30,56,38,8,0,0,0,0,0,6,0,0,0,2,0,0,0,0,0,0,0,0,0,0,0,0,0,0,0,0,0,0,0,0,0,0,0,0,0
500403_vw1,2023,Pico Rivera city,2,Pico Rivera city,3,4,0,30,56,38,0,0,0,0,0,0,0,0,0,0,0,0,0,0,0,0,0,0,0,0,0,0,0,0,0,0,0,0,0,0,0,0,0,0,0,0
500403_vw2,2023,,2,Unincorporated - Sunrise Village,7,4,0,30,56,38,0,0,0,0,0,0,0,0,0,0,0,0,0,0,0,0,0,0,0,0,0,0,0,0,0,0,0,0,0,0,0,0,0,0,0,0
500403_vw3,2023,Pico Rivera city,2,Pico Rivera city,7,4,0,30,56,38,6,0,0,0,0,0,0,0,0,0,3,0,0,0,0,0,0,0,0,0,0,0,0,0,0,0,0,0,0,0,0,0,0,0,0,0
500404,2023,Pico Rivera city,2,Pico Rivera city,7,4,0,30,56,38,2,0,0,0,0,0,0,0,0,0,0,0,0,0,0,0,0,0,0,0,0,0,0,0,0,0,0,0,0,0,0,0,0,0,0,0
500500,2023,Pico Rivera city,2,Pico Rivera city,7,4,0,30,56,38,0,0,0,0,0,0,1,1,2,0,0,0,0,0,0,0,0,0,0,0,0,0,0,0,0,0,0,0,0,0,0,0,0,0,0,0
500600,2023,Pico Rivera city,2,Pico Rivera city,7,4,0,30,56,38,6,1,4,0,0,0,1,2,0,0,2,0,0,0,0,0,0,0,0,0,0,0,0,0,0,0,0,0,0,0,0,0,0,0,0,0
500700,2023,Pico Rivera city,2,Pico Rivera city,7,4,0,30,56,38,11,0,0,0,0,0,2,0,0,2,0,0,0,0,0,0,0,0,0,0,0,0,0,0,0,0,0,0,0,0,0,0,0,0,0,0
500800,2023,Pico Rivera city,2,Pico Rivera city,7,4,0,30,56,38,0,0,0,0,0,0,0,0,0,0,1,0,0,0,0,0,0,0,0,0,0,0,0,0,0,0,0,0,0,0,0,0,0,0,0,0
500900,2023,Pico Rivera city,2,Pico Rivera city,7,4,0,30,56,38,20,0,0,0,0,0,2,0,0,1,2,0,0,0,0,0,0,0,0,0,0,0,0,0,0,0,0,0,0,0,0,0,0,0,0,0
501001_w1,2023,Whittier city,2,Whittier city,7,4,0,30,56,38,1,0,0,0,0,0,0,0,0,0,0,0,0,0,0,0,0,0,0,0,0,0,0,0,0,0,0,0,0,0,0,0,0,0,0,0
501001_w2,2023,,2,West Whittier-Los Nietos CDP,7,4,0,30,56,38,3,0,0,0,0,0,0,0,2,0,0,0,0,0,0,0,0,0,0,0,0,0,0,0,0,0,0,0,0,0,0,0,0,0,0,0
501002_w1,2023,Whittier city,2,Whittier city,7,4,0,30,56,38,0,0,0,0,0,0,0,0,0,0,0,0,0,0,0,0,0,0,0,0,0,0,0,0,0,0,0,0,0,0,0,0,0,0,0,0
501002_w2,2023,,2,West Whittier-Los Nietos CDP,7,4,0,30,56,38,0,0,0,0,0,0,0,0,1,0,0,0,0,0,0,0,0,0,0,0,0,0,0,0,0,0,0,0,0,0,0,0,0,0,0,0
501200_w1,2023,,2,Unincorporated - Whittier,7,4,0,30,56,38,0,0,0,0,0,0,0,0,0,0,0,0,0,0,0,0,0,0,0,0,0,0,0,0,0,0,0,0,0,0,0,0,0,0,0,0
501200_w2,2023,,2,Unincorporated - West Whittier/Los Nietos,7,4,0,30,56,38,0,0,0,0,0,0,0,0,3,0,0,0,0,0,0,0,0,0,0,0,0,0,0,0,0,0,0,0,0,0,0,0,0,0,0,0
501200_w3,2023,,2,West Whittier-Los Nietos CDP,7,4,0,30,56,38,0,0,0,0,0,0,0,0,0,0,0,0,0,0,0,0,0,0,0,0,0,0,0,0,0,0,0,0,0,0,0,0,0,0,0,0
501200_w4,2023,Whittier city,2,Whittier city,7,4,0,30,56,38,0,0,0,0,0,0,0,0,0,0,0,0,0,0,0,0,0,0,0,0,0,0,0,0,0,0,0,0,0,0,0,0,0,0,0,0
501301,2023,Whittier city,2,Whittier city,7,4,0,30,56,38,8,0,0,0,0,0,0,0,0,0,0,0,0,0,0,0,0,0,0,0,0,0,0,0,0,0,0,0,0,0,0,0,0,0,0,0
501302,2023,Whittier city,2,Whittier city,7,4,0,30,56,38,0,0,0,0,0,0,0,0,0,0,0,0,0,0,0,0,0,0,0,0,0,0,0,0,0,0,0,0,0,0,0,0,0,0,0,0
501400,2023,Whittier city,2,Whittier city,7,4,0,30,56,38,2,0,0,0,0,0,2,3,1,0,0,0,0,0,0,0,0,0,0,0,0,0,0,0,0,0,0,0,0,0,0,0,0,0,0,0
501501_vyw1,2023,,2,Unincorporated - Hacienda Heights,3,1,0,30,56,38,0,0,0,0,0,0,0,0,0,0,0,0,0,0,0,0,0,0,0,0,0,0,0,0,0,0,0,0,0,0,0,0,0,0,0,0
501501_vyw2,2023,,2,Unincorporated - Whittier,7,4,0,30,56,38,2,0,0,0,0,0,4,0,0,0,0,0,0,0,0,0,0,0,0,0,0,0,0,0,0,0,0,0,0,0,0,0,0,0,0,0
501501_vyw3,2023,Whittier city,2,Whittier city,7,4,0,30,56,38,0,0,0,0,0,0,0,0,0,0,1,0,0,0,0,0,0,0,0,0,0,0,0,0,0,0,0,0,0,0,0,0,0,0,0,0
501503,2023,Whittier city,2,Whittier city,7,4,0,30,56,38,0,0,0,0,0,0,0,0,0,0,0,0,0,0,0,0,0,0,0,0,0,0,0,0,0,0,0,0,0,0,0,0,0,0,0,0
501504,2023,Whittier city,2,Whittier city,7,4,0,30,56,38,12,0,0,0,0,0,1,2,1,0,2,0,0,0,0,0,0,0,0,0,0,0,0,0,0,0,0,0,0,0,0,0,0,0,0,0
501600_vyw1,2023,,2,Unincorporated - Hacienda Heights,3,1,0,30,56,38,0,0,0,0,0,0,0,0,0,0,0,0,0,0,0,0,0,0,0,0,0,0,0,0,0,0,0,0,0,0,0,0,0,0,0,0
501600_vyw2,2023,,2,Unincorporated - Hacienda Heights,3,4,0,30,56,38,0,0,0,0,0,0,0,0,0,0,0,0,0,0,0,0,0,0,0,0,0,0,0,0,0,0,0,0,0,0,0,0,0,0,0,0
501600_vyw3,2023,,2,Unincorporated - Whittier,7,4,0,30,56,38,0,0,0,0,0,0,0,0,0,0,0,0,0,0,0,0,0,0,0,0,0,0,0,0,0,0,0,0,0,0,0,0,0,0,0,0
501600_vyw4,2023,Whittier city,2,Whittier city,7,4,0,30,56,38,0,0,0,0,0,0,0,0,0,0,0,0,0,0,0,0,0,0,0,0,0,0,0,0,0,0,0,0,0,0,0,0,0,0,0,0
501600_vyw5,2023,,2,Hacienda Heights CDP,7,4,0,30,56,38,0,0,0,0,0,0,0,0,0,0,0,0,0,0,0,0,0,0,0,0,0,0,0,0,0,0,0,0,0,0,0,0,0,0,0,0
501700,2023,Whittier city,2,Whittier city,7,4,0,30,56,38,1,0,0,0,0,0,1,0,0,0,0,0,0,0,0,0,0,0,0,0,0,0,0,0,0,0,0,0,0,0,0,0,0,0,0,0
501802,2023,Whittier city,2,Whittier city,7,4,0,30,56,38,0,0,0,0,0,0,0,0,0,0,0,0,0,0,0,0,0,0,0,0,0,0,0,0,0,0,0,0,0,0,0,0,0,0,0,0
501803,2023,Whittier city,2,Whittier city,7,4,0,30,56,38,10,0,0,0,0,0,0,0,0,0,2,112,0,0,2,0,0,0,0,0,0,0,0,0,0,0,0,0,0,0,0,0,114,0,0,114
501804,2023,Whittier city,2,Whittier city,7,4,0,30,56,38,6,0,0,0,0,0,0,0,0,0,0,2,0,0,0,0,0,0,0,0,0,0,0,0,0,0,0,0,0,0,0,0,2,0,0,2
501900,2023,Whittier city,2,Whittier city,7,4,0,30,56,38,9,0,0,0,0,0,0,2,0,0,8,0,0,0,0,0,0,0,0,0,0,0,0,0,0,0,0,0,0,0,0,0,0,0,0,0
502003,2023,Whittier city,2,Whittier city,7,4,0,30,56,38,0,0,0,0,0,0,0,0,1,0,0,0,0,0,0,0,0,0,0,0,0,0,0,0,0,0,0,0,0,0,0,0,0,0,0,0
502004,2023,Whittier city,2,Whittier city,7,4,0,30,56,38,5,0,0,0,0,0,0,0,1,0,0,0,0,0,0,0,0,0,0,0,0,0,0,0,0,0,0,0,0,0,0,0,0,0,0,0
502005_w1,2023,Whittier city,2,Whittier city,7,4,0,30,56,38,3,0,0,0,0,0,0,0,0,0,0,0,0,0,0,0,0,0,0,0,0,0,0,0,0,0,0,0,0,0,0,0,0,0,0,0
502005_w2,2023,,2,South Whittier CDP,7,4,0,34,64,38,0,0,0,0,0,0,0,0,0,1,0,0,0,0,0,0,0,0,0,0,0,0,0,0,0,0,0,0,0,0,0,0,0,0,0,0
502100_w1,2023,Whittier city,2,Whittier city,7,4,0,30,56,38,13,0,0,0,0,0,3,0,0,0,1,22,0,0,0,0,0,0,0,0,0,0,0,0,0,0,0,0,0,0,0,0,22,0,0,22
502100_w2,2023,,2,West Whittier-Los Nietos CDP,7,4,0,30,56,38,5,0,0,0,0,0,1,0,0,0,0,22,2,6,4,0,0,2,0,0,0,0,0,0,0,0,0,0,0,0,0,0,34,0,0,34
502200_w1,2023,Santa Fe Springs city,2,Santa Fe Springs city,7,4,0,30,64,38,1,0,0,0,0,0,0,0,1,0,0,0,0,0,0,0,0,0,0,0,0,0,0,0,0,0,0,0,0,0,0,0,0,0,0,0
502200_w2,2023,,2,West Whittier-Los Nietos CDP,7,4,0,30,56,38,3,0,0,0,0,0,2,0,2,0,0,0,0,0,0,0,0,0,0,0,0,0,0,0,0,0,0,0,0,0,0,0,0,0,0,0
502303_w1,2023,Santa Fe Springs city,2,Santa Fe Springs city,7,4,0,30,64,38,0,0,0,0,0,0,5,1,9,0,1,0,0,0,0,0,0,0,0,0,0,0,0,0,0,0,0,0,0,0,0,0,0,0,0,0
502303_w2,2023,,2,West Whittier-Los Nietos CDP,7,4,0,30,56,38,2,0,0,0,0,0,0,0,1,0,0,11,0,0,0,0,0,0,0,0,0,0,0,0,0,0,0,0,0,0,0,0,11,0,0,11
502401,2023,Pico Rivera city,2,Pico Rivera city,7,4,0,30,56,38,0,0,0,0,0,0,0,0,1,0,0,0,0,0,0,0,0,0,0,0,0,0,0,0,0,0,0,0,0,0,0,0,0,0,0,0
502402,2023,Pico Rivera city,2,Pico Rivera city,7,4,0,30,56,38,2,0,0,0,0,0,0,2,0,0,4,0,0,0,0,0,0,0,0,0,0,0,0,0,0,0,0,0,0,0,0,0,0,0,0,0
502500,2023,Pico Rivera city,2,Pico Rivera city,7,4,0,30,56,38,24,0,0,0,0,0,10,0,0,12,8,0,0,0,0,0,0,0,0,0,0,0,0,0,0,0,0,0,0,0,0,0,0,0,0,0
502602,2023,Pico Rivera city,2,Pico Rivera city,7,4,0,30,56,38,1,0,0,0,0,0,3,0,0,0,0,0,0,0,0,0,0,0,0,0,0,0,0,0,0,0,0,0,0,0,0,0,0,0,0,0
502603,2023,Pico Rivera city,2,Pico Rivera city,7,4,0,30,56,38,6,0,0,0,0,0,1,0,0,1,8,0,0,0,0,0,0,0,0,0,0,0,0,0,0,0,0,0,0,0,0,0,0,0,0,0
502604,2023,Pico Rivera city,2,Pico Rivera city,7,4,0,30,56,38,0,0,0,0,0,0,0,0,0,1,3,0,0,0,0,0,0,0,0,0,0,0,0,0,0,0,0,0,0,0,0,0,0,0,0,0
502700,2023,Santa Fe Springs city,2,Santa Fe Springs city,7,4,0,30,64,38,5,0,0,0,0,0,1,0,7,1,1,0,0,0,0,0,0,0,0,0,0,0,0,0,0,0,0,0,0,0,0,0,0,0,0,0
502801,2023,Santa Fe Springs city,2,Santa Fe Springs city,7,4,0,30,64,38,1,0,0,0,0,0,1,3,1,1,3,0,0,0,0,0,0,0,0,0,0,0,0,0,0,0,0,0,0,0,0,0,0,0,0,0
502901_w1,2023,Santa Fe Springs city,2,Santa Fe Springs city,7,4,0,30,64,38,1,0,0,0,0,0,1,0,0,0,0,0,0,0,0,0,0,0,0,0,0,0,0,0,0,0,0,0,0,0,0,0,0,0,0,0
502901_w2,2023,,2,South Whittier CDP,7,4,0,34,64,38,0,0,0,0,0,0,0,0,0,0,0,0,0,0,0,0,0,0,0,0,0,0,0,0,0,0,0,0,0,0,0,0,0,0,0,0
503000_w1,2023,Santa Fe Springs city,2,Santa Fe Springs city,7,4,0,30,64,38,0,0,0,0,0,0,0,0,0,0,0,0,0,0,0,0,0,0,0,0,0,0,0,0,0,0,0,0,0,0,0,0,0,0,0,0
503000_w2,2023,,2,South Whittier CDP,7,4,0,34,64,38,0,0,0,0,0,0,1,1,4,0,0,0,0,0,0,0,0,0,0,0,0,0,0,0,0,0,0,0,0,0,0,0,0,0,0,0
503103,2023,,2,South Whittier CDP,7,4,0,34,64,38,0,0,0,0,0,0,0,0,0,0,4,0,0,0,0,0,0,0,0,0,0,0,0,0,0,0,0,0,0,0,0,0,0,0,0,0
503104,2023,,2,South Whittier CDP,7,4,0,34,64,38,0,0,0,0,0,0,0,0,0,0,5,0,0,0,0,0,0,0,0,0,0,0,0,0,0,0,0,0,0,0,0,0,0,0,0,0
503105,2023,,2,South Whittier CDP,7,4,0,34,64,38,2,0,0,0,0,0,2,2,1,0,1,0,0,0,0,0,0,0,0,0,0,12,0,0,0,0,0,0,0,0,0,0,0,12,0,12
503106,2023,,2,South Whittier CDP,7,4,0,34,64,38,0,0,0,0,0,0,0,1,0,0,0,71,0,0,0,0,0,0,0,0,0,0,0,0,0,0,0,0,0,0,0,0,71,0,0,71
503201,2023,,2,South Whittier CDP,7,4,0,34,64,38,0,0,0,12,0,0,0,0,0,0,0,0,0,0,0,0,0,0,0,0,0,0,0,0,0,0,0,0,0,0,0,0,0,0,0,0
503202,2023,,2,South Whittier CDP,7,4,0,34,64,38,3,0,0,0,0,0,0,0,1,3,0,32,0,0,1,0,0,0,0,0,0,0,0,0,0,0,0,0,0,0,0,0,33,0,0,33
503301,2023,Whittier city,2,Whittier city,7,4,0,30,56,38,2,0,0,0,0,0,0,0,0,0,0,0,0,0,0,0,0,0,0,0,0,0,0,0,0,0,0,0,0,0,0,0,0,0,0,0
503302,2023,,2,South Whittier CDP,7,4,0,34,64,38,3,0,0,0,0,0,5,2,3,0,0,0,0,0,0,0,0,0,7,0,0,37,0,0,0,0,0,0,0,0,0,0,0,44,0,44
503401,2023,Whittier city,2,Whittier city,7,4,0,30,56,38,0,0,0,0,0,0,0,0,0,0,0,0,0,0,0,0,0,0,0,0,0,0,0,0,0,0,0,0,0,0,0,0,0,0,0,0
503402,2023,Whittier city,2,Whittier city,7,4,0,30,56,38,4,0,0,0,0,0,0,0,0,0,0,0,0,0,0,0,0,0,0,0,0,0,0,0,0,0,0,0,0,0,0,0,0,0,0,0
503501_w1,2023,Whittier city,2,Whittier city,7,4,0,30,56,38,0,0,0,0,0,0,0,0,0,0,0,0,0,0,0,0,0,0,0,0,0,0,0,0,0,0,0,0,0,0,0,0,0,0,0,0
503501_w2,2023,,2,South Whittier CDP,7,4,0,34,64,38,2,0,0,0,0,0,1,0,0,0,0,0,0,0,0,0,0,0,0,0,0,0,0,0,0,0,0,0,0,0,0,0,0,0,0,0
503502_w1,2023,Whittier city,2,Whittier city,7,4,0,30,56,38,0,0,0,0,0,0,0,0,0,0,1,0,0,0,0,0,0,0,0,0,0,0,0,0,0,0,0,0,0,0,0,0,0,0,0,0
503502_w2,2023,,2,South Whittier CDP,7,4,0,34,64,38,0,0,0,0,0,0,0,0,0,0,0,0,0,0,0,0,0,0,0,0,0,0,0,0,0,0,0,0,0,0,0,0,0,0,0,0
503601,2023,La Mirada city,2,La Mirada city,7,4,0,30,64,38,0,0,0,0,0,0,0,0,0,0,0,0,0,0,0,0,0,0,0,0,0,0,0,0,0,0,0,0,0,0,0,0,0,0,0,0
503602,2023,La Mirada city,2,La Mirada city,7,4,0,30,64,38,7,0,0,0,0,0,0,0,0,0,1,0,0,0,0,0,0,0,0,0,0,0,0,0,0,0,0,0,0,0,0,0,0,0,0,0
503701,2023,,2,East Whittier CDP,7,4,0,34,64,38,0,0,0,0,0,0,0,0,0,0,0,0,0,0,0,0,0,0,0,0,0,0,0,0,0,0,0,0,0,0,0,0,0,0,0,0
503702,2023,,2,East Whittier CDP,7,4,0,34,64,38,0,0,0,0,0,0,0,0,0,0,0,6,0,0,0,0,0,0,0,0,0,0,0,0,0,0,0,0,0,0,0,0,6,0,0,6
503704,2023,La Mirada city,2,La Mirada city,7,4,0,30,64,38,0,0,0,0,0,0,0,0,0,0,0,0,0,0,0,0,0,0,0,0,0,0,0,0,0,0,0,0,0,0,0,0,0,0,0,0
503705,2023,La Mirada city,2,La Mirada city,7,4,0,30,64,38,0,0,0,0,0,0,0,0,0,0,0,0,0,0,0,0,0,0,0,0,0,0,0,0,0,0,0,0,0,0,0,0,0,0,0,0
503801,2023,La Mirada city,2,La Mirada city,7,4,0,30,64,38,4,0,0,0,0,0,0,0,0,0,0,0,0,0,0,0,0,0,0,0,0,0,0,0,0,0,0,0,0,0,0,0,0,0,0,0
503802,2023,La Mirada city,2,La Mirada city,7,4,0,30,64,38,1,0,0,0,0,0,3,2,0,0,0,0,0,0,0,0,0,0,0,0,0,0,0,0,0,0,0,0,0,0,0,0,0,0,0,0
503901,2023,La Mirada city,2,La Mirada city,7,4,0,30,64,38,0,0,0,0,0,0,0,0,0,0,0,0,0,0,0,0,0,0,0,0,0,0,0,0,0,0,0,0,0,0,0,0,0,0,0,0
503902,2023,La Mirada city,2,La Mirada city,7,4,0,30,64,38,5,0,0,0,0,0,0,0,0,0,1,0,0,0,0,0,0,0,0,0,0,0,0,0,0,0,0,0,0,0,0,0,0,0,0,0
504001,2023,La Mirada city,2,La Mirada city,7,4,0,30,64,38,0,0,0,0,0,0,0,0,0,0,0,0,0,0,0,0,0,0,0,0,0,0,0,0,0,0,0,0,0,0,0,0,0,0,0,0
504002,2023,La Mirada city,2,La Mirada city,7,4,0,30,64,38,0,0,0,0,0,0,0,0,0,0,0,0,0,0,0,0,0,0,0,0,0,0,0,0,0,0,0,0,0,0,0,0,0,0,0,0
504101,2023,La Mirada city,2,La Mirada city,7,4,0,30,64,38,1,0,0,0,0,0,0,0,0,0,0,0,0,0,0,0,0,0,0,0,0,0,0,0,0,0,0,0,0,0,0,0,0,0,0,0
504200_w1,2023,Santa Fe Springs city,2,Santa Fe Springs city,7,4,0,30,64,38,14,0,0,0,0,0,0,2,1,4,4,107,0,0,14,0,0,0,0,0,0,0,0,0,0,0,0,0,0,0,0,0,121,0,0,121
504200_w2,2023,Whittier city,2,Whittier city,7,4,0,30,56,38,0,0,0,0,0,0,0,0,0,0,0,0,0,0,0,0,0,0,0,0,0,0,0,0,0,0,0,0,0,0,0,0,0,0,0,0
504200_w3,2023,,2,South Whittier CDP,7,4,0,34,64,38,9,0,0,0,0,0,1,2,1,3,0,0,0,0,0,0,0,0,0,0,0,0,0,0,0,0,0,0,0,0,0,0,0,0,0,0
530005,2023,Montebello city,2,Montebello city,7,1,0,30,54,38,0,0,0,0,0,0,2,3,0,0,0,0,0,0,0,0,0,0,0,0,0,0,0,0,0,0,0,0,0,0,0,0,0,0,0,0
530006,2023,Montebello city,2,Montebello city,7,1,0,30,54,38,3,0,0,0,0,0,2,1,1,0,0,0,0,0,0,0,0,0,0,0,0,0,0,0,0,0,0,0,0,0,0,0,0,0,0,0
530007_w1,2023,Montebello city,2,Montebello city,7,1,0,30,54,38,51,0,0,0,0,0,17,0,0,17,16,0,0,0,0,0,0,0,0,0,0,0,0,0,0,0,0,0,0,0,0,0,0,0,0,0
530007_w2,2023,Rosemead city,2,Rosemead city,7,1,0,25,49,28,3,0,0,0,0,0,0,0,0,0,1,0,0,0,0,0,0,0,0,0,0,0,0,0,0,0,0,0,0,0,0,0,0,0,0,0
530101,2023,Montebello city,2,Montebello city,7,1,0,30,54,38,21,0,0,0,0,0,0,1,5,1,14,0,0,0,0,0,0,0,0,0,0,0,0,0,0,0,0,0,0,0,0,0,0,0,0,0
530102,2023,Montebello city,2,Montebello city,7,1,0,30,54,38,14,0,0,0,0,0,1,2,0,0,0,0,0,0,0,0,0,0,0,0,0,0,0,0,0,0,0,0,0,0,0,0,0,0,0,0
530202_w1,2023,Montebello city,2,Montebello city,7,1,0,30,54,38,10,0,0,0,0,0,2,5,0,3,2,0,0,0,0,0,0,0,0,0,0,0,0,0,0,0,0,0,0,0,0,0,0,0,0,0
530202_w2,2023,,2,East Los Angeles CDP,7,1,0,26,52,34,0,0,0,0,0,0,1,2,0,2,0,0,0,0,0,0,0,0,0,0,0,0,0,0,0,0,0,0,0,0,0,0,0,0,0,0
530203,2023,Montebello city,2,Montebello city,7,1,0,30,54,38,2,0,0,0,0,0,2,3,0,0,0,0,0,0,0,0,0,0,0,0,0,0,0,0,0,0,0,0,0,0,0,0,0,0,0,0
530204,2023,Montebello city,2,Montebello city,7,1,0,30,54,38,9,0,0,0,0,0,1,5,0,0,0,0,0,0,0,0,0,0,0,0,0,0,0,0,0,0,0,0,0,0,0,0,0,0,0,0
530301,2023,,2,East Los Angeles CDP,7,1,0,26,52,34,18,0,0,0,0,0,7,4,7,0,4,0,0,0,0,0,0,0,0,0,0,0,0,0,0,0,0,0,0,0,0,0,0,0,0,0
530302,2023,,2,East Los Angeles CDP,7,1,0,26,52,34,9,0,0,0,0,0,4,4,3,5,0,0,0,0,0,0,0,0,0,0,0,0,0,0,0,0,0,0,0,0,0,0,0,0,0,0
530400_w1,2023,Monterey Park city,2,Monterey Park city,7,1,0,25,49,28,5,0,0,0,0,0,2,3,0,2,0,0,0,0,0,0,0,0,0,0,0,0,0,0,0,0,0,0,0,0,0,0,0,0,0,0
530400_w2,2023,,2,East Los Angeles CDP,7,1,0,26,52,34,3,0,0,11,1,5,0,0,0,0,0,0,0,0,0,0,0,0,1,0,0,6,0,0,0,0,0,0,0,0,0,0,0,7,0,7
530500,2023,,2,East Los Angeles CDP,7,1,0,26,52,34,6,0,0,0,0,0,6,4,9,0,0,0,0,0,0,0,0,0,0,0,0,0,0,0,0,0,0,0,0,0,0,0,0,0,0,0
530603,2023,,2,East Los Angeles CDP,7,1,0,26,52,34,0,0,0,0,0,0,0,2,0,0,0,0,0,0,0,0,0,0,0,0,0,0,0,0,0,0,0,0,0,0,0,0,0,0,0,0
530700,2023,,2,East Los Angeles CDP,4,1,0,26,52,34,0,0,0,0,0,0,0,2,9,0,1,0,0,0,0,0,0,0,0,0,0,0,0,0,0,0,0,0,0,0,0,0,0,0,0,0
530801,2023,,2,East Los Angeles CDP,7,1,0,26,52,34,0,0,0,0,0,0,1,8,4,4,3,0,0,0,0,0,0,0,0,0,0,0,0,0,0,0,0,0,0,0,0,0,0,0,0,0
530802,2023,,2,East Los Angeles CDP,7,1,0,26,52,34,0,0,0,0,0,0,0,1,9,0,0,0,0,0,0,0,0,0,0,0,0,0,0,0,0,0,0,0,0,0,0,0,0,0,0,0
530901,2023,,2,East Los Angeles CDP,7,1,0,26,52,34,4,0,0,0,0,0,0,0,0,0,2,0,0,0,0,0,0,0,0,0,0,0,0,0,0,0,0,0,0,0,0,0,0,0,0,0
530902,2023,,2,East Los Angeles CDP,7,1,0,26,52,34,1,0,0,0,0,0,3,0,3,0,0,0,0,0,0,0,0,0,0,0,0,0,0,0,0,0,0,0,0,0,0,0,0,0,0,0
531000,2023,,2,East Los Angeles CDP,7,1,0,26,52,34,4,0,0,0,0,0,6,2,2,2,2,0,0,0,0,0,0,0,0,0,0,0,0,0,0,0,0,0,0,0,0,0,0,0,0,0
531101,2023,,2,East Los Angeles CDP,7,1,0,26,52,34,10,0,0,0,0,0,0,0,6,0,4,0,0,0,0,0,0,0,0,0,0,0,0,0,0,0,0,0,0,0,0,0,0,0,0,0
531102,2023,,2,East Los Angeles CDP,7,1,0,26,52,34,11,0,0,0,0,0,2,0,2,0,1,0,0,0,0,0,0,0,0,0,0,0,0,0,0,0,0,0,0,0,0,0,0,0,0,0
531201,2023,,2,East Los Angeles CDP,7,1,0,26,52,34,0,0,0,0,0,0,0,1,0,0,1,0,0,0,0,0,0,0,0,0,0,0,0,0,0,0,0,0,0,0,0,0,0,0,0,0
531202,2023,,2,East Los Angeles CDP,7,1,0,26,52,34,1,0,0,0,0,0,0,3,0,0,2,0,0,0,0,0,0,0,0,0,0,0,0,0,0,0,0,0,0,0,0,0,0,0,0,0
531301,2023,,2,East Los Angeles CDP,7,1,0,26,52,34,2,0,0,0,0,0,0,2,4,1,3,0,0,0,0,0,0,0,0,0,0,0,0,0,0,0,0,0,0,0,0,0,0,0,0,0
531302,2023,,2,East Los Angeles CDP,7,1,0,26,52,34,3,0,0,0,0,0,3,5,8,0,0,0,0,0,0,0,0,0,0,0,0,0,0,0,0,0,0,0,0,0,0,0,0,0,0,0
531502,2023,,2,East Los Angeles CDP,7,1,0,26,52,34,9,0,0,0,0,0,0,0,2,0,17,0,0,0,0,0,0,0,0,0,0,0,0,0,0,0,0,0,0,0,0,0,0,0,0,0
531503,2023,,2,East Los Angeles CDP,7,1,0,26,52,34,4,0,0,0,0,0,0,0,2,0,2,0,0,0,0,0,0,0,0,0,0,0,0,0,0,0,0,0,0,0,0,0,0,0,0,0
531504,2023,,2,East Los Angeles CDP,7,1,0,26,52,34,1,0,0,0,0,0,0,1,0,0,0,0,0,0,0,0,0,0,0,0,0,0,0,0,0,0,0,0,0,0,0,0,0,0,0,0
531602,2023,,2,East Los Angeles CDP,7,1,0,26,52,34,0,0,0,0,0,0,0,0,1,0,0,0,0,0,0,0,0,0,0,0,0,0,0,0,0,0,0,0,0,0,0,0,0,0,0,0
531603,2023,,2,East Los Angeles CDP,7,1,0,26,52,34,4,1,3,0,0,0,0,11,6,0,1,0,0,0,0,0,0,0,0,0,0,0,0,0,0,0,0,0,0,0,0,0,0,0,0,0
531604,2023,,2,East Los Angeles CDP,7,1,0,26,52,34,21,0,0,0,0,0,3,5,4,2,3,0,0,0,0,0,0,0,0,0,0,0,0,0,0,0,0,0,0,0,0,0,0,0,0,0
531701,2023,,2,East Los Angeles CDP,7,1,0,26,52,34,12,0,0,0,0,0,2,3,7,0,0,0,0,0,0,0,0,0,0,0,0,0,0,0,0,0,0,0,0,0,0,0,0,0,0,0
531702,2023,,2,East Los Angeles CDP,7,1,0,26,52,34,8,0,0,0,0,0,4,12,18,0,7,0,0,0,0,0,0,0,0,0,0,0,0,0,0,0,0,0,0,0,0,0,0,0,0,0
531800_w1,2023,Montebello city,2,Montebello city,7,1,0,30,54,38,2,0,0,0,0,0,1,0,0,0,0,0,0,0,0,0,0,0,0,0,0,0,0,0,0,0,0,0,0,0,0,0,0,0,0,0
531800_w2,2023,,2,East Los Angeles CDP,7,1,0,26,52,34,1,0,0,0,0,0,0,2,4,0,0,0,0,0,0,0,0,0,0,0,0,0,0,0,0,0,0,0,0,0,0,0,0,0,0,0
531901,2023,,2,East Los Angeles CDP,7,1,0,26,52,34,1,0,0,0,0,0,0,5,4,0,1,0,0,0,0,0,0,0,0,0,0,0,0,0,0,0,0,0,0,0,0,0,0,0,0,0
531902_w1,2023,Montebello city,2,Montebello city,7,1,0,30,54,38,3,0,0,0,0,0,0,3,0,0,0,0,0,0,0,0,0,0,0,0,0,0,0,0,0,0,0,0,0,0,0,0,0,0,0,0
531902_w2,2023,,2,East Los Angeles CDP,7,1,0,26,52,34,6,0,0,0,0,0,0,3,8,1,0,0,0,0,0,0,0,0,0,0,0,0,0,0,0,0,0,0,0,0,0,0,0,0,0,0
532001,2023,Montebello city,2,Montebello city,7,1,0,30,54,38,1,0,0,0,0,0,1,2,1,0,2,27,0,0,0,0,0,0,0,0,0,0,0,0,0,0,0,0,0,0,0,0,27,0,0,27
532002,2023,Montebello city,2,Montebello city,7,1,0,30,54,38,6,0,0,0,0,0,2,1,0,0,0,0,0,0,0,0,0,0,0,0,0,0,0,0,0,0,0,0,0,0,0,0,0,0,0,0
532101,2023,Montebello city,2,Montebello city,7,1,0,30,54,38,11,1,6,0,0,0,0,0,0,0,2,0,0,0,0,0,0,0,0,0,0,0,0,0,0,0,0,0,0,0,0,0,0,0,0,0
532102,2023,Montebello city,2,Montebello city,7,1,0,30,54,38,20,0,0,0,0,0,0,1,0,0,9,0,0,0,0,0,0,0,0,0,0,0,0,0,0,0,0,0,0,0,0,0,0,0,0,0
532200,2023,Montebello city,2,Montebello city,7,1,0,30,54,38,27,1,3,0,0,0,4,7,7,5,9,0,0,0,0,0,0,0,0,0,0,0,0,0,0,0,0,0,0,0,0,0,0,0,0,0
532302,2023,Commerce city,2,Commerce city,7,4,0,33,54,42,34,0,0,0,0,0,12,5,6,3,14,0,0,0,0,0,0,0,0,0,0,0,0,0,0,0,0,0,0,0,0,0,0,0,0,0
532303,2023,Commerce city,2,Commerce city,7,4,0,33,54,42,4,0,0,0,0,0,5,7,3,4,11,0,0,0,0,0,0,0,0,0,0,0,0,0,0,0,0,0,0,0,0,0,0,0,0,0
532304_w1,2023,Bell city,2,Bell city,7,4,0,33,64,42,33,0,0,0,0,0,6,2,0,0,16,143,0,0,1,0,0,0,74,0,0,1,0,0,0,18,0,0,0,0,0,0,144,75,18,237
532304_w2,2023,Commerce city,2,Commerce city,7,4,0,33,54,42,3,0,0,0,0,0,7,0,1,11,6,0,0,0,0,0,0,0,0,0,0,0,0,0,0,0,0,0,0,0,0,0,0,0,0,0
532500,2023,Huntington Park city,2,Huntington Park city,7,4,0,33,62,42,12,0,0,0,0,0,1,3,0,1,6,0,0,0,0,0,0,0,0,0,0,0,0,0,0,0,0,0,0,0,0,0,0,0,0,0
532605,2023,Huntington Park city,2,Huntington Park city,7,4,0,33,62,42,5,0,0,0,0,0,0,0,0,0,5,0,0,0,0,0,0,0,0,0,0,0,0,0,0,0,0,0,0,0,0,0,0,0,0,0
532606,2023,Huntington Park city,2,Huntington Park city,7,4,0,33,62,42,0,0,0,0,0,0,0,0,0,0,0,0,0,0,0,0,0,0,0,0,0,0,0,0,0,0,0,0,0,0,0,0,0,0,0,0
532607,2023,Huntington Park city,2,Huntington Park city,7,4,0,33,62,42,3,0,0,0,0,0,3,0,0,0,0,0,0,0,0,0,0,0,0,0,0,0,0,0,0,0,0,0,0,0,0,0,0,0,0,0
532700,2023,,2,Florence-Graham CDP,7,2,0,33,57,42,16,0,0,0,0,0,18,27,7,0,35,0,0,0,0,0,0,0,0,0,0,0,0,0,0,0,0,0,0,0,0,0,0,0,0,0
532800,2023,,2,Florence-Graham CDP,6,2,0,33,57,42,11,0,0,0,0,0,9,4,24,3,34,0,0,0,0,0,0,0,0,0,0,0,0,0,0,0,0,0,0,0,0,0,0,0,0,0
532900,2023,,2,Florence-Graham CDP,6,2,0,33,57,42,1,1,6,0,0,0,0,0,0,0,0,0,0,0,0,0,0,0,0,0,0,0,0,0,0,0,0,0,0,0,0,0,0,0,0,0
533001,2023,,2,Florence-Graham CDP,7,2,0,33,57,42,16,0,0,0,0,0,7,3,0,0,2,0,0,0,0,0,0,0,0,0,0,0,0,0,0,0,0,0,0,0,0,0,0,0,0,0
533002,2023,,2,Florence-Graham CDP,7,2,0,33,57,42,11,1,3,0,0,0,15,3,1,1,3,0,0,0,0,0,0,0,0,0,0,0,0,0,0,0,0,0,0,0,0,0,0,0,0,0
533103,2023,Huntington Park city,2,Huntington Park city,7,4,0,33,62,42,21,0,0,0,0,0,9,0,0,0,1,0,0,0,0,0,0,0,0,0,0,0,0,0,0,0,0,0,0,0,0,0,0,0,0,0
533104,2023,Huntington Park city,2,Huntington Park city,7,4,0,33,62,42,14,0,0,0,0,0,2,4,0,0,2,0,0,0,0,0,0,0,0,0,0,0,0,0,0,0,0,0,0,0,0,0,0,0,0,0
533105,2023,Huntington Park city,2,Huntington Park city,7,4,0,33,62,42,3,0,0,0,0,0,0,0,0,1,2,0,0,0,0,0,0,0,0,0,0,0,0,0,0,0,0,0,0,0,0,0,0,0,0,0
533108,2023,Huntington Park city,2,Huntington Park city,7,4,0,33,62,42,6,0,0,0,0,0,0,1,1,0,0,0,0,0,0,0,0,0,0,0,0,0,0,0,0,0,0,0,0,0,0,0,0,0,0,0
533201,2023,Huntington Park city,2,Huntington Park city,7,4,0,33,62,42,0,0,0,0,0,0,0,0,0,0,0,0,0,0,0,0,0,0,0,0,0,0,0,0,0,0,0,0,0,0,0,0,0,0,0,0
533204,2023,Huntington Park city,2,Huntington Park city,7,4,0,33,62,42,5,0,0,0,0,0,0,2,1,0,1,0,0,0,0,0,0,0,0,0,0,0,0,0,0,0,0,0,0,0,0,0,0,0,0,0
533300,2023,Maywood city,2,Maywood city,7,4,0,33,62,42,5,0,0,0,0,0,0,0,1,0,0,0,0,0,0,0,0,0,0,0,0,0,0,0,0,0,0,0,0,0,0,0,0,0,0,0
533401,2023,Maywood city,2,Maywood city,7,4,0,33,62,42,1,0,0,0,0,0,1,0,0,1,0,0,0,0,0,0,0,0,0,0,0,0,0,0,0,0,0,0,0,0,0,0,0,0,0,0
533402,2023,Maywood city,2,Maywood city,7,4,0,33,62,42,4,0,0,0,0,0,0,0,0,0,0,0,0,0,0,0,0,0,0,0,0,0,0,0,0,0,0,0,0,0,0,0,0,0,0,0
533403,2023,Maywood city,2,Maywood city,7,4,0,33,62,42,2,0,0,0,0,0,0,1,0,2,1,0,0,0,0,0,0,0,0,0,0,0,0,0,0,0,0,0,0,0,0,0,0,0,0,0
533501,2023,Huntington Park city,2,Huntington Park city,7,4,0,33,62,42,2,0,0,0,0,0,1,0,0,0,0,0,0,0,0,0,0,0,0,0,0,0,0,0,0,0,0,0,0,0,0,0,0,0,0,0
533504,2023,Huntington Park city,2,Huntington Park city,7,4,0,33,62,42,0,0,0,0,0,0,0,0,0,0,0,0,0,0,0,0,0,0,0,0,0,0,0,0,0,0,0,0,0,0,0,0,0,0,0,0
533601,2023,Bell city,2,Bell city,7,4,0,33,64,42,5,0,0,0,0,0,1,0,1,3,0,0,0,0,0,0,0,0,0,0,0,0,0,0,0,0,0,0,0,0,0,0,0,0,0,0
533602,2023,Bell city,2,Bell city,7,4,0,33,64,42,3,0,0,0,0,0,0,0,0,0,3,0,0,0,0,0,0,0,0,0,0,0,0,0,0,0,0,0,0,0,0,0,0,0,0,0
533603,2023,Bell city,2,Bell city,7,4,0,33,64,42,2,0,0,0,0,0,0,0,0,0,2,0,0,0,0,0,0,0,0,0,0,0,0,0,0,0,0,0,0,0,0,0,0,0,0,0
533701,2023,Maywood city,2,Maywood city,7,4,0,33,62,42,4,0,0,0,0,0,0,0,0,2,4,0,0,0,0,0,0,0,0,0,0,0,0,0,0,0,0,0,0,0,0,0,0,0,0,0
533702,2023,Maywood city,2,Maywood city,7,4,0,33,62,42,0,0,0,0,0,0,0,0,0,0,1,0,0,0,0,0,0,0,0,0,0,0,0,0,0,0,0,0,0,0,0,0,0,0,0,0
533703,2023,Maywood city,2,Maywood city,7,4,0,33,62,42,0,0,0,0,0,0,0,0,0,0,2,0,0,0,0,0,0,0,0,0,0,0,0,0,0,0,0,0,0,0,0,0,0,0,0,0
533803,2023,Bell city,2,Bell city,7,4,0,33,64,42,3,0,0,0,0,0,1,0,0,0,0,0,0,0,0,0,0,0,0,0,0,0,0,0,0,0,0,0,0,0,0,0,0,0,0,0
533804,2023,Bell city,2,Bell city,7,4,0,33,64,42,1,0,0,0,0,0,0,0,0,0,0,0,0,0,0,0,0,0,0,0,0,0,0,0,0,0,0,0,0,0,0,0,0,0,0,0
533805,2023,Bell city,2,Bell city,7,4,0,33,64,42,3,0,0,0,0,0,0,0,0,0,0,0,0,0,0,0,0,0,0,0,0,0,0,0,0,0,0,0,0,0,0,0,0,0,0,0
533806,2023,Bell city,2,Bell city,7,4,0,33,64,42,8,0,0,0,0,0,0,0,0,3,6,0,0,0,0,0,0,0,0,0,0,0,0,0,0,0,0,0,0,0,0,0,0,0,0,0
533901,2023,Bell Gardens city,2,Bell Gardens city,7,4,0,33,64,42,0,0,0,0,0,0,3,0,0,9,0,0,0,0,0,0,0,0,0,0,0,0,0,0,0,0,0,0,0,0,0,0,0,0,0,0
533902,2023,Bell Gardens city,2,Bell Gardens city,7,4,0,33,64,42,0,0,0,0,0,0,3,0,0,4,0,0,0,0,0,0,0,0,0,0,0,0,0,0,0,0,0,0,0,0,0,0,0,0,0,0
534001,2023,Bell Gardens city,2,Bell Gardens city,7,4,0,33,64,42,1,0,0,0,0,0,0,0,3,4,7,0,0,0,0,0,0,0,0,0,0,0,0,0,0,0,0,0,0,0,0,0,0,0,0,0
534002,2023,Bell Gardens city,2,Bell Gardens city,7,4,0,33,64,42,6,1,2,0,0,0,0,1,1,3,10,0,0,0,0,0,0,0,0,0,0,0,0,0,0,0,0,0,0,0,0,0,0,0,0,0
534101,2023,Bell Gardens city,2,Bell Gardens city,7,4,0,33,64,42,8,0,0,0,0,0,1,0,4,3,9,0,0,0,0,0,0,0,0,0,0,0,0,0,0,0,0,0,0,0,0,0,0,0,0,0
534102,2023,Bell Gardens city,2,Bell Gardens city,7,4,0,33,64,42,2,0,0,0,0,0,9,0,0,0,0,0,0,0,0,0,0,0,0,0,0,0,0,0,0,0,0,0,0,0,0,0,0,0,0,0
534201,2023,Bell Gardens city,2,Bell Gardens city,7,4,0,33,64,42,0,0,0,0,0,0,2,1,1,2,5,0,0,0,0,0,0,0,0,0,0,0,0,0,0,0,0,0,0,0,0,0,0,0,0,0
534202,2023,Bell Gardens city,2,Bell Gardens city,7,4,0,33,64,42,0,0,0,0,0,0,2,0,2,1,0,0,0,0,0,0,0,0,0,0,0,0,0,0,0,0,0,0,0,0,0,0,0,0,0,0
534203,2023,Bell Gardens city,2,Bell Gardens city,7,4,0,33,64,42,1,0,0,0,0,0,3,1,0,4,3,0,0,0,0,0,0,0,0,0,0,0,0,0,0,0,0,0,0,0,0,0,0,0,0,0
534301,2023,Cudahy city,2,Cudahy city,7,4,0,33,64,42,6,0,0,0,0,0,0,0,0,0,0,0,0,0,0,0,0,0,0,0,0,0,0,0,0,0,0,0,0,0,0,0,0,0,0,0
534302,2023,Cudahy city,2,Cudahy city,7,4,0,33,64,42,1,0,0,0,0,0,0,1,0,5,0,0,0,0,0,0,0,0,0,0,0,0,0,0,0,0,0,0,0,0,0,0,0,0,0,0
534403,2023,Cudahy city,2,Cudahy city,7,4,0,33,64,42,1,0,0,0,0,0,0,0,0,0,0,0,0,0,0,0,0,0,0,0,0,0,0,0,0,0,0,0,0,0,0,0,0,0,0,0
534404,2023,Cudahy city,2,Cudahy city,7,4,0,33,64,42,2,0,0,0,0,0,0,0,0,0,0,0,0,0,0,0,0,0,0,0,0,0,0,0,0,0,0,0,0,0,0,0,0,0,0,0
534405,2023,Cudahy city,2,Cudahy city,7,4,0,33,64,42,1,0,0,0,0,0,0,0,0,0,0,0,0,0,0,0,0,0,0,0,0,0,0,0,0,0,0,0,0,0,0,0,0,0,0,0
534406,2023,Cudahy city,2,Cudahy city,7,4,0,33,64,42,5,0,0,0,0,0,0,0,0,1,5,0,0,0,0,0,0,0,0,0,0,0,0,0,0,0,0,0,0,0,0,0,0,0,0,0
534501,2023,Huntington Park city,2,Huntington Park city,7,4,0,33,62,42,6,0,0,0,0,0,2,3,0,2,0,0,0,0,0,0,0,0,0,0,0,0,0,0,0,0,0,0,0,0,0,0,0,0,0,0
534502,2023,Huntington Park city,2,Huntington Park city,7,4,0,33,62,42,2,0,0,0,0,0,0,0,0,0,1,0,0,0,0,0,0,0,0,0,0,0,0,0,0,0,0,0,0,0,0,0,0,0,0,0
534700,2023,,2,Walnut Park CDP,7,4,0,33,62,42,0,0,0,0,0,0,1,2,0,0,0,0,0,0,0,0,0,0,0,0,0,0,0,0,0,0,0,0,0,0,0,0,0,0,0,0
534802,2023,,2,Walnut Park CDP,7,4,0,33,62,42,1,0,0,0,0,0,0,0,0,3,0,0,0,0,0,0,0,0,0,0,0,0,0,0,0,0,0,0,0,0,0,0,0,0,0,0
534803,2023,,2,Walnut Park CDP,7,4,0,33,62,42,9,0,0,0,0,0,0,0,7,0,0,0,0,0,0,0,0,0,0,0,0,0,0,0,0,0,0,0,0,0,0,0,0,0,0,0
534804,2023,,2,Walnut Park CDP,7,4,0,33,62,42,1,0,0,0,0,0,0,0,0,2,0,0,0,0,0,0,0,0,0,0,0,0,0,0,0,0,0,0,0,0,0,0,0,0,0,0
534900,2023,,2,Florence-Graham CDP,6,2,0,33,57,42,89,2,8,0,0,0,31,25,14,10,10,0,0,0,0,0,0,0,0,0,0,0,0,0,0,0,0,0,0,0,0,0,0,0,0,0
535001,2023,,2,Florence-Graham CDP,6,2,0,33,57,42,1,0,0,0,0,0,0,0,0,0,0,0,0,0,0,0,0,0,0,0,0,0,0,0,0,0,0,0,0,0,0,0,0,0,0,0
535002,2023,,2,Florence-Graham CDP,6,2,0,33,57,42,4,0,0,0,0,0,4,5,4,0,2,0,0,0,0,0,0,0,0,0,0,0,0,0,0,0,0,0,0,0,0,0,0,0,0,0
535101,2023,,2,Florence-Graham CDP,6,2,0,33,57,42,25,0,0,0,0,0,20,3,39,0,5,0,0,0,0,0,0,0,0,0,0,0,0,0,0,0,0,0,0,0,0,0,0,0,0,0
535102,2023,,2,Florence-Graham CDP,6,2,0,35,57,42,8,0,0,0,0,0,4,0,9,0,0,0,0,0,0,0,0,0,0,0,0,0,0,0,0,0,0,0,0,0,0,0,0,0,0,0
535200,2023,,2,Florence-Graham CDP,6,2,0,35,57,42,4,0,0,0,0,0,0,2,6,0,0,0,0,0,0,0,0,0,0,0,0,0,0,0,0,0,0,0,0,0,0,0,0,0,0,0
535300,2023,,2,Florence-Graham CDP,6,2,0,33,57,42,22,0,0,0,0,0,1,6,93,11,3,0,0,0,0,0,0,0,0,0,0,0,0,0,0,0,0,0,0,0,0,0,0,0,0,0
535400,2023,,2,Florence-Graham CDP,6,2,0,35,57,42,27,0,0,0,0,0,23,2,66,13,2,21,0,0,0,0,0,0,0,0,0,0,0,0,0,0,0,0,0,0,0,0,21,0,0,21
535501,2023,South Gate city,2,South Gate city,7,4,0,33,62,44,5,0,0,0,0,0,1,2,2,0,1,0,0,0,0,0,0,0,0,0,0,0,0,0,0,0,0,0,0,0,0,0,0,0,0,0
535502,2023,South Gate city,2,South Gate city,7,4,0,33,62,44,0,0,0,0,0,0,0,1,1,0,0,0,0,0,0,0,0,0,0,0,0,0,0,0,0,0,0,0,0,0,0,0,0,0,0,0
535503,2023,South Gate city,2,South Gate city,7,4,0,33,62,44,2,0,0,0,0,0,0,1,0,1,0,0,0,0,0,0,0,0,0,0,0,0,0,0,0,0,0,0,0,0,0,0,0,0,0,0
535603,2023,South Gate city,2,South Gate city,7,4,0,33,62,44,0,0,0,0,0,0,0,0,0,3,0,0,0,0,0,0,0,0,0,0,0,0,0,0,0,0,0,0,0,0,0,0,0,0,0,0
535604,2023,South Gate city,2,South Gate city,7,4,0,33,62,44,5,0,0,0,0,0,0,1,0,1,0,0,0,0,0,0,0,0,0,0,0,0,0,0,0,0,0,0,0,0,0,0,0,0,0,0
535605,2023,South Gate city,2,South Gate city,7,4,0,33,62,44,7,0,0,0,0,0,3,2,0,4,0,0,0,0,0,0,0,0,0,0,0,0,0,0,0,0,0,0,0,0,0,0,0,0,0,0
535606,2023,South Gate city,2,South Gate city,7,4,0,33,62,44,0,0,0,0,0,0,0,0,0,1,0,0,0,0,0,0,0,0,0,0,0,0,0,0,0,0,0,0,0,0,0,0,0,0,0,0
535607,2023,South Gate city,2,South Gate city,7,4,0,33,62,44,1,0,0,0,0,0,3,0,2,7,0,0,0,0,0,0,0,0,0,0,0,0,0,0,0,0,0,0,0,0,0,0,0,0,0,0
535701,2023,South Gate city,2,South Gate city,7,4,0,33,62,44,0,0,0,0,0,0,1,0,2,0,0,0,0,0,0,0,0,0,0,0,0,0,0,0,0,0,0,0,0,0,0,0,0,0,0,0
535702,2023,South Gate city,2,South Gate city,7,4,0,33,62,44,1,0,0,0,0,0,2,0,1,0,0,36,0,0,2,0,0,0,0,0,0,0,0,0,0,0,0,0,0,0,0,0,38,0,0,38
535802,2023,South Gate city,2,South Gate city,7,4,0,33,62,44,2,0,0,0,0,0,0,0,0,0,0,0,0,0,0,0,0,0,0,0,0,0,0,0,0,0,0,0,0,0,0,0,0,0,0,0
535803,2023,South Gate city,2,South Gate city,7,4,0,33,62,44,0,0,0,0,0,0,0,0,0,0,0,0,0,0,0,0,0,0,0,0,0,0,0,0,0,0,0,0,0,0,0,0,0,0,0,0
535804,2023,South Gate city,2,South Gate city,7,4,0,33,62,44,1,0,0,0,0,0,0,0,0,0,1,0,0,0,0,0,0,0,0,0,0,0,0,0,0,0,0,0,0,0,0,0,0,0,0,0
535901,2023,South Gate city,2,South Gate city,7,4,0,33,62,44,0,0,0,0,0,0,1,0,0,1,0,0,0,0,0,0,0,0,0,0,0,0,0,0,0,0,0,0,0,0,0,0,0,0,0,0
535902,2023,South Gate city,2,South Gate city,7,4,0,33,62,44,1,0,0,0,0,0,0,0,0,1,0,0,0,0,0,0,0,0,0,0,0,0,0,0,0,0,0,0,0,0,0,0,0,0,0,0
536000,2023,South Gate city,2,South Gate city,7,4,0,33,62,44,1,0,0,0,0,0,0,0,1,1,1,0,0,0,0,0,0,0,0,0,0,0,0,0,0,0,0,0,0,0,0,0,0,0,0,0
536102,2023,South Gate city,2,South Gate city,7,4,0,33,62,44,21,0,0,0,0,0,4,0,1,5,43,0,0,0,0,0,0,0,0,0,0,0,0,0,0,0,0,0,0,0,0,0,0,0,0,0
536103,2023,South Gate city,2,South Gate city,7,4,0,33,62,44,3,0,0,0,0,0,0,1,0,0,0,0,0,0,0,0,0,0,0,0,0,0,0,0,0,0,0,0,0,0,0,0,0,0,0,0
536104,2023,South Gate city,2,South Gate city,7,4,0,33,62,44,3,0,0,0,0,0,0,0,2,0,3,0,0,0,0,0,0,0,0,0,0,0,0,0,0,0,0,0,0,0,0,0,0,0,0,0
536201_vw1,2023,,2,Unincorporated - Lynwood,6,4,0,33,62,44,0,0,0,0,0,0,0,0,0,0,2,0,0,0,0,0,0,0,0,0,0,0,0,0,0,0,0,0,0,0,0,0,0,0,0,0
536201_vw2,2023,South Gate city,2,South Gate city,7,4,0,33,62,44,5,0,0,0,0,0,2,0,0,0,0,0,0,0,0,0,0,0,0,0,0,0,0,0,0,0,0,0,0,0,0,0,0,0,0,0
536202,2023,South Gate city,2,South Gate city,7,4,0,33,62,44,16,0,0,0,0,0,5,0,0,4,1,0,0,0,0,0,0,0,0,0,0,0,0,0,0,0,0,0,0,0,0,0,0,0,0,0
540000,2023,Lynwood city,2,Lynwood city,6,4,0,33,62,44,1,0,0,0,0,0,0,2,1,0,0,0,0,0,0,0,0,0,0,0,0,0,0,0,0,0,0,0,0,0,0,0,0,0,0,0
540101,2023,Lynwood city,2,Lynwood city,6,4,0,33,62,44,3,0,0,0,0,0,4,0,0,0,2,0,0,0,0,0,0,0,0,0,0,0,0,0,0,0,0,0,0,0,0,0,0,0,0,0
540102,2023,Lynwood city,2,Lynwood city,6,4,0,33,62,44,8,0,0,0,0,0,0,0,0,1,2,0,0,0,0,0,0,0,0,0,0,0,0,0,0,0,0,0,0,0,0,0,0,0,0,0
540201,2023,Lynwood city,2,Lynwood city,6,4,0,33,62,44,3,0,0,0,0,0,0,0,0,0,0,0,0,0,0,0,0,0,0,0,0,0,0,0,0,0,0,0,0,0,0,0,0,0,0,0
540202,2023,Lynwood city,2,Lynwood city,6,4,0,33,62,44,2,0,0,0,0,0,1,0,0,0,0,0,0,0,0,0,0,0,0,0,0,0,0,0,0,0,0,0,0,0,0,0,0,0,0,0
540203,2023,Lynwood city,2,Lynwood city,6,4,0,33,62,44,3,0,0,0,0,0,1,0,0,1,1,0,0,0,0,0,0,0,0,0,0,0,0,0,0,0,0,0,0,0,0,0,0,0,0,0
540300,2023,Lynwood city,2,Lynwood city,6,4,0,33,62,44,2,0,0,0,0,0,0,0,0,0,0,0,0,0,0,0,0,0,0,0,0,0,0,0,0,0,0,0,0,0,0,0,0,0,0,0
540400,2023,,2,Willowbrook CDP,6,2,0,35,65,43,7,0,0,0,0,0,1,0,0,1,5,0,0,0,0,0,0,0,0,0,0,0,0,0,0,0,0,0,0,0,0,0,0,0,0,0
540501,2023,Lynwood city,2,Lynwood city,6,4,0,33,62,44,1,0,0,0,0,0,0,0,0,0,1,0,0,0,0,0,0,0,0,0,0,0,0,0,0,0,0,0,0,0,0,0,0,0,0,0
540502,2023,Lynwood city,2,Lynwood city,6,4,0,33,62,44,1,0,0,0,0,0,0,0,0,0,0,0,0,0,0,0,0,0,0,0,0,0,0,0,0,0,0,0,0,0,0,0,0,0,0,0
540600,2023,,2,Willowbrook CDP,6,2,0,35,65,43,29,0,0,0,0,0,7,1,3,2,0,61,0,0,2,0,0,0,0,0,0,0,0,0,0,0,0,0,0,0,0,0,63,0,0,63
540700,2023,,2,Willowbrook CDP,6,2,0,35,65,43,33,0,0,0,0,0,4,2,14,12,19,62,0,0,0,0,0,0,0,0,0,0,0,0,0,0,0,0,0,0,0,0,62,0,0,62
540800_r1,2023,,2,West Rancho Dominguez CDP,6,2,0,35,65,43,6,0,0,0,0,0,2,1,3,0,0,0,0,0,0,0,0,0,0,0,0,0,0,0,0,0,0,0,0,0,0,0,0,0,0,0
540800_r2,2023,,2,Willowbrook CDP,6,2,0,35,65,43,0,0,0,0,0,0,0,0,0,0,0,0,0,0,0,0,0,0,0,0,0,0,0,0,0,0,0,0,0,0,0,0,0,0,0,0
540901,2023,,2,West Rancho Dominguez CDP,6,2,0,35,65,43,13,0,0,0,0,0,3,8,11,1,3,0,0,0,0,0,0,0,0,0,0,0,0,0,0,0,0,0,0,0,0,0,0,0,0,0
540902,2023,,2,West Rancho Dominguez CDP,6,2,0,35,65,43,6,0,0,0,0,0,26,1,145,0,10,0,0,0,0,0,0,0,0,0,0,0,0,0,0,0,0,0,0,0,0,0,0,0,0,0
541003_vw1,2023,,2,West Rancho Dominguez CDP,6,2,0,35,65,43,24,2,13,0,0,0,83,60,215,16,8,0,0,0,0,0,0,0,0,0,0,0,0,0,0,0,0,0,0,0,0,0,0,0,0,0
541003_vw2,2023,Carson city,2,Carson city,8,2,0,35,65,44,0,0,0,0,0,0,0,1,1,0,0,0,0,0,0,0,0,0,0,0,0,0,0,0,0,0,0,0,0,0,0,0,0,0,0,0
541100_w1,2023,Compton city,2,Compton city,6,2,0,35,65,43,0,0,0,0,0,0,0,0,3,0,0,0,0,0,0,0,0,0,0,0,0,0,0,0,0,0,0,0,0,0,0,0,0,0,0,0
541100_w2,2023,,2,West Rancho Dominguez CDP,6,2,0,35,65,43,5,0,0,0,0,0,0,43,2,2,0,0,0,0,0,0,0,0,0,0,0,0,0,0,0,0,0,0,0,0,0,0,0,0,0,0
541200_w1,2023,Compton city,2,Compton city,6,2,0,35,65,43,2,0,0,0,0,0,1,0,0,0,0,0,0,0,0,0,0,0,0,0,0,0,0,0,0,0,0,0,0,0,0,0,0,0,0,0
541200_w2,2023,,2,West Rancho Dominguez CDP,6,2,0,35,65,43,0,0,0,0,0,0,2,2,0,0,0,0,0,0,0,0,0,0,0,0,0,0,0,0,0,0,0,0,0,0,0,0,0,0,0,0
541300,2023,Compton city,2,Compton city,6,2,0,35,65,43,4,0,0,0,0,0,2,4,1,1,1,0,0,0,0,0,0,0,0,0,0,0,0,0,0,0,0,0,0,0,0,0,0,0,0,0
541401,2023,,2,Willowbrook CDP,6,2,0,35,65,43,1,0,0,0,0,0,3,3,1,4,0,0,0,0,0,0,0,0,0,0,0,0,0,0,0,0,0,0,0,0,0,0,0,0,0,0
541402,2023,,2,Willowbrook CDP,6,2,0,35,65,43,0,0,0,0,0,0,0,2,2,0,0,0,0,0,0,0,0,0,0,0,0,0,0,0,0,0,0,0,0,0,0,0,0,0,0,0
541500,2023,,2,Willowbrook CDP,6,2,0,35,65,43,2,0,0,0,0,0,1,2,1,0,0,0,0,0,0,0,0,0,0,0,0,0,0,0,0,0,0,0,0,0,0,0,0,0,0,0
541603,2023,Compton city,2,Compton city,6,2,0,35,65,43,5,0,0,0,0,0,5,1,5,3,5,0,0,0,0,0,0,0,0,0,0,0,0,0,0,0,0,0,0,0,0,0,0,0,0,0
541604,2023,Compton city,2,Compton city,6,2,0,35,65,43,1,0,0,0,0,0,0,0,0,3,6,0,0,0,0,0,0,0,0,0,0,0,0,0,0,0,0,0,0,0,0,0,0,0,0,0
541605,2023,Compton city,2,Compton city,6,2,0,35,65,43,3,0,0,0,0,0,2,1,0,2,3,0,0,0,0,0,0,0,0,0,0,0,0,0,0,0,0,0,0,0,0,0,0,0,0,0
541606,2023,Compton city,2,Compton city,6,2,0,35,65,43,4,0,0,0,0,0,0,0,0,2,2,0,0,0,0,0,0,0,0,0,0,0,0,0,0,0,0,0,0,0,0,0,0,0,0,0
541700,2023,Lynwood city,2,Lynwood city,6,4,0,33,62,44,5,0,0,0,0,0,1,0,0,9,0,0,0,0,0,0,0,0,0,0,0,0,0,0,0,0,0,0,0,0,0,0,0,0,0,0
541801_yw1,2023,Compton city,2,Compton city,6,2,0,35,65,43,0,0,0,0,0,0,0,0,0,0,0,0,0,0,0,0,0,0,0,0,0,0,0,0,0,0,0,0,0,0,0,0,0,0,0,0
541801_yw2,2023,Lynwood city,2,Lynwood city,6,4,0,33,62,44,0,0,0,0,0,0,0,0,1,0,1,0,0,0,0,0,0,0,0,0,0,0,0,0,0,0,0,0,0,0,0,0,0,0,0,0
541802_yw1,2023,Compton city,2,Compton city,6,2,0,35,65,43,0,0,0,0,0,0,0,0,0,0,0,0,0,0,0,0,0,0,0,0,0,0,0,0,0,0,0,0,0,0,0,0,0,0,0,0
541802_yw2,2023,,2,East Rancho Dominguez CDP,6,2,0,35,65,43,0,0,0,0,0,0,0,0,0,0,0,0,0,0,0,0,0,0,0,0,0,0,0,0,0,0,0,0,0,0,0,0,0,0,0,0
541802_yw3,2023,Lynwood city,2,Lynwood city,6,4,0,33,62,44,3,0,0,0,0,0,0,0,0,0,0,0,0,0,0,0,0,0,0,0,0,0,0,0,0,0,0,0,0,0,0,0,0,0,0,0
542000_w1,2023,Compton city,2,Compton city,6,2,0,35,65,43,0,0,0,0,0,0,0,0,1,1,0,0,0,0,0,0,0,0,0,0,0,0,0,0,0,0,0,0,0,0,0,0,0,0,0,0
542000_w2,2023,,2,East Rancho Dominguez CDP,6,2,0,35,65,43,0,0,0,0,0,0,0,0,0,0,0,0,0,0,0,0,0,0,0,0,0,0,0,0,0,0,0,0,0,0,0,0,0,0,0,0
542103,2023,,2,East Rancho Dominguez CDP,6,2,0,35,65,43,0,0,0,0,0,0,1,0,5,0,3,0,0,0,0,0,0,0,0,0,0,0,0,0,0,0,0,0,0,0,0,0,0,0,0,0
542104_w1,2023,,2,East Rancho Dominguez CDP,6,2,0,35,65,43,0,0,0,0,0,0,1,0,1,0,2,0,0,0,0,0,0,0,0,0,0,0,0,0,0,0,0,0,0,0,0,0,0,0,0,0
542104_w2,2023,Compton city,2,Compton city,6,2,0,35,65,43,0,0,0,0,0,0,0,0,0,0,0,0,0,0,0,0,0,0,0,0,0,0,0,0,0,0,0,0,0,0,0,0,0,0,0,0
542105_w1,2023,Compton city,2,Compton city,6,2,0,35,65,43,0,0,0,0,0,0,4,0,1,2,12,0,0,0,0,0,0,0,0,0,0,0,0,0,0,0,0,0,0,0,0,0,0,0,0,0
542105_w2,2023,,2,East Rancho Dominguez CDP,6,2,0,35,65,43,4,0,0,0,0,0,1,0,4,0,2,19,0,0,0,0,0,0,0,0,0,0,0,0,0,0,0,0,0,0,0,0,19,0,0,19
542106_w1,2023,Compton city,2,Compton city,6,2,0,35,65,43,4,0,0,0,0,0,9,2,2,0,4,0,0,0,0,0,0,0,0,0,0,0,0,0,0,0,0,0,0,0,0,0,0,0,0,0
542106_w2,2023,,2,East Rancho Dominguez CDP,6,2,0,35,65,43,8,0,0,0,0,0,22,11,9,1,7,0,0,0,0,0,0,0,0,0,0,0,0,0,0,0,0,0,0,0,0,0,0,0,0,0
542200_w1,2023,Compton city,2,Compton city,6,2,0,35,65,43,0,0,0,0,0,0,2,0,1,0,11,6,25,89,0,0,0,0,0,0,0,0,0,0,0,0,0,0,0,0,0,0,95,0,0,95
542200_w2,2023,,2,East Rancho Dominguez CDP,6,2,0,35,65,43,5,0,0,0,0,0,5,8,8,0,2,0,0,0,0,0,0,0,0,0,0,0,0,0,0,0,0,0,0,0,0,0,0,0,0,0
542401,2023,Compton city,2,Compton city,6,2,0,35,65,43,2,0,0,0,0,0,0,0,1,0,0,0,0,0,0,0,0,0,0,0,0,0,0,0,0,0,0,0,0,0,0,0,0,0,0,0
542402_v1,2023,Compton city,2,Compton city,6,2,0,35,65,43,3,0,0,0,0,0,2,2,2,0,1,0,0,0,0,0,0,0,0,0,0,0,0,0,0,0,0,0,0,0,0,0,0,0,0,0
542402_v2,2023,Compton city,2,Compton city,8,2,0,35,65,43,0,0,0,0,0,0,0,1,2,0,0,0,0,0,0,0,0,0,0,0,0,0,0,0,0,0,0,0,0,0,0,0,0,0,0,0
542501,2023,Compton city,2,Compton city,6,2,0,35,65,43,0,0,0,0,0,0,0,0,0,0,0,0,0,0,0,0,0,0,0,0,0,0,0,0,0,0,0,0,0,0,0,0,0,0,0,0
542502,2023,Compton city,2,Compton city,6,2,0,35,65,43,4,0,0,6,0,0,0,2,1,2,2,0,0,0,0,0,0,0,0,0,0,0,0,0,0,0,0,0,0,0,0,0,0,0,0,0
542601,2023,Compton city,2,Compton city,6,2,0,35,65,43,0,0,0,0,0,0,1,4,3,0,1,0,0,0,0,0,0,0,0,0,0,0,0,0,0,0,0,0,0,0,0,0,0,0,0,0
542602,2023,Compton city,2,Compton city,6,2,0,35,65,43,1,0,0,0,0,0,5,1,0,1,0,0,0,0,0,0,0,0,0,0,0,0,0,0,0,0,0,0,0,0,0,0,0,0,0,0
542700,2023,Compton city,2,Compton city,6,2,0,35,65,43,2,0,0,0,0,0,2,2,2,1,0,3,0,0,0,0,0,0,0,0,0,0,0,0,0,0,0,0,0,0,0,0,3,0,0,3
542800,2023,Compton city,2,Compton city,6,2,0,35,65,43,0,0,0,0,0,0,0,0,0,0,0,0,0,0,0,0,0,0,0,0,0,0,0,0,0,0,0,0,0,0,0,0,0,0,0,0
542900,2023,Compton city,2,Compton city,6,2,0,35,65,43,1,0,0,0,0,0,0,1,0,0,0,0,0,0,0,0,0,0,0,0,0,0,0,0,0,0,0,0,0,0,0,0,0,0,0,0
543000_w1,2023,Compton city,2,Compton city,6,2,0,35,65,43,1,0,0,0,0,0,0,0,0,0,0,0,0,0,0,0,0,0,0,0,0,0,0,0,0,0,0,0,0,0,0,0,0,0,0,0
543000_w2,2023,,2,West Rancho Dominguez CDP,6,2,0,35,65,43,0,0,0,0,0,0,0,0,2,1,0,0,0,0,0,0,0,0,0,0,0,0,0,0,0,0,0,0,0,0,0,0,0,0,0,0
543100_w1,2023,Carson city,2,Carson city,6,2,0,35,65,44,3,0,0,0,0,0,3,0,0,0,1,0,0,0,0,0,0,0,0,0,0,0,0,0,0,0,0,0,0,0,0,0,0,0,0,0
543100_w2,2023,Compton city,2,Compton city,6,2,0,35,65,43,2,0,0,0,0,0,1,0,0,0,0,0,0,0,0,0,0,0,0,0,0,0,0,0,0,0,0,0,0,0,0,0,0,0,0,0
543201,2023,Compton city,2,Compton city,6,2,0,35,65,43,3,0,0,0,0,0,1,0,1,1,0,0,0,0,0,0,0,0,0,0,0,0,0,0,0,0,0,0,0,0,0,0,0,0,0,0
543203_v1,2023,Compton city,2,Compton city,6,2,0,35,65,43,9,0,0,0,0,0,0,0,0,3,7,0,0,0,0,0,0,0,0,0,0,0,0,0,0,0,0,0,0,0,0,0,0,0,0,0
543203_v2,2023,Compton city,2,Compton city,8,2,0,35,65,43,0,0,0,0,0,0,0,0,0,0,0,0,0,0,0,0,0,0,0,0,0,0,0,0,0,0,0,0,0,0,0,0,0,0,0,0
543304,2023,Carson city,2,Carson city,8,2,0,35,65,44,0,0,0,0,0,0,0,0,0,0,0,0,0,0,0,0,0,0,0,0,0,0,0,0,0,0,0,0,0,0,0,0,0,0,0,0
543305_w1,2023,,2,Unincorporated - Rancho Dominguez,8,2,0,35,65,44,12,0,0,0,0,0,2,22,42,11,2,0,0,0,0,0,0,0,0,0,0,0,0,0,0,0,0,0,0,0,0,0,0,0,0,0
543305_w2,2023,Compton city,2,Compton city,8,2,0,35,65,43,0,0,0,0,0,0,0,0,0,0,0,0,0,0,0,0,0,0,0,0,0,0,0,0,0,0,0,0,0,0,0,0,0,0,0,0
543306,2023,Carson city,2,Carson city,8,2,0,35,69,44,0,0,0,0,0,0,1,0,0,0,0,0,0,0,0,0,0,0,0,0,0,0,0,0,0,0,0,0,0,0,0,0,0,0,0,0
543321,2023,Carson city,2,Carson city,8,2,0,35,65,44,13,0,0,0,0,0,2,0,0,0,1,0,0,0,0,0,0,0,0,0,0,0,0,0,0,0,0,0,0,0,0,0,0,0,0,0
543322,2023,Carson city,2,Carson city,8,2,0,35,65,44,0,0,0,0,0,0,0,0,0,0,0,0,0,0,0,0,0,0,0,0,0,0,0,0,0,0,0,0,0,0,0,0,0,0,0,0
543400,2023,Carson city,2,Carson city,8,2,0,35,65,44,10,0,0,0,0,0,3,1,0,4,15,0,0,0,0,0,0,0,0,0,0,0,0,0,0,0,0,0,0,0,0,0,0,0,0,0
543501_w1,2023,,2,Unincorporated - West Carson,8,2,0,35,65,44,0,0,0,0,0,0,0,0,1,0,0,0,0,0,0,0,0,0,0,0,0,0,0,0,0,0,0,0,0,0,0,0,0,0,0,0
543501_w2,2023,Carson city,2,Carson city,8,2,0,35,65,44,0,0,0,0,0,0,0,0,0,0,0,0,0,0,0,0,0,0,0,0,0,0,0,0,0,0,0,0,0,0,0,0,0,0,0,0
543501_w3,2023,Carson city,2,Carson city,8,2,0,35,69,44,1,0,0,0,0,0,0,0,0,0,0,0,0,0,0,0,0,0,0,0,0,0,0,0,0,0,0,0,0,0,0,0,0,0,0,0
543502,2023,,2,West Carson CDP,8,2,0,35,65,44,0,0,0,0,0,0,1,29,36,2,0,0,0,0,0,0,0,0,0,0,0,0,0,0,0,0,0,0,0,0,0,0,0,0,0,0
543503,2023,,2,West Carson CDP,8,2,0,35,65,44,1,0,0,0,0,0,0,0,10,1,2,0,0,0,0,0,0,0,0,0,0,0,0,0,0,0,0,0,0,0,0,0,0,0,0,0
543601,2023,Carson city,2,Carson city,8,2,0,35,69,44,5,0,0,0,0,0,2,0,0,0,0,0,0,0,0,0,0,0,0,0,0,0,0,0,0,0,0,0,0,0,0,0,0,0,0,0
543603,2023,,2,West Carson CDP,8,2,0,35,65,44,4,0,0,0,0,0,2,3,5,12,4,8,0,0,0,0,0,0,0,0,0,0,0,0,0,0,0,0,0,0,0,0,8,0,0,8
543605,2023,,2,West Carson CDP,8,2,0,35,65,44,2,0,0,0,0,0,2,2,5,0,0,0,0,0,0,0,0,0,0,0,0,0,0,0,0,0,0,0,0,0,0,0,0,0,0,0
543606,2023,,2,West Carson CDP,8,2,0,35,65,44,0,0,0,0,0,0,0,0,0,0,0,0,0,0,0,0,0,0,0,0,0,0,0,0,0,0,0,0,0,0,0,0,0,0,0,0
543607,2023,Carson city,2,Carson city,8,2,0,35,69,44,1,0,0,0,0,0,0,0,0,0,0,0,0,0,0,0,0,0,0,0,0,0,0,0,0,0,0,0,0,0,0,0,0,0,0,0
543701,2023,Carson city,2,Carson city,8,2,0,35,69,44,2,0,0,0,0,0,5,0,0,0,1,0,0,0,0,0,0,0,0,0,0,0,0,0,0,0,0,0,0,0,0,0,0,0,0,0
543703,2023,Carson city,2,Carson city,8,2,0,35,69,44,0,0,0,0,0,0,2,0,0,0,0,0,0,0,0,0,0,0,0,0,0,0,0,0,0,0,0,0,0,0,0,0,0,0,0,0
543704,2023,Carson city,2,Carson city,8,2,0,35,69,44,0,0,0,0,0,0,0,0,0,0,3,0,0,0,0,0,0,0,0,0,0,0,0,0,0,0,0,0,0,0,0,0,0,0,0,0
543705,2023,Carson city,2,Carson city,8,2,0,35,69,44,0,0,0,0,0,0,0,0,1,0,0,0,0,0,0,0,0,0,0,0,0,0,0,0,0,0,0,0,0,0,0,0,0,0,0,0
543801_r1,2023,Carson city,2,Carson city,8,2,0,35,65,44,0,0,0,0,0,0,0,0,0,0,0,0,0,0,0,0,0,0,0,0,0,0,0,0,0,0,0,0,0,0,0,0,0,0,0,0
543801_r2,2023,Carson city,2,Carson city,8,2,0,35,69,44,2,0,0,0,0,0,0,0,0,0,0,0,0,0,0,0,0,0,0,0,0,0,0,0,0,0,0,0,0,0,0,0,0,0,0,0
543803,2023,Carson city,2,Carson city,8,2,0,35,69,44,2,0,0,0,0,0,0,0,0,0,0,0,0,0,0,0,0,0,0,0,0,0,0,0,0,0,0,0,0,0,0,0,0,0,0,0
543804,2023,Carson city,2,Carson city,8,2,0,35,69,44,0,0,0,0,0,0,0,0,1,0,0,0,0,0,0,0,0,0,0,0,0,0,0,0,0,0,0,0,0,0,0,0,0,0,0,0
543903,2023,Carson city,2,Carson city,8,2,0,35,69,44,2,0,0,0,0,0,0,0,0,0,0,0,0,0,0,0,0,0,0,0,0,0,0,0,0,0,0,0,0,0,0,0,0,0,0,0
543905,2023,Carson city,2,Carson city,8,2,0,35,69,44,0,0,0,0,0,0,0,0,0,0,0,0,0,0,0,0,0,0,0,0,0,0,0,0,0,0,0,0,0,0,0,0,0,0,0,0
544001,2023,Carson city,2,Carson city,8,2,0,35,69,44,9,0,0,0,0,0,6,0,0,1,1,0,0,0,0,0,0,0,0,0,0,0,0,0,0,0,0,0,0,0,0,0,0,0,0,0
544002,2023,Carson city,2,Carson city,8,2,0,35,69,44,2,0,0,0,0,0,0,0,0,0,2,0,0,0,0,0,0,0,0,0,0,0,0,0,0,0,0,0,0,0,0,0,0,0,0,0
550101,2023,Norwalk city,2,Norwalk city,7,4,0,30,64,38,0,0,0,0,0,0,0,0,0,0,0,0,0,0,0,0,0,0,0,0,0,0,0,0,0,0,0,0,0,0,0,0,0,0,0,0
550201,2023,Norwalk city,2,Norwalk city,7,4,0,30,64,38,0,0,0,0,0,0,0,0,0,0,0,0,0,0,0,0,0,0,0,0,0,0,0,0,0,0,0,0,0,0,0,0,0,0,0,0
550202,2023,Norwalk city,2,Norwalk city,7,4,0,30,64,38,17,0,0,0,0,0,1,1,0,3,1,0,0,0,0,0,0,0,0,0,0,0,0,0,0,0,0,0,0,0,0,0,0,0,0,0
550301,2023,Norwalk city,2,Norwalk city,7,4,0,30,64,38,4,0,0,0,0,0,0,0,0,0,5,0,0,0,0,0,0,0,0,0,0,0,0,0,0,0,0,0,0,0,0,0,0,0,0,0
550501,2023,Downey city,2,Downey city,7,4,0,30,64,38,7,0,0,0,0,0,0,0,0,6,3,0,0,0,0,0,0,0,0,0,0,0,0,0,0,0,0,0,0,0,0,0,0,0,0,0
550502_r1,2023,Downey city,2,Downey city,7,4,0,30,64,38,1,0,0,0,0,0,0,0,0,0,0,0,0,0,0,0,0,0,0,0,0,0,0,0,0,0,0,0,0,0,0,0,0,0,0,0
550502_r2,2023,Downey city,2,Downey city,7,4,0,30,64,42,3,0,0,0,0,0,0,0,0,0,1,0,0,0,0,0,0,0,0,0,0,0,0,0,0,0,0,0,0,0,0,0,0,0,0,0
550601,2023,Downey city,2,Downey city,7,4,0,30,64,38,2,0,0,0,0,0,2,0,0,1,4,0,0,0,0,0,0,0,0,0,0,0,0,0,0,0,0,0,0,0,0,0,0,0,0,0
550602_r1,2023,Downey city,2,Downey city,7,4,0,30,64,38,0,0,0,0,0,0,0,0,0,0,0,0,0,0,0,0,0,0,0,0,0,0,0,0,0,0,0,0,0,0,0,0,0,0,0,0
550602_r2,2023,Downey city,2,Downey city,7,4,0,30,64,42,3,0,0,0,0,0,1,0,0,0,3,0,0,0,0,0,0,0,0,0,0,0,0,0,0,0,0,0,0,0,0,0,0,0,0,0
550700_r1,2023,Downey city,2,Downey city,7,4,0,30,64,38,3,0,0,0,0,0,0,0,0,0,5,0,0,0,0,0,0,0,0,0,0,0,0,0,0,0,0,0,0,0,0,0,0,0,0,0
550700_r2,2023,Downey city,2,Downey city,7,4,0,30,64,42,2,0,0,0,0,0,1,0,0,0,3,0,0,0,0,0,0,0,0,0,0,0,0,0,0,0,0,0,0,0,0,0,0,0,0,0
550801,2023,Downey city,2,Downey city,7,4,0,30,64,42,0,0,0,0,0,0,0,0,0,1,0,0,0,0,0,0,0,0,0,0,0,0,0,0,0,0,0,0,0,0,0,0,0,0,0,0
550802,2023,Downey city,2,Downey city,7,4,0,30,64,42,5,0,0,0,0,0,1,1,0,0,3,0,0,0,0,0,0,0,0,0,0,0,0,0,0,0,0,0,0,0,0,0,0,0,0,0
550901,2023,Downey city,2,Downey city,7,4,0,30,64,42,7,0,0,0,0,0,1,0,0,2,0,0,0,0,0,0,0,0,0,0,0,0,0,0,0,0,0,0,0,0,0,0,0,0,0,0
550902,2023,Downey city,2,Downey city,7,4,0,30,64,42,0,0,0,0,0,0,0,0,0,0,0,0,0,0,0,0,0,0,0,0,0,0,0,0,0,0,0,0,0,0,0,0,0,0,0,0
551001,2023,Downey city,2,Downey city,7,4,0,30,64,42,7,0,0,0,0,0,0,0,1,1,2,0,0,0,0,0,0,0,0,0,0,0,0,0,0,0,0,0,0,0,0,0,0,0,0,0
551002,2023,Downey city,2,Downey city,7,4,0,30,64,42,0,0,0,0,0,0,0,0,0,0,0,0,0,0,0,0,0,0,0,0,0,0,0,0,0,0,0,0,0,0,0,0,0,0,0,0
551101,2023,Downey city,2,Downey city,7,4,0,30,64,42,8,0,0,0,0,0,11,3,2,0,0,0,0,0,0,0,0,0,0,0,0,0,0,0,0,0,0,0,0,0,0,0,0,0,0,0
551102,2023,Downey city,2,Downey city,7,4,0,30,64,42,24,0,0,0,0,0,3,0,3,8,7,0,0,0,0,0,0,0,0,0,0,0,0,0,0,0,0,0,0,0,0,0,0,0,0,0
551201,2023,Downey city,2,Downey city,7,4,0,30,64,42,0,0,0,0,0,0,7,1,2,0,0,0,0,0,0,0,0,0,0,0,0,0,0,0,0,0,0,0,0,0,0,0,0,0,0,0
551203,2023,Downey city,2,Downey city,7,4,0,30,64,42,0,0,0,0,0,0,1,0,0,0,0,0,0,0,0,0,0,0,0,0,0,0,0,0,0,0,0,0,0,0,0,0,0,0,0,0
551204,2023,Downey city,2,Downey city,7,4,0,30,64,42,0,0,0,0,0,0,3,3,4,0,0,0,0,0,0,0,0,0,0,0,0,0,0,0,0,0,0,0,0,0,0,0,0,0,0,0
551300,2023,Downey city,2,Downey city,7,4,0,30,64,42,0,0,0,0,0,0,1,0,2,0,0,0,0,0,0,0,0,0,0,0,0,0,0,0,0,0,0,0,0,0,0,0,0,0,0,0
551401,2023,Downey city,2,Downey city,7,4,0,30,64,42,3,0,0,0,0,0,2,0,0,0,1,0,0,0,0,0,0,0,0,0,0,0,0,0,0,0,0,0,0,0,0,0,0,0,0,0
551402,2023,Downey city,2,Downey city,7,4,0,30,64,42,2,0,0,0,0,0,2,0,0,0,1,0,0,0,0,0,0,0,0,0,0,0,0,0,0,0,0,0,0,0,0,0,0,0,0,0
551501,2023,Downey city,2,Downey city,7,4,0,30,64,42,0,0,0,0,0,0,1,0,3,0,0,0,0,0,0,0,0,0,0,0,0,0,0,0,0,0,0,0,0,0,0,0,0,0,0,0
551502,2023,Downey city,2,Downey city,7,4,0,30,64,42,10,0,0,0,0,0,6,0,0,1,0,0,0,0,0,0,0,0,0,0,0,0,0,0,0,0,0,0,0,0,0,0,0,0,0,0
551700,2023,Downey city,2,Downey city,7,4,0,30,64,42,1,0,0,0,0,0,0,0,0,0,2,0,0,0,0,0,0,0,0,0,0,0,0,0,0,0,0,0,0,0,0,0,0,0,0,0
551801,2023,Downey city,2,Downey city,7,4,0,30,64,42,3,0,0,0,0,0,0,0,0,0,2,0,0,0,0,0,0,0,0,0,0,0,0,0,0,0,0,0,0,0,0,0,0,0,0,0
551802,2023,Downey city,2,Downey city,7,4,0,30,64,42,22,0,0,0,0,0,0,0,0,16,24,0,0,0,0,0,0,0,0,0,0,0,0,0,0,0,0,0,0,0,0,0,0,0,0,0
551900,2023,Norwalk city,2,Norwalk city,7,4,0,30,64,38,5,0,0,0,0,0,0,0,0,0,6,0,0,0,0,0,0,0,0,0,0,0,0,0,0,0,0,0,0,0,0,0,0,0,0,0
552001,2023,Norwalk city,2,Norwalk city,7,4,0,30,64,38,1,0,0,0,0,0,0,1,0,0,0,0,0,0,0,0,0,0,0,0,0,0,0,0,0,0,0,0,0,0,0,0,0,0,0,0
552002,2023,Norwalk city,2,Norwalk city,7,4,0,30,64,38,4,0,0,0,0,0,0,0,0,0,0,0,0,0,0,0,0,0,0,0,0,0,0,0,0,0,0,0,0,0,0,0,0,0,0,0
552100,2023,Norwalk city,2,Norwalk city,7,4,0,30,64,38,3,0,0,0,0,0,0,0,0,0,0,0,0,0,0,0,0,0,0,0,0,0,0,0,0,0,0,0,0,0,0,0,0,0,0,0
552200,2023,Norwalk city,2,Norwalk city,7,4,0,30,64,38,7,0,0,0,0,0,0,0,0,0,0,0,0,0,0,0,0,0,0,0,0,4,0,0,0,0,0,0,0,0,0,0,0,4,0,4
552301,2023,Norwalk city,2,Norwalk city,7,4,0,30,64,38,1,0,0,0,0,0,0,0,0,0,1,0,0,0,0,0,0,0,0,0,0,0,0,0,0,0,0,0,0,0,0,0,0,0,0,0
552302,2023,Norwalk city,2,Norwalk city,7,4,0,30,64,38,0,0,0,0,0,0,0,0,0,0,0,0,0,0,0,0,0,0,0,0,0,0,0,0,0,0,0,0,0,0,0,0,0,0,0,0
552400,2023,Norwalk city,2,Norwalk city,7,4,0,30,64,38,1,0,0,0,0,0,0,0,0,0,0,0,0,0,0,0,0,0,0,0,0,0,0,0,0,0,0,0,0,0,0,0,0,0,0,0
552601,2023,Norwalk city,2,Norwalk city,7,4,0,30,64,38,4,0,0,0,0,0,1,0,0,0,0,0,0,0,0,0,0,0,0,0,0,0,0,0,0,0,0,0,0,0,0,0,0,0,0,0
552602,2023,Norwalk city,2,Norwalk city,7,4,0,30,64,38,2,0,0,0,0,0,1,0,0,0,0,0,0,0,0,0,0,0,0,0,0,0,0,0,0,0,0,0,0,0,0,0,0,0,0,0
552700,2023,Norwalk city,2,Norwalk city,7,4,0,30,64,38,2,0,0,0,0,0,2,0,0,0,0,0,0,0,0,0,0,0,0,0,0,0,0,0,0,0,0,0,0,0,0,0,0,0,0,0
552800,2023,Norwalk city,2,Norwalk city,7,4,0,30,64,38,13,0,0,0,0,0,0,0,0,0,0,0,0,0,0,0,0,0,0,0,0,0,0,0,0,0,0,0,0,0,0,0,0,0,0,0
552900,2023,Norwalk city,2,Norwalk city,7,4,0,30,64,38,3,0,0,0,0,0,0,0,0,0,0,0,0,0,8,0,0,0,0,0,0,0,0,0,0,0,0,0,0,0,0,0,8,0,0,8
553000,2023,Norwalk city,2,Norwalk city,7,4,0,30,64,38,7,0,0,0,0,0,2,0,0,0,1,0,0,0,0,0,0,0,0,0,0,0,0,0,0,0,0,0,0,0,0,0,0,0,0,0
553100,2023,Bellflower city,2,Bellflower city,7,4,0,30,62,42,8,0,0,0,0,0,0,0,0,2,1,0,0,0,0,0,0,0,1,0,0,18,0,0,0,0,0,0,0,0,0,0,0,19,0,19
553201,2023,Bellflower city,2,Bellflower city,7,4,0,30,62,42,0,0,0,0,0,0,0,0,0,0,0,0,0,0,0,0,0,0,0,0,0,0,0,0,0,0,0,0,0,0,0,0,0,0,0,0
553202,2023,Bellflower city,2,Bellflower city,7,4,0,30,62,42,2,0,0,0,0,0,0,0,0,0,2,0,0,0,0,0,0,0,0,0,0,0,0,0,0,0,0,0,0,0,0,0,0,0,0,0
553300,2023,Bellflower city,2,Bellflower city,7,4,0,30,62,42,1,0,0,0,0,0,0,0,0,0,0,0,0,0,0,0,0,0,0,0,0,0,0,0,0,0,0,0,0,0,0,0,0,0,0,0
553400,2023,Downey city,2,Downey city,7,4,0,30,64,42,4,0,0,0,0,0,0,0,0,0,3,0,0,0,0,0,0,0,0,0,0,0,0,0,0,0,0,0,0,0,0,0,0,0,0,0
553502,2023,Paramount city,2,Paramount city,6,4,0,33,62,44,2,0,0,0,0,0,0,0,0,0,0,0,0,0,0,0,0,0,0,0,0,0,0,0,0,0,0,0,0,0,0,0,0,0,0,0
553503,2023,Paramount city,2,Paramount city,6,4,0,33,62,44,0,0,0,0,0,0,0,0,0,2,2,0,0,0,0,0,0,0,0,0,0,0,0,0,0,0,0,0,0,0,0,0,0,0,0,0
553504,2023,Paramount city,2,Paramount city,6,4,0,33,62,44,0,0,0,0,0,0,0,0,0,0,0,0,0,0,0,0,0,0,0,0,0,0,0,0,0,0,0,0,0,0,0,0,0,0,0,0
553601,2023,Paramount city,2,Paramount city,6,4,0,33,62,44,7,0,0,0,0,0,0,0,0,0,6,0,0,0,0,0,0,0,0,0,0,0,0,0,0,0,0,0,0,0,0,0,0,0,0,0
553602,2023,Paramount city,2,Paramount city,6,4,0,33,62,44,1,0,0,0,0,0,0,0,0,0,1,0,0,0,0,0,0,0,0,0,0,0,0,0,0,0,0,0,0,0,0,0,0,0,0,0
553701,2023,Paramount city,2,Paramount city,6,4,0,33,62,44,3,0,0,0,0,0,1,0,0,0,3,0,0,0,0,0,0,0,0,0,0,0,0,0,0,0,0,0,0,0,0,0,0,0,0,0
553702,2023,Paramount city,2,Paramount city,6,4,0,33,62,44,12,0,0,0,0,0,1,0,0,8,7,0,0,0,0,0,0,0,0,0,0,0,0,0,0,0,0,0,0,0,0,0,0,0,0,0
553801,2023,Paramount city,2,Paramount city,6,4,0,33,62,44,4,0,0,0,0,0,0,1,0,0,0,0,0,0,0,0,0,0,0,0,0,0,0,0,0,0,0,0,0,0,0,0,0,0,0,0
553802,2023,Paramount city,2,Paramount city,6,4,0,33,62,44,1,0,0,0,0,0,0,0,0,0,0,0,0,0,0,0,0,0,0,0,0,0,0,0,0,0,0,0,0,0,0,0,0,0,0,0
553901,2023,Paramount city,2,Paramount city,6,4,0,33,62,44,3,0,0,0,0,0,1,0,0,0,0,0,0,0,0,0,0,0,0,0,0,0,0,0,0,0,0,0,0,0,0,0,0,0,0,0
553902,2023,Paramount city,2,Paramount city,6,4,0,33,62,44,0,0,0,0,0,0,0,0,0,0,0,0,0,0,0,0,0,0,0,0,0,0,0,0,0,0,0,0,0,0,0,0,0,0,0,0
554001,2023,Bellflower city,2,Bellflower city,7,4,0,30,62,42,4,0,0,0,0,0,0,1,1,0,0,0,0,0,0,0,0,0,0,0,0,0,0,0,0,0,0,0,0,0,0,0,0,0,0,0
554002,2023,Bellflower city,2,Bellflower city,7,4,0,30,62,42,7,0,0,0,0,0,3,0,0,0,0,0,0,0,0,0,0,0,0,0,0,0,0,0,0,0,0,0,0,0,0,0,0,0,0,0
554101,2023,Bellflower city,2,Bellflower city,7,4,0,30,62,42,9,0,0,0,0,0,0,0,0,0,0,0,0,0,0,0,0,0,0,0,0,0,0,0,0,0,0,0,0,0,0,0,0,0,0,0
554105,2023,Bellflower city,2,Bellflower city,7,4,0,30,62,42,3,0,0,0,0,0,0,0,0,0,0,0,0,0,0,0,0,0,0,0,0,0,0,0,0,0,0,0,0,0,0,0,0,0,0,0
554106,2023,Bellflower city,2,Bellflower city,7,4,0,30,62,42,0,0,0,0,0,0,0,0,0,0,0,0,0,0,0,0,0,0,0,0,0,0,0,0,0,0,0,0,0,0,0,0,0,0,0,0
554201_r1,2023,Bellflower city,2,Bellflower city,7,4,0,30,62,42,1,0,0,0,0,0,0,0,0,0,0,0,0,0,0,0,0,0,0,0,0,0,0,0,0,0,0,0,0,0,0,0,0,0,0,0
554201_r2,2023,Bellflower city,2,Bellflower city,7,4,0,30,62,44,2,0,0,0,0,0,0,0,0,0,0,0,0,0,0,0,0,0,0,0,0,0,0,0,0,0,0,0,0,0,0,0,0,0,0,0
554203,2023,Bellflower city,2,Bellflower city,7,4,0,30,62,42,1,0,0,0,0,0,0,0,0,0,0,0,0,0,0,0,0,0,0,0,0,0,0,0,0,0,0,0,0,0,0,0,0,0,0,0
554204,2023,Bellflower city,2,Bellflower city,7,4,0,30,62,42,8,0,0,0,0,0,0,0,0,0,0,0,0,0,0,0,0,0,0,0,0,0,0,0,0,0,0,0,0,0,0,0,0,0,0,0
554301,2023,Bellflower city,2,Bellflower city,7,4,0,30,62,44,0,0,0,0,0,0,0,0,0,0,0,0,0,0,0,0,0,0,0,0,0,0,0,0,0,0,0,0,0,0,0,0,0,0,0,0
554302,2023,Bellflower city,2,Bellflower city,7,4,0,30,62,44,0,0,0,0,0,0,0,0,0,0,0,43,0,0,0,0,0,0,0,0,0,0,0,0,0,0,0,0,0,0,0,0,43,0,0,43
554403,2023,Bellflower city,2,Bellflower city,7,4,0,30,62,44,5,0,0,0,0,0,0,0,0,0,1,0,0,0,0,0,0,0,0,0,0,0,0,0,0,0,0,0,0,0,0,0,0,0,0,0
554404_r1,2023,Bellflower city,2,Bellflower city,7,4,0,30,62,42,6,0,0,0,0,0,0,0,2,0,0,0,0,0,0,0,0,0,0,0,0,0,0,0,0,0,0,0,0,0,0,0,0,0,0,0
554404_r2,2023,Bellflower city,2,Bellflower city,7,4,0,30,62,44,0,0,0,0,0,0,0,0,0,0,0,0,0,0,0,0,0,0,0,0,0,0,0,0,0,0,0,0,0,0,0,0,0,0,0,0
554405,2023,Bellflower city,2,Bellflower city,7,4,0,30,62,42,6,0,0,0,0,0,0,0,0,0,0,0,0,0,0,0,0,0,0,0,0,0,0,0,0,0,0,0,0,0,0,0,0,0,0,0
554406,2023,Bellflower city,2,Bellflower city,7,4,0,30,62,42,3,0,0,0,0,0,1,0,0,0,2,0,0,0,0,0,0,0,0,0,0,0,0,0,0,0,0,0,0,0,0,0,0,0,0,0
554511,2023,Cerritos city,2,Cerritos city,7,4,0,36,67,45,5,0,0,0,0,0,0,0,0,4,10,0,0,0,0,0,0,0,0,0,0,0,0,0,0,0,0,0,0,0,0,0,0,0,0,0
554512,2023,Cerritos city,2,Cerritos city,7,4,0,36,67,45,1,0,0,0,0,0,3,2,0,1,0,0,0,0,0,0,0,0,0,0,0,0,0,0,0,0,0,0,0,0,0,0,0,0,0,0
554513,2023,Cerritos city,2,Cerritos city,7,4,0,36,67,45,0,0,0,0,0,0,0,0,0,0,0,0,0,0,0,0,0,0,0,0,0,0,0,0,0,0,0,0,0,0,0,0,0,0,0,0
554514,2023,Cerritos city,2,Cerritos city,7,4,0,36,67,45,2,0,0,0,0,0,0,1,0,0,3,0,0,0,0,0,0,0,0,0,0,0,0,0,0,0,0,0,0,0,0,0,0,0,0,0
554515,2023,Cerritos city,2,Cerritos city,7,4,0,36,67,45,0,0,0,0,0,0,0,0,0,0,0,0,0,0,0,0,0,0,0,0,0,0,0,0,0,0,0,0,0,0,0,0,0,0,0,0
554516,2023,Cerritos city,2,Cerritos city,7,4,0,36,67,45,0,0,0,0,0,0,0,0,0,0,0,0,0,0,0,0,0,0,0,0,0,0,0,0,0,0,0,0,0,0,0,0,0,0,0,0
554517,2023,Cerritos city,2,Cerritos city,7,4,0,36,67,45,1,0,0,0,0,0,0,0,0,0,0,0,0,0,0,0,0,0,0,0,0,0,0,0,0,0,0,0,0,0,0,0,0,0,0,0
554518,2023,Cerritos city,2,Cerritos city,7,4,0,36,67,45,0,0,0,0,0,0,0,0,0,0,0,0,0,0,0,0,0,0,0,0,0,0,0,0,0,0,0,0,0,0,0,0,0,0,0,0
554519,2023,Cerritos city,2,Cerritos city,7,4,0,36,67,45,22,0,0,0,0,0,7,1,0,2,7,0,0,0,0,0,0,0,0,0,0,0,0,0,0,0,0,0,0,0,0,0,0,0,0,0
554521,2023,Cerritos city,2,Cerritos city,7,4,0,36,67,45,8,0,0,0,0,0,1,0,0,4,8,0,0,0,0,0,0,0,0,0,0,0,0,0,0,0,0,0,0,0,0,0,0,0,0,0
554522,2023,Cerritos city,2,Cerritos city,7,4,0,36,67,45,2,0,0,0,0,0,0,0,0,0,2,0,0,0,0,0,0,0,0,0,0,0,0,0,0,0,0,0,0,0,0,0,0,0,0,0
554600_w1,2023,,2,Unincorporated - Cerritos,7,4,0,30,64,45,0,0,0,0,0,0,0,0,1,0,0,0,0,0,0,0,0,0,0,0,0,0,0,0,0,0,0,0,0,0,0,0,0,0,0,0
554600_w2,2023,Norwalk city,2,Norwalk city,7,4,0,30,64,38,2,0,0,0,0,0,0,0,0,0,1,0,0,0,0,0,0,0,0,0,0,0,0,0,0,0,0,0,0,0,0,0,0,0,0,0
554700,2023,Norwalk city,2,Norwalk city,7,4,0,30,64,38,4,0,0,0,0,0,0,1,0,2,0,0,0,0,0,0,0,0,0,0,0,0,0,0,0,0,0,0,0,0,0,0,0,0,0,0
554801,2023,Artesia city,2,Artesia city,7,4,0,36,67,45,5,0,0,0,0,0,1,0,0,1,1,0,0,0,0,0,0,0,0,0,0,0,0,0,0,0,0,0,0,0,0,0,0,0,0,0
554802,2023,Artesia city,2,Artesia city,7,4,0,36,67,45,1,0,0,0,0,0,0,0,0,0,2,0,0,0,0,0,0,0,0,0,0,0,0,0,0,0,0,0,0,0,0,0,0,0,0,0
554900,2023,Artesia city,2,Artesia city,7,4,0,36,67,45,3,0,0,0,0,0,1,2,1,1,0,0,0,0,0,0,0,0,0,0,0,0,0,0,0,0,0,0,0,0,0,0,0,0,0,0
555001,2023,Lakewood city,2,Lakewood city,7,4,0,33,62,42,0,0,0,0,0,0,0,0,0,0,2,0,0,0,0,0,0,0,0,0,0,0,0,0,0,0,0,0,0,0,0,0,0,0,0,0
555002,2023,Lakewood city,2,Lakewood city,7,4,0,33,62,42,2,0,0,0,0,0,0,0,0,0,1,0,0,0,0,0,0,0,0,0,0,0,0,0,0,0,0,0,0,0,0,0,0,0,0,0
555105,2023,Lakewood city,2,Lakewood city,7,4,0,33,62,42,0,0,0,0,0,0,0,0,0,0,0,0,0,0,0,0,0,0,0,0,0,0,0,0,0,0,0,0,0,0,0,0,0,0,0,0
555106,2023,Hawaiian Gardens city,2,Hawaiian Gardens city,7,4,0,36,67,45,2,0,0,0,0,0,0,2,2,0,3,0,0,0,0,0,0,0,0,0,0,0,0,0,0,0,0,0,0,0,0,0,0,0,0,0
555107_w1,2023,,2,Unincorporated - Lakewood,7,4,0,33,62,42,0,0,0,0,0,0,0,0,0,0,0,0,0,0,0,0,0,0,0,0,0,0,0,0,0,0,0,0,0,0,0,0,0,0,0,0
555107_w2,2023,Lakewood city,2,Lakewood city,7,4,0,33,62,42,0,0,0,0,0,0,0,0,0,0,1,0,0,0,0,0,0,0,0,0,0,0,0,0,0,0,0,0,0,0,0,0,0,0,0,0
555107_w3,2023,Lakewood city,2,Lakewood city,7,4,0,33,62,45,2,0,0,0,0,0,0,0,0,2,1,0,0,0,0,0,0,0,0,0,0,0,0,0,0,0,0,0,0,0,0,0,0,0,0,0
555211,2023,Hawaiian Gardens city,2,Hawaiian Gardens city,7,4,0,36,67,45,3,0,0,0,0,0,1,3,1,1,1,0,0,0,0,0,0,0,0,0,0,0,0,0,0,0,0,0,0,0,0,0,0,0,0,0
555212,2023,Hawaiian Gardens city,2,Hawaiian Gardens city,7,4,0,36,67,45,5,0,0,0,0,0,3,1,1,1,0,0,0,0,0,0,0,0,0,0,0,0,0,0,0,0,0,0,0,0,0,0,0,0,0,0
555300,2023,Norwalk city,2,Norwalk city,7,4,0,30,64,38,8,0,0,0,0,0,0,0,0,0,7,0,0,0,0,0,0,0,0,0,0,0,0,0,0,0,0,0,0,0,0,0,0,0,0,0
570001,2023,Lakewood city,2,Lakewood city,7,4,0,33,62,42,0,0,0,0,0,0,0,0,0,1,0,0,0,0,0,0,0,0,0,0,0,0,0,0,0,0,0,0,0,0,0,0,0,0,0,0
570002,2023,Lakewood city,2,Lakewood city,7,4,0,33,62,44,0,0,0,0,0,0,0,0,0,0,0,0,0,0,0,0,0,0,0,0,0,0,0,0,0,0,0,0,0,0,0,0,0,0,0,0
570003,2023,Lakewood city,2,Lakewood city,7,4,0,33,62,44,0,0,0,0,0,0,0,0,0,0,0,0,0,0,0,0,0,0,0,0,0,0,0,0,0,0,0,0,0,0,0,0,0,0,0,0
570701,2023,Lakewood city,2,Lakewood city,7,4,0,33,62,44,1,0,0,0,0,0,0,0,0,0,0,0,0,0,0,0,0,0,0,0,0,0,0,0,0,0,0,0,0,0,0,0,0,0,0,0
570703_v1,2023,Lakewood city,2,Lakewood city,7,4,0,33,62,44,0,0,0,0,0,0,5,1,2,4,0,0,0,0,0,0,0,0,0,0,0,0,0,0,0,0,0,0,0,0,0,0,0,0,0,0
570703_v2,2023,Lakewood city,2,Lakewood city,8,4,0,33,62,44,0,0,0,0,0,0,0,0,0,0,0,0,0,0,0,0,0,0,0,0,0,0,0,0,0,0,0,0,0,0,0,0,0,0,0,0
570800,2023,Lakewood city,2,Lakewood city,7,4,0,33,62,44,8,0,0,0,0,0,3,3,1,0,9,0,0,0,0,0,0,0,0,0,0,0,0,0,0,0,0,0,0,0,0,0,0,0,0,0
570901,2023,Lakewood city,2,Lakewood city,7,4,0,33,62,42,2,0,0,0,0,0,0,0,0,0,3,0,0,0,0,0,0,0,0,0,0,0,0,0,0,0,0,0,0,0,0,0,0,0,0,0
570902,2023,Lakewood city,2,Lakewood city,7,4,0,33,62,42,0,0,0,0,0,0,0,0,0,0,0,0,0,0,0,0,0,0,0,0,0,0,0,0,0,0,0,0,0,0,0,0,0,0,0,0
571000,2023,Lakewood city,2,Lakewood city,7,4,0,33,62,42,8,0,0,0,0,0,0,0,1,0,0,0,0,0,0,0,0,0,0,0,0,0,0,0,0,0,0,0,0,0,0,0,0,0,0,0
571101,2023,Lakewood city,2,Lakewood city,7,4,0,33,62,42,1,0,0,0,0,0,0,0,1,0,0,0,0,0,0,0,0,0,0,0,0,0,0,0,0,0,0,0,0,0,0,0,0,0,0,0
571102_r1,2023,Lakewood city,2,Lakewood city,7,4,0,33,62,42,3,0,0,0,0,0,1,0,0,0,1,0,0,0,0,0,0,0,0,0,0,0,0,0,0,0,0,0,0,0,0,0,0,0,0,0
571102_r2,2023,Lakewood city,2,Lakewood city,7,4,0,33,62,44,0,0,0,0,0,0,0,0,0,0,0,0,0,0,0,0,0,0,0,0,0,0,0,0,0,0,0,0,0,0,0,0,0,0,0,0
571300,2023,Lakewood city,2,Lakewood city,7,4,0,33,62,44,0,0,0,0,0,0,0,0,0,0,0,0,0,0,0,0,0,0,0,0,0,0,0,0,0,0,0,0,0,0,0,0,0,0,0,0
571400,2023,Lakewood city,2,Lakewood city,7,4,0,33,62,44,0,0,0,0,0,0,0,0,0,0,0,0,0,0,0,0,0,0,0,0,0,0,0,0,0,0,0,0,0,0,0,0,0,0,0,0
572001,2023,Lakewood city,2,Lakewood city,7,4,0,33,62,44,0,0,0,0,0,0,0,0,0,0,0,0,0,0,0,0,0,0,0,0,0,0,0,0,0,0,0,0,0,0,0,0,0,0,0,0
573401,2023,Signal Hill city,2,Signal Hill city,7,4,0,33,69,42,11,0,0,0,0,0,3,3,1,2,4,0,0,0,0,0,0,0,0,0,0,0,0,0,0,0,0,0,0,0,0,0,0,0,0,0
573402,2023,Signal Hill city,2,Signal Hill city,7,4,0,33,69,42,17,0,0,0,0,0,9,3,1,2,0,9,0,0,0,0,0,0,0,0,0,0,0,0,0,0,0,0,0,0,0,0,9,0,0,9
573403,2023,Signal Hill city,2,Signal Hill city,7,4,0,33,69,42,6,0,0,0,0,0,2,0,0,0,0,0,0,0,0,0,0,0,0,0,0,0,0,0,0,0,0,0,0,0,0,0,0,0,0,0
573700,2023,,2,Unincorporated - Long Beach,8,4,0,33,69,42,0,0,0,0,0,0,1,0,0,0,0,66,0,0,2,0,0,0,0,0,0,0,0,0,0,0,0,0,0,0,0,0,68,0,0,68
577800_w1,2023,Downey city,2,Downey city,7,4,0,30,64,38,0,0,0,0,0,0,0,0,0,2,2,0,0,0,0,0,0,0,0,0,0,0,0,0,0,0,0,0,0,0,0,0,0,0,0,0
577800_w2,2023,Norwalk city,2,Norwalk city,7,4,0,30,64,38,1,0,0,0,0,0,0,0,0,0,0,0,0,0,0,0,0,0,0,0,0,0,0,0,0,0,0,0,0,0,0,0,0,0,0,0
599000,2023,Avalon city,2,Avalon city,8,4,0,33,69,42,0,0,0,0,0,0,0,0,0,0,0,0,0,0,0,0,0,0,0,0,0,0,0,0,0,0,0,0,0,0,0,0,0,0,0,0
599100_w1,2023,,2,Unincorporated - Santa Catalina Island,8,4,0,33,69,42,0,0,0,0,0,0,0,0,0,0,0,0,0,0,0,0,0,0,0,0,0,0,0,0,0,0,0,0,0,0,0,0,0,0,0,0
599100_w2,2023,Avalon city,2,Avalon city,8,4,0,33,69,42,0,0,0,0,0,0,0,0,0,0,0,0,0,0,0,0,0,0,0,0,0,0,0,0,0,0,0,0,0,0,0,0,0,0,0,0
600100,2023,,2,Westmont CDP,8,2,0,35,61,43,9,0,0,0,0,0,4,4,18,0,0,0,0,0,0,0,0,0,0,0,0,0,0,0,0,0,0,0,0,0,0,0,0,0,0,0
600201,2023,,2,Westmont CDP,8,2,0,35,61,43,0,0,0,0,0,0,1,0,4,0,0,0,0,0,0,0,0,0,0,0,0,0,0,0,0,0,0,0,0,0,0,0,0,0,0,0
600202,2023,,2,Westmont CDP,8,2,0,35,61,43,0,0,0,0,0,0,14,5,9,1,1,0,0,0,0,0,0,0,0,0,0,0,0,0,0,0,0,0,0,0,0,0,0,0,0,0
600302,2023,,2,Westmont CDP,8,2,0,35,61,43,0,0,0,0,0,0,1,7,7,0,0,0,0,0,0,0,0,0,0,0,0,0,0,0,0,0,0,0,0,0,0,0,0,0,0,0
600303,2023,,2,Westmont CDP,8,2,0,35,61,43,1,0,0,0,0,0,0,4,0,0,0,0,0,0,0,0,0,0,0,0,0,0,0,0,0,0,0,0,0,0,0,0,0,0,0,0
600304,2023,,2,Westmont CDP,8,2,0,35,61,43,1,0,0,0,0,0,0,5,0,0,0,0,0,0,0,0,0,0,0,0,0,0,0,0,0,0,0,0,0,0,0,0,0,0,0,0
600400,2023,,2,Westmont CDP,8,2,0,35,61,43,1,0,0,0,0,0,0,0,0,0,0,0,0,0,0,0,0,0,0,0,0,0,0,0,0,0,0,0,0,0,0,0,0,0,0,0
600501,2023,Inglewood city,2,Inglewood city,8,2,0,35,61,43,1,0,0,0,0,0,1,0,0,0,0,0,0,0,0,0,0,0,0,0,0,0,0,0,0,0,0,0,0,0,0,0,0,0,0,0
600601,2023,Inglewood city,2,Inglewood city,8,2,0,35,61,43,2,0,0,0,0,0,0,0,0,0,0,0,0,0,0,0,0,0,0,0,0,0,0,0,0,0,0,0,0,0,0,0,0,0,0,0
600602,2023,Inglewood city,2,Inglewood city,8,2,0,35,61,43,2,0,0,0,0,0,1,0,0,0,0,0,0,0,0,0,0,0,0,0,0,0,0,0,0,0,0,0,0,0,0,0,0,0,0,0
600702,2023,Inglewood city,2,Inglewood city,8,2,0,35,61,43,0,0,0,0,0,0,0,0,0,0,11,0,0,0,0,0,0,0,0,0,0,0,0,0,0,0,0,0,0,0,0,0,0,0,0,0
600703,2023,Inglewood city,2,Inglewood city,8,2,0,35,61,43,1,0,0,0,0,0,0,0,0,0,0,0,0,0,0,0,0,0,0,0,0,0,0,0,0,0,0,0,0,0,0,0,0,0,0,0
600704,2023,Inglewood city,2,Inglewood city,8,2,0,35,61,43,4,0,0,0,0,0,0,0,0,2,0,0,0,0,0,0,0,0,0,0,0,0,0,0,0,0,0,0,0,0,0,0,0,0,0,0
600801,2023,Inglewood city,2,Inglewood city,8,2,0,35,61,43,1,0,0,0,0,0,0,0,0,0,1,0,0,0,0,0,0,0,0,0,0,0,0,0,0,0,0,0,0,0,0,0,0,0,0,0
600802,2023,Inglewood city,2,Inglewood city,8,2,0,35,61,43,2,0,0,0,0,0,0,0,0,0,1,0,0,0,0,0,0,0,0,0,0,0,0,0,0,0,0,0,0,0,0,0,0,0,0,0
600902,2023,Inglewood city,2,Inglewood city,8,2,0,35,61,43,1,0,0,0,0,0,0,0,0,0,1,0,0,0,0,0,0,0,0,0,0,0,0,0,0,0,0,0,0,0,0,0,0,0,0,0
600911,2023,Inglewood city,2,Inglewood city,8,2,0,35,61,43,1,0,0,0,0,0,0,0,0,0,0,0,0,0,0,0,0,0,0,0,0,0,0,0,0,0,0,0,0,0,0,0,0,0,0,0
600912,2023,Inglewood city,2,Inglewood city,8,2,0,35,61,43,7,0,0,0,0,0,0,6,0,1,4,0,0,0,0,0,0,0,0,0,0,0,0,0,0,0,0,0,0,0,0,0,0,0,0,0
601001,2023,Inglewood city,2,Inglewood city,8,2,0,35,61,43,17,0,0,0,0,0,0,1,0,1,0,0,0,0,0,0,0,0,0,0,0,0,0,0,0,0,0,0,0,0,0,0,0,0,0,0
601002,2023,Inglewood city,2,Inglewood city,8,2,0,35,61,43,2,0,0,0,0,0,0,0,3,0,0,0,0,0,0,0,0,0,0,0,0,0,0,0,0,0,0,0,0,0,0,0,0,0,0,0
601100,2023,Inglewood city,2,Inglewood city,8,2,0,35,61,43,0,0,0,0,0,0,0,0,0,1,0,0,0,0,0,0,0,0,0,0,0,0,0,0,0,0,0,0,0,0,0,0,0,0,0,0
601202,2023,Inglewood city,2,Inglewood city,8,2,0,35,61,43,1,0,0,0,0,0,0,0,0,0,0,0,0,0,0,0,0,0,0,0,0,0,0,0,0,0,0,0,0,0,0,0,0,0,0,0
601211,2023,Inglewood city,2,Inglewood city,8,2,0,35,61,43,12,0,0,0,0,0,2,0,0,2,0,0,0,0,0,0,0,0,0,0,0,0,0,0,0,0,0,0,0,0,0,0,0,0,0,0
601212,2023,Inglewood city,2,Inglewood city,8,2,0,35,61,43,0,0,0,0,0,0,0,0,0,0,0,0,0,0,0,0,0,0,0,0,0,0,1,2,0,0,0,0,0,0,0,0,0,2,0,2
601301,2023,Inglewood city,2,Inglewood city,8,2,0,35,61,43,0,0,0,0,0,0,0,0,0,0,0,0,0,0,0,0,0,0,0,0,0,0,0,0,0,0,0,0,0,0,0,0,0,0,0,0
601302,2023,Inglewood city,2,Inglewood city,8,2,0,35,61,43,7,0,0,0,0,0,1,0,0,5,5,0,0,0,0,0,0,0,0,2,5,4,0,0,0,0,0,0,0,0,0,0,0,9,0,9
601303,2023,Inglewood city,2,Inglewood city,8,2,0,35,61,43,0,0,0,0,0,0,0,0,0,0,0,0,0,0,0,0,0,0,0,0,0,0,0,0,0,0,0,0,0,0,0,0,0,0,0,0
601401,2023,Inglewood city,2,Inglewood city,8,2,0,35,61,43,8,0,0,0,0,0,1,0,4,2,9,29,0,0,1,0,0,0,122,0,0,2,0,0,0,0,0,0,0,0,0,0,30,124,0,154
601402,2023,Inglewood city,2,Inglewood city,8,2,0,35,61,43,2,0,0,0,0,0,0,0,0,0,2,0,0,0,0,0,0,0,0,0,0,0,0,0,0,0,0,0,0,0,0,0,0,0,0,0
601501_w1,2023,Inglewood city,2,Inglewood city,8,2,0,35,61,43,5,0,0,0,0,0,0,1,0,6,0,0,0,0,0,0,0,0,0,0,0,0,0,0,0,0,0,0,0,0,0,0,0,0,0,0
601501_w2,2023,,2,Lennox CDP,8,2,0,35,61,43,13,0,0,0,0,0,10,2,9,20,6,0,0,0,0,0,0,0,0,0,0,0,0,0,0,0,0,0,0,0,0,0,0,0,0,0
601502,2023,,2,Lennox CDP,8,2,0,35,61,43,1,0,0,0,0,0,1,1,0,1,2,0,0,0,0,0,0,0,0,0,0,0,0,0,0,0,0,0,0,0,0,0,0,0,0,0
601600,2023,,2,Lennox CDP,8,2,0,35,61,43,4,0,0,0,0,0,3,2,2,1,17,0,0,0,0,0,0,0,0,0,0,0,0,0,0,0,0,0,0,0,0,0,0,0,0,0
601700_w1,2023,Hawthorne city,2,Hawthorne city,8,2,0,35,61,43,1,0,0,0,0,0,0,1,0,0,3,0,0,0,0,0,0,0,0,0,0,0,0,0,0,0,0,0,0,0,0,0,0,0,0,0
601700_w2,2023,Inglewood city,2,Inglewood city,8,2,0,35,61,43,4,0,0,0,0,0,0,1,0,0,0,0,0,0,0,0,0,0,0,0,0,0,0,0,0,0,0,0,0,0,0,0,0,0,0,0
601700_w3,2023,,2,Lennox CDP,8,2,0,35,61,43,14,0,0,0,0,0,1,1,0,2,1,0,0,0,0,0,0,0,0,0,0,0,0,0,0,0,0,0,0,0,0,0,0,0,0,0
601801_w1,2023,Inglewood city,2,Inglewood city,8,2,0,35,61,43,4,0,0,0,0,0,0,0,0,0,2,0,0,0,0,0,0,0,0,0,0,0,0,0,0,0,0,0,0,0,0,0,0,0,0,0
601801_w2,2023,,2,Lennox CDP,8,2,0,35,61,43,0,0,0,0,0,0,0,0,0,0,0,0,0,0,0,0,0,0,0,0,0,0,0,0,0,0,0,0,0,0,0,0,0,0,0,0
601802_w1,2023,Inglewood city,2,Inglewood city,8,2,0,35,61,43,14,0,0,0,0,0,0,0,0,0,0,0,0,0,0,0,0,0,0,0,0,0,0,0,0,0,0,0,0,0,0,0,0,0,0,0
601802_w2,2023,,2,Lennox CDP,8,2,0,35,61,43,7,0,0,0,0,0,0,2,2,0,0,0,0,0,0,0,0,0,0,0,0,0,0,0,0,0,0,0,0,0,0,0,0,0,0,0
601900,2023,Inglewood city,2,Inglewood city,8,2,0,35,61,43,0,0,0,0,0,0,1,1,0,0,12,0,0,0,0,0,0,0,0,0,0,0,0,0,0,0,0,0,0,0,0,0,0,0,0,0
602002,2023,Hawthorne city,2,Hawthorne city,8,2,0,35,61,43,3,0,0,0,0,0,0,0,0,4,3,0,0,0,0,0,0,0,0,0,0,0,0,0,0,0,0,0,0,0,0,0,0,0,0,0
602003,2023,Inglewood city,2,Inglewood city,8,2,0,35,61,43,1,1,8,0,0,0,0,0,0,1,1,0,0,0,0,0,0,0,0,0,0,0,0,0,0,0,0,0,0,0,0,0,0,0,0,0
602103,2023,Hawthorne city,2,Hawthorne city,8,2,0,35,61,43,14,0,0,0,0,0,0,0,0,0,0,0,0,0,0,0,0,0,0,0,0,0,0,0,0,0,0,0,0,0,0,0,0,0,0,0
602104,2023,Hawthorne city,2,Hawthorne city,8,2,0,35,61,43,1,0,0,0,0,0,0,0,0,0,0,0,0,0,0,0,0,0,0,0,0,0,0,0,0,0,0,0,0,0,0,0,0,0,0,0
602105,2023,Hawthorne city,2,Hawthorne city,8,2,0,35,61,43,9,0,0,0,0,0,0,0,0,0,0,0,0,0,0,0,0,0,0,0,0,8,0,0,0,0,0,0,0,0,0,0,0,8,0,8
602106,2023,Hawthorne city,2,Hawthorne city,8,2,0,35,61,43,0,0,0,0,0,0,0,0,0,0,0,0,0,0,0,0,0,0,0,0,0,0,0,0,0,0,0,0,0,0,0,0,0,0,0,0
602201_w1,2023,Hawthorne city,2,Hawthorne city,8,2,0,35,61,43,0,0,0,0,0,0,0,0,0,0,0,0,0,0,0,0,0,0,0,0,0,0,0,0,0,0,0,0,0,0,0,0,0,0,0,0
602201_w2,2023,,2,Del Aire CDP,8,2,0,35,61,43,0,0,0,0,0,0,0,0,2,0,0,0,0,0,0,0,0,0,0,0,0,0,0,0,0,0,0,0,0,0,0,0,0,0,0,0
602202,2023,Hawthorne city,2,Hawthorne city,8,2,0,35,61,43,0,0,0,0,0,0,0,0,0,0,0,0,0,0,0,0,0,0,0,0,0,0,0,0,0,0,0,0,0,0,0,0,0,0,0,0
602301_w1,2023,Hawthorne city,2,Hawthorne city,8,2,0,35,61,43,0,0,0,0,0,0,2,4,0,0,0,0,0,0,0,0,0,0,0,0,0,0,0,0,0,0,0,0,0,0,0,0,0,0,0,0
602301_w2,2023,,2,Del Aire CDP,8,2,0,35,61,43,5,0,0,0,0,0,4,1,0,0,0,0,0,0,0,0,0,0,0,0,0,0,0,0,0,0,0,0,0,0,0,0,0,0,0,0
602302,2023,Hawthorne city,2,Hawthorne city,8,2,0,35,61,43,0,0,0,0,0,0,0,0,0,0,0,0,0,0,0,0,0,0,0,0,0,0,0,0,0,0,0,0,0,0,0,0,0,0,0,0
602402,2023,Hawthorne city,2,Hawthorne city,8,2,0,35,61,43,0,0,0,0,0,0,0,0,0,0,0,0,0,0,0,0,0,0,0,0,0,0,0,0,0,0,0,0,0,0,0,0,0,0,0,0
602403,2023,Hawthorne city,2,Hawthorne city,8,2,0,35,61,43,0,0,0,0,0,0,0,0,0,0,0,0,0,0,0,0,0,0,0,0,0,0,0,0,0,0,0,0,0,0,0,0,0,0,0,0
602404,2023,Hawthorne city,2,Hawthorne city,8,2,0,35,61,43,0,0,0,0,0,0,0,0,0,0,0,11,0,0,0,0,0,0,0,0,0,0,0,0,0,0,0,0,0,0,0,0,11,0,0,11
602504,2023,Hawthorne city,2,Hawthorne city,8,2,0,35,61,43,0,0,0,0,0,0,0,0,1,0,0,0,0,0,0,0,0,0,0,0,0,0,0,0,0,0,0,0,0,0,0,0,0,0,0,0
602505,2023,Hawthorne city,2,Hawthorne city,8,2,0,35,61,43,1,0,0,0,0,0,0,0,0,0,0,0,0,0,0,0,0,0,0,0,0,0,0,0,0,0,0,0,0,0,0,0,0,0,0,0
602506,2023,Hawthorne city,2,Hawthorne city,8,2,0,35,61,43,0,0,0,0,0,0,0,0,0,0,0,0,0,0,0,0,0,0,0,0,0,0,0,0,0,0,0,0,0,0,0,0,0,0,0,0
602507,2023,Hawthorne city,2,Hawthorne city,8,2,0,35,61,43,0,0,0,0,0,0,0,0,0,0,0,0,0,0,0,0,0,0,0,0,0,0,0,0,0,0,0,0,0,0,0,0,0,0,0,0
602510,2023,Hawthorne city,2,Hawthorne city,8,2,0,35,61,43,6,0,0,0,0,0,0,0,0,0,1,0,0,0,0,0,0,0,0,0,0,0,0,0,0,0,0,0,0,0,0,0,0,0,0,0
602511,2023,Hawthorne city,2,Hawthorne city,8,2,0,35,61,43,1,0,0,0,0,0,0,0,2,0,0,0,0,0,0,0,0,0,0,0,0,0,0,0,0,0,0,0,0,0,0,0,0,0,0,0
602512,2023,,2,Unincorporated - Hawthorne,8,2,0,35,61,43,2,0,0,0,0,0,1,1,1,1,1,0,0,0,0,0,0,0,0,0,0,0,0,0,0,0,0,0,0,0,0,0,0,0,0,0
602513,2023,Hawthorne city,2,Hawthorne city,8,2,0,35,61,43,3,0,0,0,0,0,2,0,0,0,1,0,0,0,0,0,0,0,0,0,0,0,0,0,0,0,0,0,0,0,0,0,0,0,0,0
602601,2023,Gardena city,2,Gardena city,8,2,0,35,61,43,0,0,0,0,0,0,0,0,0,0,2,0,0,0,0,0,0,0,0,0,0,0,0,0,0,0,0,0,0,0,0,0,0,0,0,0
602602,2023,Gardena city,2,Gardena city,8,2,0,35,61,43,57,0,0,0,0,0,25,0,0,1,23,0,0,0,0,0,0,0,0,0,0,0,0,0,0,0,0,0,0,0,0,0,0,0,0,0
602700_w1,2023,Hawthorne city,2,Hawthorne city,8,2,0,35,61,43,2,0,0,0,0,0,0,0,0,0,0,0,0,0,0,0,0,0,0,0,0,0,0,0,0,0,0,0,0,0,0,0,0,0,0,0
602700_w2,2023,,2,West Athens CDP,8,2,0,35,61,43,3,0,0,0,0,0,0,0,0,0,0,0,0,0,0,0,0,0,0,0,0,0,0,0,0,0,0,0,0,0,0,0,0,0,0,0
602801,2023,,2,West Athens CDP,8,2,0,35,61,43,2,0,0,0,0,0,1,8,15,2,3,0,0,0,0,0,0,0,0,0,0,0,0,0,0,0,0,0,0,0,0,0,0,0,0,0
602802,2023,,2,West Athens CDP,8,2,0,35,61,43,5,0,0,0,0,0,0,4,22,4,2,12,0,0,0,0,0,0,0,0,0,0,0,0,0,0,0,0,0,0,0,0,12,0,0,12
602900_r1,2023,Gardena city,2,Gardena city,8,2,0,35,61,43,0,0,0,0,0,0,2,0,0,0,0,0,0,0,0,0,0,0,0,0,0,0,0,0,0,0,0,0,0,0,0,0,0,0,0,0
602900_r2,2023,Gardena city,2,Gardena city,8,2,0,24,66,43,4,0,0,0,0,0,0,0,0,0,0,0,0,0,0,0,0,0,0,0,0,0,0,0,0,0,0,0,0,0,0,0,0,0,0,0
603004,2023,Gardena city,2,Gardena city,8,2,0,24,66,43,0,0,0,0,0,0,0,0,0,0,0,0,0,0,0,0,0,0,0,0,0,0,0,0,0,0,0,0,0,0,0,0,0,0,0,0
603005,2023,Gardena city,2,Gardena city,8,2,0,24,66,43,5,0,0,0,0,0,0,1,0,0,0,0,0,0,0,0,0,0,0,0,0,0,0,0,0,0,0,0,0,0,0,0,0,0,0,0
603006,2023,Gardena city,2,Gardena city,8,2,0,24,66,43,0,0,0,0,0,0,0,0,0,0,0,0,0,0,0,0,0,0,0,0,0,0,0,0,0,0,0,0,0,0,0,0,0,0,0,0
603007_r1,2023,Gardena city,2,Gardena city,8,2,0,35,61,43,3,0,0,0,0,0,2,4,0,0,0,0,0,0,0,0,0,0,0,0,0,0,0,0,0,0,0,0,0,0,0,0,0,0,0,0
603007_r2,2023,Gardena city,2,Gardena city,8,2,0,24,66,43,3,0,0,0,0,0,0,0,0,0,0,0,0,0,0,0,0,0,0,0,0,0,0,0,0,0,0,0,0,0,0,0,0,0,0,0
603008,2023,Gardena city,2,Gardena city,8,2,0,24,66,43,0,0,0,0,0,0,0,0,0,0,1,0,0,0,0,0,0,0,0,0,0,0,0,0,0,0,0,0,0,0,0,0,0,0,0,0
603101,2023,Gardena city,2,Gardena city,8,2,0,24,66,43,0,0,0,0,0,0,0,0,0,0,0,0,0,0,0,0,0,0,0,0,0,0,0,0,0,0,0,0,0,0,0,0,0,0,0,0
603102,2023,Gardena city,2,Gardena city,8,2,0,24,66,43,5,0,0,0,0,0,0,0,0,0,2,0,0,0,0,0,0,0,0,0,0,0,0,0,0,0,0,0,0,0,0,0,0,0,0,0
603200,2023,Gardena city,2,Gardena city,8,2,0,24,66,43,0,0,0,0,0,0,0,1,0,0,0,0,0,0,0,0,0,0,0,0,0,0,0,0,0,0,0,0,0,0,0,0,0,0,0,0
603301,2023,Gardena city,2,Gardena city,8,2,0,24,66,43,2,0,0,0,0,0,0,0,0,0,0,0,0,0,0,0,0,0,0,0,0,0,0,0,0,0,0,0,0,0,0,0,0,0,0,0
603302,2023,Gardena city,2,Gardena city,8,2,0,24,66,43,0,0,0,0,0,0,0,1,0,0,2,0,0,0,0,0,0,0,0,0,0,0,0,0,0,0,0,0,0,0,0,0,0,0,0,0
603400,2023,Gardena city,2,Gardena city,8,2,0,24,66,43,7,0,0,0,0,0,3,0,0,0,0,0,0,0,0,0,0,0,0,0,0,0,0,0,0,0,0,0,0,0,0,0,0,0,0,0
603500,2023,Gardena city,2,Gardena city,8,2,0,24,66,43,14,0,0,0,0,0,4,3,3,1,5,0,0,0,0,0,0,0,0,0,0,0,0,0,0,0,0,0,0,0,0,0,0,0,0,0
603600,2023,Gardena city,2,Gardena city,8,2,0,24,66,43,0,0,0,0,0,0,0,0,0,0,0,0,0,0,0,0,0,0,0,0,0,0,0,0,0,0,0,0,0,0,0,0,0,0,0,0
603702_w1,2023,Hawthorne city,2,Hawthorne city,8,2,0,35,61,43,4,0,0,0,0,0,0,0,0,0,0,0,0,0,0,0,0,0,0,0,0,0,0,0,0,0,0,0,0,0,0,0,0,0,0,0
603702_w2,2023,,2,Alondra Park CDP,8,2,0,24,66,43,28,0,0,0,0,0,8,10,2,2,4,0,0,0,0,0,0,0,0,0,0,0,0,0,0,0,0,0,0,0,0,0,0,0,0,0
603703,2023,Hawthorne city,2,Hawthorne city,8,2,0,35,61,43,0,0,0,0,0,0,0,1,2,0,0,0,0,0,0,0,0,0,0,0,0,0,0,0,0,0,0,0,0,0,0,0,0,0,0,0
603705,2023,Hawthorne city,2,Hawthorne city,8,2,0,35,61,43,0,0,0,0,0,0,0,0,0,0,0,0,0,0,0,0,0,0,0,0,0,0,0,0,0,0,0,0,0,0,0,0,0,0,0,0
603706,2023,,2,Alondra Park CDP,8,2,0,24,66,43,0,0,0,0,0,0,0,0,0,1,4,0,0,0,0,0,0,0,0,0,0,0,0,0,0,0,0,0,0,0,0,0,0,0,0,0
603801,2023,Lawndale city,2,Lawndale city,8,2,0,35,61,43,16,0,0,0,0,0,0,0,0,0,0,0,0,0,0,0,0,0,8,0,0,0,0,0,0,0,0,0,0,0,0,0,0,8,0,8
603802,2023,Lawndale city,2,Lawndale city,8,2,0,35,61,43,1,0,0,0,0,0,0,0,0,0,0,0,0,0,0,0,0,0,0,0,0,0,0,0,0,0,0,0,0,0,0,0,0,0,0,0
603901,2023,Lawndale city,2,Lawndale city,8,2,0,35,61,43,0,0,0,0,0,0,3,0,0,0,0,0,0,0,0,0,0,0,0,0,0,0,0,0,0,0,0,0,0,0,0,0,0,0,0,0
603902,2023,Lawndale city,2,Lawndale city,8,2,0,35,61,43,5,0,0,0,0,0,2,0,0,0,0,0,0,0,0,0,0,0,0,0,0,0,0,0,0,0,0,0,0,0,0,0,0,0,0,0
604001,2023,Lawndale city,2,Lawndale city,8,2,0,35,61,43,5,0,0,0,0,0,0,0,0,6,0,0,0,0,0,0,0,0,0,0,0,0,0,0,0,0,0,0,0,0,0,0,0,0,0,0
604002,2023,Lawndale city,2,Lawndale city,8,2,0,35,61,43,0,0,0,0,0,0,0,0,0,0,0,0,0,0,0,0,0,0,0,0,0,0,0,0,0,0,0,0,0,0,0,0,0,0,0,0
604101,2023,Lawndale city,2,Lawndale city,8,2,0,35,61,43,4,0,0,0,0,0,0,0,0,0,3,0,0,0,0,0,0,0,0,0,0,0,0,0,0,0,0,0,0,0,0,0,0,0,0,0
604102,2023,Lawndale city,2,Lawndale city,8,2,0,35,61,43,3,0,0,0,0,0,0,0,0,3,4,0,0,0,0,0,0,0,0,0,0,0,0,0,0,0,0,0,0,0,0,0,0,0,0,0
604200,2023,Inglewood city,2,Inglewood city,8,2,0,35,61,43,8,0,0,0,0,0,4,0,0,0,0,6,0,0,0,0,0,0,0,0,0,0,0,0,0,0,0,0,0,0,0,0,6,0,0,6
609900,2023,,1,Unincorporated - La Rambla,8,4,15,35,66,44,4,0,0,0,0,0,5,9,25,0,0,0,0,0,0,0,0,0,0,0,0,0,0,0,0,0,0,0,0,0,0,0,0,0,0,0
620001,2023,El Segundo city,2,El Segundo city,8,2,0,24,66,36,0,0,0,0,0,0,0,0,0,0,0,0,0,0,0,0,0,0,0,0,0,0,0,0,0,0,0,0,0,0,0,0,0,0,0,0
620002,2023,El Segundo city,2,El Segundo city,8,2,0,24,66,36,0,0,0,0,0,0,0,0,0,0,0,0,0,0,0,0,0,0,0,0,0,0,0,0,0,0,0,0,0,0,0,0,0,0,0,0
620101,2023,El Segundo city,2,El Segundo city,8,2,0,24,66,36,0,0,0,0,0,0,0,0,0,0,0,0,0,0,0,0,0,0,0,0,0,0,0,0,0,0,0,0,0,0,0,0,0,0,0,0
620102,2023,El Segundo city,2,El Segundo city,8,2,0,24,66,36,0,0,0,0,0,0,0,0,0,0,0,0,0,0,0,0,0,0,0,0,0,0,0,0,0,0,0,0,0,0,0,0,0,0,0,0
620201,2023,Manhattan Beach city,2,Manhattan Beach city,8,2,0,24,66,36,2,0,0,0,0,0,0,0,0,0,1,0,0,0,0,0,0,0,0,0,0,0,0,0,0,0,0,0,0,0,0,0,0,0,0,0
620301,2023,Manhattan Beach city,2,Manhattan Beach city,8,2,0,24,66,36,0,0,0,0,0,0,0,0,0,0,0,0,0,0,0,0,0,0,0,0,0,0,0,0,0,0,0,0,0,0,0,0,0,0,0,0
620303,2023,Manhattan Beach city,2,Manhattan Beach city,8,2,0,24,66,36,0,0,0,0,0,0,0,0,0,0,0,0,0,0,0,0,0,0,0,0,0,0,0,0,0,0,0,0,0,0,0,0,0,0,0,0
620305,2023,Manhattan Beach city,2,Manhattan Beach city,8,2,0,24,66,36,1,0,0,0,0,0,0,0,0,0,0,0,0,0,0,0,0,0,0,0,0,0,0,0,0,0,0,0,0,0,0,0,0,0,0,0
620400,2023,Manhattan Beach city,2,Manhattan Beach city,8,2,0,24,66,36,4,0,0,0,0,0,4,6,1,0,0,0,0,0,0,0,0,0,0,0,0,0,0,0,0,0,0,0,0,0,0,0,0,0,0,0
620501,2023,Redondo Beach city,2,Redondo Beach city,8,2,0,24,66,36,2,0,0,0,0,0,0,0,0,0,0,0,0,0,0,0,0,0,0,0,0,0,0,0,0,0,0,0,0,0,0,0,0,0,0,0
620521,2023,Redondo Beach city,2,Redondo Beach city,8,2,0,24,66,36,0,0,0,0,0,0,0,0,0,0,0,0,0,0,0,0,0,0,0,0,0,0,0,0,0,0,0,0,0,0,0,0,0,0,0,0
620522,2023,Redondo Beach city,2,Redondo Beach city,8,2,0,24,66,36,1,0,0,0,0,0,0,0,0,0,0,0,0,0,0,0,0,0,0,0,0,0,0,0,0,0,0,0,0,0,0,0,0,0,0,0
620601,2023,Redondo Beach city,2,Redondo Beach city,8,2,0,24,66,36,4,0,0,0,0,0,2,6,0,0,0,19,0,0,1,0,0,0,0,0,0,0,0,0,0,0,0,0,0,0,0,0,20,0,0,20
620602,2023,Redondo Beach city,2,Redondo Beach city,8,2,0,24,66,36,0,0,0,0,0,0,0,3,1,0,0,0,0,0,0,0,0,0,0,0,0,0,0,0,0,0,0,0,0,0,0,0,0,0,0,0
620701,2023,Redondo Beach city,2,Redondo Beach city,8,2,0,24,66,36,0,0,0,0,0,0,4,0,0,0,0,0,0,0,0,0,0,0,0,0,0,0,0,0,0,0,0,0,0,0,0,0,0,0,0,0
620703,2023,Redondo Beach city,2,Redondo Beach city,8,2,0,24,66,36,0,0,0,0,0,0,0,0,0,0,0,0,0,0,0,0,0,0,0,0,0,0,0,0,0,0,0,0,0,0,0,0,0,0,0,0
620704,2023,Redondo Beach city,2,Redondo Beach city,8,2,0,24,66,36,0,0,0,0,0,0,6,5,1,0,0,0,0,0,0,0,0,0,0,0,0,0,0,0,0,0,0,0,0,0,0,0,0,0,0,0
620801,2023,Manhattan Beach city,2,Manhattan Beach city,8,2,0,24,66,36,0,0,0,0,0,0,0,2,0,0,0,0,0,0,0,0,0,0,0,0,0,0,0,0,0,0,0,0,0,0,0,0,0,0,0,0
620802,2023,Manhattan Beach city,2,Manhattan Beach city,8,2,0,24,66,36,1,0,0,0,0,0,0,0,0,0,0,0,0,0,0,0,0,0,0,0,0,0,0,0,0,0,0,0,0,0,0,0,0,0,0,0
620901,2023,Manhattan Beach city,2,Manhattan Beach city,8,2,0,24,66,36,1,0,0,0,0,0,0,0,0,0,1,0,0,0,0,0,0,0,0,0,0,0,0,0,0,0,0,0,0,0,0,0,0,0,0,0
620904,2023,Manhattan Beach city,2,Manhattan Beach city,8,2,0,24,66,36,0,0,0,0,0,0,0,0,0,0,0,0,0,0,0,0,0,0,0,0,0,0,0,0,0,0,0,0,0,0,0,0,0,0,0,0
621001,2023,Hermosa Beach city,2,Hermosa Beach city,8,2,0,24,66,36,0,0,0,0,0,0,0,3,0,0,0,0,0,0,0,0,0,0,0,0,0,0,0,0,0,0,0,0,0,0,0,0,0,0,0,0
621005,2023,Hermosa Beach city,2,Hermosa Beach city,8,2,0,24,66,36,10,0,0,0,0,0,0,1,0,0,0,0,0,0,0,0,0,0,0,0,0,0,0,0,0,0,0,0,0,0,0,0,0,0,0,0
621102,2023,Hermosa Beach city,2,Hermosa Beach city,8,2,0,24,66,36,0,0,0,0,0,0,0,1,0,0,0,0,0,0,0,0,0,0,0,0,0,0,0,0,0,0,0,0,0,0,0,0,0,0,0,0
621104,2023,Hermosa Beach city,2,Hermosa Beach city,8,2,0,24,66,36,2,0,0,0,0,0,1,6,0,0,0,0,0,0,0,0,0,0,0,0,0,0,0,0,0,0,0,0,0,0,0,0,0,0,0,0
621201,2023,Redondo Beach city,2,Redondo Beach city,8,2,0,24,66,36,0,0,0,0,0,0,0,0,0,0,0,0,0,0,0,0,0,0,0,0,0,0,0,0,0,0,0,0,0,0,0,0,0,0,0,0
621204,2023,Redondo Beach city,2,Redondo Beach city,8,2,0,24,66,36,10,0,0,0,0,0,0,3,0,1,0,0,0,0,0,0,0,0,0,0,0,0,0,0,0,0,0,0,0,0,0,0,0,0,0,0
621301,2023,Redondo Beach city,2,Redondo Beach city,8,2,0,24,66,36,2,0,0,0,0,0,0,1,0,0,0,0,0,0,0,0,0,0,0,0,0,0,0,0,0,0,0,0,0,0,0,0,0,0,0,0
621324,2023,Redondo Beach city,2,Redondo Beach city,8,2,0,24,66,36,4,0,0,0,0,0,7,0,0,0,0,0,0,0,0,0,0,0,0,0,0,0,0,0,0,0,0,0,0,0,0,0,0,0,0,0
621326,2023,Redondo Beach city,2,Redondo Beach city,8,2,0,24,66,36,0,0,0,0,0,0,0,1,3,0,0,0,0,0,0,0,0,0,0,0,0,0,0,0,0,0,0,0,0,0,0,0,0,0,0,0
621400,2023,Redondo Beach city,2,Redondo Beach city,8,2,0,24,66,36,0,0,0,0,0,0,0,0,0,0,0,0,0,0,0,0,0,0,0,0,0,0,0,0,0,0,0,0,0,0,0,0,0,0,0,0
650001,2023,Torrance city,2,Torrance city,8,4,0,24,66,43,0,0,0,0,0,0,3,0,0,0,0,0,0,0,0,0,0,0,0,0,0,0,0,0,0,0,0,0,0,0,0,0,0,0,0,0
650003,2023,Torrance city,2,Torrance city,8,4,0,24,66,43,1,0,0,0,0,0,0,1,0,0,0,0,0,0,0,0,0,0,0,0,0,0,0,0,0,0,0,0,0,0,0,0,0,0,0,0
650004,2023,Torrance city,2,Torrance city,8,4,0,24,66,43,0,0,0,0,0,0,0,0,0,0,0,0,0,0,0,0,0,0,0,0,0,0,0,0,0,0,0,0,0,0,0,0,0,0,0,0
650101,2023,Torrance city,2,Torrance city,8,4,0,24,66,43,0,0,0,0,0,0,0,0,0,0,0,0,0,0,0,0,0,0,0,0,0,0,0,0,0,0,0,0,0,0,0,0,0,0,0,0
650102,2023,Torrance city,2,Torrance city,8,4,0,24,66,43,1,0,0,0,0,0,0,0,0,0,0,0,0,0,0,0,0,0,0,0,0,0,0,0,0,0,0,0,0,0,0,0,0,0,0,0
650200,2023,Torrance city,2,Torrance city,8,4,0,24,66,43,3,0,0,0,0,0,0,0,0,0,0,0,0,0,0,0,0,0,0,0,0,0,0,0,0,0,0,0,0,0,0,0,0,0,0,0
650300_r1,2023,Torrance city,2,Torrance city,8,4,0,24,66,36,2,0,0,0,0,0,5,0,0,2,0,0,0,0,0,0,0,0,0,0,0,0,0,0,0,0,0,0,0,0,0,0,0,0,0,0
650300_r2,2023,Torrance city,2,Torrance city,8,4,0,24,66,43,0,0,0,0,0,0,5,1,1,1,0,0,0,0,0,0,0,0,0,0,0,0,0,0,0,0,0,0,0,0,0,0,0,0,0,0
650401,2023,Torrance city,2,Torrance city,8,4,0,24,66,43,0,0,0,0,0,0,15,12,0,0,0,39,0,0,0,0,0,0,0,3,14,0,0,0,3,0,0,0,0,0,0,0,39,17,0,56
650501,2023,Torrance city,2,Torrance city,8,4,0,24,66,36,1,0,0,0,0,0,3,0,0,0,1,0,0,0,0,0,0,0,0,0,0,0,0,0,0,0,0,0,0,0,0,0,0,0,0,0
650502,2023,Torrance city,2,Torrance city,8,4,0,24,66,36,2,0,0,0,0,0,1,0,0,0,0,0,0,0,0,0,0,0,0,0,0,0,0,0,0,0,0,0,0,0,0,0,0,0,0,0
650603,2023,Torrance city,2,Torrance city,8,4,0,24,66,36,0,0,0,0,0,0,1,0,0,0,0,0,0,0,0,0,0,0,0,0,0,0,0,0,0,0,0,0,0,0,0,0,0,0,0,0
650604,2023,Torrance city,2,Torrance city,8,4,0,24,66,43,0,0,0,0,0,0,0,0,0,0,0,0,0,0,0,0,0,0,0,0,0,0,0,0,0,0,0,0,0,0,0,0,0,0,0,0
650605,2023,Torrance city,2,Torrance city,8,4,0,24,66,43,0,0,0,0,0,0,1,0,0,0,2,0,0,0,0,0,0,0,0,0,0,0,0,0,0,0,0,0,0,0,0,0,0,0,0,0
650606,2023,Torrance city,2,Torrance city,8,4,0,24,66,36,5,0,0,0,0,0,14,2,0,4,0,0,0,0,0,0,0,0,0,0,0,0,0,0,0,0,0,0,0,0,0,0,0,0,0,0
650607,2023,Torrance city,2,Torrance city,8,4,0,24,66,36,1,0,0,0,0,0,0,2,0,0,0,0,0,0,0,0,0,0,0,0,0,0,0,0,0,0,0,0,0,0,0,0,0,0,0,0
650701_r1,2023,Torrance city,2,Torrance city,8,4,0,24,66,36,4,0,0,0,0,0,0,1,2,0,0,0,0,0,0,0,0,0,0,0,0,0,0,0,0,0,0,0,0,0,0,0,0,0,0,0
650701_r2,2023,Torrance city,2,Torrance city,8,4,0,24,66,43,0,0,0,0,0,0,0,3,2,0,0,0,0,0,0,0,0,0,0,0,0,0,0,0,0,0,0,0,0,0,0,0,0,0,0,0
650702,2023,Torrance city,2,Torrance city,8,4,0,24,66,36,0,0,0,0,0,0,0,1,0,0,0,0,0,0,0,0,0,0,0,0,0,0,0,0,0,0,0,0,0,0,0,0,0,0,0,0
650801,2023,Torrance city,2,Torrance city,8,4,0,24,66,43,0,0,0,0,0,0,0,1,0,0,0,0,0,0,0,0,0,0,0,0,0,0,0,0,0,0,0,0,0,0,0,0,0,0,0,0
650802,2023,Torrance city,2,Torrance city,8,4,0,24,66,43,0,0,0,0,0,0,0,0,0,0,0,0,0,0,0,0,0,0,0,0,0,0,0,0,0,0,0,0,0,0,0,0,0,0,0,0
650901,2023,Torrance city,2,Torrance city,8,4,0,24,66,43,0,0,0,0,0,0,1,5,3,0,0,0,0,0,0,0,0,0,0,0,0,0,0,0,0,0,0,0,0,0,0,0,0,0,0,0
650903,2023,Torrance city,2,Torrance city,8,4,0,24,66,43,0,0,0,0,0,0,1,1,0,0,0,19,0,0,0,0,0,0,0,0,0,0,0,0,0,0,0,0,0,0,0,0,19,0,0,19
650904,2023,Torrance city,2,Torrance city,8,4,0,24,66,43,0,0,0,0,0,0,14,0,0,0,0,0,0,0,0,0,0,0,0,0,0,0,0,0,0,0,0,0,0,0,0,0,0,0,0,0
651001,2023,Torrance city,2,Torrance city,8,4,0,24,66,36,0,0,0,0,0,0,0,2,6,0,0,28,1,2,0,0,0,2,0,0,0,0,0,0,0,0,0,0,0,0,0,0,32,0,0,32
651002,2023,Torrance city,2,Torrance city,8,4,0,24,66,36,1,0,0,0,0,0,2,3,0,1,0,0,0,0,0,0,0,0,0,0,0,0,0,0,0,0,0,0,0,0,0,0,0,0,0,0
651101,2023,Torrance city,2,Torrance city,8,4,0,24,66,36,0,0,0,0,0,0,0,1,6,0,0,0,0,0,0,0,0,0,0,0,0,0,0,0,0,0,0,0,0,0,0,0,0,0,0,0
651102,2023,Torrance city,2,Torrance city,8,4,0,24,66,36,5,0,0,0,0,0,1,0,0,0,4,0,0,0,0,0,0,0,0,0,0,0,0,0,0,0,0,0,0,0,0,0,0,0,0,0
651201,2023,Torrance city,2,Torrance city,8,4,0,24,66,36,5,0,0,0,0,0,0,1,0,0,0,0,0,0,0,0,0,0,0,0,0,0,0,0,0,0,0,0,0,0,0,0,0,0,0,0
651221,2023,Torrance city,2,Torrance city,8,4,0,24,66,36,1,0,0,0,0,0,0,1,0,0,0,0,0,0,0,0,0,0,0,0,0,0,0,0,0,0,0,0,0,0,0,0,0,0,0,0
651222,2023,Torrance city,2,Torrance city,8,4,0,24,66,36,1,0,0,0,0,0,2,3,0,1,0,0,0,0,0,0,0,0,0,0,0,0,0,0,0,0,0,0,0,0,0,0,0,0,0,0
651302,2023,Torrance city,2,Torrance city,8,4,0,24,66,36,4,0,0,0,0,0,0,0,0,0,0,0,0,0,0,0,0,0,0,0,0,0,0,0,0,0,0,0,0,0,0,0,0,0,0,0
651304,2023,Torrance city,2,Torrance city,8,4,0,24,66,36,0,0,0,0,0,0,0,0,0,0,0,0,0,0,0,0,0,0,0,0,0,0,0,0,0,0,0,0,0,0,0,0,0,0,0,0
651401,2023,Torrance city,2,Torrance city,8,4,0,24,66,36,2,0,0,0,0,0,1,1,0,0,0,0,0,0,0,0,0,0,0,0,0,0,0,0,0,0,0,0,0,0,0,0,0,0,0,0
651402,2023,Torrance city,2,Torrance city,8,4,0,24,66,36,2,0,0,0,0,0,0,0,0,0,0,0,0,0,0,0,0,0,0,0,0,0,0,0,0,0,0,0,0,0,0,0,0,0,0,0
670001,2023,Lomita city,2,Lomita city,8,4,0,24,66,36,2,0,0,0,0,0,0,1,3,0,0,0,0,0,0,0,0,0,0,0,0,0,0,0,0,0,0,0,0,0,0,0,0,0,0,0
670002,2023,Lomita city,2,Lomita city,8,4,0,24,66,36,0,0,0,0,0,0,0,0,0,0,0,0,0,0,0,0,0,0,0,0,0,0,0,0,0,0,0,0,0,0,0,0,0,0,0,0
670003,2023,Lomita city,2,Lomita city,8,4,0,24,66,36,0,0,0,0,0,0,0,0,0,0,0,0,0,0,0,0,0,0,1,1,5,0,0,0,0,0,0,0,0,0,0,0,0,6,0,6
670101_q1,2023,Lomita city,2,Lomita city,8,4,0,24,66,36,0,0,0,0,0,0,0,0,0,0,0,0,0,0,0,0,0,0,0,0,0,0,0,0,0,0,0,0,0,0,0,0,0,0,0,0
670101_q2,2023,Lomita city,2,Lomita city,8,4,0,24,66,36,0,0,0,0,0,0,0,0,0,0,0,0,0,0,0,0,0,0,0,0,0,0,0,0,0,0,0,0,0,0,0,0,0,0,0,0
670102,2023,Lomita city,2,Lomita city,8,4,0,24,66,36,10,0,0,0,0,0,2,4,1,0,1,0,0,0,0,0,0,0,0,0,0,0,0,0,0,0,0,0,0,0,0,0,0,0,0,0
670201_w1,2023,,2,Unincorporated - Palos Verdes Peninsula,8,4,0,24,66,36,0,0,0,0,0,0,0,0,0,0,0,0,0,0,0,0,0,0,0,0,0,0,0,0,0,0,0,0,0,0,0,0,0,0,0,0
670201_w2,2023,,2,Unincorporated - Westfield/Academy Hills,8,4,0,24,66,36,0,0,0,0,0,0,0,0,0,0,0,0,0,0,0,0,0,0,0,0,0,0,0,0,0,0,0,0,0,0,0,0,0,0,0,0
670201_w3,2023,Rolling Hills Estates city,2,Rolling Hills Estates city,8,4,0,24,66,36,0,0,0,0,0,0,0,0,0,0,0,0,0,0,0,0,0,0,0,0,0,0,0,0,0,0,0,0,0,0,0,0,0,0,0,0
670202,2023,Rolling Hills Estates city,2,Rolling Hills Estates city,8,4,0,24,66,36,0,0,0,0,0,0,0,0,0,0,0,0,0,0,0,0,0,0,0,0,0,0,0,0,0,0,0,0,0,0,0,0,0,0,0,0
670324,2023,Palos Verdes Estates city,2,Palos Verdes Estates city,8,4,0,24,66,36,0,0,0,0,0,0,0,0,0,0,0,0,0,0,0,0,0,0,0,0,0,0,0,0,0,0,0,0,0,0,0,0,0,0,0,0
670326,2023,Palos Verdes Estates city,2,Palos Verdes Estates city,8,4,0,24,66,36,0,0,0,0,0,0,0,0,0,0,0,0,0,0,0,0,0,0,0,0,0,0,0,0,0,0,0,0,0,0,0,0,0,0,0,0
670328,2023,Palos Verdes Estates city,2,Palos Verdes Estates city,8,4,0,24,66,36,0,0,0,0,0,0,0,0,0,0,0,0,0,0,0,0,0,0,0,0,0,0,0,0,0,0,0,0,0,0,0,0,0,0,0,0
670405_w1,2023,Rancho Palos Verdes city,2,Rancho Palos Verdes city,8,4,0,24,66,36,0,0,0,0,0,0,0,0,0,0,0,0,0,0,0,0,0,0,0,0,0,0,0,0,0,0,0,0,0,0,0,0,0,0,0,0
670405_w2,2023,Rolling Hills Estates city,2,Rolling Hills Estates city,8,4,0,24,66,36,0,0,0,0,0,0,0,0,0,0,0,0,0,0,0,0,0,0,0,0,0,0,0,0,0,0,0,0,0,0,0,0,0,0,0,0
670406,2023,Rolling Hills Estates city,2,Rolling Hills Estates city,8,4,0,24,66,36,0,0,0,0,0,0,0,0,0,0,0,0,0,0,0,0,0,0,0,0,0,0,0,0,0,0,0,0,0,0,0,0,0,0,0,0
670407,2023,Rancho Palos Verdes city,2,Rancho Palos Verdes city,8,4,0,24,66,36,0,0,0,0,0,0,0,0,0,0,0,0,0,0,0,0,0,0,0,0,0,0,0,0,0,0,0,0,0,0,0,0,0,0,0,0
670413,2023,Rancho Palos Verdes city,2,Rancho Palos Verdes city,8,4,0,24,66,36,0,0,0,0,0,0,0,0,0,0,0,0,0,0,0,0,0,0,0,0,0,0,0,0,0,0,0,0,0,0,0,0,0,0,0,0
670416,2023,Rancho Palos Verdes city,2,Rancho Palos Verdes city,8,4,0,24,66,36,0,0,0,0,0,0,0,0,0,0,0,0,0,0,0,0,0,0,0,0,0,0,0,0,0,0,0,0,0,0,0,0,0,0,0,0
670417_w1,2023,Rancho Palos Verdes city,2,Rancho Palos Verdes city,8,4,0,24,66,36,0,0,0,0,0,0,0,0,0,0,0,0,0,0,0,0,0,0,0,0,0,0,0,0,0,0,0,0,0,0,0,0,0,0,0,0
670417_w2,2023,Rolling Hills Estates city,2,Rolling Hills Estates city,8,4,0,24,66,36,1,0,0,0,0,0,0,0,0,0,0,0,0,0,0,0,0,0,0,0,0,0,0,0,0,0,0,0,0,0,0,0,0,0,0,0
670418,2023,Rancho Palos Verdes city,2,Rancho Palos Verdes city,8,4,0,24,66,36,0,0,0,0,0,0,0,0,0,0,0,0,0,0,0,0,0,0,0,0,0,0,0,0,0,0,0,0,0,0,0,0,0,0,0,0
670500,2023,Rolling Hills city,2,Rolling Hills city,8,4,0,24,66,36,0,0,0,0,0,0,0,0,0,0,0,0,0,0,0,0,0,0,0,0,0,0,0,0,0,0,0,0,0,0,0,0,0,0,0,0
670603,2023,Rancho Palos Verdes city,2,Rancho Palos Verdes city,8,4,0,24,66,36,0,0,0,0,0,0,0,0,0,0,0,0,0,0,0,0,0,0,0,0,0,0,0,0,0,0,0,0,0,0,0,0,0,0,0,0
670604_q1,2023,Rancho Palos Verdes city,2,Rancho Palos Verdes city,8,4,0,24,66,36,1,0,0,0,0,0,0,0,0,0,0,0,0,0,0,0,0,0,0,0,0,0,0,0,0,0,0,0,0,0,0,0,0,0,0,0
670604_q2,2023,Rancho Palos Verdes city,2,Rancho Palos Verdes city,8,4,0,24,66,36,0,0,0,0,0,0,0,0,0,0,0,0,0,0,0,0,0,0,0,0,0,0,0,0,0,0,0,0,0,0,0,0,0,0,0,0
670701_r1,2023,Rancho Palos Verdes city,2,Rancho Palos Verdes city,8,4,0,24,66,36,2,0,0,0,0,0,0,1,0,0,0,0,0,0,0,0,0,0,0,0,0,0,0,0,0,0,0,0,0,0,0,0,0,0,0,0
670701_r2,2023,Rancho Palos Verdes city,2,Rancho Palos Verdes city,8,4,0,35,66,44,0,0,0,0,0,0,0,0,0,0,0,0,0,0,0,0,0,0,0,0,0,0,0,0,0,0,0,0,0,0,0,0,0,0,0,0
670702_w1,2023,Rancho Palos Verdes city,2,Rancho Palos Verdes city,8,4,0,24,66,36,0,0,0,0,0,0,0,0,0,0,0,0,0,0,0,0,0,0,0,0,0,0,0,0,0,0,0,0,0,0,0,0,0,0,0,0
670702_w2,2023,Rolling Hills Estates city,2,Rolling Hills Estates city,8,4,0,24,66,36,0,0,0,0,0,0,0,0,0,0,0,0,0,0,0,0,0,0,0,0,0,0,0,0,0,0,0,0,0,0,0,0,0,0,0,0
670702_w3,2023,Rancho Palos Verdes city,2,Rancho Palos Verdes city,8,4,0,24,66,36,0,0,0,0,0,0,0,0,0,0,0,0,0,0,0,0,0,0,0,0,0,0,0,0,0,0,0,0,0,0,0,0,0,0,0,0
700101,2023,West Hollywood city,2,West Hollywood city,4,3,0,24,51,30,34,0,0,0,0,0,1,1,0,0,0,0,0,0,0,0,0,0,0,0,0,0,0,0,0,0,0,0,0,0,0,0,0,0,0,0
700102,2023,West Hollywood city,2,West Hollywood city,4,3,0,24,51,30,17,0,0,0,0,0,11,1,0,11,1,0,0,0,0,0,0,0,0,0,0,0,0,0,0,0,0,0,0,0,0,0,0,0,0,0
700200,2023,West Hollywood city,2,West Hollywood city,4,3,0,24,51,30,14,0,0,0,0,0,0,1,0,0,0,0,0,0,0,0,0,0,0,0,0,0,0,0,0,0,0,0,0,0,0,0,0,0,0,0
700300,2023,West Hollywood city,2,West Hollywood city,4,3,0,24,51,30,7,0,0,0,0,0,0,0,1,0,0,0,0,0,0,0,0,0,0,0,0,0,0,0,0,0,0,0,0,0,0,0,0,0,0,0
700400,2023,West Hollywood city,2,West Hollywood city,4,3,0,24,51,30,9,0,0,0,0,0,0,0,0,0,0,0,0,0,0,0,0,0,0,0,0,0,0,0,0,0,0,0,0,0,0,0,0,0,0,0
700501,2023,West Hollywood city,2,West Hollywood city,4,3,0,24,51,30,2,0,0,0,0,0,0,0,0,0,0,0,0,0,0,0,0,0,0,0,0,0,0,0,0,0,0,0,0,0,0,0,0,0,0,0
700502,2023,West Hollywood city,2,West Hollywood city,4,3,0,24,51,30,2,0,0,0,0,0,0,0,1,0,0,0,0,0,0,0,0,0,0,0,0,0,0,0,0,0,0,0,0,0,0,0,0,0,0,0
700600,2023,Beverly Hills city,2,Beverly Hills city,5,3,0,24,51,36,4,0,0,0,0,0,0,0,0,0,0,0,0,0,0,0,0,0,0,0,0,0,0,0,0,0,0,0,0,0,0,0,0,0,0,0
700700,2023,Beverly Hills city,2,Beverly Hills city,5,3,0,24,51,36,7,0,0,0,0,0,0,0,0,0,0,0,0,0,0,0,0,0,0,0,0,0,0,0,0,0,0,0,0,0,0,0,0,0,0,0
700801,2023,Beverly Hills city,2,Beverly Hills city,5,3,0,24,51,36,7,0,0,0,0,0,0,0,0,0,0,0,0,0,0,0,0,0,0,0,0,0,0,0,0,0,0,0,0,0,0,0,0,0,0,0
700802,2023,Beverly Hills city,2,Beverly Hills city,5,3,0,24,51,36,1,0,0,0,0,0,0,0,0,0,0,0,0,0,0,0,0,0,0,0,0,0,0,0,0,0,0,0,0,0,0,0,0,0,0,0
700901,2023,Beverly Hills city,2,Beverly Hills city,5,3,0,24,51,36,3,0,0,0,0,0,0,0,0,0,0,0,0,0,0,0,0,0,0,0,0,0,0,0,0,0,0,0,0,0,0,0,0,0,0,0
700902,2023,Beverly Hills city,2,Beverly Hills city,5,3,0,24,51,36,1,0,0,0,0,0,0,0,0,0,0,0,0,0,0,0,0,0,0,0,0,0,0,0,0,0,0,0,0,0,0,0,0,0,0,0
701000,2023,Beverly Hills city,2,Beverly Hills city,5,3,0,24,51,36,0,0,0,0,0,0,0,0,0,0,0,0,0,0,0,0,0,0,0,0,0,0,0,0,0,0,0,0,0,0,0,0,0,0,0,0
701201,2023,Santa Monica city,2,Santa Monica city,5,3,0,24,51,36,0,0,0,0,0,0,0,0,0,0,0,0,0,0,0,0,0,0,0,0,0,0,0,0,0,0,0,0,0,0,0,0,0,0,0,0
701202,2023,Santa Monica city,2,Santa Monica city,5,3,0,24,51,36,1,0,0,0,0,0,0,0,0,0,0,0,0,0,0,0,0,0,0,0,0,0,0,0,0,0,0,0,0,0,0,0,0,0,0,0
701302,2023,Santa Monica city,2,Santa Monica city,5,3,0,24,51,36,3,0,0,0,0,0,2,1,0,0,0,0,0,0,0,0,0,0,0,0,0,0,0,0,0,0,0,0,0,0,0,0,0,0,0,0
701304,2023,Santa Monica city,2,Santa Monica city,5,3,0,24,51,36,8,0,0,0,0,0,1,1,1,0,0,0,0,0,0,0,0,0,0,0,0,0,0,0,0,0,0,0,0,0,0,0,0,0,0,0
701402,2023,Santa Monica city,2,Santa Monica city,5,3,0,24,51,36,59,0,0,0,0,0,9,7,2,1,0,0,0,0,0,0,0,0,0,0,0,0,0,0,0,0,0,0,0,0,0,0,0,0,0,0
701501,2023,Santa Monica city,2,Santa Monica city,5,3,0,24,51,36,24,0,0,0,0,0,1,2,1,1,2,0,0,0,0,0,0,0,0,17,51,0,3,6,0,0,0,0,0,0,0,0,0,57,0,57
701502,2023,Santa Monica city,2,Santa Monica city,5,3,0,24,51,36,23,0,0,0,0,0,0,1,0,0,4,0,0,0,0,0,0,0,0,0,0,0,0,0,0,0,0,0,0,0,0,0,0,0,0,0
701601,2023,Santa Monica city,2,Santa Monica city,5,3,0,24,51,36,5,0,0,0,0,0,0,0,0,0,0,0,0,0,0,0,0,0,0,0,0,0,0,0,0,0,0,0,0,0,0,0,0,0,0,0
701602,2023,Santa Monica city,2,Santa Monica city,5,3,0,24,51,36,11,0,0,0,0,0,0,0,0,0,3,0,0,0,0,0,0,0,0,0,0,0,0,0,0,0,0,0,0,0,0,0,0,0,0,0
701701,2023,Santa Monica city,2,Santa Monica city,5,3,0,24,51,36,6,0,0,0,0,0,1,2,0,1,0,0,0,0,0,0,0,0,0,0,0,0,0,0,0,0,0,0,0,0,0,0,0,0,0,0
701702,2023,Santa Monica city,2,Santa Monica city,5,3,0,24,51,36,27,0,0,0,0,0,0,0,0,0,2,29,0,0,0,0,0,0,0,0,0,0,0,0,0,0,0,0,0,0,0,0,29,0,0,29
701801,2023,Santa Monica city,2,Santa Monica city,5,3,0,24,51,36,21,0,0,0,0,0,6,0,2,2,7,17,0,0,2,0,0,0,0,0,0,0,0,0,0,19,0,0,0,0,0,0,19,0,19,38
701802,2023,Santa Monica city,2,Santa Monica city,5,3,0,24,51,36,21,0,0,0,0,0,3,1,0,0,18,0,0,0,0,0,0,0,0,0,0,0,0,0,0,0,0,0,0,0,0,0,0,0,0,0
701902,2023,Santa Monica city,2,Santa Monica city,5,3,0,24,51,36,223,0,0,0,0,0,5,3,0,1,12,26,0,0,0,0,0,0,0,0,0,0,0,0,0,0,0,0,0,0,0,0,26,0,0,26
702002,2023,Santa Monica city,2,Santa Monica city,5,3,0,24,51,36,49,0,0,0,0,0,7,16,1,2,0,0,0,0,0,0,0,0,0,0,0,0,0,0,0,0,0,0,0,0,0,0,0,0,0,0
702102,2023,Santa Monica city,2,Santa Monica city,5,3,0,24,51,36,18,0,0,0,0,0,1,0,0,1,4,0,0,0,0,0,0,0,0,0,0,0,0,0,0,0,0,0,0,0,0,0,0,0,0,0
702201,2023,Santa Monica city,2,Santa Monica city,5,3,0,24,51,36,12,0,0,0,0,0,0,0,0,1,0,0,0,0,0,0,0,0,0,0,0,0,0,0,0,0,0,0,0,0,0,0,0,0,0,0
702202,2023,Santa Monica city,2,Santa Monica city,5,3,0,24,51,36,3,0,0,0,0,0,0,0,0,0,0,0,0,0,0,0,0,0,0,0,0,0,0,0,0,0,0,0,0,0,0,0,0,0,0,0
702300,2023,Santa Monica city,2,Santa Monica city,5,3,0,24,51,36,15,0,0,0,0,0,2,4,0,2,0,0,0,0,0,0,0,0,0,0,0,0,0,0,0,0,0,0,0,0,0,0,0,0,0,0
702400,2023,Culver City city,2,Culver City city,5,2,0,28,55,37,5,0,0,0,0,0,1,0,0,0,4,0,0,0,0,0,0,0,0,0,0,0,0,0,0,0,0,0,0,0,0,0,0,0,0,0
702501,2023,Culver City city,2,Culver City city,5,2,0,28,55,37,10,0,0,0,0,0,0,0,0,6,4,0,0,0,0,0,0,0,0,0,0,0,0,0,0,0,0,0,0,0,0,0,0,0,0,0
702502_w1,2023,Culver City city,2,Culver City city,5,2,0,28,55,37,0,0,0,0,0,0,5,0,0,4,0,0,0,0,0,0,0,0,0,0,0,0,0,0,0,0,0,0,0,0,0,0,0,0,0,0
702502_w2,2023,Los Angeles city,2,Los Angeles city,5,2,0,28,55,37,0,0,0,0,0,0,0,1,0,0,0,0,0,0,0,0,0,0,0,0,0,0,0,0,0,0,0,0,0,0,0,0,0,0,0,0
702600_r1,2023,Culver City city,2,Culver City city,5,2,0,28,55,36,0,0,0,0,0,0,0,0,0,0,0,0,0,0,0,0,0,0,0,0,0,0,0,0,0,0,0,0,0,0,0,0,0,0,0,0
702600_r2,2023,Culver City city,2,Culver City city,5,2,0,28,55,37,13,0,0,0,0,0,10,0,1,1,0,0,0,0,0,0,0,0,0,0,0,0,0,0,0,0,0,0,0,0,0,0,0,0,0,0
702700,2023,Culver City city,2,Culver City city,5,2,0,28,55,37,20,0,0,0,0,0,1,0,2,5,7,0,0,0,0,0,0,0,0,0,0,0,0,0,0,0,0,0,0,0,0,0,0,0,0,0
702801,2023,Culver City city,2,Culver City city,5,2,0,28,55,37,3,0,0,0,0,0,0,0,1,6,5,3,14,34,0,0,0,1,0,0,0,0,0,0,0,0,0,0,0,0,0,0,38,0,0,38
702802,2023,Culver City city,2,Culver City city,5,2,0,28,55,36,0,0,0,0,0,0,1,0,0,13,2,0,0,0,0,0,0,0,0,0,0,0,0,0,0,0,0,0,0,0,0,0,0,0,0,0
702803,2023,Culver City city,2,Culver City city,5,2,0,28,55,36,7,0,0,0,0,0,0,3,3,0,7,0,0,0,0,0,0,0,0,0,0,0,0,0,0,0,0,0,0,0,0,0,0,0,0,0
702900,2023,,1,Marina del Rey CDP,5,2,11,24,61,36,6,0,0,0,0,0,0,0,0,4,9,0,0,0,0,0,0,0,0,0,0,0,0,0,0,0,0,0,0,0,0,0,0,0,0,0
703002_w1,2023,Inglewood city,2,Inglewood city,5,2,0,35,61,43,0,0,0,0,0,0,0,0,0,0,0,0,0,0,0,0,0,0,0,0,0,0,0,0,0,0,0,0,0,0,0,0,0,0,0,0
703002_w2,2023,,2,Ladera Heights CDP,5,2,0,28,55,37,0,0,0,0,0,0,5,0,4,0,0,0,0,0,0,0,0,0,0,0,0,0,0,0,0,0,0,0,0,0,0,0,0,0,0,0
703003_r1,2023,Culver City city,2,Culver City city,5,2,0,28,55,36,0,0,0,0,0,0,0,0,0,0,0,0,0,0,0,0,0,0,0,0,0,0,0,0,0,0,0,0,0,0,0,0,0,0,0,0
703003_r2,2023,Culver City city,2,Culver City city,5,2,0,28,55,37,2,0,0,0,0,0,7,4,1,1,1,0,0,0,0,0,0,0,0,0,0,0,0,0,0,0,0,0,0,0,0,0,0,0,0,0
703100,2023,,2,View Park-Windsor Hills CDP,6,2,0,28,55,37,1,0,0,0,0,0,0,0,0,0,0,0,0,0,0,0,0,0,0,0,0,0,0,0,0,0,0,0,0,0,0,0,0,0,0,0
703200,2023,,2,View Park-Windsor Hills CDP,6,2,0,28,55,37,8,0,0,0,0,0,0,0,1,0,1,0,0,0,0,0,0,0,0,0,0,0,0,0,0,0,0,0,0,0,0,0,0,0,0,0
800101_w1,2023,Calabasas city,2,Calabasas city,2,3,0,24,42,26,0,0,0,0,0,0,0,0,0,0,0,0,0,0,0,0,0,0,0,0,0,0,0,0,0,0,0,0,0,0,0,0,0,0,0,0
800101_w2,2023,,2,Topanga CDP,2,3,0,24,42,32,0,0,0,0,0,0,0,0,0,0,0,0,0,0,0,0,0,0,0,0,0,0,0,0,0,0,0,0,0,0,0,0,0,0,0,0
800103_w1,2023,Calabasas city,2,Calabasas city,2,3,0,24,42,26,0,0,0,0,0,0,0,0,0,0,0,0,0,0,0,0,0,0,0,0,0,0,0,0,0,0,0,0,0,0,0,0,0,0,0,0
800103_w2,2023,,2,Topanga CDP,2,3,0,24,42,32,2,0,0,0,0,0,0,2,0,0,1,0,0,0,0,0,0,0,0,0,0,0,0,0,0,0,0,0,0,0,0,0,0,0,0,0
800104_w1,2023,,2,Unincorporated - Santa Monica Mountains,2,3,0,24,42,32,0,0,0,0,0,0,0,0,0,0,0,0,0,0,0,0,0,0,0,0,0,0,0,0,0,0,0,0,0,0,0,0,0,0,0,0
800104_w2,2023,Calabasas city,2,Calabasas city,2,3,0,24,42,26,0,0,0,0,0,0,0,0,0,0,0,0,0,0,0,0,0,0,0,0,0,0,0,0,0,0,0,0,0,0,0,0,0,0,0,0
800104_w3,2023,,2,Topanga CDP,2,3,0,24,42,32,2,0,0,0,0,0,0,0,0,0,4,0,0,0,0,0,0,0,0,0,0,0,0,0,0,0,0,0,0,0,0,0,0,0,0,0
800202_w1,2023,,2,Unincorporated - Santa Monica Mountains,2,3,0,24,42,32,0,0,0,0,0,0,0,0,0,0,0,0,0,0,0,0,0,0,0,0,0,0,0,0,0,0,0,0,0,0,0,0,0,0,0,0
800202_w2,2023,Calabasas city,2,Calabasas city,2,3,0,24,42,26,0,0,0,0,0,0,0,0,0,0,0,0,0,0,0,0,0,0,0,0,0,0,0,0,0,0,0,0,0,0,0,0,0,0,0,0
800204,2023,Calabasas city,2,Calabasas city,2,3,0,24,42,26,0,0,0,0,0,0,0,0,0,0,0,0,0,0,0,0,0,0,0,0,0,0,0,0,0,0,0,0,0,0,0,0,0,0,0,0
800205,2023,Calabasas city,2,Calabasas city,2,3,0,24,42,26,0,0,0,0,0,0,0,0,0,0,0,0,0,0,0,0,0,0,0,0,0,0,0,0,0,0,0,0,0,0,0,0,0,0,0,0
800206_w1,2023,,2,Unincorporated - Santa Monica Mountains,2,3,0,24,42,32,0,0,0,0,0,0,0,0,0,0,0,0,0,0,0,0,0,0,0,0,0,0,0,0,0,0,0,0,0,0,0,0,0,0,0,0
800206_w2,2023,Hidden Hills city,2,Hidden Hills city,2,3,0,24,42,32,0,0,0,0,0,0,0,0,0,0,0,0,0,0,0,0,0,0,0,0,0,0,0,0,0,0,0,0,0,0,0,0,0,0,0,0
800324_w1,2023,Agoura Hills city,2,Agoura Hills city,2,3,0,24,42,26,1,0,0,0,0,0,1,1,1,0,0,0,0,0,0,0,0,0,0,0,0,0,0,0,0,0,0,0,0,0,0,0,0,0,0,0
800324_w2,2023,Westlake Village city,2,Westlake Village city,2,3,0,24,42,26,0,0,0,0,0,0,0,0,0,0,0,0,0,0,0,0,0,0,0,0,0,0,0,0,0,0,0,0,0,0,0,0,0,0,0,0
800325,2023,Westlake Village city,2,Westlake Village city,2,3,0,24,42,26,1,0,0,0,0,0,0,0,0,0,0,0,0,0,0,0,0,0,0,0,0,0,0,0,0,0,0,0,0,0,0,0,0,0,0,0
800328_w1,2023,,2,Unincorporated - Santa Monica Mountains,2,3,0,24,42,26,0,0,0,0,0,0,0,0,0,0,0,0,0,0,0,0,0,0,0,0,0,0,0,0,0,0,0,0,0,0,0,0,0,0,0,0
800328_w2,2023,Calabasas city,2,Calabasas city,2,3,0,24,42,26,0,0,0,0,0,0,0,0,0,0,0,0,0,0,0,0,0,0,0,0,0,0,0,0,0,0,0,0,0,0,0,0,0,0,0,0
800333,2023,Agoura Hills city,2,Agoura Hills city,2,3,0,24,42,26,0,0,0,0,0,0,0,0,0,0,0,0,0,0,0,0,0,0,0,0,0,0,0,0,0,0,0,0,0,0,0,0,0,0,0,0
800334,2023,Agoura Hills city,2,Agoura Hills city,2,3,0,24,42,26,0,0,0,0,0,0,0,0,0,0,0,0,0,0,0,0,0,0,0,0,0,0,0,0,0,0,0,0,0,0,0,0,0,0,0,0
800335_w1,2023,,2,Unincorporated - Santa Monica Mountains,2,3,0,24,42,32,0,0,0,0,0,0,0,0,0,0,0,0,0,0,0,0,0,0,0,0,0,0,0,0,0,0,0,0,0,0,0,0,0,0,0,0
800335_w2,2023,Agoura Hills city,2,Agoura Hills city,2,3,0,24,42,26,2,0,0,0,0,0,0,0,0,0,0,0,0,0,0,0,0,0,0,0,0,0,0,0,0,0,0,0,0,0,0,0,0,0,0,0
800335_w3,2023,Westlake Village city,2,Westlake Village city,2,3,0,24,42,26,1,0,0,0,0,0,0,0,0,0,0,0,0,0,0,0,0,0,0,0,0,0,0,0,0,0,0,0,0,0,0,0,0,0,0,0
800336_w1,2023,,2,Unincorporated - Santa Monica Mountains,2,3,0,24,42,26,0,0,0,0,0,0,0,0,0,0,0,0,0,0,0,0,0,0,0,0,0,0,0,0,0,0,0,0,0,0,0,0,0,0,0,0
800336_w2,2023,,2,Unincorporated - Santa Monica Mountains,2,3,0,24,42,32,0,0,0,0,0,0,0,0,0,0,0,0,0,0,0,0,0,0,0,0,0,0,0,0,0,0,0,0,0,0,0,0,0,0,0,0
800336_w3,2023,Agoura Hills city,2,Agoura Hills city,2,3,0,24,42,26,1,0,0,0,0,0,0,0,0,0,0,0,0,0,0,0,0,0,0,0,0,0,0,0,0,0,0,0,0,0,0,0,0,0,0,0
800337_w1,2023,,2,Unincorporated - Santa Monica Mountains,2,3,0,24,42,26,0,0,0,0,0,0,0,0,0,0,0,0,0,0,0,0,0,0,0,0,0,0,0,0,0,0,0,0,0,0,0,0,0,0,0,0
800337_w2,2023,Calabasas city,2,Calabasas city,2,3,0,24,42,26,0,0,0,0,0,0,1,0,0,0,0,0,0,0,0,0,0,0,0,0,0,0,0,0,0,0,0,0,0,0,0,0,0,0,0,0
800338_w1,2023,Agoura Hills city,2,Agoura Hills city,2,3,0,24,42,26,0,0,0,0,0,0,0,0,0,0,0,0,0,0,0,0,0,0,0,0,0,0,0,0,0,0,0,0,0,0,0,0,0,0,0,0
800338_w2,2023,Westlake Village city,2,Westlake Village city,2,3,0,24,42,26,0,0,0,0,0,0,0,0,0,0,0,0,0,0,0,0,0,0,0,0,0,0,0,0,0,0,0,0,0,0,0,0,0,0,0,0
800406_w1,2023,,2,Unincorporated - Santa Monica Mountains,5,3,0,24,42,32,0,0,0,0,0,0,0,0,0,0,0,0,0,0,0,0,0,0,0,0,0,0,0,0,0,0,0,0,0,0,0,0,0,0,0,0
800406_w2,2023,Malibu city,2,Malibu city,5,3,0,24,42,32,1,0,0,0,0,0,2,4,1,1,0,0,0,0,0,0,0,0,0,0,0,0,0,0,0,0,0,0,0,0,0,0,0,0,0,0
800410_w1,2023,,2,Unincorporated - Santa Monica Mountains,5,3,0,24,42,32,0,0,0,0,0,0,0,0,0,0,0,0,0,0,0,0,0,0,0,0,0,0,0,0,0,0,0,0,0,0,0,0,0,0,0,0
800410_w2,2023,,2,Pepperdine University CDP,5,3,0,24,42,32,0,0,0,0,0,0,0,0,0,0,0,0,0,0,0,0,0,0,0,0,0,0,0,0,0,0,0,0,0,0,0,0,0,0,0,0
800410_w3,2023,Malibu city,2,Malibu city,5,3,0,24,42,32,1,0,0,0,0,0,7,0,0,0,0,0,0,0,0,0,0,0,0,0,0,0,0,0,0,0,0,0,0,0,0,0,0,0,0,0
800411,2023,Malibu city,2,Malibu city,5,3,0,24,42,32,6,0,0,0,0,0,1,1,2,2,0,0,0,0,0,0,0,0,0,0,0,0,0,0,0,0,0,0,0,0,0,0,0,0,0,0
800412,2023,Malibu city,2,Malibu city,5,3,0,24,42,32,1,0,0,0,0,0,2,1,0,0,1,0,0,0,0,0,0,0,0,0,0,0,0,0,0,0,0,0,0,0,0,0,0,0,0,0
800504_w1,2023,,2,Unincorporated - Santa Monica Mountains,5,3,0,24,42,32,0,0,0,0,0,0,0,0,0,0,0,0,0,0,0,0,0,0,0,0,0,0,0,0,0,0,0,0,0,0,0,0,0,0,0,0
800504_w2,2023,Malibu city,2,Malibu city,5,3,0,24,42,32,16,0,0,0,0,0,3,0,4,0,0,0,0,0,0,0,0,0,0,0,0,0,0,0,0,0,0,0,0,0,0,0,0,0,0,0
800506_w1,2023,,2,Unincorporated - Santa Monica Mountains,5,3,0,24,42,32,0,0,0,0,0,0,0,0,0,0,0,0,0,0,0,0,0,0,0,0,0,0,0,0,0,0,0,0,0,0,0,0,0,0,0,0
800506_w2,2023,,2,Topanga CDP,5,3,0,24,42,32,13,0,0,0,0,0,1,7,3,0,2,0,0,0,0,0,0,0,0,0,0,0,0,0,0,0,0,0,0,0,0,0,0,0,0,0
800506_w3,2023,Malibu city,2,Malibu city,5,3,0,24,42,32,1,0,0,0,0,0,8,3,0,0,0,0,0,0,0,0,0,0,0,0,0,0,0,0,0,0,0,0,0,0,0,0,0,0,0,0
900102_r1,2023,,2,Unincorporated - Hi Vista,1,5,0,23,39,23,0,0,0,0,0,0,0,0,38,0,7,0,0,0,0,0,0,0,0,0,0,0,0,0,0,0,0,0,0,0,0,0,0,0,0,0
900102_r2,2023,,2,Lake Los Angeles CDP,1,5,0,23,39,23,0,0,0,0,0,0,0,0,29,0,5,0,0,0,0,0,0,0,0,0,0,0,0,0,0,0,0,0,0,0,0,0,0,0,0,0
900103_r1,2023,,2,Unincorporated - Lake Los Angeles,1,5,0,23,39,23,0,0,0,0,0,0,0,0,17,0,4,0,0,0,0,0,0,0,0,0,0,0,0,0,0,0,0,0,0,0,0,0,0,0,0,0
900103_r2,2023,,2,Lake Los Angeles CDP,1,5,0,23,39,23,0,0,0,0,0,0,0,0,99,0,10,0,0,0,0,0,0,0,0,0,0,0,0,0,0,0,0,0,0,0,0,0,0,0,0,0
900104_r1,2023,,2,Unincorporated - Lake Los Angeles,1,5,0,23,39,23,0,0,0,0,0,0,0,0,28,0,7,0,0,0,0,0,0,0,0,0,0,0,0,0,0,0,0,0,0,0,0,0,0,0,0,0
900104_r2,2023,,2,Lake Los Angeles CDP,1,5,0,23,39,23,0,0,0,0,0,0,0,1,34,1,3,0,0,0,0,0,0,0,0,0,0,0,0,0,0,0,0,0,0,0,0,0,0,0,0,0
900301,2023,Lancaster city,2,Lancaster city,1,5,0,23,39,27,6,0,0,0,0,0,0,3,3,2,2,0,0,0,0,0,0,0,0,0,0,0,0,0,0,0,0,0,0,0,0,0,0,0,0,0
900501,2023,Lancaster city,2,Lancaster city,1,5,0,23,39,27,53,0,0,0,0,0,0,1,1,3,0,0,0,0,0,0,0,0,0,0,0,0,0,0,0,0,0,0,0,0,0,0,0,0,0,0
900504,2023,Lancaster city,2,Lancaster city,1,5,0,23,39,27,2,0,0,0,0,0,1,4,2,5,2,0,0,0,0,0,0,0,0,0,0,2,0,0,0,0,0,0,0,0,0,0,0,2,0,2
900505,2023,Lancaster city,2,Lancaster city,1,5,0,23,39,27,3,0,0,0,0,0,0,0,0,0,0,0,0,0,0,0,0,0,0,0,0,0,0,0,0,0,0,0,0,0,0,0,0,0,0,0
900506,2023,Lancaster city,2,Lancaster city,1,5,0,23,39,27,20,0,0,0,0,0,2,1,0,0,0,0,0,0,0,0,0,0,0,0,0,0,0,0,0,0,0,0,0,0,0,0,0,0,0,0
900508,2023,Lancaster city,2,Lancaster city,1,5,0,23,39,27,1,0,0,0,0,0,1,0,2,0,0,0,0,0,0,0,0,0,0,0,0,0,0,0,0,0,0,0,0,0,0,0,0,0,0,0
900509,2023,Lancaster city,2,Lancaster city,1,5,0,23,39,27,2,0,0,0,0,0,1,0,2,0,0,0,0,0,0,0,0,0,0,0,0,3,0,0,0,0,0,0,0,0,0,0,0,3,0,3
900510,2023,Lancaster city,2,Lancaster city,1,5,0,23,39,27,2,0,0,0,0,0,1,0,2,0,0,0,0,0,0,0,0,0,0,0,0,0,0,0,0,0,0,0,0,0,0,0,0,0,0,0
900602,2023,Lancaster city,2,Lancaster city,1,5,0,23,39,27,39,0,0,0,0,0,6,0,20,2,5,0,0,0,0,0,0,0,0,0,0,0,0,0,0,0,0,0,0,0,0,0,0,0,0,0
900606,2023,Lancaster city,2,Lancaster city,1,5,0,23,39,27,45,0,0,0,0,0,18,0,7,0,1,0,0,0,0,0,0,0,0,0,0,6,0,0,0,0,0,0,0,0,0,0,0,6,0,6
900607,2023,Lancaster city,2,Lancaster city,1,5,0,23,39,27,6,0,0,0,0,0,0,1,20,1,1,0,0,0,0,0,0,0,0,0,0,0,0,0,0,0,0,0,0,0,0,0,0,0,0,0
900608,2023,Lancaster city,2,Lancaster city,1,5,0,23,39,27,1,0,0,0,0,0,0,0,10,5,0,0,0,0,0,0,0,0,0,0,0,0,0,0,0,0,0,0,0,0,0,0,0,0,0,0
900609,2023,Lancaster city,2,Lancaster city,1,5,0,23,39,27,54,0,0,0,0,0,23,3,8,2,4,0,0,0,0,0,0,0,0,0,0,0,0,0,0,0,0,0,0,0,0,0,0,0,0,0
900610,2023,Lancaster city,2,Lancaster city,1,5,0,23,39,27,21,0,0,0,0,0,4,2,1,6,8,0,0,0,0,0,0,0,0,0,0,0,0,0,0,0,0,0,0,0,0,0,0,0,0,0
900611,2023,Lancaster city,2,Lancaster city,1,5,0,23,39,27,3,0,0,0,0,0,1,0,1,0,1,0,0,0,0,0,0,0,0,0,0,0,0,0,0,0,0,0,0,0,0,0,0,0,0,0
900701,2023,Lancaster city,2,Lancaster city,1,5,0,23,39,27,29,0,0,0,0,0,0,1,2,0,3,0,0,0,0,0,0,0,0,0,0,0,0,0,0,0,0,0,0,0,0,0,0,0,0,0
900703,2023,Lancaster city,2,Lancaster city,1,5,0,23,39,27,6,0,0,0,0,0,1,0,0,17,6,0,0,0,0,0,0,0,0,0,0,0,0,0,0,0,0,0,0,0,0,0,0,0,0,0
900704,2023,Lancaster city,2,Lancaster city,1,5,0,23,39,27,4,0,0,0,0,0,3,0,0,8,4,0,0,0,0,0,0,0,0,0,0,0,0,0,0,0,0,0,0,0,0,0,0,0,0,0
900705,2023,Lancaster city,2,Lancaster city,1,5,0,23,39,27,0,0,0,0,0,0,3,0,0,16,5,0,0,0,0,0,0,0,0,0,0,0,0,0,0,0,0,0,0,0,0,0,0,0,0,0
900804,2023,Lancaster city,2,Lancaster city,1,5,0,23,39,27,33,0,0,0,0,0,2,0,3,8,3,0,0,0,0,0,0,0,0,0,0,0,0,0,0,0,0,0,0,0,0,0,0,0,0,0
900805,2023,Lancaster city,2,Lancaster city,1,5,0,23,39,27,0,0,0,0,0,0,0,0,1,2,0,0,0,0,0,0,0,0,0,0,0,0,0,0,0,0,0,0,0,0,0,0,0,0,0,0
900806,2023,Lancaster city,2,Lancaster city,1,5,0,23,39,27,49,0,0,0,0,0,0,1,3,10,2,0,0,0,0,0,0,0,0,0,0,0,0,0,0,0,0,0,0,0,0,0,0,0,0,0
900807,2023,Lancaster city,2,Lancaster city,1,5,0,23,39,27,4,0,0,0,0,0,0,0,1,4,2,0,0,0,0,0,0,0,0,0,0,0,0,0,0,0,0,0,0,0,0,0,0,0,0,0
900808,2023,Lancaster city,2,Lancaster city,1,5,0,23,39,27,15,0,0,0,0,0,0,0,0,2,4,0,0,0,0,0,0,0,0,0,0,0,0,0,0,0,0,0,0,0,0,0,0,0,0,0
900901_w1,2023,,2,Unincorporated - Del Sur,1,5,0,23,34,27,0,0,0,0,0,0,0,1,1,0,0,0,0,0,0,0,0,0,0,0,0,0,0,0,0,0,0,0,0,0,0,0,0,0,0,0
900901_w2,2023,Lancaster city,2,Lancaster city,1,5,0,23,34,27,0,0,0,0,0,0,10,0,14,1,7,0,0,0,0,0,0,0,0,0,0,0,0,0,0,0,0,0,0,0,0,0,0,0,0,0
900902_w1,2023,,2,Unincorporated - North Lancaster,1,5,0,23,34,27,15,0,0,0,0,0,1,2,53,2,7,0,0,0,0,0,0,0,0,0,0,0,0,0,0,0,0,0,0,0,0,0,0,0,0,0
900902_w2,2023,,2,Unincorporated - North Lancaster,1,5,0,23,39,27,0,0,0,0,0,0,0,0,1,1,0,0,0,0,0,0,0,0,0,0,0,0,0,0,0,0,0,0,0,0,0,0,0,0,0,0
900902_w3,2023,,2,Unincorporated - Del Sur,1,5,0,23,34,27,1,0,0,0,0,0,0,0,0,0,0,0,0,0,0,0,0,0,0,0,0,0,0,0,0,0,0,0,0,0,0,0,0,0,0,0
900902_w4,2023,Lancaster city,2,Lancaster city,1,5,0,23,34,27,0,0,0,0,0,0,0,0,0,0,0,0,0,0,0,0,0,0,0,0,0,0,0,0,0,0,0,0,0,0,0,0,0,0,0,0
901003,2023,Lancaster city,2,Lancaster city,1,5,0,23,34,27,0,0,0,8,0,0,2,0,1,0,0,24,0,0,0,0,0,0,0,0,0,0,0,0,0,0,0,0,0,0,0,0,24,0,0,24
901007,2023,Lancaster city,2,Lancaster city,1,5,0,23,34,27,1,0,0,0,0,0,0,0,0,1,0,0,0,0,0,0,0,0,0,0,0,0,0,0,0,0,0,0,0,0,0,0,0,0,0,0
901008,2023,Lancaster city,2,Lancaster city,1,5,0,23,34,27,5,0,0,0,0,0,2,0,2,14,21,0,0,0,0,0,0,0,0,0,0,0,0,0,0,0,0,0,0,0,0,0,0,0,0,0
901009,2023,Lancaster city,2,Lancaster city,1,5,0,23,34,27,0,0,0,0,0,0,0,0,2,4,7,22,0,0,0,0,0,0,0,0,0,0,0,0,0,0,0,0,0,0,0,0,22,0,0,22
901010,2023,Lancaster city,2,Lancaster city,1,5,0,23,34,27,11,0,0,0,0,0,3,0,1,0,1,1,0,0,0,0,0,0,0,0,0,0,0,0,0,0,0,0,0,0,0,0,1,0,0,1
901011,2023,Lancaster city,2,Lancaster city,1,5,0,23,34,27,6,0,0,0,0,0,1,0,1,0,1,0,0,0,0,0,0,0,0,0,0,0,0,0,0,0,0,0,0,0,0,0,0,0,0,0
901012,2023,Lancaster city,2,Lancaster city,1,5,0,23,34,27,0,0,0,0,0,0,1,0,0,0,0,0,0,0,0,0,0,0,0,0,0,0,0,0,0,0,0,0,0,0,0,0,0,0,0,0
901013_w1,2023,Lancaster city,2,Lancaster city,1,5,0,23,34,27,0,0,0,0,0,0,0,0,1,0,0,0,0,0,0,0,0,0,0,0,0,0,0,0,0,0,0,0,0,0,0,0,0,0,0,0
901013_w2,2023,,2,Quartz Hill CDP,1,5,0,23,34,27,0,0,0,0,0,0,0,0,0,0,0,0,0,0,0,0,0,0,0,0,0,0,0,0,0,0,0,0,0,0,0,0,0,0,0,0
901014,2023,Lancaster city,2,Lancaster city,1,5,0,23,34,27,0,0,0,0,0,0,0,4,4,0,7,49,0,0,1,0,0,0,0,0,0,0,0,0,0,0,0,0,0,0,0,0,50,0,0,50
901101_w1,2023,Lancaster city,2,Lancaster city,1,5,0,23,34,27,2,0,0,0,0,0,0,0,16,0,0,0,0,0,0,0,0,0,0,0,0,0,0,0,0,0,0,0,0,0,0,0,0,0,0,0
901101_w2,2023,,2,Quartz Hill CDP,1,5,0,23,34,27,0,0,0,0,0,0,0,0,2,0,0,0,0,0,0,0,0,0,0,0,0,0,0,0,0,0,0,0,0,0,0,0,0,0,0,0
901102_w1,2023,Lancaster city,2,Lancaster city,1,5,0,23,34,27,0,0,0,0,0,0,0,0,9,0,0,0,0,0,0,0,0,0,0,0,0,0,0,0,0,0,0,0,0,0,0,0,0,0,0,0
901102_w2,2023,,2,Quartz Hill CDP,1,5,0,23,34,27,1,0,0,0,0,0,0,0,19,0,0,0,0,0,0,0,0,0,0,0,0,0,0,0,0,0,0,0,0,0,0,0,0,0,0,0
901209_r1,2023,,2,Unincorporated - West Antelope Valley,1,5,0,23,34,27,0,0,0,0,0,0,1,1,31,0,4,0,0,0,0,0,0,0,0,0,0,0,0,0,0,0,0,0,0,0,0,0,0,0,0,0
901209_r2,2023,,2,Lake Hughes CDP,1,5,0,23,34,27,0,0,0,0,0,0,0,0,0,0,0,0,0,0,0,0,0,0,0,0,0,0,0,0,0,0,0,0,0,0,0,0,0,0,0,0
901210_r1,2023,,2,Unincorporated - Elizabeth Lake,1,5,0,23,34,27,0,0,0,0,0,0,0,0,0,0,0,0,0,0,0,0,0,0,0,0,0,0,0,0,0,0,0,0,0,0,0,0,0,0,0,0
901210_r2,2023,,2,Elizabeth Lake CDP,1,5,0,23,34,27,0,0,0,0,0,0,0,0,0,0,0,0,0,0,0,0,0,0,0,0,0,0,0,0,0,0,0,0,0,0,0,0,0,0,0,0
901214,2023,Lancaster city,2,Lancaster city,1,5,0,23,34,27,0,0,0,0,0,0,1,0,1,0,0,0,0,0,0,0,0,0,0,0,0,0,0,0,0,0,0,0,0,0,0,0,0,0,0,0
901215_w1,2023,,2,Unincorporated - Quartz Hill,1,5,0,23,34,27,0,0,0,0,0,0,0,0,0,0,0,0,0,0,0,0,0,0,0,0,0,0,0,0,0,0,0,0,0,0,0,0,0,0,0,0
901215_w2,2023,Lancaster city,2,Lancaster city,1,5,0,23,34,27,1,0,0,0,0,0,0,0,0,0,0,0,0,0,0,0,0,0,0,0,0,0,0,0,0,0,0,0,0,0,0,0,0,0,0,0
901216_w1,2023,,2,Unincorporated - Del Sur,1,5,0,23,34,27,0,0,0,0,0,0,1,3,4,0,0,0,0,0,0,0,0,0,0,0,0,0,0,0,0,0,0,0,0,0,0,0,0,0,0,0
901216_w2,2023,,2,Unincorporated - Leona Valley,1,5,0,23,34,27,0,0,0,0,0,0,0,0,0,0,0,0,0,0,0,0,0,0,0,0,0,0,0,0,0,0,0,0,0,0,0,0,0,0,0,0
901216_w3,2023,,2,Unincorporated - Quartz Hill,1,5,0,23,34,27,0,0,0,0,0,0,0,0,1,0,0,0,0,0,0,0,0,0,0,0,0,0,0,0,0,0,0,0,0,0,0,0,0,0,0,0
901216_w4,2023,Lancaster city,2,Lancaster city,1,5,0,23,34,27,0,0,0,0,0,0,3,0,4,0,0,0,0,0,0,0,0,0,0,0,0,0,0,0,0,0,0,0,0,0,0,0,0,0,0,0
901217_w1,2023,,2,Unincorporated - Leona Valley,1,5,0,23,34,27,0,0,0,0,0,0,0,0,0,0,0,0,0,0,0,0,0,0,0,0,0,0,0,0,0,0,0,0,0,0,0,0,0,0,0,0
901217_w2,2023,Lancaster city,2,Lancaster city,1,5,0,23,34,27,0,0,0,0,0,0,0,0,0,0,0,0,0,0,0,0,0,0,0,0,0,0,0,0,0,0,0,0,0,0,0,0,0,0,0,0
901217_w3,2023,,2,Elizabeth Lake CDP,1,5,0,23,34,27,0,0,0,0,0,0,0,0,0,0,0,0,0,0,0,0,0,0,0,0,0,0,0,0,0,0,0,0,0,0,0,0,0,0,0,0
901217_w4,2023,,2,Leona Valley CDP,1,5,0,23,34,27,0,0,0,0,0,0,0,0,0,0,0,0,0,0,0,0,0,0,0,0,0,0,0,0,0,0,0,0,0,0,0,0,0,0,0,0
901218,2023,Palmdale city,2,Palmdale city,1,5,0,23,34,27,0,0,0,0,0,0,0,0,0,0,1,0,0,0,0,0,0,0,0,0,0,0,0,0,0,0,0,0,0,0,0,0,0,0,0,0
901300_w1,2023,,2,Unincorporated - East Lancaster,1,5,0,23,39,27,3,0,0,0,0,0,2,0,11,0,5,0,0,0,0,0,0,0,0,0,0,0,0,0,0,0,0,0,0,0,0,0,0,0,0,0
901300_w2,2023,,2,Unincorporated - North Lancaster,1,5,0,23,39,27,62,0,0,0,0,0,87,11,69,3,21,0,0,0,0,0,0,0,0,0,0,0,0,0,0,0,0,0,0,0,0,0,0,0,0,0
901300_w3,2023,,2,Unincorporated - Roosevelt,1,5,0,23,39,23,0,0,0,0,0,0,2,4,14,0,4,0,0,0,0,0,0,0,0,0,0,0,0,0,0,0,0,0,0,0,0,0,0,0,0,0
901300_w4,2023,,2,Unincorporated - Roosevelt,1,5,0,23,39,27,4,0,0,0,0,0,7,5,30,1,1,0,0,0,0,0,0,0,0,0,0,0,0,0,0,0,0,0,0,0,0,0,0,0,0,0
901300_w5,2023,,2,Unincorporated - Lake Los Angeles,1,5,0,23,39,23,0,0,0,0,0,0,0,0,0,0,0,0,0,0,0,0,0,0,0,0,0,0,0,0,0,0,0,0,0,0,0,0,0,0,0,0
901300_w6,2023,,2,Unincorporated - Lake Los Angeles,1,5,0,23,39,27,16,0,0,0,0,0,23,3,42,1,8,0,0,0,0,0,0,0,0,0,0,0,0,0,0,0,0,0,0,0,0,0,0,0,0,0
901300_w7,2023,Lancaster city,2,Lancaster city,1,5,0,23,39,27,50,0,0,0,0,0,23,0,54,13,19,0,0,0,0,0,0,0,0,0,0,0,0,0,0,0,0,0,0,0,0,0,0,0,0,0
910002_w1,2023,,2,Unincorporated - Littlerock/Pearblossom,1,5,0,23,39,23,0,0,0,0,0,0,0,0,1,0,0,0,0,0,0,0,0,0,0,0,0,0,0,0,0,0,0,0,0,0,0,0,0,0,0,0
910002_w2,2023,,2,Unincorporated - Littlerock/Pearblossom,1,5,0,23,39,27,3,0,0,0,0,0,0,0,79,2,12,0,0,0,0,0,0,0,0,0,0,0,0,0,0,0,0,0,0,0,0,0,0,0,0,0
910002_w3,2023,Palmdale city,2,Palmdale city,1,5,0,23,39,27,0,0,0,0,0,0,0,0,0,0,0,0,0,0,0,0,0,0,0,0,0,0,0,0,0,0,0,0,0,0,0,0,0,0,0,0
910002_w4,2023,,2,Littlerock CDP,1,5,0,23,39,27,1,0,0,0,0,0,0,0,28,0,0,0,0,0,0,0,0,0,0,0,0,0,0,0,0,0,0,0,0,0,0,0,0,0,0,0
910002_w5,2023,,2,Sun Village CDP,1,5,0,23,39,27,2,0,0,0,0,0,0,0,0,0,1,0,0,0,0,0,0,0,0,0,0,0,0,0,0,0,0,0,0,0,0,0,0,0,0,0
910210,2023,Palmdale city,2,Palmdale city,1,5,0,23,34,27,0,0,0,0,0,0,0,0,0,0,0,0,0,0,0,0,0,0,0,0,0,0,0,0,0,0,0,0,0,0,0,0,0,0,0,0
910211_w1,2023,Lancaster city,2,Lancaster city,1,5,0,23,34,27,0,0,0,0,0,0,2,0,0,0,1,0,0,0,0,0,0,0,0,0,0,0,0,0,0,0,0,0,0,0,0,0,0,0,0,0
910211_w2,2023,,2,Quartz Hill CDP,1,5,0,23,34,27,0,0,0,0,0,0,0,0,0,0,0,0,0,0,0,0,0,0,0,0,0,0,0,0,0,0,0,0,0,0,0,0,0,0,0,0
910212,2023,,2,Unincorporated - White Fence Farms,1,5,0,23,34,27,3,0,0,0,0,0,24,3,42,2,10,0,0,0,0,0,0,0,0,0,0,0,0,0,0,0,0,0,0,0,0,0,0,0,0,0
910213_w1,2023,,2,Unincorporated - Anaverde,1,5,0,23,34,27,0,0,0,0,0,0,0,0,0,0,0,0,0,0,0,0,0,0,0,0,0,0,0,0,0,0,0,0,0,0,0,0,0,0,0,0
910213_w2,2023,,2,Unincorporated - Anaverde,1,5,0,23,39,27,0,0,0,0,0,0,0,0,0,0,0,0,0,0,0,0,0,0,0,0,0,0,0,0,0,0,0,0,0,0,0,0,0,0,0,0
910213_w3,2023,Palmdale city,2,Palmdale city,1,5,0,23,34,27,0,0,0,0,0,0,0,0,0,0,0,0,0,0,0,0,0,0,0,0,0,0,0,0,0,0,0,0,0,0,0,0,0,0,0,0
910213_w4,2023,Palmdale city,2,Palmdale city,1,5,0,23,39,27,0,0,0,0,0,0,0,0,0,0,0,0,0,0,0,0,0,0,0,0,0,0,0,0,0,0,0,0,0,0,0,0,0,0,0,0
910213_w5,2023,,2,Acton CDP,1,5,0,23,34,27,0,0,0,0,0,0,0,0,0,0,0,0,0,0,0,0,0,0,0,0,0,0,0,0,0,0,0,0,0,0,0,0,0,0,0,0
910214,2023,Palmdale city,2,Palmdale city,1,5,0,23,34,27,0,0,0,0,0,0,0,0,0,0,0,0,0,0,0,0,0,0,0,0,0,0,0,0,0,0,0,0,0,0,0,0,0,0,0,0
910215_w1,2023,Palmdale city,2,Palmdale city,1,5,0,23,34,27,0,0,0,0,0,0,0,0,0,0,0,0,0,0,0,0,0,0,0,0,0,0,0,0,0,0,0,0,0,0,0,0,0,0,0,0
910215_w2,2023,,2,Desert View Highlands CDP,1,5,0,23,34,27,1,0,0,0,0,0,0,0,2,0,0,0,0,0,0,0,0,0,0,0,0,0,0,0,0,0,0,0,0,0,0,0,0,0,0,0
910216,2023,Palmdale city,2,Palmdale city,1,5,0,23,34,27,0,0,0,0,0,0,0,0,1,0,0,0,0,0,0,0,0,0,0,0,0,0,0,0,0,0,0,0,0,0,0,0,0,0,0,0
910217,2023,Palmdale city,2,Palmdale city,1,5,0,23,34,27,0,0,0,0,0,0,0,0,0,0,0,0,0,0,0,0,0,0,0,0,0,0,0,0,0,0,0,0,0,0,0,0,0,0,0,0
910218_w1,2023,,2,Unincorporated - White Fence Farms,1,5,0,23,34,27,0,0,0,0,0,0,0,0,0,0,0,0,0,0,0,0,0,0,0,0,0,0,0,0,0,0,0,0,0,0,0,0,0,0,0,0
910218_w2,2023,Palmdale city,2,Palmdale city,1,5,0,23,34,27,2,0,0,0,0,0,8,1,5,2,3,0,0,0,0,0,0,0,0,0,0,0,0,0,0,0,0,0,0,0,0,0,0,0,0,0
910218_w3,2023,Palmdale city,2,Palmdale city,1,5,0,23,39,27,21,0,0,0,0,0,5,0,1,6,4,0,0,0,0,0,0,0,0,0,0,0,0,0,0,0,0,0,0,0,0,0,0,0,0,0
910301_w1,2023,Palmdale city,2,Palmdale city,1,5,0,23,34,27,0,0,0,0,0,0,0,0,0,0,0,0,0,0,0,0,0,0,0,0,0,0,0,0,0,0,0,0,0,0,0,0,0,0,0,0
910301_w2,2023,,2,Quartz Hill CDP,1,5,0,23,34,27,0,0,0,0,0,0,0,0,0,0,0,0,0,0,0,0,0,0,0,0,0,0,0,0,0,0,0,0,0,0,0,0,0,0,0,0
910302,2023,Palmdale city,2,Palmdale city,1,5,0,23,34,27,3,0,0,0,0,0,0,1,0,0,0,0,0,0,0,0,0,0,0,0,0,0,0,0,0,0,0,0,0,0,0,0,0,0,0,0
910401_w1,2023,,2,Unincorporated - Anaverde,1,5,0,23,34,27,0,0,0,0,0,0,0,0,0,0,0,0,0,0,0,0,0,0,0,0,0,0,0,0,0,0,0,0,0,0,0,0,0,0,0,0
910401_w2,2023,Palmdale city,2,Palmdale city,1,5,0,23,34,27,5,0,0,0,0,0,3,0,2,0,2,0,0,0,0,0,0,0,0,0,0,0,0,0,0,0,0,0,0,0,0,0,0,0,0,0
910401_w3,2023,,2,Desert View Highlands CDP,1,5,0,23,34,27,0,0,0,0,0,0,0,0,1,0,0,0,0,0,0,0,0,0,0,0,0,0,0,0,0,0,0,0,0,0,0,0,0,0,0,0
910404_w1,2023,,2,Unincorporated - Anaverde,1,5,0,23,39,27,0,0,0,0,0,0,0,0,0,0,0,0,0,0,0,0,0,0,0,0,0,0,0,0,0,0,0,0,0,0,0,0,0,0,0,0
910404_w2,2023,Palmdale city,2,Palmdale city,1,5,0,23,39,27,4,0,0,0,0,0,0,0,0,4,0,0,0,0,0,0,0,0,0,0,0,0,0,0,0,0,0,0,0,0,0,0,0,0,0,0
910405,2023,Palmdale city,2,Palmdale city,1,5,0,23,39,27,17,0,0,0,0,0,2,0,1,12,4,28,9,30,2,0,0,0,0,0,0,5,0,0,0,0,0,0,0,0,0,0,60,5,0,65
910501,2023,Palmdale city,2,Palmdale city,1,5,0,23,39,27,9,0,0,0,0,0,0,1,2,5,2,0,0,0,0,0,0,0,0,0,0,0,0,0,0,0,0,0,0,0,0,0,0,0,0,0
910502,2023,Palmdale city,2,Palmdale city,1,5,0,23,39,27,11,0,0,0,0,0,1,1,0,1,0,0,0,0,0,0,0,0,0,0,0,0,0,0,0,0,0,0,0,0,0,0,0,0,0,0
910504,2023,Palmdale city,2,Palmdale city,1,5,0,23,39,27,0,0,0,0,0,0,0,3,3,0,0,0,0,0,0,0,0,0,0,0,0,0,0,0,0,0,0,0,0,0,0,0,0,0,0,0
910505,2023,Palmdale city,2,Palmdale city,1,5,0,23,39,27,0,0,0,0,0,0,0,1,4,0,0,0,0,0,0,0,0,0,0,0,0,0,0,0,0,0,0,0,0,0,0,0,0,0,0,0
910601,2023,Palmdale city,2,Palmdale city,1,5,0,23,39,27,10,0,0,0,0,0,10,1,5,23,0,0,0,0,0,0,0,0,0,0,0,0,0,0,0,0,0,0,0,0,0,0,0,0,0,0
910602,2023,Palmdale city,2,Palmdale city,1,5,0,23,39,27,0,0,0,0,0,0,0,0,0,0,0,0,0,0,0,0,0,0,0,0,0,0,0,0,0,0,0,0,0,0,0,0,0,0,0,0
910605,2023,Palmdale city,2,Palmdale city,1,5,0,23,39,27,0,0,0,0,0,0,0,0,0,0,0,0,0,0,0,0,0,0,0,0,0,0,0,0,0,0,0,0,0,0,0,0,0,0,0,0
910606,2023,Palmdale city,2,Palmdale city,1,5,0,23,39,27,0,0,0,0,0,0,0,0,1,0,0,0,0,0,0,0,0,0,0,0,0,0,0,0,0,0,0,0,0,0,0,0,0,0,0,0
910607,2023,Palmdale city,2,Palmdale city,1,5,0,23,39,27,1,0,0,0,0,0,0,0,0,0,0,0,0,0,0,0,0,0,0,0,0,0,0,0,0,0,0,0,0,0,0,0,0,0,0,0
910608,2023,Palmdale city,2,Palmdale city,1,5,0,23,39,27,6,0,0,0,0,0,1,0,2,1,0,0,0,0,0,0,0,0,0,0,0,0,0,0,0,0,0,0,0,0,0,0,0,0,0,0
910706_w1,2023,,2,Unincorporated - Sun Village,1,5,0,23,39,27,1,0,0,0,0,0,7,0,6,0,1,0,0,0,0,0,0,0,0,0,0,0,0,0,0,0,0,0,0,0,0,0,0,0,0,0
910706_w2,2023,Palmdale city,2,Palmdale city,1,5,0,23,39,27,2,0,0,0,0,0,0,0,10,0,2,0,0,0,0,0,0,0,0,0,0,0,0,0,0,0,0,0,0,0,0,0,0,0,0,0
910707_w1,2023,,2,Unincorporated - South Antelope Valley,1,5,0,23,39,27,0,0,0,0,0,0,0,0,3,0,0,0,0,0,0,0,0,0,0,0,0,0,0,0,0,0,0,0,0,0,0,0,0,0,0,0
910707_w2,2023,Palmdale city,2,Palmdale city,1,5,0,23,39,27,0,0,0,0,0,0,0,0,0,0,1,0,0,0,0,0,0,0,0,0,0,0,0,0,0,0,0,0,0,0,0,0,0,0,0,0
910709_w1,2023,,2,Unincorporated - Southeast Antelope Valley,1,5,0,23,39,27,0,0,0,0,0,0,0,0,6,0,0,0,0,0,0,0,0,0,0,0,0,0,0,0,0,0,0,0,0,0,0,0,0,0,0,0
910709_w2,2023,Palmdale city,2,Palmdale city,1,5,0,23,39,27,0,0,0,0,0,0,0,0,1,0,0,0,0,0,0,0,0,0,0,0,0,0,0,0,0,0,0,0,0,0,0,0,0,0,0,0
910712,2023,Palmdale city,2,Palmdale city,1,5,0,23,39,27,8,0,0,0,0,0,0,0,1,5,1,0,0,0,0,0,0,0,0,0,0,0,0,0,0,0,0,0,0,0,0,0,0,0,0,0
910713,2023,Palmdale city,2,Palmdale city,1,5,0,23,39,27,1,0,0,0,0,0,0,0,0,0,0,0,0,0,0,0,0,0,0,0,0,0,0,0,0,0,0,0,0,0,0,0,0,0,0,0
910714,2023,Palmdale city,2,Palmdale city,1,5,0,23,39,27,0,0,0,0,0,0,0,0,0,0,0,0,0,0,0,0,0,0,0,0,0,0,0,0,0,0,0,0,0,0,0,0,0,0,0,0
910715,2023,Palmdale city,2,Palmdale city,1,5,0,23,39,27,0,0,0,0,0,0,0,0,1,0,0,0,0,0,0,0,0,0,0,0,0,0,0,0,0,0,0,0,0,0,0,0,0,0,0,0
910716,2023,Palmdale city,2,Palmdale city,1,5,0,23,39,27,0,0,0,0,0,0,0,0,0,0,0,0,0,0,0,0,0,0,0,0,0,0,0,0,0,0,0,0,0,0,0,0,0,0,0,0
910717,2023,Palmdale city,2,Palmdale city,1,5,0,23,39,27,0,0,0,0,0,0,0,0,0,0,0,0,0,0,0,0,0,0,0,0,0,0,0,0,0,0,0,0,0,0,0,0,0,0,0,0
910718,2023,Palmdale city,2,Palmdale city,1,5,0,23,39,27,0,0,0,0,0,0,0,0,0,0,0,0,0,0,0,0,0,0,0,0,0,0,0,0,0,0,0,0,0,0,0,0,0,0,0,0
910719,2023,Palmdale city,2,Palmdale city,1,5,0,23,39,27,0,0,0,0,0,0,0,0,0,0,0,0,0,0,0,0,0,0,0,0,0,0,0,0,0,0,0,0,0,0,0,0,0,0,0,0
910720,2023,Palmdale city,2,Palmdale city,1,5,0,23,39,27,0,0,0,0,0,0,0,0,11,0,2,0,0,0,0,0,0,0,0,0,0,0,0,0,0,0,0,0,0,0,0,0,0,0,0,0
910721,2023,Palmdale city,2,Palmdale city,1,5,0,23,39,27,3,0,0,0,0,0,1,0,0,0,0,0,0,0,0,0,0,0,0,0,0,0,0,0,0,0,0,0,0,0,0,0,0,0,0,0
910804_r1,2023,,2,Acton CDP,1,5,0,23,34,27,0,0,0,0,0,0,0,0,0,0,0,0,0,0,0,0,0,0,0,0,0,0,0,0,0,0,0,0,0,0,0,0,0,0,0,0
910804_r2,2023,,2,Unincorporated - Acton,1,5,0,23,34,27,0,0,0,0,0,0,0,0,0,0,0,0,0,0,0,0,0,0,0,0,0,0,0,0,0,0,0,0,0,0,0,0,0,0,0,0
910807_w1,2023,,2,Unincorporated - Canyon Country,2,5,0,23,40,27,0,0,0,0,0,0,0,0,0,0,0,0,0,0,0,0,0,0,0,0,0,0,0,0,0,0,0,0,0,0,0,0,0,0,0,0
910807_w2,2023,Santa Clarita city,2,Santa Clarita city,2,5,0,23,40,27,0,0,0,0,0,0,1,0,0,0,0,0,0,0,0,0,0,0,0,0,0,0,0,0,0,0,0,0,0,0,0,0,0,0,0,0
910808_w1,2023,,2,Unincorporated - Agua Dulce,2,5,0,23,40,27,0,0,0,0,0,0,0,0,0,0,0,0,0,0,0,0,0,0,0,0,0,0,0,0,0,0,0,0,0,0,0,0,0,0,0,0
910808_w2,2023,Santa Clarita city,2,Santa Clarita city,2,5,0,23,40,27,0,0,0,0,0,0,0,0,0,0,0,0,0,0,0,0,0,0,0,0,0,0,0,0,0,0,0,0,0,0,0,0,0,0,0,0
910808_w3,2023,,2,Agua Dulce CDP,2,5,0,23,34,27,0,0,0,0,0,0,0,0,0,0,0,0,0,0,0,0,0,0,0,0,0,0,0,0,0,0,0,0,0,0,0,0,0,0,0,0
910809_w1,2023,,2,Unincorporated - Sand Canyon,2,5,0,23,40,27,0,0,0,0,0,0,0,0,0,0,0,0,0,0,0,0,0,0,0,0,0,0,0,0,0,0,0,0,0,0,0,0,0,0,0,0
910809_w2,2023,Santa Clarita city,2,Santa Clarita city,2,5,0,23,40,27,0,0,0,0,0,0,0,0,0,0,0,0,0,0,0,0,0,0,0,0,0,0,0,0,0,0,0,0,0,0,0,0,0,0,0,0
910810_w1,2023,,2,Unincorporated - Agua Dulce,2,5,0,23,40,27,0,0,0,0,0,0,0,0,0,0,0,0,0,0,0,0,0,0,0,0,0,0,0,0,0,0,0,0,0,0,0,0,0,0,0,0
910810_w2,2023,Santa Clarita city,2,Santa Clarita city,2,5,0,23,40,27,0,0,0,0,0,0,0,0,0,0,0,0,0,0,0,0,0,0,0,0,0,0,0,0,0,0,0,0,0,0,0,0,0,0,0,0
910810_w3,2023,,2,Agua Dulce CDP,2,5,0,23,34,27,0,0,0,0,0,0,1,0,0,0,0,0,0,0,0,0,0,0,0,0,0,0,0,0,0,0,0,0,0,0,0,0,0,0,0,0
910814_r1,2023,,2,Unincorporated - Agua Dulce,1,5,0,23,34,27,0,0,0,0,0,0,0,0,0,0,0,0,0,0,0,0,0,0,0,0,0,0,0,0,0,0,0,0,0,0,0,0,0,0,0,0
910814_r2,2023,,2,Acton CDP,1,5,0,23,34,27,0,0,0,0,0,0,0,0,0,0,0,0,0,0,0,0,0,0,0,0,0,0,0,0,0,0,0,0,0,0,0,0,0,0,0,0
910814_r3,2023,,2,Agua Dulce CDP,1,5,0,23,34,27,0,0,0,0,0,0,2,3,2,0,0,0,0,0,0,0,0,0,0,0,0,0,0,0,0,0,0,0,0,0,0,0,0,0,0,0
910815_vw1,2023,,2,Unincorporated - Acton,1,5,0,23,34,27,0,0,0,0,0,0,3,1,4,7,5,0,0,0,0,0,0,0,0,0,0,0,0,0,0,0,0,0,0,0,0,0,0,0,0,0
910815_vw10,2023,,2,Unincorporated - Angeles National Forest,1,5,0,20,40,27,0,0,0,0,0,0,0,0,0,0,0,0,0,0,0,0,0,0,0,0,0,0,0,0,0,0,0,0,0,0,0,0,0,0,0,0
910815_vw11,2023,,2,Unincorporated - Angeles National Forest,1,5,0,20,40,29,0,0,0,0,0,0,0,0,0,0,0,0,0,0,0,0,0,0,0,0,0,0,0,0,0,0,0,0,0,0,0,0,0,0,0,0
910815_vw12,2023,,2,Unincorporated - Angeles National Forest,1,5,0,23,41,27,0,0,0,0,0,0,0,0,0,0,0,0,0,0,0,0,0,0,0,0,0,0,0,0,0,0,0,0,0,0,0,0,0,0,0,0
910815_vw13,2023,,2,Unincorporated - Angeles National Forest,1,5,0,23,41,28,0,0,0,0,0,0,0,0,0,0,0,0,0,0,0,0,0,0,0,0,0,0,0,0,0,0,0,0,0,0,0,0,0,0,0,0
910815_vw14,2023,,2,Unincorporated - South Antelope Valley,1,5,0,23,34,27,0,0,0,0,0,0,0,0,8,1,2,0,0,0,0,0,0,0,0,0,0,0,0,0,0,0,0,0,0,0,0,0,0,0,0,0
910815_vw15,2023,Palmdale city,2,Palmdale city,1,5,0,23,34,27,0,0,0,0,0,0,0,0,0,0,0,0,0,0,0,0,0,0,0,0,0,0,0,0,0,0,0,0,0,0,0,0,0,0,0,0
910815_vw16,2023,,2,Acton CDP,1,5,0,23,34,27,0,0,0,0,0,0,0,0,1,0,0,0,0,0,0,0,0,0,0,0,0,0,0,0,0,0,0,0,0,0,0,0,0,0,0,0
910815_vw17,2023,,2,Unincorporated - Agua Dulce,2,5,0,20,40,27,0,0,0,0,0,0,0,0,0,0,0,0,0,0,0,0,0,0,0,0,0,0,0,0,0,0,0,0,0,0,0,0,0,0,0,0
910815_vw18,2023,,2,Unincorporated - Angeles National Forest,2,5,0,20,40,27,0,0,0,0,0,0,0,0,0,0,0,0,0,0,0,0,0,0,0,0,0,0,0,0,0,0,0,0,0,0,0,0,0,0,0,0
910815_vw19,2023,,2,Unincorporated - Canyon Country,2,5,0,20,40,27,0,0,0,0,0,0,0,0,0,0,0,0,0,0,0,0,0,0,0,0,0,0,0,0,0,0,0,0,0,0,0,0,0,0,0,0
910815_vw2,2023,,2,Unincorporated - Acton,1,5,0,23,34,29,0,0,0,0,0,0,0,0,0,0,0,0,0,0,0,0,0,0,0,0,0,0,0,0,0,0,0,0,0,0,0,0,0,0,0,0
910815_vw3,2023,,2,Unincorporated - Acton,1,5,0,23,40,27,0,0,0,0,0,0,0,0,0,0,0,0,0,0,0,0,0,0,0,0,0,0,0,0,0,0,0,0,0,0,0,0,0,0,0,0
910815_vw4,2023,,2,Unincorporated - Acton,1,5,0,20,40,27,0,0,0,0,0,0,0,0,0,0,0,0,0,0,0,0,0,0,0,0,0,0,0,0,0,0,0,0,0,0,0,0,0,0,0,0
910815_vw5,2023,,2,Unincorporated - Angeles National Forest,1,5,0,23,34,27,0,0,0,0,0,0,0,0,0,0,0,0,0,0,0,0,0,0,0,0,0,0,0,0,0,0,0,0,0,0,0,0,0,0,0,0
910815_vw6,2023,,2,Unincorporated - Angeles National Forest,1,5,0,23,34,28,0,0,0,0,0,0,0,0,0,0,0,0,0,0,0,0,0,0,0,0,0,0,0,0,0,0,0,0,0,0,0,0,0,0,0,0
910815_vw7,2023,,2,Unincorporated - Angeles National Forest,1,5,0,23,34,29,0,0,0,0,0,0,0,0,0,0,0,0,0,0,0,0,0,0,0,0,0,0,0,0,0,0,0,0,0,0,0,0,0,0,0,0
910815_vw8,2023,,2,Unincorporated - Angeles National Forest,1,5,0,23,34,30,0,0,0,0,0,0,0,0,0,0,0,0,0,0,0,0,0,0,0,0,0,0,0,0,0,0,0,0,0,0,0,0,0,0,0,0
910815_vw9,2023,,2,Unincorporated - Angeles National Forest,1,5,0,23,40,30,0,0,0,0,0,0,0,0,0,0,0,0,0,0,0,0,0,0,0,0,0,0,0,0,0,0,0,0,0,0,0,0,0,0,0,0
911001_r1,2023,,2,Unincorporated - Littlerock,1,5,0,23,39,27,1,0,0,0,0,0,0,0,0,0,0,0,0,0,0,0,0,0,0,0,0,0,0,0,0,0,0,0,0,0,0,0,0,0,0,0
911001_r2,2023,,2,Unincorporated - Littlerock/Juniper Hills,1,5,0,23,39,23,0,0,0,0,0,0,0,0,0,0,0,0,0,0,0,0,0,0,0,0,0,0,0,0,0,0,0,0,0,0,0,0,0,0,0,0
911001_r3,2023,,2,Unincorporated - Littlerock/Juniper Hills,1,5,0,23,39,27,0,0,0,0,0,0,0,0,6,0,1,0,0,0,0,0,0,0,0,0,0,0,0,0,0,0,0,0,0,0,0,0,0,0,0,0
911001_r4,2023,,2,Unincorporated - Pearblossom/Llano,1,5,0,23,39,23,1,0,0,0,0,0,0,1,6,0,1,0,0,0,0,0,0,0,0,0,0,0,0,0,0,0,0,0,0,0,0,0,0,0,0,0
911001_r5,2023,,2,Unincorporated - Pearblossom/Llano,1,5,0,23,39,27,0,0,0,0,0,0,1,0,17,0,8,0,0,0,0,0,0,0,0,0,0,0,0,0,0,0,0,0,0,0,0,0,0,0,0,0
911001_r6,2023,,2,Unincorporated - Llano,1,5,0,23,39,23,0,0,0,0,0,0,1,0,214,0,37,0,0,0,0,0,0,0,0,0,0,0,0,0,0,0,0,0,0,0,0,0,0,0,0,0
911001_r7,2023,,2,Littlerock CDP,1,5,0,23,39,27,0,0,0,0,0,0,0,0,8,1,1,0,0,0,0,0,0,0,0,0,0,0,0,0,0,0,0,0,0,0,0,0,0,0,0,0
911100_w1,2023,,2,Unincorporated - Lake Los Angeles,1,5,0,23,39,27,1,0,0,0,0,0,0,0,0,0,0,0,0,0,0,0,0,0,0,0,0,0,0,0,0,0,0,0,0,0,0,0,0,0,0,0
911100_w2,2023,,2,Unincorporated - Palmdale,1,5,0,23,39,27,1,0,0,0,0,0,0,0,0,0,2,0,0,0,0,0,0,0,0,0,0,0,0,0,0,0,0,0,0,0,0,0,0,0,0,0
911100_w3,2023,,2,Unincorporated - Sun Village,1,5,0,23,39,27,1,0,0,0,0,0,0,0,2,0,1,0,0,0,0,0,0,0,0,0,0,0,0,0,0,0,0,0,0,0,0,0,0,0,0,0
911100_w4,2023,Palmdale city,2,Palmdale city,1,5,0,23,39,27,3,0,0,0,0,0,10,1,25,0,6,0,0,0,0,0,0,0,0,0,0,0,0,0,0,0,0,0,0,0,0,0,0,0,0,0
911100_w5,2023,,2,Sun Village CDP,1,5,0,23,39,27,3,0,0,0,0,0,3,0,7,0,1,0,0,0,0,0,0,0,0,0,0,0,0,0,0,0,0,0,0,0,0,0,0,0,0,0
920013,2023,Santa Clarita city,2,Santa Clarita city,2,5,0,23,40,27,1,0,0,0,0,0,0,0,0,0,0,0,0,0,0,0,0,0,0,0,0,0,0,0,0,0,0,0,0,0,0,0,0,0,0,0
920015_w1,2023,,2,Unincorporated - San Francisquito Canyon/Bouquet Canyon,2,5,0,23,40,27,0,0,0,0,0,0,0,0,0,0,0,0,0,0,0,0,0,0,0,0,0,0,0,0,0,0,0,0,0,0,0,0,0,0,0,0
920015_w2,2023,Santa Clarita city,2,Santa Clarita city,2,5,0,23,40,27,0,0,0,0,0,0,0,0,0,0,0,0,0,0,0,0,0,0,0,0,0,0,0,0,0,0,0,0,0,0,0,0,0,0,0,0
920016,2023,Santa Clarita city,2,Santa Clarita city,2,5,0,23,40,27,0,0,0,0,0,0,0,0,0,0,0,0,0,0,0,0,0,0,0,0,0,0,0,0,0,0,0,0,0,0,0,0,0,0,0,0
920017,2023,Santa Clarita city,2,Santa Clarita city,2,5,0,23,40,27,4,0,0,0,0,0,0,0,0,0,0,0,0,0,0,0,0,0,0,0,0,0,0,0,0,0,0,0,0,0,0,0,0,0,0,0
920018,2023,Santa Clarita city,2,Santa Clarita city,2,5,0,23,40,27,0,0,0,0,0,0,0,0,0,0,0,0,0,0,0,0,0,0,0,0,0,0,0,0,0,0,0,0,0,0,0,0,0,0,0,0
920020_w1,2023,,2,Unincorporated - Saugus,2,5,0,23,40,27,0,0,0,0,0,0,0,0,0,0,0,0,0,0,0,0,0,0,0,0,0,0,0,0,0,0,0,0,0,0,0,0,0,0,0,0
920020_w2,2023,Santa Clarita city,2,Santa Clarita city,2,5,0,23,40,27,0,0,0,0,0,0,0,0,0,0,0,0,0,0,0,0,0,0,0,0,0,0,0,0,0,0,0,0,0,0,0,0,0,0,0,0
920028,2023,Santa Clarita city,2,Santa Clarita city,2,5,0,23,40,27,0,0,0,0,0,0,0,0,0,0,0,0,0,0,0,0,0,0,0,0,0,0,0,0,0,0,0,0,0,0,0,0,0,0,0,0
920029,2023,Santa Clarita city,2,Santa Clarita city,2,5,0,23,40,27,4,0,0,0,0,0,0,0,0,0,0,0,0,0,0,0,0,0,0,0,0,0,0,0,0,0,0,0,0,0,0,0,0,0,0,0
920030,2023,Santa Clarita city,2,Santa Clarita city,2,5,0,23,40,27,1,0,0,0,0,0,0,0,0,0,0,0,0,0,0,0,0,0,0,0,0,0,0,0,0,0,0,0,0,0,0,0,0,0,0,0
920031,2023,Santa Clarita city,2,Santa Clarita city,2,5,0,23,40,27,0,0,0,0,0,0,0,0,0,0,0,0,0,0,0,0,0,0,0,0,0,0,0,0,0,0,0,0,0,0,0,0,0,0,0,0
920034_w1,2023,,2,Unincorporated - Canyon Country,2,5,0,23,40,27,0,0,0,0,0,0,0,0,0,0,0,0,0,0,0,0,0,0,0,0,0,0,0,0,0,0,0,0,0,0,0,0,0,0,0,0
920034_w2,2023,Santa Clarita city,2,Santa Clarita city,2,5,0,23,40,27,0,0,0,0,0,0,0,0,0,0,0,0,0,0,0,0,0,0,0,0,0,0,0,0,0,0,0,0,0,0,0,0,0,0,0,0
920035,2023,Santa Clarita city,2,Santa Clarita city,2,5,0,23,40,27,0,0,0,0,0,0,0,0,0,3,0,0,0,0,0,0,0,0,0,0,0,0,0,0,0,0,0,0,0,0,0,0,0,0,0,0
920038,2023,Santa Clarita city,2,Santa Clarita city,2,5,0,23,40,27,3,0,0,0,0,0,2,1,0,0,0,0,0,0,0,0,0,0,0,0,0,0,0,0,0,0,0,0,0,0,0,0,0,0,0,0
920039,2023,Santa Clarita city,2,Santa Clarita city,2,5,0,23,40,27,1,0,0,0,0,0,0,1,0,0,0,0,0,0,0,0,0,0,0,0,0,0,0,0,0,0,0,0,0,0,0,0,0,0,0,0
920040_w1,2023,,2,Unincorporated - Canyon Country,2,5,0,23,40,27,0,0,0,0,0,0,0,1,0,0,0,0,0,0,0,0,0,0,0,0,0,0,0,0,0,0,0,0,0,0,0,0,0,0,0,0
920040_w2,2023,Santa Clarita city,2,Santa Clarita city,2,5,0,23,40,27,0,0,0,0,0,0,0,0,0,0,0,0,0,0,0,0,0,0,0,0,0,0,0,0,0,0,0,0,0,0,0,0,0,0,0,0
920041,2023,Santa Clarita city,2,Santa Clarita city,2,5,0,23,40,27,1,0,0,0,0,0,0,0,0,3,0,0,0,0,0,0,0,0,0,0,0,0,0,0,0,0,0,0,0,0,0,0,0,0,0,0
920042,2023,Santa Clarita city,2,Santa Clarita city,2,5,0,23,40,27,0,0,0,0,0,0,1,3,3,0,0,0,0,0,0,0,0,0,0,0,0,0,0,0,0,0,0,0,0,0,0,0,0,0,0,0
920043_w1,2023,,2,Unincorporated - Placerita Canyon,2,5,0,23,40,27,0,0,0,0,0,0,0,0,0,0,0,0,0,0,0,0,0,0,0,0,0,0,0,0,0,0,0,0,0,0,0,0,0,0,0,0
920043_w2,2023,Santa Clarita city,2,Santa Clarita city,2,5,0,23,40,27,0,0,0,0,0,0,1,0,0,0,0,0,0,0,0,0,0,0,0,0,0,0,0,0,0,0,0,0,0,0,0,0,0,0,0,0
920044,2023,Santa Clarita city,2,Santa Clarita city,2,5,0,23,40,27,0,0,0,0,0,0,0,0,0,0,0,0,0,0,0,0,0,0,0,0,0,0,0,0,0,0,0,0,0,0,0,0,0,0,0,0
920045,2023,Santa Clarita city,2,Santa Clarita city,2,5,0,23,40,27,0,0,0,0,0,0,0,0,0,0,0,0,0,0,0,0,0,0,0,0,0,0,0,0,0,0,0,0,0,0,0,0,0,0,0,0
920046,2023,Santa Clarita city,2,Santa Clarita city,2,5,0,23,40,27,0,0,0,0,0,0,0,0,0,1,0,0,0,0,0,0,0,0,0,0,0,0,0,0,0,0,0,0,0,0,0,0,0,0,0,0
920047,2023,Santa Clarita city,2,Santa Clarita city,2,5,0,23,40,27,1,0,0,0,0,0,0,0,0,0,0,0,0,0,0,0,0,0,0,0,0,0,0,0,0,0,0,0,0,0,0,0,0,0,0,0
920048,2023,Santa Clarita city,2,Santa Clarita city,2,5,0,23,40,27,4,0,0,0,0,0,0,0,0,1,0,0,0,0,0,0,0,0,0,0,0,0,0,0,0,0,0,0,0,0,0,0,0,0,0,0
920049_w1,2023,,2,Unincorporated - Saugus/Canyon Country,2,5,0,23,40,27,0,0,0,0,0,0,0,0,0,0,0,0,0,0,0,0,0,0,0,0,0,0,0,0,0,0,0,0,0,0,0,0,0,0,0,0
920049_w2,2023,,2,Unincorporated - Canyon Country,2,5,0,23,40,27,0,0,0,0,0,0,0,0,0,0,0,0,0,0,0,0,0,0,0,0,0,0,0,0,0,0,0,0,0,0,0,0,0,0,0,0
920049_w3,2023,Santa Clarita city,2,Santa Clarita city,2,5,0,23,40,27,0,0,0,0,0,0,1,0,0,0,0,0,0,0,0,0,0,0,0,0,0,0,0,0,0,0,0,0,0,0,0,0,0,0,0,0
920050_v1,2023,,2,Unincorporated - Bouquet Canyon,1,5,0,23,34,27,0,0,0,0,0,0,0,0,1,0,1,0,0,0,0,0,0,0,0,0,0,0,0,0,0,0,0,0,0,0,0,0,0,0,0,0
920050_v2,2023,,2,Green Valley CDP,1,5,0,23,34,27,0,0,0,0,0,0,0,0,0,0,0,0,0,0,0,0,0,0,0,0,0,0,0,0,0,0,0,0,0,0,0,0,0,0,0,0
920050_v3,2023,,2,Leona Valley CDP,1,5,0,23,34,27,0,0,0,0,0,0,0,0,1,0,0,0,0,0,0,0,0,0,0,0,0,0,0,0,0,0,0,0,0,0,0,0,0,0,0,0
920050_v4,2023,,2,Unincorporated - San Francisquito Canyon/Bouquet Canyon,2,5,0,23,34,27,0,0,0,0,0,0,0,0,0,0,0,0,0,0,0,0,0,0,0,0,0,0,0,0,0,0,0,0,0,0,0,0,0,0,0,0
920102_r1,2023,,2,Unincorporated - Castaic,2,5,0,23,34,27,0,0,0,0,0,0,0,0,0,0,0,0,0,0,0,0,0,0,0,0,0,0,0,0,0,0,0,0,0,0,0,0,0,0,0,0
920102_r2,2023,,2,Unincorporated - Castaic,2,5,0,23,40,27,0,0,0,0,0,0,0,0,0,0,0,0,0,0,0,0,0,0,0,0,0,0,0,0,0,0,0,0,0,0,0,0,0,0,0,0
920102_r3,2023,,2,Unincorporated - Lake Hughes,2,5,0,23,34,27,0,0,0,0,0,0,0,0,0,0,0,0,0,0,0,0,0,0,0,0,0,0,0,0,0,0,0,0,0,0,0,0,0,0,0,0
920102_r4,2023,,2,Castaic CDP,2,5,0,23,40,27,0,0,0,0,0,0,0,0,0,0,0,0,0,0,0,0,0,0,0,0,0,0,0,0,0,0,0,0,0,0,0,0,0,0,0,0
920102_r5,2023,,2,Elizabeth Lake CDP,2,5,0,23,34,27,0,0,0,0,0,0,0,0,0,0,0,0,0,0,0,0,0,0,0,0,0,0,0,0,0,0,0,0,0,0,0,0,0,0,0,0
920102_r6,2023,,2,Green Valley CDP,2,5,0,23,34,27,0,0,0,0,0,0,0,0,0,0,0,0,0,0,0,0,0,0,0,0,0,0,0,0,0,0,0,0,0,0,0,0,0,0,0,0
920102_r7,2023,,2,Lake Hughes CDP,2,5,0,23,34,27,0,0,0,0,0,0,0,0,0,0,0,0,0,0,0,0,0,0,0,0,0,0,0,0,0,0,0,0,0,0,0,0,0,0,0,0
920104_r1,2023,,2,Unincorporated - Castaic,2,5,0,23,34,27,0,0,0,0,0,0,0,0,0,0,0,0,0,0,0,0,0,0,0,0,0,0,0,0,0,0,0,0,0,0,0,0,0,0,0,0
920104_r2,2023,,2,Unincorporated - Castaic,2,5,0,23,40,27,0,0,0,0,0,0,0,0,0,0,0,0,0,0,0,0,0,0,0,0,0,0,0,0,0,0,0,0,0,0,0,0,0,0,0,0
920104_r3,2023,,2,Castaic CDP,2,5,0,23,40,27,0,0,0,0,0,0,0,0,0,0,0,0,0,0,0,0,0,0,0,0,0,0,0,0,0,0,0,0,0,0,0,0,0,0,0,0
920104_r4,2023,,2,Hasley Canyon CDP,2,5,0,23,40,27,0,0,0,0,0,0,0,0,0,0,0,0,0,0,0,0,0,0,0,0,0,0,0,0,0,0,0,0,0,0,0,0,0,0,0,0
920106_r1,2023,,2,Unincorporated - Castaic,2,5,0,23,40,27,0,0,0,0,0,0,0,0,0,0,0,0,0,0,0,0,0,0,0,0,0,0,0,0,0,0,0,0,0,0,0,0,0,0,0,0
920106_r2,2023,,2,Unincorporated - Val Verde,2,5,0,23,40,27,0,0,0,0,0,0,0,0,0,0,0,0,0,0,0,0,0,0,0,0,0,0,0,0,0,0,0,0,0,0,0,0,0,0,0,0
920106_r3,2023,,2,Hasley Canyon CDP,2,5,0,23,40,27,0,0,0,0,0,0,0,0,0,0,0,0,0,0,0,0,0,0,0,0,0,0,0,0,0,0,0,0,0,0,0,0,0,0,0,0
920106_r4,2023,,2,Val Verde CDP,2,5,0,23,40,27,0,0,0,0,0,0,0,0,0,0,0,0,0,0,0,0,0,0,0,0,0,0,0,0,0,0,0,0,0,0,0,0,0,0,0,0
920109_w1,2023,,2,Unincorporated - Valencia,2,5,0,23,40,27,0,0,0,0,0,0,0,0,0,0,0,0,0,0,0,0,0,0,0,0,0,0,0,0,0,0,0,0,0,0,0,0,0,0,0,0
920109_w2,2023,Santa Clarita city,2,Santa Clarita city,2,5,0,23,40,27,0,0,0,0,0,0,0,0,0,0,0,0,0,0,0,0,0,0,0,0,0,0,0,0,0,0,0,0,0,0,0,0,0,0,0,0
920110,2023,Santa Clarita city,2,Santa Clarita city,2,5,0,23,40,27,0,0,0,0,0,0,0,0,0,0,0,0,0,0,0,0,0,0,0,0,0,0,0,0,0,0,0,0,0,0,0,0,0,0,0,0
920111,2023,Santa Clarita city,2,Santa Clarita city,2,5,0,23,40,27,0,0,0,0,0,0,0,0,0,0,0,0,0,0,0,0,0,0,0,0,0,0,0,0,0,0,0,0,0,0,0,0,0,0,0,0
920112,2023,Santa Clarita city,2,Santa Clarita city,2,5,0,23,40,27,0,0,0,0,0,0,0,0,0,0,0,0,0,0,0,0,0,0,0,0,0,0,0,0,0,0,0,0,0,0,0,0,0,0,0,0
920114,2023,Santa Clarita city,2,Santa Clarita city,2,5,0,23,40,27,4,0,0,0,0,0,1,0,0,1,4,0,0,0,0,0,0,0,0,0,0,0,0,0,0,0,0,0,0,0,0,0,0,0,0,0
920115,2023,Santa Clarita city,2,Santa Clarita city,2,5,0,23,40,27,13,0,0,0,0,0,1,1,1,5,4,0,0,0,0,0,0,0,0,0,0,0,0,0,0,0,0,0,0,0,0,0,0,0,0,0
920116_r1,2023,,2,Castaic CDP,2,5,0,23,40,27,0,0,0,0,0,0,0,0,0,0,0,0,0,0,0,0,0,0,0,0,0,0,0,0,0,0,0,0,0,0,0,0,0,0,0,0
920116_r2,2023,,2,Hasley Canyon CDP,2,5,0,23,40,27,0,0,0,0,0,0,0,0,0,0,0,0,0,0,0,0,0,0,0,0,0,0,0,0,0,0,0,0,0,0,0,0,0,0,0,0
920118_r1,2023,,2,Unincorporated - Castaic,2,5,0,23,40,27,0,0,0,0,0,0,0,0,0,0,0,0,0,0,0,0,0,0,0,0,0,0,0,0,0,0,0,0,0,0,0,0,0,0,0,0
920118_r2,2023,,2,Castaic CDP,2,5,0,23,40,27,0,0,0,0,0,0,0,0,0,0,0,0,0,0,0,0,0,0,0,0,0,0,0,0,0,0,0,0,0,0,0,0,0,0,0,0
920119_r1,2023,,2,Castaic CDP,2,5,0,23,40,27,0,0,0,0,0,0,0,0,0,0,0,0,0,0,0,0,0,0,0,0,0,0,0,0,0,0,0,0,0,0,0,0,0,0,0,0
920119_r2,2023,,2,Hasley Canyon CDP,2,5,0,23,40,27,0,0,0,0,0,0,0,0,0,0,0,0,0,0,0,0,0,0,0,0,0,0,0,0,0,0,0,0,0,0,0,0,0,0,0,0
920120_w1,2023,,2,Unincorporated - Castaic,2,5,0,23,40,27,0,0,0,0,0,0,0,0,0,0,0,0,0,0,0,0,0,0,0,0,0,0,0,0,0,0,0,0,0,0,0,0,0,0,0,0
920120_w2,2023,,2,Unincorporated - Valencia,2,5,0,23,40,27,0,0,0,0,0,0,0,0,0,0,0,0,0,0,0,0,0,0,0,0,0,0,0,0,0,0,0,0,0,0,0,0,0,0,0,0
920120_w3,2023,Santa Clarita city,2,Santa Clarita city,2,5,0,23,40,27,0,0,0,0,0,0,0,0,0,0,0,0,0,0,0,0,0,0,0,0,0,0,0,0,0,0,0,0,0,0,0,0,0,0,0,0
920121,2023,Santa Clarita city,2,Santa Clarita city,2,5,0,23,40,27,0,1,5,0,0,0,0,1,4,0,1,0,0,0,0,0,0,0,0,0,0,0,0,0,0,0,0,0,0,0,0,0,0,0,0,0
920200,2023,,2,Unincorporated - Castaic,2,5,0,23,40,27,0,0,0,0,0,0,0,0,0,0,0,0,0,0,0,0,0,0,0,0,0,0,0,0,0,0,0,0,0,0,0,0,0,0,0,0
920303,2023,,2,Unincorporated - Twin Lakes/Oat Mountain,2,5,0,23,40,27,0,0,0,0,0,0,0,0,0,0,0,0,0,0,0,0,0,0,0,0,0,0,0,0,0,0,0,0,0,0,0,0,0,0,0,0
920312_w1,2023,,2,Unincorporated - Angeles National Forest,2,5,0,23,40,27,0,0,0,0,0,0,0,0,0,0,0,0,0,0,0,0,0,0,0,0,0,0,0,0,0,0,0,0,0,0,0,0,0,0,0,0
920312_w2,2023,,2,Unincorporated - Newhall,2,5,0,23,40,27,0,0,0,0,0,0,0,0,0,0,0,0,0,0,0,0,0,0,0,0,0,0,0,0,0,0,0,0,0,0,0,0,0,0,0,0
920312_w3,2023,Santa Clarita city,2,Santa Clarita city,2,5,0,23,40,27,3,0,0,0,0,0,0,1,0,0,0,0,0,0,0,0,0,0,0,0,0,0,0,0,0,0,0,0,0,0,0,0,0,0,0,0
920313,2023,Santa Clarita city,2,Santa Clarita city,2,5,0,23,40,27,0,0,0,0,0,0,1,0,1,0,0,0,0,0,0,0,0,0,0,0,0,0,0,0,0,0,0,0,0,0,0,0,0,0,0,0
920314,2023,Santa Clarita city,2,Santa Clarita city,2,5,0,23,40,27,5,0,0,0,0,0,0,1,1,0,0,34,0,0,1,0,0,0,0,0,0,0,0,0,0,0,0,0,0,0,0,0,35,0,0,35
920322,2023,Santa Clarita city,2,Santa Clarita city,2,5,0,23,40,27,0,0,0,0,0,0,1,0,0,0,0,0,0,0,0,0,0,0,0,0,0,0,0,0,0,0,0,0,0,0,0,0,0,0,0,0
920326_w1,2023,,2,Unincorporated - Stevenson Ranch,2,5,0,23,40,27,0,0,0,0,0,0,0,0,0,0,0,0,0,0,0,0,0,0,0,0,0,0,0,0,0,0,0,0,0,0,0,0,0,0,0,0
920326_w2,2023,Santa Clarita city,2,Santa Clarita city,2,5,0,23,40,27,0,0,0,0,0,0,0,0,0,0,0,0,0,0,0,0,0,0,0,0,0,0,0,0,0,0,0,0,0,0,0,0,0,0,0,0
920326_w3,2023,,2,Stevenson Ranch CDP,2,5,0,23,40,27,0,0,0,0,0,0,0,0,0,0,0,0,0,0,0,0,0,0,0,0,0,0,0,0,0,0,0,0,0,0,0,0,0,0,0,0
920328,2023,Santa Clarita city,2,Santa Clarita city,2,5,0,23,40,27,0,0,0,0,0,0,1,0,0,0,0,0,0,0,0,0,0,0,0,0,0,0,0,0,0,0,0,0,0,0,0,0,0,0,0,0
920329,2023,Santa Clarita city,2,Santa Clarita city,2,5,0,23,40,27,0,0,0,0,0,0,3,0,0,0,1,0,0,0,0,0,0,0,0,0,0,0,0,0,0,0,0,0,0,0,0,0,0,0,0,0
920330,2023,Santa Clarita city,2,Santa Clarita city,2,5,0,23,40,27,0,0,0,0,0,0,0,0,0,0,0,0,0,0,0,0,0,0,0,0,0,0,0,0,0,0,0,0,0,0,0,0,0,0,0,0
920331,2023,Santa Clarita city,2,Santa Clarita city,2,5,0,23,40,27,1,0,0,0,0,0,0,0,0,0,0,0,0,0,0,0,0,0,0,0,0,0,0,0,0,0,0,0,0,0,0,0,0,0,0,0
920332,2023,Santa Clarita city,2,Santa Clarita city,2,5,0,23,40,27,2,0,0,0,0,0,1,0,0,0,1,0,0,0,0,0,0,0,0,0,0,0,0,0,0,0,0,0,0,0,0,0,0,0,0,0
920334,2023,Santa Clarita city,2,Santa Clarita city,2,5,0,23,40,27,0,0,0,0,0,0,0,0,0,0,0,0,0,0,0,0,0,0,0,0,0,0,0,0,0,0,0,0,0,0,0,0,0,0,0,0
920338_r1,2023,,2,Unincorporated - Stevenson Ranch,2,5,0,23,40,27,0,0,0,0,0,0,0,0,0,0,0,0,0,0,0,0,0,0,0,0,0,0,0,0,0,0,0,0,0,0,0,0,0,0,0,0
920338_r2,2023,,2,Stevenson Ranch CDP,2,5,0,23,40,27,0,0,0,0,0,0,0,0,0,0,0,0,0,0,0,0,0,0,0,0,0,0,0,0,0,0,0,0,0,0,0,0,0,0,0,0
920339_r1,2023,,2,Unincorporated - Stevenson Ranch,2,5,0,23,40,27,0,0,0,0,0,0,0,0,0,0,0,0,0,0,0,0,0,0,0,0,0,0,0,0,0,0,0,0,0,0,0,0,0,0,0,0
920339_r2,2023,,2,Stevenson Ranch CDP,2,5,0,23,40,27,0,0,0,0,0,0,0,0,0,0,0,0,0,0,0,0,0,0,0,0,0,0,0,0,0,0,0,0,0,0,0,0,0,0,0,0
920340,2023,Santa Clarita city,2,Santa Clarita city,2,5,0,23,40,27,12,0,0,0,0,0,2,0,4,1,5,0,0,0,0,0,0,0,0,2,6,0,0,0,0,0,0,0,0,0,0,0,0,6,0,6
920341,2023,Santa Clarita city,2,Santa Clarita city,2,5,0,23,40,27,10,0,0,0,0,0,0,0,0,0,5,0,0,0,0,0,0,0,0,0,0,0,0,0,0,0,0,0,0,0,0,0,0,0,0,0
920342,2023,Santa Clarita city,2,Santa Clarita city,2,5,0,23,40,27,17,0,0,0,0,0,2,4,1,2,5,0,0,0,0,0,0,0,0,0,0,0,0,0,0,0,0,0,0,0,0,0,0,0,0,0
920343,2023,Santa Clarita city,2,Santa Clarita city,2,5,0,23,40,27,5,0,0,0,0,0,1,1,1,0,1,0,0,0,0,0,0,0,0,0,0,0,0,0,0,0,0,0,0,0,0,0,0,0,0,0
930400_vw1,2023,,2,Unincorporated - Angeles National Forest,2,5,0,20,34,29,0,0,0,0,0,0,0,0,0,0,0,0,0,0,0,0,0,0,0,0,0,0,0,0,0,0,0,0,0,0,0,0,0,0,0,0
930400_vw10,2023,,2,Unincorporated - Kagel/Lopez Canyons,2,5,0,20,40,29,0,0,0,0,0,0,0,1,2,0,0,0,0,0,0,0,0,0,0,0,0,0,0,0,0,0,0,0,0,0,0,0,0,0,0,0
930400_vw11,2023,Santa Clarita city,2,Santa Clarita city,2,5,0,23,40,27,0,0,0,0,0,0,0,0,0,0,0,0,0,0,0,0,0,0,0,0,0,0,0,0,0,0,0,0,0,0,0,0,0,0,0,0
930400_vw12,2023,,2,Unincorporated - Angeles National Forest,3,5,0,25,34,28,0,0,0,0,0,0,0,0,0,0,0,0,0,0,0,0,0,0,0,0,0,0,0,0,0,0,0,0,0,0,0,0,0,0,0,0
930400_vw13,2023,,2,Unincorporated - Angeles National Forest,3,5,0,20,40,30,0,0,0,0,0,0,0,0,0,0,0,0,0,0,0,0,0,0,0,0,0,0,0,0,0,0,0,0,0,0,0,0,0,0,0,0
930400_vw14,2023,,2,Unincorporated - Angeles National Forest,3,5,0,20,41,28,0,0,0,0,0,0,0,0,0,0,0,0,0,0,0,0,0,0,0,0,0,0,0,0,0,0,0,0,0,0,0,0,0,0,0,0
930400_vw15,2023,,2,Unincorporated - Angeles National Forest,3,5,0,20,41,30,0,0,0,0,0,0,0,0,0,0,0,0,0,0,0,0,0,0,0,0,0,0,0,0,0,0,0,0,0,0,0,0,0,0,0,0
930400_vw16,2023,,2,Unincorporated - Angeles National Forest,3,5,0,22,41,31,0,0,0,0,0,0,0,0,0,0,0,0,0,0,0,0,0,0,0,0,0,0,0,0,0,0,0,0,0,0,0,0,0,0,0,0
930400_vw17,2023,,2,Unincorporated - Angeles National Forest,3,5,0,25,41,28,0,0,0,0,0,0,0,0,0,0,0,0,0,0,0,0,0,0,0,0,0,0,0,0,0,0,0,0,0,0,0,0,0,0,0,0
930400_vw18,2023,,2,Unincorporated - Angeles National Forest,2,5,0,20,40,27,0,0,0,0,0,0,0,0,0,0,0,0,0,0,0,0,0,0,0,0,0,0,0,0,0,0,0,0,0,0,0,0,0,0,0,0
930400_vw2,2023,,2,Unincorporated - Angeles National Forest,2,5,0,20,34,30,0,0,0,0,0,0,0,0,0,0,0,0,0,0,0,0,0,0,0,0,0,0,0,0,0,0,0,0,0,0,0,0,0,0,0,0
930400_vw3,2023,,2,Unincorporated - Angeles National Forest,2,5,0,25,34,28,0,0,0,0,0,0,0,0,0,0,0,0,0,0,0,0,0,0,0,0,0,0,0,0,0,0,0,0,0,0,0,0,0,0,0,0
930400_vw4,2023,,2,Unincorporated - Angeles National Forest,2,5,0,23,40,27,0,0,0,0,0,0,0,0,0,0,0,0,0,0,0,0,0,0,0,0,0,0,0,0,0,0,0,0,0,0,0,0,0,0,0,0
930400_vw5,2023,,2,Unincorporated - Angeles National Forest,2,5,0,20,40,29,0,0,0,0,0,0,0,0,5,0,1,0,0,0,0,0,0,0,0,0,0,0,0,0,0,0,0,0,0,0,0,0,0,0,0,0
930400_vw6,2023,,2,Unincorporated - Angeles National Forest,2,5,0,20,40,30,0,0,0,0,0,0,0,0,0,0,0,0,0,0,0,0,0,0,0,0,0,0,0,0,0,0,0,0,0,0,0,0,0,0,0,0
930400_vw7,2023,,2,Unincorporated - Angeles National Forest,2,5,0,25,40,30,0,0,0,0,0,0,0,0,0,0,0,0,0,0,0,0,0,0,0,0,0,0,0,0,0,0,0,0,0,0,0,0,0,0,0,0
930400_vw8,2023,,2,Unincorporated - Angeles National Forest,2,5,0,25,41,28,0,0,0,0,0,0,0,0,1,0,0,0,0,0,0,0,0,0,0,0,0,0,0,0,0,0,0,0,0,0,0,0,0,0,0,0
930400_vw9,2023,,2,Unincorporated - Kagel/Lopez Canyons,2,5,0,23,40,29,0,0,0,0,0,0,0,0,0,0,0,0,0,0,0,0,0,0,0,0,0,0,0,0,0,0,0,0,0,0,0,0,0,0,0,0
980001,2023,Burbank city,2,Burbank city,2,5,0,20,44,30,2,0,0,0,0,0,0,4,7,0,1,0,0,0,0,0,0,0,0,0,0,0,0,0,0,0,0,0,0,0,0,0,0,0,0,0
980002,2023,Carson city,2,Carson city,8,2,0,35,69,44,8,0,0,0,0,0,5,0,0,0,5,0,0,0,0,0,0,0,0,0,0,0,0,0,0,0,0,0,0,0,0,0,0,0,0,0
980003_r1,2023,,2,Unincorporated - South Edwards,1,5,0,23,39,23,0,0,0,0,0,0,0,0,0,0,0,0,0,0,0,0,0,0,0,0,0,0,0,0,0,0,0,0,0,0,0,0,0,0,0,0
980003_r2,2023,,2,Unincorporated - South Edwards,1,5,0,23,39,27,0,0,0,0,0,0,0,0,0,0,0,0,0,0,0,0,0,0,0,0,0,0,0,0,0,0,0,0,0,0,0,0,0,0,0,0
980004_w1,2023,,2,Unincorporated - Palmdale,1,5,0,23,39,27,0,0,0,0,0,0,0,0,0,0,0,0,0,0,0,0,0,0,0,0,0,0,0,0,0,0,0,0,0,0,0,0,0,0,0,0
980004_w2,2023,Palmdale city,2,Palmdale city,1,5,0,23,39,27,6,0,0,0,0,0,33,0,61,10,20,0,0,0,0,0,0,0,0,0,0,0,0,0,0,0,0,0,0,0,0,0,0,0,0,0
980005,2023,Torrance city,2,Torrance city,8,4,0,24,66,43,0,0,0,0,0,0,0,5,2,0,0,0,0,0,0,0,0,0,0,0,0,0,0,0,0,0,0,0,0,0,0,0,0,0,0,0
980008_q1,2023,Los Angeles city,1,Los Angeles city,2,3,6,20,40,29,1,0,0,0,0,0,0,0,0,0,0,0,0,0,0,0,0,0,0,0,0,0,0,0,0,0,0,0,0,0,0,0,0,0,0,0
980008_q2,2023,Los Angeles city,1,Los Angeles city,2,3,6,20,46,29,4,0,0,0,0,0,0,0,4,0,2,0,0,0,0,0,0,0,21,0,0,0,0,0,0,0,0,0,0,0,0,0,0,21,0,21
980009_q1,2023,Los Angeles city,1,Los Angeles city,4,5,4,26,51,30,0,0,0,0,0,0,0,0,0,0,0,0,0,0,0,0,0,0,0,0,0,0,0,0,0,0,0,0,0,0,0,0,0,0,0,0
980009_q2,2023,Los Angeles city,1,Los Angeles city,4,5,4,26,51,30,29,0,0,0,0,0,2,0,3,1,12,78,17,52,0,3,7,0,0,0,0,0,0,0,0,0,0,0,0,0,0,0,137,0,0,137
980009_q3,2023,Los Angeles city,1,Los Angeles city,4,5,4,26,51,30,0,0,0,0,0,0,0,0,0,0,0,0,0,0,0,0,0,0,0,0,0,0,0,0,0,0,0,0,0,0,0,0,0,0,0,0
980009_q4,2023,Los Angeles city,1,Los Angeles city,4,5,4,26,51,30,44,0,0,0,0,0,0,0,0,10,28,0,0,0,0,0,0,0,0,0,0,0,0,0,0,0,0,0,0,0,0,0,0,0,0,0
980009_q5,2023,Los Angeles city,1,Los Angeles city,4,5,4,26,51,30,0,0,0,0,0,0,0,1,5,0,0,0,0,0,0,0,0,0,0,0,0,0,0,0,0,0,0,0,0,0,0,0,0,0,0,0
980010_x1,2023,Los Angeles city,1,Los Angeles city,4,1,1,26,52,30,7,0,0,0,0,0,0,3,4,0,11,0,0,0,0,0,0,0,0,0,0,0,0,0,0,0,0,0,0,0,0,0,0,0,0,0
980010_x2,2023,Los Angeles city,1,Los Angeles city,4,1,1,26,52,34,0,0,0,0,0,0,0,0,1,0,4,0,0,0,0,0,0,0,0,0,0,0,0,0,0,0,0,0,0,0,0,0,0,0,0,0
980010_x3,2023,Los Angeles city,1,Los Angeles city,4,1,1,26,54,34,6,0,0,0,0,0,1,0,0,3,4,0,0,0,0,0,0,0,0,0,0,0,0,0,0,0,0,0,0,0,0,0,0,0,0,0
980010_x4,2023,Los Angeles city,1,Los Angeles city,4,1,13,26,52,30,0,0,0,0,0,0,0,0,0,0,0,0,0,0,0,0,0,0,0,0,0,0,0,0,0,0,0,0,0,0,0,0,0,0,0,0
980012,2023,Downey city,2,Downey city,7,4,0,30,64,42,2,0,0,0,0,0,0,0,0,0,0,0,0,0,0,0,0,0,0,0,0,0,0,0,0,0,0,0,0,0,0,0,0,0,0,0
980013,2023,El Segundo city,2,El Segundo city,8,2,0,24,66,36,2,0,0,0,0,0,0,0,0,0,0,0,0,0,0,0,0,0,0,0,0,0,0,0,0,0,0,0,0,0,0,0,0,0,0,0
980014,2023,Los Angeles city,1,Los Angeles city,8,4,15,35,65,44,43,0,0,0,0,0,64,19,194,0,16,0,0,0,0,0,0,0,0,0,0,0,0,0,0,0,0,0,0,0,0,0,0,0,0,0
980015_q1,2023,Los Angeles city,1,Los Angeles city,8,4,15,35,65,44,2,0,0,0,0,0,2,0,4,2,1,62,0,0,1,0,0,0,0,0,0,0,0,0,0,0,0,0,0,0,0,0,63,0,0,63
980015_q2,2023,Los Angeles city,1,Los Angeles city,8,4,15,35,65,44,0,0,0,0,0,0,0,0,0,0,1,0,0,0,0,0,0,0,0,0,0,0,0,0,0,0,0,0,0,0,0,0,0,0,0,0
980015_q3,2023,Los Angeles city,1,Los Angeles city,8,4,15,35,66,44,0,0,0,0,0,0,0,0,0,2,0,0,0,0,0,0,0,0,0,0,0,0,0,0,0,0,0,0,0,0,0,0,0,0,0,0
980015_q4,2023,Los Angeles city,1,Los Angeles city,8,4,15,35,66,44,0,0,0,0,0,0,0,0,0,2,0,0,0,0,0,0,0,0,0,0,0,0,0,0,0,0,0,0,0,0,0,0,0,0,0,0
980016_w1,2023,,2,Unincorporated - Bandini Islands,7,4,0,26,54,42,0,0,0,0,0,0,0,0,0,0,1,0,0,0,0,0,0,0,0,0,0,0,0,0,0,0,0,0,0,0,0,0,0,0,0,0
980016_w2,2023,Vernon city,2,Vernon city,7,4,0,26,54,42,10,0,0,0,0,0,0,1,0,2,12,0,0,0,0,0,0,0,0,0,0,0,0,0,0,0,0,0,0,0,0,0,0,0,0,0
980017_q1,2023,,2,Unincorporated - West LA,5,3,0,24,42,32,3,0,0,10,0,0,3,1,3,0,0,13,0,0,1,0,0,0,77,0,0,0,0,0,0,54,0,0,0,0,0,0,14,77,54,145
980017_q2,2023,,2,Unincorporated - West LA,5,3,0,24,42,32,0,0,0,0,0,0,0,0,1,0,0,0,0,0,0,0,0,0,0,0,0,0,0,0,0,0,0,0,0,0,0,0,0,0,0,0
980019,2023,Los Angeles city,1,Los Angeles city,5,3,11,24,42,32,0,0,0,0,0,0,0,0,0,0,0,0,0,0,0,0,0,0,0,0,0,0,0,0,0,0,0,0,0,0,0,0,0,0,0,0
980020_x1,2023,Los Angeles city,1,Los Angeles city,2,5,2,20,44,30,0,0,0,0,0,0,0,0,0,0,0,0,0,0,0,0,0,0,0,0,0,0,0,0,0,0,0,0,0,0,0,0,0,0,0,0
980020_x2,2023,Los Angeles city,1,Los Angeles city,2,5,7,20,44,30,0,0,0,0,0,0,0,0,1,0,0,0,0,0,0,0,0,0,0,0,0,0,0,0,0,0,0,0,0,0,0,0,0,0,0,0
980021_q1,2023,Los Angeles city,1,Los Angeles city,2,5,7,20,44,30,20,0,0,0,0,0,0,0,1,3,15,0,0,0,0,0,0,0,0,0,0,0,0,0,0,0,0,0,0,0,0,0,0,0,0,0
980021_q2,2023,Los Angeles city,1,Los Angeles city,2,5,7,20,44,30,1,0,0,0,0,0,0,0,0,1,0,0,0,0,0,0,0,0,0,0,0,0,0,0,0,0,0,0,0,0,0,0,0,0,0,0
980021_q3,2023,Los Angeles city,1,Los Angeles city,2,5,7,20,44,30,0,0,0,0,0,0,0,0,0,0,0,0,0,0,0,0,0,0,0,0,0,0,0,0,0,0,0,0,0,0,0,0,0,0,0,0
980022,2023,Los Angeles city,1,Los Angeles city,2,3,12,27,40,27,0,0,0,0,0,0,0,0,0,0,1,0,0,0,0,0,0,0,0,0,0,0,0,0,0,0,0,0,0,0,0,0,0,0,0,0
980023_q1,2023,Los Angeles city,1,Los Angeles city,2,3,12,27,46,32,1,0,0,0,0,0,1,0,0,0,0,0,0,0,0,0,0,0,0,0,0,0,0,0,0,0,0,0,0,0,0,0,0,0,0,0
980023_q2,2023,Los Angeles city,1,Los Angeles city,2,3,12,27,46,32,1,0,0,0,0,0,0,1,0,0,0,0,0,0,0,0,0,0,0,0,0,0,0,0,0,0,0,0,0,0,0,0,0,0,0,0
980024_x1,2023,Los Angeles city,1,Los Angeles city,2,3,4,27,46,32,0,0,0,0,0,0,0,0,0,0,0,0,0,0,0,0,0,0,0,0,0,0,0,0,0,0,0,0,0,0,0,0,0,0,0,0
980024_x2,2023,Los Angeles city,1,Los Angeles city,2,3,6,27,46,32,19,2,6,0,0,0,6,3,2,10,30,0,0,0,0,0,0,0,0,0,0,0,0,0,0,0,0,0,0,0,0,0,0,0,0,0
980024_x3,2023,Los Angeles city,1,Los Angeles city,2,3,4,27,46,32,1,0,0,0,0,0,0,0,0,0,0,0,0,0,0,0,0,0,0,0,0,0,0,0,0,0,0,0,0,0,0,0,0,0,0,0
980025,2023,Carson city,2,Carson city,8,2,0,35,69,44,0,0,0,0,0,0,2,0,0,0,1,0,0,0,0,0,0,0,0,0,0,0,0,0,0,0,0,0,0,0,0,0,0,0,0,0
980026_q1,2023,Los Angeles city,1,Los Angeles city,2,5,7,20,44,30,5,0,0,0,0,0,0,1,1,0,0,0,0,0,0,0,0,0,0,0,0,0,0,0,0,0,0,0,0,0,0,0,0,0,0,0
980026_q2,2023,Los Angeles city,1,Los Angeles city,2,5,7,20,44,30,0,0,0,0,0,0,0,0,0,0,0,0,0,0,0,0,0,0,0,0,0,0,0,0,0,0,0,0,0,0,0,0,0,0,0,0
980028_r1,2023,Los Angeles city,1,Los Angeles city,5,2,11,24,61,36,6,0,0,0,0,0,0,0,0,8,0,0,0,0,0,0,0,0,0,0,0,0,0,0,0,0,0,0,0,0,0,0,0,0,0,0
980028_r2,2023,Los Angeles city,1,Los Angeles city,5,2,11,35,61,36,0,0,0,0,0,0,0,0,0,0,0,0,0,0,0,0,0,0,0,0,0,0,0,0,0,0,0,0,0,0,0,0,0,0,0,0
980028_r3,2023,Los Angeles city,1,Los Angeles city,5,2,11,35,61,43,4,0,0,0,0,0,1,0,13,0,4,0,0,0,0,0,0,0,0,0,0,0,0,0,0,0,0,0,0,0,0,0,0,0,0,0
980028_r4,2023,Los Angeles city,1,Los Angeles city,5,2,11,28,61,36,0,0,0,0,0,0,0,0,0,0,0,0,0,0,0,0,0,0,0,0,0,0,0,0,0,0,0,0,0,0,0,0,0,0,0,0
980030,2023,El Segundo city,2,El Segundo city,8,2,0,24,66,36,0,0,0,0,0,0,0,0,0,0,0,0,0,0,0,0,0,0,0,0,0,0,0,0,0,0,0,0,0,0,0,0,0,0,0,0
980031_q1,2023,Los Angeles city,1,Los Angeles city,8,4,15,35,65,44,0,0,0,0,0,0,0,0,0,0,0,0,0,0,0,0,0,0,0,0,0,0,0,0,0,0,0,0,0,0,0,0,0,0,0,0
980031_q2,2023,Los Angeles city,1,Los Angeles city,8,4,15,35,65,44,2,0,0,0,0,0,0,0,0,0,0,0,0,0,0,0,0,0,0,0,0,0,0,0,0,0,0,0,0,0,0,0,0,0,0,0
980031_q3,2023,Los Angeles city,1,Los Angeles city,8,4,15,35,65,44,0,0,0,0,0,0,0,0,0,0,0,0,0,0,0,0,0,0,0,0,0,0,0,0,0,0,0,0,0,0,0,0,0,0,0,0
980031_q4,2023,Los Angeles city,1,Los Angeles city,8,4,15,35,65,44,0,0,0,0,0,0,0,0,0,0,0,0,0,0,0,0,0,0,0,0,0,0,0,0,0,0,0,0,0,0,0,0,0,0,0,0
980034,2023,Santa Fe Springs city,2,Santa Fe Springs city,7,4,0,30,64,38,56,0,0,0,0,0,3,0,8,18,18,0,0,0,0,0,0,0,0,0,0,0,0,0,0,0,0,0,0,0,0,0,0,0,0,0
980035_w1,2023,Industry city,2,Industry city,3,1,0,30,56,31,2,0,0,0,0,0,0,0,0,0,2,0,0,0,0,0,0,0,0,0,0,0,0,0,0,0,0,0,0,0,0,0,0,0,0,0
980035_w2,2023,,2,Avocado Heights CDP,3,1,0,30,56,31,8,0,0,0,0,0,2,1,3,0,1,0,0,0,0,0,0,0,0,0,0,0,0,0,0,0,0,0,0,0,0,0,0,0,0,0
980035_w3,2023,,2,Hacienda Heights CDP,3,1,0,30,56,38,0,0,0,0,0,0,0,0,0,0,0,0,0,0,0,0,0,0,0,0,0,0,0,0,0,0,0,0,0,0,0,0,0,0,0,0
980036_vw1,2023,,2,Unincorporated - South San Gabriel,3,1,0,22,49,38,19,0,0,0,0,0,2,0,4,14,32,0,0,0,0,0,0,0,0,0,0,0,0,0,0,0,0,0,0,0,0,0,0,0,0,0
980036_vw2,2023,,2,Unincorporated - South San Gabriel,3,1,0,22,56,38,1,0,0,0,0,0,0,0,0,0,4,0,0,0,0,0,0,0,0,0,0,0,0,0,0,0,0,0,0,0,0,0,0,0,0,0
980036_vw3,2023,,2,Unincorporated - Whittier Narrows,3,1,0,22,56,38,40,0,0,0,0,0,2,3,1,11,48,0,0,0,0,0,0,0,0,0,0,0,0,0,0,0,0,0,0,0,0,0,0,0,0,0
980036_vw4,2023,,2,Unincorporated - Whittier Narrows,3,1,0,30,56,38,12,0,0,0,0,0,0,0,0,7,17,0,0,0,0,0,0,0,0,0,0,0,0,0,0,0,0,0,0,0,0,0,0,0,0,0
980036_vw5,2023,Rosemead city,2,Rosemead city,3,1,0,25,49,28,0,0,0,0,0,0,0,0,0,0,0,0,0,0,0,0,0,0,0,0,0,0,0,0,0,0,0,0,0,0,0,0,0,0,0,0
980036_vw6,2023,Whittier city,2,Whittier city,3,1,0,30,56,38,4,0,0,0,0,0,0,0,0,2,5,0,0,0,0,0,0,0,0,0,0,0,0,0,0,0,0,0,0,0,0,0,0,0,0,0
980036_vw7,2023,,2,Unincorporated - Whittier Narrows,7,1,0,22,56,38,0,0,0,0,0,0,0,0,0,0,0,0,0,0,0,0,0,0,0,0,0,0,0,0,0,0,0,0,0,0,0,0,0,0,0,0
980037,2023,Carson city,2,Carson city,8,2,0,35,69,44,1,0,0,0,0,0,0,0,0,1,0,0,0,0,0,0,0,0,0,0,0,0,0,0,0,0,0,0,0,0,0,0,0,0,0,0
980038_v1,2023,,2,Ladera Heights CDP,5,2,0,28,55,37,0,0,0,0,0,0,0,0,0,0,0,0,0,0,0,0,0,0,0,0,0,0,0,0,0,0,0,0,0,0,0,0,0,0,0,0
980038_v2,2023,,2,Ladera Heights CDP,6,2,0,28,55,37,5,0,0,0,0,0,2,0,0,3,0,0,0,0,0,0,0,0,0,0,0,0,0,0,0,0,0,0,0,0,0,0,0,0,0,0
980039_xw1,2023,Los Angeles city,1,Los Angeles city,2,5,2,27,51,30,0,0,0,0,0,0,0,0,0,0,0,0,0,0,0,0,0,0,0,0,0,0,0,0,0,0,0,0,0,0,0,0,0,0,0,0
980039_xw2,2023,,2,Unincorporated - Universal City,2,5,0,27,51,30,0,0,0,0,0,0,0,0,0,0,0,0,0,0,0,0,0,0,0,0,0,0,0,0,0,0,0,0,0,0,0,0,0,0,0,0