tract_split_base,year,lacity,spa,sd,cd,ca_ssd,ca_sad,us_cd,totstreetsingadult,totstreetfamhh,totstreetfammem,totsafeparksingadult,totsafeparkfamhh,totsafeparkfammem,totcars,totvans,totcampers,tottents,totencamp,totesadultsingadult,totesadultfamhh,totesadultfammem,totesyouthsingyouth,totesyouthfamhh,totesyouthfammem,totesyouthunaccyouth,totthadultsingadult,totthadultfamhh,totthadultfammem,totthyouthsingyouth,totthyouthfamhh,totthyouthfammem,totthyouthunaccyouth,totshadultsingadult,totshadultfamhh,totshadultfammem,totshyouthsingyouth,totshyouthfamhh,totshyouthfammem,totshyouthunaccyouth,totespeople,totthpeople,totshpeople,totsheltpeople,GEOID
101110,2024,1,2,5,7,20,44,30,7,0,0,0,0,0,2,0,1,1,0,0,0,0,0,0,0,0,0,0,0,0,0,0,0,0,0,0,0,0,0,0,0,0,0,0,06037101110
101122,2024,1,2,5,7,20,44,30,1,0,0,0,0,0,0,0,2,0,1,0,0,0,0,0,0,0,0,0,0,0,0,0,0,0,0,0,0,0,0,0,0,0,0,0,06037101122
101220,2024,1,2,5,7,20,44,30,3,0,0,0,0,0,0,0,0,2,3,0,0,0,0,0,0,0,0,0,0,0,0,0,0,0,0,0,0,0,0,0,0,0,0,0,06037101220
101221,2024,1,2,5,7,20,44,30,2,0,0,0,0,0,2,0,0,1,1,0,0,0,0,0,0,0,0,0,0,0,0,0,0,0,0,0,0,0,0,0,0,0,0,0,06037101221
101222,2024,1,2,5,7,20,44,30,3,0,0,0,0,0,2,0,0,1,2,0,0,0,0,0,0,0,0,0,0,0,0,0,0,0,0,0,0,0,0,0,0,0,0,0,06037101222
101300,2024,1,2,5,7,20,44,30,0,0,0,0,0,0,0,0,0,0,0,0,0,0,0,0,0,0,0,0,0,0,0,0,0,0,0,0,0,0,0,0,0,0,0,0,06037101300
101400,2024,1,2,5,7,20,44,30,2,0,0,0,0,0,2,0,0,1,1,0,0,0,0,0,0,0,0,0,0,0,0,0,0,0,0,0,0,0,0,0,0,0,0,0,06037101400
102103,2024,1,2,5,2,20,44,29,48,0,0,0,0,0,0,4,1,5,3,0,0,0,0,0,0,0,0,0,0,0,0,0,0,0,0,0,0,0,0,0,0,0,0,0,06037102103
102104,2024,1,2,5,2,20,44,30,0,0,0,0,0,0,0,0,0,0,0,0,0,0,0,0,0,0,0,0,0,0,0,0,0,0,0,0,0,0,0,0,0,0,0,0,06037102104
102105,2024,1,2,5,2,20,43,29,0,0,0,0,0,0,0,0,0,0,0,0,0,0,0,0,0,0,0,0,0,0,0,0,0,0,0,0,0,0,0,0,0,0,0,0,06037102105
102107,2024,1,2,5,7,20,44,30,0,0,0,0,0,0,0,0,0,0,0,0,0,0,0,0,0,0,0,0,0,0,0,0,0,0,0,0,0,0,0,0,0,0,0,0,06037102107
103101,2024,1,2,5,7,20,44,30,0,0,0,0,0,0,0,0,0,1,0,0,0,0,0,0,0,0,0,0,0,0,0,0,0,0,0,0,0,0,0,0,0,0,0,0,06037103101
103102,2024,1,2,5,7,20,44,30,2,0,0,0,0,0,5,0,0,0,0,0,0,0,0,0,0,0,0,0,0,0,0,0,0,0,0,0,0,0,0,0,0,0,0,0,06037103102
103201,2024,1,2,5,7,20,44,30,9,0,0,0,0,0,2,2,1,1,0,0,0,0,0,0,0,0,0,0,0,0,0,0,0,0,0,0,0,0,0,0,0,0,0,0,06037103201
103202,2024,1,2,5,7,20,44,30,1,0,0,0,0,0,6,1,7,4,8,0,0,0,0,0,0,0,0,0,0,0,0,0,0,0,0,0,0,0,0,0,0,0,0,0,06037103202
103300,2024,1,2,5,7,20,44,30,2,0,0,0,0,0,4,1,2,2,11,0,0,0,0,0,0,0,0,0,0,0,0,0,0,0,0,0,0,0,0,0,0,0,0,0,06037103300
103401,2024,1,2,5,7,20,44,30,3,0,0,0,0,0,2,0,0,0,0,0,0,0,0,0,0,0,0,0,0,0,0,0,0,0,0,0,0,0,0,0,0,0,0,0,06037103401
103402,2024,1,2,5,7,20,44,30,4,0,0,0,0,0,3,0,0,0,1,0,0,0,0,0,0,0,0,0,0,0,0,0,0,0,0,0,0,0,0,0,0,0,0,0,06037103402
104103,2024,1,2,5,7,20,43,29,1,0,0,0,0,0,1,0,5,0,0,0,0,0,0,0,0,0,0,0,0,0,0,0,0,0,0,0,0,0,0,0,0,0,0,0,06037104103
104105,2024,1,2,3,7,20,43,29,7,0,0,0,0,0,8,3,8,0,0,0,0,0,0,0,0,0,0,0,0,0,0,0,0,0,0,0,0,0,0,0,0,0,0,0,06037104105
104108,2024,1,2,3,7,20,43,29,5,0,0,0,0,0,14,0,6,0,0,0,0,0,0,0,0,0,0,0,0,0,0,0,0,0,0,0,0,0,0,0,0,0,0,0,06037104108
104124,2024,2,2,5,0,20,40,29,0,0,0,0,0,0,0,0,0,0,0,11,0,0,0,0,0,0,0,0,0,0,0,0,0,0,0,0,0,0,0,0,11,0,0,11,06037104124
104201,2024,1,2,3,7,20,43,29,0,0,0,0,0,0,1,0,0,0,0,0,0,0,0,0,0,0,0,0,0,0,0,0,0,0,0,0,0,0,0,0,0,0,0,0,06037104201
104203,2024,1,2,3,7,20,43,29,0,0,0,0,0,0,0,0,0,0,0,0,0,0,0,0,0,0,0,0,0,0,0,0,0,0,0,0,0,0,0,0,0,0,0,0,06037104203
104204,2024,2,2,5,0,20,43,29,4,0,0,0,0,0,0,0,10,0,1,0,0,0,0,0,0,0,0,0,0,0,0,0,0,0,0,0,0,0,0,0,0,0,0,0,06037104204
104310,2024,1,2,3,7,20,43,29,2,0,0,0,0,0,8,0,19,0,1,0,0,0,0,0,0,0,0,0,0,0,0,0,0,0,0,0,0,0,0,0,0,0,0,0,06037104310
104321,2024,1,2,3,7,20,43,29,0,0,0,0,0,0,0,0,1,0,0,0,0,0,0,0,0,0,0,0,0,0,0,0,0,0,0,0,0,0,0,0,0,0,0,0,06037104321
104322,2024,1,2,3,7,20,43,29,2,0,0,0,0,0,0,4,5,0,1,0,0,0,0,0,0,0,0,0,0,0,0,0,0,0,0,0,0,0,0,0,0,0,0,0,06037104322
104401,2024,1,2,3,7,20,43,29,1,0,0,0,0,0,10,6,4,0,2,0,0,0,0,0,0,0,0,0,0,0,0,0,0,0,0,0,0,0,0,0,0,0,0,0,06037104401
104403,2024,1,2,3,7,20,43,29,10,0,0,0,0,0,0,0,2,0,7,0,0,0,0,0,0,0,0,0,0,0,0,0,0,0,0,0,0,0,0,0,0,0,0,0,06037104403
104404,2024,1,2,3,7,20,43,29,0,0,0,0,0,0,1,3,2,0,0,0,0,0,0,0,0,0,0,0,0,0,0,0,0,0,0,0,0,0,0,0,0,0,0,0,06037104404
104500,2024,1,2,3,7,20,43,29,2,0,0,0,0,0,1,0,5,0,0,23,0,0,1,0,0,0,0,0,0,0,0,0,0,0,0,0,0,0,0,0,24,0,0,24,06037104500
104610,2024,1,2,3,7,20,43,29,0,0,0,0,0,0,1,0,3,0,1,0,0,0,0,0,0,0,0,0,0,0,0,0,0,0,0,0,0,0,0,0,0,0,0,0,06037104610
104620,2024,1,2,3,7,20,43,29,0,0,0,0,0,0,3,5,1,0,0,0,0,0,0,0,0,0,0,0,0,0,0,0,0,0,0,0,0,0,0,0,0,0,0,0,06037104620
104701,2024,1,2,3,7,20,43,29,0,0,0,0,0,0,1,2,5,0,0,0,0,0,0,0,0,0,0,0,0,0,0,0,0,0,0,0,0,0,0,0,0,0,0,0,06037104701
104703,2024,1,2,3,7,20,43,29,5,0,0,0,0,0,35,3,96,6,7,0,0,0,0,0,0,0,0,0,0,0,0,0,0,0,0,0,0,0,0,0,0,0,0,0,06037104703
104704,2024,1,2,3,7,20,43,29,0,0,0,0,0,0,0,2,1,0,0,0,0,0,0,0,0,0,0,0,0,0,0,0,0,0,0,0,0,0,0,0,0,0,0,0,06037104704
104821,2024,1,2,3,7,20,43,29,0,0,0,0,0,0,0,1,1,0,0,0,0,0,0,0,0,0,0,0,0,0,0,0,0,0,0,0,0,0,0,0,0,0,0,0,06037104821
104822,2024,1,2,3,7,20,43,29,5,0,0,0,0,0,0,0,0,1,0,0,0,0,0,0,0,0,0,0,0,0,0,0,0,0,0,0,0,0,0,0,0,0,0,0,06037104822
104823,2024,1,2,3,7,20,43,29,0,0,0,0,0,0,1,2,7,0,0,0,0,0,0,0,0,0,0,0,0,0,0,0,0,0,0,0,0,0,0,0,0,0,0,0,06037104823
104824,2024,1,2,3,7,20,43,29,0,0,0,0,0,0,2,8,27,6,0,0,0,0,0,0,0,0,0,0,0,0,0,0,0,0,0,0,0,0,0,0,0,0,0,0,06037104824
106010,2024,1,2,3,7,20,43,29,0,0,0,0,0,0,3,0,9,0,0,35,0,0,0,0,0,0,0,0,0,0,0,0,0,0,0,0,0,0,0,0,35,0,0,35,06037106010
106020,2024,1,2,3,7,20,43,29,0,0,0,0,0,0,0,1,3,0,0,0,0,0,0,0,0,0,0,0,0,0,0,0,0,0,0,0,0,0,0,0,0,0,0,0,06037106020
106111,2024,1,2,3,7,20,43,29,0,0,0,0,0,0,0,2,9,1,0,0,0,0,0,0,0,0,0,0,0,0,0,0,0,0,0,0,0,0,0,0,0,0,0,0,06037106111
106112,2024,1,2,3,7,20,43,29,6,0,0,0,0,0,0,1,9,4,9,76,0,0,5,0,0,0,0,0,0,0,0,0,0,0,0,0,0,0,0,0,81,0,0,81,06037106112
106113,2024,1,2,3,7,20,43,29,2,0,0,0,0,0,0,0,0,1,0,0,0,0,0,0,0,0,0,0,0,0,0,0,0,0,0,0,0,0,0,0,0,0,0,0,06037106113
106114,2024,1,2,3,7,20,43,29,1,0,0,0,0,0,0,0,3,1,0,16,0,0,0,0,0,0,0,0,0,0,0,0,0,0,0,0,0,0,0,0,16,0,0,16,06037106114
106403,2024,1,2,3,7,20,43,29,0,0,0,0,0,0,1,1,3,0,0,0,0,0,0,0,0,0,0,0,0,0,0,0,0,0,0,0,0,0,0,0,0,0,0,0,06037106403
106405,2024,1,2,3,7,20,43,29,0,0,0,0,0,0,1,0,2,0,0,0,0,0,0,0,0,0,0,0,0,0,0,0,0,0,0,0,0,0,0,0,0,0,0,0,06037106405
106406,2024,1,2,3,7,20,43,29,0,0,0,0,0,0,0,0,0,0,0,0,0,0,0,0,0,0,0,0,0,0,0,0,0,0,0,0,0,0,0,0,0,0,0,0,06037106406
106407,2024,1,2,3,7,20,43,29,0,0,0,0,0,0,0,0,2,0,0,0,0,0,0,0,0,0,24,1,4,0,0,0,0,0,0,0,0,0,0,0,0,28,0,28,06037106407
106408,2024,1,2,3,7,20,43,29,0,0,0,0,0,0,0,0,1,0,0,0,0,0,0,0,0,0,0,0,0,0,0,0,0,0,0,0,0,0,0,0,0,0,0,0,06037106408
106510,2024,1,2,3,7,20,43,29,5,0,0,0,0,0,8,0,10,1,1,0,0,0,0,0,0,0,0,0,0,0,0,0,0,0,0,0,0,0,0,0,0,0,0,0,06037106510
106520,2024,1,2,3,7,20,43,29,0,0,0,0,0,0,1,0,8,0,0,0,0,0,0,0,0,0,0,0,0,0,0,0,0,0,0,0,0,0,0,0,0,0,0,0,06037106520
106603,2024,1,2,3,12,27,40,27,0,0,0,0,0,0,0,0,0,0,0,0,0,0,0,0,0,0,0,0,0,0,0,0,0,0,0,0,0,0,0,0,0,0,0,0,06037106603
106604,2024,1,2,3,7,20,43,29,0,0,0,0,0,0,0,0,9,3,5,91,0,0,1,0,0,0,0,0,0,0,0,0,0,0,0,0,0,0,0,0,92,0,0,92,06037106604
106641,2024,1,2,3,12,27,40,27,0,0,0,0,0,0,3,0,0,0,0,0,0,0,0,0,0,0,0,0,0,0,0,0,0,0,0,0,0,0,0,0,0,0,0,0,06037106641
106642,2024,1,2,3,12,27,40,27,1,0,0,0,0,0,4,4,1,2,0,0,0,0,0,0,0,0,0,0,0,0,0,0,0,0,0,0,0,0,0,0,0,0,0,0,06037106642
106643,2024,1,2,3,12,27,40,27,0,0,0,0,0,0,0,0,0,0,0,0,0,0,0,0,0,0,0,0,0,0,0,0,0,0,0,0,0,0,0,0,0,0,0,0,06037106643
106645,2024,1,2,3,12,27,40,27,0,0,0,0,0,0,0,0,0,0,0,0,0,0,0,0,0,0,0,0,0,0,0,0,0,0,0,0,0,0,0,0,0,0,0,0,06037106645
106646,2024,1,2,3,12,27,40,27,0,0,0,0,0,0,1,0,0,0,1,0,0,0,0,0,0,0,0,0,0,0,0,0,0,0,0,0,0,0,0,0,0,0,0,0,06037106646
106648,2024,1,2,3,7,20,43,29,0,0,0,0,0,0,0,0,0,0,0,0,0,0,0,0,0,0,0,0,0,0,0,0,0,0,0,0,0,0,0,0,0,0,0,0,06037106648
106649,2024,1,2,3,7,20,43,29,1,0,0,0,0,0,0,0,0,0,0,0,0,0,0,0,0,0,0,0,0,0,0,0,0,0,0,0,0,0,0,0,0,0,0,0,06037106649
107010,2024,1,2,3,7,20,43,29,1,0,0,0,0,0,0,0,0,0,0,0,0,0,0,0,0,0,0,0,0,0,0,0,0,0,0,0,0,0,0,0,0,0,0,0,06037107010
107020,2024,1,2,3,7,20,43,29,5,0,0,0,0,0,0,1,1,5,0,0,0,0,0,0,0,0,0,0,0,0,0,0,0,0,0,0,0,0,0,0,0,0,0,0,06037107020
108101,2024,1,2,3,12,27,40,27,0,0,0,0,0,0,0,0,0,0,0,0,0,0,0,0,0,0,0,0,0,0,0,0,0,0,0,0,0,0,0,0,0,0,0,0,06037108101
108102,2024,1,2,3,12,27,40,27,0,0,0,0,0,0,0,0,0,0,0,0,0,0,0,0,0,0,0,0,0,0,0,0,0,0,0,0,0,0,0,0,0,0,0,0,06037108102
108103,2024,1,2,3,12,27,40,27,0,0,0,0,0,0,0,0,0,0,0,0,0,0,0,0,0,0,0,0,0,0,0,0,0,0,0,0,0,0,0,0,0,0,0,0,06037108103
108104,2024,1,2,3,12,27,40,27,2,0,0,0,0,0,1,0,0,0,0,0,0,0,0,0,0,0,0,0,0,0,0,0,0,0,0,0,0,0,0,0,0,0,0,0,06037108104
108202,2024,1,2,3,12,27,40,27,0,0,0,0,0,0,1,0,0,1,0,0,0,0,0,0,0,0,0,0,0,0,0,0,0,0,0,0,0,0,0,0,0,0,0,0,06037108202
108203,2024,1,2,3,12,27,40,27,0,0,0,0,0,0,1,0,0,0,0,0,0,0,0,0,0,0,0,0,0,0,0,0,0,0,0,0,0,0,0,0,0,0,0,0,06037108203
108204,2024,1,2,3,12,27,40,27,0,0,0,0,0,0,0,0,0,0,0,0,0,0,0,0,0,0,0,0,0,0,0,0,0,0,0,0,0,0,0,0,0,0,0,0,06037108204
109100,2024,1,2,3,7,20,43,29,0,0,0,0,0,0,0,0,1,0,0,15,0,0,0,0,0,0,0,0,0,0,0,0,0,0,0,0,0,0,0,0,15,0,0,15,06037109100
109200,2024,1,2,3,12,27,40,27,0,0,0,0,0,0,0,3,0,3,0,0,0,0,0,0,0,0,0,0,0,0,0,0,0,0,0,0,0,0,0,0,0,0,0,0,06037109200
109300,2024,1,2,3,12,27,40,27,0,0,0,0,0,0,0,0,1,0,0,0,0,0,0,0,0,0,0,0,0,0,0,0,0,0,0,0,0,0,0,0,0,0,0,0,06037109300
109400,2024,1,2,3,7,20,43,29,0,0,0,0,0,0,0,0,1,0,0,0,0,0,0,0,0,0,0,0,0,0,0,0,0,0,0,0,0,0,0,0,0,0,0,0,06037109400
109500,2024,1,2,3,7,20,43,29,3,0,0,0,0,0,0,0,3,0,3,0,0,0,0,0,0,0,0,0,0,0,0,0,0,0,0,0,0,0,0,0,0,0,0,0,06037109500
109601,2024,1,2,3,6,20,43,29,2,0,0,0,0,0,0,0,3,0,0,0,0,0,0,0,0,0,0,0,0,0,0,0,0,0,0,0,0,0,0,0,0,0,0,0,06037109601
109603,2024,1,2,3,7,20,43,29,1,0,0,0,0,0,0,1,1,1,0,0,0,0,0,0,0,0,0,0,0,0,0,0,0,0,0,0,0,0,0,0,0,0,0,0,06037109603
109604,2024,1,2,3,7,20,43,29,0,0,0,0,0,0,0,1,0,1,0,0,0,0,0,0,0,0,0,0,0,0,0,0,0,0,0,0,0,0,0,0,0,0,0,0,06037109604
109700,2024,1,2,3,12,27,40,27,0,0,0,0,0,0,3,0,5,0,1,0,0,0,0,0,0,0,0,0,0,0,0,0,0,0,0,0,0,0,0,0,0,0,0,0,06037109700
109800,2024,1,2,3,12,27,40,32,0,0,0,0,0,0,0,0,7,0,0,0,0,0,0,0,0,0,0,0,0,0,0,0,0,0,0,0,0,0,0,0,0,0,0,0,06037109800
111100,2024,1,2,3,12,27,40,27,0,0,0,0,0,0,0,0,0,0,0,0,0,0,0,0,0,0,0,0,0,0,0,0,0,0,0,0,0,0,0,0,0,0,0,0,06037111100
111201,2024,1,2,3,12,27,40,27,1,0,0,0,0,0,1,2,0,0,1,0,0,0,0,0,0,0,0,0,0,0,0,0,0,0,0,0,0,0,0,0,0,0,0,0,06037111201
111202,2024,1,2,3,12,27,40,27,1,0,0,0,0,0,1,3,2,0,0,0,0,0,0,0,0,0,0,0,0,0,0,0,0,0,0,0,0,0,0,0,0,0,0,0,06037111202
111204,2024,1,2,3,12,27,40,32,0,0,0,0,0,0,3,0,0,0,0,0,0,0,0,0,0,0,0,0,0,0,0,0,0,0,0,0,0,0,0,0,0,0,0,0,06037111204
111205,2024,1,2,3,12,27,40,32,1,0,0,0,0,0,0,1,1,1,0,0,0,0,0,0,0,0,0,0,0,0,0,0,0,0,0,0,0,0,0,0,0,0,0,0,06037111205
111206,2024,1,2,3,12,27,40,32,2,0,0,0,0,0,0,0,0,1,0,0,0,0,0,0,0,0,0,0,0,0,0,0,0,0,0,0,0,0,0,0,0,0,0,0,06037111206
111302,2024,1,2,3,12,27,40,32,0,0,0,0,0,0,0,0,0,0,5,0,0,0,0,0,0,0,0,0,0,0,0,0,0,0,0,0,0,0,0,0,0,0,0,0,06037111302
111303,2024,1,2,3,12,27,40,27,3,0,0,0,0,0,1,0,0,2,0,0,0,0,0,0,0,0,0,0,0,0,0,0,0,0,0,0,0,0,0,0,0,0,0,0,06037111303
111304,2024,1,2,3,12,27,40,32,1,0,0,0,0,0,0,0,0,0,0,0,0,0,0,0,0,0,0,0,0,0,0,0,0,0,0,0,0,0,0,0,0,0,0,0,06037111304
111401,2024,1,2,3,12,27,40,32,0,0,0,0,0,0,2,0,0,13,5,0,0,0,0,0,0,0,0,0,0,0,0,0,0,0,0,0,0,0,0,0,0,0,0,0,06037111401
111402,2024,1,2,3,12,27,40,32,0,0,0,0,0,0,0,0,2,1,1,0,0,0,0,0,0,0,0,0,0,0,0,0,0,0,0,0,0,0,0,0,0,0,0,0,06037111402
113101,2024,1,2,3,12,27,40,27,11,0,0,0,0,0,5,1,0,2,0,0,0,0,0,0,0,0,0,0,0,0,0,0,0,0,0,0,0,0,0,0,0,0,0,0,06037113101
113102,2024,1,2,3,12,27,40,32,1,0,0,0,0,0,2,0,0,0,0,0,0,0,0,0,0,0,0,0,0,0,0,0,0,0,0,0,0,0,0,0,0,0,0,0,06037113102
113211,2024,1,2,3,12,27,40,27,6,0,0,0,0,0,3,0,0,1,0,0,0,0,0,0,0,0,0,0,0,0,0,0,0,0,0,0,0,0,0,0,0,0,0,0,06037113211
113212,2024,1,2,3,12,27,40,32,5,0,0,0,0,0,0,0,5,2,0,27,0,0,0,0,0,0,0,0,0,0,0,0,0,0,0,0,0,0,0,0,27,0,0,27,06037113212
113213,2024,1,2,3,12,27,40,32,7,0,0,0,0,0,0,0,0,6,0,0,0,0,0,0,0,0,0,0,0,0,0,0,0,0,0,0,0,0,0,0,0,0,0,0,06037113213
113231,2024,2,2,3,0,27,46,32,0,0,0,0,0,0,0,1,0,0,0,0,0,0,0,0,0,0,0,0,0,0,0,0,0,0,0,0,0,0,0,0,0,0,0,0,06037113231
113232,2024,1,2,3,12,27,46,32,0,0,0,0,0,0,1,1,2,0,0,0,0,0,0,0,0,0,6,0,0,0,0,0,0,0,0,0,0,0,0,0,0,6,0,6,06037113232
113234,2024,1,2,3,3,20,46,32,8,1,4,0,0,0,0,0,4,0,3,0,0,0,0,0,0,0,0,0,0,0,0,0,0,0,0,0,0,0,0,0,0,0,0,0,06037113234
113235,2024,2,2,3,0,27,46,32,0,0,0,0,0,0,0,0,0,0,0,0,0,0,0,0,0,0,0,0,0,0,0,0,0,0,0,0,0,0,0,0,0,0,0,0,06037113235
113237,2024,1,2,3,12,27,40,32,0,0,0,0,0,0,0,0,0,0,0,0,0,0,0,0,0,0,0,0,0,0,0,0,0,0,0,0,0,0,0,0,0,0,0,0,06037113237
113238,2024,1,2,3,3,20,46,32,2,0,0,0,0,0,0,0,3,0,0,0,0,0,0,0,0,0,0,0,0,0,0,0,0,0,0,0,0,0,0,0,0,0,0,0,06037113238
113239,2024,1,2,3,3,20,46,32,19,0,0,0,0,0,6,2,2,8,0,0,0,0,0,0,0,0,0,0,0,0,0,0,0,0,0,0,0,0,0,0,0,0,0,0,06037113239
113301,2024,1,2,3,12,27,40,32,0,0,0,0,0,0,0,3,11,7,0,0,0,0,0,0,0,0,0,0,0,0,0,0,0,0,0,0,0,0,0,0,0,0,0,0,06037113301
113303,2024,1,2,3,12,27,40,32,7,0,0,0,0,0,18,5,51,13,3,0,0,0,0,0,0,0,0,0,0,0,0,0,0,0,0,0,0,0,0,0,0,0,0,0,06037113303
113322,2024,1,2,3,12,27,40,32,0,0,0,0,0,0,0,0,0,0,0,0,0,0,0,0,0,0,0,0,0,0,0,0,0,0,0,0,0,0,0,0,0,0,0,0,06037113322
113323,2024,1,2,3,12,27,40,32,2,0,0,0,0,0,1,1,1,0,1,0,0,0,0,0,0,0,0,0,0,0,0,0,0,0,0,0,0,0,0,0,0,0,0,0,06037113323
113324,2024,1,2,3,12,27,40,32,4,0,0,0,0,0,0,0,0,0,0,0,0,0,0,0,0,0,0,0,0,0,0,0,0,0,0,0,0,0,0,0,0,0,0,0,06037113324
113423,2024,1,2,3,3,20,46,32,0,0,0,0,0,0,4,0,1,0,0,0,0,0,0,0,0,0,0,0,0,0,0,0,0,0,0,0,0,0,0,0,0,0,0,0,06037113423
113424,2024,1,2,3,12,27,40,32,0,0,0,0,0,0,0,0,0,1,0,0,0,0,0,0,0,0,0,0,0,0,0,0,0,0,0,0,0,0,0,0,0,0,0,0,06037113424
113425,2024,1,2,3,3,20,46,32,0,0,0,0,0,0,0,0,3,2,0,0,0,0,0,0,0,0,0,0,0,0,0,0,0,0,0,0,0,0,0,0,0,0,0,0,06037113425
113426,2024,1,2,3,3,20,46,32,0,0,0,0,0,0,17,12,23,1,3,0,0,0,0,0,0,0,0,0,0,0,0,0,0,0,0,0,0,0,0,0,0,0,0,0,06037113426
113427,2024,1,2,3,3,20,46,32,0,0,0,0,0,0,0,0,0,0,0,0,0,0,0,0,0,0,0,0,0,0,0,0,0,0,0,0,0,0,0,0,0,0,0,0,06037113427
113428,2024,1,2,3,3,20,46,32,3,0,0,0,0,0,1,0,0,1,0,0,0,0,0,0,0,0,0,0,0,0,0,0,0,0,0,0,0,0,0,0,0,0,0,0,06037113428
115101,2024,1,2,3,12,27,40,32,3,0,0,0,0,0,0,0,0,0,0,0,0,0,0,0,0,0,0,0,0,0,0,0,0,0,0,0,0,0,0,0,0,0,0,0,06037115101
115103,2024,1,2,3,12,27,40,32,0,0,0,0,0,0,0,1,1,0,0,5,0,0,6,0,0,0,0,0,0,0,0,0,0,0,0,0,0,0,0,0,11,0,0,11,06037115103
115104,2024,1,2,3,12,27,40,32,0,0,0,0,0,0,0,0,0,0,0,0,0,0,0,0,0,0,0,0,0,0,0,0,0,0,0,0,0,0,0,0,0,0,0,0,06037115104
115202,2024,1,2,3,12,27,40,32,3,0,0,0,0,0,2,1,11,5,0,4,0,0,0,0,0,0,0,0,0,0,0,0,0,0,0,0,0,0,0,0,4,0,0,4,06037115202
115203,2024,1,2,3,12,27,40,32,0,0,0,0,0,0,4,0,0,0,0,0,0,0,0,0,0,0,0,0,0,0,0,0,0,0,0,0,0,0,0,0,0,0,0,0,06037115203
115204,2024,1,2,3,12,27,40,32,0,0,0,0,0,0,0,0,0,0,0,0,0,0,0,0,0,0,0,0,0,0,0,0,0,0,0,0,0,0,0,0,0,0,0,0,06037115204
115301,2024,1,2,3,12,27,40,32,0,0,0,0,0,0,3,0,4,0,2,0,0,0,0,0,0,0,0,0,0,0,0,0,0,0,0,0,0,0,0,0,0,0,0,0,06037115301
115302,2024,1,2,3,12,20,40,32,1,0,0,0,0,0,3,0,1,0,0,0,0,0,0,0,0,0,0,0,0,0,0,0,0,0,0,0,0,0,0,0,0,0,0,0,06037115302
115401,2024,1,2,3,12,27,40,32,1,0,0,0,0,0,0,0,1,1,0,0,0,0,0,0,0,0,0,0,0,0,0,0,0,0,0,0,0,0,0,0,0,0,0,0,06037115401
115403,2024,1,2,3,12,20,40,32,3,0,0,0,0,0,0,0,0,2,1,0,0,0,0,0,0,0,0,0,0,0,0,0,0,0,0,0,0,0,0,0,0,0,0,0,06037115403
115404,2024,1,2,3,12,20,40,32,0,0,0,7,0,0,0,0,0,0,0,0,0,0,0,0,0,0,0,0,0,0,0,0,0,0,0,0,0,0,0,0,0,0,0,0,06037115404
117101,2024,1,2,3,7,20,43,29,0,0,0,0,0,0,0,2,1,0,0,0,0,0,0,0,0,0,0,0,0,0,0,0,0,0,0,0,0,0,0,0,0,0,0,0,06037117101
117102,2024,1,2,3,7,20,43,29,0,0,0,0,0,0,0,0,1,0,0,0,0,0,0,0,0,0,0,0,0,0,0,0,0,0,0,0,0,0,0,0,0,0,0,0,06037117102
117201,2024,1,2,3,7,20,40,29,0,0,0,0,0,0,0,0,0,4,0,0,0,0,0,0,0,0,0,0,0,0,0,0,0,0,0,0,0,0,0,0,0,0,0,0,06037117201
117202,2024,1,2,3,12,27,40,32,0,0,0,0,0,0,0,0,0,6,0,0,0,0,0,0,0,0,0,0,0,0,0,0,0,0,0,0,0,0,0,0,0,0,0,0,06037117202
117301,2024,1,2,3,12,27,40,32,0,0,0,0,0,0,1,0,10,0,0,0,0,0,0,0,0,0,0,0,0,0,0,0,0,0,0,0,0,0,0,0,0,0,0,0,06037117301
117302,2024,1,2,3,12,27,40,32,2,0,0,0,0,0,1,0,0,0,1,0,0,0,0,0,0,0,0,0,0,0,0,0,0,0,0,0,0,0,0,0,0,0,0,0,06037117302
117303,2024,1,2,3,12,20,40,32,0,0,0,0,0,0,1,2,21,0,1,0,0,0,0,0,0,0,0,0,0,0,0,0,0,0,0,0,0,0,0,0,0,0,0,0,06037117303
117404,2024,1,2,3,12,20,40,32,9,0,0,0,0,0,1,2,2,17,5,0,0,0,0,0,0,0,0,0,0,0,0,0,0,0,0,0,0,0,0,0,0,0,0,0,06037117404
117405,2024,1,2,3,7,20,40,29,8,0,0,15,0,0,2,0,1,0,6,0,0,0,0,0,0,0,0,0,0,0,0,0,0,0,0,0,0,0,0,0,0,0,0,0,06037117405
117407,2024,1,2,3,6,20,43,29,4,0,0,0,0,0,0,0,0,2,3,0,0,0,0,0,0,0,0,0,0,0,0,0,0,0,0,0,0,0,0,0,0,0,0,0,06037117407
117408,2024,1,2,3,6,20,43,29,6,0,0,0,0,0,0,0,0,3,3,57,0,0,0,0,0,0,0,0,0,0,0,0,0,0,0,0,0,0,0,0,57,0,0,57,06037117408
117510,2024,1,2,3,6,20,43,29,7,0,0,0,0,0,1,1,2,2,0,0,0,0,0,0,0,0,9,0,0,35,0,0,0,0,0,0,0,0,0,0,0,44,0,44,06037117510
117520,2024,1,2,3,6,20,43,29,0,0,0,0,0,0,0,4,0,2,1,0,0,0,0,0,0,0,0,0,0,0,0,0,0,0,0,0,0,0,0,0,0,0,0,0,06037117520
117530,2024,1,2,3,6,20,43,29,2,0,0,0,0,0,0,0,0,0,2,0,0,0,0,0,0,0,0,0,0,0,0,0,0,0,0,0,0,0,0,0,0,0,0,0,06037117530
119001,2024,1,2,3,6,20,43,29,0,0,0,0,0,0,0,0,0,0,0,0,0,0,0,0,0,0,0,0,0,0,0,0,0,0,0,0,0,0,0,0,0,0,0,0,06037119001
119003,2024,1,2,3,6,20,43,29,0,0,0,0,0,0,0,0,0,0,0,0,0,0,0,0,0,0,0,0,0,0,0,0,0,0,0,0,0,0,0,0,0,0,0,0,06037119003
119004,2024,1,2,3,6,20,43,29,1,0,0,0,0,0,1,2,0,1,3,0,0,0,0,0,0,0,0,0,0,0,0,0,0,0,0,0,0,0,0,0,0,0,0,0,06037119004
119201,2024,1,2,3,6,20,43,29,5,0,0,0,0,0,0,3,0,3,0,0,0,0,0,0,0,0,0,0,0,0,0,0,0,0,0,0,0,0,0,0,0,0,0,0,06037119201
119202,2024,1,2,3,6,20,43,29,3,0,0,0,0,0,0,2,0,0,1,0,0,0,0,0,0,0,0,0,0,0,0,0,0,0,0,0,0,0,0,0,0,0,0,0,06037119202
119310,2024,1,2,3,6,20,43,29,0,0,0,0,0,0,0,0,0,1,0,0,0,0,0,0,0,0,0,0,0,0,0,0,0,0,0,0,0,0,0,0,0,0,0,0,06037119310
119320,2024,1,2,3,6,20,43,29,0,0,0,0,0,0,0,0,0,5,1,0,0,0,0,0,0,0,0,0,0,0,0,0,0,0,0,0,0,0,0,0,0,0,0,0,06037119320
119340,2024,1,2,3,6,20,43,29,0,0,0,0,0,0,0,0,0,0,0,0,0,0,0,0,0,0,0,0,0,0,0,0,0,0,0,0,0,0,0,0,0,0,0,0,06037119340
119341,2024,1,2,3,6,20,43,29,0,0,0,0,0,0,0,0,0,5,0,0,0,0,0,0,0,0,0,0,0,0,0,0,0,0,0,0,0,0,0,0,0,0,0,0,06037119341
119342,2024,1,2,3,6,20,43,29,0,0,0,0,0,0,0,0,0,0,0,0,0,0,0,0,0,0,0,0,0,0,0,0,0,0,0,0,0,0,0,0,0,0,0,0,06037119342
119400,2024,1,2,3,6,20,43,29,1,0,0,0,0,0,0,1,0,0,0,0,0,0,0,0,0,0,0,0,0,0,0,0,0,0,0,0,0,0,0,0,0,0,0,0,06037119400
119700,2024,1,2,3,6,20,43,29,1,0,0,0,0,0,0,0,0,1,0,0,0,0,0,0,0,0,0,0,0,0,0,0,0,0,0,0,0,0,0,0,0,0,0,0,06037119700
119801,2024,1,2,3,6,20,43,29,0,0,0,0,0,0,0,0,0,0,0,0,0,0,0,0,0,0,0,0,0,0,0,0,0,0,0,0,0,0,0,0,0,0,0,0,06037119801
119802,2024,1,2,3,6,20,43,29,0,0,0,0,0,0,0,0,0,0,0,0,0,0,0,0,0,0,0,0,0,0,0,0,0,0,0,0,0,0,0,0,0,0,0,0,06037119802
119900,2024,1,2,3,6,20,43,29,2,0,0,0,0,0,2,0,0,0,0,0,0,0,0,0,0,0,0,0,0,0,0,0,0,0,0,0,0,0,0,0,0,0,0,0,06037119900
120010,2024,1,2,3,6,20,43,29,0,0,0,0,0,0,0,0,0,2,0,0,0,0,0,0,0,0,0,0,0,0,0,0,0,0,0,0,0,0,0,0,0,0,0,0,06037120010
120020,2024,1,2,3,6,20,43,29,1,0,0,0,0,0,0,0,1,0,1,0,0,0,0,0,0,0,0,0,0,0,0,0,0,0,0,0,0,0,0,0,0,0,0,0,06037120020
120030,2024,1,2,3,6,20,43,29,1,0,0,0,0,0,0,0,0,1,2,0,0,0,0,0,0,0,0,0,0,0,0,0,0,0,0,0,0,0,0,0,0,0,0,0,06037120030
120103,2024,1,2,3,6,20,43,29,0,0,0,0,0,0,0,0,0,2,0,0,0,0,0,0,0,0,0,0,0,0,0,0,0,0,0,0,0,0,0,0,0,0,0,0,06037120103
120104,2024,1,2,3,6,20,43,29,6,0,0,0,0,0,0,0,1,1,7,0,0,0,0,0,0,0,0,0,0,0,0,0,0,0,0,0,0,0,0,0,0,0,0,0,06037120104
120105,2024,1,2,3,6,20,43,29,0,0,0,0,0,0,0,0,0,1,0,0,0,0,0,0,0,0,0,0,0,0,0,0,0,0,0,0,0,0,0,0,0,0,0,0,06037120105
120106,2024,1,2,3,6,20,43,29,0,0,0,0,0,0,0,2,0,4,0,0,0,0,0,0,0,0,0,0,0,0,0,0,0,0,0,0,0,0,0,0,0,0,0,0,06037120106
120107,2024,1,2,3,6,20,43,29,0,0,0,0,0,0,0,2,0,1,0,0,0,0,0,0,0,0,0,0,0,0,0,0,0,0,0,0,0,0,0,0,0,0,0,0,06037120107
120108,2024,1,2,3,6,20,43,29,0,0,0,0,0,0,0,0,0,0,0,0,0,0,0,0,0,0,0,0,0,0,0,0,0,0,0,0,0,0,0,0,0,0,0,0,06037120108
120300,2024,1,2,3,6,20,43,29,2,0,0,0,0,0,1,0,0,2,0,0,0,0,0,0,0,0,0,0,0,0,0,0,0,0,0,0,0,0,0,0,0,0,0,0,06037120300
120400,2024,1,2,3,6,20,43,29,2,0,0,0,0,0,0,0,0,0,0,0,0,0,0,0,0,0,0,0,0,0,0,0,0,0,0,0,0,0,0,0,0,0,0,0,06037120400
121010,2024,1,2,3,2,20,43,29,7,0,0,0,0,0,2,6,26,0,2,0,0,0,0,0,0,0,0,0,0,0,0,0,0,0,0,0,0,0,0,0,0,0,0,0,06037121010
121020,2024,1,2,3,2,20,43,29,0,0,0,0,0,0,11,4,2,1,0,0,0,0,0,0,0,0,0,0,0,0,0,0,0,0,0,0,0,0,0,0,0,0,0,0,06037121020
121101,2024,1,2,3,6,20,43,29,47,0,0,0,0,0,0,3,3,21,6,0,0,0,0,0,0,0,0,0,0,0,0,0,0,0,0,0,0,0,0,0,0,0,0,0,06037121101
121102,2024,1,2,5,6,20,43,29,4,0,0,0,0,0,22,1,53,19,2,96,0,0,5,0,0,0,0,0,0,0,0,0,0,0,0,0,0,0,0,0,101,0,0,101,06037121102
121210,2024,1,2,3,6,20,43,29,15,0,0,0,0,0,8,6,14,14,1,0,0,0,0,0,0,0,0,0,0,0,0,0,0,0,0,0,0,0,0,0,0,0,0,0,06037121210
121221,2024,1,2,3,6,20,43,29,0,0,0,0,0,0,0,0,0,0,2,0,0,0,0,0,0,0,0,0,0,0,0,0,0,0,0,0,0,0,0,0,0,0,0,0,06037121221
121222,2024,1,2,3,6,20,43,29,0,0,0,0,0,0,0,0,5,1,5,0,0,0,0,0,0,0,0,0,0,0,0,0,0,0,0,0,0,0,0,0,0,0,0,0,06037121222
121600,2024,1,2,3,2,27,43,29,0,0,0,0,0,0,0,0,0,0,0,109,0,0,1,0,0,0,0,0,0,0,0,0,0,0,0,0,0,0,0,0,110,0,0,110,06037121600
121801,2024,1,2,3,6,20,43,29,2,0,0,0,0,0,2,5,5,1,0,0,0,0,0,0,0,0,0,0,0,0,0,0,0,0,0,0,0,0,0,0,0,0,0,0,06037121801
121802,2024,1,2,3,6,20,43,29,2,0,0,0,0,0,0,0,5,2,1,213,267,880,5,3,7,0,0,0,0,0,0,0,0,19,0,0,0,0,0,0,1105,0,19,1124,06037121802
121900,2024,1,2,3,6,20,43,29,3,0,0,0,0,0,10,5,19,18,1,0,0,0,0,0,0,0,0,0,0,0,0,0,0,0,0,0,0,0,0,0,0,0,0,0,06037121900
122000,2024,1,2,3,2,27,43,29,0,0,0,0,0,0,5,0,23,1,2,65,0,0,1,0,0,0,0,0,0,0,0,0,0,0,0,0,0,0,0,0,66,0,0,66,06037122000
122120,2024,1,2,3,2,20,43,29,0,0,0,0,0,0,3,0,2,0,0,0,0,0,0,0,0,0,0,0,0,0,0,0,0,0,0,0,0,0,0,0,0,0,0,0,06037122120
122121,2024,1,2,3,2,20,43,29,0,0,0,0,0,0,2,1,1,0,0,0,0,0,0,0,0,0,0,0,0,0,0,0,0,0,0,0,0,0,0,0,0,0,0,0,06037122121
122122,2024,1,2,3,2,20,43,29,16,0,0,0,0,0,0,7,30,18,8,75,0,0,2,0,0,0,0,0,0,0,0,0,0,0,0,0,0,0,0,0,77,0,0,77,06037122122
122200,2024,1,2,5,2,20,43,29,6,0,0,0,0,0,12,3,19,0,1,0,0,0,0,0,0,0,0,0,0,0,0,0,0,0,0,0,0,0,0,0,0,0,0,0,06037122200
122410,2024,1,2,3,2,20,43,29,1,0,0,0,0,0,1,1,13,2,0,0,0,0,0,0,0,0,0,0,0,0,0,0,0,0,0,0,0,0,0,0,0,0,0,0,06037122410
122420,2024,1,2,3,2,20,43,29,4,1,2,0,0,0,0,0,4,0,0,0,0,0,0,0,0,0,0,0,0,0,0,0,0,0,0,0,0,0,0,0,0,0,0,0,06037122420
123010,2024,1,2,3,2,20,43,29,0,0,0,0,0,0,8,0,12,0,0,0,0,0,0,0,0,0,0,0,0,0,0,0,0,0,0,0,0,0,0,0,0,0,0,0,06037123010
123020,2024,1,2,3,2,20,43,29,10,0,0,0,0,0,1,4,9,0,0,0,0,0,0,0,0,0,0,0,0,0,0,0,0,0,0,0,0,0,0,0,0,0,0,0,06037123020
123103,2024,1,2,5,2,20,43,29,7,0,0,0,0,0,0,1,2,3,3,0,0,0,0,0,0,0,0,0,0,0,0,0,0,0,0,0,0,0,0,0,0,0,0,0,06037123103
123104,2024,1,2,5,2,27,44,29,3,0,0,0,0,0,2,1,5,1,2,0,0,0,0,0,0,0,0,0,0,0,0,0,0,0,0,0,0,0,0,0,0,0,0,0,06037123104
123203,2024,1,2,3,2,20,43,29,2,0,0,0,0,0,0,0,5,14,1,0,0,0,0,0,0,0,0,0,0,0,0,0,0,0,0,0,0,0,0,0,0,0,0,0,06037123203
123204,2024,1,2,3,2,27,43,29,1,0,0,0,0,0,1,5,2,0,0,0,0,0,0,0,0,0,0,0,0,0,0,0,0,0,0,0,0,0,0,0,0,0,0,0,06037123204
123205,2024,1,2,3,2,20,43,29,1,0,0,0,0,0,1,11,2,8,0,0,0,0,0,0,0,0,0,0,0,0,0,0,0,0,0,0,0,0,0,0,0,0,0,0,06037123205
123206,2024,1,2,3,2,20,43,29,1,0,0,0,0,0,1,4,4,0,0,0,0,0,0,0,0,0,0,0,0,0,0,0,0,0,0,0,0,0,0,0,0,0,0,0,06037123206
123301,2024,1,2,3,2,27,43,29,4,0,0,0,0,0,4,13,5,1,8,0,0,0,0,0,0,0,0,0,0,0,0,0,0,0,0,0,0,0,0,0,0,0,0,0,06037123301
123303,2024,1,2,3,2,27,43,29,3,0,0,0,0,0,7,8,2,5,0,0,0,0,0,0,0,0,0,0,0,0,0,0,0,0,0,0,0,0,0,0,0,0,0,0,06037123303
123304,2024,1,2,3,2,27,43,29,19,0,0,0,0,0,1,2,0,2,3,0,0,0,0,0,0,0,0,0,0,0,0,0,0,0,0,0,0,0,0,0,0,0,0,0,06037123304
123410,2024,1,2,3,2,27,43,29,0,0,0,0,0,0,0,0,0,0,0,0,0,0,0,0,0,0,0,0,0,0,0,0,0,0,0,0,0,0,0,0,0,0,0,0,06037123410
123420,2024,1,2,3,2,27,43,29,0,0,0,0,0,0,4,2,4,3,0,0,0,0,0,0,0,0,0,0,0,0,0,0,0,0,0,0,0,0,0,0,0,0,0,0,06037123420
123510,2024,1,2,3,2,27,43,29,1,0,0,0,0,0,1,2,1,0,0,0,0,0,0,0,0,0,0,0,0,0,0,0,0,0,0,0,0,0,0,0,0,0,0,0,06037123510
123520,2024,1,2,3,2,27,43,29,0,0,0,0,0,0,0,0,0,0,0,0,0,0,0,0,0,0,0,0,0,0,0,0,0,0,0,0,0,0,0,0,0,0,0,0,06037123520
123601,2024,1,2,3,4,27,44,32,0,0,0,0,0,0,0,0,0,0,0,0,0,0,0,0,0,0,0,0,0,0,0,0,0,0,0,0,0,0,0,0,0,0,0,0,06037123601
123602,2024,1,2,3,2,27,43,29,1,0,0,0,0,0,0,1,0,0,0,0,0,0,0,0,0,0,0,0,0,0,0,0,0,0,0,0,0,0,0,0,0,0,0,0,06037123602
123700,2024,1,2,3,2,27,43,29,4,0,0,0,0,0,4,0,0,1,0,0,0,0,0,0,0,0,0,0,0,0,0,0,0,0,0,0,0,0,0,0,0,0,0,0,06037123700
123800,2024,1,2,3,2,27,43,29,27,0,0,0,0,0,0,5,10,4,3,107,0,0,2,0,0,2,0,0,0,0,2,4,0,0,0,0,0,0,0,0,111,4,0,115,06037123800
123901,2024,1,2,3,2,27,44,29,24,0,0,0,0,0,5,2,3,27,7,0,0,0,0,0,0,0,0,0,0,0,0,0,0,0,0,0,0,0,0,0,0,0,0,0,06037123901
123902,2024,1,2,5,2,27,43,29,1,0,0,0,0,0,5,1,5,3,0,0,0,0,0,0,0,0,0,0,0,0,0,0,0,0,0,0,0,0,0,0,0,0,0,0,06037123902
124000,2024,1,2,5,2,27,44,29,1,0,0,0,0,0,2,4,2,0,1,0,0,0,0,0,0,0,0,0,0,0,0,0,0,0,0,0,0,0,0,0,0,0,0,0,06037124000
124102,2024,1,2,5,2,27,44,29,9,0,0,0,0,0,1,2,2,1,3,0,0,0,0,0,0,0,0,0,0,0,0,0,0,0,0,0,0,0,0,0,0,0,0,0,06037124102
124103,2024,1,2,3,2,20,43,29,1,0,0,0,0,0,2,0,1,1,0,0,0,0,0,0,0,0,0,0,0,0,0,0,0,0,0,0,0,0,0,0,0,0,0,0,06037124103
124104,2024,1,2,5,2,27,44,29,0,0,0,0,0,0,0,0,0,0,3,0,0,0,0,0,0,0,0,0,0,0,0,0,0,0,0,0,0,0,0,0,0,0,0,0,06037124104
124105,2024,1,2,5,2,27,44,29,12,0,0,0,0,0,1,1,0,1,7,0,0,0,0,0,0,0,0,0,0,0,0,0,0,0,0,0,0,0,0,0,0,0,0,0,06037124105
124201,2024,1,2,5,2,20,43,29,2,0,0,0,0,0,5,1,5,0,0,0,0,0,0,0,0,0,0,0,0,0,0,0,0,0,0,0,0,0,0,0,0,0,0,0,06037124201
124203,2024,1,2,5,2,27,44,29,1,0,0,0,0,0,0,1,0,0,0,0,0,0,0,0,0,0,0,0,0,0,0,0,0,0,0,0,0,0,0,0,0,0,0,0,06037124203
124204,2024,1,2,5,2,27,44,29,3,0,0,0,0,0,2,0,7,1,0,0,0,0,0,0,0,0,0,0,0,0,0,0,0,0,0,0,0,0,0,0,0,0,0,0,06037124204
124300,2024,1,2,5,2,27,44,29,17,0,0,0,0,0,2,5,17,14,6,0,0,0,0,0,0,0,0,0,0,0,0,0,0,0,0,0,0,0,0,0,0,0,0,0,06037124300
124400,2024,1,2,3,2,27,43,29,1,0,0,0,0,0,1,0,0,0,0,0,0,0,0,0,0,0,0,0,0,0,0,0,0,0,0,0,0,0,0,0,0,0,0,0,06037124400
124500,2024,1,2,3,2,27,43,29,0,0,0,0,0,0,0,0,0,0,0,0,0,0,0,0,0,0,0,0,0,0,0,0,0,0,0,0,0,0,0,0,0,0,0,0,06037124500
124600,2024,1,2,3,4,27,44,32,4,0,0,0,0,0,2,0,0,0,0,0,0,0,0,0,0,0,0,0,0,0,0,0,0,0,0,0,0,0,0,0,0,0,0,0,06037124600
124700,2024,1,2,3,4,27,44,32,4,0,0,0,0,0,0,0,0,1,0,0,0,0,0,0,0,0,0,0,0,0,0,0,0,0,0,0,0,0,0,0,0,0,0,0,06037124700
124902,2024,1,2,5,2,27,44,29,0,0,0,0,0,0,4,5,5,2,0,0,0,0,0,0,0,0,0,0,0,0,0,0,0,0,0,0,0,0,0,0,0,0,0,0,06037124902
124903,2024,1,2,5,2,27,44,29,0,1,4,0,0,0,6,4,1,1,0,0,0,0,0,0,0,0,0,0,0,0,0,0,0,0,0,0,0,0,0,0,0,0,0,0,06037124903
125101,2024,1,2,5,2,27,44,29,0,0,0,0,0,0,4,2,2,0,0,0,0,0,0,0,0,0,0,0,0,0,0,0,0,0,0,0,0,0,0,0,0,0,0,0,06037125101
125102,2024,1,2,5,2,27,44,29,0,0,0,0,0,0,0,0,0,0,0,0,0,0,0,0,0,0,0,0,0,0,0,0,0,0,0,0,0,0,0,0,0,0,0,0,06037125102
125200,2024,1,2,5,2,27,44,29,30,0,0,0,0,0,13,4,10,19,10,48,0,0,2,0,0,0,0,0,0,0,0,0,0,0,0,0,0,0,0,0,50,0,0,50,06037125200
125310,2024,1,2,5,2,27,44,29,23,0,0,0,0,0,0,1,10,3,0,0,0,0,0,0,0,0,0,0,0,0,0,0,0,0,0,0,0,0,0,0,0,0,0,0,06037125310
125321,2024,1,2,5,2,27,44,29,4,0,0,0,0,0,0,0,2,0,2,0,0,0,0,0,0,0,0,0,0,0,0,0,0,0,0,0,0,0,0,0,0,0,0,0,06037125321
125322,2024,1,2,5,2,27,44,29,15,0,0,0,0,0,1,0,2,1,6,0,0,0,0,0,0,0,0,0,0,0,0,0,0,0,0,0,0,0,0,0,0,0,0,0,06037125322
125402,2024,1,2,5,2,27,44,29,5,0,0,0,0,0,0,0,2,4,1,0,0,0,0,0,0,0,0,0,0,0,0,0,0,0,0,0,0,0,0,0,0,0,0,0,06037125402
125403,2024,1,2,5,2,27,44,29,6,0,0,0,0,0,0,0,0,0,0,0,0,0,0,0,0,0,0,0,0,0,0,0,0,0,0,0,0,0,0,0,0,0,0,0,06037125403
125404,2024,1,2,5,2,27,44,29,25,0,0,0,0,0,7,1,1,0,1,0,0,0,0,0,0,0,0,0,0,0,0,0,0,0,0,0,0,0,0,0,0,0,0,0,06037125404
125501,2024,1,2,5,2,27,44,29,3,0,0,0,0,0,0,1,2,0,0,0,0,0,0,0,0,0,0,0,0,0,0,0,0,0,0,0,0,0,0,0,0,0,0,0,06037125501
125502,2024,1,2,5,2,27,44,29,0,0,0,0,0,0,0,0,0,0,0,0,0,0,0,0,0,0,0,0,0,0,0,0,0,0,0,0,0,0,0,0,0,0,0,0,06037125502
125600,2024,1,2,5,2,27,44,29,3,0,0,0,0,0,0,0,0,0,0,0,0,0,0,0,0,0,0,0,0,0,0,0,0,0,0,0,0,0,0,0,0,0,0,0,06037125600
127102,2024,1,2,3,2,20,46,29,4,0,0,0,0,0,2,2,1,0,0,76,0,0,3,0,0,0,0,0,0,0,0,0,0,0,0,0,0,0,0,0,79,0,0,79,06037127102
127103,2024,1,2,3,2,20,46,29,0,0,0,0,0,0,0,1,0,0,4,4,1,3,0,0,0,0,0,0,0,0,0,0,0,0,0,0,0,0,0,0,7,0,0,7,06037127103
127104,2024,1,2,3,2,20,46,29,0,0,0,0,0,0,0,0,1,0,0,0,0,0,0,0,0,0,0,0,0,0,0,0,0,0,0,0,0,0,0,0,0,0,0,0,06037127104
127210,2024,1,2,3,6,20,46,29,2,0,0,0,0,0,0,0,0,0,1,0,0,0,0,0,0,0,0,0,0,0,0,0,0,0,0,0,0,0,0,0,0,0,0,0,06037127210
127220,2024,1,2,3,6,20,46,29,0,0,0,5,0,0,0,0,0,0,0,0,0,0,0,0,0,0,0,0,0,0,0,0,0,0,0,0,0,0,0,0,0,0,0,0,06037127220
127300,2024,1,2,3,6,20,46,29,10,0,0,0,0,0,0,0,0,2,6,0,0,0,0,0,0,0,0,0,0,0,0,0,0,0,0,0,0,0,0,0,0,0,0,0,06037127300
127400,2024,1,2,3,6,20,46,29,19,0,0,0,0,0,11,13,5,2,13,0,0,0,0,0,0,0,0,0,0,0,0,0,0,0,0,0,0,0,0,0,0,0,0,0,06037127400
127520,2024,1,2,3,6,20,43,29,21,0,0,0,0,0,1,0,1,5,15,0,0,0,0,0,0,0,0,0,0,0,0,0,0,0,0,0,0,0,0,0,0,0,0,0,06037127520
127603,2024,1,2,3,6,20,46,29,5,0,0,0,0,0,1,3,2,2,2,0,0,0,0,0,0,0,0,0,0,0,0,0,0,0,0,0,0,0,0,0,0,0,0,0,06037127603
127604,2024,1,2,3,6,20,46,29,5,0,0,0,0,0,1,0,1,2,3,0,0,0,0,0,0,0,0,0,0,0,0,0,0,0,0,0,0,0,0,0,0,0,0,0,06037127604
127605,2024,1,2,3,6,20,46,29,0,0,0,0,0,0,0,1,1,1,0,0,0,0,0,0,0,0,0,0,0,0,0,0,0,0,0,0,0,0,0,0,0,0,0,0,06037127605
127606,2024,1,2,3,6,20,46,29,7,0,0,0,0,0,1,0,4,10,3,0,0,0,0,0,0,0,0,0,0,0,0,0,0,0,0,0,0,0,0,0,0,0,0,0,06037127606
127711,2024,1,2,3,6,20,46,29,10,0,0,0,0,0,0,1,1,4,7,0,0,0,0,0,0,0,0,0,0,0,0,0,0,0,0,0,0,0,0,0,0,0,0,0,06037127711
127712,2024,1,2,3,6,20,46,29,8,0,0,0,0,0,1,0,2,15,3,138,0,0,1,0,0,0,0,0,0,0,0,0,0,0,0,0,0,0,0,0,139,0,0,139,06037127712
127803,2024,1,2,3,6,20,46,29,3,0,0,0,0,0,0,0,1,0,0,0,0,0,0,0,0,0,0,0,0,0,0,0,0,0,0,0,0,0,0,0,0,0,0,0,06037127803
127804,2024,1,2,3,6,20,46,29,5,0,0,0,0,0,0,0,0,0,0,0,0,0,0,0,0,0,0,0,0,0,0,0,0,0,0,0,0,0,0,0,0,0,0,0,06037127804
127805,2024,1,2,3,6,20,46,29,1,0,0,0,0,0,0,0,0,0,0,0,0,0,0,0,0,0,0,0,0,0,0,0,0,0,0,0,0,0,0,0,0,0,0,0,06037127805
127806,2024,1,2,3,6,20,46,29,7,0,0,0,0,0,0,0,0,0,2,0,0,0,0,0,0,0,0,0,0,0,0,0,0,0,0,0,0,0,0,0,0,0,0,0,06037127806
127910,2024,1,2,3,6,20,46,29,6,0,0,0,0,0,1,0,0,2,0,0,8,29,0,0,0,0,0,0,0,0,0,0,0,0,0,0,0,0,0,0,29,0,0,29,06037127910
127920,2024,1,2,3,2,20,46,29,0,0,0,0,0,0,2,0,0,0,1,0,0,0,0,0,0,0,0,0,0,0,0,0,0,0,0,0,0,0,0,0,0,0,0,0,06037127920
128101,2024,1,2,3,2,27,43,29,0,0,0,0,0,0,0,0,0,0,0,0,0,0,0,0,0,0,0,0,0,0,0,0,0,0,0,0,0,0,0,0,0,0,0,0,06037128101
128102,2024,1,2,3,2,20,46,29,3,0,0,0,0,0,0,0,0,0,0,0,0,0,0,0,0,0,0,0,0,0,0,0,0,0,0,0,0,0,0,0,0,0,0,0,06037128102
128210,2024,1,2,3,6,20,46,29,8,0,0,0,0,0,0,0,2,4,3,49,0,0,0,0,0,0,0,0,0,0,0,0,0,0,0,0,0,0,0,0,49,0,0,49,06037128210
128220,2024,1,2,3,2,27,43,29,0,0,0,0,0,0,0,0,0,1,0,0,0,0,0,0,0,0,0,0,0,0,0,0,0,0,0,0,0,0,0,0,0,0,0,0,06037128220
128302,2024,1,2,3,6,20,46,29,0,0,0,0,0,0,0,0,0,2,0,0,0,0,0,0,0,0,0,0,0,0,0,0,0,0,0,0,0,0,0,0,0,0,0,0,06037128302
128303,2024,1,2,3,6,20,46,29,2,0,0,0,0,0,1,0,0,11,0,0,0,0,0,0,0,0,0,0,0,0,0,0,0,0,0,0,0,0,0,0,0,0,0,0,06037128303
128400,2024,1,2,3,4,27,44,32,13,0,0,0,0,0,0,0,1,12,10,0,0,0,0,0,0,0,0,0,0,0,0,0,0,0,0,0,0,0,0,0,0,0,0,0,06037128400
128500,2024,1,2,3,4,27,44,32,0,0,0,0,0,0,1,2,0,3,0,0,0,0,0,0,0,0,0,0,0,0,0,0,0,0,0,0,0,0,0,0,0,0,0,0,06037128500
128601,2024,1,2,3,2,27,43,29,1,0,0,0,0,0,0,0,0,1,0,0,0,0,0,0,0,0,0,0,0,0,0,0,0,0,0,0,0,0,0,0,0,0,0,0,06037128601
128602,2024,1,2,3,2,27,43,29,0,0,0,0,0,0,0,2,4,4,0,0,0,0,0,0,0,0,0,0,0,0,0,0,0,0,0,0,0,0,0,0,0,0,0,0,06037128602
128703,2024,1,2,3,4,27,44,32,2,0,0,0,0,0,0,1,1,3,3,0,0,0,0,0,0,0,0,0,0,0,0,0,0,0,0,0,0,0,0,0,0,0,0,0,06037128703
128704,2024,1,2,3,4,27,44,32,0,0,0,0,0,0,0,0,0,1,0,0,0,0,0,0,0,0,0,0,0,0,0,0,0,0,0,0,0,0,0,0,0,0,0,0,06037128704
128801,2024,1,2,3,4,27,44,32,1,0,0,0,0,0,0,0,5,1,0,0,0,0,0,0,0,0,0,0,0,0,0,0,0,0,0,0,0,0,0,0,0,0,0,0,06037128801
128802,2024,1,2,3,4,27,44,32,0,0,0,0,0,0,0,0,0,0,0,0,0,0,0,0,0,0,0,0,0,0,0,0,0,0,0,0,0,0,0,0,0,0,0,0,06037128802
128910,2024,1,2,3,4,27,44,32,2,0,0,0,0,0,0,0,1,0,0,0,0,0,0,0,0,0,0,0,0,0,0,0,0,0,0,0,0,0,0,0,0,0,0,0,06037128910
131021,2024,1,2,3,4,20,46,32,0,0,0,0,0,0,0,1,3,0,0,0,0,0,0,0,0,0,0,0,0,0,0,0,0,0,0,0,0,0,0,0,0,0,0,0,06037131021
131022,2024,1,2,3,3,20,46,32,1,0,0,0,0,0,0,0,2,0,0,0,0,0,0,0,0,0,0,0,0,0,0,0,0,0,0,0,0,0,0,0,0,0,0,0,06037131022
131023,2024,1,2,3,3,20,46,32,3,0,0,0,0,0,1,0,8,0,2,0,0,0,0,0,0,0,0,0,0,0,0,0,0,0,0,0,0,0,0,0,0,0,0,0,06037131023
131024,2024,1,2,3,3,20,46,32,1,0,0,0,0,0,0,0,10,1,0,0,0,0,0,0,0,0,0,0,0,0,0,0,0,0,0,0,0,0,0,0,0,0,0,0,06037131024
131100,2024,1,2,3,6,20,46,29,8,0,0,0,0,0,0,0,5,2,0,0,0,0,0,0,0,0,0,0,0,0,0,0,0,0,0,0,0,0,0,0,0,0,0,0,06037131100
131200,2024,1,2,3,12,20,40,29,1,0,0,0,0,0,1,0,0,0,0,0,0,0,0,0,0,0,0,0,0,0,0,0,0,0,0,0,0,0,0,0,0,0,0,0,06037131200
131300,2024,1,2,3,4,20,46,29,1,0,0,0,0,0,0,1,3,0,0,0,0,0,0,0,0,0,0,0,0,0,0,0,0,0,0,0,0,0,0,0,0,0,0,0,06037131300
131400,2024,1,2,3,4,20,46,29,0,0,0,0,0,0,0,0,0,0,0,0,0,0,0,0,0,0,0,0,0,0,0,0,0,0,0,0,0,0,0,0,0,0,0,0,06037131400
131600,2024,1,2,3,3,20,46,32,2,0,0,0,0,0,7,6,4,1,0,0,0,0,0,0,0,0,0,0,0,0,0,0,0,0,0,0,0,0,0,0,0,0,0,0,06037131600
131701,2024,1,2,3,3,20,46,32,0,0,0,0,0,0,0,4,1,0,0,0,0,0,0,0,0,0,0,0,0,0,0,0,0,0,0,0,0,0,0,0,0,0,0,0,06037131701
131702,2024,1,2,3,3,20,46,32,0,0,0,0,0,0,0,0,5,0,0,0,0,0,0,0,0,0,0,0,0,0,0,0,0,0,0,0,0,0,0,0,0,0,0,0,06037131702
131801,2024,1,2,3,3,20,46,29,3,0,0,0,0,0,0,0,1,0,0,74,0,0,1,0,0,0,0,0,0,0,0,0,0,0,0,0,0,0,0,0,75,0,0,75,06037131801
131802,2024,1,2,3,4,20,46,29,0,0,0,0,0,0,0,1,4,0,0,0,0,0,0,0,0,0,0,0,0,0,0,0,0,0,0,0,0,0,0,0,0,0,0,0,06037131802
131900,2024,1,2,3,6,20,46,29,2,0,0,0,0,0,1,1,16,0,0,0,0,0,0,0,0,0,0,0,0,0,0,0,0,0,0,0,0,0,0,0,0,0,0,0,06037131900
132001,2024,1,2,3,6,20,46,29,1,0,0,0,0,0,0,0,3,0,0,0,0,0,0,0,0,0,0,0,0,0,0,0,0,0,0,0,0,0,0,0,0,0,0,0,06037132001
132002,2024,1,2,3,6,20,46,29,0,0,0,0,0,0,0,0,1,0,0,0,0,0,0,0,0,0,0,0,0,0,0,0,0,0,0,0,0,0,0,0,0,0,0,0,06037132002
132101,2024,1,2,3,6,20,46,29,0,0,0,0,0,0,0,0,0,0,0,0,0,0,0,0,0,0,0,0,0,0,0,0,0,0,0,0,0,0,0,0,0,0,0,0,06037132101
132102,2024,1,2,3,6,20,46,29,7,0,0,0,0,0,1,3,5,0,0,7,0,0,0,0,0,0,0,0,0,0,0,0,0,0,0,0,0,0,0,0,7,0,0,7,06037132102
132301,2024,1,2,3,3,20,46,29,29,0,0,0,0,0,0,1,6,0,0,0,0,0,0,0,0,0,0,0,0,0,0,0,0,0,0,0,0,0,0,0,0,0,0,0,06037132301
132302,2024,1,2,3,4,20,46,29,0,0,0,0,0,0,1,0,0,0,1,0,0,0,0,0,0,0,0,0,0,0,0,0,0,0,0,0,0,0,0,0,0,0,0,0,06037132302
132501,2024,1,2,3,3,20,46,32,1,0,0,0,0,0,0,0,0,0,0,0,0,0,0,0,0,0,0,0,0,0,0,0,0,0,0,0,0,0,0,0,0,0,0,0,06037132501
132502,2024,1,2,3,3,20,46,32,9,0,0,11,0,0,5,1,2,2,0,27,0,0,1,0,0,0,0,0,0,0,0,0,0,0,0,0,0,0,0,0,28,0,0,28,06037132502
132700,2024,1,2,3,3,20,46,29,6,0,0,0,0,0,2,0,1,4,2,0,0,0,0,0,0,0,0,0,0,0,0,0,0,0,0,0,0,0,0,0,0,0,0,0,06037132700
132900,2024,1,2,3,3,27,46,32,0,0,0,0,0,0,2,7,0,1,1,0,0,0,0,0,0,0,0,0,0,0,0,0,0,0,0,0,0,0,0,0,0,0,0,0,06037132900
133000,2024,1,2,3,3,20,46,32,1,0,0,0,0,0,1,3,3,1,0,0,0,0,0,0,0,0,0,0,0,0,0,0,0,0,0,0,0,0,0,0,0,0,0,0,06037133000
133101,2024,1,2,3,3,27,46,32,2,0,0,0,0,0,4,0,1,1,0,0,0,0,0,0,0,0,0,0,0,0,0,0,0,0,0,0,0,0,0,0,0,0,0,0,06037133101
133102,2024,1,2,3,3,27,46,32,4,0,0,0,0,0,3,0,3,0,0,81,0,0,0,0,0,0,0,0,0,0,0,0,0,0,0,0,0,0,0,0,81,0,0,81,06037133102
134001,2024,1,2,3,3,20,46,32,6,0,0,0,0,0,0,0,0,1,0,0,0,0,0,0,0,0,0,0,0,0,0,0,0,0,0,0,0,0,0,0,0,0,0,0,06037134001
134002,2024,1,2,3,3,20,46,32,0,0,0,0,0,0,0,0,2,0,0,0,0,0,0,0,0,0,0,0,0,0,0,0,0,0,0,0,0,0,0,0,0,0,0,0,06037134002
134101,2024,1,2,3,3,20,46,32,1,0,0,0,0,0,0,2,0,0,0,0,0,0,0,0,0,0,0,0,0,0,0,0,0,0,0,0,0,0,0,0,0,0,0,0,06037134101
134103,2024,1,2,3,3,20,46,32,0,0,0,0,0,0,1,0,4,0,0,0,0,0,0,0,0,0,0,0,0,0,0,0,0,0,0,0,0,0,0,0,0,0,0,0,06037134103
134104,2024,1,2,3,3,20,46,32,2,0,0,0,0,0,0,3,1,0,0,0,0,0,0,0,0,0,0,0,0,0,0,0,0,0,0,0,0,0,0,0,0,0,0,0,06037134104
134201,2024,1,2,3,3,20,46,32,0,0,0,0,0,0,3,4,4,5,6,0,0,0,0,0,0,0,0,0,0,0,0,0,0,0,0,0,0,0,0,0,0,0,0,0,06037134201
134302,2024,1,2,3,12,27,46,32,0,0,0,0,0,0,0,0,1,0,0,0,0,0,0,0,0,0,0,0,0,0,0,0,0,0,0,0,0,0,0,0,0,0,0,0,06037134302
134303,2024,1,2,3,3,20,46,32,4,0,0,0,0,0,0,0,0,2,0,0,0,0,0,0,0,0,0,0,0,0,0,0,0,0,0,0,0,0,0,0,0,0,0,0,06037134303
134304,2024,1,2,3,3,20,46,32,0,0,0,0,0,0,0,3,0,0,0,0,0,0,0,0,0,0,0,0,0,0,0,0,0,0,0,0,0,0,0,0,0,0,0,0,06037134304
134305,2024,1,2,3,3,20,46,32,1,0,0,0,0,0,3,8,0,0,0,0,0,0,0,0,0,0,0,0,0,0,0,0,0,0,0,0,0,0,0,0,0,0,0,0,06037134305
134306,2024,1,2,3,3,20,46,32,12,0,0,0,0,0,3,1,4,6,0,72,0,0,3,0,0,0,0,0,0,0,0,0,0,0,0,0,0,0,0,0,75,0,0,75,06037134306
134421,2024,1,2,3,12,27,46,32,0,0,0,0,0,0,0,0,0,0,0,0,0,0,0,0,0,0,0,0,0,0,0,0,0,0,0,0,0,0,0,0,0,0,0,0,06037134421
134422,2024,1,2,3,12,27,46,32,1,0,0,0,0,0,1,1,3,0,0,0,0,0,0,0,0,0,0,0,0,0,0,0,0,0,0,0,0,0,0,0,0,0,0,0,06037134422
134423,2024,1,2,3,12,27,46,32,0,0,0,0,0,0,0,0,1,0,0,0,0,0,0,0,0,0,0,0,0,0,0,0,0,0,0,0,0,0,0,0,0,0,0,0,06037134423
134424,2024,2,2,3,0,27,46,32,0,0,0,0,0,0,0,0,0,0,0,0,0,0,0,0,0,0,0,0,0,0,0,0,0,0,0,0,0,0,0,0,0,0,0,0,06037134424
134520,2024,1,2,3,3,20,46,32,15,0,0,3,0,0,15,2,10,19,0,0,0,0,0,0,0,0,0,0,0,0,0,0,0,0,0,0,0,0,0,0,0,0,0,0,06037134520
134521,2024,1,2,3,3,20,46,32,17,0,0,0,0,0,5,9,2,8,0,0,0,0,0,0,0,0,0,0,0,0,0,0,0,0,0,0,0,0,0,0,0,0,0,0,06037134521
134522,2024,1,2,3,3,20,46,32,1,0,0,0,0,0,0,0,1,0,0,0,0,0,0,0,0,0,0,0,0,0,0,0,0,0,0,0,0,0,0,0,0,0,0,0,06037134522
134710,2024,1,2,3,3,20,46,32,0,0,0,0,0,0,0,0,1,0,0,0,0,0,0,0,0,0,0,0,0,0,0,0,0,0,0,0,0,0,0,0,0,0,0,0,06037134710
134720,2024,1,2,3,3,20,46,32,6,0,0,0,0,0,0,0,1,1,1,0,0,0,0,0,0,0,0,0,0,0,0,0,0,0,0,0,0,0,0,0,0,0,0,0,06037134720
134801,2024,1,2,3,3,20,46,32,1,0,0,0,0,0,0,2,2,5,0,0,0,0,0,0,0,0,0,0,0,0,0,0,0,0,0,0,0,0,0,0,0,0,0,0,06037134801
134802,2024,1,2,3,3,20,46,32,0,0,0,0,0,0,0,0,0,2,0,0,0,0,0,0,0,0,0,0,0,0,0,0,0,0,0,0,0,0,0,0,0,0,0,0,06037134802
134901,2024,1,2,3,3,27,46,32,0,0,0,0,0,0,0,0,0,2,0,0,0,0,0,0,0,0,0,0,0,0,0,0,0,0,0,0,0,0,0,0,0,0,0,0,06037134901
134904,2024,1,2,3,3,20,46,32,0,0,0,0,0,0,0,0,4,0,0,0,0,0,0,0,0,0,0,0,0,0,0,0,0,0,0,0,0,0,0,0,0,0,0,0,06037134904
134905,2024,1,2,3,3,27,46,32,0,0,0,0,0,0,0,0,0,0,1,0,0,0,0,0,0,0,0,0,0,0,0,0,0,0,0,0,0,0,0,0,0,0,0,0,06037134905
134906,2024,1,2,3,3,27,46,32,3,0,0,0,0,0,0,0,0,0,0,0,0,0,0,0,0,0,0,0,0,0,0,0,0,0,0,0,0,0,0,0,0,0,0,0,06037134906
134907,2024,1,2,3,3,27,46,32,5,0,0,0,0,0,2,0,1,2,2,0,0,0,0,0,0,0,0,0,0,0,0,0,0,0,0,0,0,0,0,0,0,0,0,0,06037134907
135102,2024,1,2,3,3,27,46,32,1,0,0,0,0,0,0,1,3,0,0,0,0,0,0,0,0,0,0,0,0,0,0,0,0,0,0,0,0,0,0,0,0,0,0,0,06037135102
135111,2024,1,2,3,3,27,46,32,1,0,0,0,0,0,3,0,2,2,0,0,0,0,0,0,0,0,0,0,0,0,0,0,0,0,0,0,0,0,0,0,0,0,0,0,06037135111
135113,2024,1,2,3,3,27,46,32,0,0,0,0,0,0,0,0,2,0,0,0,0,0,0,0,0,0,0,0,0,0,0,0,0,0,0,0,0,0,0,0,0,0,0,0,06037135113
135115,2024,1,2,3,3,27,46,32,2,0,0,0,0,0,0,0,1,0,0,0,0,0,0,0,0,0,0,0,0,0,0,0,0,0,0,0,0,0,0,0,0,0,0,0,06037135115
135116,2024,1,2,3,3,27,46,32,0,0,0,0,0,0,0,0,0,10,0,0,0,0,0,0,0,0,0,0,0,0,0,0,0,0,0,0,0,0,0,0,0,0,0,0,06037135116
135201,2024,1,2,3,3,27,46,32,3,0,0,0,0,0,0,0,1,0,0,0,0,0,0,0,0,0,0,0,0,0,0,0,0,0,0,0,0,0,0,0,0,0,0,0,06037135201
135202,2024,1,2,3,3,27,46,32,0,0,0,0,0,0,0,1,0,1,0,0,0,0,0,0,0,0,0,0,0,0,0,0,0,0,0,0,0,0,0,0,0,0,0,0,06037135202
135204,2024,1,2,3,3,27,46,32,1,0,0,0,0,0,1,0,1,0,0,0,0,0,0,0,0,0,0,0,0,0,0,0,0,0,0,0,0,0,0,0,0,0,0,0,06037135204
135205,2024,2,2,3,0,27,46,32,0,0,0,0,0,0,0,0,0,0,0,0,0,0,0,0,0,0,0,0,0,0,0,0,0,0,0,0,0,0,0,0,0,0,0,0,06037135205
137000,2024,1,2,3,3,27,46,32,2,0,0,0,0,0,2,2,0,2,1,0,0,0,0,0,0,0,0,0,0,0,0,0,0,0,0,0,0,0,0,0,0,0,0,0,06037137000
137103,2024,1,2,3,3,27,46,32,0,0,0,0,0,0,1,0,0,0,1,0,0,0,0,0,0,0,0,0,0,0,0,0,0,0,0,0,0,0,0,0,0,0,0,0,06037137103
137104,2024,1,2,3,3,27,46,32,5,0,0,0,0,0,0,0,0,3,0,0,0,0,0,0,0,0,0,0,0,0,0,0,0,0,0,0,0,0,0,0,0,0,0,0,06037137104
137202,2024,1,2,3,3,27,46,32,2,0,0,0,0,0,0,0,0,1,0,0,0,0,0,0,0,0,0,0,0,0,0,0,0,0,0,0,0,0,0,0,0,0,0,0,06037137202
137203,2024,1,2,3,3,27,46,32,4,0,0,0,0,0,2,0,1,2,0,0,0,0,0,0,0,0,0,0,0,0,0,0,0,0,0,0,0,0,0,0,0,0,0,0,06037137203
137301,2024,1,2,3,3,27,46,32,0,0,0,0,0,0,0,0,2,0,0,0,0,0,0,0,0,0,0,0,0,0,0,0,0,0,0,0,0,0,0,0,0,0,0,0,06037137301
137302,2024,1,2,3,3,27,46,32,0,0,0,0,0,0,0,0,0,0,0,0,0,0,0,0,0,0,0,0,0,0,0,0,0,0,0,0,0,0,0,0,0,0,0,0,06037137302
137401,2024,1,2,3,3,27,46,32,1,0,0,0,0,0,0,0,0,2,0,0,0,0,0,0,0,0,0,0,0,0,0,0,0,0,0,0,0,0,0,0,0,0,0,0,06037137401
137402,2024,1,2,3,3,27,46,32,0,0,0,0,0,0,0,0,0,0,0,0,0,0,0,0,0,0,0,0,0,0,0,0,0,0,0,0,0,0,0,0,0,0,0,0,06037137402
137501,2024,1,2,3,3,27,46,32,2,0,0,0,0,0,0,1,1,0,0,2,65,252,0,2,4,0,0,0,0,0,0,0,0,0,0,0,0,0,0,0,258,0,0,258,06037137501
137502,2024,1,2,3,3,27,46,32,4,0,0,0,0,0,0,0,1,2,0,0,0,0,0,0,0,0,0,0,0,0,0,0,0,0,0,0,0,0,0,0,0,0,0,0,06037137502
137504,2024,1,2,3,3,27,46,32,0,0,0,0,0,0,0,0,0,0,0,0,0,0,0,0,0,0,0,0,0,0,0,0,0,0,0,0,0,0,0,0,0,0,0,0,06037137504
138000,2024,1,2,3,3,27,46,32,0,0,0,0,0,0,0,0,0,0,0,0,0,0,0,0,0,0,0,0,0,0,0,0,0,0,0,0,0,0,0,0,0,0,0,0,06037138000
139001,2024,1,2,3,4,27,46,32,3,0,0,0,0,0,0,1,1,1,1,0,0,0,0,0,0,0,0,0,0,0,0,0,0,0,0,0,0,0,0,0,0,0,0,0,06037139001
139200,2024,1,2,3,3,27,46,32,0,0,0,0,0,0,0,0,1,0,0,0,0,0,0,0,0,0,0,0,0,0,0,0,0,0,0,0,0,0,0,0,0,0,0,0,06037139200
139301,2024,1,2,3,3,27,46,32,11,0,0,0,0,0,0,0,6,1,7,0,0,0,0,0,0,0,0,0,0,0,0,0,0,0,0,0,0,0,0,0,0,0,0,0,06037139301
139302,2024,1,2,3,3,27,46,32,0,0,0,0,0,0,0,0,0,1,0,14,0,0,0,0,0,0,0,0,0,0,0,0,0,0,0,0,0,0,0,0,14,0,0,14,06037139302
139303,2024,1,2,3,3,27,46,32,2,0,0,0,0,0,0,0,0,3,0,0,0,0,0,0,0,0,0,0,0,0,0,0,0,0,0,0,0,0,0,0,0,0,0,0,06037139303
139401,2024,1,2,3,3,27,46,32,18,0,0,0,0,0,0,0,0,1,7,0,0,0,0,0,0,0,0,0,0,0,0,0,0,0,0,0,0,0,0,0,0,0,0,0,06037139401
139402,2024,1,2,3,3,27,46,32,2,0,0,0,0,0,0,0,2,0,0,0,0,0,0,0,0,0,0,0,0,0,0,0,0,0,0,0,0,0,0,0,0,0,0,0,06037139402
139502,2024,1,2,3,3,27,46,32,8,0,0,0,0,0,0,0,0,2,1,0,0,0,0,0,0,0,0,0,0,0,0,0,0,0,0,0,0,0,0,0,0,0,0,0,06037139502
139504,2024,1,2,3,4,27,46,32,1,0,0,0,0,0,0,0,0,0,0,0,0,0,0,0,0,0,0,0,0,0,0,0,0,0,0,0,0,0,0,0,0,0,0,0,06037139504
139505,2024,1,2,3,4,27,46,32,0,0,0,0,0,0,0,0,0,0,0,0,0,0,0,0,0,0,0,0,0,0,0,0,0,0,0,0,0,0,0,0,0,0,0,0,06037139505
139506,2024,1,2,3,4,27,46,32,0,0,0,0,0,0,0,0,0,0,0,0,0,0,0,0,0,0,0,0,0,0,0,0,0,0,0,0,0,0,0,0,0,0,0,0,06037139506
139600,2024,1,2,3,4,27,46,32,1,0,0,0,0,0,0,0,1,0,0,0,0,0,0,0,0,0,0,0,0,0,0,0,0,0,0,0,0,0,0,0,0,0,0,0,06037139600
139701,2024,1,2,3,4,27,46,32,2,0,0,0,0,0,4,0,2,0,1,0,0,0,0,0,0,0,0,0,0,0,0,0,0,0,0,0,0,0,0,0,0,0,0,0,06037139701
139703,2024,1,2,3,3,27,46,32,0,0,0,0,0,0,0,0,0,0,0,0,0,0,0,0,0,0,0,0,0,0,0,0,0,0,0,0,0,0,0,0,0,0,0,0,06037139703
139704,2024,1,2,3,4,27,46,32,1,0,0,0,0,0,0,0,0,1,0,0,0,0,0,0,0,0,0,0,0,0,0,0,0,0,0,0,0,0,0,0,0,0,0,0,06037139704
139705,2024,1,2,3,4,27,46,32,0,0,0,0,0,0,0,0,0,0,0,0,0,0,0,0,0,0,0,0,0,0,0,0,0,0,0,0,0,0,0,0,0,0,0,0,06037139705
139801,2024,1,2,3,3,27,46,32,0,0,0,0,0,0,0,0,0,0,0,0,0,0,0,0,0,0,0,0,0,0,0,0,0,0,0,0,0,0,0,0,0,0,0,0,06037139801
139802,2024,1,2,3,3,27,46,32,0,0,0,0,0,0,1,0,0,0,0,0,0,0,0,0,0,0,0,0,0,0,0,0,0,0,0,0,0,0,0,0,0,0,0,0,06037139802
141101,2024,1,2,3,4,27,44,32,2,0,0,0,0,0,1,1,0,0,0,0,0,0,0,0,0,0,0,0,0,0,0,0,0,0,0,0,0,0,0,0,0,0,0,0,06037141101
141102,2024,1,2,3,4,27,44,32,0,0,0,0,0,0,0,0,0,0,0,0,0,0,0,0,0,0,0,0,0,0,0,0,0,0,0,0,0,0,0,0,0,0,0,0,06037141102
141201,2024,1,2,3,4,27,44,32,1,0,0,0,0,0,2,0,5,1,0,0,0,0,0,0,0,0,0,0,0,0,0,0,0,0,0,0,0,0,0,0,0,0,0,0,06037141201
141202,2024,1,2,3,4,27,44,32,0,0,0,0,0,0,0,0,0,0,0,0,0,0,0,0,0,0,0,0,0,0,0,0,0,0,0,0,0,0,0,0,0,0,0,0,06037141202
141303,2024,1,2,3,4,27,44,32,0,0,0,0,0,0,0,0,0,0,0,0,0,0,0,0,0,0,0,0,0,0,0,0,0,0,0,0,0,0,0,0,0,0,0,0,06037141303
141304,2024,1,2,3,4,27,44,32,5,0,0,0,0,0,0,0,0,2,0,0,0,0,0,0,0,0,0,0,0,0,0,0,0,0,0,0,0,0,0,0,0,0,0,0,06037141304
141305,2024,1,2,3,4,27,44,32,0,0,0,0,0,0,0,0,0,1,0,0,0,0,0,0,0,0,0,0,0,0,0,0,0,0,0,0,0,0,0,0,0,0,0,0,06037141305
141306,2024,1,2,3,4,27,44,32,4,0,0,0,0,0,0,0,0,1,0,0,0,0,0,0,0,0,0,0,0,0,0,0,0,0,0,0,0,0,0,0,0,0,0,0,06037141306
141400,2024,1,2,3,4,27,46,32,6,0,0,0,0,0,0,0,0,1,1,0,0,0,0,0,0,0,0,0,0,0,0,0,0,0,0,0,0,0,0,0,0,0,0,0,06037141400
141500,2024,1,2,3,4,27,46,32,0,0,0,0,0,0,0,1,0,0,0,0,0,0,0,0,0,0,0,0,0,0,0,0,0,0,0,0,0,0,0,0,0,0,0,0,06037141500
141600,2024,1,2,3,4,27,44,32,0,0,0,0,0,0,0,0,0,0,0,0,0,0,0,0,0,0,0,0,0,0,0,0,0,0,0,0,0,0,0,0,0,0,0,0,06037141600
141700,2024,1,2,3,4,27,44,32,0,0,0,0,0,0,0,0,0,0,0,0,0,0,0,0,0,0,0,0,0,0,0,0,0,0,0,0,0,0,0,0,0,0,0,0,06037141700
143101,2024,1,2,5,2,27,44,29,0,0,0,0,0,0,0,0,0,0,0,0,0,0,0,0,0,0,0,0,0,0,0,0,0,0,0,0,0,0,0,0,0,0,0,0,06037143101
143102,2024,1,2,5,2,27,44,29,1,0,0,0,0,0,0,0,0,0,1,0,0,0,0,0,0,0,0,0,0,0,0,0,0,0,0,0,0,0,0,0,0,0,0,0,06037143102
143200,2024,1,2,5,2,27,44,29,5,0,0,0,0,0,0,0,2,5,8,0,0,0,0,0,0,0,0,0,0,0,0,0,0,0,0,0,0,0,0,0,0,0,0,0,06037143200
143301,2024,1,2,5,2,27,44,29,1,0,0,0,0,0,1,0,2,1,0,0,0,0,0,0,0,0,0,0,0,0,0,0,0,0,0,0,0,0,0,0,0,0,0,0,06037143301
143302,2024,1,2,5,2,27,44,32,0,0,0,0,0,0,0,0,0,1,0,0,0,0,0,0,0,0,0,0,0,0,0,0,0,0,0,0,0,0,0,0,0,0,0,0,06037143302
143401,2024,1,2,3,4,27,44,32,1,0,0,0,0,0,0,0,0,0,0,0,0,0,0,0,0,0,0,0,0,0,0,0,0,0,0,0,0,0,0,0,0,0,0,0,06037143401
143402,2024,1,2,5,2,27,44,29,0,0,0,0,0,0,0,0,0,0,0,0,0,0,0,0,0,0,0,0,0,0,0,0,0,0,0,0,0,0,0,0,0,0,0,0,06037143402
143500,2024,1,2,3,4,27,44,32,5,0,0,0,0,0,0,0,0,0,0,0,0,0,0,0,0,0,0,0,0,0,0,0,0,0,0,0,0,0,0,0,0,0,0,0,06037143500
143602,2024,1,2,5,2,27,44,32,2,0,0,0,0,0,0,0,0,1,0,0,0,0,0,0,0,0,0,0,0,0,0,0,0,0,0,0,0,0,0,0,0,0,0,0,06037143602
143603,2024,1,2,5,2,27,44,32,0,0,0,0,0,0,0,1,0,0,0,0,0,0,0,0,0,0,0,0,0,0,0,0,0,0,0,0,0,0,0,0,0,0,0,0,06037143603
143605,2024,1,2,5,2,27,44,32,7,0,0,0,0,0,1,1,1,3,0,0,0,0,0,0,0,0,0,0,0,0,0,0,0,0,0,0,0,0,0,0,0,0,0,0,06037143605
143606,2024,1,2,5,4,27,44,32,10,0,0,0,0,0,0,3,0,0,0,0,0,0,0,0,0,0,0,0,0,0,0,0,0,0,0,0,0,0,0,0,0,0,0,0,06037143606
143700,2024,1,2,5,4,24,51,30,1,0,0,0,0,0,0,0,0,0,7,0,0,0,0,0,0,0,0,0,0,0,0,0,0,0,0,0,0,0,0,0,0,0,0,0,06037143700
143801,2024,1,2,5,4,27,44,32,0,0,0,0,0,0,0,0,0,0,0,0,0,0,0,0,0,0,0,0,0,0,0,0,0,0,0,0,0,0,0,0,0,0,0,0,06037143801
143802,2024,1,2,5,4,27,44,32,1,0,0,0,0,0,0,0,0,0,0,0,0,0,0,0,0,0,0,0,0,0,0,0,0,0,0,0,0,0,0,0,0,0,0,0,06037143802
143901,2024,1,2,3,4,27,44,32,5,0,0,0,0,0,0,0,0,0,0,0,0,0,0,0,0,0,0,0,0,0,0,0,0,0,0,0,0,0,0,0,0,0,0,0,06037143901
143902,2024,1,2,3,4,27,44,32,0,0,0,0,0,0,0,0,0,0,0,0,0,0,0,0,0,0,0,0,0,0,0,0,0,0,0,0,0,0,0,0,0,0,0,0,06037143902
181000,2024,1,4,1,14,26,52,34,4,0,0,0,0,0,10,4,6,0,1,40,0,0,0,0,0,0,0,0,0,0,0,0,0,0,0,0,0,0,0,0,40,0,0,40,06037181000
181300,2024,1,4,1,14,26,52,34,1,0,0,0,0,0,0,0,2,0,0,0,0,0,0,0,0,0,0,0,0,0,0,0,0,0,0,0,0,0,0,0,0,0,0,0,06037181300
181400,2024,1,4,1,14,26,52,34,3,0,0,0,0,0,0,0,3,3,0,0,0,0,0,0,0,0,0,0,0,0,0,0,0,0,0,0,0,0,0,0,0,0,0,0,06037181400
181500,2024,1,4,1,14,26,52,34,0,0,0,0,0,0,0,5,10,0,0,0,0,0,0,0,0,0,0,0,0,0,0,0,0,0,0,0,0,0,0,0,0,0,0,0,06037181500
181600,2024,1,4,1,14,26,52,34,0,0,0,0,0,0,0,0,2,0,0,0,0,0,0,0,0,0,0,0,0,0,0,0,0,0,0,0,0,0,0,0,0,0,0,0,06037181600
183101,2024,1,4,1,14,26,52,28,1,0,0,0,0,0,2,1,1,0,0,0,0,0,0,0,0,0,0,0,0,0,0,0,0,0,0,0,0,0,0,0,0,0,0,0,06037183101
183103,2024,1,4,1,14,26,52,34,0,0,0,0,0,0,2,1,1,1,10,0,0,0,0,0,0,0,0,0,0,0,0,0,0,0,0,0,0,0,0,0,0,0,0,0,06037183103
183104,2024,1,4,1,14,26,52,34,0,0,0,0,0,0,0,0,0,1,3,0,0,0,0,0,0,0,0,0,0,0,0,0,0,0,0,0,0,0,0,0,0,0,0,0,06037183104
183220,2024,1,4,1,14,26,52,34,1,0,0,0,0,0,0,0,0,0,0,0,0,0,0,0,0,0,0,0,0,0,0,0,0,0,0,0,0,0,0,0,0,0,0,0,06037183220
183221,2024,1,4,1,14,26,52,34,0,0,0,0,0,0,0,3,1,0,0,0,0,0,0,0,0,0,0,0,0,0,0,0,0,0,0,0,0,0,0,0,0,0,0,0,06037183221
183222,2024,1,4,1,14,26,52,34,0,0,0,0,0,0,0,0,0,0,0,0,0,0,0,0,0,0,0,0,0,0,0,0,0,0,0,0,0,0,0,0,0,0,0,0,06037183222
183300,2024,1,4,1,1,26,52,34,3,0,0,0,0,0,3,0,0,0,1,0,0,0,0,0,0,0,0,0,0,0,0,0,0,0,0,0,0,0,0,0,0,0,0,0,06037183300
183401,2024,1,4,1,1,26,52,34,0,0,0,0,0,0,0,0,1,0,0,0,0,0,0,0,0,0,0,0,0,0,0,0,0,0,0,0,0,0,0,0,0,0,0,0,06037183401
183402,2024,1,4,1,1,26,52,34,0,0,0,0,0,0,1,2,8,0,1,0,0,0,0,0,0,0,0,0,0,0,0,0,0,0,0,0,0,0,0,0,0,0,0,0,06037183402
183510,2024,1,4,1,1,26,52,34,0,0,0,0,0,0,0,2,2,0,0,0,0,0,0,0,0,0,0,0,0,0,0,0,0,0,0,0,0,0,0,0,0,0,0,0,06037183510
183520,2024,1,4,1,1,26,52,34,0,0,0,0,0,0,0,0,0,0,0,18,0,0,2,0,0,0,0,0,0,0,0,0,0,0,0,0,0,0,0,0,20,0,0,20,06037183520
183610,2024,1,4,1,1,26,52,34,0,0,0,0,0,0,0,0,3,3,0,0,0,0,0,0,0,0,0,0,0,0,0,0,0,0,0,0,0,0,0,0,0,0,0,0,06037183610
183620,2024,1,4,1,1,26,52,34,3,0,0,0,0,0,3,9,3,6,2,0,0,0,0,0,0,0,0,0,0,0,0,0,0,0,0,0,0,0,0,0,0,0,0,0,06037183620
183701,2024,1,4,1,1,26,52,34,2,0,0,0,0,0,0,3,2,12,6,115,0,0,1,0,0,0,0,0,0,0,0,0,0,0,0,0,0,0,0,0,116,0,0,116,06037183701
183702,2024,1,4,1,14,26,52,34,2,0,0,0,0,0,0,0,1,3,2,0,0,0,0,0,0,0,0,0,0,0,0,0,0,0,0,0,0,0,0,0,0,0,0,0,06037183702
183810,2024,1,4,1,1,26,52,34,5,0,0,0,0,0,0,0,0,0,0,0,0,0,0,0,0,0,0,0,0,0,0,0,0,0,0,0,0,0,0,0,0,0,0,0,06037183810
183820,2024,1,4,1,1,26,52,34,0,0,0,0,0,0,0,0,1,0,6,0,0,0,0,0,0,0,0,0,0,0,0,0,0,0,0,0,0,0,0,0,0,0,0,0,06037183820
185101,2024,1,4,1,1,26,52,34,2,0,0,0,0,0,4,3,0,5,12,0,0,0,0,0,0,0,0,0,0,0,0,0,0,0,0,0,0,0,0,0,0,0,0,0,06037185101
185102,2024,1,4,1,1,26,52,34,0,0,0,0,0,0,0,0,0,0,0,0,0,0,0,0,0,0,0,0,0,0,0,0,0,0,0,0,0,0,0,0,0,0,0,0,06037185102
185202,2024,1,4,1,1,26,52,34,0,0,0,0,0,0,0,0,0,0,1,0,0,0,0,0,0,0,0,0,0,0,0,0,0,0,0,0,0,0,0,0,0,0,0,0,06037185202
185203,2024,1,4,1,1,26,52,34,0,0,0,0,0,0,2,3,6,0,0,0,0,0,0,0,0,0,0,0,0,0,0,0,0,0,0,0,0,0,0,0,0,0,0,0,06037185203
185204,2024,1,4,1,1,26,52,34,1,0,0,0,0,0,1,0,1,0,0,0,0,0,0,0,0,0,0,0,0,0,0,0,0,0,0,0,0,0,0,0,0,0,0,0,06037185204
185310,2024,1,4,1,1,26,52,34,0,0,0,0,0,0,2,3,2,0,0,0,0,0,0,0,0,0,0,0,0,0,0,0,0,0,0,0,0,0,0,0,0,0,0,0,06037185310
185320,2024,1,4,1,1,26,52,34,9,0,0,0,0,0,10,3,14,4,1,0,0,0,0,0,0,0,0,0,0,0,0,0,0,0,0,0,0,0,0,0,0,0,0,0,06037185320
186100,2024,1,4,1,1,26,52,34,0,0,0,0,0,0,0,0,5,0,0,0,0,0,0,0,0,0,0,0,0,0,0,0,0,0,0,0,0,0,0,0,0,0,0,0,06037186100
186201,2024,1,4,1,1,26,52,34,0,0,0,0,0,0,0,1,3,0,0,0,0,0,0,0,0,0,0,0,0,0,0,0,0,0,0,0,0,0,0,0,0,0,0,0,06037186201
186202,2024,1,4,1,1,26,52,34,0,0,0,0,0,0,0,0,0,0,0,0,0,0,0,0,0,0,0,0,0,0,0,0,0,0,0,0,0,0,0,0,0,0,0,0,06037186202
186203,2024,1,4,1,1,26,52,34,0,0,0,0,0,0,0,0,0,0,0,0,0,0,0,0,0,0,0,0,0,0,0,0,0,0,0,0,0,0,0,0,0,0,0,0,06037186203
186301,2024,1,4,1,13,26,52,34,2,0,0,0,0,0,3,3,1,3,0,0,0,0,0,0,0,0,0,0,0,0,0,0,0,0,0,0,0,0,0,0,0,0,0,0,06037186301
186302,2024,1,4,1,1,26,52,34,1,0,0,7,0,0,0,0,1,0,1,0,0,0,0,0,0,0,0,0,0,0,0,0,0,0,0,0,0,0,0,0,0,0,0,0,06037186302
186401,2024,1,4,1,13,26,52,30,2,0,0,0,0,0,1,6,1,4,5,0,0,0,0,0,0,0,0,0,0,0,0,0,0,0,0,0,0,0,0,0,0,0,0,0,06037186401
186403,2024,1,4,1,1,26,52,34,0,0,0,0,0,0,0,0,3,0,0,0,0,0,0,0,0,0,0,0,0,0,0,0,0,0,0,0,0,0,0,0,0,0,0,0,06037186403
186404,2024,1,4,1,1,26,52,34,0,0,0,0,0,0,0,0,4,0,0,0,0,0,0,0,0,0,0,0,0,0,0,0,0,0,0,0,0,0,0,0,0,0,0,0,06037186404
187101,2024,1,4,1,13,26,52,30,0,0,0,0,0,0,0,1,0,0,0,0,0,0,0,0,0,0,0,0,0,0,0,0,0,0,0,0,0,0,0,0,0,0,0,0,06037187101
187102,2024,1,4,1,1,26,52,34,3,0,0,0,0,0,0,0,0,2,1,0,0,0,0,0,0,0,0,0,0,0,0,0,0,0,0,0,0,0,0,0,0,0,0,0,06037187102
187200,2024,1,4,1,13,26,52,30,2,0,0,0,0,0,1,0,1,0,0,0,0,0,0,0,0,0,0,0,0,0,0,0,0,0,0,0,0,0,0,0,0,0,0,0,06037187200
187300,2024,1,4,1,13,26,52,30,1,0,0,0,0,0,4,1,1,0,0,0,0,0,0,0,0,0,0,0,0,0,0,0,0,0,0,0,0,0,0,0,0,0,0,0,06037187300
188100,2024,1,4,1,13,26,52,30,3,0,0,0,0,0,2,0,3,1,3,0,0,0,0,0,0,0,0,0,0,0,0,0,0,0,0,0,0,0,0,0,0,0,0,0,06037188100
188201,2024,1,4,5,4,26,52,30,11,0,0,0,0,0,0,1,2,6,0,0,0,0,0,0,0,0,0,0,0,0,0,0,0,0,0,0,0,0,0,0,0,0,0,0,06037188201
188202,2024,1,4,5,4,26,52,30,0,0,0,0,0,0,0,0,0,0,0,0,0,0,0,0,0,0,0,0,0,0,0,0,0,0,0,0,0,0,0,0,0,0,0,0,06037188202
188300,2024,1,4,1,13,26,52,30,3,0,0,0,0,0,0,0,1,0,0,0,0,0,0,0,0,0,0,0,0,0,0,0,0,0,0,0,0,0,0,0,0,0,0,0,06037188300
189101,2024,1,4,5,4,26,52,30,12,0,0,0,0,0,0,0,0,0,1,0,0,0,0,0,0,0,0,0,0,0,0,0,0,0,0,0,0,0,0,0,0,0,0,0,06037189101
189102,2024,1,4,5,4,26,52,30,6,0,0,0,0,0,3,2,4,0,0,0,0,0,0,0,0,0,0,0,0,0,0,0,0,0,0,0,0,0,0,0,0,0,0,0,06037189102
189201,2024,1,4,5,4,26,51,30,9,0,0,0,0,0,0,0,0,0,0,0,0,0,0,0,0,0,0,0,0,0,0,0,0,0,0,0,0,0,0,0,0,0,0,0,06037189201
189202,2024,1,4,5,4,26,51,30,0,0,0,0,0,0,0,0,3,0,0,0,0,0,0,0,0,0,0,0,0,0,0,0,0,0,0,0,0,0,0,0,0,0,0,0,06037189202
189300,2024,1,4,5,4,26,52,30,2,0,0,0,0,0,0,0,2,0,0,0,0,0,0,0,0,0,0,0,0,0,0,0,0,0,0,0,0,0,0,0,0,0,0,0,06037189300
189400,2024,1,4,5,4,24,51,30,1,0,0,0,0,0,0,0,0,0,0,0,0,0,0,0,0,0,0,0,0,0,0,0,0,0,0,0,0,0,0,0,0,0,0,0,06037189400
189501,2024,1,4,5,4,24,51,30,0,0,0,0,0,0,0,2,2,0,0,0,0,0,0,0,0,0,0,0,0,0,0,0,0,0,0,0,0,0,0,0,0,0,0,0,06037189501
189502,2024,1,4,5,4,24,51,30,0,0,0,0,0,0,0,0,0,0,0,0,0,0,0,0,0,0,0,0,0,0,0,0,0,0,0,0,0,0,0,0,0,0,0,0,06037189502
189600,2024,1,4,5,4,24,51,30,5,0,0,0,0,0,1,4,0,10,9,0,0,0,0,0,0,0,0,0,0,0,0,0,0,0,0,0,0,0,0,0,0,0,0,0,06037189600
189702,2024,1,4,5,4,24,51,30,3,0,0,0,0,0,0,0,0,1,2,108,0,0,1,0,0,0,0,0,0,0,0,0,0,0,0,0,0,0,0,0,109,0,0,109,06037189702
189703,2024,1,4,5,4,24,51,30,0,0,0,0,0,0,0,0,0,0,0,0,0,0,0,0,0,0,0,0,0,0,0,0,0,0,0,0,0,0,0,0,0,0,0,0,06037189703
189704,2024,1,4,5,4,24,51,30,11,0,0,0,0,0,0,0,0,0,0,0,0,0,0,0,0,0,0,0,0,0,0,0,0,0,0,0,0,0,0,0,0,0,0,0,06037189704
189801,2024,1,4,3,4,24,51,30,3,0,0,0,0,0,0,0,1,1,0,0,0,0,0,0,0,0,0,0,0,0,0,0,0,0,0,0,0,0,0,0,0,0,0,0,06037189801
189802,2024,1,4,3,13,24,51,30,0,0,0,0,0,0,0,0,0,2,0,0,0,0,0,0,0,0,0,0,0,0,0,0,0,0,0,0,0,0,0,0,0,0,0,0,06037189802
189903,2024,1,4,3,4,24,51,30,0,0,0,0,0,0,0,0,0,0,0,0,0,0,0,0,0,0,0,0,0,0,0,0,0,0,0,0,0,0,0,0,0,0,0,0,06037189903
189904,2024,1,4,3,4,24,51,30,6,0,0,0,0,0,1,0,0,0,0,0,0,0,0,0,0,0,0,0,0,0,0,0,0,0,0,0,0,0,0,0,0,0,0,0,06037189904
189905,2024,1,4,3,4,24,51,30,10,0,0,0,0,0,0,2,1,5,2,0,36,85,0,0,0,0,0,0,0,0,0,0,0,0,0,0,0,0,0,0,85,0,0,85,06037189905
189906,2024,1,4,3,13,24,51,30,10,0,0,0,0,0,1,0,0,1,3,0,0,0,0,0,0,0,0,0,0,0,0,0,0,0,0,0,0,0,0,0,0,0,0,0,06037189906
189907,2024,1,4,3,13,24,51,30,1,0,0,0,0,0,0,0,0,1,0,22,0,0,1,0,0,0,0,0,0,0,0,0,0,0,0,0,0,0,0,0,23,0,0,23,06037189907
190101,2024,1,4,3,13,24,51,30,9,0,0,0,0,0,0,0,0,2,6,0,0,0,0,0,0,0,0,0,0,0,0,0,0,0,0,0,0,0,0,0,0,0,0,0,06037190101
190102,2024,1,4,3,13,24,51,30,7,0,0,0,0,0,1,1,1,1,2,0,0,0,0,0,0,0,0,0,0,0,0,0,0,0,0,0,0,0,0,0,0,0,0,0,06037190102
190201,2024,1,4,3,13,24,51,30,25,0,0,0,0,0,0,0,0,11,4,0,0,0,0,0,0,0,0,0,0,0,0,0,0,0,0,0,0,0,0,0,0,0,0,0,06037190201
190202,2024,1,4,3,13,24,51,30,10,0,0,0,0,0,1,0,0,2,1,0,0,0,0,0,0,0,0,0,0,0,0,0,0,0,0,0,0,0,0,0,0,0,0,0,06037190202
190302,2024,1,4,3,13,24,51,30,6,0,0,0,0,0,2,0,0,6,0,0,0,0,8,0,0,5,0,0,0,6,0,0,0,0,0,0,0,0,0,0,13,6,0,19,06037190302
190303,2024,1,4,3,13,24,51,30,0,0,0,0,0,0,0,0,0,0,0,0,0,0,0,0,0,0,0,0,0,0,0,0,0,0,0,0,0,0,0,0,0,0,0,0,06037190303
190401,2024,1,4,1,4,26,51,30,0,0,0,0,0,0,1,1,0,0,0,0,0,0,0,0,0,0,0,0,0,0,0,0,0,0,0,0,0,0,0,0,0,0,0,0,06037190401
190402,2024,1,4,1,4,26,51,30,2,0,0,0,0,0,0,2,1,0,0,0,0,0,0,0,0,0,0,0,0,0,0,0,0,0,0,0,0,0,0,0,0,0,0,0,06037190402
190510,2024,1,4,1,13,26,51,30,13,0,0,0,0,0,1,2,1,2,11,0,0,0,0,0,0,0,0,0,0,0,0,0,0,0,0,0,0,0,0,0,0,0,0,0,06037190510
190520,2024,1,4,1,13,26,51,30,3,0,0,0,0,0,0,0,0,0,3,0,0,0,0,0,0,0,0,0,0,0,0,0,0,0,0,0,0,0,0,0,0,0,0,0,06037190520
190701,2024,1,4,3,13,24,51,30,40,0,0,0,0,0,4,0,0,3,3,59,0,0,2,0,0,0,1,0,0,13,0,0,0,0,0,0,0,0,0,0,61,14,0,75,06037190701
190702,2024,1,4,3,13,24,51,30,13,0,0,0,0,0,0,0,0,18,10,0,0,0,0,0,0,0,0,0,0,0,0,0,0,0,0,0,0,0,0,0,0,0,0,0,06037190702
190801,2024,1,4,3,13,26,51,30,10,0,0,0,0,0,3,1,0,8,2,80,0,0,33,0,0,0,0,0,0,0,0,0,0,0,0,0,0,0,0,0,113,0,0,113,06037190801
190802,2024,1,4,3,13,24,51,30,5,0,0,0,0,0,1,0,3,2,0,44,0,0,7,0,0,0,0,0,0,0,0,0,0,0,0,0,0,0,0,0,51,0,0,51,06037190802
190901,2024,1,4,3,13,26,51,30,0,0,0,0,0,0,0,0,0,0,0,1,0,0,60,0,0,0,4,0,0,27,0,0,0,0,0,0,0,0,0,0,61,31,0,92,06037190901
190902,2024,1,4,3,13,26,51,30,0,0,0,0,0,0,6,4,2,1,1,0,0,0,0,0,0,0,0,0,0,0,0,0,0,0,0,0,0,0,0,0,0,0,0,0,06037190902
191000,2024,1,4,3,13,26,51,30,40,0,0,0,0,0,7,0,3,31,7,23,0,0,32,0,0,0,2,0,0,13,0,0,0,0,0,0,0,0,0,0,55,15,0,70,06037191000
191110,2024,1,4,1,13,26,51,30,3,0,0,0,0,0,0,0,0,1,2,0,0,0,0,0,0,0,0,0,0,0,0,0,0,0,0,0,0,0,0,0,0,0,0,0,06037191110
191120,2024,1,4,1,13,26,51,30,4,0,0,0,0,0,0,0,0,0,1,0,0,0,0,0,0,0,0,0,0,0,0,0,0,0,0,0,0,0,0,0,0,0,0,0,06037191120
191201,2024,1,4,1,13,26,51,30,16,0,0,0,0,0,0,3,0,2,10,0,0,0,0,0,0,0,0,0,0,0,0,0,0,0,0,0,0,0,0,0,0,0,0,0,06037191201
191203,2024,1,4,1,13,26,51,30,0,0,0,0,0,0,0,1,7,2,0,0,0,0,0,0,0,0,0,0,0,0,0,0,0,0,0,0,0,0,0,0,0,0,0,0,06037191203
191204,2024,1,4,1,13,26,51,30,0,0,0,0,0,0,0,1,1,0,0,0,0,0,0,0,0,0,2,0,0,26,0,0,0,0,0,0,0,0,0,0,0,28,0,28,06037191204
191301,2024,1,4,1,13,26,52,30,2,0,0,0,0,0,0,0,1,5,6,0,0,0,0,0,0,0,0,0,0,0,0,0,0,0,0,0,0,0,0,0,0,0,0,0,06037191301
191302,2024,1,4,1,13,26,52,30,6,0,0,0,0,0,0,0,4,0,0,0,0,0,0,0,0,0,0,0,0,0,0,0,0,0,0,0,0,0,0,0,0,0,0,0,06037191302
191410,2024,1,4,1,13,26,52,30,4,0,0,0,0,0,0,1,0,1,7,0,0,0,0,0,0,0,0,0,0,0,0,0,0,0,0,0,0,0,0,0,0,0,0,0,06037191410
191420,2024,1,4,1,13,26,52,30,5,0,0,0,0,0,0,0,5,3,3,0,0,0,0,0,0,0,0,0,0,0,0,0,0,0,0,0,0,0,0,0,0,0,0,0,06037191420
191500,2024,1,4,1,13,26,54,30,5,0,0,0,0,0,10,12,6,1,3,10,0,0,7,0,0,1,0,0,0,0,0,0,0,0,0,0,0,0,0,0,18,0,0,18,06037191500
191610,2024,1,4,3,13,26,51,30,11,0,0,0,0,0,0,0,0,2,32,0,0,0,0,0,0,0,0,0,0,0,0,0,0,0,0,0,0,0,0,0,0,0,0,0,06037191610
191620,2024,1,4,3,13,26,54,30,0,0,0,0,0,0,1,2,7,0,0,0,0,0,0,0,0,0,0,0,0,0,0,0,0,0,0,0,0,0,0,0,0,0,0,0,06037191620
191710,2024,1,4,3,13,26,51,30,1,0,0,0,0,0,10,5,3,1,2,0,0,0,0,0,0,0,0,0,0,0,0,0,0,0,0,0,0,0,0,0,0,0,0,0,06037191710
191720,2024,1,4,3,13,26,51,30,11,0,0,0,0,0,11,0,0,3,1,0,0,0,0,0,0,0,0,0,0,0,0,0,0,0,0,0,0,0,0,0,0,0,0,0,06037191720
191810,2024,1,4,3,13,26,51,30,1,0,0,11,0,0,3,0,0,1,0,0,0,0,0,0,0,0,0,0,0,0,0,0,0,0,0,0,0,0,0,0,0,0,0,0,06037191810
191820,2024,1,4,3,13,26,51,30,1,0,0,0,0,0,0,0,0,0,0,0,0,0,0,0,0,0,0,0,0,0,0,0,0,0,0,0,0,0,0,0,0,0,0,0,06037191820
191901,2024,1,4,3,13,24,51,30,0,0,0,0,0,0,0,0,0,0,0,0,0,0,31,0,0,0,12,0,0,31,0,0,0,0,0,0,0,0,0,0,31,43,0,74,06037191901
191902,2024,1,4,3,5,26,51,30,7,0,0,0,0,0,0,5,4,3,1,0,0,0,0,0,0,0,0,0,0,0,0,0,0,0,0,0,0,0,0,0,0,0,0,0,06037191902
192001,2024,1,4,3,5,24,51,30,6,0,0,0,0,0,1,0,1,1,1,0,0,0,0,0,0,0,0,0,0,0,0,0,0,0,0,0,0,0,0,0,0,0,0,0,06037192001
192002,2024,1,4,3,5,24,51,30,0,0,0,0,0,0,0,0,0,3,0,0,0,0,0,0,0,0,0,0,0,0,0,0,0,0,0,0,0,0,0,0,0,0,0,0,06037192002
192300,2024,1,4,3,5,26,51,30,3,0,0,0,0,0,0,0,1,0,0,0,0,0,0,0,0,0,0,0,0,0,0,0,0,0,0,0,0,0,0,0,0,0,0,0,06037192300
192410,2024,1,4,3,13,26,51,30,1,0,0,0,0,0,0,8,0,1,1,0,0,0,0,0,0,0,0,0,0,0,0,0,0,0,0,0,0,0,0,0,0,0,0,0,06037192410
192420,2024,1,4,3,13,26,51,30,8,0,0,0,0,0,1,8,4,9,0,0,0,0,0,0,0,0,0,0,0,0,0,0,0,0,0,0,0,0,0,0,0,0,0,0,06037192420
192510,2024,1,4,3,10,26,54,34,2,0,0,0,0,0,3,4,9,0,0,0,0,0,0,0,0,0,0,0,0,0,0,0,0,0,0,0,0,0,0,0,0,0,0,0,06037192510
192520,2024,1,4,3,13,26,54,34,4,0,0,0,0,0,2,2,2,3,0,0,0,0,0,0,0,0,0,0,0,0,0,0,0,0,0,0,0,0,0,0,0,0,0,0,06037192520
192610,2024,1,4,3,13,26,54,30,1,0,0,0,0,0,0,2,5,1,1,0,0,0,0,0,0,0,0,0,0,0,0,0,0,0,0,0,0,0,0,0,0,0,0,0,06037192610
192620,2024,1,4,3,13,26,54,34,3,0,0,0,0,0,0,0,0,4,0,0,0,0,0,0,0,0,0,0,0,0,0,0,0,0,0,0,0,0,0,0,0,0,0,0,06037192620
192700,2024,1,4,1,13,26,52,30,9,0,0,0,0,0,8,5,5,9,5,138,12,51,1,0,0,0,0,0,0,0,0,0,0,0,0,0,0,0,0,0,190,0,0,190,06037192700
194101,2024,1,4,3,4,24,51,30,0,0,0,0,0,0,0,0,0,0,0,0,0,0,0,0,0,0,0,0,0,0,0,0,0,0,0,0,0,0,0,0,0,0,0,0,06037194101
194102,2024,1,4,3,4,24,51,30,1,0,0,0,0,0,0,0,0,0,0,0,0,0,0,0,0,0,0,0,0,0,0,0,0,0,0,0,0,0,0,0,0,0,0,0,06037194102
194200,2024,1,4,3,4,24,51,32,0,0,0,0,0,0,0,0,0,0,0,0,0,0,0,0,0,0,0,0,0,0,0,0,0,0,0,0,0,0,0,0,0,0,0,0,06037194200
194300,2024,1,4,3,4,24,51,32,0,0,0,0,0,0,0,0,0,0,0,0,0,0,0,0,0,0,0,0,0,0,0,0,0,0,0,0,0,0,0,0,0,0,0,0,06037194300
194401,2024,1,4,3,5,24,51,30,5,0,0,0,0,0,0,0,1,4,0,0,0,0,0,0,0,0,0,0,0,0,0,0,0,0,0,0,0,0,0,0,0,0,0,0,06037194401
194402,2024,1,4,3,5,24,51,30,0,0,0,0,0,0,0,0,1,2,2,0,0,0,0,0,0,0,0,0,0,0,0,0,0,0,0,0,0,0,0,0,0,0,0,0,06037194402
194500,2024,1,4,3,5,24,51,30,2,0,0,0,0,0,2,0,0,1,1,0,0,0,0,0,0,0,0,0,0,0,0,0,0,0,0,0,0,0,0,0,0,0,0,0,06037194500
195100,2024,1,4,1,4,26,52,30,0,0,0,0,0,0,0,3,0,0,0,0,0,0,0,0,0,0,0,0,0,0,0,0,0,0,0,0,0,0,0,0,0,0,0,0,06037195100
195201,2024,1,4,1,4,26,52,30,10,0,0,0,0,0,5,6,1,0,1,0,0,0,0,0,0,0,0,0,0,0,0,0,0,0,0,0,0,0,0,0,0,0,0,0,06037195201
195202,2024,1,4,1,4,26,52,30,0,0,0,0,0,0,0,0,1,0,0,0,0,0,0,0,0,0,0,0,0,0,0,0,0,0,0,0,0,0,0,0,0,0,0,0,06037195202
195300,2024,1,4,1,4,26,52,30,1,0,0,0,0,0,0,0,1,1,0,0,0,0,0,0,0,0,0,0,0,0,0,0,0,0,0,0,0,0,0,0,0,0,0,0,06037195300
195400,2024,1,4,1,13,26,52,30,0,0,0,0,0,0,2,4,1,1,0,0,0,0,0,0,0,0,0,0,0,0,0,0,0,0,0,0,0,0,0,0,0,0,0,0,06037195400
195500,2024,1,4,1,13,26,52,30,3,0,0,0,0,0,4,0,1,1,0,29,0,0,1,0,0,0,0,0,0,0,0,0,0,0,0,0,0,0,0,0,30,0,0,30,06037195500
195600,2024,1,4,1,13,26,52,30,5,0,0,0,0,0,0,3,0,0,6,0,0,0,0,0,0,0,8,9,27,0,0,0,2,0,0,0,0,0,0,0,0,37,0,37,06037195600
195710,2024,1,4,1,13,26,52,30,4,0,0,0,0,0,5,4,2,2,4,0,0,0,0,0,0,0,0,0,0,0,0,0,0,0,0,0,0,0,0,0,0,0,0,0,06037195710
195720,2024,1,4,1,13,26,52,30,3,0,0,0,0,0,5,6,2,1,5,0,0,0,0,0,0,0,0,0,0,0,0,0,0,0,0,0,0,0,0,0,0,0,0,0,06037195720
195802,2024,1,4,1,13,26,52,30,10,0,0,0,0,0,6,10,3,4,0,0,0,0,0,0,0,0,0,0,0,0,0,0,0,0,0,0,0,0,0,0,0,0,0,0,06037195802
195803,2024,1,4,1,13,26,52,30,0,0,0,0,0,0,0,1,0,0,0,0,0,0,0,0,0,0,0,0,0,0,0,0,0,0,0,0,0,0,0,0,0,0,0,0,06037195803
195804,2024,1,4,1,13,26,52,30,0,0,0,0,0,0,0,0,0,0,0,0,0,0,0,0,0,0,0,0,0,0,0,0,0,0,0,0,0,0,0,0,0,0,0,0,06037195804
195901,2024,1,4,1,13,26,52,30,1,0,0,0,0,0,0,3,0,0,0,0,0,0,0,0,0,0,0,0,0,0,0,0,0,0,0,0,0,0,0,0,0,0,0,0,06037195901
195902,2024,1,4,1,13,26,52,30,1,0,0,0,0,0,0,0,1,1,0,0,0,0,0,0,0,0,0,0,0,0,0,0,0,0,0,0,0,0,0,0,0,0,0,0,06037195902
195903,2024,1,4,1,13,26,52,30,2,0,0,0,0,0,1,0,0,0,1,0,0,0,0,0,0,0,0,0,0,0,0,0,0,0,0,0,0,0,0,0,0,0,0,0,06037195903
197200,2024,1,4,1,13,26,52,30,0,0,0,0,0,0,0,2,3,0,0,0,0,0,0,0,0,0,0,0,0,0,0,0,0,0,0,0,0,0,0,0,0,0,0,0,06037197200
197300,2024,1,4,1,13,26,52,30,0,0,0,0,0,0,0,1,0,0,0,0,0,0,0,0,0,0,0,0,0,0,0,0,0,0,0,0,0,0,0,0,0,0,0,0,06037197300
197410,2024,1,4,1,13,26,52,30,0,0,0,0,0,0,4,4,12,1,2,0,0,0,0,0,0,0,0,0,0,0,0,0,0,0,0,0,0,0,0,0,0,0,0,0,06037197410
197420,2024,1,4,1,13,26,52,30,3,0,0,0,0,0,3,0,0,2,0,0,25,90,0,5,10,0,0,0,0,0,0,0,0,0,0,0,0,0,0,0,100,0,0,100,06037197420
197500,2024,1,4,1,1,26,52,30,14,0,0,0,0,0,8,17,12,0,1,0,0,0,0,0,0,0,5,0,0,0,0,0,0,0,0,0,0,0,0,0,0,5,0,5,06037197500
197600,2024,1,4,1,1,26,52,34,3,0,0,0,0,0,0,2,10,2,4,0,0,0,0,0,0,0,0,0,0,0,0,0,0,0,0,0,0,0,0,0,0,0,0,0,06037197600
197700,2024,1,4,1,1,26,52,34,11,0,0,0,0,0,1,0,2,0,1,0,0,0,0,0,0,0,0,0,0,0,0,0,0,0,0,0,0,0,0,0,0,0,0,0,06037197700
199001,2024,1,4,1,1,26,54,34,3,0,0,0,0,0,0,2,1,4,0,0,0,0,0,0,0,0,0,0,0,0,0,0,0,0,0,0,0,0,0,0,0,0,0,0,06037199001
199002,2024,1,4,1,1,26,52,30,26,0,0,0,0,0,0,1,44,40,8,0,0,0,0,0,0,0,0,0,0,0,0,0,0,0,0,0,0,0,0,0,0,0,0,0,06037199002
199110,2024,1,4,1,14,26,52,34,3,0,0,0,0,0,0,3,3,1,0,0,0,0,0,0,0,0,0,0,0,0,0,0,0,0,0,0,0,0,0,0,0,0,0,0,06037199110
199120,2024,1,4,1,14,26,52,34,10,0,0,0,0,0,9,4,7,0,0,0,0,0,0,0,0,0,0,0,0,0,0,0,0,0,0,0,0,0,0,0,0,0,0,0,06037199120
199201,2024,1,4,1,1,26,52,34,3,0,0,0,0,0,1,4,4,2,0,31,0,0,0,0,0,0,0,0,0,0,0,0,0,0,0,0,0,0,0,0,31,0,0,31,06037199201
199202,2024,1,4,1,1,26,52,34,2,0,0,0,0,0,1,1,1,0,0,0,0,0,0,0,0,0,0,0,0,0,0,0,0,0,0,0,0,0,0,0,0,0,0,0,06037199202
199300,2024,1,4,1,1,26,52,34,3,0,0,0,0,0,3,3,6,12,13,0,0,0,0,0,0,0,0,0,0,0,0,0,0,0,0,0,0,0,0,0,0,0,0,0,06037199300
199400,2024,1,4,1,1,26,52,34,3,0,0,0,0,0,7,5,13,5,7,0,0,0,0,0,0,0,0,0,0,0,0,0,0,0,0,0,0,0,0,0,0,0,0,0,06037199400
199700,2024,1,4,1,1,26,54,34,0,0,0,0,0,0,2,0,4,3,0,0,0,0,0,0,0,0,0,0,0,0,0,0,0,0,0,0,0,0,0,0,0,0,0,0,06037199700
199801,2024,1,4,1,1,26,52,34,1,0,0,0,0,0,0,0,1,0,0,0,0,0,0,0,0,0,0,0,0,0,0,0,0,0,0,0,0,0,0,0,0,0,0,0,06037199801
199802,2024,1,4,1,1,26,52,34,5,0,0,0,0,0,0,4,1,1,0,0,0,0,0,0,0,0,0,0,0,0,0,0,0,0,0,0,0,0,0,0,0,0,0,0,06037199802
199900,2024,1,4,1,1,26,52,34,3,0,0,0,0,0,4,1,15,1,3,0,0,0,0,0,0,0,0,0,0,0,0,0,0,0,0,0,0,0,0,0,0,0,0,0,06037199900
201110,2024,1,4,1,14,26,52,34,0,0,0,0,0,0,0,2,1,0,0,0,0,0,0,0,0,0,0,0,0,0,0,0,0,0,0,0,0,0,0,0,0,0,0,0,06037201110
201120,2024,1,4,1,14,26,52,34,0,0,0,0,0,0,0,0,3,0,0,40,0,0,1,0,0,0,0,0,0,0,0,0,0,0,0,0,0,0,0,0,41,0,0,41,06037201120
201200,2024,1,4,1,14,26,52,34,2,0,0,0,0,0,0,5,2,0,1,0,0,0,0,0,0,0,0,0,0,0,0,0,0,0,0,0,0,0,0,0,0,0,0,0,06037201200
201301,2024,1,4,1,14,26,52,34,1,0,0,0,0,0,1,2,13,1,0,0,0,0,0,0,0,0,0,0,0,0,0,0,0,0,0,0,0,0,0,0,0,0,0,0,06037201301
201302,2024,1,4,1,14,26,52,34,0,0,0,0,0,0,1,1,1,0,0,0,0,0,0,0,0,0,0,0,0,0,0,0,0,0,0,0,0,0,0,0,0,0,0,0,06037201302
201401,2024,1,4,1,14,26,52,34,0,0,0,0,0,0,1,5,1,3,0,0,0,0,0,0,0,0,0,0,0,0,0,0,0,0,0,0,0,0,0,0,0,0,0,0,06037201401
201402,2024,1,4,1,14,26,52,34,0,0,0,0,0,0,0,0,4,0,2,0,0,0,0,0,0,0,0,0,0,0,0,0,0,0,0,0,0,0,0,0,0,0,0,0,06037201402
201501,2024,1,4,1,14,26,52,34,3,0,0,0,0,0,0,0,4,1,0,50,0,0,0,0,0,0,0,0,0,0,0,0,0,0,0,0,0,0,0,0,50,0,0,50,06037201501
201503,2024,1,4,1,14,26,52,34,0,0,0,0,0,0,0,0,0,0,0,0,0,0,0,0,0,0,0,0,0,0,0,0,0,0,0,0,0,0,0,0,0,0,0,0,06037201503
201504,2024,1,4,1,14,26,52,34,0,0,0,0,0,0,0,1,5,0,0,0,0,0,0,0,0,0,0,0,0,0,0,0,0,0,0,0,0,0,0,0,0,0,0,0,06037201504
201601,2024,1,4,1,14,26,52,34,0,0,0,0,0,0,0,2,0,0,1,0,0,0,0,0,0,0,0,0,0,0,0,0,0,0,0,0,0,0,0,0,0,0,0,0,06037201601
201602,2024,1,4,1,14,26,52,34,3,0,0,0,0,0,13,6,16,3,0,0,0,0,0,0,0,0,0,0,0,0,0,0,0,0,0,0,0,0,0,0,0,0,0,0,06037201602
201700,2024,1,4,1,14,26,52,34,0,0,0,0,0,0,2,3,11,0,0,0,0,0,0,0,0,0,0,0,0,0,0,0,0,0,0,0,0,0,0,0,0,0,0,0,06037201700
203100,2024,1,4,1,14,26,54,34,0,0,0,0,0,0,0,12,2,0,1,0,0,0,0,0,0,0,0,0,0,0,0,0,0,0,0,0,0,0,0,0,0,0,0,0,06037203100
203200,2024,1,4,1,14,26,54,34,3,0,0,0,0,0,1,2,8,2,2,0,0,0,0,0,0,0,0,0,0,0,0,0,0,0,0,0,0,0,0,0,0,0,0,0,06037203200
203300,2024,1,4,1,14,26,54,34,6,0,0,0,0,0,0,0,1,1,0,31,0,0,0,0,0,0,0,0,0,0,0,0,0,0,0,0,0,0,0,0,31,0,0,31,06037203300
203500,2024,1,4,1,14,26,54,34,0,0,0,0,0,0,3,6,1,1,1,0,0,0,0,0,0,0,0,0,0,0,0,0,0,0,0,0,0,0,0,0,0,0,0,0,06037203500
203601,2024,1,4,1,14,26,54,34,0,0,0,0,0,0,0,0,0,0,1,0,0,0,0,0,0,0,0,0,0,0,0,0,0,0,0,0,0,0,0,0,0,0,0,0,06037203601
203602,2024,1,4,1,14,26,54,34,0,0,0,0,0,0,0,0,0,0,0,49,8,31,1,4,9,0,0,0,0,0,0,0,0,0,0,0,0,0,0,0,90,0,0,90,06037203602
203710,2024,1,4,1,14,26,54,34,4,0,0,0,0,0,3,0,2,4,0,0,0,0,0,0,0,0,0,0,0,0,0,0,0,0,0,0,0,0,0,0,0,0,0,0,06037203710
203720,2024,1,4,1,14,26,54,34,2,0,0,0,0,0,3,8,1,0,0,0,0,0,0,0,0,0,0,0,0,0,0,0,0,0,0,0,0,0,0,0,0,0,0,0,06037203720
203800,2024,1,4,1,14,26,54,34,0,0,0,0,0,0,1,0,0,0,0,0,0,0,0,0,0,0,7,0,0,36,0,0,0,0,0,0,0,0,0,0,0,43,0,43,06037203800
203900,2024,1,4,1,14,26,54,34,4,0,0,0,0,0,1,9,1,4,0,0,0,0,0,0,0,0,0,0,0,0,0,0,0,0,0,0,0,0,0,0,0,0,0,0,06037203900
204110,2024,1,4,1,14,26,54,34,0,0,0,0,0,0,2,2,11,0,0,0,0,0,0,0,0,0,0,0,0,0,0,0,0,0,0,0,0,0,0,0,0,0,0,0,06037204110
204120,2024,1,4,1,14,26,54,34,0,0,0,0,0,0,1,0,0,0,0,0,0,0,0,0,0,0,0,0,0,0,0,0,0,0,0,0,0,0,0,0,0,0,0,0,06037204120
204200,2024,1,4,1,14,26,54,34,0,0,0,0,0,0,0,0,0,0,0,0,0,0,0,0,0,0,0,0,0,0,0,0,0,0,0,0,0,0,0,0,0,0,0,0,06037204200
204300,2024,1,4,1,14,26,54,34,6,0,0,0,0,0,3,1,1,1,0,0,0,0,0,0,0,0,0,0,0,0,0,0,0,0,0,0,0,0,0,0,0,0,0,0,06037204300
204410,2024,1,4,1,14,26,54,34,0,0,0,0,0,0,0,0,1,0,0,0,0,0,0,0,0,0,0,0,0,0,0,0,0,0,0,0,0,0,0,0,0,0,0,0,06037204410
204420,2024,1,4,1,14,26,54,34,11,0,0,0,0,0,1,2,0,0,0,0,18,93,0,0,0,0,0,0,0,0,0,0,0,0,0,0,0,0,0,0,93,0,0,93,06037204420
204600,2024,1,4,1,14,26,54,34,8,0,0,0,0,0,0,0,0,3,12,0,0,0,0,0,0,0,0,0,0,0,0,0,0,0,0,0,0,0,0,0,0,0,0,0,06037204600
204700,2024,1,4,1,14,26,54,34,3,0,0,0,0,0,3,0,5,2,8,0,0,0,0,0,0,0,0,0,0,0,0,0,0,0,0,0,0,0,0,0,0,0,0,0,06037204700
204810,2024,1,4,1,14,26,54,34,5,0,0,0,0,0,1,2,3,0,2,0,0,0,0,0,0,0,0,0,0,0,0,0,0,0,0,0,0,0,0,0,0,0,0,0,06037204810
204820,2024,1,4,1,14,26,54,34,0,0,0,0,0,0,0,0,0,0,5,0,0,0,0,0,0,0,0,0,0,0,0,0,0,0,0,0,0,0,0,0,0,0,0,0,06037204820
204910,2024,1,4,1,14,26,54,34,3,0,0,0,0,0,0,0,1,0,2,0,0,0,0,0,0,0,0,0,0,0,0,0,0,0,0,0,0,0,0,0,0,0,0,0,06037204910
204920,2024,1,4,1,14,26,54,34,12,0,0,0,0,0,20,3,50,8,8,0,0,0,0,0,0,0,0,0,0,0,0,0,0,0,0,0,0,0,0,0,0,0,0,0,06037204920
205110,2024,1,4,1,14,26,54,34,4,0,0,0,0,0,0,0,0,0,1,0,0,0,0,0,0,0,0,0,0,0,0,0,0,0,0,0,0,0,0,0,0,0,0,0,06037205110
205120,2024,1,4,1,14,26,54,34,4,0,0,0,0,0,1,2,12,6,18,0,0,0,0,0,0,0,0,0,0,0,0,0,0,0,0,0,0,0,0,0,0,0,0,0,06037205120
206010,2024,1,4,1,1,26,52,30,19,0,0,0,0,0,5,11,0,9,1,0,0,0,0,0,0,0,0,0,0,0,0,0,0,0,0,0,0,0,0,0,0,0,0,0,06037206010
206020,2024,1,4,1,1,26,54,34,34,0,0,0,0,0,4,4,1,37,1,217,0,0,7,0,0,0,0,0,0,0,0,0,0,0,0,0,0,0,0,0,224,0,0,224,06037206020
206050,2024,1,4,1,14,26,54,34,38,0,0,0,0,0,3,0,12,8,19,0,0,0,0,0,0,0,0,0,0,0,0,0,0,0,0,0,0,0,0,0,0,0,0,0,06037206050
206051,2024,1,4,1,14,26,54,34,24,0,0,0,0,0,27,12,50,6,46,0,0,0,0,0,0,0,0,0,0,0,0,0,0,0,0,0,0,0,0,0,0,0,0,0,06037206051
206052,2024,1,4,1,14,26,54,34,0,0,0,0,0,0,1,1,0,0,3,0,0,0,0,0,0,0,0,0,0,0,0,0,0,0,0,0,0,0,0,0,0,0,0,0,06037206052
206053,2024,1,4,1,14,26,54,34,10,0,0,0,0,0,10,5,15,2,20,33,0,0,2,0,0,0,0,0,0,0,0,0,0,0,0,0,0,0,0,0,35,0,0,35,06037206053
206054,2024,1,4,1,14,26,54,34,11,0,0,0,0,0,2,0,3,3,12,15,0,0,13,0,0,0,0,0,0,16,0,0,0,0,0,0,0,0,0,0,28,16,0,44,06037206054
206201,2024,1,4,1,14,26,54,34,127,0,0,0,0,0,4,11,0,57,72,94,0,0,3,0,0,0,130,0,0,0,0,0,0,0,0,0,0,0,0,0,97,130,0,227,06037206201
206202,2024,1,4,1,14,26,54,34,79,0,0,0,0,0,6,2,1,64,5,0,0,0,0,0,0,0,0,0,0,0,0,0,0,0,0,0,0,0,0,0,0,0,0,0,06037206202
206301,2024,1,4,1,14,28,57,34,140,0,0,0,0,0,6,5,0,74,23,127,0,0,1,0,0,0,36,0,0,0,0,0,0,50,0,0,0,0,0,0,128,36,50,214,06037206301
206302,2024,1,4,1,14,28,57,34,99,0,0,0,0,0,0,1,0,28,1,272,0,0,17,0,0,0,0,13,38,0,2,4,0,0,0,0,0,0,0,0,289,42,0,331,06037206302
206303,2024,1,4,1,14,28,57,34,244,0,0,0,0,0,59,13,7,266,24,613,0,0,17,0,0,0,95,0,0,0,0,0,0,3,0,0,0,0,0,0,630,95,3,728,06037206303
207101,2024,1,4,1,1,26,54,34,26,0,0,0,0,0,2,0,3,7,8,0,0,0,0,0,0,0,0,0,0,0,0,0,0,0,0,0,0,0,0,0,0,0,0,0,06037207101
207102,2024,1,4,1,1,26,54,34,25,0,0,0,0,0,0,0,0,51,1,39,0,0,1,0,0,0,0,0,0,0,0,0,0,0,0,0,0,0,0,0,40,0,0,40,06037207102
207103,2024,1,4,1,1,26,54,34,7,0,0,0,0,0,0,0,1,1,1,0,0,0,0,0,0,0,0,0,0,0,0,0,0,0,0,0,0,0,0,0,0,0,0,0,06037207103
207303,2024,1,4,1,14,28,57,37,22,0,0,0,0,0,0,0,0,0,0,0,0,0,0,0,0,0,0,0,0,0,0,0,0,0,0,0,0,0,0,0,0,0,0,0,06037207303
207304,2024,1,4,1,14,28,57,34,19,0,0,0,0,0,0,0,0,1,0,0,0,0,0,0,0,0,0,0,0,0,0,0,0,0,0,0,0,0,0,0,0,0,0,0,06037207304
207305,2024,1,4,1,14,26,54,34,64,0,0,0,0,0,0,0,0,0,6,0,0,0,0,0,0,0,0,0,0,0,0,0,0,0,0,0,0,0,0,0,0,0,0,0,06037207305
207306,2024,1,4,1,14,26,54,34,28,0,0,0,0,0,0,0,0,4,0,35,0,0,0,0,0,0,0,0,0,0,0,0,0,0,0,0,0,0,0,0,35,0,0,35,06037207306
207307,2024,1,4,1,14,28,57,34,29,0,0,0,0,0,0,0,0,0,9,0,0,0,0,0,0,0,0,0,0,0,0,0,0,0,0,0,0,0,0,0,0,0,0,0,06037207307
207308,2024,1,4,1,14,28,57,34,4,0,0,0,0,0,0,0,0,0,3,0,0,0,0,0,0,0,0,0,0,0,0,0,0,0,0,0,0,0,0,0,0,0,0,0,06037207308
207400,2024,1,4,1,14,26,54,34,88,0,0,0,0,0,0,1,1,29,31,78,0,0,3,0,0,0,0,0,0,0,0,0,0,0,0,0,0,0,0,0,81,0,0,81,06037207400
207501,2024,1,4,1,14,26,54,34,3,0,0,0,0,0,0,0,0,4,0,0,0,0,0,0,0,0,0,0,0,0,0,0,0,0,0,0,0,0,0,0,0,0,0,0,06037207501
207502,2024,1,4,1,14,26,54,34,30,0,0,0,0,0,0,0,0,1,0,302,0,0,9,0,0,0,0,0,0,0,0,0,0,0,0,0,0,0,0,0,311,0,0,311,06037207502
207711,2024,1,4,1,9,28,57,37,29,0,0,21,0,0,0,2,0,4,6,2,15,44,0,0,0,2,0,0,0,0,0,0,0,0,0,0,0,0,0,0,48,0,0,48,06037207711
207712,2024,1,4,1,14,28,57,34,90,1,5,0,0,0,46,43,3,16,3,0,0,0,0,0,0,0,0,0,0,0,0,0,0,0,0,0,0,0,0,0,0,0,0,0,06037207712
207901,2024,1,4,1,14,28,57,37,10,0,0,0,0,0,0,0,0,0,1,0,0,0,0,0,0,0,0,0,0,0,0,0,0,0,0,0,0,0,0,0,0,0,0,0,06037207901
207902,2024,1,4,1,14,28,57,37,2,0,0,0,0,0,0,0,0,0,0,0,0,0,0,0,0,0,0,0,0,0,0,0,0,0,0,0,0,0,0,0,0,0,0,0,06037207902
208001,2024,1,4,1,1,26,54,34,13,0,0,0,0,0,2,0,2,11,13,0,0,0,0,0,0,0,0,0,0,0,0,0,0,0,0,0,0,0,0,0,0,0,0,0,06037208001
208002,2024,1,4,1,1,26,52,34,3,0,0,0,0,0,3,5,4,0,6,0,0,0,0,0,0,0,0,0,0,0,0,0,0,0,0,0,0,0,0,0,0,0,0,0,06037208002
208301,2024,1,4,1,1,26,54,34,10,0,0,0,0,0,3,5,0,1,0,0,0,0,0,0,0,0,0,0,0,0,0,0,0,0,0,0,0,0,0,0,0,0,0,0,06037208301
208302,2024,1,4,1,1,26,54,34,4,0,0,0,0,0,0,1,2,2,1,47,0,0,6,0,0,0,2,9,23,0,4,10,4,0,0,0,0,0,0,0,53,39,0,92,06037208302
208401,2024,1,4,1,1,26,54,34,2,0,0,0,0,0,5,0,0,13,6,0,0,0,0,0,0,0,0,0,0,0,0,0,0,0,0,0,0,0,0,0,0,0,0,0,06037208401
208402,2024,1,4,1,13,26,54,34,5,0,0,0,0,0,2,4,21,8,0,0,0,0,0,0,0,0,0,0,0,0,0,0,0,0,0,0,0,0,0,0,0,0,0,0,06037208402
208501,2024,1,4,1,13,26,54,34,5,0,0,0,0,0,0,1,7,9,1,0,0,0,0,0,0,0,0,0,0,0,0,0,0,0,0,0,0,0,0,0,0,0,0,0,06037208501
208502,2024,1,4,1,13,26,54,34,0,0,0,0,0,0,0,0,1,4,2,52,0,0,1,0,0,0,0,0,0,0,0,0,0,0,0,0,0,0,0,0,53,0,0,53,06037208502
208610,2024,1,4,1,13,26,54,34,2,0,0,0,0,0,5,9,7,8,3,0,0,0,0,0,0,0,1,0,0,18,5,10,4,0,0,0,0,0,0,0,0,33,0,33,06037208610
208620,2024,1,4,1,13,26,54,34,4,0,0,0,0,0,0,4,1,1,3,0,0,0,0,0,0,0,0,0,0,0,0,0,0,0,0,0,0,0,0,0,0,0,0,0,06037208620
208710,2024,1,4,1,1,26,54,34,0,0,0,0,0,0,0,0,0,0,0,0,0,0,0,0,0,0,0,0,0,0,0,0,0,0,0,0,0,0,0,0,0,0,0,0,06037208710
208720,2024,1,4,1,1,26,54,34,5,0,0,0,0,0,0,1,0,2,13,118,0,0,3,0,0,0,0,0,0,0,0,0,0,0,0,0,0,0,0,0,121,0,0,121,06037208720
208801,2024,1,4,1,1,26,54,34,49,0,0,0,0,0,3,2,0,2,8,2,29,113,0,2,7,0,0,0,0,0,0,0,0,0,0,0,0,0,0,0,122,0,0,122,06037208801
208802,2024,1,4,1,1,26,54,34,0,0,0,0,0,0,0,0,1,2,3,0,0,0,0,0,0,0,0,0,0,0,0,0,0,0,0,0,0,0,0,0,0,0,0,0,06037208802
208902,2024,1,4,1,1,26,54,34,28,0,0,0,0,0,0,0,0,10,7,0,0,0,0,0,0,0,0,0,0,0,0,0,0,0,0,0,0,0,0,0,0,0,0,0,06037208902
208903,2024,1,4,1,1,26,54,34,78,0,0,0,0,0,2,1,0,7,4,33,0,0,2,0,0,0,0,0,0,0,0,0,0,0,0,0,0,0,0,0,35,0,0,35,06037208903
208904,2024,1,4,1,1,26,54,34,9,0,0,0,0,0,3,2,0,6,8,0,0,0,0,0,0,0,0,0,0,0,0,0,0,0,0,0,0,0,0,0,0,0,0,0,06037208904
209103,2024,1,4,1,1,26,54,34,1,0,0,0,0,0,0,3,0,0,1,0,0,0,0,0,0,0,0,0,0,0,0,0,0,0,0,0,0,0,0,0,0,0,0,0,06037209103
209104,2024,1,4,1,1,26,54,34,1,0,0,0,0,0,0,0,0,0,0,0,0,0,0,0,0,0,0,0,0,0,0,0,0,0,0,0,0,0,0,0,0,0,0,0,06037209104
209105,2024,1,4,1,1,26,54,34,7,0,0,0,0,0,2,5,0,0,1,0,0,0,0,0,0,0,0,0,0,0,0,0,0,0,0,0,0,0,0,0,0,0,0,0,06037209105
209106,2024,1,4,1,1,26,54,34,15,0,0,0,0,0,2,0,0,23,7,0,0,0,0,0,0,0,0,0,0,0,0,0,0,0,0,0,0,0,0,0,0,0,0,0,06037209106
209201,2024,1,4,1,1,26,54,34,5,0,0,0,0,0,0,0,0,1,1,44,0,0,0,0,0,0,0,0,0,0,0,0,0,20,0,0,0,0,0,0,44,0,20,64,06037209201
209202,2024,1,4,1,1,26,54,34,1,0,0,6,0,0,0,0,0,0,0,0,0,0,0,0,0,0,0,0,0,0,0,0,0,0,0,0,0,0,0,0,0,0,0,0,06037209202
209300,2024,1,4,1,1,26,54,34,15,0,0,0,0,0,5,2,1,11,0,0,3,20,0,1,2,0,0,0,0,0,0,0,0,0,0,0,0,0,0,0,22,0,0,22,06037209300
209401,2024,1,4,1,1,26,54,34,7,0,0,0,0,0,3,5,1,1,14,0,0,0,0,0,0,0,0,0,0,0,0,0,0,0,0,0,0,0,0,0,0,0,0,0,06037209401
209402,2024,1,4,1,1,26,54,34,19,0,0,0,0,0,16,18,1,12,3,0,0,0,0,0,0,0,0,0,0,0,0,0,0,0,0,0,0,0,0,0,0,0,0,0,06037209402
209403,2024,1,4,1,1,26,54,34,23,0,0,0,0,0,5,7,3,20,0,99,0,0,3,0,0,0,0,0,0,0,0,0,0,0,0,0,0,0,0,0,102,0,0,102,06037209403
209510,2024,1,4,1,1,26,54,34,17,0,0,0,0,0,3,4,2,18,0,0,0,0,0,0,0,0,0,0,0,0,0,0,0,0,0,0,0,0,0,0,0,0,0,0,06037209510
209520,2024,1,4,1,1,26,54,34,16,0,0,0,0,0,5,0,3,16,2,0,0,0,0,0,0,0,0,0,0,0,0,0,0,0,0,0,0,0,0,0,0,0,0,0,06037209520
209810,2024,1,4,1,1,26,54,34,0,0,0,0,0,0,0,0,0,1,0,8,0,0,2,0,0,0,10,0,0,0,0,0,0,0,0,0,0,0,0,0,10,10,0,20,06037209810
209820,2024,1,4,1,1,26,54,34,4,0,0,0,0,0,0,2,1,0,0,12,0,0,0,0,0,0,0,0,0,0,0,0,0,0,0,0,0,0,0,0,12,0,0,12,06037209820
210010,2024,1,4,1,1,26,54,34,13,0,0,0,0,0,3,5,8,1,13,0,0,0,0,0,0,0,0,0,0,0,0,0,0,0,0,0,0,0,0,0,0,0,0,0,06037210010
211000,2024,1,4,2,5,26,51,30,1,0,0,0,0,0,0,1,0,1,1,0,0,0,0,0,0,2,0,0,0,0,0,0,0,0,0,0,0,0,0,0,2,0,0,2,06037211000
211121,2024,1,4,2,13,26,54,34,2,0,0,0,0,0,0,1,0,7,3,34,0,0,0,0,0,0,0,0,0,0,0,0,0,0,0,0,0,0,0,0,34,0,0,34,06037211121
211122,2024,1,4,2,13,26,54,34,1,0,0,0,0,0,2,2,3,2,1,0,0,0,0,0,0,0,0,0,0,0,0,0,0,0,0,0,0,0,0,0,0,0,0,0,06037211122
211123,2024,1,4,2,10,26,54,34,24,0,0,0,0,0,0,0,0,15,9,52,0,0,3,0,0,0,0,0,0,0,0,0,0,0,0,0,0,0,0,0,55,0,0,55,06037211123
211124,2024,1,4,2,1,26,54,34,22,0,0,0,0,0,0,0,1,14,6,0,0,0,0,0,0,0,0,0,0,0,0,0,0,0,0,0,0,0,0,0,0,0,0,0,06037211124
211201,2024,1,4,2,10,26,54,34,1,0,0,0,0,0,2,1,0,0,1,0,0,0,0,0,0,0,0,0,0,0,0,0,0,0,0,0,0,0,0,0,0,0,0,0,06037211201
211202,2024,1,4,2,10,26,54,34,8,0,0,0,0,0,0,0,0,0,0,0,0,0,0,0,0,0,0,0,0,0,0,0,0,0,0,0,0,0,0,0,0,0,0,0,06037211202
211310,2024,1,4,2,10,26,54,34,2,0,0,0,0,0,0,0,1,0,2,0,0,0,0,0,0,0,0,0,0,0,0,0,0,0,0,0,0,0,0,0,0,0,0,0,06037211310
211320,2024,1,4,2,10,26,54,34,3,0,0,0,0,0,0,0,0,0,0,0,0,0,0,0,0,0,0,0,0,0,0,0,0,0,0,0,0,0,0,0,0,0,0,0,06037211320
211410,2024,1,4,2,10,26,54,34,3,0,0,0,0,0,0,0,0,1,2,0,0,0,0,0,0,0,0,0,0,0,0,0,0,0,0,0,0,0,0,0,0,0,0,0,06037211410
211420,2024,1,4,2,10,26,54,34,8,0,0,0,0,0,1,4,3,0,3,0,0,0,0,0,0,0,0,0,0,0,0,0,0,0,0,0,0,0,0,0,0,0,0,0,06037211420
211500,2024,1,4,2,13,26,51,30,1,0,0,0,0,0,0,0,0,0,0,0,0,0,0,0,0,0,0,0,0,0,0,0,0,0,0,0,0,0,0,0,0,0,0,0,06037211500
211701,2024,1,4,2,13,26,51,30,4,0,0,0,0,0,2,0,0,2,0,0,0,0,0,0,0,0,0,0,0,0,0,0,0,0,0,0,0,0,0,0,0,0,0,0,06037211701
211703,2024,1,4,2,10,26,54,34,0,0,0,0,0,0,1,1,1,1,1,0,0,0,0,0,0,0,0,0,0,0,0,0,0,0,0,0,0,0,0,0,0,0,0,0,06037211703
211704,2024,1,4,2,10,26,54,34,5,0,0,0,0,0,0,0,0,0,0,0,0,0,0,0,0,0,0,0,0,0,0,0,0,0,0,0,0,0,0,0,0,0,0,0,06037211704
211802,2024,1,4,2,10,26,54,34,26,0,0,0,0,0,0,1,1,3,4,0,0,0,0,0,0,0,0,0,0,0,0,0,0,0,0,0,0,0,0,0,0,0,0,0,06037211802
211803,2024,1,4,2,10,26,54,34,1,0,0,0,0,0,9,0,0,0,0,0,0,0,0,0,0,0,0,0,0,0,0,0,0,0,0,0,0,0,0,0,0,0,0,0,06037211803
211804,2024,1,4,2,10,26,54,34,1,0,0,0,0,0,2,15,0,7,0,0,0,0,0,0,0,0,0,0,0,0,0,0,0,0,0,0,0,0,0,0,0,0,0,0,06037211804
211910,2024,1,4,2,10,26,54,34,0,0,0,0,0,0,1,1,0,1,1,0,0,0,0,0,0,0,0,0,0,0,0,0,0,0,0,0,0,0,0,0,0,0,0,0,06037211910
211921,2024,1,4,2,10,26,54,34,0,0,0,0,0,0,0,0,0,0,0,0,0,0,0,0,0,0,0,0,0,0,0,0,0,0,0,0,0,0,0,0,0,0,0,0,06037211921
211922,2024,1,4,2,10,26,54,34,0,0,0,0,0,0,0,0,0,1,0,0,0,0,0,0,0,0,0,0,0,0,0,0,0,0,0,0,0,0,0,0,0,0,0,0,06037211922
212101,2024,1,4,2,10,26,54,34,5,0,0,0,0,0,2,0,0,4,0,0,0,0,0,0,0,0,0,0,0,0,0,0,0,0,0,0,0,0,0,0,0,0,0,0,06037212101
212102,2024,1,4,2,10,26,54,34,8,0,0,0,0,0,0,0,0,8,0,0,0,0,0,0,0,0,0,0,0,0,0,0,0,0,0,0,0,0,0,0,0,0,0,0,06037212102
212202,2024,1,4,2,1,26,54,34,0,0,0,0,0,0,0,2,0,0,1,0,0,0,0,0,0,0,0,0,0,0,0,0,0,0,0,0,0,0,0,0,0,0,0,0,06037212202
212203,2024,1,4,2,1,26,54,34,6,0,0,0,0,0,2,2,0,1,0,0,0,0,0,0,0,0,0,0,0,0,0,0,0,0,0,0,0,0,0,0,0,0,0,0,06037212203
212204,2024,1,4,2,10,26,54,34,8,0,0,0,0,0,1,0,0,7,4,0,0,0,0,0,0,0,0,0,0,0,0,0,0,0,0,0,0,0,0,0,0,0,0,0,06037212204
212303,2024,1,4,2,10,26,54,34,9,0,0,0,0,0,0,0,0,0,2,0,0,0,0,0,0,0,0,0,0,0,0,0,0,0,0,0,0,0,0,0,0,0,0,0,06037212303
212304,2024,1,4,2,10,26,54,34,4,0,0,0,0,0,0,0,0,4,2,0,0,0,0,0,0,0,0,0,0,0,0,0,0,0,0,0,0,0,0,0,0,0,0,0,06037212304
212305,2024,1,4,2,10,26,54,34,0,0,0,0,0,0,0,4,0,0,1,0,0,0,0,0,0,0,0,0,0,0,0,0,0,0,0,0,0,0,0,0,0,0,0,0,06037212305
212306,2024,1,4,2,10,26,54,34,5,0,0,0,0,0,0,0,0,0,5,0,0,0,0,0,0,0,0,0,0,0,0,0,0,0,0,0,0,0,0,0,0,0,0,0,06037212306
212410,2024,1,4,2,10,26,54,34,11,0,0,0,0,0,1,0,0,1,1,21,0,0,0,0,0,0,0,0,0,0,0,0,0,0,0,0,0,0,0,0,21,0,0,21,06037212410
212420,2024,1,4,2,10,26,54,34,0,0,0,0,0,0,0,0,0,0,0,0,0,0,0,0,0,0,0,0,0,0,0,0,0,0,0,0,0,0,0,0,0,0,0,0,06037212420
212501,2024,1,4,2,10,26,54,34,0,0,0,0,0,0,0,0,0,0,0,0,0,0,0,0,0,0,0,0,0,0,0,0,0,0,0,0,0,0,0,0,0,0,0,0,06037212501
212502,2024,1,4,2,10,26,54,34,3,0,0,0,0,0,0,0,0,15,0,0,0,0,0,0,0,0,0,0,0,0,0,0,0,0,0,0,0,0,0,0,0,0,0,0,06037212502
212610,2024,1,4,2,5,26,54,34,5,0,0,0,0,0,0,1,0,1,0,0,0,0,0,0,0,0,0,0,0,0,0,0,0,0,0,0,0,0,0,0,0,0,0,0,06037212610
212620,2024,1,4,2,5,26,54,34,0,0,0,0,0,0,0,0,0,0,0,0,0,0,0,0,0,0,0,0,0,0,0,0,0,0,0,0,0,0,0,0,0,0,0,0,06037212620
212701,2024,1,4,2,5,26,54,34,4,0,0,0,0,0,2,1,1,0,1,0,0,0,0,0,0,0,0,0,0,0,0,0,0,0,0,0,0,0,0,0,0,0,0,0,06037212701
212702,2024,1,4,2,5,26,51,30,2,0,0,0,0,0,0,0,0,0,0,0,0,0,0,0,0,0,0,0,0,0,0,0,0,0,0,0,0,0,0,0,0,0,0,0,06037212702
212800,2024,1,4,2,10,28,55,37,0,0,0,0,0,0,0,0,0,0,0,0,0,0,0,0,0,0,0,0,0,0,0,0,0,0,0,0,0,0,0,0,0,0,0,0,06037212800
212900,2024,1,4,2,10,26,54,34,4,0,0,0,0,0,0,0,0,1,0,0,0,0,0,0,0,0,0,0,0,0,0,0,0,0,0,0,0,0,0,0,0,0,0,0,06037212900
213100,2024,1,4,2,10,26,54,34,3,0,0,0,0,0,0,0,1,2,1,0,0,0,0,0,0,0,0,0,0,0,0,0,0,0,0,0,0,0,0,0,0,0,0,0,06037213100
213201,2024,1,4,2,10,26,54,34,15,0,0,0,0,0,0,0,0,28,0,0,0,0,0,0,0,0,0,0,0,0,0,0,0,0,0,0,0,0,0,0,0,0,0,0,06037213201
213202,2024,1,4,2,10,26,54,34,5,0,0,0,0,0,0,1,0,1,0,27,0,0,5,0,0,0,0,0,0,0,0,0,0,0,0,0,0,0,0,0,32,0,0,32,06037213202
213310,2024,1,4,2,1,26,54,34,17,0,0,0,0,0,1,6,0,2,0,0,0,0,0,0,0,0,0,0,0,0,0,0,0,0,0,0,0,0,0,0,0,0,0,0,06037213310
213320,2024,1,4,2,1,26,54,34,11,0,0,0,0,0,1,2,2,8,0,0,0,0,0,0,0,0,0,0,0,0,0,0,0,0,0,0,0,0,0,0,0,0,0,0,06037213320
213401,2024,1,4,2,1,26,54,34,12,0,0,0,0,0,0,2,1,10,9,0,0,0,0,0,0,0,0,0,0,0,0,0,0,0,0,0,0,0,0,0,0,0,0,0,06037213401
213402,2024,1,4,2,1,26,54,34,9,0,0,0,0,0,0,1,1,5,6,0,0,0,0,0,0,0,0,0,0,0,0,0,0,0,0,0,0,0,0,0,0,0,0,0,06037213402
214000,2024,1,4,3,5,24,51,30,2,0,0,0,0,0,0,2,0,0,3,0,0,0,0,0,0,0,0,0,0,0,0,0,0,0,0,0,0,0,0,0,0,0,0,0,06037214000
214100,2024,1,4,2,5,26,51,30,0,0,0,0,0,0,0,0,0,0,0,0,0,0,0,0,0,0,0,0,0,0,0,0,0,0,0,0,0,0,0,0,0,0,0,0,06037214100
214400,2024,1,4,3,5,24,51,30,3,0,0,0,0,0,0,0,0,0,0,0,0,0,0,0,0,0,0,0,0,0,0,0,0,0,0,0,0,0,0,0,0,0,0,0,06037214400
214501,2024,1,4,2,5,24,51,30,5,0,0,0,0,0,3,1,0,7,0,0,0,0,0,0,0,0,0,0,0,0,0,0,0,0,0,0,0,0,0,0,0,0,0,0,06037214501
214503,2024,1,4,2,5,28,51,30,0,0,0,0,0,0,2,1,0,0,0,0,0,0,0,0,0,0,0,0,0,0,0,0,0,0,0,0,0,0,0,0,0,0,0,0,06037214503
214504,2024,1,4,2,5,28,51,30,1,0,0,0,0,0,0,1,2,0,0,0,0,0,0,0,0,0,0,0,0,0,0,0,0,0,0,0,0,0,0,0,0,0,0,0,06037214504
214505,2024,1,4,2,5,28,51,30,1,0,0,0,0,0,0,2,0,0,0,0,0,0,0,0,0,0,0,0,0,0,0,0,0,0,0,0,0,0,0,0,0,0,0,0,06037214505
214600,2024,1,4,3,5,24,55,30,2,0,0,0,0,0,0,0,0,4,2,0,0,0,0,0,0,0,0,0,0,0,0,0,0,0,0,0,0,0,0,0,0,0,0,0,06037214600
214700,2024,1,4,3,5,28,55,30,4,0,0,0,0,0,0,0,0,3,4,0,0,0,0,0,0,0,0,0,0,0,0,0,0,0,0,0,0,0,0,0,0,0,0,0,06037214700
214800,2024,1,4,3,5,24,55,30,7,0,0,0,0,0,1,1,0,3,1,0,0,0,0,0,0,0,0,0,0,0,0,0,0,0,0,0,0,0,0,0,0,0,0,0,06037214800
214902,2024,1,4,3,5,24,55,30,0,0,0,0,0,0,0,0,0,2,3,0,0,0,0,0,0,0,0,0,0,0,0,0,0,0,0,0,0,0,0,0,0,0,0,0,06037214902
214903,2024,1,4,3,5,24,55,30,1,0,0,0,0,0,0,0,0,0,0,0,0,0,0,0,0,0,0,0,0,0,0,0,0,0,0,0,0,0,0,0,0,0,0,0,06037214903
214904,2024,1,4,3,5,24,55,30,0,0,0,0,0,0,0,0,0,0,0,0,0,0,0,0,0,0,0,0,0,0,0,0,0,0,0,0,0,0,0,0,0,0,0,0,06037214904
215101,2024,1,4,2,5,28,55,30,21,0,0,0,0,0,1,1,0,1,0,0,0,0,0,0,0,0,0,0,0,0,0,0,0,0,0,0,0,0,0,0,0,0,0,0,06037215101
215102,2024,1,4,2,5,28,51,30,9,0,0,0,0,0,0,1,1,0,6,0,0,0,0,0,0,0,0,0,0,0,0,0,0,0,0,0,0,0,0,0,0,0,0,0,06037215102
216100,2024,1,4,2,5,26,51,30,1,0,0,0,0,0,0,0,0,0,0,0,0,0,0,0,0,0,0,0,0,0,0,0,0,0,0,0,0,0,0,0,0,0,0,0,06037216100
216201,2024,1,4,2,5,26,51,30,4,0,0,0,0,0,0,0,1,1,1,0,0,0,0,0,0,0,0,0,0,0,0,0,0,0,0,0,0,0,0,0,0,0,0,0,06037216201
216202,2024,1,4,2,5,28,55,30,0,0,0,0,0,0,1,0,0,0,0,0,0,0,0,0,0,0,0,0,0,0,0,0,0,0,0,0,0,0,0,0,0,0,0,0,06037216202
216301,2024,1,4,2,5,28,55,30,5,0,0,0,0,0,0,0,0,0,0,0,0,0,0,0,0,0,0,0,0,0,0,0,0,0,0,0,0,0,0,0,0,0,0,0,06037216301
216302,2024,1,4,2,5,28,55,30,3,0,0,0,0,0,0,0,0,6,0,0,0,0,0,0,0,0,0,0,0,0,0,0,0,0,0,0,0,0,0,0,0,0,0,0,06037216302
216401,2024,1,5,3,5,28,55,37,1,0,0,0,0,0,0,0,0,0,0,0,0,0,0,0,0,0,0,0,0,0,0,0,0,0,0,0,0,0,0,0,0,0,0,0,06037216401
216402,2024,1,5,3,5,28,55,37,0,0,0,0,0,0,0,1,2,0,0,0,0,0,0,0,0,0,0,0,0,0,0,0,0,0,0,0,0,0,0,0,0,0,0,0,06037216402
216700,2024,1,4,2,5,28,55,37,0,0,0,0,0,0,0,3,0,0,0,0,0,0,0,0,0,0,0,0,0,0,0,0,0,0,0,0,0,0,0,0,0,0,0,0,06037216700
216800,2024,1,4,2,5,28,55,37,1,0,0,0,0,0,0,3,2,1,1,0,0,0,0,0,0,0,0,0,0,0,0,0,0,0,0,0,0,0,0,0,0,0,0,0,06037216800
216901,2024,1,4,2,10,28,55,37,0,0,0,0,0,0,0,0,1,2,0,0,0,0,0,0,0,0,0,0,0,0,0,0,0,0,0,0,0,0,0,0,0,0,0,0,06037216901
216902,2024,1,4,2,10,28,55,37,0,0,0,0,0,0,2,0,0,0,0,0,0,0,0,0,0,0,0,0,0,0,0,0,0,0,0,0,0,0,0,0,0,0,0,0,06037216902
217001,2024,1,5,3,5,28,55,37,0,0,0,0,0,0,0,0,1,0,0,0,0,0,0,0,0,0,0,0,0,0,0,0,0,0,0,0,0,0,0,0,0,0,0,0,06037217001
217002,2024,1,5,3,5,28,55,37,1,0,0,0,0,0,0,0,1,0,2,78,13,35,0,3,8,0,1,0,0,0,0,0,0,0,0,0,0,0,0,0,121,1,0,122,06037217002
217101,2024,1,4,2,10,28,55,37,0,0,0,0,0,0,0,0,1,0,0,0,0,0,0,0,0,0,0,0,0,0,0,0,0,0,0,0,0,0,0,0,0,0,0,0,06037217101
217102,2024,1,4,2,10,28,55,37,2,0,0,0,0,0,0,0,0,0,0,0,0,0,0,0,0,0,0,0,0,0,0,0,0,0,0,0,0,0,0,0,0,0,0,0,06037217102
217200,2024,1,4,2,10,28,55,37,1,0,0,0,0,0,0,1,6,1,0,0,0,0,0,0,0,0,0,0,0,0,0,0,0,0,0,0,0,0,0,0,0,0,0,0,06037217200
218110,2024,1,4,2,10,28,55,37,0,0,0,0,0,0,1,0,3,0,0,0,0,0,0,0,0,0,0,0,0,0,0,0,0,0,0,0,0,0,0,0,0,0,0,0,06037218110
218120,2024,1,4,2,10,28,55,37,0,0,0,0,0,0,0,1,2,0,0,0,0,0,0,0,0,0,0,0,0,0,0,0,0,0,0,0,0,0,0,0,0,0,0,0,06037218120
218210,2024,1,4,2,10,28,55,37,0,0,0,0,0,0,0,0,0,0,0,4,1,4,1,0,0,0,0,0,0,0,0,0,0,0,0,0,0,0,0,0,9,0,0,9,06037218210
218220,2024,1,4,2,10,28,55,37,1,0,0,0,0,0,0,0,0,4,1,0,0,0,0,0,0,0,0,0,0,0,0,0,0,0,0,0,0,0,0,0,0,0,0,0,06037218220
218300,2024,1,4,2,10,28,55,37,2,0,0,0,0,0,0,1,8,2,1,4,5,14,0,3,7,0,0,0,0,0,0,0,0,0,0,0,0,0,0,0,25,0,0,25,06037218300
218400,2024,1,6,2,10,28,55,37,5,0,0,0,0,0,0,2,0,0,7,0,0,0,0,0,0,0,0,0,0,0,0,0,0,0,0,0,0,0,0,0,0,0,0,0,06037218400
218500,2024,1,6,2,10,28,55,37,5,0,0,0,0,0,0,2,0,0,3,54,0,0,1,0,0,0,0,0,0,0,0,0,0,0,0,0,0,0,0,0,55,0,0,55,06037218500
218600,2024,1,6,2,10,28,55,37,2,0,0,0,0,0,0,1,0,0,2,75,0,0,5,0,0,0,0,0,0,0,0,0,0,0,0,0,0,0,0,0,80,0,0,80,06037218600
218701,2024,1,6,2,10,28,55,37,5,0,0,0,0,0,0,0,0,1,2,30,0,0,1,0,0,0,0,0,0,0,0,0,0,0,0,0,0,0,0,0,31,0,0,31,06037218701
218702,2024,1,6,2,10,28,55,37,2,0,0,0,0,0,1,0,3,1,0,6,0,0,0,0,0,0,2,0,0,9,0,0,0,0,0,0,0,0,0,0,6,11,0,17,06037218702
218800,2024,1,6,2,10,28,55,37,3,0,0,0,0,0,7,0,9,2,2,0,0,0,0,0,0,0,0,0,0,0,0,0,0,0,0,0,0,0,0,0,0,0,0,0,06037218800
218900,2024,1,6,2,10,28,55,37,12,0,0,0,0,0,5,1,0,0,0,0,0,0,0,0,0,0,0,0,0,0,0,0,0,0,0,0,0,0,0,0,0,0,0,0,06037218900
219010,2024,1,6,2,10,28,55,37,3,0,0,0,0,0,2,6,4,0,1,21,0,0,0,0,0,0,0,0,0,0,0,0,0,0,0,0,0,0,0,0,21,0,0,21,06037219010
219020,2024,1,6,2,10,28,55,37,0,0,0,0,0,0,4,10,8,0,0,0,0,0,0,0,0,0,31,0,0,0,0,0,0,0,0,0,0,0,0,0,0,31,0,31,06037219020
219300,2024,1,6,2,10,28,55,37,17,0,0,0,0,0,2,5,2,2,10,0,0,0,0,0,0,0,0,0,0,0,0,0,0,0,0,0,0,0,0,0,0,0,0,0,06037219300
219500,2024,1,6,2,10,28,55,37,0,0,0,0,0,0,0,0,1,0,0,0,0,0,0,0,0,0,0,0,0,0,0,0,0,0,0,0,0,0,0,0,0,0,0,0,06037219500
219700,2024,1,6,2,10,28,55,37,0,0,0,0,0,0,8,8,13,2,0,0,0,0,0,0,0,0,0,0,0,0,0,0,0,0,0,0,0,0,0,0,0,0,0,0,06037219700
219800,2024,1,6,2,10,28,55,37,0,0,0,0,0,0,0,0,0,0,0,0,0,0,0,0,0,0,0,0,0,0,0,0,0,0,0,0,0,0,0,0,0,0,0,0,06037219800
219901,2024,1,6,2,10,28,55,37,1,0,0,0,0,0,0,0,0,0,0,0,0,0,0,0,0,0,0,0,0,0,0,0,0,0,0,0,0,0,0,0,0,0,0,0,06037219901
219902,2024,1,6,2,10,28,55,37,2,0,0,0,0,0,0,0,3,1,0,0,0,0,0,0,0,0,0,0,0,0,0,0,0,0,0,0,0,0,0,0,0,0,0,0,06037219902
220000,2024,1,6,2,10,28,55,37,5,0,0,0,0,0,0,0,8,2,0,0,0,0,0,0,0,0,0,0,0,0,0,0,0,0,0,0,0,0,0,0,0,0,0,0,06037220000
220100,2024,1,6,2,10,28,55,37,0,0,0,0,0,0,0,0,2,0,0,0,0,0,0,0,0,0,0,0,0,0,0,0,0,0,0,0,0,0,0,0,0,0,0,0,06037220100
221110,2024,1,4,1,1,26,54,34,1,0,0,0,0,0,0,0,0,0,0,0,0,0,0,0,0,0,0,0,0,0,0,0,0,0,0,0,0,0,0,0,0,0,0,0,06037221110
221120,2024,1,4,1,1,26,54,34,5,0,0,0,0,0,5,4,3,2,3,0,0,0,0,0,0,0,0,0,0,0,0,0,0,0,0,0,0,0,0,0,0,0,0,0,06037221120
221210,2024,1,4,2,10,28,54,37,3,0,0,0,0,0,3,8,11,5,0,0,0,0,0,0,0,0,0,0,0,0,0,0,0,0,0,0,0,0,0,0,0,0,0,0,06037221210
221220,2024,1,4,2,1,26,54,34,6,0,0,0,0,0,7,6,16,13,0,0,0,0,0,0,0,0,0,0,0,0,0,0,0,0,0,0,0,0,0,0,0,0,0,0,06037221220
221302,2024,1,4,2,10,28,54,37,7,0,0,0,0,0,1,0,1,2,0,10,0,0,1,0,0,0,0,0,0,0,0,0,0,0,0,0,0,0,0,0,11,0,0,11,06037221302
221303,2024,1,4,2,10,28,54,37,5,0,0,0,0,0,0,0,0,5,0,0,0,0,0,0,0,0,0,0,0,0,0,0,0,0,0,0,0,0,0,0,0,0,0,0,06037221303
221304,2024,1,4,2,10,28,55,37,3,0,0,0,0,0,0,0,0,5,0,0,0,0,0,0,0,0,0,0,0,0,0,0,0,0,0,0,0,0,0,0,0,0,0,0,06037221304
221401,2024,1,6,2,10,28,55,37,2,0,0,0,0,0,0,0,0,1,0,0,0,0,0,0,0,0,0,0,0,0,0,0,0,0,0,0,0,0,0,0,0,0,0,0,06037221401
221402,2024,1,6,2,10,28,54,37,2,0,0,0,0,0,0,2,0,0,1,0,0,0,0,0,0,0,0,0,0,0,0,0,0,0,0,0,0,0,0,0,0,0,0,0,06037221402
221500,2024,1,6,2,8,28,55,37,5,0,0,0,0,0,4,3,15,10,0,0,0,0,0,0,0,0,0,0,0,0,0,0,0,0,0,0,0,0,0,0,0,0,0,0,06037221500
221601,2024,1,6,2,8,28,57,37,8,0,0,0,0,0,0,7,10,11,0,0,0,0,0,0,0,0,0,0,0,0,0,0,0,0,0,0,0,0,0,0,0,0,0,0,06037221601
221602,2024,1,6,2,1,26,54,34,24,0,0,0,0,0,2,11,8,8,3,0,0,0,0,0,0,0,0,0,0,0,0,0,0,0,0,0,0,0,0,0,0,0,0,0,06037221602
221710,2024,1,6,2,8,28,57,37,10,0,0,0,0,0,0,13,5,0,0,0,0,0,0,0,0,0,0,0,0,0,0,0,0,0,0,0,0,0,0,0,0,0,0,0,06037221710
221810,2024,1,6,2,8,28,57,37,4,0,0,0,0,0,3,0,1,1,0,0,0,0,0,0,0,0,0,0,0,0,0,0,0,0,0,0,0,0,0,0,0,0,0,0,06037221810
221820,2024,1,6,2,9,28,57,37,0,0,0,0,0,0,0,0,0,0,0,0,0,0,0,0,0,0,0,0,0,0,0,0,0,0,0,0,0,0,0,0,0,0,0,0,06037221820
221900,2024,1,6,2,8,28,57,37,2,0,0,0,0,0,0,1,1,0,1,0,0,0,0,0,0,0,0,0,0,0,0,0,0,0,0,0,0,0,0,0,0,0,0,0,06037221900
222001,2024,1,6,2,10,28,55,37,0,0,0,0,0,0,0,1,0,2,1,0,0,0,0,0,0,0,0,0,0,0,0,0,0,0,0,0,0,0,0,0,0,0,0,0,06037222001
222002,2024,1,6,2,8,28,55,37,0,0,0,0,0,0,0,1,1,0,3,0,0,0,0,0,0,0,0,0,0,0,0,0,0,0,0,0,0,0,0,0,0,0,0,0,06037222002
222100,2024,1,6,2,8,28,55,37,0,0,0,0,0,0,0,0,5,0,0,0,0,0,0,0,0,0,0,0,0,0,0,0,0,0,0,0,0,0,0,0,0,0,0,0,06037222100
222200,2024,1,6,2,8,28,55,37,46,0,0,0,0,0,34,30,34,35,0,0,0,0,0,0,0,0,0,0,0,0,0,0,0,0,0,0,0,0,0,0,0,0,0,0,06037222200
222500,2024,1,6,2,8,28,55,37,15,0,0,0,0,0,7,1,7,1,0,0,0,0,0,0,0,0,0,0,0,0,0,0,0,0,0,0,0,0,0,0,0,0,0,0,06037222500
222600,2024,1,6,2,8,28,57,37,0,0,0,0,0,0,1,2,2,4,0,0,0,0,0,0,0,0,0,0,0,0,0,0,0,0,0,0,0,0,0,0,0,0,0,0,06037222600
222700,2024,1,6,2,9,28,57,37,0,0,0,0,0,0,0,0,0,0,0,0,0,0,0,0,0,0,0,0,0,0,0,0,0,0,0,0,0,0,0,0,0,0,0,0,06037222700
224010,2024,1,4,1,9,28,57,37,49,0,0,0,0,0,10,0,4,36,9,0,0,0,0,0,0,0,0,0,0,0,0,0,0,0,0,0,0,0,0,0,0,0,0,0,06037224010
224020,2024,1,4,1,9,28,57,37,15,0,0,0,0,0,2,2,24,8,52,65,71,163,3,11,23,0,0,0,0,0,0,0,0,0,0,0,0,0,0,0,254,0,0,254,06037224020
224200,2024,1,4,1,1,26,54,34,11,0,0,0,0,0,6,10,6,8,29,10,0,0,0,0,0,0,0,0,0,0,0,0,0,0,0,0,0,0,0,0,10,0,0,10,06037224200
224310,2024,1,4,1,1,26,54,34,3,0,0,0,0,0,0,0,0,1,0,1,7,30,0,0,0,0,0,0,0,0,0,0,0,0,0,0,0,0,0,0,31,0,0,31,06037224310
224320,2024,1,4,1,1,26,54,34,5,0,0,0,0,0,1,3,0,3,2,0,0,0,0,0,0,0,0,0,0,0,0,0,0,0,0,0,0,0,0,0,0,0,0,0,06037224320
224410,2024,1,6,2,1,28,57,37,6,0,0,0,0,0,0,1,0,0,2,0,0,0,0,0,0,0,0,0,0,0,0,0,0,0,0,0,0,0,0,0,0,0,0,0,06037224410
224420,2024,1,6,2,1,28,57,37,1,0,0,0,0,0,1,2,3,0,0,0,0,0,0,0,0,0,0,0,0,0,0,0,0,0,0,0,0,0,0,0,0,0,0,0,06037224420
224600,2024,1,6,2,9,28,57,37,2,0,0,0,0,0,22,2,30,11,86,86,0,0,3,0,0,0,17,0,0,0,0,0,0,0,0,0,0,0,0,0,89,17,0,106,06037224600
224701,2024,1,6,2,9,28,57,37,1,0,0,0,0,0,2,1,2,0,0,0,0,0,0,0,0,0,0,0,0,0,0,0,0,0,0,0,0,0,0,0,0,0,0,0,06037224701
224702,2024,1,6,2,9,28,57,37,10,0,0,0,0,0,2,1,2,0,1,42,0,0,1,0,0,0,0,0,0,0,0,0,0,0,0,0,0,0,0,0,43,0,0,43,06037224702
226001,2024,1,4,1,9,28,57,37,48,0,0,0,0,0,37,13,67,6,69,0,0,0,0,0,0,0,0,0,0,0,0,0,0,0,0,0,0,0,0,0,0,0,0,0,06037226001
226002,2024,1,4,1,14,28,57,37,189,0,0,0,0,0,23,18,38,96,100,118,0,0,2,0,0,0,0,0,0,0,0,0,0,0,0,0,0,0,0,0,120,0,0,120,06037226002
226410,2024,1,6,2,9,28,57,37,1,1,8,0,0,0,2,6,4,6,0,0,0,0,0,0,0,0,0,0,0,0,0,0,0,0,0,0,0,0,0,0,0,0,0,0,06037226410
226420,2024,1,6,2,9,28,57,37,4,0,0,0,0,0,0,2,2,0,0,0,0,0,0,0,0,0,0,0,0,0,0,0,0,0,0,0,0,0,0,0,0,0,0,0,06037226420
226701,2024,1,6,2,9,28,57,37,11,0,0,0,0,0,0,4,3,13,0,0,0,0,0,0,0,0,0,0,0,0,0,0,0,0,0,0,0,0,0,0,0,0,0,0,06037226701
226702,2024,1,6,2,9,28,57,37,4,0,0,0,0,0,0,0,2,0,0,0,0,0,0,0,0,0,0,0,0,0,0,0,0,0,0,0,0,0,0,0,0,0,0,0,06037226702
227010,2024,1,6,2,9,28,57,37,2,0,0,87,0,0,2,2,9,13,1,0,0,0,0,0,0,0,0,0,0,0,0,0,0,0,0,0,0,0,0,0,0,0,0,0,06037227010
227020,2024,1,6,2,9,28,57,37,0,0,0,0,0,0,0,0,3,0,0,0,0,0,0,0,0,0,0,0,0,0,0,0,0,0,0,0,0,0,0,0,0,0,0,0,06037227020
228100,2024,1,6,2,9,28,57,37,1,0,0,0,0,0,12,5,12,12,0,23,0,0,3,0,0,0,0,0,0,0,0,0,0,0,0,0,0,0,0,0,26,0,0,26,06037228100
228210,2024,1,6,2,9,28,57,37,0,0,0,0,0,0,0,2,2,0,0,0,0,0,0,0,0,0,0,0,0,0,0,0,0,0,0,0,0,0,0,0,0,0,0,0,06037228210
228220,2024,1,6,2,9,28,57,37,11,0,0,0,0,0,17,24,1,2,4,0,0,0,0,0,0,0,0,0,0,0,0,0,0,0,0,0,0,0,0,0,0,0,0,0,06037228220
228310,2024,1,6,2,9,28,57,37,14,0,0,0,0,0,0,1,7,6,4,0,0,0,0,0,0,0,0,0,0,0,0,0,0,0,0,0,0,0,0,0,0,0,0,0,06037228310
228320,2024,1,6,2,9,28,57,37,24,0,0,0,0,0,0,0,0,11,0,0,0,0,0,0,0,0,0,0,0,0,0,0,0,0,0,0,0,0,0,0,0,0,0,0,06037228320
228410,2024,1,6,2,9,28,57,37,2,0,0,0,0,0,2,3,3,4,0,0,0,0,0,0,0,0,0,0,0,0,0,0,0,0,0,0,0,0,0,0,0,0,0,0,06037228410
228420,2024,1,6,2,9,28,57,37,5,0,0,0,0,0,2,3,2,3,2,0,0,0,0,0,0,0,0,0,0,0,0,0,0,0,0,0,0,0,0,0,0,0,0,0,06037228420
228500,2024,1,6,2,9,28,57,37,18,0,0,0,0,0,1,12,3,4,0,30,0,0,2,0,0,0,0,0,0,1,0,0,0,0,0,0,0,0,0,0,32,1,0,33,06037228500
228600,2024,1,6,2,9,28,57,37,0,0,0,5,0,0,0,0,1,0,0,2,0,0,0,0,0,0,0,0,0,0,0,0,0,0,0,0,0,0,0,0,2,0,0,2,06037228600
228710,2024,1,6,2,9,28,57,37,5,0,0,0,0,0,3,3,0,0,0,19,0,0,3,0,0,0,0,0,0,0,0,0,0,0,0,0,0,0,0,0,22,0,0,22,06037228710
228720,2024,1,6,2,9,28,57,37,23,0,0,0,0,0,9,23,3,0,3,0,0,0,0,0,0,0,0,0,0,0,0,0,0,0,0,0,0,0,0,0,0,0,0,0,06037228720
228800,2024,1,6,2,9,28,57,37,11,0,0,0,0,0,18,8,20,10,11,0,0,0,0,0,0,0,0,0,0,0,0,0,0,0,0,0,0,0,0,0,0,0,0,0,06037228800
228900,2024,1,6,2,9,28,57,37,5,0,0,0,0,0,8,15,14,1,9,0,1,2,0,0,0,0,0,0,0,0,0,0,0,0,0,0,0,0,0,0,2,0,0,2,06037228900
229100,2024,1,6,2,9,28,57,37,0,0,0,0,0,0,5,9,4,0,0,0,0,0,0,0,0,0,0,0,0,0,0,0,0,0,0,0,0,0,0,0,0,0,0,0,06037229100
229200,2024,1,6,2,9,28,57,37,1,0,0,0,0,0,7,7,5,0,0,0,0,0,48,0,0,1,0,0,0,0,0,0,0,0,0,0,0,0,0,0,49,0,0,49,06037229200
229300,2024,1,6,2,9,28,57,37,1,0,0,0,0,0,6,1,4,1,0,0,14,42,0,0,0,0,0,0,0,0,0,0,0,0,0,0,0,0,0,0,42,0,0,42,06037229300
229410,2024,1,6,2,9,28,57,37,7,0,0,0,0,0,12,4,8,2,1,0,0,0,0,0,0,0,0,0,0,0,0,0,0,0,0,0,0,0,0,0,0,0,0,0,06037229410
229420,2024,1,6,2,9,28,57,37,7,0,0,0,0,0,0,0,1,1,2,0,0,0,0,0,0,0,0,0,0,0,0,0,0,0,0,0,0,0,0,0,0,0,0,0,06037229420
231100,2024,1,6,2,9,28,57,37,9,0,0,0,0,0,4,2,16,11,11,161,0,0,5,0,0,0,0,0,0,0,0,0,0,0,0,0,0,0,0,0,166,0,0,166,06037231100
231210,2024,1,6,2,8,28,57,37,45,0,0,0,0,0,52,25,31,11,0,0,0,0,0,0,0,0,3,0,0,1,0,0,0,0,0,0,0,0,0,0,0,4,0,4,06037231210
231220,2024,1,6,2,8,28,57,37,5,0,0,0,0,0,1,6,7,0,0,0,0,0,7,0,0,0,0,0,0,0,0,0,0,0,0,0,0,0,0,0,7,0,0,7,06037231220
231301,2024,1,6,2,8,28,55,37,5,0,0,0,0,0,4,0,5,1,0,0,0,0,0,0,0,0,0,0,0,0,0,0,0,0,0,0,0,0,0,0,0,0,0,0,06037231301
231302,2024,1,6,2,8,28,55,37,7,0,0,0,0,0,0,0,6,0,0,0,0,0,0,0,0,0,0,0,0,0,0,0,0,0,0,0,0,0,0,0,0,0,0,0,06037231302
231400,2024,1,6,2,8,28,55,37,14,0,0,0,0,0,0,5,2,0,0,0,0,0,0,0,0,0,0,0,0,0,0,0,0,0,0,0,0,0,0,0,0,0,0,0,06037231400
231500,2024,1,6,2,8,28,55,37,1,0,0,0,0,0,1,0,11,0,0,0,0,0,0,0,0,0,0,0,0,0,0,0,0,0,0,0,0,0,0,0,0,0,0,0,06037231500
231601,2024,1,6,2,8,28,55,37,1,0,0,0,0,0,0,0,3,0,0,0,0,0,0,0,0,0,0,0,0,0,0,0,0,0,0,0,0,0,0,0,0,0,0,0,06037231601
231602,2024,1,6,2,9,28,57,37,1,0,0,0,0,0,2,0,0,0,0,0,0,0,0,0,0,0,0,0,0,0,0,0,0,0,0,0,0,0,0,0,0,0,0,0,06037231602
231603,2024,1,6,2,9,28,57,37,0,0,0,0,0,0,0,0,0,0,0,18,0,0,0,0,0,0,0,0,0,0,0,0,0,0,0,0,0,0,0,0,18,0,0,18,06037231603
231710,2024,1,6,2,9,28,57,37,0,0,0,0,0,0,0,0,0,0,0,39,0,0,0,0,0,0,0,0,0,0,0,0,0,0,0,0,0,0,0,0,39,0,0,39,06037231710
231720,2024,1,6,2,9,28,57,37,0,0,0,0,0,0,0,0,0,0,1,0,0,0,0,0,0,0,0,0,0,0,0,0,0,0,0,0,0,0,0,0,0,0,0,0,06037231720
231800,2024,1,6,2,9,28,57,37,6,0,0,0,0,0,3,2,5,1,19,0,13,26,0,0,0,0,0,0,0,0,0,0,0,0,0,0,0,0,0,0,26,0,0,26,06037231800
231901,2024,1,6,2,9,28,57,37,9,0,0,0,0,0,6,2,4,0,0,154,10,49,7,0,0,0,0,0,0,0,0,0,0,0,0,0,0,0,0,0,210,0,0,210,06037231901
231902,2024,1,6,2,9,28,57,37,27,0,0,0,0,0,9,5,18,0,5,36,0,0,0,0,0,0,0,0,0,0,0,0,0,0,0,0,0,0,0,0,36,0,0,36,06037231902
232110,2024,1,6,2,9,28,57,37,21,0,0,0,0,0,2,1,8,5,0,51,14,34,0,0,0,0,0,0,0,0,0,0,0,0,0,0,0,0,0,0,85,0,0,85,06037232110
232120,2024,1,6,2,9,28,57,37,1,0,0,0,0,0,0,1,3,0,0,3,11,24,0,0,0,0,0,0,0,0,0,0,0,0,0,0,0,0,0,0,27,0,0,27,06037232120
232200,2024,1,6,2,8,28,55,37,17,0,0,0,0,0,0,2,2,1,0,0,0,0,0,0,0,0,0,0,0,0,0,0,0,0,0,0,0,0,0,0,0,0,0,0,06037232200
232300,2024,1,6,2,8,28,55,37,2,0,0,0,0,0,0,4,7,0,0,0,0,0,0,0,0,0,0,0,0,0,0,0,0,0,0,0,0,0,0,0,0,0,0,0,06037232300
232401,2024,1,6,2,8,28,55,37,0,0,0,0,0,0,0,0,0,0,0,124,0,0,5,0,0,0,0,1,4,0,8,17,0,0,0,0,0,0,0,0,129,21,0,150,06037232401
232402,2024,1,6,2,8,28,55,37,0,0,0,0,0,0,0,2,8,0,0,0,5,17,0,0,0,0,0,0,0,0,0,0,0,0,0,0,0,0,0,0,17,0,0,17,06037232402
232500,2024,1,6,2,8,28,57,37,2,0,0,0,0,0,0,0,2,1,0,135,0,0,9,0,0,0,0,0,0,0,0,0,0,0,0,0,0,0,0,0,144,0,0,144,06037232500
232601,2024,1,6,2,8,28,57,37,0,0,0,0,0,0,0,0,0,0,1,0,0,0,0,0,0,0,0,0,0,0,0,0,0,0,0,0,0,0,0,0,0,0,0,0,06037232601
232602,2024,1,6,2,9,28,57,37,4,0,0,0,0,0,0,0,5,4,2,0,0,0,0,0,0,0,0,0,0,0,0,0,0,0,0,0,0,0,0,0,0,0,0,0,06037232602
232701,2024,1,6,2,9,28,57,37,0,0,0,0,0,0,3,2,2,0,1,0,0,0,0,0,0,0,0,0,0,0,0,0,0,0,0,0,0,0,0,0,0,0,0,0,06037232701
232702,2024,1,6,2,9,28,57,37,1,0,0,0,0,0,4,1,2,3,0,79,5,12,6,0,0,1,0,0,0,0,0,0,0,0,0,0,0,0,0,0,98,0,0,98,06037232702
232800,2024,1,6,2,9,28,57,37,10,0,0,0,0,0,0,3,14,1,3,0,0,0,0,0,0,0,0,0,0,0,0,0,0,0,0,0,0,0,0,0,0,0,0,0,06037232800
234001,2024,1,6,2,10,28,55,37,8,0,0,0,0,0,0,0,1,0,0,0,0,0,0,0,0,0,0,0,0,0,0,0,0,0,0,0,0,0,0,0,0,0,0,0,06037234001
234002,2024,1,6,2,8,28,55,37,1,0,0,0,0,0,7,5,2,0,0,0,0,0,0,0,0,0,0,0,0,0,0,0,0,0,0,0,0,0,0,0,0,0,0,0,06037234002
234200,2024,1,6,2,10,28,55,37,2,0,0,0,0,0,2,0,0,2,0,0,0,0,0,0,0,0,0,0,0,0,0,0,0,0,0,0,0,0,0,0,0,0,0,0,06037234200
234301,2024,1,6,2,8,28,55,37,32,0,0,0,0,0,2,2,2,7,0,0,0,0,0,0,0,0,0,0,0,0,0,0,0,0,0,0,0,0,0,0,0,0,0,0,06037234301
234302,2024,1,6,2,10,28,55,37,5,0,0,0,0,0,1,3,1,2,0,0,0,0,0,0,0,0,0,0,0,0,0,0,0,0,0,0,0,0,0,0,0,0,0,0,06037234302
234501,2024,1,6,2,8,28,55,37,0,0,0,0,0,0,0,2,4,0,0,0,0,0,0,0,0,0,0,0,0,0,0,0,0,0,0,0,0,0,0,0,0,0,0,0,06037234501
234502,2024,1,6,2,8,28,55,37,3,1,5,0,0,0,3,4,5,0,0,10,0,0,0,0,0,0,0,0,0,0,0,0,0,0,0,0,0,0,0,0,10,0,0,10,06037234502
234600,2024,1,6,2,8,28,55,37,28,0,0,0,0,0,6,1,3,1,0,56,0,0,0,0,0,0,0,0,0,6,0,0,0,0,0,0,0,0,0,0,56,6,0,62,06037234600
234700,2024,1,6,2,8,28,55,37,5,0,0,0,0,0,2,1,1,1,0,0,0,0,0,0,0,0,0,0,0,0,0,0,0,0,0,0,0,0,0,0,0,0,0,0,06037234700
234800,2024,1,6,2,8,28,61,37,0,0,0,0,0,0,2,4,4,0,1,0,0,0,0,0,0,0,0,0,0,0,0,0,0,0,0,0,0,0,0,0,0,0,0,0,06037234800
234901,2024,1,6,2,8,28,61,37,0,0,0,0,0,0,0,0,3,0,0,0,0,0,0,0,0,0,0,0,0,0,0,0,0,0,0,0,0,0,0,0,0,0,0,0,06037234901
234902,2024,1,6,2,8,28,55,37,0,0,0,0,0,0,1,1,2,0,0,0,0,0,0,0,0,0,0,0,0,0,0,0,0,0,0,0,0,0,0,0,0,0,0,0,06037234902
235100,2024,1,6,2,8,28,55,37,1,0,0,0,0,0,0,0,0,0,0,0,0,0,0,0,0,0,0,0,0,0,0,0,0,0,0,0,0,0,0,0,0,0,0,0,06037235100
235201,2024,1,6,2,8,28,61,37,0,0,0,0,0,0,0,0,0,0,0,0,0,0,0,0,0,0,0,0,0,0,0,0,0,0,0,0,0,0,0,0,0,0,0,0,06037235201
235202,2024,1,6,2,8,28,61,37,8,0,0,0,0,0,0,4,0,8,0,0,0,0,0,0,0,0,0,0,0,0,0,0,0,0,0,0,0,0,0,0,0,0,0,0,06037235202
236001,2024,1,6,2,10,28,55,37,7,0,0,0,0,0,0,0,0,12,1,0,0,0,0,0,0,0,0,0,0,0,0,0,0,0,0,0,0,0,0,0,0,0,0,0,06037236001
236101,2024,1,6,2,8,28,55,37,3,0,0,0,0,0,0,0,1,0,0,0,0,0,0,0,0,0,0,0,0,0,0,0,0,0,0,0,0,0,0,0,0,0,0,0,06037236101
236102,2024,1,6,2,8,28,55,37,6,0,0,0,0,0,0,0,8,5,0,0,0,0,0,0,0,0,0,0,0,0,0,0,0,0,0,0,0,0,0,0,0,0,0,0,06037236102
236203,2024,1,6,2,10,28,55,37,0,0,0,0,0,0,1,0,4,0,0,0,0,0,0,0,0,0,0,0,0,0,0,0,0,0,0,0,0,0,0,0,0,0,0,0,06037236203
236204,2024,1,6,2,10,28,55,37,1,0,0,0,0,0,2,0,0,0,0,0,0,0,0,0,0,0,0,0,0,0,0,0,0,0,0,0,0,0,0,0,0,0,0,0,06037236204
236205,2024,1,6,2,10,28,55,37,0,0,0,0,0,0,0,1,0,0,0,0,0,0,0,0,0,0,0,0,0,0,0,0,0,0,0,0,0,0,0,0,0,0,0,0,06037236205
236206,2024,1,6,2,10,28,55,37,0,0,0,0,0,0,0,0,0,0,0,0,0,0,0,0,0,0,0,0,0,0,0,0,0,0,0,0,0,0,0,0,0,0,0,0,06037236206
236400,2024,1,6,2,8,28,55,37,0,0,0,0,0,0,2,0,1,0,0,0,0,0,0,0,0,0,0,0,0,0,0,0,0,0,0,0,0,0,0,0,0,0,0,0,06037236400
237101,2024,1,6,2,8,28,57,37,7,0,0,0,0,0,1,0,6,0,1,19,0,0,0,0,0,0,2,0,0,7,0,0,0,0,0,0,0,0,0,0,19,9,0,28,06037237101
237102,2024,1,6,2,9,28,57,37,7,0,0,0,0,0,0,0,0,0,3,10,0,0,0,0,0,0,0,0,0,0,0,0,0,0,0,0,0,0,0,0,10,0,0,10,06037237102
237201,2024,1,6,2,8,28,57,37,6,0,0,0,0,0,2,0,3,0,0,117,0,0,5,0,0,0,0,0,0,0,5,11,0,0,0,0,0,0,0,0,122,11,0,133,06037237201
237202,2024,1,6,2,8,28,57,37,13,0,0,0,0,0,14,3,36,1,0,63,0,0,0,0,0,0,0,0,0,0,0,0,0,0,0,0,0,0,0,0,63,0,0,63,06037237202
237300,2024,1,6,2,8,28,57,37,3,0,0,0,0,0,28,5,15,2,1,0,0,0,0,0,0,0,0,0,0,0,0,0,0,0,0,0,0,0,0,0,0,0,0,0,06037237300
237401,2024,1,6,2,8,28,57,37,11,0,0,0,0,0,42,16,21,4,0,0,0,0,0,0,0,0,0,0,0,1,7,15,2,0,0,0,0,0,0,0,0,18,0,18,06037237401
237402,2024,1,6,2,8,28,57,37,6,0,0,0,0,0,22,11,10,3,0,0,0,0,0,0,0,0,0,0,0,0,0,0,0,0,0,0,0,0,0,0,0,0,0,0,06037237402
237500,2024,1,6,2,8,28,57,37,0,0,0,0,0,0,0,0,0,0,0,0,0,0,0,0,0,0,0,0,0,0,0,0,0,0,0,0,0,0,0,0,0,0,0,0,06037237500
237600,2024,1,6,2,8,28,57,37,11,0,0,0,0,0,4,0,1,0,0,0,0,0,0,0,0,0,0,0,0,0,0,0,0,0,0,0,0,0,0,0,0,0,0,0,06037237600
237710,2024,1,6,2,8,28,57,37,4,0,0,0,0,0,3,0,1,0,1,35,0,0,7,0,0,0,0,0,0,0,0,0,0,0,0,0,0,0,0,0,42,0,0,42,06037237710
237720,2024,1,6,2,8,28,57,37,0,0,0,0,0,0,1,2,4,3,1,0,0,0,0,0,0,0,0,0,0,0,0,0,0,0,0,0,0,0,0,0,0,0,0,0,06037237720
237800,2024,1,6,2,8,28,57,37,0,0,0,0,0,0,4,0,1,0,0,0,0,0,0,0,0,0,0,0,0,0,0,0,0,0,0,0,0,0,0,0,0,0,0,0,06037237800
237900,2024,1,6,2,8,28,57,37,2,0,0,0,0,0,1,3,9,0,1,0,0,0,0,0,0,0,0,0,0,0,0,0,0,0,0,0,0,0,0,0,0,0,0,0,06037237900
238000,2024,1,6,2,8,28,61,37,2,0,0,0,0,0,4,6,5,3,3,0,0,0,0,0,0,0,0,0,0,0,0,0,0,0,0,0,0,0,0,0,0,0,0,0,06037238000
238100,2024,1,6,2,8,28,57,37,6,0,0,0,0,0,0,4,1,2,1,44,0,0,7,0,0,0,0,0,0,0,0,0,0,0,0,0,0,0,0,0,51,0,0,51,06037238100
238200,2024,1,6,2,8,28,57,37,1,0,0,0,0,0,23,0,15,0,1,182,19,54,4,0,0,0,0,0,0,0,0,0,0,0,0,0,0,0,0,0,240,0,0,240,06037238200
238310,2024,1,6,2,8,28,57,37,6,0,0,0,0,0,2,2,12,0,0,0,0,0,0,0,0,0,0,0,0,0,0,0,0,0,0,0,0,0,0,0,0,0,0,0,06037238310
238320,2024,1,6,2,8,28,57,37,7,1,5,0,0,0,0,3,4,2,0,0,0,0,0,0,0,0,0,0,0,0,0,0,0,0,0,0,0,0,0,0,0,0,0,0,06037238320
238400,2024,1,6,2,8,28,61,37,1,0,0,0,0,0,2,0,11,0,0,25,9,23,3,0,0,0,0,0,0,0,0,0,0,0,0,0,0,0,0,0,51,0,0,51,06037238400
239201,2024,1,6,2,9,28,57,37,11,0,0,0,0,0,0,3,4,1,4,0,0,0,0,0,0,0,0,0,0,0,0,0,0,0,0,0,0,0,0,0,0,0,0,0,06037239201
239202,2024,1,6,2,9,28,57,37,0,0,0,19,1,2,4,4,14,6,5,8,9,45,0,0,0,0,0,0,0,0,0,0,0,0,0,0,0,0,0,0,53,0,0,53,06037239202
239310,2024,1,6,2,9,28,57,37,9,0,0,0,0,0,7,2,4,0,1,0,53,172,0,0,0,0,0,0,0,0,0,0,0,0,0,0,0,0,0,0,172,0,0,172,06037239310
239320,2024,1,6,2,9,28,57,37,9,0,0,0,0,0,0,0,1,0,0,0,0,0,0,0,0,0,0,0,0,0,0,0,0,0,0,0,0,0,0,0,0,0,0,0,06037239320
239330,2024,1,6,2,9,28,57,37,18,0,0,0,0,0,6,0,12,8,0,0,0,0,0,0,0,0,0,0,0,0,0,0,0,0,0,0,0,0,0,0,0,0,0,0,06037239330
239501,2024,1,6,2,9,28,57,37,9,0,0,0,0,0,4,1,15,2,4,0,0,0,0,0,0,0,0,0,0,0,0,0,0,0,0,0,0,0,0,0,0,0,0,0,06037239501
239502,2024,1,6,2,9,28,57,37,5,0,0,0,0,0,1,2,1,1,4,35,0,0,1,0,0,0,0,0,0,0,0,0,0,0,0,0,0,0,0,0,36,0,0,36,06037239502
239601,2024,1,6,2,9,28,57,37,5,0,0,0,0,0,0,0,2,0,0,4,0,0,0,0,0,0,0,0,0,0,0,0,0,0,0,0,0,0,0,0,4,0,0,4,06037239601
239602,2024,1,6,2,9,28,57,37,7,0,0,0,0,0,0,1,1,1,2,0,0,0,0,0,0,0,0,0,0,0,0,0,0,0,0,0,0,0,0,0,0,0,0,0,06037239602
239701,2024,1,6,2,9,28,57,37,0,0,0,0,0,0,4,2,4,0,3,54,0,0,6,0,0,0,0,0,0,0,0,0,0,0,0,0,0,0,0,0,60,0,0,60,06037239701
239702,2024,1,6,2,9,28,57,37,11,0,0,0,0,0,1,2,6,4,2,10,23,61,0,0,0,0,0,0,0,0,0,0,0,0,0,0,0,0,0,0,71,0,0,71,06037239702
239801,2024,1,6,2,9,28,57,37,32,0,0,0,0,0,22,7,12,7,0,49,0,0,1,0,0,0,5,0,0,0,0,0,0,0,0,0,0,0,0,0,50,5,0,55,06037239801
239802,2024,1,6,2,9,28,57,37,17,0,0,0,0,0,1,2,9,4,1,0,0,0,0,0,0,0,3,0,0,8,0,0,0,0,0,0,0,0,0,0,0,11,0,11,06037239802
240010,2024,1,6,2,9,35,57,37,14,0,0,0,0,0,1,2,1,0,1,0,0,0,0,0,0,0,0,0,0,0,0,0,0,0,0,0,0,0,0,0,0,0,0,0,06037240010
240020,2024,1,6,2,9,35,57,37,15,0,0,0,0,0,0,0,3,0,0,20,2,7,0,0,0,0,0,0,0,0,0,0,0,0,0,0,0,0,0,0,27,0,0,27,06037240020
240200,2024,1,6,2,8,35,57,43,9,0,0,0,0,0,2,0,3,18,3,243,0,0,12,0,0,0,0,0,0,0,0,0,0,0,0,0,0,0,0,0,255,0,0,255,06037240200
240301,2024,1,6,2,8,35,61,43,8,0,0,0,0,0,0,0,0,4,9,19,11,30,2,1,2,0,0,0,0,0,0,0,0,0,0,0,0,0,0,0,53,0,0,53,06037240301
240302,2024,1,6,2,8,35,61,43,3,0,0,0,0,0,1,2,7,0,0,0,0,0,0,0,0,0,0,0,0,0,0,0,0,0,0,0,0,0,0,0,0,0,0,0,06037240302
240401,2024,1,6,2,8,35,61,43,7,0,0,0,0,0,2,1,17,11,3,21,13,29,1,0,0,0,0,0,0,0,0,0,0,0,0,0,0,0,0,0,51,0,0,51,06037240401
240402,2024,1,6,2,8,35,61,43,5,0,0,0,0,0,2,0,13,1,2,0,0,0,0,0,0,0,0,0,0,0,0,0,0,0,0,0,0,0,0,0,0,0,0,0,06037240402
240500,2024,1,6,2,8,35,57,43,15,0,0,0,0,0,0,1,1,8,0,27,42,125,8,0,0,0,0,0,0,0,0,0,0,0,0,0,0,0,0,0,160,0,0,160,06037240500
240600,2024,1,6,2,8,35,57,43,9,0,0,0,0,0,0,0,1,3,3,1,0,0,4,0,0,0,8,0,0,0,0,0,0,0,0,0,0,0,0,0,5,8,0,13,06037240600
240700,2024,1,6,2,8,35,57,43,5,0,0,0,0,0,1,7,6,0,0,0,0,0,0,0,0,0,0,0,0,0,0,0,0,0,0,0,0,0,0,0,0,0,0,0,06037240700
240800,2024,1,6,2,8,35,57,43,3,0,0,0,0,0,1,1,13,4,1,2,31,83,0,0,0,0,0,0,0,0,0,0,0,0,0,0,0,0,0,0,85,0,0,85,06037240800
240901,2024,1,6,2,15,35,57,43,5,0,0,0,0,0,0,0,0,0,0,0,0,0,0,0,0,0,0,0,0,0,0,0,0,0,0,0,0,0,0,0,0,0,0,0,06037240901
240902,2024,1,6,2,8,35,57,43,7,0,0,0,0,0,0,6,6,0,3,0,0,0,0,0,0,0,0,0,0,0,0,0,0,0,0,0,0,0,0,0,0,0,0,0,06037240902
241001,2024,1,6,2,15,35,57,43,14,0,0,0,0,0,2,5,4,1,3,0,0,0,0,0,0,0,8,0,0,3,0,0,0,0,0,0,0,0,0,0,0,11,0,11,06037241001
241002,2024,1,6,2,15,35,65,43,0,0,0,0,0,0,0,0,1,10,0,31,0,0,0,0,0,0,0,0,0,0,0,0,0,0,0,0,0,0,0,0,31,0,0,31,06037241002
241110,2024,1,6,2,8,35,57,43,0,0,0,0,0,0,0,0,5,1,0,50,0,0,3,0,0,0,0,0,0,0,0,0,0,0,0,0,0,0,0,0,53,0,0,53,06037241110
241120,2024,1,6,2,8,35,57,43,15,0,0,0,0,0,7,9,16,6,1,0,0,0,0,0,0,0,0,0,0,0,0,0,0,0,0,0,0,0,0,0,0,0,0,0,06037241120
241201,2024,1,6,2,8,35,61,43,0,0,0,0,0,0,1,3,4,1,0,0,0,0,0,0,0,0,20,0,0,4,0,0,0,0,0,0,0,0,0,0,0,24,0,24,06037241201
241202,2024,1,6,2,8,35,61,43,21,0,0,0,0,0,5,3,12,7,2,29,0,0,0,0,0,0,0,0,0,0,0,0,0,0,0,0,0,0,0,0,29,0,0,29,06037241202
241300,2024,1,6,2,15,35,65,43,0,0,0,0,0,0,3,2,7,0,0,0,0,0,0,0,0,0,0,0,0,0,0,0,0,0,0,0,0,0,0,0,0,0,0,0,06037241300
241400,2024,1,6,2,15,35,65,43,2,0,0,0,0,0,4,1,2,4,2,0,0,0,0,0,0,0,0,0,0,0,0,0,0,0,0,0,0,0,0,0,0,0,0,0,06037241400
242000,2024,1,6,2,15,35,65,43,1,0,0,8,0,0,0,1,8,0,0,0,0,0,0,0,0,0,0,0,0,0,0,0,0,0,0,0,0,0,0,0,0,0,0,0,06037242000
242100,2024,1,6,2,15,35,65,43,21,0,0,0,0,0,21,7,6,0,0,0,0,0,0,0,0,0,0,0,0,0,0,0,0,0,0,0,0,0,0,0,0,0,0,0,06037242100
242201,2024,1,6,2,15,35,65,43,5,0,0,0,0,0,0,0,2,2,0,0,0,0,0,0,0,0,0,0,0,0,0,0,0,0,0,0,0,0,0,0,0,0,0,0,06037242201
242202,2024,1,6,2,15,35,65,43,0,0,0,0,0,0,0,3,19,0,0,0,0,0,0,0,0,0,0,0,0,0,0,0,0,0,0,0,0,0,0,0,0,0,0,0,06037242202
242300,2024,1,6,2,15,35,65,43,1,0,0,0,0,0,1,3,7,1,0,0,0,0,0,0,0,0,0,0,0,0,0,0,0,0,0,0,0,0,0,0,0,0,0,0,06037242300
242600,2024,1,6,2,15,35,65,43,19,0,0,0,0,0,3,5,3,7,0,0,0,0,0,0,0,0,0,0,0,0,0,0,0,0,0,0,0,0,0,0,0,0,0,0,06037242600
242700,2024,1,6,2,15,35,65,43,21,0,0,0,0,0,3,0,10,1,6,0,0,0,0,0,0,0,0,0,0,0,0,0,0,0,0,0,0,0,0,0,0,0,0,0,06037242700
243001,2024,1,6,2,15,35,65,43,0,0,0,0,0,0,0,0,0,0,0,0,0,0,0,0,0,0,0,0,0,0,0,0,0,0,0,0,0,0,0,0,0,0,0,0,06037243001
243002,2024,1,6,2,15,35,65,43,1,0,0,0,0,0,2,0,0,0,0,0,0,0,0,0,0,0,0,0,0,0,0,0,0,0,0,0,0,0,0,0,0,0,0,0,06037243002
243100,2024,1,6,2,15,35,65,43,8,0,0,0,0,0,1,3,8,2,6,0,0,0,0,0,0,0,0,0,0,0,0,0,0,0,0,0,0,0,0,0,0,0,0,0,06037243100
261102,2024,1,5,3,5,24,51,32,0,0,0,0,0,0,0,0,0,0,0,0,0,0,0,0,0,0,0,0,0,0,0,0,0,0,0,0,0,0,0,0,0,0,0,0,06037261102
261103,2024,1,5,3,4,24,51,32,0,0,0,0,0,0,0,0,0,0,0,0,0,0,0,0,0,0,0,0,0,0,0,0,0,0,0,0,0,0,0,0,0,0,0,0,06037261103
261104,2024,1,5,3,5,24,51,32,0,0,0,0,0,0,0,0,0,0,0,0,0,0,0,0,0,0,0,0,0,0,0,0,0,0,0,0,0,0,0,0,0,0,0,0,06037261104
261200,2024,1,5,3,5,24,42,32,0,0,0,0,0,0,0,0,0,0,0,0,0,0,0,0,0,0,0,0,0,0,0,0,0,0,0,0,0,0,0,0,0,0,0,0,06037261200
262100,2024,1,5,3,5,24,42,32,0,0,0,0,0,0,0,0,0,0,0,0,0,0,0,0,0,0,0,0,0,0,0,0,0,0,0,0,0,0,0,0,0,0,0,0,06037262100
262200,2024,1,5,3,5,24,42,32,0,0,0,0,0,0,0,0,0,0,0,0,0,0,0,0,0,0,0,0,0,0,0,0,0,0,0,0,0,0,0,0,0,0,0,0,06037262200
262301,2024,1,5,3,11,24,42,32,0,0,0,0,0,0,0,0,0,0,0,0,0,0,0,0,0,0,0,0,0,0,0,0,0,0,0,0,0,0,0,0,0,0,0,0,06037262301
262302,2024,1,5,3,11,24,42,32,0,0,0,0,0,0,0,0,0,0,0,0,0,0,0,0,0,0,0,0,0,0,0,0,0,0,0,0,0,0,0,0,0,0,0,0,06037262302
262303,2024,1,5,3,11,24,42,32,0,0,0,0,0,0,0,0,0,0,0,0,0,0,0,0,0,0,0,0,0,0,0,0,0,0,0,0,0,0,0,0,0,0,0,0,06037262303
262400,2024,1,5,3,11,24,42,32,0,0,0,0,0,0,0,0,0,0,0,0,0,0,0,0,0,0,0,0,0,0,0,0,0,0,0,0,0,0,0,0,0,0,0,0,06037262400
262501,2024,1,5,3,11,24,42,32,0,0,0,0,0,0,2,0,0,0,0,0,0,0,0,0,0,0,0,0,0,0,0,0,0,0,0,0,0,0,0,0,0,0,0,0,06037262501
262601,2024,1,5,3,11,24,42,32,1,0,0,0,0,0,1,4,2,1,0,0,0,0,0,0,0,0,0,0,0,0,0,0,0,0,0,0,0,0,0,0,0,0,0,0,06037262601
262604,2024,1,5,3,11,24,42,32,3,0,0,0,0,0,10,5,33,1,0,0,0,0,0,0,0,0,0,0,0,0,0,0,0,0,0,0,0,0,0,0,0,0,0,0,06037262604
262704,2024,1,5,3,11,24,42,32,6,0,0,0,0,0,2,4,6,0,0,0,0,0,0,0,0,0,0,0,0,0,0,0,0,0,0,0,0,0,0,0,0,0,0,0,06037262704
262706,2024,1,5,3,11,24,42,32,3,0,0,0,0,0,5,5,1,2,0,0,0,0,0,0,0,0,0,0,0,0,0,0,0,0,0,0,0,0,0,0,0,0,0,0,06037262706
262802,2024,1,5,3,11,24,42,32,1,0,0,0,0,0,0,0,0,0,0,0,0,0,0,0,0,0,0,0,0,0,0,0,0,0,0,0,0,0,0,0,0,0,0,0,06037262802
264000,2024,1,5,3,11,24,42,32,0,0,0,0,0,0,1,1,0,0,0,0,0,0,0,0,0,0,0,0,0,0,0,0,0,0,0,0,0,0,0,0,0,0,0,0,06037264000
264102,2024,1,5,3,11,24,42,32,0,0,0,0,0,0,0,0,0,0,0,0,0,0,0,0,0,0,0,0,0,0,0,0,0,0,0,0,0,0,0,0,0,0,0,0,06037264102
264103,2024,1,5,3,11,24,42,32,1,0,0,0,0,0,0,0,0,0,0,0,0,0,0,0,0,0,0,0,0,0,0,0,0,0,0,0,0,0,0,0,0,0,0,0,06037264103
264303,2024,1,5,3,11,24,42,32,1,0,0,0,0,0,2,0,0,0,0,0,0,0,0,0,0,0,0,0,0,0,0,0,0,0,0,0,0,0,0,0,0,0,0,0,06037264303
264304,2024,1,5,3,11,24,42,32,0,0,0,0,0,0,0,0,0,2,0,0,0,0,0,0,0,0,0,0,0,0,0,0,0,0,0,0,0,0,0,0,0,0,0,0,06037264304
264305,2024,2,5,3,0,24,51,36,1,0,0,0,0,0,1,0,0,0,0,0,0,0,0,0,0,0,0,0,0,0,0,0,0,0,0,0,0,0,0,0,0,0,0,0,06037264305
264306,2024,1,5,3,11,24,42,32,2,0,0,0,0,0,1,0,0,1,1,0,0,0,0,0,0,0,0,0,0,0,0,0,0,0,0,0,0,0,0,0,0,0,0,0,06037264306
265100,2024,1,5,3,5,24,51,36,0,0,0,0,0,0,0,3,0,0,0,0,0,0,0,0,0,0,0,0,0,0,0,0,0,0,0,0,0,0,0,0,0,0,0,0,06037265100
265201,2024,1,5,3,5,24,51,36,5,0,0,0,0,0,0,0,0,0,2,0,0,0,0,0,0,0,0,0,0,0,0,0,0,0,0,0,0,0,0,0,0,0,0,0,06037265201
265203,2024,1,5,3,5,24,51,36,6,0,0,0,0,0,0,0,0,0,0,0,0,0,0,0,0,0,0,0,0,0,0,0,0,0,0,0,0,0,0,0,0,0,0,0,06037265203
265204,2024,1,5,3,5,24,51,36,56,0,0,0,0,0,0,0,1,1,0,0,0,0,0,0,0,0,0,0,0,0,0,0,0,0,0,0,0,0,0,0,0,0,0,0,06037265204
265301,2024,1,5,3,5,24,51,36,12,0,0,0,0,0,3,0,0,1,0,0,0,0,0,0,0,0,0,0,0,0,0,0,0,0,0,0,0,0,0,0,0,0,0,0,06037265301
265303,2024,1,5,3,5,24,51,36,0,0,0,0,0,0,0,0,1,0,0,0,0,0,0,0,0,0,0,0,0,0,0,0,0,0,0,0,0,0,0,0,0,0,0,0,06037265303
265304,2024,1,5,3,5,24,51,36,0,0,0,0,0,0,0,0,0,0,0,0,0,0,0,0,0,0,0,0,0,0,0,0,0,0,0,0,0,0,0,0,0,0,0,0,06037265304
265306,2024,1,5,3,5,24,51,36,0,0,0,0,0,0,0,0,0,0,0,0,0,0,0,0,0,0,0,0,0,0,0,0,0,0,0,0,0,0,0,0,0,0,0,0,06037265306
265307,2024,1,5,3,5,24,51,36,6,0,0,0,0,0,2,0,0,0,0,0,0,0,0,0,0,0,0,0,0,0,0,0,0,0,0,0,0,0,0,0,0,0,0,0,06037265307
265410,2024,1,5,3,11,24,42,32,1,0,0,0,0,0,0,0,0,1,1,0,0,0,0,0,0,0,0,0,0,0,0,0,0,0,0,0,0,0,0,0,0,0,0,0,06037265410
265420,2024,1,5,3,5,24,42,32,3,0,0,0,0,0,1,0,1,0,1,0,0,0,0,0,0,0,0,0,0,0,0,0,0,0,0,0,0,0,0,0,0,0,0,0,06037265420
265521,2024,1,5,3,5,24,51,32,1,0,0,0,0,0,0,0,0,0,0,0,0,0,0,0,0,0,0,0,0,0,0,0,0,0,0,0,0,0,0,0,0,0,0,0,06037265521
265522,2024,1,5,3,5,24,51,32,17,0,0,0,0,0,6,0,0,2,3,0,0,0,0,0,0,0,0,0,0,6,0,0,0,0,0,0,0,0,0,0,0,6,0,6,06037265522
265523,2024,1,5,3,5,24,51,32,13,0,0,0,0,0,0,0,0,1,0,0,0,0,0,0,0,0,0,0,0,0,0,0,0,0,0,0,0,0,0,0,0,0,0,0,06037265523
265524,2024,1,5,3,5,24,51,32,11,0,0,0,0,0,9,3,5,0,2,0,24,89,0,1,2,0,0,4,17,0,0,0,0,0,0,0,0,0,0,0,91,17,0,108,06037265524
265601,2024,1,5,3,5,24,51,36,7,0,0,0,0,0,0,1,2,1,0,0,0,0,0,0,0,0,0,0,0,0,0,0,0,0,0,0,0,0,0,0,0,0,0,0,06037265601
265602,2024,1,5,3,5,24,51,36,0,0,0,0,0,0,1,0,0,0,0,0,0,0,0,0,0,0,0,0,0,0,0,0,0,0,0,0,0,0,0,0,0,0,0,0,06037265602
265701,2024,1,5,3,5,24,51,36,0,0,0,0,0,0,0,0,1,0,0,0,0,0,0,0,0,0,0,0,0,0,0,0,0,0,0,0,0,0,0,0,0,0,0,0,06037265701
265702,2024,1,5,3,5,24,51,36,2,0,0,0,0,0,0,0,0,0,0,0,0,0,0,0,0,0,0,0,0,0,0,0,0,0,0,0,0,0,0,0,0,0,0,0,06037265702
267101,2024,1,5,3,5,28,51,36,0,0,0,0,0,0,2,0,1,0,0,0,0,0,0,0,0,0,0,0,0,0,0,0,0,0,0,0,0,0,0,0,0,0,0,0,06037267101
267102,2024,1,5,3,5,28,51,36,1,0,0,0,0,0,0,0,0,0,0,0,0,0,0,0,0,0,0,0,0,0,0,0,0,0,0,0,0,0,0,0,0,0,0,0,06037267102
267201,2024,1,5,3,5,28,51,36,13,0,0,0,0,0,11,9,20,14,5,0,0,0,0,0,0,0,0,0,0,0,0,0,0,0,0,0,0,0,0,0,0,0,0,0,06037267201
267202,2024,1,5,3,5,28,51,36,6,0,0,0,0,0,0,0,0,2,6,0,0,0,0,0,0,0,0,0,0,0,0,0,0,0,0,0,0,0,0,0,0,0,0,0,06037267202
267300,2024,1,5,3,11,24,51,32,4,0,0,21,1,2,2,1,3,2,1,0,0,0,0,0,0,0,0,0,0,0,0,0,0,0,0,0,0,0,0,0,0,0,0,0,06037267300
267403,2024,1,5,3,11,24,51,32,0,0,0,0,0,0,0,0,0,1,0,0,0,0,0,0,0,0,0,0,0,0,0,0,0,0,0,0,0,0,0,0,0,0,0,0,06037267403
267404,2024,1,5,3,11,24,51,32,1,0,0,0,0,0,0,0,0,0,1,0,0,0,0,0,0,0,0,0,0,0,0,0,0,0,0,0,0,0,0,0,0,0,0,0,06037267404
267405,2024,1,5,3,11,24,51,32,3,0,0,0,0,0,0,0,0,0,1,0,0,0,0,0,0,0,0,0,0,0,0,0,0,0,0,0,0,0,0,0,0,0,0,0,06037267405
267406,2024,1,5,3,11,24,51,32,3,0,0,0,0,0,0,1,1,3,2,0,0,0,0,0,0,0,0,0,0,0,0,0,0,0,0,0,0,0,0,0,0,0,0,0,06037267406
267502,2024,1,5,3,11,24,51,36,7,0,0,0,0,0,0,2,0,4,3,0,0,0,0,0,0,0,0,0,0,0,0,0,0,0,0,0,0,0,0,0,0,0,0,0,06037267502
267503,2024,1,5,3,11,24,51,32,3,0,0,0,0,0,1,0,1,1,1,0,0,0,0,0,0,0,0,0,0,0,0,0,0,0,0,0,0,0,0,0,0,0,0,0,06037267503
267504,2024,1,5,3,11,24,51,32,12,0,0,0,0,0,0,0,0,0,4,0,0,0,0,0,0,0,0,0,0,0,0,0,0,0,0,0,0,0,0,0,0,0,0,0,06037267504
267600,2024,1,5,3,11,24,51,36,8,0,0,0,0,0,5,14,28,2,4,0,0,0,0,0,0,0,0,0,0,0,0,0,0,0,0,0,0,0,0,0,0,0,0,0,06037267600
267700,2024,1,5,3,11,24,51,36,9,0,0,0,0,0,5,8,11,0,4,0,0,0,0,0,0,0,0,0,0,0,0,0,0,0,0,0,0,0,0,0,0,0,0,0,06037267700
267800,2024,1,5,3,5,28,51,36,23,0,0,0,0,0,3,7,1,8,6,24,0,0,0,0,0,0,0,0,0,0,0,0,0,0,0,0,0,0,0,0,24,0,0,24,06037267800
267901,2024,1,5,3,5,28,55,37,3,0,0,0,0,0,0,0,0,1,1,0,0,0,0,0,0,0,0,0,0,0,0,0,0,0,0,0,0,0,0,0,0,0,0,0,06037267901
267902,2024,1,5,3,5,28,51,36,1,0,0,0,0,0,0,1,0,0,0,0,0,0,0,0,0,0,0,0,0,0,0,0,0,0,0,0,0,0,0,0,0,0,0,0,06037267902
269000,2024,1,5,3,5,28,51,36,0,0,0,0,0,0,0,0,0,0,0,0,0,0,0,0,0,0,0,0,0,0,0,0,0,0,0,0,0,0,0,0,0,0,0,0,06037269000
269100,2024,1,5,3,5,28,55,37,0,0,0,0,0,0,1,2,1,0,0,0,0,0,0,0,0,0,0,0,0,0,0,0,0,0,0,0,0,0,0,0,0,0,0,0,06037269100
269300,2024,1,5,3,5,28,51,36,7,0,0,0,0,0,0,2,1,1,5,0,0,0,0,0,0,0,0,0,0,0,0,0,0,0,0,0,0,0,0,0,0,0,0,0,06037269300
269500,2024,1,5,3,5,28,55,36,0,0,0,0,0,0,0,0,0,0,0,0,0,0,0,0,0,0,0,0,0,0,0,0,0,0,0,0,0,0,0,0,0,0,0,0,06037269500
269601,2024,1,5,3,10,28,55,37,1,0,0,0,0,0,2,2,2,0,0,0,0,0,0,0,0,0,0,0,0,0,0,0,0,0,0,0,0,0,0,0,0,0,0,0,06037269601
269602,2024,1,5,3,10,28,55,37,3,0,0,0,0,0,0,0,0,0,2,0,0,0,0,0,0,0,0,0,0,0,0,0,0,0,0,0,0,0,0,0,0,0,0,0,06037269602
269700,2024,1,5,3,5,28,55,37,8,0,0,0,0,0,0,5,3,0,2,0,0,0,0,0,0,0,0,0,0,0,0,0,0,0,0,0,0,0,0,0,0,0,0,0,06037269700
269800,2024,1,5,3,5,28,55,37,7,0,0,0,0,0,0,1,5,0,8,0,0,0,0,0,0,0,0,0,0,0,0,0,0,0,0,0,0,0,0,0,0,0,0,0,06037269800
269903,2024,1,5,3,5,28,55,37,3,0,0,0,0,0,2,7,1,1,0,0,0,0,0,0,0,0,0,0,0,0,0,0,0,0,0,0,0,0,0,0,0,0,0,0,06037269903
269905,2024,1,5,3,5,28,55,37,0,0,0,0,0,0,0,1,2,1,1,0,0,0,0,0,0,0,0,0,0,0,0,0,0,0,0,0,0,0,0,0,0,0,0,0,06037269905
269906,2024,1,5,3,5,28,55,37,1,0,0,0,0,0,3,5,1,1,0,0,0,0,0,0,0,0,0,0,0,0,0,0,0,0,0,0,0,0,0,0,0,0,0,0,06037269906
269907,2024,1,5,3,5,28,55,36,4,0,0,0,0,0,5,0,2,2,0,0,0,0,0,0,0,0,0,0,0,0,0,0,0,0,0,0,0,0,0,0,0,0,0,0,06037269907
269908,2024,1,5,3,5,28,55,36,1,0,0,0,0,0,0,0,2,0,0,0,0,0,0,0,0,0,0,0,0,0,0,0,0,0,0,0,0,0,0,0,0,0,0,0,06037269908
269909,2024,1,5,3,5,28,55,36,4,0,0,0,0,0,0,0,0,0,1,0,0,0,0,0,0,0,0,0,0,0,0,0,0,0,0,0,0,0,0,0,0,0,0,0,06037269909
270101,2024,1,5,3,5,28,55,37,6,0,0,16,1,4,1,1,7,10,9,0,0,0,0,0,0,0,0,0,0,0,0,0,0,0,0,0,0,0,0,0,0,0,0,0,06037270101
270102,2024,1,5,3,5,28,55,37,1,0,0,0,0,0,1,0,2,0,0,0,0,0,0,0,0,0,0,0,0,0,0,0,0,0,0,0,0,0,0,0,0,0,0,0,06037270102
270200,2024,1,5,2,10,28,55,37,10,0,0,0,0,0,0,0,10,9,5,0,0,0,0,0,0,0,0,0,0,0,0,0,0,0,0,0,0,0,0,0,0,0,0,0,06037270200
270300,2024,1,4,2,10,28,55,37,4,0,0,0,0,0,3,0,7,2,5,0,0,0,0,0,0,0,0,0,0,0,0,0,0,0,0,0,0,0,0,0,0,0,0,0,06037270300
271100,2024,1,5,3,5,28,51,36,3,0,0,0,0,0,1,1,2,1,0,0,0,0,0,0,0,0,0,0,0,0,0,0,0,0,0,0,0,0,0,0,0,0,0,0,06037271100
271200,2024,1,5,3,11,28,51,36,11,0,0,0,0,0,0,1,4,27,8,0,0,0,0,0,0,0,0,0,0,0,0,0,0,0,0,0,0,0,0,0,0,0,0,0,06037271200
271300,2024,1,5,3,11,28,55,36,2,0,0,0,0,0,0,0,3,0,2,0,0,0,0,0,0,0,1,0,0,8,0,0,0,0,0,0,0,0,0,0,0,9,0,9,06037271300
271400,2024,1,5,3,11,28,55,36,0,0,0,0,0,0,1,1,2,0,0,0,0,0,0,0,0,0,0,0,0,0,0,0,0,0,0,0,0,0,0,0,0,0,0,0,06037271400
271500,2024,1,5,3,11,28,55,36,2,0,0,0,0,0,0,1,0,0,0,0,0,0,0,0,0,0,0,0,0,0,0,0,0,0,0,0,0,0,0,0,0,0,0,0,06037271500
271600,2024,1,5,3,11,28,55,36,5,0,0,0,0,0,2,3,1,1,0,0,0,0,0,0,0,0,0,0,0,0,0,0,0,0,0,0,0,0,0,0,0,0,0,0,06037271600
271702,2024,1,5,3,5,28,51,36,2,0,0,0,0,0,9,7,11,15,0,0,0,0,0,0,0,0,0,0,0,0,0,0,0,0,0,0,0,0,0,0,0,0,0,0,06037271702
271703,2024,1,5,3,5,28,55,36,1,0,0,0,0,0,1,1,1,0,0,0,0,0,0,0,0,0,0,0,0,0,0,0,0,0,0,0,0,0,0,0,0,0,0,0,06037271703
271704,2024,1,5,3,5,28,51,36,0,0,0,0,0,0,1,1,2,0,0,0,0,0,0,0,0,0,0,0,0,0,0,0,0,0,0,0,0,0,0,0,0,0,0,0,06037271704
271801,2024,1,5,3,5,28,55,36,0,0,0,0,0,0,0,2,2,0,0,0,0,0,0,0,0,0,0,0,0,0,0,0,0,0,0,0,0,0,0,0,0,0,0,0,06037271801
271803,2024,1,5,3,5,28,55,36,2,0,0,0,0,0,1,2,2,0,0,0,0,0,0,0,0,0,0,0,0,0,0,0,0,0,0,0,0,0,0,0,0,0,0,0,06037271803
271804,2024,1,5,3,5,28,55,36,4,0,0,0,0,0,0,1,0,0,0,0,0,0,0,0,0,0,0,0,0,0,0,0,0,0,0,0,0,0,0,0,0,0,0,0,06037271804
271901,2024,1,5,3,11,28,55,36,0,0,0,0,0,0,0,0,0,0,0,0,0,0,0,0,0,0,0,0,0,0,0,0,0,0,0,0,0,0,0,0,0,0,0,0,06037271901
271902,2024,1,5,3,11,28,55,36,6,0,0,0,0,0,0,5,0,0,0,0,0,0,0,0,0,0,0,0,0,0,0,0,0,0,0,0,0,0,0,0,0,0,0,0,06037271902
272100,2024,1,5,3,11,28,55,36,2,0,0,0,0,0,0,0,2,0,1,0,0,0,0,0,0,0,0,0,0,0,0,0,0,0,0,0,0,0,0,0,0,0,0,0,06037272100
272201,2024,1,5,3,11,28,55,36,0,0,0,0,0,0,0,0,4,0,0,0,0,0,0,0,0,0,5,0,0,13,0,0,0,0,0,0,0,0,0,0,0,18,0,18,06037272201
272202,2024,1,5,3,11,28,55,36,1,0,0,0,0,0,0,0,1,0,0,0,0,0,0,0,0,0,0,0,0,0,0,0,0,0,0,0,0,0,0,0,0,0,0,0,06037272202
272301,2024,1,5,3,11,28,55,36,0,0,0,0,0,0,1,7,2,0,0,0,0,0,0,0,0,0,0,0,0,0,0,0,0,0,0,0,0,0,0,0,0,0,0,0,06037272301
272302,2024,1,5,3,11,28,55,36,0,0,0,0,0,0,0,0,1,0,0,0,0,0,0,0,0,0,0,0,0,0,0,0,0,0,0,0,0,0,0,0,0,0,0,0,06037272302
273100,2024,1,5,3,11,24,61,36,3,0,0,0,0,0,6,14,10,1,2,0,0,0,0,0,0,0,0,0,0,0,0,0,0,0,0,0,0,0,0,0,0,0,0,0,06037273100
273200,2024,1,5,3,11,24,61,36,7,0,0,0,0,0,1,6,2,15,0,0,7,17,0,0,0,0,0,0,0,0,0,0,0,0,0,0,0,0,0,0,17,0,0,17,06037273200
273300,2024,1,5,3,11,24,61,36,1,0,0,0,0,0,5,9,12,0,0,0,0,0,0,0,0,0,0,0,0,0,0,0,0,0,0,0,0,0,0,0,0,0,0,0,06037273300
273403,2024,1,5,3,11,24,61,36,13,0,0,0,0,0,0,3,2,0,2,0,0,0,0,0,0,0,0,0,0,0,0,0,0,0,0,0,0,0,0,0,0,0,0,0,06037273403
273404,2024,1,5,3,11,24,61,36,7,0,0,0,0,0,1,4,3,4,0,92,29,91,35,0,0,0,0,0,0,0,0,0,0,0,0,0,0,0,0,0,218,0,0,218,06037273404
273502,2024,1,5,3,11,24,61,36,32,0,0,0,0,0,0,0,0,5,0,0,0,0,0,0,0,0,0,0,0,0,0,0,0,0,0,0,0,0,0,0,0,0,0,0,06037273502
273600,2024,1,5,3,11,24,61,36,5,0,0,0,0,0,1,12,7,0,5,0,0,0,0,0,0,0,0,0,0,0,0,0,0,0,0,0,0,0,0,0,0,0,0,0,06037273600
273700,2024,1,5,3,11,24,61,36,3,0,0,0,0,0,1,7,7,0,0,0,0,0,0,0,0,0,0,0,0,0,0,0,0,0,0,0,0,0,0,0,0,0,0,0,06037273700
273800,2024,1,5,3,11,24,55,36,4,0,0,0,0,0,0,0,0,0,0,0,0,0,0,0,0,0,0,0,0,4,0,0,0,0,0,0,0,0,0,0,0,4,0,4,06037273800
273902,2024,1,5,3,11,24,61,36,22,0,0,0,0,0,2,7,10,2,0,0,0,0,0,0,0,0,0,0,0,0,0,0,0,0,0,0,0,0,0,0,0,0,0,0,06037273902
274100,2024,1,5,2,11,24,55,36,8,0,0,0,0,0,1,7,1,2,1,0,0,0,0,0,0,0,0,0,0,0,0,0,0,0,0,0,0,0,0,0,0,0,0,0,06037274100
274202,2024,1,5,2,11,24,61,36,0,0,0,0,0,0,0,0,0,0,0,0,0,0,0,0,0,0,0,0,0,0,0,0,0,0,0,0,0,0,0,0,0,0,0,0,06037274202
275101,2024,1,5,2,11,28,55,36,1,0,0,0,0,0,2,5,5,0,0,0,0,0,0,0,0,0,0,0,0,0,0,0,0,0,0,0,0,0,0,0,0,0,0,0,06037275101
275102,2024,1,5,2,11,28,55,36,0,0,0,0,0,0,1,2,0,1,0,0,0,0,0,0,0,0,0,0,0,0,0,0,0,0,0,0,0,0,0,0,0,0,0,0,06037275102
275200,2024,1,5,2,11,28,55,36,0,0,0,0,0,0,0,0,0,0,0,0,0,0,0,0,0,0,0,0,0,0,0,0,0,0,0,0,0,0,0,0,0,0,0,0,06037275200
275311,2024,1,5,2,11,28,55,36,3,0,0,0,0,0,0,7,16,4,1,0,0,0,0,0,0,0,0,0,0,0,0,0,0,0,0,0,0,0,0,0,0,0,0,0,06037275311
275312,2024,1,5,2,11,28,55,36,18,0,0,0,0,0,0,0,0,8,12,0,0,0,0,0,0,0,0,0,0,0,0,0,0,0,0,0,0,0,0,0,0,0,0,0,06037275312
275313,2024,1,5,2,11,28,55,36,9,0,0,0,0,0,0,2,1,1,3,0,0,0,0,0,0,0,0,0,0,0,0,0,0,0,0,0,0,0,0,0,0,0,0,0,06037275313
275400,2024,1,5,2,11,28,55,36,4,0,0,0,0,0,0,1,1,1,0,0,0,0,0,0,0,0,0,0,0,0,0,0,0,0,0,0,0,0,0,0,0,0,0,0,06037275400
275500,2024,1,5,2,11,28,55,36,8,0,0,0,0,0,0,6,4,0,0,0,0,0,0,0,0,0,0,0,0,0,0,0,0,0,0,0,0,0,0,0,0,0,0,0,06037275500
275603,2024,1,5,2,11,28,55,36,4,0,0,0,0,0,4,5,32,5,5,0,0,0,0,0,0,0,0,0,0,0,0,0,0,0,0,0,0,0,0,0,0,0,0,0,06037275603
275604,2024,1,5,2,11,28,61,36,0,0,0,0,0,0,0,0,0,1,0,0,0,0,0,0,0,0,0,0,0,0,0,0,0,0,0,0,0,0,0,0,0,0,0,0,06037275604
275605,2024,2,5,2,0,28,55,36,38,0,0,0,0,0,4,6,23,47,0,0,0,0,0,0,0,0,0,0,0,0,0,0,0,0,0,0,0,0,0,0,0,0,0,0,06037275605
276000,2024,1,5,2,11,28,61,36,6,0,0,0,0,0,1,0,0,0,4,0,0,0,0,0,0,0,0,0,0,0,0,0,0,0,0,0,0,0,0,0,0,0,0,0,06037276000
276101,2024,1,5,2,11,28,61,43,2,0,0,0,0,0,6,4,9,1,0,0,0,0,0,0,0,0,0,0,0,0,0,0,0,0,0,0,0,0,0,0,0,0,0,0,06037276101
276102,2024,1,5,2,11,35,61,43,1,0,0,0,0,0,1,2,0,0,0,0,0,0,0,0,0,0,0,0,0,0,0,0,0,0,0,0,0,0,0,0,0,0,0,0,06037276102
276400,2024,1,5,2,11,28,61,36,0,0,0,0,0,0,0,0,0,0,0,0,0,0,0,0,0,0,0,0,0,0,0,0,0,0,0,0,0,0,0,0,0,0,0,0,06037276400
276500,2024,1,5,2,11,28,61,36,0,0,0,0,0,0,0,5,6,0,0,0,0,0,0,0,0,0,1,0,0,5,0,0,0,0,0,0,0,0,0,0,0,6,0,6,06037276500
276601,2024,1,5,2,11,24,61,36,1,0,0,0,0,0,0,1,3,0,0,0,0,0,0,0,0,0,0,0,0,0,0,0,0,0,0,0,0,0,0,0,0,0,0,0,06037276601
276605,2024,1,5,2,11,24,61,36,0,0,0,0,0,0,0,2,0,0,0,0,0,0,0,0,0,0,0,0,0,0,0,0,0,0,0,0,0,0,0,0,0,0,0,0,06037276605
276606,2024,1,5,2,11,24,61,36,0,0,0,0,0,0,0,0,1,0,0,0,0,0,0,0,0,0,0,0,0,0,0,0,0,0,0,0,0,0,0,0,0,0,0,0,06037276606
276607,2024,1,5,2,11,24,61,36,19,0,0,0,0,0,9,1,9,0,0,0,0,0,0,0,0,0,0,0,0,0,0,0,0,0,0,0,0,0,0,0,0,0,0,0,06037276607
276608,2024,1,5,2,11,24,61,36,1,0,0,0,0,0,0,2,1,0,0,0,0,0,0,0,0,0,0,0,0,0,0,0,0,0,0,0,0,0,0,0,0,0,0,0,06037276608
277000,2024,1,5,2,11,28,61,36,3,0,0,0,0,0,0,2,5,0,0,0,0,0,0,0,0,0,0,0,0,0,0,0,0,0,0,0,0,0,0,0,0,0,0,0,06037277000
277100,2024,1,5,2,11,28,61,36,76,1,4,0,0,0,24,6,39,0,2,0,0,0,0,0,0,0,0,0,0,0,0,0,0,0,0,0,0,0,0,0,0,0,0,0,06037277100
277200,2024,1,5,2,11,35,61,43,3,0,0,0,0,0,3,5,16,8,3,31,0,0,0,0,0,0,0,0,0,0,0,0,0,0,0,0,0,0,0,0,31,0,0,31,06037277200
277400,2024,1,5,2,11,35,61,43,0,0,0,0,0,0,0,0,0,0,0,0,0,0,0,0,0,0,0,0,0,0,0,0,0,0,0,0,0,0,0,0,0,0,0,0,06037277400
278001,2024,1,5,2,11,35,61,43,21,0,0,0,0,0,2,1,6,5,4,0,0,0,0,0,0,0,0,0,0,0,0,0,0,0,0,0,0,0,0,0,0,0,0,0,06037278001
278102,2024,1,5,2,11,24,61,36,0,0,0,0,0,0,0,1,0,0,0,0,0,0,0,0,0,0,0,0,0,0,0,0,0,0,0,0,0,0,0,0,0,0,0,0,06037278102
291110,2024,1,8,2,15,35,65,43,2,0,0,0,0,0,2,4,8,1,0,0,0,0,0,0,0,0,0,0,0,0,0,0,0,0,0,0,0,0,0,0,0,0,0,0,06037291110
291120,2024,1,8,2,15,35,65,43,4,0,0,0,0,0,4,1,18,0,0,0,0,0,0,0,0,0,0,0,0,0,0,0,0,0,0,0,0,0,0,0,0,0,0,0,06037291120
291130,2024,1,8,2,15,35,65,43,1,0,0,0,0,0,1,0,3,0,3,0,0,0,0,0,0,0,0,0,0,0,0,0,0,0,0,0,0,0,0,0,0,0,0,0,06037291130
291210,2024,1,8,2,15,35,65,43,6,0,0,0,0,0,0,1,3,2,0,0,0,0,0,0,0,0,0,0,0,0,0,0,0,0,0,0,0,0,0,0,0,0,0,0,06037291210
291220,2024,1,8,2,15,35,65,43,3,0,0,0,0,0,2,2,1,6,0,0,0,0,0,0,0,0,0,0,0,0,0,0,0,0,0,0,0,0,0,0,0,0,0,0,06037291220
291300,2024,1,8,2,15,35,65,43,9,0,0,0,0,0,5,11,0,5,2,0,0,0,0,0,0,0,0,0,0,0,0,0,0,0,0,0,0,0,0,0,0,0,0,0,06037291300
292001,2024,2,8,2,0,35,65,44,4,0,0,11,2,4,15,2,25,12,0,0,0,0,0,0,0,0,0,0,0,0,0,0,0,0,0,0,0,0,0,0,0,0,0,0,06037292001
292002,2024,1,8,2,15,35,65,44,0,0,0,0,0,0,0,1,0,0,0,0,0,0,0,0,0,0,0,0,0,0,0,0,0,0,0,0,0,0,0,0,0,0,0,0,06037292002
293203,2024,1,8,2,15,35,65,44,14,0,0,0,0,0,2,0,2,2,0,0,0,0,0,0,0,0,0,0,0,0,0,0,0,0,0,0,0,0,0,0,0,0,0,0,06037293203
293204,2024,1,8,2,15,35,65,44,0,0,0,0,0,0,0,2,2,0,0,0,0,0,0,0,0,0,0,0,0,0,0,0,0,0,0,0,0,0,0,0,0,0,0,0,06037293204
293205,2024,1,8,2,15,35,65,44,0,0,0,0,0,0,0,6,10,3,0,0,0,0,0,0,0,0,0,0,0,0,0,0,0,0,0,0,0,0,0,0,0,0,0,0,06037293205
293206,2024,1,8,2,15,35,65,44,0,0,0,0,0,0,0,0,2,4,0,0,0,0,0,0,0,0,0,0,0,0,0,0,0,0,0,0,0,0,0,0,0,0,0,0,06037293206
293301,2024,1,8,4,15,35,65,36,6,0,0,0,0,0,0,1,1,2,0,0,0,0,0,0,0,0,0,0,0,0,0,0,0,0,0,0,0,0,0,0,0,0,0,0,06037293301
293302,2024,1,8,4,15,35,65,36,11,0,0,0,0,0,2,0,1,3,0,0,0,0,0,0,0,0,0,0,0,0,0,0,0,0,0,0,0,0,0,0,0,0,0,0,06037293302
293304,2024,1,8,4,15,35,65,36,0,0,0,0,0,0,0,0,1,0,0,0,0,0,0,0,0,0,0,0,0,0,0,0,0,0,0,0,0,0,0,0,0,0,0,0,06037293304
293306,2024,1,8,4,15,35,65,36,0,0,0,0,0,0,0,4,3,2,0,0,0,0,0,0,0,0,0,0,0,0,0,0,0,0,0,0,0,0,0,0,0,0,0,0,06037293306
293307,2024,1,8,4,15,35,65,44,9,0,0,0,0,0,5,14,5,0,0,0,0,0,0,0,0,0,0,0,0,0,0,0,0,0,0,0,0,0,0,0,0,0,0,0,06037293307
294110,2024,1,8,4,15,35,65,44,0,0,0,0,0,0,0,0,0,0,0,0,0,0,0,0,0,0,0,0,0,0,0,0,0,0,0,0,0,0,0,0,0,0,0,0,06037294110
294120,2024,1,8,4,15,35,65,44,0,0,0,0,0,0,0,0,4,2,0,0,0,0,0,0,0,0,0,0,0,0,0,0,0,0,0,0,0,0,0,0,0,0,0,0,06037294120
294200,2024,1,8,4,15,35,65,44,1,0,0,0,0,0,4,0,11,0,0,0,0,0,0,0,0,0,0,0,0,0,0,0,0,0,0,0,0,0,0,0,0,0,0,0,06037294200
294301,2024,1,8,4,15,35,65,44,5,0,0,0,0,0,4,2,4,3,1,0,0,0,0,0,0,0,0,0,0,0,0,0,0,0,0,0,0,0,0,0,0,0,0,0,06037294301
294302,2024,1,8,4,15,35,65,44,3,0,0,0,0,0,1,1,0,3,1,0,0,0,0,0,0,0,0,0,0,0,0,0,0,0,0,0,0,0,0,0,0,0,0,0,06037294302
294410,2024,1,8,4,15,35,65,44,3,0,0,0,0,0,2,2,2,16,13,0,0,0,0,0,0,0,0,0,0,0,0,0,0,0,0,0,0,0,0,0,0,0,0,0,06037294410
294421,2024,1,8,4,15,35,66,44,6,0,0,0,0,0,9,9,11,6,1,0,0,0,0,0,0,0,0,0,0,0,0,0,0,0,0,0,0,0,0,0,0,0,0,0,06037294421
294510,2024,1,8,4,15,35,65,44,1,0,0,0,0,0,0,1,0,0,0,0,0,0,0,0,0,0,0,0,0,0,0,0,0,0,0,0,0,0,0,0,0,0,0,0,06037294510
294520,2024,1,8,4,15,35,65,44,3,0,0,0,0,0,0,0,1,4,3,0,0,0,0,0,0,0,0,0,0,0,0,0,0,0,0,0,0,0,0,0,0,0,0,0,06037294520
294610,2024,1,8,4,15,35,65,44,3,0,0,0,0,0,0,0,2,0,0,0,0,0,0,0,0,0,0,0,0,0,0,0,0,0,0,0,0,0,0,0,0,0,0,0,06037294610
294620,2024,1,8,4,15,35,65,44,1,0,0,0,0,0,0,0,4,0,0,0,0,0,0,0,0,0,0,0,0,0,0,0,0,0,0,0,0,0,0,0,0,0,0,0,06037294620
294701,2024,1,8,4,15,35,65,44,15,0,0,0,0,0,5,19,44,7,6,88,0,0,1,0,0,0,0,0,0,0,0,0,0,0,0,0,0,0,0,0,89,0,0,89,06037294701
294810,2024,1,8,4,15,35,65,44,1,0,0,0,0,0,0,1,0,0,1,0,0,0,0,0,0,0,0,0,0,0,0,0,0,0,0,0,0,0,0,0,0,0,0,0,06037294810
294820,2024,1,8,4,15,35,65,44,3,0,0,0,0,0,0,0,0,0,1,0,0,0,0,0,0,0,0,0,0,0,0,0,0,0,0,0,0,0,0,0,0,0,0,0,06037294820
294830,2024,1,8,4,15,35,65,44,6,0,0,0,0,0,1,1,2,1,0,0,0,0,0,0,0,0,0,0,0,0,0,0,0,0,0,0,0,0,0,0,0,0,0,0,06037294830
294900,2024,1,8,4,15,35,65,44,9,0,0,0,0,0,2,3,1,7,4,0,0,0,0,0,0,0,0,0,0,0,0,0,0,0,0,0,0,0,0,0,0,0,0,0,06037294900
295103,2024,1,8,4,15,35,65,44,12,0,0,0,0,0,5,2,0,10,0,0,0,0,0,0,0,0,0,0,0,0,0,0,0,0,0,0,0,0,0,0,0,0,0,0,06037295103
296210,2024,1,8,4,15,35,65,44,1,0,0,0,0,0,4,2,2,1,1,74,0,0,3,0,0,0,0,0,0,0,0,0,0,0,0,0,0,0,0,0,77,0,0,77,06037296210
296220,2024,1,8,4,15,35,65,44,0,0,0,0,0,0,4,4,2,0,0,0,0,0,0,0,0,0,0,0,0,0,0,0,0,0,0,0,0,0,0,0,0,0,0,0,06037296220
296300,2024,1,8,4,15,35,66,44,2,0,0,0,0,0,0,2,8,0,1,0,0,0,0,0,0,0,0,0,0,0,0,0,0,0,0,0,0,0,0,0,0,0,0,0,06037296300
296401,2024,1,8,4,15,35,66,44,0,0,0,0,0,0,0,0,0,0,0,0,0,0,0,0,0,0,0,0,0,0,0,0,0,0,0,0,0,0,0,0,0,0,0,0,06037296401
296402,2024,1,8,4,15,35,66,44,0,0,0,0,0,0,1,1,0,2,0,0,0,0,0,0,0,0,0,0,0,0,0,0,0,0,0,0,0,0,0,0,0,0,0,0,06037296402
296500,2024,1,8,4,15,35,65,44,11,0,0,0,0,0,18,19,10,3,0,0,0,0,0,0,0,0,0,0,0,0,0,0,0,0,0,0,0,0,0,0,0,0,0,0,06037296500
296600,2024,1,8,4,15,35,65,44,2,0,0,0,0,0,0,0,3,0,0,0,0,0,0,0,0,0,0,0,0,1,1,3,0,0,0,0,0,0,0,0,0,4,0,4,06037296600
296901,2024,1,8,4,15,35,65,44,9,0,0,0,0,0,0,0,3,0,0,0,0,0,0,0,0,0,0,0,0,1,1,3,0,0,0,0,0,0,0,0,0,4,0,4,06037296901
296902,2024,1,8,4,15,35,65,44,2,0,0,0,0,0,3,3,8,0,0,0,18,66,0,1,2,0,0,0,0,0,0,0,0,0,0,0,0,0,0,0,68,0,0,68,06037296902
297001,2024,1,8,4,15,35,66,44,1,0,0,0,0,0,1,0,0,0,0,0,0,0,0,0,0,0,0,0,0,0,0,0,0,0,0,0,0,0,0,0,0,0,0,0,06037297001
297002,2024,1,8,4,15,35,66,44,0,0,0,0,0,0,0,3,1,0,0,0,0,0,0,0,0,0,0,0,0,0,0,0,0,0,0,0,0,0,0,0,0,0,0,0,06037297002
297110,2024,1,8,4,15,35,65,44,27,0,0,7,0,0,3,12,10,0,2,51,0,0,0,0,0,0,0,0,0,0,0,0,0,0,0,0,0,0,0,0,51,0,0,51,06037297110
297120,2024,1,8,4,15,35,65,44,4,0,0,0,0,0,2,6,5,0,0,0,0,0,0,0,0,0,0,0,0,0,0,0,0,0,0,0,0,0,0,0,0,0,0,0,06037297120
297201,2024,1,8,4,15,35,65,44,0,0,0,0,0,0,0,0,0,0,1,0,0,0,0,0,0,0,0,0,0,0,0,0,0,0,0,0,0,0,0,0,0,0,0,0,06037297201
297202,2024,1,8,4,15,35,65,44,0,0,0,0,0,0,0,0,0,0,0,0,0,0,0,0,0,0,0,3,8,0,0,0,0,0,0,0,0,0,0,0,0,8,0,8,06037297202
297300,2024,1,8,4,15,35,65,44,0,0,0,0,0,0,0,0,0,0,0,0,0,0,0,0,0,0,0,0,0,0,0,0,0,0,0,0,0,0,0,0,0,0,0,0,06037297300
297400,2024,1,8,4,15,35,66,44,0,0,0,0,0,0,2,0,0,0,0,0,0,0,0,0,0,0,0,0,0,0,0,0,0,0,0,0,0,0,0,0,0,0,0,0,06037297400
297501,2024,1,8,4,15,35,65,44,0,0,0,0,0,0,0,0,0,0,0,0,0,0,0,0,0,0,0,0,0,0,0,0,0,0,0,0,0,0,0,0,0,0,0,0,06037297501
297502,2024,1,8,4,15,35,65,44,3,0,0,0,0,0,1,0,0,0,0,0,0,0,0,0,0,0,0,0,0,0,0,0,0,0,0,0,0,0,0,0,0,0,0,0,06037297502
297601,2024,1,8,4,15,35,65,44,6,0,0,0,0,0,1,1,0,0,1,0,0,0,0,0,0,0,0,0,0,0,0,0,0,0,0,0,0,0,0,0,0,0,0,0,06037297601
297602,2024,1,8,4,15,35,65,44,0,0,0,0,0,0,0,4,0,0,0,0,0,0,0,0,0,0,0,0,0,0,0,0,0,0,0,0,0,0,0,0,0,0,0,0,06037297602
300100,2024,2,2,5,0,25,44,28,0,0,0,0,0,0,0,0,0,0,0,0,0,0,0,0,0,0,0,0,0,0,0,0,0,0,0,0,0,0,0,0,0,0,0,0,06037300100
300200,2024,2,2,5,0,25,44,28,0,0,0,0,0,0,0,0,0,0,0,0,0,0,0,0,0,0,0,0,0,0,0,0,0,0,0,0,0,0,0,0,0,0,0,0,06037300200
300501,2024,2,2,5,0,25,44,28,0,0,0,0,0,0,0,0,0,0,0,0,0,0,0,0,0,0,0,0,0,0,0,0,0,0,0,0,0,0,0,0,0,0,0,0,06037300501
300503,2024,2,2,5,0,25,44,28,0,0,0,0,0,0,0,0,0,0,0,22,0,0,0,0,0,0,0,0,0,0,0,0,0,0,0,0,0,0,0,0,22,0,0,22,06037300503
310100,2024,2,2,5,0,20,44,30,0,0,0,0,0,0,0,0,0,0,0,0,0,0,0,0,0,0,0,0,0,0,0,0,0,0,0,0,0,0,0,0,0,0,0,0,06037310100
310201,2024,2,2,5,0,20,44,30,0,0,0,0,0,0,0,0,0,0,0,0,0,0,0,0,0,0,0,0,0,0,0,0,0,0,0,0,0,0,0,0,0,0,0,0,06037310201
310202,2024,2,2,5,0,20,44,30,0,0,0,0,0,0,0,0,0,0,0,0,0,0,0,0,0,0,0,0,0,0,0,0,0,0,0,0,0,0,0,0,0,0,0,0,06037310202
310300,2024,2,2,5,0,20,44,30,0,0,0,0,0,0,0,0,0,0,0,0,0,0,0,0,0,0,0,0,0,0,0,0,0,0,0,0,0,0,0,0,0,0,0,0,06037310300
310400,2024,2,2,5,0,20,44,30,1,0,0,0,0,0,2,0,2,0,0,0,0,0,0,0,0,0,0,0,0,0,0,0,0,0,0,0,0,0,0,0,0,0,0,0,06037310400
310501,2024,2,2,5,0,20,44,30,4,0,0,0,0,0,3,1,3,0,0,0,0,0,0,0,0,0,0,3,9,0,0,0,0,0,0,0,0,0,0,0,0,9,0,9,06037310501
310601,2024,2,2,5,0,20,44,30,3,0,0,0,0,0,0,2,0,0,0,0,0,0,0,0,0,0,0,5,14,0,0,0,0,0,0,0,0,0,0,0,0,14,0,14,06037310601
310602,2024,2,2,5,0,20,44,30,0,0,0,0,0,0,6,5,0,0,0,0,0,0,0,0,0,0,0,0,0,0,0,0,0,0,0,0,0,0,0,0,0,0,0,0,06037310602
310701,2024,2,2,5,0,20,44,30,8,0,0,0,0,0,0,1,1,2,0,0,0,0,0,0,0,0,0,0,0,0,0,0,0,0,0,0,0,0,0,0,0,0,0,0,06037310701
310703,2024,2,2,5,0,20,44,30,4,0,0,0,0,0,1,2,0,0,0,0,0,0,0,0,0,0,0,0,0,0,0,0,0,0,0,0,0,0,0,0,0,0,0,0,06037310703
310704,2024,2,2,5,0,20,44,30,3,0,0,0,0,0,0,0,0,0,0,0,0,0,0,0,0,0,0,0,0,0,0,0,0,0,0,0,0,0,0,0,0,0,0,0,06037310704
310705,2024,2,2,5,0,20,44,30,2,0,0,0,0,0,0,0,0,0,1,0,0,0,0,0,0,0,0,0,0,0,0,0,0,0,0,0,0,0,0,0,0,0,0,0,06037310705
310800,2024,2,2,5,0,20,44,30,3,0,0,0,0,0,0,1,0,0,0,0,0,0,18,0,0,0,1,0,0,17,0,0,0,0,0,0,0,0,0,0,18,18,0,36,06037310800
310900,2024,2,2,5,0,20,44,30,0,0,0,0,0,0,0,0,2,0,0,0,0,0,0,0,0,0,0,0,0,0,0,0,0,0,0,0,0,0,0,0,0,0,0,0,06037310900
311000,2024,2,2,5,0,20,44,30,7,0,0,0,0,0,5,0,0,0,0,0,0,0,0,0,0,0,0,3,12,0,0,0,0,0,0,0,0,0,0,0,0,12,0,12,06037311000
311100,2024,2,2,5,0,20,44,30,1,0,0,0,0,0,0,1,1,1,0,0,0,0,0,0,0,0,0,0,0,0,0,0,0,0,0,0,0,0,0,0,0,0,0,0,06037311100
311200,2024,2,2,5,0,20,44,30,3,0,0,0,0,0,2,0,0,0,1,0,0,0,0,0,0,0,0,0,0,0,0,0,0,0,0,0,0,0,0,0,0,0,0,0,06037311200
311300,2024,2,2,5,0,20,44,30,1,0,0,0,0,0,0,0,0,0,0,0,0,0,0,0,0,0,0,0,0,0,0,0,0,0,0,0,0,0,0,0,0,0,0,0,06037311300
311400,2024,2,2,5,0,20,44,30,0,0,0,0,0,0,0,0,0,0,0,0,0,0,0,0,0,0,0,0,0,0,0,0,0,0,0,0,0,0,0,0,0,0,0,0,06037311400
311500,2024,2,2,5,0,20,44,30,0,0,0,0,0,0,1,1,0,0,0,0,0,0,0,0,0,0,0,0,0,0,0,0,0,0,0,0,0,0,0,0,0,0,0,0,06037311500
311601,2024,2,2,5,0,20,44,30,1,0,0,0,0,0,0,2,0,0,0,0,0,0,0,0,0,0,0,0,0,0,0,0,0,0,0,0,0,0,0,0,0,0,0,0,06037311601
311602,2024,2,2,5,0,20,44,30,0,0,0,0,0,0,0,0,0,0,0,0,0,0,0,0,0,0,0,0,0,0,0,0,0,0,0,0,0,0,0,0,0,0,0,0,06037311602
311700,2024,2,2,5,0,20,44,30,2,0,0,0,0,0,4,1,0,0,0,0,0,0,0,0,0,0,0,0,0,0,0,0,0,0,0,0,0,0,0,0,0,0,0,0,06037311700
311801,2024,2,2,5,0,20,44,30,0,0,0,0,0,0,0,0,0,0,0,0,0,0,0,0,0,0,0,0,0,6,0,0,0,0,0,0,0,0,0,0,0,6,0,6,06037311801
311802,2024,2,2,5,0,20,44,30,1,0,0,0,0,0,1,0,1,0,0,0,0,0,0,0,0,0,0,0,0,0,0,0,0,0,0,0,0,0,0,0,0,0,0,0,06037311802
320101,2024,2,2,3,0,20,43,29,2,0,0,0,0,0,0,1,0,0,0,0,0,0,0,0,0,0,0,0,0,0,0,0,0,0,0,0,0,0,0,0,0,0,0,0,06037320101
320102,2024,2,2,3,0,20,43,29,3,0,0,0,0,0,2,2,2,0,1,0,0,0,0,0,0,0,0,0,0,0,0,0,0,0,0,0,0,0,0,0,0,0,0,0,06037320102
320201,2024,2,2,3,0,20,43,29,4,0,0,0,0,0,1,0,1,0,1,0,0,0,0,0,0,0,0,0,0,0,0,0,0,0,0,0,0,0,0,0,0,0,0,0,06037320201
320202,2024,2,2,3,0,20,43,29,1,0,0,0,0,0,0,0,0,0,0,0,0,0,0,0,0,0,0,0,0,0,0,0,0,0,0,0,0,0,0,0,0,0,0,0,06037320202
320300,2024,2,2,3,0,20,43,29,4,0,0,0,0,0,3,0,2,0,4,0,0,0,0,0,0,0,0,0,0,0,0,0,0,0,0,0,0,0,0,0,0,0,0,0,06037320300
400205,2024,2,3,5,0,25,41,28,0,0,0,0,0,0,0,0,0,0,0,0,0,0,0,0,0,0,0,0,0,0,0,0,0,0,0,0,0,0,0,0,0,0,0,0,06037400205
400206,2024,2,3,5,0,25,41,28,0,0,0,0,0,0,0,0,0,0,0,0,0,0,0,0,0,0,0,0,0,0,0,0,0,0,0,0,0,0,0,0,0,0,0,0,06037400206
400207,2024,2,3,5,0,22,41,31,0,0,0,0,0,0,0,0,0,0,0,0,0,0,0,0,0,0,0,0,0,0,0,0,0,0,0,0,0,0,0,0,0,0,0,0,06037400207
400208,2024,2,3,5,0,22,41,31,0,0,0,0,0,0,0,0,0,0,0,0,0,0,0,0,0,0,0,0,0,0,0,0,0,0,0,0,0,0,0,0,0,0,0,0,06037400208
400209,2024,2,3,5,0,25,41,28,0,0,0,0,0,0,0,0,0,0,0,0,0,0,0,0,0,0,0,0,0,0,0,0,0,0,0,0,0,0,0,0,0,0,0,0,06037400209
400304,2024,2,3,5,0,22,41,31,3,0,0,0,0,0,2,1,3,1,0,0,0,0,0,0,0,0,0,0,0,0,0,0,0,0,0,0,0,0,0,0,0,0,0,0,06037400304
400402,2024,2,3,5,0,25,48,28,2,0,0,0,0,0,0,0,0,0,0,0,0,0,0,0,0,0,0,0,0,0,0,0,0,0,0,0,0,0,0,0,0,0,0,0,06037400402
400403,2024,2,3,5,0,22,41,31,0,0,0,0,0,0,4,1,0,0,0,0,0,0,0,0,0,0,0,0,0,0,0,0,0,0,0,0,0,0,0,0,0,0,0,0,06037400403
400404,2024,2,3,5,0,25,41,28,0,0,0,0,0,0,1,0,0,0,0,0,0,0,0,0,0,0,0,0,0,0,0,0,0,0,0,0,0,0,0,0,0,0,0,0,06037400404
400501,2024,2,3,1,0,25,41,28,0,0,0,0,0,0,0,0,0,0,0,0,0,0,0,0,0,0,0,0,0,0,0,0,0,0,0,0,0,0,0,0,0,0,0,0,06037400501
400602,2024,2,3,1,0,22,48,31,11,0,0,0,0,0,0,0,0,0,0,0,0,0,0,0,0,0,0,0,0,0,0,0,0,0,0,0,0,0,0,0,0,0,0,0,06037400602
400603,2024,2,3,1,0,22,48,31,10,0,0,0,0,0,1,0,0,5,1,0,0,0,0,0,0,0,0,0,0,0,0,0,0,0,0,0,0,0,0,0,0,0,0,0,06037400603
400605,2024,2,3,1,0,22,48,31,16,0,0,0,0,0,0,0,1,0,0,0,0,0,0,0,0,0,0,0,0,0,0,0,0,0,0,0,0,0,0,0,0,0,0,0,06037400605
400801,2024,2,3,1,0,22,48,31,0,0,0,0,0,0,0,0,0,0,0,0,0,0,0,0,0,0,0,0,0,0,0,0,0,0,0,0,0,0,0,0,0,0,0,0,06037400801
401001,2024,2,3,5,0,25,48,31,0,0,0,0,0,0,0,0,0,0,0,0,0,0,0,0,0,0,0,0,0,0,0,0,0,0,0,0,0,0,0,0,0,0,0,0,06037401001
401002,2024,2,3,5,0,25,48,28,5,0,0,0,0,0,2,2,0,0,0,0,0,0,0,0,0,0,0,0,0,0,0,0,0,0,0,0,0,0,0,0,0,0,0,0,06037401002
401101,2024,2,3,5,0,25,48,31,7,0,0,0,0,0,0,1,1,1,0,0,0,0,0,0,0,0,0,0,0,0,0,0,0,0,0,0,0,0,0,0,0,0,0,0,06037401101
401102,2024,2,3,5,0,25,48,31,2,0,0,0,0,0,0,0,0,0,0,0,0,0,0,0,0,0,0,0,0,0,0,0,0,0,0,0,0,0,0,0,0,0,0,0,06037401102
401201,2024,2,3,5,0,25,48,31,13,0,0,0,0,0,3,0,0,0,0,0,0,0,0,0,0,0,0,0,0,0,0,0,0,0,0,0,0,0,0,0,0,0,0,0,06037401201
401202,2024,2,3,5,0,25,48,31,16,0,0,0,0,0,0,0,0,1,9,0,0,0,0,0,0,0,0,0,0,0,0,0,0,0,0,0,0,0,0,0,0,0,0,0,06037401202
401203,2024,2,3,5,0,25,48,31,7,0,0,0,0,0,1,0,6,0,5,0,0,0,0,0,0,0,0,0,0,0,0,0,0,0,0,0,0,0,0,0,0,0,0,0,06037401203
401303,2024,2,3,1,0,22,41,31,3,0,0,0,0,0,0,0,0,1,1,0,0,0,0,0,0,0,0,0,0,0,0,0,0,0,0,0,0,0,0,0,0,0,0,0,06037401303
401304,2024,2,3,5,0,22,41,31,4,0,0,0,0,0,1,1,2,0,1,0,0,0,0,0,0,0,0,0,0,0,0,0,0,0,0,0,0,0,0,0,0,0,0,0,06037401304
401311,2024,2,3,5,0,25,48,31,14,0,2,0,0,0,7,2,2,1,1,0,0,0,0,0,0,0,0,0,0,0,0,0,0,0,0,0,0,0,0,0,0,0,0,0,06037401311
401312,2024,2,3,5,0,22,41,31,12,0,0,0,0,0,0,0,0,1,8,0,0,0,0,0,0,0,0,0,0,0,0,0,0,0,0,0,0,0,0,0,0,0,0,0,06037401312
401500,2024,2,3,1,0,22,41,31,1,0,0,0,0,0,0,0,0,0,0,0,0,0,0,0,0,0,0,0,0,0,0,0,0,0,0,0,0,0,0,0,0,0,0,0,06037401500
401601,2024,2,3,5,0,22,41,28,8,0,0,0,0,0,0,0,1,1,0,0,0,0,0,0,0,0,0,0,0,0,0,0,0,0,0,0,0,0,0,0,0,0,0,0,06037401601
401602,2024,2,3,5,0,22,41,31,8,0,0,0,0,0,3,1,1,0,0,0,0,0,0,0,0,0,0,0,0,0,0,0,0,0,0,0,0,0,0,0,0,0,0,0,06037401602
401705,2024,2,3,1,0,22,53,35,0,0,0,0,0,0,0,0,0,0,0,0,0,0,0,0,0,0,0,0,0,0,0,0,0,0,0,0,0,0,0,0,0,0,0,0,06037401705
401706,2024,2,3,1,0,22,53,35,14,0,0,0,0,0,0,1,2,0,2,0,0,0,0,0,0,0,0,0,0,0,0,0,0,0,0,0,0,0,0,0,0,0,0,0,06037401706
401707,2024,2,3,1,0,22,53,35,2,0,0,0,0,0,9,3,4,8,2,0,4,19,0,0,0,0,0,0,0,0,0,0,0,0,0,0,0,0,0,0,19,0,0,19,06037401707
401801,2024,2,3,5,0,25,41,28,0,0,0,0,0,0,0,0,0,0,0,0,0,0,0,0,0,0,0,0,0,0,0,0,0,0,0,0,0,0,0,0,0,0,0,0,06037401801
401802,2024,2,3,5,0,25,41,28,1,0,0,0,0,0,0,0,0,0,0,0,0,0,0,0,0,0,0,0,0,0,0,0,0,0,0,0,0,0,0,0,0,0,0,0,06037401802
401901,2024,2,3,5,0,25,41,28,0,0,0,0,0,0,0,0,0,0,0,0,0,0,0,0,0,0,0,0,0,0,0,0,0,0,0,0,0,0,0,0,0,0,0,0,06037401901
401902,2024,2,3,5,0,25,41,28,16,0,0,0,0,0,0,0,0,0,0,0,0,0,0,0,0,0,0,0,0,0,0,0,0,0,0,0,0,0,0,0,0,0,0,0,06037401902
402001,2024,2,3,5,0,25,41,28,1,0,0,0,0,0,0,0,0,0,0,0,0,0,0,0,0,0,0,0,0,0,0,0,0,0,0,0,0,0,0,0,0,0,0,0,06037402001
402002,2024,2,3,5,0,25,41,28,4,0,0,0,0,0,3,0,0,1,3,0,0,0,0,0,0,0,0,0,0,0,0,0,0,0,0,0,0,0,0,0,0,0,0,0,06037402002
402101,2024,2,3,1,0,22,53,35,2,0,0,0,0,0,0,0,0,0,0,3,14,31,0,1,3,3,0,0,0,0,0,0,0,0,0,0,0,0,0,0,40,0,0,40,06037402101
402102,2024,2,3,1,0,22,53,35,2,0,0,0,0,0,0,0,0,1,2,3,0,0,0,0,0,0,0,0,0,0,0,0,0,0,0,0,0,0,0,0,3,0,0,3,06037402102
402200,2024,2,3,1,0,22,53,35,6,0,0,0,0,0,6,0,3,1,4,0,0,0,0,0,0,0,0,0,0,0,0,0,0,0,0,0,0,0,0,0,0,0,0,0,06037402200
402301,2024,2,3,1,0,22,53,35,0,0,0,0,0,0,1,0,0,0,0,0,0,0,0,0,0,0,0,0,0,0,0,0,0,0,0,0,0,0,0,0,0,0,0,0,06037402301
402303,2024,2,3,1,0,22,53,35,14,0,0,0,0,0,0,0,0,0,0,0,0,0,0,0,0,0,0,0,0,0,0,0,0,0,0,0,0,0,0,0,0,0,0,0,06037402303
402304,2024,2,3,1,0,22,53,35,8,0,0,0,0,0,0,0,0,1,0,0,0,0,0,0,0,0,0,0,0,0,0,0,0,0,0,0,0,0,0,0,0,0,0,0,06037402304
402403,2024,2,3,1,0,22,53,35,0,0,0,0,0,0,1,0,0,0,2,0,0,0,0,0,0,0,0,0,0,0,0,0,0,0,0,0,0,0,0,0,0,0,0,0,06037402403
402404,2024,2,3,1,0,30,53,35,2,0,0,0,0,0,0,0,0,0,3,6,0,0,2,0,0,0,0,0,0,0,0,0,0,0,0,0,0,0,0,0,8,0,0,8,06037402404
402405,2024,2,3,1,0,22,53,35,0,0,0,0,0,0,2,0,0,1,0,0,0,0,0,0,0,0,0,0,0,0,0,0,0,0,0,0,0,0,0,0,0,0,0,0,06037402405
402406,2024,2,3,1,0,22,53,35,14,0,0,0,0,0,3,0,0,0,1,0,0,0,0,0,0,0,0,0,0,0,0,0,0,0,0,0,0,0,0,0,0,0,0,0,06037402406
402501,2024,2,3,1,0,22,53,35,5,0,0,0,0,0,1,0,1,0,1,0,0,0,0,0,0,0,0,0,0,0,0,0,0,0,0,0,0,0,0,0,0,0,0,0,06037402501
402503,2024,2,3,1,0,22,53,35,0,0,0,0,0,0,0,0,1,1,0,0,0,0,0,0,0,0,0,0,0,0,0,0,0,0,0,0,0,0,0,0,0,0,0,0,06037402503
402504,2024,2,3,1,0,22,53,35,2,0,0,0,0,0,1,0,0,2,0,0,0,0,0,0,0,0,0,0,0,0,0,0,0,0,0,0,0,0,0,0,0,0,0,0,06037402504
402601,2024,2,3,1,0,22,53,35,29,0,0,0,0,0,2,0,0,0,0,50,2,4,3,1,2,2,0,0,0,0,0,0,0,0,0,0,0,0,0,0,61,0,0,61,06037402601
402602,2024,2,3,1,0,22,53,35,5,0,0,0,0,0,0,0,0,0,0,0,0,0,0,0,0,0,0,0,0,0,0,0,0,0,0,0,0,0,0,0,0,0,0,0,06037402602
402702,2024,2,3,1,0,22,53,35,4,0,0,0,0,0,0,0,0,3,0,0,0,0,0,0,0,0,0,0,0,0,0,0,0,0,0,0,0,0,0,0,0,0,0,0,06037402702
402703,2024,2,3,1,0,22,53,35,4,0,0,0,0,0,0,0,0,0,0,0,0,0,0,0,0,0,0,0,0,0,0,0,0,0,0,0,0,0,0,0,0,0,0,0,06037402703
402705,2024,2,3,1,0,22,53,35,1,0,0,0,0,0,0,0,0,0,0,0,0,0,0,0,0,0,0,0,0,0,0,0,0,0,0,0,0,0,0,0,0,0,0,0,06037402705
402706,2024,2,3,1,0,22,53,35,2,0,0,0,0,0,0,0,0,1,1,0,0,0,0,0,0,0,0,0,0,0,0,0,0,0,0,0,0,0,0,0,0,0,0,0,06037402706
402801,2024,2,3,1,0,22,53,35,3,0,0,0,0,0,1,0,2,5,3,159,0,0,5,0,0,0,0,0,0,0,0,0,0,0,0,0,0,0,0,0,164,0,0,164,06037402801
402803,2024,2,3,1,0,22,53,35,6,0,0,0,0,0,0,0,0,4,0,0,0,0,0,0,0,0,0,0,0,0,0,0,0,0,0,0,0,0,0,0,0,0,0,0,06037402803
402804,2024,2,3,1,0,22,53,35,4,0,0,0,0,0,0,1,1,0,1,0,0,0,0,0,0,0,0,0,0,0,0,0,0,0,0,0,0,0,0,0,0,0,0,0,06037402804
402902,2024,2,3,1,0,22,53,35,15,0,0,0,0,0,8,0,0,1,0,0,0,0,0,0,0,0,0,0,0,0,0,0,0,0,0,0,0,0,0,0,0,0,0,0,06037402902
402903,2024,2,3,1,0,22,53,35,1,0,0,0,0,0,0,0,0,0,0,0,0,0,0,0,0,0,0,0,0,0,0,0,0,0,0,0,0,0,0,0,0,0,0,0,06037402903
402904,2024,2,3,1,0,22,53,35,30,0,0,0,0,0,1,0,0,4,14,0,0,0,0,0,0,0,0,0,0,0,0,0,0,0,0,0,0,0,0,0,0,0,0,0,06037402904
403000,2024,2,3,1,0,22,53,35,3,0,0,0,0,0,1,0,0,1,0,0,0,0,0,0,0,0,0,0,0,0,0,0,0,0,0,0,0,0,0,0,0,0,0,0,06037403000
403305,2024,2,3,1,0,30,56,38,0,0,0,0,0,0,0,0,0,0,0,0,0,0,0,0,0,0,0,0,0,0,0,0,0,0,0,0,0,0,0,0,0,0,0,0,06037403305
403316,2024,2,3,1,0,30,56,38,9,0,0,0,0,0,1,1,3,0,3,0,0,0,0,0,0,0,0,0,0,0,0,0,0,0,0,0,0,0,0,0,0,0,0,0,06037403316
403317,2024,2,3,1,0,22,53,35,0,0,0,0,0,0,0,0,0,0,0,0,0,0,0,0,0,0,0,0,0,0,0,0,0,0,0,0,0,0,0,0,0,0,0,0,06037403317
403318,2024,2,3,1,0,22,53,35,9,0,0,0,0,0,0,0,1,1,2,0,0,0,0,0,0,0,0,0,0,0,0,0,0,0,0,0,0,0,0,0,0,0,0,0,06037403318
403319,2024,2,3,1,0,30,56,38,1,0,0,0,0,0,0,2,0,0,0,0,0,0,0,0,0,0,0,0,0,0,0,0,0,0,0,0,0,0,0,0,0,0,0,0,06037403319
403320,2024,2,3,1,0,30,56,38,0,0,0,0,0,0,0,0,0,0,0,0,0,0,0,0,0,0,0,0,0,0,0,0,0,0,0,0,0,0,0,0,0,0,0,0,06037403320
403321,2024,2,3,1,0,30,56,38,2,0,0,0,0,0,0,0,0,0,1,0,0,0,0,0,0,0,0,0,0,0,0,0,0,0,0,0,0,0,0,0,0,0,0,0,06037403321
403323,2024,2,3,1,0,30,56,38,0,0,0,0,0,0,0,0,0,0,0,0,0,0,0,0,0,0,0,0,0,0,0,0,0,0,0,0,0,0,0,0,0,0,0,0,06037403323
403324,2024,2,3,1,0,30,56,38,0,0,0,0,0,0,0,0,0,0,0,0,0,0,0,0,0,0,0,0,0,0,0,0,0,0,0,0,0,0,0,0,0,0,0,0,06037403324
403325,2024,2,3,1,0,30,56,38,0,0,0,0,0,0,0,0,0,0,0,0,0,0,0,0,0,0,0,0,0,0,0,0,0,0,0,0,0,0,0,0,0,0,0,0,06037403325
403326,2024,2,3,1,0,30,56,38,2,0,0,0,0,0,0,0,1,0,1,0,0,0,0,0,0,0,0,0,0,0,0,0,0,0,0,0,0,0,0,0,0,0,0,0,06037403326
403327,2024,2,3,1,0,30,56,38,1,0,0,0,0,0,0,0,0,2,3,0,0,0,0,0,0,0,0,0,0,0,0,0,0,0,0,0,0,0,0,0,0,0,0,0,06037403327
403328,2024,2,3,1,0,30,56,38,0,0,0,0,0,0,0,1,0,0,0,0,0,0,0,0,0,0,0,0,0,0,0,0,0,0,0,0,0,0,0,0,0,0,0,0,06037403328
403401,2024,2,3,1,0,30,56,38,0,0,0,0,0,0,0,0,0,0,0,0,0,0,0,0,0,0,0,0,0,0,0,0,0,0,0,0,0,0,0,0,0,0,0,0,06037403401
403402,2024,2,3,1,0,30,56,38,2,0,0,0,0,0,0,0,0,0,0,0,0,0,0,0,0,0,0,0,0,0,0,0,0,0,0,0,0,0,0,0,0,0,0,0,06037403402
403403,2024,2,3,1,0,30,56,38,0,0,0,0,0,0,0,0,0,0,0,0,0,0,0,0,0,0,0,0,0,0,0,0,0,0,0,0,0,0,0,0,0,0,0,0,06037403403
403404,2024,2,3,1,0,30,56,38,0,0,0,0,0,0,0,0,0,0,0,0,0,0,0,0,0,0,0,0,0,0,0,0,0,0,0,0,0,0,0,0,0,0,0,0,06037403404
403407,2024,2,3,1,0,30,56,38,0,0,0,0,0,0,1,0,0,0,0,0,0,0,0,0,0,0,0,0,0,0,0,0,0,0,0,0,0,0,0,0,0,0,0,0,06037403407
403408,2024,2,3,1,0,30,56,38,2,0,0,0,0,0,2,0,0,0,0,0,0,0,0,0,0,0,0,0,0,0,0,0,0,0,0,0,0,0,0,0,0,0,0,0,06037403408
403409,2024,2,3,1,0,30,56,38,1,0,0,0,0,0,1,0,0,0,0,0,0,0,0,0,0,0,0,0,0,0,0,0,0,0,0,0,0,0,0,0,0,0,0,0,06037403409
403500,2024,2,3,1,0,22,48,31,0,0,0,0,0,0,0,0,0,0,0,0,0,0,0,0,0,0,0,0,0,0,0,0,0,0,0,0,0,0,0,0,0,0,0,0,06037403500
403601,2024,2,3,1,0,22,48,31,2,0,0,0,0,0,0,0,0,0,0,0,0,0,0,0,0,0,0,0,0,0,0,0,0,0,0,0,0,0,0,0,0,0,0,0,06037403601
403702,2024,2,3,1,0,22,48,31,0,0,0,0,0,0,0,0,0,0,0,0,0,0,0,0,0,0,0,0,0,0,0,0,0,0,0,0,0,0,0,0,0,0,0,0,06037403702
403703,2024,2,3,1,0,22,48,31,0,0,0,0,0,0,0,0,0,0,0,0,0,0,0,0,0,0,0,0,0,0,0,0,0,0,0,0,0,0,0,0,0,0,0,0,06037403703
403721,2024,2,3,1,0,22,48,31,4,0,0,0,0,0,0,0,0,0,0,0,0,0,0,0,0,0,0,0,0,0,0,0,0,0,0,0,0,0,0,0,0,0,0,0,06037403721
403722,2024,2,3,1,0,22,48,31,0,0,0,0,0,0,0,0,0,0,0,0,0,0,0,0,0,0,0,0,0,0,0,0,0,0,0,0,0,0,0,0,0,0,0,0,06037403722
403801,2024,2,3,1,0,22,48,31,3,0,0,0,0,0,3,0,6,1,0,0,0,0,0,0,0,0,0,0,0,0,0,0,0,0,0,0,0,0,0,0,0,0,0,0,06037403801
403802,2024,2,3,1,0,22,48,31,0,0,0,0,0,0,1,2,7,0,0,0,0,0,0,0,0,0,0,0,0,0,0,0,0,0,0,0,0,0,0,0,0,0,0,0,06037403802
403901,2024,2,3,5,0,22,48,31,7,0,0,0,0,0,0,11,0,1,4,0,0,0,0,0,0,0,0,0,0,0,0,0,0,0,0,0,0,0,0,0,0,0,0,0,06037403901
403902,2024,2,3,5,0,25,48,31,2,0,0,0,0,0,0,0,0,0,0,0,0,0,0,0,0,0,0,0,0,0,0,0,0,0,0,0,0,0,0,0,0,0,0,0,06037403902
404000,2024,2,3,1,0,22,48,31,6,0,0,0,0,0,0,0,0,1,2,0,0,0,0,0,0,0,0,0,0,0,0,0,0,0,0,0,0,0,0,0,0,0,0,0,06037404000
404100,2024,2,3,1,0,22,48,31,2,0,0,0,0,0,0,0,1,1,1,0,0,0,0,0,0,0,0,0,0,0,0,0,0,0,0,0,0,0,0,0,0,0,0,0,06037404100
404201,2024,2,3,1,0,22,48,31,6,0,0,0,0,0,0,0,0,0,0,0,0,0,0,0,0,0,0,0,0,0,0,0,0,0,0,0,0,0,0,0,0,0,0,0,06037404201
404203,2024,2,3,1,0,22,48,31,1,0,0,0,0,0,0,0,0,0,0,0,0,0,0,0,0,0,0,0,0,0,0,0,0,0,0,0,0,0,0,0,0,0,0,0,06037404203
404301,2024,2,3,1,0,22,48,31,3,0,0,0,0,0,0,0,0,0,0,0,0,0,0,0,0,0,0,0,0,0,0,0,0,0,0,0,0,0,0,0,0,0,0,0,06037404301
404302,2024,2,3,1,0,22,48,31,20,0,0,0,0,0,0,0,0,1,2,0,0,0,0,0,0,0,0,0,0,0,0,0,0,0,0,0,0,0,0,0,0,0,0,0,06037404302
404401,2024,2,3,1,0,22,48,31,2,0,0,0,0,0,0,0,0,0,0,0,0,0,0,0,0,0,0,0,0,0,0,0,0,0,0,0,0,0,0,0,0,0,0,0,06037404401
404402,2024,2,3,1,0,22,48,31,4,0,0,0,0,0,0,0,0,0,0,0,0,0,0,0,0,0,0,0,0,0,0,0,0,0,0,0,0,0,0,0,0,0,0,0,06037404402
404501,2024,2,3,1,0,22,48,31,4,0,0,0,0,0,0,0,2,0,0,0,0,0,0,0,0,0,0,0,0,0,0,0,0,0,0,0,0,0,0,0,0,0,0,0,06037404501
404503,2024,2,3,1,0,22,48,31,2,0,0,0,0,0,1,0,2,0,0,0,0,0,0,0,0,0,0,0,0,0,0,0,0,0,0,0,0,0,0,0,0,0,0,0,06037404503
404504,2024,2,3,1,0,22,48,31,4,0,0,0,0,0,1,0,2,0,0,0,0,0,0,0,0,0,0,0,0,0,0,0,0,0,0,0,0,0,0,0,0,0,0,0,06037404504
404600,2024,2,3,1,0,22,48,31,19,0,0,0,0,0,2,2,7,24,11,101,40,131,1,0,0,0,0,0,0,0,0,0,0,0,0,0,0,0,0,0,233,0,0,233,06037404600
404701,2024,2,3,1,0,22,48,31,2,0,0,0,0,0,0,0,1,2,0,0,0,0,0,0,0,0,0,0,0,0,0,0,0,0,0,0,0,0,0,0,0,0,0,0,06037404701
404702,2024,2,3,1,0,22,48,31,6,0,0,0,0,0,0,0,0,0,0,25,12,41,1,1,2,0,0,0,0,0,0,0,0,0,0,0,0,0,0,0,69,0,0,69,06037404702
404703,2024,2,3,1,0,22,48,31,13,0,0,0,0,0,0,0,0,0,9,0,0,0,0,0,0,0,0,0,0,0,0,0,0,0,0,0,0,0,0,0,0,0,0,0,06037404703
404804,2024,2,3,1,0,22,48,31,2,0,0,0,0,0,3,0,0,0,0,0,0,0,0,0,0,0,0,0,0,0,0,0,0,0,0,0,0,0,0,0,0,0,0,0,06037404804
404805,2024,2,3,1,0,22,48,31,1,0,0,0,0,0,0,2,0,0,0,0,0,0,0,0,0,0,0,0,0,0,0,0,0,0,0,0,0,0,0,0,0,0,0,0,06037404805
404806,2024,2,3,1,0,22,48,31,1,0,0,0,0,0,0,0,1,0,1,43,0,0,0,0,0,0,0,0,0,0,0,0,0,0,0,0,0,0,0,0,43,0,0,43,06037404806
404901,2024,2,3,1,0,22,48,31,0,0,0,0,0,0,0,0,0,0,0,0,0,0,0,0,0,0,0,0,0,0,0,0,0,0,0,0,0,0,0,0,0,0,0,0,06037404901
404902,2024,2,3,1,0,22,48,31,0,0,0,0,0,0,0,0,0,0,0,0,0,0,0,0,0,0,0,0,0,0,0,0,0,0,0,0,0,0,0,0,0,0,0,0,06037404902
404903,2024,2,3,1,0,22,48,31,2,0,0,0,0,0,0,0,0,0,0,0,0,0,0,0,0,0,0,0,0,0,0,0,0,0,0,0,0,0,0,0,0,0,0,0,06037404903
405001,2024,2,3,1,0,22,48,31,0,0,0,0,0,0,0,1,2,0,0,0,0,0,0,0,0,0,0,0,0,0,0,0,0,0,0,0,0,0,0,0,0,0,0,0,06037405001
405002,2024,2,3,1,0,22,48,31,2,0,0,0,0,0,0,1,1,0,0,0,0,0,0,0,0,0,0,0,0,0,0,0,0,0,0,0,0,0,0,0,0,0,0,0,06037405002
405101,2024,2,3,1,0,22,48,31,0,0,0,0,0,0,0,0,0,0,0,0,0,0,0,0,0,0,0,0,0,0,0,0,0,0,0,0,0,0,0,0,0,0,0,0,06037405101
405102,2024,2,3,1,0,22,48,31,14,0,0,0,0,0,0,0,0,5,0,0,0,0,0,0,0,0,0,0,0,0,0,0,0,0,0,0,0,0,0,0,0,0,0,0,06037405102
405201,2024,2,3,1,0,22,48,31,4,0,0,0,0,0,1,0,1,0,0,0,0,0,0,0,0,0,0,0,0,0,0,0,0,0,0,0,0,0,0,0,0,0,0,0,06037405201
405202,2024,2,3,1,0,22,48,31,3,0,0,0,0,0,0,0,4,0,0,0,0,0,0,0,0,0,0,0,0,0,0,0,0,0,0,0,0,0,0,0,0,0,0,0,06037405202
405203,2024,2,3,1,0,22,48,31,0,0,0,0,0,0,0,1,0,0,0,0,0,0,0,0,0,0,0,0,0,0,0,0,0,0,0,0,0,0,0,0,0,0,0,0,06037405203
405301,2024,2,3,1,0,22,48,31,4,0,0,0,0,0,1,0,6,0,0,0,0,0,0,0,0,0,0,0,0,0,0,0,0,0,0,0,0,0,0,0,0,0,0,0,06037405301
405302,2024,2,3,1,0,22,48,31,0,0,0,0,0,0,0,0,0,0,0,0,0,0,0,0,0,0,0,0,0,0,0,0,0,0,0,0,0,0,0,0,0,0,0,0,06037405302
405400,2024,2,3,1,0,22,48,31,1,0,0,0,0,0,0,0,1,0,0,0,0,0,0,0,0,0,0,0,0,0,0,0,0,0,0,0,0,0,0,0,0,0,0,0,06037405400
405500,2024,2,3,1,0,22,48,31,0,0,0,0,0,0,0,2,7,0,0,0,0,0,0,0,0,0,0,0,0,0,0,0,0,0,0,0,0,0,0,0,0,0,0,0,06037405500
405600,2024,2,3,1,0,22,48,31,1,0,0,0,0,0,1,0,0,0,0,0,0,0,0,0,0,0,0,0,0,0,0,0,0,0,0,0,0,0,0,0,0,0,0,0,06037405600
405701,2024,2,3,1,0,22,48,31,1,0,0,0,0,0,0,0,0,0,0,0,0,0,0,0,0,0,0,0,0,0,0,0,0,0,0,0,0,0,0,0,0,0,0,0,06037405701
405702,2024,2,3,1,0,22,48,31,4,0,0,0,0,0,2,0,0,0,1,0,0,0,0,0,0,0,0,2,7,0,0,0,0,0,0,0,0,0,0,0,0,7,0,7,06037405702
405800,2024,2,3,1,0,22,48,31,5,0,0,0,0,0,3,0,0,0,0,0,0,0,0,0,0,0,0,0,0,0,0,0,0,0,0,0,0,0,0,0,0,0,0,0,06037405800
405900,2024,2,3,1,0,22,48,31,5,0,0,0,0,0,0,0,2,1,0,0,0,0,0,0,0,0,0,0,0,0,0,0,0,0,0,0,0,0,0,0,0,0,0,0,06037405900
406000,2024,2,3,1,0,22,48,31,7,0,0,0,0,0,0,0,0,0,0,0,0,0,0,0,0,0,0,0,0,0,0,0,0,0,0,0,0,0,0,0,0,0,0,0,06037406000
406101,2024,2,3,1,0,22,48,31,2,0,0,0,0,0,1,0,0,0,0,0,0,0,0,0,0,0,0,0,0,0,0,0,0,0,0,0,0,0,0,0,0,0,0,0,06037406101
406103,2024,2,3,1,0,22,48,31,5,0,0,0,0,0,2,0,0,0,0,0,0,0,0,0,0,0,0,0,0,0,0,0,0,0,0,0,0,0,0,0,0,0,0,0,06037406103
406201,2024,2,3,1,0,22,48,31,0,0,0,0,0,0,0,0,0,0,0,0,0,0,0,0,0,0,0,0,0,0,0,0,0,0,0,0,0,0,0,0,0,0,0,0,06037406201
406300,2024,2,3,1,0,22,48,31,0,0,0,0,0,0,0,0,0,0,0,0,0,0,0,0,0,0,0,0,0,0,0,0,0,0,0,0,0,0,0,0,0,0,0,0,06037406300
406413,2024,2,3,1,0,22,48,31,0,0,0,0,0,0,0,0,0,0,0,0,0,0,0,0,0,0,0,0,0,0,0,0,0,0,0,0,0,0,0,0,0,0,0,0,06037406413
406500,2024,2,3,1,0,22,48,31,2,0,0,0,0,0,1,1,0,0,0,0,0,0,0,0,0,0,0,0,0,0,0,0,0,0,0,0,0,0,0,0,0,0,0,0,06037406500
406601,2024,2,3,1,0,22,48,31,0,0,0,0,0,0,0,0,0,0,0,0,0,0,0,0,0,0,0,0,0,0,0,0,0,0,0,0,0,0,0,0,0,0,0,0,06037406601
406602,2024,2,3,1,0,22,48,31,16,0,0,0,0,0,7,0,1,2,4,0,0,0,0,0,0,0,0,0,0,0,0,0,0,0,0,0,0,0,0,0,0,0,0,0,06037406602
406701,2024,2,3,1,0,22,48,31,0,0,0,0,0,0,0,0,0,0,0,0,0,0,0,0,0,0,0,0,0,0,0,0,0,0,0,0,0,0,0,0,0,0,0,0,06037406701
406702,2024,2,3,1,0,22,48,31,7,0,0,0,0,0,0,0,0,0,0,0,0,0,0,0,0,0,0,0,0,0,0,0,0,0,0,0,0,0,0,0,0,0,0,0,06037406702
406801,2024,2,3,1,0,22,48,31,0,0,0,0,0,0,0,0,0,0,0,0,0,0,0,0,0,0,0,0,0,0,0,0,0,0,0,0,0,0,0,0,0,0,0,0,06037406801
406903,2024,2,3,1,0,22,48,31,6,0,0,0,0,0,0,0,0,0,0,0,0,0,0,0,0,0,0,0,0,0,0,0,0,0,0,0,0,0,0,0,0,0,0,0,06037406903
407001,2024,2,3,1,0,22,48,31,1,0,0,0,0,0,2,0,2,0,0,0,0,0,0,0,0,0,0,0,0,0,0,0,0,0,0,0,0,0,0,0,0,0,0,0,06037407001
407002,2024,2,3,1,0,22,48,31,10,0,0,0,0,0,0,0,0,12,2,0,0,0,0,0,0,0,0,0,0,0,0,0,0,0,0,0,0,0,0,0,0,0,0,0,06037407002
407101,2024,2,3,1,0,30,56,31,4,0,0,0,0,0,7,0,3,0,1,0,0,0,0,0,0,0,0,0,0,0,0,0,0,0,0,0,0,0,0,0,0,0,0,0,06037407101
407102,2024,2,3,1,0,30,56,31,0,0,0,0,0,0,0,2,0,0,0,0,0,0,0,0,0,0,0,0,0,0,0,0,0,0,0,0,0,0,0,0,0,0,0,0,06037407102
407201,2024,2,3,1,0,30,56,31,0,0,0,0,0,0,0,0,0,0,0,0,0,0,0,0,0,0,0,0,0,0,0,0,0,0,0,0,0,0,0,0,0,0,0,0,06037407201
407202,2024,2,3,1,0,30,56,31,3,0,0,0,0,0,0,0,0,0,0,0,0,0,0,0,0,0,0,0,0,0,0,0,0,0,0,0,0,0,0,0,0,0,0,0,06037407202
407301,2024,2,3,1,0,30,56,31,2,0,0,0,0,0,1,3,4,0,0,0,0,0,0,0,0,0,0,0,0,0,0,0,0,0,0,0,0,0,0,0,0,0,0,0,06037407301
407302,2024,2,3,1,0,30,48,31,0,0,0,0,0,0,0,2,9,0,0,0,0,0,0,0,0,0,0,0,0,0,0,0,0,0,0,0,0,0,0,0,0,0,0,0,06037407302
407400,2024,2,3,1,0,22,48,31,4,0,0,0,0,0,4,0,0,0,0,0,0,0,0,0,0,0,0,0,0,0,0,0,0,0,0,0,0,0,0,0,0,0,0,0,06037407400
407501,2024,2,3,1,0,30,56,31,6,0,0,0,0,0,13,8,2,2,0,0,0,0,0,0,0,0,0,0,0,0,0,0,0,0,0,0,0,0,0,0,0,0,0,0,06037407501
407502,2024,2,3,1,0,30,48,31,0,0,0,0,0,0,0,0,2,0,0,0,0,0,0,0,0,0,0,0,0,0,0,0,0,0,0,0,0,0,0,0,0,0,0,0,06037407502
407601,2024,2,3,1,0,30,56,31,5,0,0,0,0,0,1,0,0,0,1,0,0,0,0,0,0,0,0,0,0,0,0,0,0,0,0,0,0,0,0,0,0,0,0,0,06037407601
407602,2024,2,3,1,0,30,56,31,1,0,0,0,0,0,0,0,0,0,0,0,0,0,0,0,0,0,0,0,0,0,0,0,0,0,0,0,0,0,0,0,0,0,0,0,06037407602
407701,2024,2,3,1,0,30,56,31,3,0,0,0,0,0,0,0,0,0,1,0,0,0,0,0,0,0,0,0,0,0,0,0,0,0,0,0,0,0,0,0,0,0,0,0,06037407701
407702,2024,2,3,1,0,30,56,31,5,0,0,0,0,0,1,0,0,0,0,0,0,0,0,0,0,0,0,0,0,0,0,0,0,0,0,0,0,0,0,0,0,0,0,0,06037407702
407801,2024,2,3,1,0,30,48,31,1,1,2,0,0,0,4,3,1,1,0,0,0,0,0,0,0,0,0,0,0,0,0,0,0,0,0,0,0,0,0,0,0,0,0,0,06037407801
407802,2024,2,3,1,0,30,56,31,9,0,0,0,0,0,2,0,4,4,0,0,0,0,0,0,0,0,0,0,0,0,0,0,0,0,0,0,0,0,0,0,0,0,0,0,06037407802
407901,2024,2,3,1,0,30,48,31,2,0,0,0,0,0,2,1,0,1,0,0,0,0,0,0,0,0,0,0,0,0,0,0,0,0,0,0,0,0,0,0,0,0,0,0,06037407901
407902,2024,2,3,1,0,22,48,31,0,0,0,0,0,0,0,0,0,0,0,0,0,0,0,0,0,0,0,0,0,0,0,0,0,0,0,0,0,0,0,0,0,0,0,0,06037407902
408003,2024,2,3,1,0,22,48,31,1,0,0,0,0,0,1,0,2,0,0,0,0,0,0,0,0,0,0,0,0,0,0,0,0,0,0,0,0,0,0,0,0,0,0,0,06037408003
408004,2024,2,3,1,0,22,48,31,17,0,0,0,0,0,0,0,1,5,0,0,0,0,0,0,0,0,12,1,3,48,3,6,0,0,0,0,0,0,0,0,0,69,0,69,06037408004
408005,2024,2,3,1,0,22,48,31,0,0,0,0,0,0,1,0,0,0,0,0,0,0,0,0,0,0,0,0,0,0,0,0,0,0,0,0,0,0,0,0,0,0,0,0,06037408005
408006,2024,2,3,1,0,22,48,31,5,0,0,0,0,0,1,1,0,0,3,0,0,0,0,0,0,0,0,0,0,0,0,0,0,0,0,0,0,0,0,0,0,0,0,0,06037408006
408133,2024,2,3,1,0,30,48,31,0,0,0,0,0,0,0,0,0,0,0,0,0,0,0,0,0,0,0,0,0,0,0,0,0,0,0,0,0,0,0,0,0,0,0,0,06037408133
408134,2024,2,3,1,0,30,48,31,0,0,0,0,0,0,0,0,0,0,0,0,0,0,0,0,0,0,0,0,0,0,0,0,0,0,0,0,0,0,0,0,0,0,0,0,06037408134
408135,2024,2,3,1,0,30,48,31,0,0,0,0,0,0,0,0,0,0,0,0,0,0,0,0,0,0,0,0,0,0,0,0,0,0,0,0,0,0,0,0,0,0,0,0,06037408135
408136,2024,2,3,1,0,30,48,31,0,0,0,0,0,0,0,0,0,0,0,0,0,0,0,0,0,0,0,0,0,0,0,0,0,0,0,0,0,0,0,0,0,0,0,0,06037408136
408137,2024,2,3,1,0,30,48,31,1,0,0,0,0,0,1,0,0,0,1,4,0,0,5,0,0,0,0,0,0,0,0,0,0,0,0,0,0,0,0,0,9,0,0,9,06037408137
408138,2024,2,3,1,0,30,48,31,0,0,0,0,0,0,0,0,0,0,0,0,0,0,0,0,0,0,0,0,0,0,0,0,0,0,0,0,0,0,0,0,0,0,0,0,06037408138
408139,2024,2,3,1,0,30,48,31,0,0,0,0,0,0,0,0,0,0,0,0,0,0,0,0,0,0,0,0,0,0,0,0,0,0,0,0,0,0,0,0,0,0,0,0,06037408139
408140,2024,2,3,1,0,30,48,31,0,0,0,0,0,0,0,0,0,0,0,0,0,0,0,0,0,0,0,0,0,0,0,0,0,0,0,0,0,0,0,0,0,0,0,0,06037408140
408141,2024,2,3,1,0,30,48,31,0,0,0,0,0,0,0,0,0,0,0,0,0,0,0,0,0,0,0,0,0,0,0,0,0,0,0,0,0,0,0,0,0,0,0,0,06037408141
408212,2024,2,3,1,0,30,56,31,7,0,0,0,0,0,0,0,0,4,3,0,0,0,0,0,0,0,0,0,0,0,0,0,0,0,0,0,0,0,0,0,0,0,0,0,06037408212
408213,2024,2,3,1,0,30,56,38,4,0,0,0,0,0,0,0,0,0,3,0,0,0,0,0,0,0,0,0,0,0,0,0,0,0,0,0,0,0,0,0,0,0,0,0,06037408213
408301,2024,2,3,1,0,30,56,31,1,0,0,0,0,0,0,3,0,1,0,0,0,0,0,0,0,0,0,0,0,0,0,0,0,0,0,0,0,0,0,0,0,0,0,0,06037408301
408302,2024,2,3,1,0,30,56,38,7,0,0,0,0,0,1,1,0,3,2,0,0,0,0,0,0,0,0,0,0,0,0,0,0,0,0,0,0,0,0,0,0,0,0,0,06037408302
408303,2024,2,3,1,0,30,56,31,17,0,0,0,0,0,0,1,2,10,5,0,0,0,0,0,0,0,0,0,0,0,0,0,0,0,0,0,0,0,0,0,0,0,0,0,06037408303
408401,2024,2,3,1,0,30,56,38,5,0,0,0,0,0,0,0,0,0,0,0,0,0,0,0,0,0,0,0,0,0,0,0,0,0,0,0,0,0,0,0,0,0,0,0,06037408401
408402,2024,2,3,1,0,30,56,31,2,0,0,0,0,0,0,0,1,0,0,0,0,0,0,0,0,0,0,0,0,0,0,0,0,0,0,0,0,0,0,0,0,0,0,0,06037408402
408503,2024,2,3,1,0,30,56,38,0,0,0,0,0,0,0,0,0,0,0,0,0,0,0,0,0,0,0,0,0,0,0,0,0,0,0,0,0,0,0,0,0,0,0,0,06037408503
408504,2024,2,3,1,0,30,56,38,0,0,0,0,0,0,0,0,1,0,0,0,0,0,0,0,0,0,0,0,0,0,0,0,0,0,0,0,0,0,0,0,0,0,0,0,06037408504
408505,2024,2,3,1,0,30,56,38,0,0,0,0,0,0,0,0,5,0,2,0,0,0,0,0,0,0,0,0,0,0,0,0,0,0,0,0,0,0,0,0,0,0,0,0,06037408505
408623,2024,2,3,1,0,30,56,38,2,0,0,0,0,0,0,0,0,0,2,0,0,0,0,0,0,0,0,0,0,0,0,0,0,0,0,0,0,0,0,0,0,0,0,0,06037408623
408624,2024,2,3,1,0,30,56,38,0,0,0,0,0,0,0,0,0,0,0,0,0,0,0,0,0,0,0,0,0,0,0,0,0,0,0,0,0,0,0,0,0,0,0,0,06037408624
408625,2024,2,3,1,0,30,56,38,0,0,0,0,0,0,0,1,0,0,0,0,0,0,0,0,0,0,0,0,0,0,0,0,0,0,0,0,0,0,0,0,0,0,0,0,06037408625
408626,2024,2,3,1,0,30,56,38,3,0,0,0,0,0,0,0,0,1,6,0,0,0,0,0,0,0,0,0,0,0,0,0,0,0,0,0,0,0,0,0,0,0,0,0,06037408626
408627,2024,2,3,1,0,30,56,38,0,0,0,0,0,0,0,0,0,0,0,0,0,0,0,0,0,0,0,0,0,0,0,0,0,0,0,0,0,0,0,0,0,0,0,0,06037408627
408628,2024,2,3,1,0,30,56,38,1,0,0,0,0,0,0,0,0,0,0,0,0,0,0,0,0,0,0,0,0,0,0,0,0,0,0,0,0,0,0,0,0,0,0,0,06037408628
408629,2024,2,3,1,0,30,56,38,0,0,0,0,0,0,0,0,0,0,0,0,0,0,0,0,0,0,0,0,0,0,0,0,0,0,0,0,0,0,0,0,0,0,0,0,06037408629
408631,2024,2,3,1,0,30,56,38,3,0,0,0,0,0,0,0,0,0,0,0,0,0,0,0,0,0,0,0,0,0,0,0,0,0,0,0,0,0,0,0,0,0,0,0,06037408631
408703,2024,2,3,1,0,30,56,38,0,0,0,0,0,0,0,0,0,0,0,0,0,0,0,0,0,0,0,0,0,0,0,0,0,0,0,0,0,0,0,0,0,0,0,0,06037408703
408705,2024,2,3,1,0,30,56,38,0,0,0,0,0,0,0,0,0,0,0,0,0,0,0,0,0,0,0,0,0,0,0,0,0,0,0,0,0,0,0,0,0,0,0,0,06037408705
408707,2024,2,3,1,0,30,56,38,0,0,0,0,0,0,0,0,0,0,0,0,0,0,0,0,0,0,0,0,0,0,0,0,0,0,0,0,0,0,0,0,0,0,0,0,06037408707
408722,2024,2,3,1,0,30,56,38,0,0,0,0,0,0,0,0,0,0,0,0,0,0,0,0,0,0,0,0,0,0,0,0,0,0,0,0,0,0,0,0,0,0,0,0,06037408722
408724,2024,2,3,1,0,30,56,38,3,0,0,0,0,0,0,0,1,0,0,0,0,0,0,0,0,0,0,0,0,0,0,0,0,0,0,0,0,0,0,0,0,0,0,0,06037408724
408725,2024,2,3,1,0,30,56,38,2,0,0,0,0,0,0,0,0,1,0,0,0,0,0,0,0,0,0,0,0,0,0,0,0,0,0,0,0,0,0,0,0,0,0,0,06037408725
408800,2024,2,3,1,0,22,53,35,13,0,0,0,0,0,1,2,0,5,3,0,0,0,0,0,0,0,0,0,0,14,0,0,0,0,0,0,0,0,0,0,0,14,0,14,06037408800
408900,2024,2,3,5,0,22,41,31,1,0,0,0,0,0,0,0,0,0,0,0,0,0,0,0,0,0,0,0,0,0,0,0,0,0,0,0,0,0,0,0,0,0,0,0,06037408900
409000,2024,2,3,1,0,22,53,35,44,0,0,0,0,0,10,0,4,4,25,0,0,0,0,0,0,0,0,0,0,0,0,0,0,0,0,0,0,0,0,0,0,0,0,0,06037409000
409100,2024,2,3,1,0,30,56,38,6,0,0,0,0,0,1,0,1,3,4,0,0,0,0,0,0,0,0,0,0,0,0,0,0,0,0,0,0,0,0,0,0,0,0,0,06037409100
430003,2024,2,3,5,0,22,41,31,0,0,0,0,0,0,1,0,0,0,0,0,0,0,0,0,0,0,0,0,0,0,0,0,0,0,0,0,0,0,0,0,0,0,0,0,06037430003
430004,2024,2,3,5,0,22,48,31,2,0,0,0,0,0,0,0,1,0,0,0,0,0,0,0,0,0,0,0,0,0,0,0,0,0,0,0,0,0,0,0,0,0,0,0,06037430004
430005,2024,2,3,5,0,22,48,31,0,0,0,0,0,0,0,0,0,1,0,0,0,0,0,0,0,0,0,0,0,0,0,0,0,0,0,0,0,0,0,0,0,0,0,0,06037430005
430101,2024,2,3,5,0,22,48,31,5,0,0,0,0,0,3,5,2,0,0,0,0,0,0,0,0,0,0,0,0,0,0,0,0,0,0,0,0,0,0,0,0,0,0,0,06037430101
430102,2024,2,3,5,0,22,48,31,0,0,0,0,0,0,0,0,0,0,0,0,0,0,0,0,0,0,0,0,0,0,0,0,0,0,0,0,0,0,0,0,0,0,0,0,06037430102
430200,2024,2,3,5,0,22,48,31,0,0,0,0,0,0,0,0,0,0,0,0,0,0,0,0,0,0,0,0,0,0,0,0,0,0,0,0,0,0,0,0,0,0,0,0,06037430200
430301,2024,2,3,5,0,25,41,28,0,0,0,0,0,0,0,0,1,0,0,0,0,0,0,0,0,0,0,0,0,0,0,0,0,0,0,0,0,0,0,0,0,0,0,0,06037430301
430302,2024,2,3,5,0,25,41,31,0,0,0,0,0,0,0,0,0,0,0,0,0,0,0,0,0,0,0,0,0,0,0,0,0,0,0,0,0,0,0,0,0,0,0,0,06037430302
430400,2024,2,3,5,0,25,49,28,5,0,0,0,0,0,0,0,0,1,2,0,0,0,0,0,0,0,0,0,0,0,0,0,0,0,0,0,0,0,0,0,0,0,0,0,06037430400
430501,2024,2,3,5,0,25,41,28,0,0,0,0,0,0,0,0,0,0,0,0,0,0,0,0,0,0,0,0,0,0,0,0,0,0,0,0,0,0,0,0,0,0,0,0,06037430501
430502,2024,2,3,5,0,25,41,28,0,0,0,0,0,0,0,0,0,0,0,0,0,0,0,0,0,0,0,0,0,0,0,0,0,0,0,0,0,0,0,0,0,0,0,0,06037430502
430600,2024,2,3,5,0,25,49,28,0,0,0,0,0,0,0,1,0,0,0,0,0,0,0,0,0,0,0,0,0,0,0,0,0,0,0,0,0,0,0,0,0,0,0,0,06037430600
430701,2024,2,3,5,0,25,49,28,0,0,0,0,0,0,6,0,0,0,0,0,0,0,0,0,0,0,0,0,0,0,0,0,0,0,0,0,0,0,0,0,0,0,0,0,06037430701
430721,2024,2,3,5,0,25,49,28,10,0,0,0,0,0,2,5,0,1,1,0,0,0,0,0,0,0,0,0,0,0,0,0,0,0,0,0,0,0,0,0,0,0,0,0,06037430721
430723,2024,2,3,5,0,25,49,28,0,0,0,0,0,0,0,0,0,0,0,0,0,0,0,0,0,0,0,0,0,0,0,0,0,0,0,0,0,0,0,0,0,0,0,0,06037430723
430724,2024,2,3,5,0,25,49,28,0,0,0,0,0,0,0,0,0,0,0,0,0,0,0,0,0,0,0,0,0,0,0,0,0,0,0,0,0,0,0,0,0,0,0,0,06037430724
430801,2024,2,3,5,0,25,49,28,17,0,0,0,0,0,0,0,0,0,3,0,0,0,0,0,0,0,0,0,0,0,0,0,0,0,0,0,0,0,0,0,0,0,0,0,06037430801
430802,2024,2,3,5,0,25,49,28,7,0,0,0,0,0,0,1,1,0,0,0,0,0,0,0,0,0,0,0,0,0,0,0,0,0,0,0,0,0,0,0,0,0,0,0,06037430802
430803,2024,2,3,5,0,25,49,28,1,0,0,0,0,0,1,0,1,0,1,0,0,0,0,0,0,0,0,0,0,0,0,0,0,0,0,0,0,0,0,0,0,0,0,0,06037430803
430901,2024,2,3,5,0,25,41,31,1,0,0,0,0,0,2,0,0,0,0,0,0,0,0,0,0,0,0,0,0,0,0,0,0,0,0,0,0,0,0,0,0,0,0,0,06037430901
430902,2024,2,3,5,0,25,41,31,2,0,0,0,0,0,0,1,0,3,1,0,0,0,0,0,0,0,0,0,0,0,0,0,0,0,0,0,0,0,0,0,0,0,0,0,06037430902
431002,2024,2,3,5,0,25,41,31,1,0,0,0,0,0,4,7,0,0,1,0,0,0,0,0,0,0,0,0,0,0,0,0,0,0,0,0,0,0,0,0,0,0,0,0,06037431002
431003,2024,2,3,5,0,25,41,31,0,0,0,0,0,0,0,0,0,0,0,0,0,0,0,0,0,0,0,0,0,0,0,0,0,0,0,0,0,0,0,0,0,0,0,0,06037431003
431004,2024,2,3,5,0,25,41,31,10,0,0,0,0,0,0,0,0,0,0,0,0,0,0,0,0,0,0,0,0,0,0,0,0,0,0,0,0,0,0,0,0,0,0,0,06037431004
431100,2024,2,3,5,0,25,41,31,5,0,0,0,0,0,1,2,2,1,2,0,0,0,0,0,0,0,0,0,0,0,0,0,0,0,0,0,0,0,0,0,0,0,0,0,06037431100
431200,2024,2,3,5,0,25,41,31,0,0,0,0,0,0,0,1,1,0,0,0,0,0,0,0,0,0,0,0,0,0,0,0,0,0,0,0,0,0,0,0,0,0,0,0,06037431200
431300,2024,2,3,5,0,25,49,28,3,0,0,0,0,0,0,0,3,0,0,0,0,0,0,0,0,0,0,0,0,0,0,0,0,0,0,0,0,0,0,0,0,0,0,0,06037431300
431400,2024,2,3,5,0,25,48,31,1,0,0,0,0,0,1,0,0,0,0,0,0,0,0,0,0,0,0,0,0,0,0,0,0,0,0,0,0,0,0,0,0,0,0,0,06037431400
431501,2024,2,3,1,0,22,49,31,0,0,0,0,0,0,0,0,1,0,0,0,0,0,0,0,0,0,0,0,0,0,0,0,0,0,0,0,0,0,0,0,0,0,0,0,06037431501
431502,2024,2,3,1,0,22,49,31,9,0,0,0,0,0,1,1,2,0,0,0,0,0,0,0,0,0,0,0,0,0,0,0,0,0,0,0,0,0,0,0,0,0,0,0,06037431502
431600,2024,2,3,5,0,25,49,28,4,0,0,0,0,0,3,0,0,0,0,0,0,0,0,0,0,0,0,0,0,0,0,0,0,0,0,0,0,0,0,0,0,0,0,0,06037431600
431701,2024,2,3,5,0,25,49,28,0,0,0,0,0,0,0,0,0,0,0,0,0,0,0,0,0,0,0,0,0,0,0,0,0,0,0,0,0,0,0,0,0,0,0,0,06037431701
431800,2024,2,3,5,0,25,49,28,5,0,0,0,0,0,0,0,1,0,0,0,0,0,0,0,0,0,0,0,0,0,0,0,0,0,0,0,0,0,0,0,0,0,0,0,06037431800
431900,2024,2,3,5,0,25,49,28,2,0,0,0,0,0,0,0,0,0,0,0,0,0,0,0,0,0,0,0,0,0,0,0,0,0,0,0,0,0,0,0,0,0,0,0,06037431900
432001,2024,2,3,5,0,25,49,28,0,0,0,0,0,0,0,0,0,0,0,0,0,0,0,0,0,0,0,0,0,0,0,0,0,0,0,0,0,0,0,0,0,0,0,0,06037432001
432002,2024,2,3,5,0,25,49,28,0,0,0,0,0,0,0,0,0,0,0,0,0,0,0,0,0,0,0,0,0,0,0,0,0,0,0,0,0,0,0,0,0,0,0,0,06037432002
432101,2024,2,3,5,0,25,49,28,0,0,0,0,0,0,0,0,0,0,0,0,0,0,0,0,0,0,0,0,0,0,0,0,0,0,0,0,0,0,0,0,0,0,0,0,06037432101
432102,2024,2,3,5,0,25,49,28,2,0,0,0,0,0,0,0,0,0,0,0,0,0,0,0,0,0,0,0,0,0,0,0,0,0,0,0,0,0,0,0,0,0,0,0,06037432102
432201,2024,2,3,1,0,25,49,28,2,0,0,0,0,0,2,0,0,0,0,0,0,0,0,0,0,0,0,0,0,0,0,0,0,0,0,0,0,0,0,0,0,0,0,0,06037432201
432202,2024,2,3,1,0,25,49,28,1,0,0,0,0,0,0,1,0,0,0,0,0,0,0,0,0,0,0,0,0,0,0,0,0,0,0,0,0,0,0,0,0,0,0,0,06037432202
432300,2024,2,3,1,0,22,49,31,0,0,0,0,0,0,0,4,0,0,0,0,0,0,0,0,0,0,0,0,0,0,0,0,0,0,0,0,0,0,0,0,0,0,0,0,06037432300
432401,2024,2,3,1,0,22,49,31,0,0,0,0,0,0,0,2,2,0,0,0,0,0,0,0,0,0,0,0,0,0,0,0,0,0,0,0,0,0,0,0,0,0,0,0,06037432401
432402,2024,2,3,1,0,22,49,31,3,0,0,0,0,0,0,0,0,0,2,0,0,0,0,0,0,0,0,0,0,0,0,0,0,0,0,0,0,0,0,0,0,0,0,0,06037432402
432501,2024,2,3,1,0,22,49,31,2,0,0,0,0,0,0,0,0,2,0,0,0,0,0,0,0,0,0,0,0,0,0,0,0,0,0,0,0,0,0,0,0,0,0,0,06037432501
432502,2024,2,3,1,0,22,49,31,5,0,0,0,0,0,2,0,0,3,0,0,0,0,0,0,0,0,0,0,0,0,0,0,0,0,0,0,0,0,0,0,0,0,0,0,06037432502
432601,2024,2,3,1,0,22,49,31,0,0,0,0,0,0,1,2,0,0,0,0,0,0,0,0,0,0,0,0,0,0,0,0,0,0,0,0,0,0,0,0,0,0,0,0,06037432601
432602,2024,2,3,1,0,22,49,31,0,0,0,0,0,0,1,0,0,0,0,0,0,0,0,0,0,0,0,0,0,0,0,0,0,0,0,0,0,0,0,0,0,0,0,0,06037432602
432700,2024,2,3,1,0,22,49,31,14,0,0,0,0,0,2,1,1,4,0,0,0,0,0,0,0,0,0,0,0,0,0,0,0,0,0,0,0,0,0,0,0,0,0,0,06037432700
432801,2024,2,3,1,0,22,49,31,4,0,0,0,0,0,0,1,0,0,0,0,0,0,0,0,0,0,0,0,0,0,0,0,0,0,0,0,0,0,0,0,0,0,0,0,06037432801
432802,2024,2,3,1,0,22,49,31,0,0,0,0,0,0,0,0,0,0,0,31,0,0,5,0,0,0,0,0,0,0,0,0,0,0,0,0,0,0,0,0,36,0,0,36,06037432802
432901,2024,2,3,1,0,25,49,28,5,0,0,0,0,0,5,2,1,0,0,0,0,0,0,0,0,0,0,0,0,0,0,0,0,0,0,0,0,0,0,0,0,0,0,0,06037432901
432902,2024,2,3,1,0,22,49,31,3,0,0,0,0,0,0,0,0,0,0,0,0,0,0,0,0,0,0,0,0,0,0,0,0,0,0,0,0,0,0,0,0,0,0,0,06037432902
433103,2024,2,3,1,0,22,56,31,8,0,0,0,0,0,3,0,7,1,4,0,0,0,0,0,0,0,0,0,0,0,0,0,0,0,0,0,0,0,0,0,0,0,0,0,06037433103
433200,2024,2,3,1,0,22,49,31,79,0,0,0,0,0,3,0,2,14,3,0,0,0,0,0,0,0,0,0,0,0,0,0,0,0,0,0,0,0,0,0,0,0,0,0,06037433200
433302,2024,2,3,1,0,22,56,31,8,0,0,0,0,0,2,0,0,7,4,0,0,0,0,0,0,0,0,0,0,0,0,0,0,0,0,0,0,0,0,0,0,0,0,0,06037433302
433304,2024,2,3,1,0,22,49,31,1,0,0,0,0,0,0,0,0,0,1,0,0,0,0,0,0,0,0,0,0,0,0,0,0,0,0,0,0,0,0,0,0,0,0,0,06037433304
433305,2024,2,3,1,0,22,49,31,1,0,0,0,0,0,0,0,0,0,1,0,0,0,0,0,0,0,0,0,0,0,0,0,0,0,0,0,0,0,0,0,0,0,0,0,06037433305
433306,2024,2,3,1,0,22,49,31,1,0,0,0,0,0,0,0,0,0,1,0,0,0,0,0,0,0,0,0,0,0,0,0,0,0,0,0,0,0,0,0,0,0,0,0,06037433306
433307,2024,2,3,1,0,22,49,31,3,0,0,0,0,0,0,0,0,0,1,0,0,0,0,0,0,0,0,0,0,0,0,0,0,0,0,0,0,0,0,0,0,0,0,0,06037433307
433402,2024,2,3,1,0,22,56,31,2,0,0,0,0,0,0,1,4,0,0,0,0,0,0,0,0,0,0,0,0,0,0,0,0,0,0,0,0,0,0,0,0,0,0,0,06037433402
433403,2024,2,3,1,0,22,56,31,2,0,0,0,0,0,0,1,0,0,0,0,0,0,0,0,0,0,0,0,0,0,0,0,0,0,0,0,0,0,0,0,0,0,0,0,06037433403
433505,2024,2,3,1,0,22,56,31,0,0,0,0,0,0,0,3,1,0,0,0,0,0,0,0,0,0,0,0,0,0,0,0,0,0,0,0,0,0,0,0,0,0,0,0,06037433505
433506,2024,2,3,1,0,22,56,31,8,0,0,0,0,0,2,1,2,11,33,0,0,0,0,0,0,0,0,0,0,0,0,0,0,0,0,0,0,0,0,0,0,0,0,0,06037433506
433601,2024,2,3,1,0,25,49,28,6,0,0,0,0,0,0,0,2,0,1,0,0,0,0,0,0,0,0,0,0,0,0,0,0,0,0,0,0,0,0,0,0,0,0,0,06037433601
433602,2024,2,3,1,0,25,49,28,1,0,0,0,0,0,0,0,0,0,1,0,0,0,0,0,0,0,0,0,0,0,0,0,0,0,0,0,0,0,0,0,0,0,0,0,06037433602
433803,2024,2,3,1,0,22,56,31,0,0,0,0,0,0,0,0,0,0,1,0,0,0,0,0,0,0,0,0,0,0,0,0,0,0,0,0,0,0,0,0,0,0,0,0,06037433803
433804,2024,2,3,1,0,22,56,31,3,0,0,0,0,0,0,0,2,2,2,0,0,0,0,0,0,0,0,0,0,0,0,0,0,0,0,0,0,0,0,0,0,0,0,0,06037433804
433901,2024,2,3,1,0,22,56,31,2,0,0,0,0,0,1,0,1,0,0,0,0,0,0,0,0,0,0,0,0,0,0,0,0,0,0,0,0,0,0,0,0,0,0,0,06037433901
433903,2024,2,3,1,0,22,56,31,1,0,0,0,0,0,0,1,0,0,0,0,0,0,0,0,0,0,0,0,0,0,0,0,0,0,0,0,0,0,0,0,0,0,0,0,06037433903
434001,2024,2,3,1,0,22,56,31,13,0,0,0,0,0,1,0,1,5,0,0,0,0,0,0,0,0,0,0,0,0,0,0,0,0,0,0,0,0,0,0,0,0,0,0,06037434001
434003,2024,2,3,1,0,22,56,38,7,0,0,0,0,0,2,6,7,2,0,0,0,0,0,0,0,0,0,0,0,0,0,0,0,0,0,0,0,0,0,0,0,0,0,0,06037434003
434004,2024,2,3,1,0,22,56,38,4,0,0,0,0,0,1,0,0,0,0,0,0,0,0,0,0,0,0,0,0,0,0,0,0,0,0,0,0,0,0,0,0,0,0,0,06037434004
434100,2024,2,3,1,0,22,56,31,9,0,0,0,0,0,4,0,1,0,0,0,0,0,0,0,0,0,0,0,0,0,0,0,0,0,0,0,0,0,0,0,0,0,0,0,06037434100
460001,2024,2,3,5,0,25,41,28,4,0,0,0,0,0,0,0,0,0,0,0,0,0,0,0,0,0,0,0,0,0,0,0,0,0,0,0,0,0,0,0,0,0,0,0,06037460001
460101,2024,2,3,5,0,25,41,28,2,0,0,0,0,0,0,0,0,0,0,0,0,0,0,0,0,0,0,0,0,0,0,0,0,0,0,0,0,0,0,0,0,0,0,0,06037460101
460200,2024,2,3,5,0,25,41,28,2,0,0,0,0,0,0,0,0,1,1,0,0,0,0,0,0,0,0,0,0,0,0,0,0,0,0,0,0,0,0,0,0,0,0,0,06037460200
460301,2024,2,3,5,0,25,41,28,0,0,0,0,0,0,1,2,0,0,0,0,0,0,0,0,0,0,0,0,0,0,0,0,0,0,0,0,0,0,0,0,0,0,0,0,06037460301
460302,2024,2,3,5,0,25,41,28,0,0,0,0,0,0,0,0,0,0,1,0,0,0,0,0,0,0,0,0,0,0,0,0,0,0,0,0,0,0,0,0,0,0,0,0,06037460302
460401,2024,2,3,5,0,25,41,28,0,0,0,0,0,0,0,0,0,0,0,0,0,0,0,0,0,0,0,0,0,0,0,0,0,0,0,0,0,0,0,0,0,0,0,0,06037460401
460501,2024,2,2,5,0,25,41,28,0,0,0,0,0,0,1,0,0,0,0,0,0,0,0,0,0,0,0,0,0,0,0,0,0,0,0,0,0,0,0,0,0,0,0,0,06037460501
460502,2024,2,2,5,0,25,41,28,2,0,0,0,0,0,2,0,0,0,0,0,0,0,0,0,0,0,0,0,0,0,0,0,0,0,0,0,0,0,0,0,0,0,0,0,06037460502
460601,2024,2,2,5,0,25,41,28,0,0,0,0,0,0,0,0,0,0,0,0,0,0,0,0,0,0,0,0,0,0,0,0,0,0,0,0,0,0,0,0,0,0,0,0,06037460601
460700,2024,2,2,5,0,25,41,28,0,0,0,0,0,0,0,0,0,0,0,0,0,0,0,0,0,0,0,0,0,0,0,0,0,0,0,0,0,0,0,0,0,0,0,0,06037460700
461000,2024,2,3,5,0,25,41,28,4,0,0,0,0,0,0,4,1,0,0,0,0,0,0,0,0,0,0,0,0,0,0,0,0,0,0,0,0,0,0,0,0,0,0,0,06037461000
461100,2024,2,3,5,0,25,41,28,6,0,0,0,0,0,1,0,3,0,0,22,0,0,1,0,0,0,0,0,0,0,0,0,0,0,0,0,0,0,0,0,23,0,0,23,06037461100
461200,2024,2,3,5,0,25,41,28,0,0,0,0,0,0,0,0,0,0,0,0,0,0,0,0,0,0,0,0,0,0,0,0,0,0,0,0,0,0,0,0,0,0,0,0,06037461200
461300,2024,2,3,5,0,25,41,28,1,0,0,0,0,0,2,1,4,1,0,0,0,0,0,0,0,0,0,0,0,0,0,0,0,0,0,0,0,0,0,0,0,0,0,0,06037461300
462500,2024,2,3,5,0,25,41,28,0,0,0,0,0,0,0,0,0,0,0,0,0,0,0,0,0,0,0,0,0,0,0,0,0,0,0,0,0,0,0,0,0,0,0,0,06037462500
463103,2024,2,3,5,0,25,49,28,8,0,0,0,0,0,0,0,0,0,6,0,0,0,0,0,0,0,0,0,0,0,0,0,0,0,0,0,0,0,0,0,0,0,0,0,06037463103
463300,2024,2,3,5,0,25,41,28,0,0,0,0,0,0,0,0,0,0,0,0,0,0,0,0,0,0,0,0,0,0,0,0,0,0,0,0,0,0,0,0,0,0,0,0,06037463300
464101,2024,2,3,5,0,25,49,28,0,0,0,0,0,0,0,0,0,0,0,0,0,0,0,0,0,0,0,0,0,0,0,0,0,0,0,0,0,0,0,0,0,0,0,0,06037464101
464102,2024,2,3,5,0,25,49,28,1,0,0,0,0,0,0,0,0,0,1,0,0,0,0,0,0,0,0,0,0,0,0,0,0,0,0,0,0,0,0,0,0,0,0,0,06037464102
464200,2024,2,3,5,0,25,49,28,0,0,0,0,0,0,0,0,0,0,0,0,0,0,0,0,0,0,0,0,0,0,0,0,0,0,0,0,0,0,0,0,0,0,0,0,06037464200
480002,2024,2,3,1,0,25,49,28,0,0,0,0,0,0,0,0,0,0,0,0,0,0,0,0,0,0,0,0,0,0,0,0,0,0,0,0,0,0,0,0,0,0,0,0,06037480002
480011,2024,2,3,5,0,25,49,28,0,0,0,0,0,0,0,0,0,0,0,0,0,0,0,0,0,0,0,0,0,0,0,0,0,0,0,0,0,0,0,0,0,0,0,0,06037480011
480012,2024,2,3,5,0,25,49,28,0,0,0,0,0,0,0,0,0,0,0,0,0,0,0,0,0,0,0,0,0,0,0,0,0,0,0,0,0,0,0,0,0,0,0,0,06037480012
480101,2024,2,3,5,0,25,49,28,0,0,0,0,0,0,0,0,0,0,0,0,0,0,0,0,0,0,0,0,0,0,0,0,0,0,0,0,0,0,0,0,0,0,0,0,06037480101
480102,2024,2,3,1,0,25,49,28,8,0,0,0,0,0,3,0,1,3,0,0,0,0,0,0,0,0,0,0,0,0,0,0,0,0,0,0,0,0,0,0,0,0,0,0,06037480102
480201,2024,2,3,1,0,25,49,28,1,0,0,0,0,0,0,0,0,0,0,0,0,0,0,0,0,0,0,0,0,0,0,0,0,0,0,0,0,0,0,0,0,0,0,0,06037480201
480202,2024,2,3,1,0,25,49,28,0,0,0,0,0,0,0,0,0,0,0,0,0,0,0,0,0,0,0,0,0,0,0,0,0,0,0,0,0,0,0,0,0,0,0,0,06037480202
480302,2024,2,3,1,0,25,49,28,3,0,0,0,0,0,0,0,0,0,0,0,0,0,0,0,0,0,0,0,0,0,0,0,0,0,0,0,0,0,0,0,0,0,0,0,06037480302
480303,2024,2,3,1,0,25,49,28,1,0,0,0,0,0,0,0,0,0,0,0,0,0,0,0,0,0,0,0,0,0,0,0,0,0,0,0,0,0,0,0,0,0,0,0,06037480303
480304,2024,2,3,1,0,25,49,28,5,0,0,0,0,0,0,0,0,0,0,0,0,0,0,0,0,0,0,0,0,0,0,0,0,0,0,0,0,0,0,0,0,0,0,0,06037480304
480400,2024,2,3,1,0,25,49,28,1,0,0,0,0,0,0,0,0,0,0,0,0,0,0,0,0,0,0,0,0,0,0,0,0,0,0,0,0,0,0,0,0,0,0,0,06037480400
480500,2024,2,3,5,0,25,49,28,2,0,0,0,0,0,0,0,0,0,0,0,0,0,0,0,0,0,0,0,0,0,0,0,0,0,0,0,0,0,0,0,0,0,0,0,06037480500
480601,2024,2,3,5,0,25,49,28,3,0,0,0,0,0,1,0,0,0,0,0,0,0,0,0,0,0,0,0,0,0,0,0,0,0,0,0,0,0,0,0,0,0,0,0,06037480601
480602,2024,2,3,5,0,25,49,28,5,0,0,0,0,0,1,0,0,7,3,0,0,0,0,0,0,0,0,0,0,0,0,0,0,0,0,0,0,0,0,0,0,0,0,0,06037480602
480702,2024,2,3,5,0,25,49,28,1,0,0,0,0,0,1,0,0,0,0,0,0,0,0,0,0,0,0,0,0,0,0,0,0,0,0,0,0,0,0,0,0,0,0,0,06037480702
480703,2024,2,3,5,0,25,49,28,2,0,0,0,0,0,0,0,0,0,0,0,0,0,0,0,0,0,0,0,0,0,0,0,0,0,0,0,0,0,0,0,0,0,0,0,06037480703
480704,2024,2,3,5,0,25,49,28,1,0,0,0,0,0,0,0,0,0,0,0,0,0,0,0,0,0,0,0,0,0,0,0,0,0,0,0,0,0,0,0,0,0,0,0,06037480704
480802,2024,2,3,1,0,25,49,28,0,0,0,0,0,0,0,0,0,0,0,0,0,0,0,0,0,0,0,0,0,0,0,0,0,0,0,0,0,0,0,0,0,0,0,0,06037480802
480803,2024,2,3,1,0,25,49,28,1,0,0,0,0,0,0,0,1,0,0,0,0,0,0,0,0,0,0,0,0,0,0,0,0,0,0,0,0,0,0,0,0,0,0,0,06037480803
480804,2024,2,3,1,0,25,49,28,9,0,0,0,0,0,1,0,0,0,0,0,0,0,0,0,0,0,0,0,0,0,0,0,0,0,0,0,0,0,0,0,0,0,0,0,06037480804
480901,2024,2,3,1,0,25,49,28,1,0,0,0,0,0,0,0,0,0,0,0,0,0,0,0,0,0,0,0,0,0,0,0,0,0,0,0,0,0,0,0,0,0,0,0,06037480901
480902,2024,2,3,1,0,25,49,28,1,0,0,0,0,0,0,0,0,0,0,0,0,0,0,0,0,0,0,0,0,0,0,0,0,0,0,0,0,0,0,0,0,0,0,0,06037480902
480903,2024,2,3,1,0,25,49,28,1,0,0,0,0,0,0,0,0,0,0,0,0,0,0,0,0,0,0,0,0,0,0,0,0,0,0,0,0,0,0,0,0,0,0,0,06037480903
481001,2024,2,3,1,0,25,49,28,1,0,0,0,0,0,0,0,0,0,0,0,0,0,0,0,0,0,0,0,0,0,0,0,0,0,0,0,0,0,0,0,0,0,0,0,06037481001
481002,2024,2,3,1,0,25,49,28,0,0,0,0,0,0,0,0,0,0,0,0,0,0,0,0,0,0,0,0,0,0,0,0,0,0,0,0,0,0,0,0,0,0,0,0,06037481002
481101,2024,2,3,1,0,25,49,28,0,0,0,0,0,0,0,0,0,1,0,0,0,0,0,0,0,0,0,0,0,0,0,0,0,0,0,0,0,0,0,0,0,0,0,0,06037481101
481102,2024,2,3,1,0,25,49,28,6,0,0,0,0,0,0,1,1,0,2,0,0,0,0,0,0,0,0,0,0,0,0,0,0,0,0,0,0,0,0,0,0,0,0,0,06037481102
481103,2024,2,3,1,0,25,49,28,0,0,0,0,0,0,0,0,0,0,0,0,0,0,0,0,0,0,0,0,0,0,0,0,0,0,0,0,0,0,0,0,0,0,0,0,06037481103
481201,2024,2,3,5,0,25,49,28,1,0,0,0,0,0,0,0,0,0,0,0,0,0,0,0,0,0,0,0,0,0,0,0,0,0,0,0,0,0,0,0,0,0,0,0,06037481201
481203,2024,2,3,1,0,25,49,28,5,0,0,0,0,0,2,0,0,2,0,0,0,0,0,0,0,0,0,0,0,0,0,0,0,0,0,0,0,0,0,0,0,0,0,0,06037481203
481300,2024,2,3,1,0,25,49,28,0,0,0,0,0,0,0,0,4,0,0,0,0,0,0,0,0,0,0,0,0,0,0,0,0,0,0,0,0,0,0,0,0,0,0,0,06037481300
481401,2024,2,3,1,0,25,49,28,11,0,0,0,0,0,3,0,0,4,0,0,0,0,0,0,0,0,0,0,0,0,0,0,0,0,0,0,0,0,0,0,0,0,0,0,06037481401
481403,2024,2,3,1,0,25,49,28,1,0,0,0,0,0,0,0,0,0,0,0,0,0,0,0,0,0,0,0,0,0,0,0,0,0,0,0,0,0,0,0,0,0,0,0,06037481403
481404,2024,2,3,1,0,25,49,28,9,0,0,0,0,0,0,1,0,0,0,0,0,0,0,0,0,0,0,0,0,0,0,0,0,0,0,0,0,0,0,0,0,0,0,0,06037481404
481500,2024,2,3,1,0,25,49,28,1,0,0,0,0,0,1,1,1,0,0,0,0,0,0,0,0,0,0,0,0,0,0,0,0,0,0,0,0,0,0,0,0,0,0,0,06037481500
481603,2024,2,3,1,0,25,49,28,0,0,0,0,0,0,1,1,0,0,0,0,0,0,0,0,0,0,0,0,0,0,0,0,0,0,0,0,0,0,0,0,0,0,0,0,06037481603
481604,2024,2,3,1,0,25,49,28,0,0,0,0,0,0,0,0,0,0,0,0,0,0,0,0,0,0,0,0,0,0,0,0,0,0,0,0,0,0,0,0,0,0,0,0,06037481604
481605,2024,2,3,1,0,25,49,28,0,0,0,0,0,0,0,0,0,0,0,0,0,0,0,0,0,0,0,0,0,0,0,0,0,0,0,0,0,0,0,0,0,0,0,0,06037481605
481606,2024,2,3,1,0,25,49,28,0,0,0,0,0,0,0,0,0,0,0,0,0,0,0,0,0,0,0,0,0,0,0,0,0,0,0,0,0,0,0,0,0,0,0,0,06037481606
481711,2024,2,3,1,0,25,49,28,6,0,0,0,0,0,1,0,0,1,1,0,0,0,0,0,0,0,0,0,0,0,0,0,0,0,0,0,0,0,0,0,0,0,0,0,06037481711
481712,2024,2,3,1,0,25,49,28,4,0,0,0,0,0,1,3,0,0,2,0,0,0,0,0,0,0,0,0,0,0,0,0,0,0,0,0,0,0,0,0,0,0,0,0,06037481712
481713,2024,2,3,1,0,25,49,28,1,0,0,0,0,0,0,0,0,0,0,0,0,0,0,0,0,0,0,0,0,0,0,0,0,0,0,0,0,0,0,0,0,0,0,0,06037481713
481714,2024,2,3,1,0,25,49,28,9,0,0,0,0,0,3,0,0,0,0,0,0,0,0,0,0,0,0,0,0,0,0,0,0,0,0,0,0,0,0,0,0,0,0,0,06037481714
481800,2024,2,3,1,0,25,49,28,0,0,0,0,0,0,0,0,0,0,0,0,0,0,0,0,0,0,0,0,0,0,0,0,0,0,0,0,0,0,0,0,0,0,0,0,06037481800
481901,2024,2,3,1,0,25,49,28,4,0,0,0,0,0,0,0,0,0,0,19,0,0,2,0,0,0,0,0,0,0,0,0,0,0,0,0,0,0,0,0,21,0,0,21,06037481901
481902,2024,2,3,1,0,25,49,28,1,0,0,0,0,0,0,0,0,0,0,0,0,0,0,0,0,0,0,0,0,0,0,0,0,0,0,0,0,0,0,0,0,0,0,0,06037481902
482001,2024,2,3,1,0,25,49,28,0,0,0,0,0,0,0,0,0,0,0,0,0,0,0,0,0,0,0,0,0,0,0,0,0,0,0,0,0,0,0,0,0,0,0,0,06037482001
482002,2024,2,3,1,0,25,49,28,1,0,0,0,0,0,0,0,0,0,1,0,0,0,0,0,0,0,0,0,0,0,0,0,0,0,0,0,0,0,0,0,0,0,0,0,06037482002
482101,2024,2,3,1,0,25,49,28,1,0,0,0,0,0,0,0,0,0,0,0,0,0,0,0,0,0,0,0,0,0,0,0,0,0,0,0,0,0,0,0,0,0,0,0,06037482101
482102,2024,2,3,1,0,25,49,28,0,0,0,0,0,0,0,0,0,0,0,0,0,0,0,0,0,0,0,0,0,0,0,0,0,0,0,0,0,0,0,0,0,0,0,0,06037482102
482201,2024,2,3,1,0,25,49,28,1,0,0,0,0,0,0,0,0,0,1,0,0,0,0,0,0,0,0,0,0,0,0,0,0,0,0,0,0,0,0,0,0,0,0,0,06037482201
482202,2024,2,3,1,0,25,49,28,0,0,0,0,0,0,0,0,0,0,0,0,0,0,0,0,0,0,0,0,0,0,0,0,0,0,0,0,0,0,0,0,0,0,0,0,06037482202
482301,2024,2,3,1,0,25,49,28,4,0,0,0,0,0,0,0,0,1,0,0,0,0,0,0,0,0,0,0,0,0,0,0,0,0,0,0,0,0,0,0,0,0,0,0,06037482301
482303,2024,2,3,1,0,25,49,28,5,0,0,0,0,0,1,0,0,1,0,0,0,0,0,0,0,0,0,0,0,0,0,0,0,0,0,0,0,0,0,0,0,0,0,0,06037482303
482304,2024,2,3,1,0,25,49,28,2,0,0,0,0,0,2,0,0,0,0,0,0,0,0,0,0,0,0,0,0,0,0,0,0,0,0,0,0,0,0,0,0,0,0,0,06037482304
482401,2024,2,3,1,0,25,49,28,2,0,0,0,0,0,2,0,0,1,3,0,0,0,0,0,0,0,0,0,0,0,0,0,0,0,0,0,0,0,0,0,0,0,0,0,06037482401
482403,2024,2,3,1,0,25,49,28,2,0,0,0,0,0,2,0,1,0,0,0,0,0,0,0,0,0,0,0,0,0,0,0,0,0,0,0,0,0,0,0,0,0,0,0,06037482403
482404,2024,2,3,1,0,25,49,28,1,0,0,0,0,0,0,0,0,3,7,0,0,0,0,0,0,0,0,0,0,0,0,0,0,0,0,0,0,0,0,0,0,0,0,0,06037482404
482502,2024,2,3,1,0,25,49,28,0,0,0,0,0,0,0,0,0,0,0,0,0,0,0,0,0,0,0,0,0,0,0,0,0,0,0,0,0,0,0,0,0,0,0,0,06037482502
482503,2024,2,3,1,0,25,49,28,9,0,0,0,0,0,3,0,1,1,1,0,0,0,0,0,0,0,0,0,0,0,0,0,0,0,0,0,0,0,0,0,0,0,0,0,06037482503
482521,2024,2,3,1,0,25,49,28,1,0,0,0,0,0,1,0,0,0,0,0,0,0,0,0,0,0,0,0,0,0,0,0,0,0,0,0,0,0,0,0,0,0,0,0,06037482521
482522,2024,2,7,1,0,30,54,38,4,0,0,0,0,0,4,1,1,0,0,0,0,0,0,0,0,0,0,0,0,0,0,0,0,0,0,0,0,0,0,0,0,0,0,0,06037482522
482600,2024,2,3,1,0,25,49,28,0,0,0,0,0,0,0,0,0,1,0,0,0,0,0,0,0,0,0,0,0,0,0,0,0,0,0,0,0,0,0,0,0,0,0,0,06037482600
482701,2024,2,3,1,0,25,49,28,16,0,0,0,0,0,2,4,0,3,5,0,0,0,0,0,0,0,0,0,0,0,0,0,0,0,0,0,0,0,0,0,0,0,0,0,06037482701
482702,2024,2,3,1,0,25,49,28,0,0,0,0,0,0,0,0,0,0,0,0,0,0,0,0,0,0,0,0,0,0,0,0,0,0,0,0,0,0,0,0,0,0,0,0,06037482702
482801,2024,2,3,1,0,25,49,28,3,0,0,0,0,0,0,0,0,2,0,0,0,0,0,0,0,0,0,0,0,0,0,0,0,0,0,0,0,0,0,0,0,0,0,0,06037482801
500100,2024,2,7,4,0,30,56,38,2,0,0,0,0,0,0,0,0,0,0,0,0,0,0,0,0,0,0,0,0,0,0,0,0,0,0,0,0,0,0,0,0,0,0,0,06037500100
500202,2024,2,7,4,0,30,56,38,9,0,0,0,0,0,1,0,0,2,0,0,0,0,0,0,0,0,0,0,0,0,0,0,0,0,0,0,0,0,0,0,0,0,0,0,06037500202
500203,2024,2,7,4,0,30,56,38,0,0,0,0,0,0,0,0,0,0,0,0,0,0,0,0,0,0,0,0,0,0,0,0,0,0,0,0,0,0,0,0,0,0,0,0,06037500203
500204,2024,2,7,4,0,30,56,38,0,0,0,0,0,0,0,0,0,0,0,0,0,0,0,0,0,0,0,0,0,0,0,0,0,0,0,0,0,0,0,0,0,0,0,0,06037500204
500300,2024,2,7,1,0,30,56,38,12,0,0,0,0,0,0,0,2,5,0,0,0,0,0,0,0,0,0,0,0,0,0,0,0,0,0,0,0,0,0,0,0,0,0,0,06037500300
500402,2024,2,7,4,0,30,56,38,10,0,0,0,0,0,18,2,2,0,1,0,0,0,0,0,0,0,0,0,0,0,0,0,0,0,0,0,0,0,0,0,0,0,0,0,06037500402
500403,2024,2,3,4,0,30,56,38,2,0,0,0,0,0,0,0,1,1,2,0,0,0,0,0,0,0,0,0,0,0,0,0,0,0,0,0,0,0,0,0,0,0,0,0,06037500403
500404,2024,2,7,4,0,30,56,38,0,0,0,0,0,0,1,0,0,0,0,0,0,0,0,0,0,0,0,0,0,0,0,0,0,0,0,0,0,0,0,0,0,0,0,0,06037500404
500500,2024,2,7,4,0,30,56,38,0,0,0,0,0,0,0,0,0,1,0,0,0,0,0,0,0,0,0,0,0,0,0,0,0,0,0,0,0,0,0,0,0,0,0,0,06037500500
500600,2024,2,7,4,0,30,56,38,7,0,0,0,0,0,2,3,0,3,1,0,0,0,0,0,0,0,0,0,0,0,0,0,0,0,0,0,0,0,0,0,0,0,0,0,06037500600
500700,2024,2,7,4,0,30,56,38,30,0,0,0,0,0,2,1,1,3,0,0,0,0,0,0,0,0,0,0,0,0,0,0,0,0,0,0,0,0,0,0,0,0,0,0,06037500700
500800,2024,2,7,4,0,30,56,38,5,0,0,0,0,0,0,1,0,0,0,0,0,0,0,0,0,0,0,0,0,0,0,0,0,0,0,0,0,0,0,0,0,0,0,0,06037500800
500900,2024,2,7,4,0,30,56,38,16,0,0,0,0,0,7,2,0,0,2,0,0,0,0,0,0,0,0,0,0,0,0,0,0,0,0,0,0,0,0,0,0,0,0,0,06037500900
501001,2024,2,7,4,0,30,56,38,0,0,0,0,0,0,0,0,0,0,0,0,0,0,0,0,0,0,0,0,0,0,0,0,0,0,0,0,0,0,0,0,0,0,0,0,06037501001
501002,2024,2,7,4,0,30,56,38,0,0,0,0,0,0,0,0,0,0,0,0,0,0,0,0,0,0,0,0,0,0,0,0,0,0,0,0,0,0,0,0,0,0,0,0,06037501002
501200,2024,2,7,4,0,30,56,38,8,0,0,0,0,0,1,1,0,0,0,0,0,0,0,0,0,0,0,0,0,0,0,0,0,0,0,0,0,0,0,0,0,0,0,0,06037501200
501301,2024,2,7,4,0,30,56,38,3,0,0,0,0,0,1,1,0,0,0,0,0,0,0,0,0,0,0,0,0,0,0,0,0,0,0,0,0,0,0,0,0,0,0,0,06037501301
501302,2024,2,7,4,0,30,56,38,0,0,0,0,0,0,0,0,0,0,0,0,0,0,0,0,0,0,0,0,0,0,0,0,0,0,0,0,0,0,0,0,0,0,0,0,06037501302
501400,2024,2,7,4,0,30,56,38,0,0,0,0,0,0,0,0,0,0,0,0,0,0,0,0,0,0,0,0,0,0,0,0,0,0,0,0,0,0,0,0,0,0,0,0,06037501400
501501,2024,2,3,1,0,30,56,38,0,0,0,0,0,0,0,0,0,0,0,0,0,0,0,0,0,0,0,0,0,0,0,0,0,0,0,0,0,0,0,0,0,0,0,0,06037501501
501503,2024,2,7,4,0,30,56,38,0,0,0,0,0,0,1,0,0,0,0,0,0,0,0,0,0,0,0,0,0,0,0,0,0,0,0,0,0,0,0,0,0,0,0,0,06037501503
501504,2024,2,7,4,0,30,56,38,5,0,0,0,0,0,0,0,0,2,0,0,0,0,0,0,0,0,0,0,0,0,0,0,0,0,0,0,0,0,0,0,0,0,0,0,06037501504
501600,2024,2,3,1,0,30,56,38,0,0,0,0,0,0,0,0,0,0,0,0,0,0,0,0,0,0,0,0,0,0,0,0,0,0,0,0,0,0,0,0,0,0,0,0,06037501600
501700,2024,2,7,4,0,30,56,38,0,0,0,0,0,0,0,0,0,0,0,0,0,0,0,0,0,0,0,0,0,0,0,0,0,0,0,0,0,0,0,0,0,0,0,0,06037501700
501802,2024,2,7,4,0,30,56,38,0,0,0,0,0,0,0,0,0,0,0,0,0,0,0,0,0,0,0,0,0,0,0,0,0,0,0,0,0,0,0,0,0,0,0,0,06037501802
501803,2024,2,7,4,0,30,56,38,5,0,0,0,0,0,0,0,0,0,0,0,0,0,0,0,0,0,0,0,0,0,0,0,0,0,0,0,0,0,0,0,0,0,0,0,06037501803
501804,2024,2,7,4,0,30,56,38,0,0,0,0,0,0,0,0,0,0,0,2,0,0,0,0,0,0,0,0,0,0,0,0,0,0,0,0,0,0,0,0,2,0,0,2,06037501804
501900,2024,2,7,4,0,30,56,38,3,0,0,0,0,0,1,0,0,2,1,0,0,0,0,0,0,0,0,0,0,0,0,0,0,0,0,0,0,0,0,0,0,0,0,0,06037501900
502003,2024,2,7,4,0,30,56,38,0,0,0,0,0,0,0,0,0,0,0,0,0,0,0,0,0,0,0,0,0,0,0,0,0,0,0,0,0,0,0,0,0,0,0,0,06037502003
502004,2024,2,7,4,0,30,56,38,6,0,0,0,0,0,1,0,1,3,0,0,0,0,0,0,0,0,0,0,0,0,0,0,0,0,0,0,0,0,0,0,0,0,0,0,06037502004
502005,2024,2,7,4,0,30,56,38,5,0,0,0,0,0,1,0,0,0,0,0,0,0,0,0,0,0,0,0,0,0,0,0,0,0,0,0,0,0,0,0,0,0,0,0,06037502005
502100,2024,2,7,4,0,30,56,38,8,0,0,0,0,0,0,0,0,0,0,73,9,28,7,2,6,1,0,0,0,0,0,0,0,0,0,0,0,0,0,0,115,0,0,115,06037502100
502200,2024,2,7,4,0,30,64,38,0,0,0,0,0,0,0,0,0,0,0,0,0,0,0,0,0,0,0,0,0,0,0,0,0,0,0,0,0,0,0,0,0,0,0,0,06037502200
502303,2024,2,7,4,0,30,64,38,0,0,0,0,0,0,0,0,0,0,0,0,0,0,0,0,0,0,0,0,0,0,0,0,0,0,0,0,0,0,0,0,0,0,0,0,06037502303
502401,2024,2,7,4,0,30,56,38,3,0,0,0,0,0,0,0,0,0,0,0,0,0,0,0,0,0,0,0,0,0,0,0,0,0,0,0,0,0,0,0,0,0,0,0,06037502401
502402,2024,2,7,4,0,30,56,38,2,0,0,0,0,0,0,2,1,0,3,0,0,0,0,0,0,0,0,0,0,0,0,0,0,0,0,0,0,0,0,0,0,0,0,0,06037502402
502500,2024,2,7,4,0,30,56,38,1,0,0,0,0,0,16,7,1,0,0,0,0,0,0,0,0,0,0,0,0,0,0,0,0,0,0,0,0,0,0,0,0,0,0,0,06037502500
502602,2024,2,7,4,0,30,56,38,4,0,0,0,0,0,1,2,1,0,1,0,0,0,0,0,0,0,0,0,0,0,0,0,0,0,0,0,0,0,0,0,0,0,0,0,06037502602
502603,2024,2,7,4,0,30,56,38,2,0,0,0,0,0,3,0,0,0,4,0,0,0,0,0,0,0,0,0,0,0,0,0,0,0,0,0,0,0,0,0,0,0,0,0,06037502603
502604,2024,2,7,4,0,30,56,38,1,0,0,0,0,0,0,0,0,0,2,0,0,0,0,0,0,0,0,0,0,0,0,0,0,0,0,0,0,0,0,0,0,0,0,0,06037502604
502700,2024,2,7,4,0,30,64,38,2,0,0,0,0,0,0,0,1,0,0,0,0,0,0,0,0,0,0,0,0,0,0,0,0,0,0,0,0,0,0,0,0,0,0,0,06037502700
502801,2024,2,7,4,0,30,64,38,1,0,0,0,0,0,0,0,0,0,0,0,0,0,0,0,0,0,0,0,0,0,0,0,0,0,0,0,0,0,0,0,0,0,0,0,06037502801
502901,2024,2,7,4,0,30,64,38,3,0,0,0,0,0,2,1,0,0,0,0,0,0,0,0,0,0,0,0,0,0,0,0,0,0,0,0,0,0,0,0,0,0,0,0,06037502901
503000,2024,2,7,4,0,30,64,38,2,0,0,0,0,0,1,0,1,2,1,0,0,0,0,0,0,0,0,0,0,0,0,0,0,0,0,0,0,0,0,0,0,0,0,0,06037503000
503103,2024,2,7,4,0,34,64,38,0,0,0,0,0,0,0,0,0,0,0,0,0,0,0,0,0,0,0,0,0,0,0,0,0,0,0,0,0,0,0,0,0,0,0,0,06037503103
503104,2024,2,7,4,0,34,64,38,7,0,0,0,0,0,3,3,0,0,0,0,0,0,0,0,0,0,0,0,0,0,0,0,0,0,0,0,0,0,0,0,0,0,0,0,06037503104
503105,2024,2,7,4,0,34,64,38,0,0,0,0,0,0,0,0,0,0,0,0,0,0,0,0,0,0,0,0,0,0,0,0,0,0,0,0,0,0,0,0,0,0,0,0,06037503105
503106,2024,2,7,4,0,34,64,38,0,0,0,0,0,0,0,0,0,0,0,71,0,0,0,0,0,0,0,0,0,0,0,0,0,0,0,0,0,0,0,0,71,0,0,71,06037503106
503201,2024,2,7,4,0,34,64,38,2,0,0,14,0,0,0,0,0,0,1,0,0,0,0,0,0,0,0,0,0,0,0,0,0,0,0,0,0,0,0,0,0,0,0,0,06037503201
503202,2024,2,7,4,0,34,64,38,1,0,0,0,0,0,0,0,0,0,1,61,0,0,4,0,0,0,0,0,0,0,0,0,0,0,0,0,0,0,0,0,65,0,0,65,06037503202
503301,2024,2,7,4,0,30,56,38,0,0,0,0,0,0,0,0,0,0,0,0,3,12,0,0,0,0,0,0,0,0,0,0,0,0,0,0,0,0,0,0,12,0,0,12,06037503301
503302,2024,2,7,4,0,34,64,38,0,0,0,0,0,0,0,0,0,0,0,0,0,0,0,0,0,0,3,0,0,56,0,0,0,0,0,0,0,0,0,0,0,59,0,59,06037503302
503401,2024,2,7,4,0,30,56,38,0,0,0,0,0,0,0,0,0,0,0,0,0,0,0,0,0,0,0,0,0,0,0,0,0,0,0,0,0,0,0,0,0,0,0,0,06037503401
503402,2024,2,7,4,0,30,56,38,0,0,0,0,0,0,0,0,0,0,0,0,0,0,0,0,0,0,0,0,0,0,0,0,0,0,0,0,0,0,0,0,0,0,0,0,06037503402
503501,2024,2,7,4,0,30,56,38,1,0,0,0,0,0,0,0,0,0,0,0,0,0,0,0,0,0,0,0,0,0,0,0,0,0,0,0,0,0,0,0,0,0,0,0,06037503501
503502,2024,2,7,4,0,30,56,38,0,0,0,0,0,0,0,0,0,0,0,0,0,0,0,0,0,0,0,0,0,0,0,0,0,0,0,0,0,0,0,0,0,0,0,0,06037503502
503601,2024,2,7,4,0,30,64,38,4,0,0,0,0,0,0,0,0,0,0,0,0,0,0,0,0,0,0,0,0,0,0,0,0,0,0,0,0,0,0,0,0,0,0,0,06037503601
503602,2024,2,7,4,0,30,64,38,1,0,0,0,0,0,0,0,0,1,0,0,0,0,0,0,0,0,0,0,0,0,0,0,0,0,0,0,0,0,0,0,0,0,0,0,06037503602
503701,2024,2,7,4,0,34,64,38,3,0,0,0,0,0,0,0,0,0,0,0,0,0,0,0,0,0,0,0,0,0,0,0,0,0,0,0,0,0,0,0,0,0,0,0,06037503701
503702,2024,2,7,4,0,34,64,38,0,0,0,0,0,0,0,0,0,0,0,13,0,0,0,0,0,0,0,0,0,0,0,0,0,0,0,0,0,0,0,0,13,0,0,13,06037503702
503704,2024,2,7,4,0,30,64,38,0,0,0,0,0,0,0,0,0,0,0,0,0,0,0,0,0,0,0,0,0,0,0,0,0,0,0,0,0,0,0,0,0,0,0,0,06037503704
503705,2024,2,7,4,0,30,64,38,0,0,0,0,0,0,0,0,0,0,0,0,0,0,0,0,0,0,0,0,0,0,0,0,0,0,0,0,0,0,0,0,0,0,0,0,06037503705
503801,2024,2,7,4,0,30,64,38,1,0,0,0,0,0,0,0,0,0,0,0,0,0,0,0,0,0,0,0,0,0,0,0,0,0,0,0,0,0,0,0,0,0,0,0,06037503801
503802,2024,2,7,4,0,30,64,38,1,0,0,0,0,0,0,0,0,0,0,0,0,0,0,0,0,0,0,0,0,0,0,0,0,0,0,0,0,0,0,0,0,0,0,0,06037503802
503901,2024,2,7,4,0,30,64,38,0,0,0,0,0,0,0,0,0,0,0,0,0,0,0,0,0,0,0,0,0,0,0,0,0,0,0,0,0,0,0,0,0,0,0,0,06037503901
503902,2024,2,7,4,0,30,64,38,14,0,0,0,0,0,0,0,0,0,8,0,0,0,0,0,0,0,0,0,0,0,0,0,0,0,0,0,0,0,0,0,0,0,0,0,06037503902
504001,2024,2,7,4,0,30,64,38,0,0,0,0,0,0,0,0,0,0,0,0,0,0,0,0,0,0,0,0,0,0,0,0,0,0,0,0,0,0,0,0,0,0,0,0,06037504001
504002,2024,2,7,4,0,30,64,38,0,0,0,0,0,0,0,0,0,0,0,0,0,0,0,0,0,0,0,0,0,0,0,0,0,0,0,0,0,0,0,0,0,0,0,0,06037504002
504101,2024,2,7,4,0,30,64,38,4,0,0,0,0,0,1,3,0,0,0,0,0,0,0,0,0,0,0,0,0,0,0,0,0,0,0,0,0,0,0,0,0,0,0,0,06037504101
504200,2024,2,7,4,0,30,64,38,37,0,0,0,0,0,4,3,3,16,14,142,0,0,19,0,0,0,0,0,0,0,0,0,0,0,0,0,0,0,0,0,161,0,0,161,06037504200
530005,2024,2,7,1,0,30,54,38,2,0,0,0,0,0,0,1,0,1,1,0,0,0,0,0,0,0,0,0,0,0,0,0,0,0,0,0,0,0,0,0,0,0,0,0,06037530005
530006,2024,2,7,1,0,30,54,38,4,0,0,0,0,0,3,2,0,0,2,0,0,0,0,0,0,0,0,0,0,0,0,0,0,0,0,0,0,0,0,0,0,0,0,0,06037530006
530007,2024,2,7,1,0,30,54,38,43,0,0,0,0,0,3,2,1,7,9,0,0,0,0,0,0,0,0,0,0,0,0,0,0,0,0,0,0,0,0,0,0,0,0,0,06037530007
530101,2024,2,7,1,0,30,54,38,3,0,0,0,0,0,0,0,1,0,2,0,0,0,0,0,0,0,0,0,0,0,0,0,0,0,0,0,0,0,0,0,0,0,0,0,06037530101
530102,2024,2,7,1,0,30,54,38,6,0,0,0,0,0,1,0,0,1,0,0,0,0,0,0,0,0,0,0,0,0,0,0,0,0,0,0,0,0,0,0,0,0,0,0,06037530102
530202,2024,2,7,1,0,30,54,38,8,0,0,0,0,0,1,2,2,4,2,0,0,0,0,0,0,0,0,0,0,0,0,0,0,0,0,0,0,0,0,0,0,0,0,0,06037530202
530203,2024,2,7,1,0,30,54,38,4,0,0,0,0,0,0,0,2,6,0,0,0,0,0,0,0,0,0,0,0,0,0,0,0,0,0,0,0,0,0,0,0,0,0,0,06037530203
530204,2024,2,7,1,0,30,54,38,2,0,0,0,0,0,0,3,0,1,0,0,0,0,0,0,0,0,0,0,0,0,0,0,0,0,0,0,0,0,0,0,0,0,0,0,06037530204
530301,2024,2,7,1,0,26,52,34,3,0,0,0,0,0,2,3,4,1,1,0,0,0,0,0,0,0,0,0,0,0,0,0,0,0,0,0,0,0,0,0,0,0,0,0,06037530301
530302,2024,2,7,1,0,26,52,34,4,0,0,0,0,0,0,4,8,0,0,0,0,0,0,0,0,0,0,0,0,0,0,0,0,0,0,0,0,0,0,0,0,0,0,0,06037530302
530400,2024,2,7,1,0,25,49,28,14,0,0,8,0,0,8,2,4,6,7,0,0,0,0,0,0,0,0,0,0,0,0,0,0,0,0,0,0,0,0,0,0,0,0,0,06037530400
530500,2024,2,7,1,0,26,52,34,1,0,0,0,0,0,4,8,12,0,1,0,0,0,0,0,0,0,0,0,0,0,0,0,0,0,0,0,0,0,0,0,0,0,0,0,06037530500
530603,2024,2,7,1,0,26,52,34,0,0,0,0,0,0,8,6,0,0,0,0,0,0,0,0,0,0,0,0,0,0,0,0,0,0,0,0,0,0,0,0,0,0,0,0,06037530603
530700,2024,2,4,1,0,26,52,34,13,0,0,0,0,0,0,0,11,0,0,0,0,0,0,0,0,0,0,0,0,0,0,0,0,0,0,0,0,0,0,0,0,0,0,0,06037530700
530801,2024,2,7,1,0,26,52,34,1,0,0,0,0,0,0,1,2,0,1,0,0,0,0,0,0,0,0,0,0,0,0,0,0,0,0,0,0,0,0,0,0,0,0,0,06037530801
530802,2024,2,7,1,0,26,52,34,3,0,0,0,0,0,0,0,1,3,1,0,0,0,0,0,0,0,0,0,0,0,0,0,0,0,0,0,0,0,0,0,0,0,0,0,06037530802
530901,2024,2,7,1,0,26,52,34,0,0,0,0,0,0,0,1,0,0,0,0,0,0,0,0,0,0,0,0,0,0,0,0,0,0,0,0,0,0,0,0,0,0,0,0,06037530901
530902,2024,2,7,1,0,26,52,34,0,0,0,0,0,0,0,2,1,0,0,0,0,0,0,0,0,0,0,0,0,0,0,0,0,0,0,0,0,0,0,0,0,0,0,0,06037530902
531000,2024,2,7,1,0,26,52,34,6,0,0,0,0,0,9,8,3,0,0,0,0,0,0,0,0,0,0,0,0,0,0,0,0,0,0,0,0,0,0,0,0,0,0,0,06037531000
531101,2024,2,7,1,0,26,52,34,3,0,0,0,0,0,0,4,6,0,0,0,0,0,0,0,0,0,0,0,0,0,0,0,0,0,0,0,0,0,0,0,0,0,0,0,06037531101
531102,2024,2,7,1,0,26,52,34,9,0,0,0,0,0,0,0,0,1,0,0,0,0,0,0,0,0,0,0,0,0,0,0,0,0,0,0,0,0,0,0,0,0,0,0,06037531102
531201,2024,2,7,1,0,26,52,34,1,0,0,0,0,0,1,1,3,3,1,0,0,0,0,0,0,0,0,0,0,0,0,0,0,0,0,0,0,0,0,0,0,0,0,0,06037531201
531202,2024,2,7,1,0,26,52,34,1,0,0,0,0,0,0,1,0,0,0,0,0,0,0,0,0,0,0,0,0,0,0,0,0,0,0,0,0,0,0,0,0,0,0,0,06037531202
531301,2024,2,7,1,0,26,52,34,3,0,0,0,0,0,1,1,3,0,5,0,0,0,0,0,0,0,0,0,0,0,0,0,0,0,0,0,0,0,0,0,0,0,0,0,06037531301
531302,2024,2,7,1,0,26,52,34,3,0,0,0,0,0,4,3,2,2,4,0,0,0,0,0,0,0,0,0,0,0,0,0,0,0,0,0,0,0,0,0,0,0,0,0,06037531302
531502,2024,2,7,1,0,26,52,34,7,0,0,0,0,0,0,2,2,0,6,0,0,0,0,0,0,0,0,0,0,0,0,0,0,0,0,0,0,0,0,0,0,0,0,0,06037531502
531503,2024,2,7,1,0,26,52,34,5,0,0,0,0,0,0,1,0,2,6,0,0,0,0,0,0,0,0,0,0,0,0,0,0,0,0,0,0,0,0,0,0,0,0,0,06037531503
531504,2024,2,7,1,0,26,52,34,3,0,0,0,0,0,0,0,0,0,0,0,0,0,0,0,0,0,0,0,0,0,0,0,0,0,0,0,0,0,0,0,0,0,0,0,06037531504
531602,2024,2,7,1,0,26,52,34,3,0,0,0,0,0,3,0,4,0,0,0,0,0,0,0,0,0,0,0,0,0,0,0,0,0,0,0,0,0,0,0,0,0,0,0,06037531602
531603,2024,2,7,1,0,26,52,34,0,0,0,0,0,0,1,2,3,0,0,0,0,0,0,0,0,0,0,0,0,0,0,0,0,0,0,0,0,0,0,0,0,0,0,0,06037531603
531604,2024,2,7,1,0,26,52,34,0,0,0,0,0,0,0,8,0,2,4,0,0,0,0,0,0,0,0,0,0,0,0,0,0,0,0,0,0,0,0,0,0,0,0,0,06037531604
531701,2024,2,7,1,0,26,52,34,0,0,0,0,0,0,0,2,3,1,0,0,0,0,0,0,0,0,0,0,0,0,0,0,0,0,0,0,0,0,0,0,0,0,0,0,06037531701
531702,2024,2,7,1,0,26,52,34,5,0,0,0,0,0,0,4,10,6,0,0,0,0,0,0,0,0,0,0,0,0,0,0,0,0,0,0,0,0,0,0,0,0,0,0,06037531702
531800,2024,2,7,1,0,30,54,38,3,0,0,0,0,0,0,0,0,0,0,0,0,0,0,0,0,0,0,0,0,0,0,0,0,0,0,0,0,0,0,0,0,0,0,0,06037531800
531901,2024,2,7,1,0,26,52,34,3,0,0,0,0,0,0,4,9,0,1,0,0,0,0,0,0,0,0,0,0,0,0,0,0,0,0,0,0,0,0,0,0,0,0,0,06037531901
531902,2024,2,7,1,0,30,54,38,4,0,0,0,0,0,0,2,9,0,0,0,0,0,0,0,0,0,0,0,0,0,0,0,0,0,0,0,0,0,0,0,0,0,0,0,06037531902
532001,2024,2,7,1,0,30,54,38,2,0,0,0,0,0,0,1,3,0,2,28,0,0,0,0,0,0,0,0,0,0,0,0,0,0,0,0,0,0,0,0,28,0,0,28,06037532001
532002,2024,2,7,1,0,30,54,38,9,0,0,0,0,0,1,0,2,1,0,0,0,0,0,0,0,0,0,0,0,0,0,0,0,0,0,0,0,0,0,0,0,0,0,0,06037532002
532101,2024,2,7,1,0,30,54,38,1,0,0,0,0,0,0,0,1,0,2,0,0,0,0,0,0,0,0,0,0,0,0,0,0,0,0,0,0,0,0,0,0,0,0,0,06037532101
532102,2024,2,7,1,0,30,54,38,15,0,0,0,0,0,1,2,1,3,1,0,0,0,0,0,0,0,0,0,0,0,0,0,0,0,0,0,0,0,0,0,0,0,0,0,06037532102
532200,2024,2,7,1,0,30,54,38,34,0,0,0,0,0,13,4,1,2,0,0,0,0,0,0,0,0,0,0,0,0,0,0,0,0,0,0,0,0,0,0,0,0,0,0,06037532200
532302,2024,2,7,4,0,33,54,42,18,0,0,0,0,0,20,1,0,3,6,0,0,0,0,0,0,0,0,0,0,0,0,0,0,0,0,0,0,0,0,0,0,0,0,0,06037532302
532303,2024,2,7,4,0,33,54,42,8,0,0,0,0,0,2,0,0,5,9,0,0,0,0,0,0,0,0,0,0,0,0,0,0,0,0,0,0,0,0,0,0,0,0,0,06037532303
532304,2024,2,7,4,0,33,64,42,35,0,0,0,0,0,3,3,2,5,14,188,0,0,4,0,0,0,90,0,0,3,0,0,0,16,0,0,1,0,0,0,192,93,17,302,06037532304
532500,2024,2,7,4,0,33,62,42,6,0,0,0,0,0,1,0,0,9,0,0,0,0,0,0,0,0,0,0,0,0,0,0,0,0,0,0,0,0,0,0,0,0,0,0,06037532500
532605,2024,2,7,4,0,33,62,42,14,0,0,0,0,0,4,8,1,1,3,0,0,0,0,0,0,0,0,0,0,0,0,0,0,0,0,0,0,0,0,0,0,0,0,0,06037532605
532606,2024,2,7,4,0,33,62,42,4,0,0,0,0,0,0,0,0,0,0,0,0,0,0,0,0,0,0,0,0,0,0,0,0,0,0,0,0,0,0,0,0,0,0,0,06037532606
532607,2024,2,7,4,0,33,62,42,27,0,0,0,0,0,1,1,0,1,0,0,0,0,0,0,0,0,0,0,0,0,0,0,0,0,0,0,0,0,0,0,0,0,0,0,06037532607
532700,2024,2,7,2,0,33,57,42,0,0,0,0,0,0,6,0,40,8,5,0,0,0,0,0,0,0,0,0,0,0,0,0,0,0,0,0,0,0,0,0,0,0,0,0,06037532700
532800,2024,2,6,2,0,33,57,42,5,0,0,0,0,0,3,8,13,19,0,0,0,0,0,0,0,0,0,0,0,0,0,0,0,0,0,0,0,0,0,0,0,0,0,0,06037532800
532900,2024,2,6,2,0,33,57,42,7,0,0,0,0,0,2,5,3,0,0,0,0,0,0,0,0,0,0,0,0,0,0,0,0,0,0,0,0,0,0,0,0,0,0,0,06037532900
533001,2024,2,7,2,0,33,57,42,30,0,0,0,0,0,2,0,15,0,6,0,0,0,0,0,0,0,0,0,0,0,0,0,0,0,0,0,0,0,0,0,0,0,0,0,06037533001
533002,2024,2,7,2,0,33,57,42,0,0,0,0,0,0,0,0,1,1,0,0,0,0,0,0,0,0,0,0,0,0,0,0,0,0,0,0,0,0,0,0,0,0,0,0,06037533002
533103,2024,2,7,4,0,33,62,42,8,0,0,0,0,0,11,0,0,0,0,0,0,0,0,0,0,0,0,0,0,0,0,0,0,0,0,0,0,0,0,0,0,0,0,0,06037533103
533104,2024,2,7,4,0,33,62,42,33,0,0,0,0,0,6,12,2,2,4,0,0,0,0,0,0,0,0,0,0,0,0,0,0,0,0,0,0,0,0,0,0,0,0,0,06037533104
533105,2024,2,7,4,0,33,62,42,0,0,0,0,0,0,0,0,0,0,0,0,0,0,0,0,0,0,0,0,0,0,0,0,0,0,0,0,0,0,0,0,0,0,0,0,06037533105
533108,2024,2,7,4,0,33,62,42,10,0,0,0,0,0,1,0,0,0,1,0,0,0,0,0,0,0,0,0,0,0,0,0,0,0,0,0,0,0,0,0,0,0,0,0,06037533108
533201,2024,2,7,4,0,33,62,42,0,0,0,0,0,0,2,1,0,0,0,0,0,0,0,0,0,0,0,0,0,0,0,0,0,0,0,0,0,0,0,0,0,0,0,0,06037533201
533204,2024,2,7,4,0,33,62,42,9,0,0,0,0,0,2,1,0,0,0,0,0,0,0,0,0,0,0,0,0,0,0,0,0,0,0,0,0,0,0,0,0,0,0,0,06037533204
533300,2024,2,7,4,0,33,62,42,2,0,0,0,0,0,0,1,0,0,0,0,0,0,0,0,0,0,0,0,0,0,0,0,0,0,0,0,0,0,0,0,0,0,0,0,06037533300
533401,2024,2,7,4,0,33,62,42,0,0,0,0,0,0,0,0,0,0,0,0,0,0,0,0,0,0,0,0,0,0,0,0,0,0,0,0,0,0,0,0,0,0,0,0,06037533401
533402,2024,2,7,4,0,33,62,42,5,0,0,0,0,0,0,0,0,0,0,0,0,0,0,0,0,0,0,0,0,0,0,0,0,0,0,0,0,0,0,0,0,0,0,0,06037533402
533403,2024,2,7,4,0,33,62,42,11,0,0,0,0,0,0,1,0,2,0,0,0,0,0,0,0,0,0,0,0,0,0,0,0,0,0,0,0,0,0,0,0,0,0,0,06037533403
533501,2024,2,7,4,0,33,62,42,8,0,0,0,0,0,1,0,0,0,1,0,0,0,0,0,0,0,0,0,0,0,0,0,0,0,0,0,0,0,0,0,0,0,0,0,06037533501
533504,2024,2,7,4,0,33,62,42,6,0,0,0,0,0,0,0,0,0,0,0,0,0,0,0,0,0,0,0,0,0,0,0,0,0,0,0,0,0,0,0,0,0,0,0,06037533504
533601,2024,2,7,4,0,33,64,42,4,0,0,0,0,0,0,0,0,0,0,0,0,0,0,0,0,0,0,0,0,0,0,0,0,0,0,0,0,0,0,0,0,0,0,0,06037533601
533602,2024,2,7,4,0,33,64,42,4,0,0,0,0,0,0,0,0,0,0,0,0,0,0,0,0,0,0,0,0,0,0,0,0,0,0,0,0,0,0,0,0,0,0,0,06037533602
533603,2024,2,7,4,0,33,64,42,1,0,0,0,0,0,1,0,0,0,0,0,0,0,0,0,0,0,0,0,0,0,0,0,0,0,0,0,0,0,0,0,0,0,0,0,06037533603
533701,2024,2,7,4,0,33,62,42,3,0,0,0,0,0,0,1,0,0,1,0,0,0,0,0,0,0,0,0,0,0,0,0,0,0,0,0,0,0,0,0,0,0,0,0,06037533701
533702,2024,2,7,4,0,33,62,42,0,0,0,0,0,0,0,0,0,0,0,0,0,0,0,0,0,0,0,0,0,0,0,0,0,0,0,0,0,0,0,0,0,0,0,0,06037533702
533703,2024,2,7,4,0,33,62,42,3,0,0,0,0,0,2,0,0,0,0,0,0,0,0,0,0,0,0,0,0,0,0,0,0,0,0,0,0,0,0,0,0,0,0,0,06037533703
533803,2024,2,7,4,0,33,64,42,0,0,0,0,0,0,0,0,0,0,0,0,0,0,0,0,0,0,0,0,0,0,0,0,0,0,0,0,0,0,0,0,0,0,0,0,06037533803
533804,2024,2,7,4,0,33,64,42,6,0,0,0,0,0,0,0,0,0,0,0,0,0,0,0,0,0,0,0,0,0,0,0,0,0,0,0,0,0,0,0,0,0,0,0,06037533804
533805,2024,2,7,4,0,33,64,42,3,0,0,0,0,0,1,1,0,1,0,0,0,0,0,0,0,0,0,0,0,0,0,0,0,0,0,0,0,0,0,0,0,0,0,0,06037533805
533806,2024,2,7,4,0,33,64,42,3,0,0,0,0,0,1,0,0,0,4,0,0,0,0,0,0,0,0,0,0,0,0,0,0,0,0,0,0,0,0,0,0,0,0,0,06037533806
533901,2024,2,7,4,0,33,64,42,6,0,0,0,0,0,0,0,0,0,0,0,0,0,0,0,0,0,0,0,0,0,0,0,0,0,0,0,0,0,0,0,0,0,0,0,06037533901
533902,2024,2,7,4,0,33,64,42,12,0,0,0,0,0,2,0,0,1,0,0,0,0,0,0,0,0,0,0,0,0,0,0,0,0,0,0,0,0,0,0,0,0,0,0,06037533902
534001,2024,2,7,4,0,33,64,42,4,0,0,0,0,0,0,0,1,0,3,0,0,0,0,0,0,0,0,0,0,0,0,0,0,0,0,0,0,0,0,0,0,0,0,0,06037534001
534002,2024,2,7,4,0,33,64,42,1,0,0,0,0,0,0,0,2,0,2,0,0,0,0,0,0,0,0,0,0,0,0,0,0,0,0,0,0,0,0,0,0,0,0,0,06037534002
534101,2024,2,7,4,0,33,64,42,10,0,0,0,0,0,0,0,2,1,1,0,0,0,0,0,0,0,0,0,0,0,0,0,0,0,0,0,0,0,0,0,0,0,0,0,06037534101
534102,2024,2,7,4,0,33,64,42,2,0,0,0,0,0,0,0,0,0,0,0,0,0,0,0,0,0,0,0,0,0,0,0,0,0,0,0,0,0,0,0,0,0,0,0,06037534102
534201,2024,2,7,4,0,33,64,42,2,0,0,0,0,0,0,0,0,1,3,0,0,0,0,0,0,0,0,0,0,0,0,0,0,0,0,0,0,0,0,0,0,0,0,0,06037534201
534202,2024,2,7,4,0,33,64,42,5,0,0,0,0,0,0,0,0,0,0,0,0,0,0,0,0,0,0,0,0,0,0,0,0,0,0,0,0,0,0,0,0,0,0,0,06037534202
534203,2024,2,7,4,0,33,64,42,2,0,0,0,0,0,1,1,1,0,1,0,0,0,0,0,0,0,0,0,0,0,0,0,0,0,0,0,0,0,0,0,0,0,0,0,06037534203
534301,2024,2,7,4,0,33,64,42,10,0,0,0,0,0,0,0,0,0,1,0,0,0,0,0,0,0,0,0,0,0,0,0,0,0,0,0,0,0,0,0,0,0,0,0,06037534301
534302,2024,2,7,4,0,33,64,42,3,0,0,0,0,0,0,0,0,0,0,0,0,0,0,0,0,0,0,0,0,0,0,0,0,0,0,0,0,0,0,0,0,0,0,0,06037534302
534403,2024,2,7,4,0,33,64,42,0,0,0,0,0,0,0,0,0,0,0,0,0,0,0,0,0,0,0,0,0,0,0,0,0,0,0,0,0,0,0,0,0,0,0,0,06037534403
534404,2024,2,7,4,0,33,64,42,1,0,0,0,0,0,0,0,0,0,0,0,0,0,0,0,0,0,0,0,0,0,0,0,0,0,0,0,0,0,0,0,0,0,0,0,06037534404
534405,2024,2,7,4,0,33,64,42,6,0,0,0,0,0,0,0,0,0,0,0,0,0,0,0,0,0,0,0,0,0,0,0,0,0,0,0,0,0,0,0,0,0,0,0,06037534405
534406,2024,2,7,4,0,33,64,42,1,0,0,0,0,0,0,0,0,0,0,0,0,0,0,0,0,0,0,0,0,0,0,0,0,0,0,0,0,0,0,0,0,0,0,0,06037534406
534501,2024,2,7,4,0,33,62,42,10,0,0,0,0,0,3,2,1,5,0,0,0,0,0,0,0,0,0,0,0,0,0,0,0,0,0,0,0,0,0,0,0,0,0,0,06037534501
534502,2024,2,7,4,0,33,62,42,1,0,0,0,0,0,0,0,0,0,0,0,0,0,0,0,0,0,0,0,0,0,0,0,0,0,0,0,0,0,0,0,0,0,0,0,06037534502
534700,2024,2,7,4,0,33,62,42,1,0,0,0,0,0,1,0,0,0,5,0,0,0,0,0,0,0,0,0,0,0,0,0,0,0,0,0,0,0,0,0,0,0,0,0,06037534700
534802,2024,2,7,4,0,33,62,42,2,0,0,0,0,0,2,0,0,2,2,0,0,0,0,0,0,0,0,0,0,0,0,0,0,0,0,0,0,0,0,0,0,0,0,0,06037534802
534803,2024,2,7,4,0,33,62,42,1,0,0,0,0,0,0,0,0,0,0,0,0,0,0,0,0,0,0,0,0,0,0,0,0,0,0,0,0,0,0,0,0,0,0,0,06037534803
534804,2024,2,7,4,0,33,62,42,1,0,0,0,0,0,0,0,0,0,0,0,0,0,0,0,0,0,0,0,0,0,0,0,0,0,0,0,0,0,0,0,0,0,0,0,06037534804
534900,2024,2,6,2,0,33,57,42,21,0,0,0,0,0,1,6,8,0,0,0,0,0,0,0,0,0,0,0,0,0,0,0,0,0,0,0,0,0,0,0,0,0,0,0,06037534900
535001,2024,2,6,2,0,33,57,42,1,0,0,0,0,0,11,0,6,0,3,0,0,0,0,0,0,0,0,0,0,0,0,0,0,0,0,0,0,0,0,0,0,0,0,0,06037535001
535002,2024,2,6,2,0,33,57,42,0,0,0,0,0,0,6,6,6,0,1,0,0,0,0,0,0,0,0,0,0,0,0,0,0,0,0,0,0,0,0,0,0,0,0,0,06037535002
535101,2024,2,6,2,0,33,57,42,2,0,0,0,0,0,7,27,17,0,0,0,0,0,0,0,0,0,0,0,0,0,0,0,0,0,0,0,0,0,0,0,0,0,0,0,06037535101
535102,2024,2,6,2,0,35,57,42,10,0,0,0,0,0,1,22,7,0,0,0,0,0,0,0,0,0,0,0,0,0,0,0,0,0,0,0,0,0,0,0,0,0,0,0,06037535102
535200,2024,2,6,2,0,35,57,42,0,0,0,0,0,0,4,0,6,0,0,0,0,0,0,0,0,0,0,0,0,0,0,0,0,0,0,0,0,0,0,0,0,0,0,0,06037535200
535300,2024,2,6,2,0,33,57,42,7,0,0,0,0,0,5,1,39,1,0,0,0,0,0,0,0,0,0,0,0,0,0,0,0,0,0,0,0,0,0,0,0,0,0,0,06037535300
535400,2024,2,6,2,0,35,57,42,14,0,0,0,0,0,6,4,28,0,0,21,0,0,0,0,0,0,0,0,0,0,0,0,0,0,0,0,0,0,0,0,21,0,0,21,06037535400
535501,2024,2,7,4,0,33,62,44,1,0,0,0,0,0,1,0,2,1,1,0,0,0,0,0,0,0,0,0,0,0,0,0,0,0,0,0,0,0,0,0,0,0,0,0,06037535501
535502,2024,2,7,4,0,33,62,44,0,0,0,0,0,0,0,0,0,0,0,0,0,0,0,0,0,0,0,0,0,0,0,0,0,0,0,0,0,0,0,0,0,0,0,0,06037535502
535503,2024,2,7,4,0,33,62,44,1,0,0,0,0,0,1,0,0,0,0,0,0,0,0,0,0,0,0,0,0,0,0,0,0,0,0,0,0,0,0,0,0,0,0,0,06037535503
535603,2024,2,7,4,0,33,62,44,15,0,0,0,0,0,4,0,0,0,5,0,0,0,0,0,0,0,0,0,0,0,0,0,0,0,0,0,0,0,0,0,0,0,0,0,06037535603
535604,2024,2,7,4,0,33,62,44,1,0,0,0,0,0,1,0,1,0,0,0,0,0,0,0,0,0,0,0,0,0,0,0,0,0,0,0,0,0,0,0,0,0,0,0,06037535604
535605,2024,2,7,4,0,33,62,44,6,0,0,0,0,0,2,2,1,1,0,0,0,0,0,0,0,0,0,0,0,0,0,0,0,0,0,0,0,0,0,0,0,0,0,0,06037535605
535606,2024,2,7,4,0,33,62,44,0,0,0,0,0,0,0,1,0,0,0,0,0,0,0,0,0,0,0,0,0,0,0,0,0,0,0,0,0,0,0,0,0,0,0,0,06037535606
535607,2024,2,7,4,0,33,62,44,3,0,0,0,0,0,1,0,2,4,0,0,0,0,0,0,0,0,0,0,0,0,0,0,0,0,0,0,0,0,0,0,0,0,0,0,06037535607
535701,2024,2,7,4,0,33,62,44,0,0,0,0,0,0,0,1,0,1,0,0,0,0,0,0,0,0,0,0,0,0,0,0,0,0,0,0,0,0,0,0,0,0,0,0,06037535701
535702,2024,2,7,4,0,33,62,44,4,0,0,0,0,0,0,1,0,0,3,41,0,0,9,0,0,0,0,0,0,0,0,0,0,0,0,0,0,0,0,0,50,0,0,50,06037535702
535802,2024,2,7,4,0,33,62,44,0,0,0,0,0,0,0,0,0,0,0,0,0,0,0,0,0,0,0,0,0,0,0,0,0,0,0,0,0,0,0,0,0,0,0,0,06037535802
535803,2024,2,7,4,0,33,62,44,5,0,0,0,0,0,0,0,0,0,0,0,0,0,0,0,0,0,0,0,0,0,0,0,0,0,0,0,0,0,0,0,0,0,0,0,06037535803
535804,2024,2,7,4,0,33,62,44,1,0,0,0,0,0,0,0,0,0,1,0,0,0,0,0,0,0,0,0,0,0,0,0,0,0,0,0,0,0,0,0,0,0,0,0,06037535804
535901,2024,2,7,4,0,33,62,44,1,0,0,0,0,0,0,0,0,0,0,0,0,0,0,0,0,0,0,0,0,0,0,0,0,0,0,0,0,0,0,0,0,0,0,0,06037535901
535902,2024,2,7,4,0,33,62,44,2,0,0,0,0,0,2,0,0,0,1,0,0,0,0,0,0,0,0,0,0,0,0,0,0,0,0,0,0,0,0,0,0,0,0,0,06037535902
536000,2024,2,7,4,0,33,62,44,6,0,0,0,0,0,6,0,2,4,1,0,0,0,0,0,0,0,0,0,0,0,0,0,0,0,0,0,0,0,0,0,0,0,0,0,06037536000
536102,2024,2,7,4,0,33,62,44,9,0,0,0,0,0,11,4,6,7,4,0,0,0,0,0,0,0,0,0,0,0,0,0,0,0,0,0,0,0,0,0,0,0,0,0,06037536102
536103,2024,2,7,4,0,33,62,44,0,0,0,0,0,0,0,0,0,0,0,0,0,0,0,0,0,0,0,0,0,0,0,0,0,0,0,0,0,0,0,0,0,0,0,0,06037536103
536104,2024,2,7,4,0,33,62,44,25,0,0,0,0,0,2,1,1,20,8,0,0,0,0,0,0,0,0,0,0,0,0,0,0,0,0,0,0,0,0,0,0,0,0,0,06037536104
536201,2024,2,6,4,0,33,62,44,1,0,0,0,0,0,2,0,0,3,1,0,0,0,0,0,0,0,0,0,0,0,0,0,0,0,0,0,0,0,0,0,0,0,0,0,06037536201
536202,2024,2,7,4,0,33,62,44,4,0,0,0,0,0,5,0,0,5,0,0,0,0,0,0,0,0,0,0,0,0,0,0,0,0,0,0,0,0,0,0,0,0,0,0,06037536202
540000,2024,2,6,4,0,33,62,44,1,0,0,0,0,0,0,0,3,2,0,0,0,0,0,0,0,0,0,0,0,0,0,0,0,0,0,0,0,0,0,0,0,0,0,0,06037540000
540101,2024,2,6,4,0,33,62,44,1,0,0,0,0,0,0,0,0,0,0,0,0,0,0,0,0,0,0,0,0,0,0,0,0,0,0,0,0,0,0,0,0,0,0,0,06037540101
540102,2024,2,6,4,0,33,62,44,0,0,0,0,0,0,1,0,0,3,1,0,0,0,0,0,0,0,0,0,0,0,0,0,0,0,0,0,0,0,0,0,0,0,0,0,06037540102
540201,2024,2,6,4,0,33,62,44,0,0,0,0,0,0,0,0,0,0,0,0,0,0,0,0,0,0,0,0,0,0,0,0,0,0,0,0,0,0,0,0,0,0,0,0,06037540201
540202,2024,2,6,4,0,33,62,44,4,0,0,0,0,0,0,0,0,0,1,0,0,0,0,0,0,0,0,0,0,0,0,0,0,0,0,0,0,0,0,0,0,0,0,0,06037540202
540203,2024,2,6,4,0,33,62,44,30,0,0,0,0,0,7,0,2,1,11,0,0,0,0,0,0,0,0,0,0,0,0,0,0,0,0,0,0,0,0,0,0,0,0,0,06037540203
540300,2024,2,6,4,0,33,62,44,18,0,0,0,0,0,3,6,7,7,0,0,0,0,0,0,0,0,0,0,0,0,0,0,0,0,0,0,0,0,0,0,0,0,0,0,06037540300
540400,2024,2,6,2,0,35,65,43,24,0,0,0,0,0,16,4,12,16,0,0,0,0,0,0,0,0,0,0,0,0,0,0,0,0,0,0,0,0,0,0,0,0,0,0,06037540400
540501,2024,2,6,4,0,33,62,44,32,0,0,0,0,0,4,1,13,15,2,0,0,0,0,0,0,0,0,0,0,0,0,0,0,0,0,0,0,0,0,0,0,0,0,0,06037540501
540502,2024,2,6,4,0,33,62,44,7,0,0,0,0,0,1,0,0,1,0,40,0,0,0,0,0,0,0,0,0,0,0,0,0,0,0,0,0,0,0,0,40,0,0,40,06037540502
540600,2024,2,6,2,0,35,65,43,4,0,0,0,0,0,6,3,43,6,0,71,0,0,1,0,0,0,0,0,0,0,0,0,0,0,0,0,0,0,0,0,72,0,0,72,06037540600
540700,2024,2,6,2,0,35,65,43,11,0,0,0,0,0,1,1,4,14,10,62,0,0,0,0,0,0,0,0,0,0,0,0,0,0,0,0,0,0,0,0,62,0,0,62,06037540700
540800,2024,2,6,2,0,35,65,43,1,0,0,0,0,0,1,1,15,2,3,0,0,0,0,0,0,0,0,0,0,0,0,0,0,0,0,0,0,0,0,0,0,0,0,0,06037540800
540901,2024,2,6,2,0,35,65,43,1,0,0,0,0,0,8,2,10,0,0,0,0,0,0,0,0,0,0,0,0,0,0,0,0,0,0,0,0,0,0,0,0,0,0,0,06037540901
540902,2024,2,6,2,0,35,65,43,7,0,0,0,0,0,24,27,127,3,9,0,0,0,0,0,0,0,0,0,0,0,0,0,0,0,0,0,0,0,0,0,0,0,0,0,06037540902
541003,2024,2,6,2,0,35,65,43,29,0,0,0,0,0,38,32,122,4,15,0,0,0,0,0,0,0,0,0,0,0,0,0,0,0,0,0,0,0,0,0,0,0,0,0,06037541003
541100,2024,2,6,2,0,35,65,43,4,0,0,0,0,0,11,11,37,0,0,0,0,0,0,0,0,0,0,0,0,0,0,0,0,0,0,0,0,0,0,0,0,0,0,0,06037541100
541200,2024,2,6,2,0,35,65,43,4,0,0,0,0,0,4,5,9,1,0,0,0,0,0,0,0,0,0,0,0,0,0,0,0,0,0,0,0,0,0,0,0,0,0,0,06037541200
541300,2024,2,6,2,0,35,65,43,4,0,0,0,0,0,1,1,6,1,2,0,0,0,0,0,0,0,0,0,0,0,0,0,0,0,0,0,0,0,0,0,0,0,0,0,06037541300
541401,2024,2,6,2,0,35,65,43,0,0,0,0,0,0,0,1,1,0,1,0,0,0,0,0,0,0,0,0,0,0,0,0,0,0,0,0,0,0,0,0,0,0,0,0,06037541401
541402,2024,2,6,2,0,35,65,43,3,0,0,0,0,0,1,1,1,2,1,0,0,0,0,0,0,0,0,0,0,0,0,0,0,0,0,0,0,0,0,0,0,0,0,0,06037541402
541500,2024,2,6,2,0,35,65,43,0,0,0,0,0,0,0,1,0,2,2,0,0,0,0,0,0,0,0,0,0,0,0,0,0,0,0,0,0,0,0,0,0,0,0,0,06037541500
541603,2024,2,6,2,0,35,65,43,5,0,0,0,0,0,8,4,13,4,4,0,0,0,0,0,0,0,0,0,0,0,0,0,0,0,0,0,0,0,0,0,0,0,0,0,06037541603
541604,2024,2,6,2,0,35,65,43,6,0,0,0,0,0,1,0,0,0,0,0,0,0,0,0,0,0,0,0,0,0,0,0,0,0,0,0,0,0,0,0,0,0,0,0,06037541604
541605,2024,2,6,2,0,35,65,43,17,0,0,0,0,0,9,13,0,5,0,0,0,0,0,0,0,0,0,0,0,0,0,0,0,0,0,0,0,0,0,0,0,0,0,0,06037541605
541606,2024,2,6,2,0,35,65,43,5,0,0,0,0,0,4,2,1,0,0,0,0,0,0,0,0,0,0,0,0,0,0,0,0,0,0,0,0,0,0,0,0,0,0,0,06037541606
541700,2024,2,6,4,0,33,62,44,7,0,0,0,0,0,0,1,0,7,3,0,0,0,0,0,0,0,0,0,0,0,0,0,0,0,0,0,0,0,0,0,0,0,0,0,06037541700
541801,2024,2,6,2,0,35,65,43,0,0,0,0,0,0,0,0,0,2,0,0,0,0,0,0,0,0,0,0,0,0,0,0,0,0,0,0,0,0,0,0,0,0,0,0,06037541801
541802,2024,2,6,2,0,35,65,43,1,0,0,0,0,0,0,1,0,2,0,0,0,0,0,0,0,0,0,0,0,0,0,0,0,0,0,0,0,0,0,0,0,0,0,0,06037541802
542000,2024,2,6,2,0,35,65,43,0,0,0,0,0,0,3,0,0,0,0,0,0,0,0,0,0,0,0,0,0,0,0,0,0,0,0,0,0,0,0,0,0,0,0,0,06037542000
542103,2024,2,6,2,0,35,65,43,0,0,0,0,0,0,0,7,6,0,0,0,0,0,0,0,0,0,0,0,0,0,0,0,0,0,0,0,0,0,0,0,0,0,0,0,06037542103
542104,2024,2,6,2,0,35,65,43,13,0,0,0,0,0,0,1,0,5,0,0,0,0,0,0,0,0,0,0,0,0,0,0,0,0,0,0,0,0,0,0,0,0,0,0,06037542104
542105,2024,2,6,2,0,35,65,43,1,0,0,0,0,0,0,0,0,0,0,20,0,0,0,0,0,0,0,0,0,0,0,0,0,0,0,0,0,0,0,0,20,0,0,20,06037542105
542106,2024,2,6,2,0,35,65,43,17,0,0,0,0,0,0,2,10,0,0,0,0,0,0,0,0,0,0,0,0,0,0,0,0,0,0,0,0,0,0,0,0,0,0,0,06037542106
542200,2024,2,6,2,0,35,65,43,12,0,0,0,0,0,1,4,0,8,6,0,0,0,0,0,0,0,0,0,0,0,0,0,0,0,0,0,0,0,0,0,0,0,0,0,06037542200
542401,2024,2,6,2,0,35,65,43,2,0,0,0,0,0,3,1,1,1,0,0,0,0,0,0,0,0,0,0,0,0,0,0,0,0,0,0,0,0,0,0,0,0,0,0,06037542401
542402,2024,2,6,2,0,35,65,43,5,0,0,0,0,0,2,3,4,0,4,0,0,0,0,0,0,0,0,0,0,0,0,0,0,0,0,0,0,0,0,0,0,0,0,0,06037542402
542501,2024,2,6,2,0,35,65,43,0,0,0,0,0,0,0,0,0,0,0,0,0,0,0,0,0,0,0,0,0,0,0,0,0,0,0,0,0,0,0,0,0,0,0,0,06037542501
542502,2024,2,6,2,0,35,65,43,5,0,0,10,0,0,1,3,2,1,0,0,0,0,0,0,0,0,0,0,0,0,0,0,0,0,0,0,0,0,0,0,0,0,0,0,06037542502
542601,2024,2,6,2,0,35,65,43,26,0,0,0,0,0,10,6,2,3,15,0,0,0,0,0,0,0,0,0,0,0,0,0,0,0,0,0,0,0,0,0,0,0,0,0,06037542601
542602,2024,2,6,2,0,35,65,43,13,0,0,0,0,0,0,4,0,1,0,0,0,0,0,0,0,0,0,0,0,0,0,0,0,0,0,0,0,0,0,0,0,0,0,0,06037542602
542700,2024,2,6,2,0,35,65,43,6,0,0,0,0,0,0,0,0,0,2,0,0,0,0,0,0,0,0,0,0,0,0,0,0,0,0,0,0,0,0,0,0,0,0,0,06037542700
542800,2024,2,6,2,0,35,65,43,0,0,0,0,0,0,1,0,6,1,0,0,0,0,0,0,0,0,0,0,0,0,0,0,0,0,0,0,0,0,0,0,0,0,0,0,06037542800
542900,2024,2,6,2,0,35,65,43,2,0,0,0,0,0,1,1,1,0,0,0,0,0,0,0,0,0,0,0,0,0,0,0,0,0,0,0,0,0,0,0,0,0,0,0,06037542900
543000,2024,2,6,2,0,35,65,43,8,0,0,0,0,0,4,2,1,0,0,0,0,0,0,0,0,0,0,0,0,0,0,0,0,0,0,0,0,0,0,0,0,0,0,0,06037543000
543100,2024,2,6,2,0,35,65,44,2,0,0,0,0,0,0,0,0,0,0,0,0,0,0,0,0,0,0,0,0,0,0,0,0,0,0,0,0,0,0,0,0,0,0,0,06037543100
543201,2024,2,6,2,0,35,65,43,1,0,0,0,0,0,0,0,3,0,1,0,0,0,0,0,0,0,0,0,0,0,0,0,0,0,0,0,0,0,0,0,0,0,0,0,06037543201
543203,2024,2,6,2,0,35,65,43,16,0,0,0,0,0,1,1,0,2,3,0,0,0,0,0,0,0,0,0,0,0,0,0,0,0,0,0,0,0,0,0,0,0,0,0,06037543203
543304,2024,2,8,2,0,35,65,44,0,0,0,0,0,0,0,1,11,0,0,0,0,0,0,0,0,0,0,0,0,0,0,0,0,0,0,0,0,0,0,0,0,0,0,0,06037543304
543305,2024,2,8,2,0,35,65,44,4,0,0,0,0,0,5,14,178,4,5,0,0,0,0,0,0,0,0,0,0,0,0,0,0,0,0,0,0,0,0,0,0,0,0,0,06037543305
543306,2024,2,8,2,0,35,69,44,4,0,0,0,0,0,1,0,1,0,1,0,0,0,0,0,0,0,0,0,0,0,0,0,0,0,0,0,0,0,0,0,0,0,0,0,06037543306
543321,2024,2,8,2,0,35,65,44,3,0,0,0,0,0,0,0,0,0,6,0,0,0,0,0,0,0,0,0,0,0,0,0,0,0,0,0,0,0,0,0,0,0,0,0,06037543321
543322,2024,2,8,2,0,35,65,44,0,0,0,0,0,0,0,0,0,0,0,0,0,0,0,0,0,0,0,0,0,0,0,0,0,0,0,0,0,0,0,0,0,0,0,0,06037543322
543400,2024,2,8,2,0,35,65,44,2,0,0,0,0,0,5,1,0,1,1,0,0,0,0,0,0,0,0,0,0,0,0,0,0,0,0,0,0,0,0,0,0,0,0,0,06037543400
543501,2024,2,8,2,0,35,65,44,14,0,0,0,0,0,1,0,1,6,0,0,0,0,0,0,0,0,0,0,0,0,0,0,0,0,0,0,0,0,0,0,0,0,0,0,06037543501
543502,2024,2,8,2,0,35,65,44,0,0,0,0,0,0,0,0,3,0,0,0,0,0,0,0,0,0,0,0,0,0,0,0,0,0,0,0,0,0,0,0,0,0,0,0,06037543502
543503,2024,2,8,2,0,35,65,44,0,0,0,0,0,0,1,1,15,0,0,0,0,0,0,0,0,0,0,0,0,0,0,0,0,0,0,0,0,0,0,0,0,0,0,0,06037543503
543601,2024,2,8,2,0,35,69,44,2,0,0,0,0,0,1,0,0,1,0,0,0,0,0,0,0,0,0,0,0,0,0,0,0,0,0,0,0,0,0,0,0,0,0,0,06037543601
543603,2024,2,8,2,0,35,65,44,0,0,0,0,0,0,2,0,1,2,0,0,0,0,0,0,0,0,0,0,0,0,0,0,0,0,0,0,0,0,0,0,0,0,0,0,06037543603
543605,2024,2,8,2,0,35,65,44,2,0,0,0,0,0,10,0,8,0,0,0,0,0,0,0,0,0,0,0,0,0,0,0,0,0,0,0,0,0,0,0,0,0,0,0,06037543605
543606,2024,2,8,2,0,35,65,44,0,0,0,0,0,0,0,0,0,0,0,0,0,0,0,0,0,0,0,0,0,0,0,0,0,0,0,0,0,0,0,0,0,0,0,0,06037543606
543607,2024,2,8,2,0,35,69,44,1,0,0,0,0,0,0,0,0,0,1,0,0,0,0,0,0,0,0,0,0,0,0,0,0,0,0,0,0,0,0,0,0,0,0,0,06037543607
543701,2024,2,8,2,0,35,69,44,0,0,0,0,0,0,0,0,0,0,0,0,0,0,0,0,0,0,0,0,0,0,0,0,0,0,0,0,0,0,0,0,0,0,0,0,06037543701
543703,2024,2,8,2,0,35,69,44,2,0,0,0,0,0,0,1,1,0,1,0,0,0,0,0,0,0,0,0,0,0,0,0,0,0,0,0,0,0,0,0,0,0,0,0,06037543703
543704,2024,2,8,2,0,35,69,44,0,0,0,0,0,0,0,0,0,0,1,0,0,0,0,0,0,0,0,0,0,0,0,0,0,0,0,0,0,0,0,0,0,0,0,0,06037543704
543705,2024,2,8,2,0,35,69,44,0,0,0,0,0,0,0,0,0,0,0,0,0,0,0,0,0,0,0,0,0,0,0,0,0,0,0,0,0,0,0,0,0,0,0,0,06037543705
543801,2024,2,8,2,0,35,65,44,0,0,0,0,0,0,0,0,0,0,0,0,0,0,0,0,0,0,0,0,0,0,0,0,0,0,0,0,0,0,0,0,0,0,0,0,06037543801
543803,2024,2,8,2,0,35,69,44,4,0,0,0,0,0,0,4,0,0,0,0,0,0,0,0,0,0,0,0,0,0,0,0,0,0,0,0,0,0,0,0,0,0,0,0,06037543803
543804,2024,2,8,2,0,35,69,44,1,0,0,0,0,0,1,1,0,0,0,0,0,0,0,0,0,0,0,0,0,0,0,0,0,0,0,0,0,0,0,0,0,0,0,0,06037543804
543903,2024,2,8,2,0,35,69,44,0,0,0,0,0,0,0,0,1,7,0,0,0,0,0,0,0,0,0,0,0,0,0,0,0,0,0,0,0,0,0,0,0,0,0,0,06037543903
543905,2024,2,8,2,0,35,69,44,1,0,0,0,0,0,1,0,2,1,0,0,0,0,0,0,0,0,0,0,0,0,0,0,0,0,0,0,0,0,0,0,0,0,0,0,06037543905
544001,2024,2,8,2,0,35,69,44,4,0,0,0,0,0,0,0,0,2,3,0,0,0,0,0,0,0,0,0,0,0,0,0,0,0,0,0,0,0,0,0,0,0,0,0,06037544001
544002,2024,2,8,2,0,35,69,44,0,0,0,0,0,0,0,0,0,6,0,0,0,0,0,0,0,0,0,0,0,0,0,0,0,0,0,0,0,0,0,0,0,0,0,0,06037544002
550101,2024,2,7,4,0,30,64,38,0,0,0,0,0,0,0,0,0,0,0,0,0,0,0,0,0,0,0,0,0,0,0,0,0,0,0,0,0,0,0,0,0,0,0,0,06037550101
550201,2024,2,7,4,0,30,64,38,0,0,0,0,0,0,2,2,0,0,0,0,0,0,0,0,0,0,0,0,0,0,0,0,0,0,0,0,0,0,0,0,0,0,0,0,06037550201
550202,2024,2,7,4,0,30,64,38,0,0,0,0,0,0,1,0,0,0,0,0,0,0,0,0,0,0,0,0,0,0,0,0,0,0,0,0,0,0,0,0,0,0,0,0,06037550202
550301,2024,2,7,4,0,30,64,38,7,0,0,0,0,0,1,0,0,2,1,0,0,0,0,0,0,0,0,0,0,0,0,0,0,0,0,0,0,0,0,0,0,0,0,0,06037550301
550501,2024,2,7,4,0,30,64,38,7,0,0,0,0,0,0,2,0,1,3,0,0,0,0,0,0,0,0,0,0,0,0,0,0,0,0,0,0,0,0,0,0,0,0,0,06037550501
550502,2024,2,7,4,0,30,64,38,2,0,0,0,0,0,0,0,0,0,0,0,0,0,0,0,0,0,0,0,0,0,0,0,0,0,0,0,0,0,0,0,0,0,0,0,06037550502
550601,2024,2,7,4,0,30,64,38,2,0,0,0,0,0,0,0,3,0,1,0,0,0,0,0,0,0,0,0,0,0,0,0,0,0,0,0,0,0,0,0,0,0,0,0,06037550601
550602,2024,2,7,4,0,30,64,38,0,0,0,0,0,0,0,0,0,0,0,0,0,0,0,0,0,0,0,0,0,0,0,0,0,0,0,0,0,0,0,0,0,0,0,0,06037550602
550700,2024,2,7,4,0,30,64,38,1,0,0,0,0,0,0,0,0,0,6,0,0,0,0,0,0,0,0,0,0,0,0,0,0,0,0,0,0,0,0,0,0,0,0,0,06037550700
550801,2024,2,7,4,0,30,64,42,0,0,0,0,0,0,2,0,0,0,0,0,0,0,0,0,0,0,0,0,0,0,0,0,0,0,0,0,0,0,0,0,0,0,0,0,06037550801
550802,2024,2,7,4,0,30,64,42,0,0,0,0,0,0,0,0,0,0,0,0,0,0,0,0,0,0,0,0,0,0,0,0,0,0,0,0,0,0,0,0,0,0,0,0,06037550802
550901,2024,2,7,4,0,30,64,42,1,0,0,0,0,0,0,0,0,0,0,0,0,0,0,0,0,0,0,0,0,0,0,0,0,0,0,0,0,0,0,0,0,0,0,0,06037550901
550902,2024,2,7,4,0,30,64,42,2,0,0,0,0,0,1,3,0,0,0,0,0,0,0,0,0,0,0,0,0,0,0,0,0,0,0,0,0,0,0,0,0,0,0,0,06037550902
551001,2024,2,7,4,0,30,64,42,6,0,0,0,0,0,0,1,0,0,1,0,0,0,0,0,0,0,0,0,0,0,0,0,0,0,0,0,0,0,0,0,0,0,0,0,06037551001
551002,2024,2,7,4,0,30,64,42,0,0,0,0,0,0,0,0,0,0,0,0,0,0,0,0,0,0,0,0,0,0,0,0,0,0,0,0,0,0,0,0,0,0,0,0,06037551002
551101,2024,2,7,4,0,30,64,42,15,0,0,0,0,0,8,1,4,0,0,0,0,0,0,0,0,0,0,0,0,0,0,0,0,0,0,0,0,0,0,0,0,0,0,0,06037551101
551102,2024,2,7,4,0,30,64,42,9,0,0,0,0,0,0,1,0,2,3,0,0,0,0,0,0,0,0,0,0,0,0,0,0,0,0,0,0,0,0,0,0,0,0,0,06037551102
551201,2024,2,7,4,0,30,64,42,4,0,0,0,0,0,2,1,1,0,0,0,0,0,0,0,0,0,0,0,0,0,0,0,0,0,0,0,0,0,0,0,0,0,0,0,06037551201
551203,2024,2,7,4,0,30,64,42,1,0,0,0,0,0,0,0,0,0,0,0,0,0,0,0,0,0,0,0,0,0,0,0,0,0,0,0,0,0,0,0,0,0,0,0,06037551203
551204,2024,2,7,4,0,30,64,42,3,0,0,0,0,0,0,0,0,0,0,0,0,0,0,0,0,0,0,0,0,0,0,0,0,0,0,0,0,0,0,0,0,0,0,0,06037551204
551300,2024,2,7,4,0,30,64,42,1,0,0,0,0,0,0,0,1,0,0,0,0,0,0,0,0,0,0,0,0,0,0,0,0,0,0,0,0,0,0,0,0,0,0,0,06037551300
551401,2024,2,7,4,0,30,64,42,1,0,0,0,0,0,0,0,0,0,1,0,0,0,0,0,0,0,0,0,0,0,0,0,0,0,0,0,0,0,0,0,0,0,0,0,06037551401
551402,2024,2,7,4,0,30,64,42,3,0,0,0,0,0,0,0,0,0,0,0,0,0,0,0,0,0,0,0,0,0,0,0,0,0,0,0,0,0,0,0,0,0,0,0,06037551402
551501,2024,2,7,4,0,30,64,42,0,0,0,0,0,0,0,1,1,0,0,0,0,0,0,0,0,0,0,0,0,0,0,0,0,0,0,0,0,0,0,0,0,0,0,0,06037551501
551502,2024,2,7,4,0,30,64,42,6,0,0,0,0,0,0,0,0,0,2,0,0,0,0,0,0,0,0,0,0,0,0,0,0,0,0,0,0,0,0,0,0,0,0,0,06037551502
551700,2024,2,7,4,0,30,64,42,4,0,0,0,0,0,0,1,0,0,1,0,0,0,0,0,0,0,0,0,0,0,0,0,0,0,0,0,0,0,0,0,0,0,0,0,06037551700
551801,2024,2,7,4,0,30,64,42,2,0,0,0,0,0,0,0,2,0,1,0,0,0,0,0,0,0,0,0,0,0,0,0,0,0,0,0,0,0,0,0,0,0,0,0,06037551801
551802,2024,2,7,4,0,30,64,42,9,0,0,0,0,0,0,0,0,8,24,0,0,0,0,0,0,0,0,0,0,0,0,0,0,0,0,0,0,0,0,0,0,0,0,0,06037551802
551900,2024,2,7,4,0,30,64,38,14,0,0,0,0,0,0,0,0,3,8,0,0,0,0,0,0,0,0,0,0,0,0,0,0,0,0,0,0,0,0,0,0,0,0,0,06037551900
552001,2024,2,7,4,0,30,64,38,0,0,0,0,0,0,0,0,0,0,0,0,0,0,0,0,0,0,0,0,0,0,0,0,0,0,0,0,0,0,0,0,0,0,0,0,06037552001
552002,2024,2,7,4,0,30,64,38,11,0,0,0,0,0,0,0,0,2,10,0,0,0,0,0,0,0,0,0,0,0,0,0,0,0,0,0,0,0,0,0,0,0,0,0,06037552002
552100,2024,2,7,4,0,30,64,38,22,0,0,0,0,0,2,2,1,0,0,0,0,0,0,0,0,0,0,0,0,0,0,0,0,0,0,0,0,0,0,0,0,0,0,0,06037552100
552200,2024,2,7,4,0,30,64,38,36,0,0,0,0,0,1,3,0,0,3,0,0,0,0,0,0,0,0,0,0,5,0,0,0,0,0,0,0,0,0,0,0,5,0,5,06037552200
552301,2024,2,7,4,0,30,64,38,4,0,0,0,0,0,0,0,0,0,0,0,0,0,0,0,0,0,0,0,0,0,0,0,0,0,0,0,0,0,0,0,0,0,0,0,06037552301
552302,2024,2,7,4,0,30,64,38,4,0,0,0,0,0,2,1,0,0,0,0,0,0,0,0,0,0,0,0,0,0,0,0,0,0,0,0,0,0,0,0,0,0,0,0,06037552302
552400,2024,2,7,4,0,30,64,38,4,0,0,0,0,0,1,0,0,0,1,0,0,0,0,0,0,0,0,0,0,0,0,0,0,0,0,0,0,0,0,0,0,0,0,0,06037552400
552601,2024,2,7,4,0,30,64,38,4,0,0,0,0,0,0,0,1,0,0,0,0,0,0,0,0,0,0,0,0,0,0,0,0,0,0,0,0,0,0,0,0,0,0,0,06037552601
552602,2024,2,7,4,0,30,64,38,5,0,0,0,0,0,2,0,1,0,0,0,0,0,0,0,0,0,0,0,0,0,0,0,0,0,0,0,0,0,0,0,0,0,0,0,06037552602
552700,2024,2,7,4,0,30,64,38,1,0,0,0,0,0,0,0,0,0,0,0,0,0,0,0,0,0,0,0,0,0,0,0,0,0,0,0,0,0,0,0,0,0,0,0,06037552700
552800,2024,2,7,4,0,30,64,38,4,0,0,0,0,0,0,0,0,0,9,0,0,0,0,0,0,0,0,0,0,0,0,0,0,0,0,0,0,0,0,0,0,0,0,0,06037552800
552900,2024,2,7,4,0,30,64,38,4,0,0,0,0,0,2,1,0,0,0,0,0,0,20,0,0,0,0,0,0,0,0,0,0,0,0,0,0,0,0,0,20,0,0,20,06037552900
553000,2024,2,7,4,0,30,64,38,12,0,0,0,0,0,0,0,0,0,8,29,0,0,0,0,0,0,0,0,0,0,0,0,0,0,0,0,0,0,0,0,29,0,0,29,06037553000
553100,2024,2,7,4,0,30,62,42,17,0,0,0,0,0,1,2,0,1,10,0,0,0,0,0,0,0,3,0,0,18,0,0,0,0,0,0,0,0,0,0,0,21,0,21,06037553100
553201,2024,2,7,4,0,30,62,42,4,0,0,0,0,0,2,0,1,0,0,0,0,0,0,0,0,0,0,0,0,0,0,0,0,0,0,0,0,0,0,0,0,0,0,0,06037553201
553202,2024,2,7,4,0,30,62,42,6,0,0,0,0,0,3,2,0,3,1,0,0,0,0,0,0,0,0,0,0,0,0,0,0,0,0,0,0,0,0,0,0,0,0,0,06037553202
553300,2024,2,7,4,0,30,62,42,8,0,0,0,0,0,0,2,0,0,0,0,0,0,0,0,0,0,0,0,0,0,0,0,0,0,0,0,0,0,0,0,0,0,0,0,06037553300
553400,2024,2,7,4,0,30,64,42,1,0,0,0,0,0,0,0,0,0,1,0,0,0,0,0,0,0,0,0,0,0,0,0,0,0,0,0,0,0,0,0,0,0,0,0,06037553400
553502,2024,2,6,4,0,33,62,44,0,0,0,0,0,0,0,0,0,0,0,0,0,0,0,0,0,0,0,0,0,0,0,0,0,0,0,0,0,0,0,0,0,0,0,0,06037553502
553503,2024,2,6,4,0,33,62,44,1,0,0,0,0,0,0,0,0,0,2,0,0,0,0,0,0,0,0,0,0,0,0,0,0,0,0,0,0,0,0,0,0,0,0,0,06037553503
553504,2024,2,6,4,0,33,62,44,0,0,0,0,0,0,0,0,0,0,0,0,0,0,0,0,0,0,0,0,0,0,0,0,0,0,0,0,0,0,0,0,0,0,0,0,06037553504
553601,2024,2,6,4,0,33,62,44,4,0,0,0,0,0,0,0,0,1,0,0,0,0,0,0,0,0,0,0,0,0,0,0,0,0,0,0,0,0,0,0,0,0,0,0,06037553601
553602,2024,2,6,4,0,33,62,44,0,0,0,0,0,0,0,0,0,0,0,0,0,0,0,0,0,0,0,0,0,0,0,0,0,0,0,0,0,0,0,0,0,0,0,0,06037553602
553701,2024,2,6,4,0,33,62,44,4,0,0,0,0,0,0,0,0,3,2,0,0,0,0,0,0,0,0,0,0,0,0,0,0,0,0,0,0,0,0,0,0,0,0,0,06037553701
553702,2024,2,6,4,0,33,62,44,10,0,0,0,0,0,0,0,0,2,5,0,0,0,0,0,0,0,0,0,0,0,0,0,0,0,0,0,0,0,0,0,0,0,0,0,06037553702
553801,2024,2,6,4,0,33,62,44,0,0,0,0,0,0,0,0,0,0,0,0,0,0,0,0,0,0,0,0,0,0,0,0,0,0,0,0,0,0,0,0,0,0,0,0,06037553801
553802,2024,2,6,4,0,33,62,44,3,0,0,0,0,0,0,0,0,4,0,0,0,0,0,0,0,0,0,0,0,0,0,0,0,0,0,0,0,0,0,0,0,0,0,0,06037553802
553901,2024,2,6,4,0,33,62,44,0,0,0,0,0,0,0,0,0,1,0,0,0,0,0,0,0,0,0,0,0,0,0,0,0,0,0,0,0,0,0,0,0,0,0,0,06037553901
553902,2024,2,6,4,0,33,62,44,0,0,0,0,0,0,0,0,0,0,0,0,0,0,0,0,0,0,0,0,0,0,0,0,0,0,0,0,0,0,0,0,0,0,0,0,06037553902
554001,2024,2,7,4,0,30,62,42,8,0,0,0,0,0,2,2,0,0,0,0,0,0,0,0,0,0,0,0,0,0,0,0,0,0,0,0,0,0,0,0,0,0,0,0,06037554001
554002,2024,2,7,4,0,30,62,42,4,0,0,0,0,0,1,0,0,0,0,0,0,0,0,0,0,0,0,0,0,0,0,0,0,0,0,0,0,0,0,0,0,0,0,0,06037554002
554101,2024,2,7,4,0,30,62,42,7,0,0,0,0,0,0,0,0,0,0,0,0,0,0,0,0,0,0,0,0,0,0,0,0,0,0,0,0,0,0,0,0,0,0,0,06037554101
554105,2024,2,7,4,0,30,62,42,3,0,0,0,0,0,1,0,0,1,0,0,0,0,0,0,0,0,0,0,0,0,0,0,0,0,0,0,0,0,0,0,0,0,0,0,06037554105
554106,2024,2,7,4,0,30,62,42,4,0,0,0,0,0,0,0,0,0,0,0,0,0,0,0,0,0,0,0,0,0,0,0,0,0,0,0,0,0,0,0,0,0,0,0,06037554106
554201,2024,2,7,4,0,30,62,42,5,0,0,0,0,0,1,0,1,0,0,0,0,0,0,0,0,0,0,0,0,0,0,0,0,0,0,0,0,0,0,0,0,0,0,0,06037554201
554203,2024,2,7,4,0,30,62,42,7,0,0,0,0,0,0,0,0,0,0,0,0,0,0,0,0,0,0,0,0,0,0,0,0,0,0,0,0,0,0,0,0,0,0,0,06037554203
554204,2024,2,7,4,0,30,62,42,0,0,0,0,0,0,0,0,0,0,0,0,0,0,0,0,0,0,0,0,0,0,0,0,0,0,0,0,0,0,0,0,0,0,0,0,06037554204
554301,2024,2,7,4,0,30,62,44,0,0,0,0,0,0,0,0,0,6,0,0,0,0,0,0,0,0,0,0,0,0,0,0,0,0,0,0,0,0,0,0,0,0,0,0,06037554301
554302,2024,2,7,4,0,30,62,44,11,0,0,0,0,0,3,0,0,1,0,44,0,0,2,0,0,0,0,0,0,0,0,0,0,0,0,0,0,0,0,0,46,0,0,46,06037554302
554403,2024,2,7,4,0,30,62,44,8,0,0,0,0,0,7,2,2,0,5,0,0,0,0,0,0,0,0,0,0,0,0,0,0,0,0,0,0,0,0,0,0,0,0,0,06037554403
554404,2024,2,7,4,0,30,62,42,22,0,0,0,0,0,0,1,0,4,4,0,0,0,0,0,0,0,0,0,0,0,0,0,0,0,0,0,0,0,0,0,0,0,0,0,06037554404
554405,2024,2,7,4,0,30,62,42,5,0,0,0,0,0,0,3,0,0,0,0,0,0,0,0,0,0,0,0,0,0,0,0,0,0,0,0,0,0,0,0,0,0,0,0,06037554405
554406,2024,2,7,4,0,30,62,42,16,0,0,0,0,0,0,0,0,0,10,0,0,0,0,0,0,0,0,0,0,0,0,0,0,0,0,0,0,0,0,0,0,0,0,0,06037554406
554511,2024,2,7,4,0,36,67,45,5,0,0,0,0,0,4,2,9,0,4,0,0,0,0,0,0,0,0,0,0,0,0,0,0,0,0,0,0,0,0,0,0,0,0,0,06037554511
554512,2024,2,7,4,0,36,67,45,0,0,0,0,0,0,3,0,1,1,0,0,0,0,0,0,0,0,0,0,0,0,0,0,0,0,0,0,0,0,0,0,0,0,0,0,06037554512
554513,2024,2,7,4,0,36,67,45,0,0,0,0,0,0,0,0,0,0,0,0,0,0,0,0,0,0,0,0,0,0,0,0,0,0,0,0,0,0,0,0,0,0,0,0,06037554513
554514,2024,2,7,4,0,36,67,45,9,0,0,0,0,0,0,1,0,1,5,0,0,0,0,0,0,0,0,0,0,0,0,0,0,0,0,0,0,0,0,0,0,0,0,0,06037554514
554515,2024,2,7,4,0,36,67,45,0,0,0,0,0,0,0,0,0,0,0,0,0,0,0,0,0,0,0,0,0,0,0,0,0,0,0,0,0,0,0,0,0,0,0,0,06037554515
554516,2024,2,7,4,0,36,67,45,0,0,0,0,0,0,0,0,0,0,0,0,0,0,0,0,0,0,0,0,0,0,0,0,0,0,0,0,0,0,0,0,0,0,0,0,06037554516
554517,2024,2,7,4,0,36,67,45,0,0,0,0,0,0,0,0,0,0,0,0,0,0,0,0,0,0,0,0,0,0,0,0,0,0,0,0,0,0,0,0,0,0,0,0,06037554517
554518,2024,2,7,4,0,36,67,45,4,0,0,0,0,0,0,0,0,0,3,0,0,0,0,0,0,0,0,0,0,0,0,0,0,0,0,0,0,0,0,0,0,0,0,0,06037554518
554519,2024,2,7,4,0,36,67,45,6,0,0,0,0,0,0,2,1,4,5,0,0,0,0,0,0,0,0,0,0,0,0,0,0,0,0,0,0,0,0,0,0,0,0,0,06037554519
554521,2024,2,7,4,0,36,67,45,20,0,0,0,0,0,4,0,0,2,12,0,0,0,0,0,0,0,0,0,0,0,0,0,0,0,0,0,0,0,0,0,0,0,0,0,06037554521
554522,2024,2,7,4,0,36,67,45,3,0,0,0,0,0,2,0,0,0,2,0,0,0,0,0,0,0,0,0,0,0,0,0,0,0,0,0,0,0,0,0,0,0,0,0,06037554522
554600,2024,2,7,4,0,30,64,45,0,0,0,0,0,0,0,0,0,0,0,0,0,0,0,0,0,0,0,0,0,0,0,0,0,0,0,0,0,0,0,0,0,0,0,0,06037554600
554700,2024,2,7,4,0,30,64,38,6,0,0,0,0,0,4,0,0,0,0,0,0,0,0,0,0,0,0,0,0,0,0,0,0,0,0,0,0,0,0,0,0,0,0,0,06037554700
554801,2024,2,7,4,0,36,67,45,14,0,0,0,0,0,0,0,0,0,4,0,0,0,0,0,0,0,0,0,0,0,0,0,0,0,0,0,0,0,0,0,0,0,0,0,06037554801
554802,2024,2,7,4,0,36,67,45,0,0,0,0,0,0,0,1,0,0,0,0,0,0,0,0,0,0,0,0,0,0,0,0,0,0,0,0,0,0,0,0,0,0,0,0,06037554802
554900,2024,2,7,4,0,36,67,45,2,0,0,0,0,0,1,0,0,0,1,0,0,0,0,0,0,0,0,0,0,0,0,0,0,0,0,0,0,0,0,0,0,0,0,0,06037554900
555001,2024,2,7,4,0,33,62,42,1,0,0,0,0,0,0,0,0,0,0,0,0,0,0,0,0,0,0,0,0,0,0,0,0,0,0,0,0,0,0,0,0,0,0,0,06037555001
555002,2024,2,7,4,0,33,62,42,1,0,0,0,0,0,0,0,0,1,0,0,0,0,0,0,0,0,0,0,0,0,0,0,0,0,0,0,0,0,0,0,0,0,0,0,06037555002
555105,2024,2,7,4,0,33,62,42,2,0,0,0,0,0,1,0,0,1,0,0,0,0,0,0,0,0,0,0,0,0,0,0,0,0,0,0,0,0,0,0,0,0,0,0,06037555105
555106,2024,2,7,4,0,36,67,45,4,0,0,0,0,0,5,6,2,0,0,0,0,0,0,0,0,0,0,0,0,0,0,0,0,0,0,0,0,0,0,0,0,0,0,0,06037555106
555107,2024,2,7,4,0,33,62,42,17,0,0,0,0,0,0,0,0,4,7,0,0,0,0,0,0,0,0,0,0,0,0,0,0,0,0,0,0,0,0,0,0,0,0,0,06037555107
555211,2024,2,7,4,0,36,67,45,3,0,0,0,0,0,8,6,0,0,1,0,0,0,0,0,0,0,0,0,0,0,0,0,0,0,0,0,0,0,0,0,0,0,0,0,06037555211
555212,2024,2,7,4,0,36,67,45,7,0,0,0,0,0,0,3,0,0,3,0,0,0,0,0,0,0,0,0,0,0,0,0,0,0,0,0,0,0,0,0,0,0,0,0,06037555212
555300,2024,2,7,4,0,30,64,38,6,0,0,0,0,0,4,1,0,0,0,0,0,0,0,0,0,0,0,0,0,0,0,0,0,0,0,0,0,0,0,0,0,0,0,0,06037555300
570001,2024,2,7,4,0,33,62,42,0,0,0,0,0,0,1,0,0,0,0,0,0,0,0,0,0,0,0,0,0,0,0,0,0,0,0,0,0,0,0,0,0,0,0,0,06037570001
570002,2024,2,7,4,0,33,62,44,0,0,0,0,0,0,0,0,0,0,0,0,0,0,0,0,0,0,0,0,0,0,0,0,0,0,0,0,0,0,0,0,0,0,0,0,06037570002
570003,2024,2,7,4,0,33,62,44,2,0,0,0,0,0,4,0,1,0,1,0,0,0,0,0,0,0,0,0,0,0,0,0,0,0,0,0,0,0,0,0,0,0,0,0,06037570003
570701,2024,2,7,4,0,33,62,44,0,0,0,0,0,0,0,0,0,0,0,0,0,0,0,0,0,0,0,0,0,0,0,0,0,0,0,0,0,0,0,0,0,0,0,0,06037570701
570703,2024,2,7,4,0,33,62,44,0,0,0,0,0,0,0,0,0,0,0,0,0,0,0,0,0,0,0,0,0,0,0,0,0,0,0,0,0,0,0,0,0,0,0,0,06037570703
570800,2024,2,7,4,0,33,62,44,7,0,0,0,0,0,0,1,0,0,0,0,0,0,0,0,0,0,0,0,0,0,0,0,0,0,0,0,0,0,0,0,0,0,0,0,06037570800
570901,2024,2,7,4,0,33,62,42,1,0,0,0,0,0,0,0,0,0,0,0,0,0,0,0,0,0,0,0,0,0,0,0,0,0,0,0,0,0,0,0,0,0,0,0,06037570901
570902,2024,2,7,4,0,33,62,42,2,0,0,0,0,0,0,0,1,0,0,0,0,0,0,0,0,0,0,0,0,0,0,0,0,0,0,0,0,0,0,0,0,0,0,0,06037570902
571000,2024,2,7,4,0,33,62,42,1,0,0,0,0,0,0,0,0,4,0,0,0,0,0,0,0,0,0,0,0,0,0,0,0,0,0,0,0,0,0,0,0,0,0,0,06037571000
571101,2024,2,7,4,0,33,62,42,2,0,0,0,0,0,0,0,1,0,0,0,0,0,0,0,0,0,0,0,0,0,0,0,0,0,0,0,0,0,0,0,0,0,0,0,06037571101
571102,2024,2,7,4,0,33,62,42,0,0,0,0,0,0,0,2,0,0,0,0,0,0,0,0,0,0,0,0,0,0,0,0,0,0,0,0,0,0,0,0,0,0,0,0,06037571102
571300,2024,2,7,4,0,33,62,44,0,0,0,0,0,0,0,0,0,0,0,0,0,0,0,0,0,0,0,0,0,0,0,0,0,0,0,0,0,0,0,0,0,0,0,0,06037571300
571400,2024,2,7,4,0,33,62,44,0,0,0,0,0,0,0,0,0,0,0,0,0,0,0,0,0,0,0,0,0,0,0,0,0,0,0,0,0,0,0,0,0,0,0,0,06037571400
572001,2024,2,7,4,0,33,62,44,0,0,0,0,0,0,0,0,0,0,0,0,0,0,0,0,0,0,0,0,0,0,0,0,0,0,0,0,0,0,0,0,0,0,0,0,06037572001
573401,2024,2,7,4,0,33,69,42,5,0,0,0,0,0,2,0,0,8,2,0,0,0,0,0,0,0,0,0,0,0,0,0,0,0,0,0,0,0,0,0,0,0,0,0,06037573401
573402,2024,2,7,4,0,33,69,42,19,0,0,0,0,0,5,4,0,1,4,9,0,0,0,0,0,0,0,0,0,0,0,0,0,0,0,0,0,0,0,0,9,0,0,9,06037573402
573403,2024,2,7,4,0,33,69,42,1,0,0,0,0,0,3,2,1,4,0,0,0,0,0,0,0,0,0,0,0,0,0,0,0,0,0,0,0,0,0,0,0,0,0,0,06037573403
573700,2024,2,8,4,0,33,69,42,0,0,0,0,0,0,0,0,0,4,0,101,0,0,2,0,0,0,0,0,0,0,0,0,0,0,0,0,0,0,0,0,103,0,0,103,06037573700
577800,2024,2,7,4,0,30,64,38,1,0,0,0,0,0,0,0,1,0,1,0,0,0,0,0,0,0,0,0,0,0,0,0,0,0,0,0,0,0,0,0,0,0,0,0,06037577800
599000,2024,2,8,4,0,33,69,42,0,0,0,0,0,0,0,0,0,0,0,0,0,0,0,0,0,0,0,0,0,0,0,0,0,0,0,0,0,0,0,0,0,0,0,0,06037599000
599100,2024,2,8,4,0,33,69,42,0,0,0,0,0,0,0,0,0,0,0,0,0,0,0,0,0,0,0,0,0,0,0,0,0,0,0,0,0,0,0,0,0,0,0,0,06037599100
600100,2024,2,8,2,0,35,61,43,4,0,0,0,0,0,2,2,13,7,0,0,0,0,0,0,0,0,0,0,0,0,0,0,0,0,0,0,0,0,0,0,0,0,0,0,06037600100
600201,2024,2,8,2,0,35,61,43,4,0,0,0,0,0,2,0,7,1,0,0,0,0,0,0,0,0,0,0,0,0,0,0,0,0,0,0,0,0,0,0,0,0,0,0,06037600201
600202,2024,2,8,2,0,35,61,43,1,0,0,0,0,0,1,2,6,0,0,0,0,0,0,0,0,0,0,0,0,0,0,0,0,0,0,0,0,0,0,0,0,0,0,0,06037600202
600302,2024,2,8,2,0,35,61,43,1,0,0,0,0,0,0,1,2,0,0,0,0,0,0,0,0,0,0,0,0,0,0,0,0,0,0,0,0,0,0,0,0,0,0,0,06037600302
600303,2024,2,8,2,0,35,61,43,3,0,0,0,0,0,0,0,0,0,0,0,0,0,0,0,0,0,0,0,0,0,0,0,0,0,0,0,0,0,0,0,0,0,0,0,06037600303
600304,2024,2,8,2,0,35,61,43,0,0,0,0,0,0,0,0,0,2,0,0,0,0,0,0,0,0,0,0,0,0,0,0,0,0,0,0,0,0,0,0,0,0,0,0,06037600304
600400,2024,2,8,2,0,35,61,43,2,0,0,0,0,0,0,1,1,0,0,0,0,0,0,0,0,0,1,0,0,7,0,0,0,0,0,0,0,0,0,0,0,8,0,8,06037600400
600501,2024,2,8,2,0,35,61,43,4,0,0,0,0,0,1,0,0,0,0,0,0,0,0,0,0,0,0,0,0,0,0,0,0,0,0,0,0,0,0,0,0,0,0,0,06037600501
600601,2024,2,8,2,0,35,61,43,1,0,0,0,0,0,1,0,0,0,0,0,0,0,0,0,0,0,0,0,0,0,0,0,0,0,0,0,0,0,0,0,0,0,0,0,06037600601
600602,2024,2,8,2,0,35,61,43,1,0,0,0,0,0,0,0,0,0,0,0,0,0,0,0,0,0,0,0,0,0,0,0,0,0,0,0,0,0,0,0,0,0,0,0,06037600602
600702,2024,2,8,2,0,35,61,43,8,0,0,0,0,0,1,3,0,0,0,0,0,0,0,0,0,0,0,0,0,0,0,0,0,0,0,0,0,0,0,0,0,0,0,0,06037600702
600703,2024,2,8,2,0,35,61,43,0,0,0,0,0,0,0,0,0,0,0,0,0,0,0,0,0,0,0,0,0,0,0,0,0,0,0,0,0,0,0,0,0,0,0,0,06037600703
600704,2024,2,8,2,0,35,61,43,2,0,0,0,0,0,1,0,0,0,0,0,0,0,0,0,0,0,0,0,0,0,0,0,0,0,0,0,0,0,0,0,0,0,0,0,06037600704
600801,2024,2,8,2,0,35,61,43,2,0,0,0,0,0,0,0,1,0,0,0,0,0,0,0,0,0,0,0,0,0,0,0,0,0,0,0,0,0,0,0,0,0,0,0,06037600801
600802,2024,2,8,2,0,35,61,43,0,0,0,0,0,0,0,0,0,0,1,0,0,0,0,0,0,0,0,0,0,0,0,0,0,0,0,0,0,0,0,0,0,0,0,0,06037600802
600902,2024,2,8,2,0,35,61,43,8,0,0,0,0,0,2,1,0,0,0,0,0,0,0,0,0,0,0,0,0,0,0,0,0,0,0,0,0,0,0,0,0,0,0,0,06037600902
600911,2024,2,8,2,0,35,61,43,0,0,0,0,0,0,0,0,0,0,0,0,0,0,0,0,0,0,0,0,0,0,0,0,0,0,0,0,0,0,0,0,0,0,0,0,06037600911
600912,2024,2,8,2,0,35,61,43,22,0,0,0,0,0,4,1,0,16,4,0,0,0,0,0,0,0,0,0,0,0,0,0,0,0,0,0,0,0,0,0,0,0,0,0,06037600912
601001,2024,2,8,2,0,35,61,43,10,0,0,0,0,0,1,2,0,0,0,0,0,0,0,0,0,0,0,0,0,0,0,0,0,0,0,0,0,0,0,0,0,0,0,0,06037601001
601002,2024,2,8,2,0,35,61,43,1,0,0,0,0,0,1,0,0,2,0,0,0,0,0,0,0,0,0,0,0,0,0,0,0,0,0,0,0,0,0,0,0,0,0,0,06037601002
601100,2024,2,8,2,0,35,61,43,6,0,0,0,0,0,0,0,0,0,3,0,0,0,0,0,0,0,0,0,0,0,0,0,0,0,0,0,0,0,0,0,0,0,0,0,06037601100
601202,2024,2,8,2,0,35,61,43,1,0,0,0,0,0,0,0,0,0,1,0,0,0,0,0,0,0,0,0,0,0,0,0,0,0,0,0,0,0,0,0,0,0,0,0,06037601202
601211,2024,2,8,2,0,35,61,43,0,0,0,0,0,0,0,0,0,0,0,0,0,0,0,0,0,0,0,0,0,0,0,0,0,0,0,0,0,0,0,0,0,0,0,0,06037601211
601212,2024,2,8,2,0,35,61,43,4,0,0,0,0,0,0,0,0,0,1,0,0,0,0,0,0,0,0,0,0,6,4,9,0,0,0,0,0,0,0,0,0,15,0,15,06037601212
601301,2024,2,8,2,0,35,61,43,1,0,0,0,0,0,0,0,0,0,0,0,0,0,0,0,0,0,0,0,0,0,0,0,0,0,0,0,0,0,0,0,0,0,0,0,06037601301
601302,2024,2,8,2,0,35,61,43,8,0,0,0,0,0,1,1,0,0,5,0,0,0,0,0,0,0,2,2,5,6,0,0,0,0,0,0,0,0,0,0,0,13,0,13,06037601302
601303,2024,2,8,2,0,35,61,43,2,0,0,0,0,0,1,0,0,0,0,0,0,0,0,0,0,0,0,0,0,0,0,0,0,0,0,0,0,0,0,0,0,0,0,0,06037601303
601401,2024,2,8,2,0,35,61,43,9,0,0,0,0,0,0,0,0,3,1,32,0,0,3,0,0,0,152,0,0,1,0,0,0,0,0,0,0,0,0,0,35,153,0,188,06037601401
601402,2024,2,8,2,0,35,61,43,17,0,0,0,0,0,0,0,0,15,0,0,0,0,0,0,0,0,0,0,0,0,0,0,0,0,0,0,0,0,0,0,0,0,0,0,06037601402
601501,2024,2,8,2,0,35,61,43,10,0,0,0,0,0,1,0,0,5,0,0,0,0,0,0,0,0,0,0,0,0,0,0,0,0,0,0,0,0,0,0,0,0,0,0,06037601501
601502,2024,2,8,2,0,35,61,43,0,0,0,0,0,0,0,0,0,0,0,0,0,0,0,0,0,0,0,0,0,0,0,0,0,0,0,0,0,0,0,0,0,0,0,0,06037601502
601600,2024,2,8,2,0,35,61,43,16,0,0,0,0,0,1,0,1,11,5,0,0,0,0,0,0,0,0,0,0,0,0,0,0,0,0,0,0,0,0,0,0,0,0,0,06037601600
601700,2024,2,8,2,0,35,61,43,22,0,0,0,0,0,2,4,1,9,16,0,0,0,0,0,0,0,0,0,0,0,0,0,0,0,0,0,0,0,0,0,0,0,0,0,06037601700
601801,2024,2,8,2,0,35,61,43,13,0,0,0,0,0,0,0,0,4,6,0,0,0,0,0,0,0,0,0,0,0,0,0,0,0,0,0,0,0,0,0,0,0,0,0,06037601801
601802,2024,2,8,2,0,35,61,43,8,0,0,0,0,0,1,0,0,0,1,0,0,0,0,0,0,0,0,0,0,0,0,0,0,0,0,0,0,0,0,0,0,0,0,0,06037601802
601900,2024,2,8,2,0,35,61,43,0,0,0,0,0,0,0,0,0,0,0,0,0,0,0,0,0,0,0,0,0,0,0,0,0,0,0,0,0,0,0,0,0,0,0,0,06037601900
602002,2024,2,8,2,0,35,61,43,14,0,0,0,0,0,0,0,0,12,6,0,0,0,0,0,0,0,0,0,0,0,0,0,0,0,0,0,0,0,0,0,0,0,0,0,06037602002
602003,2024,2,8,2,0,35,61,43,2,0,0,0,0,0,0,0,0,0,0,0,0,0,0,0,0,0,0,0,0,0,0,0,0,0,0,0,0,0,0,0,0,0,0,0,06037602003
602103,2024,2,8,2,0,35,61,43,14,0,0,0,0,0,1,0,0,2,0,38,0,0,1,0,0,0,0,0,0,0,0,0,0,0,0,0,0,0,0,0,39,0,0,39,06037602103
602104,2024,2,8,2,0,35,61,43,16,0,0,0,0,0,0,1,0,2,0,0,0,0,0,0,0,0,0,0,0,0,0,0,0,0,0,0,0,0,0,0,0,0,0,0,06037602104
602105,2024,2,8,2,0,35,61,43,3,0,0,0,0,0,1,1,0,0,0,0,0,0,0,0,0,0,0,0,0,8,0,0,0,0,0,0,0,0,0,0,0,8,0,8,06037602105
602106,2024,2,8,2,0,35,61,43,2,0,0,0,0,0,1,0,0,0,0,0,0,0,0,0,0,0,0,0,0,0,0,0,0,0,0,0,0,0,0,0,0,0,0,0,06037602106
602201,2024,2,8,2,0,35,61,43,0,0,0,0,0,0,0,1,3,0,0,0,0,0,0,0,0,0,0,0,0,0,0,0,0,0,0,0,0,0,0,0,0,0,0,0,06037602201
602202,2024,2,8,2,0,35,61,43,2,0,0,0,0,0,0,1,0,1,0,0,0,0,0,0,0,0,0,0,0,0,0,0,0,0,0,0,0,0,0,0,0,0,0,0,06037602202
602301,2024,2,8,2,0,35,61,43,2,0,0,0,0,0,0,0,0,2,0,0,0,0,0,0,0,0,0,0,0,0,0,0,0,0,0,0,0,0,0,0,0,0,0,0,06037602301
602302,2024,2,8,2,0,35,61,43,1,0,0,0,0,0,0,0,0,8,0,0,0,0,0,0,0,0,0,0,0,0,0,0,0,0,0,0,0,0,0,0,0,0,0,0,06037602302
602402,2024,2,8,2,0,35,61,43,5,0,0,0,0,0,8,3,0,0,0,0,0,0,0,0,0,0,0,0,0,0,0,0,0,0,0,0,0,0,0,0,0,0,0,0,06037602402
602403,2024,2,8,2,0,35,61,43,3,0,0,0,0,0,2,0,0,0,0,0,0,0,0,0,0,0,0,0,0,0,0,0,0,0,0,0,0,0,0,0,0,0,0,0,06037602403
602404,2024,2,8,2,0,35,61,43,5,0,0,0,0,0,0,0,1,0,0,11,0,0,0,0,0,0,0,0,0,0,0,0,0,0,0,0,0,0,0,0,11,0,0,11,06037602404
602504,2024,2,8,2,0,35,61,43,1,0,0,0,0,0,3,1,0,0,0,0,0,0,0,0,0,0,0,0,0,0,0,0,0,0,0,0,0,0,0,0,0,0,0,0,06037602504
602505,2024,2,8,2,0,35,61,43,2,0,0,0,0,0,0,0,0,0,0,0,0,0,0,0,0,0,0,0,0,0,0,0,0,0,0,0,0,0,0,0,0,0,0,0,06037602505
602506,2024,2,8,2,0,35,61,43,1,0,0,0,0,0,0,0,0,0,0,0,0,0,0,0,0,0,0,0,0,0,0,0,0,0,0,0,0,0,0,0,0,0,0,0,06037602506
602507,2024,2,8,2,0,35,61,43,4,0,0,0,0,0,0,0,0,0,0,0,0,0,0,0,0,0,0,0,0,0,0,0,0,0,0,0,0,0,0,0,0,0,0,0,06037602507
602510,2024,2,8,2,0,35,61,43,0,0,0,0,0,0,0,0,0,0,0,0,0,0,0,0,0,0,0,0,0,0,0,0,0,0,0,0,0,0,0,0,0,0,0,0,06037602510
602511,2024,2,8,2,0,35,61,43,2,0,0,0,0,0,0,0,0,0,0,0,0,0,0,0,0,0,0,0,0,0,0,0,0,0,0,0,0,0,0,0,0,0,0,0,06037602511
602512,2024,2,8,2,0,35,61,43,0,0,0,0,0,0,0,0,0,0,0,0,0,0,0,0,0,0,0,0,0,0,0,0,0,0,0,0,0,0,0,0,0,0,0,0,06037602512
602513,2024,2,8,2,0,35,61,43,16,0,0,0,0,0,8,0,0,5,5,11,0,0,0,0,0,0,0,0,0,0,0,0,0,0,0,0,0,0,0,0,11,0,0,11,06037602513
602601,2024,2,8,2,0,35,61,43,3,0,0,0,0,0,0,0,0,0,2,0,0,0,0,0,0,0,0,0,0,0,0,0,0,0,0,0,0,0,0,0,0,0,0,0,06037602601
602602,2024,2,8,2,0,35,61,43,4,0,0,0,0,0,1,0,0,0,0,0,0,0,0,0,0,0,0,0,0,0,0,0,0,0,0,0,0,0,0,0,0,0,0,0,06037602602
602700,2024,2,8,2,0,35,61,43,5,0,0,0,0,0,11,7,0,10,2,0,0,0,0,0,0,0,0,0,0,0,0,0,0,0,0,0,0,0,0,0,0,0,0,0,06037602700
602801,2024,2,8,2,0,35,61,43,4,0,0,0,0,0,1,1,13,0,2,143,0,0,6,0,0,0,0,0,0,0,0,0,0,0,0,0,0,0,0,0,149,0,0,149,06037602801
602802,2024,2,8,2,0,35,61,43,2,0,0,0,0,0,2,4,24,0,0,20,0,0,0,0,0,0,0,0,0,0,0,0,0,0,0,0,0,0,0,0,20,0,0,20,06037602802
602900,2024,2,8,2,0,35,61,43,2,0,0,0,0,0,1,2,3,0,0,0,0,0,0,0,0,0,0,0,0,0,0,0,0,0,0,0,0,0,0,0,0,0,0,0,06037602900
603004,2024,2,8,2,0,24,66,43,0,0,0,0,0,0,0,0,1,0,0,0,0,0,0,0,0,0,0,0,0,0,0,0,0,0,0,0,0,0,0,0,0,0,0,0,06037603004
603005,2024,2,8,2,0,24,66,43,2,0,0,0,0,0,0,0,0,0,0,0,0,0,0,0,0,0,0,0,0,0,0,0,0,0,0,0,0,0,0,0,0,0,0,0,06037603005
603006,2024,2,8,2,0,24,66,43,0,0,0,0,0,0,0,0,0,0,0,0,0,0,0,0,0,0,0,0,0,0,0,0,0,0,0,0,0,0,0,0,0,0,0,0,06037603006
603007,2024,2,8,2,0,35,61,43,3,0,0,0,0,0,1,0,0,0,0,0,0,0,0,0,0,0,0,0,0,0,0,0,0,0,0,0,0,0,0,0,0,0,0,0,06037603007
603008,2024,2,8,2,0,24,66,43,0,0,0,0,0,0,0,0,0,0,0,0,0,0,0,0,0,0,0,0,0,0,0,0,0,0,0,0,0,0,0,0,0,0,0,0,06037603008
603101,2024,2,8,2,0,24,66,43,2,0,0,0,0,0,0,0,0,0,1,0,0,0,0,0,0,0,0,0,0,0,0,0,0,0,0,0,0,0,0,0,0,0,0,0,06037603101
603102,2024,2,8,2,0,24,66,43,9,0,0,0,0,0,2,0,2,0,0,0,0,0,0,0,0,0,0,0,0,0,0,0,0,0,0,0,0,0,0,0,0,0,0,0,06037603102
603200,2024,2,8,2,0,24,66,43,1,0,0,0,0,0,0,0,0,0,0,0,0,0,0,0,0,0,0,0,0,0,0,0,0,0,0,0,0,0,0,0,0,0,0,0,06037603200
603301,2024,2,8,2,0,24,66,43,3,0,0,0,0,0,1,0,1,0,0,0,0,0,0,0,0,0,0,0,0,0,0,0,0,0,0,0,0,0,0,0,0,0,0,0,06037603301
603302,2024,2,8,2,0,24,66,43,2,0,0,0,0,0,0,0,4,0,0,0,0,0,0,0,0,0,0,0,0,0,0,0,0,0,0,0,0,0,0,0,0,0,0,0,06037603302
603400,2024,2,8,2,0,24,66,43,3,0,0,0,0,0,3,0,1,0,3,0,0,0,0,0,0,0,0,0,0,0,0,0,0,0,0,0,0,0,0,0,0,0,0,0,06037603400
603500,2024,2,8,2,0,24,66,43,2,0,0,0,0,0,0,0,0,0,0,0,0,0,0,0,0,0,0,0,0,0,0,0,0,0,0,0,0,0,0,0,0,0,0,0,06037603500
603600,2024,2,8,2,0,24,66,43,2,0,0,0,0,0,0,2,0,0,0,0,0,0,0,0,0,0,0,0,0,0,0,0,0,0,0,0,0,0,0,0,0,0,0,0,06037603600
603702,2024,2,8,2,0,35,61,43,4,0,0,0,0,0,1,6,3,1,0,0,0,0,0,0,0,0,0,0,0,0,0,0,0,0,0,0,0,0,0,0,0,0,0,0,06037603702
603703,2024,2,8,2,0,35,61,43,2,0,0,0,0,0,0,0,0,0,0,0,0,0,0,0,0,0,0,0,0,0,0,0,0,0,0,0,0,0,0,0,0,0,0,0,06037603703
603705,2024,2,8,2,0,35,61,43,3,0,0,0,0,0,0,0,0,0,0,0,0,0,0,0,0,0,0,0,0,0,0,0,0,0,0,0,0,0,0,0,0,0,0,0,06037603705
603706,2024,2,8,2,0,24,66,43,0,0,0,0,0,0,0,0,0,5,0,0,0,0,0,0,0,0,0,0,0,0,0,0,0,0,0,0,0,0,0,0,0,0,0,0,06037603706
603801,2024,2,8,2,0,35,61,43,3,0,0,0,0,0,0,0,0,0,0,0,0,0,0,0,0,0,8,0,0,0,0,0,0,0,0,0,0,0,0,0,0,8,0,8,06037603801
603802,2024,2,8,2,0,35,61,43,5,0,0,0,0,0,0,1,0,0,0,0,0,0,0,0,0,0,0,0,0,0,0,0,0,0,0,0,0,0,0,0,0,0,0,0,06037603802
603901,2024,2,8,2,0,35,61,43,0,0,0,0,0,0,0,0,0,0,0,0,0,0,0,0,0,0,0,0,0,0,0,0,0,0,0,0,0,0,0,0,0,0,0,0,06037603901
603902,2024,2,8,2,0,35,61,43,2,0,0,0,0,0,1,0,0,3,0,0,0,0,0,0,0,0,0,0,0,0,0,0,0,0,0,0,0,0,0,0,0,0,0,0,06037603902
604001,2024,2,8,2,0,35,61,43,2,0,0,0,0,0,0,0,1,4,0,0,0,0,0,0,0,0,0,0,0,0,0,0,0,0,0,0,0,0,0,0,0,0,0,0,06037604001
604002,2024,2,8,2,0,35,61,43,3,0,0,0,0,0,0,0,0,0,0,0,0,0,0,0,0,0,0,0,0,0,0,0,0,0,0,0,0,0,0,0,0,0,0,0,06037604002
604101,2024,2,8,2,0,35,61,43,0,0,0,0,0,0,0,0,0,0,0,0,0,0,0,0,0,0,0,0,0,0,0,0,0,0,0,0,0,0,0,0,0,0,0,0,06037604101
604102,2024,2,8,2,0,35,61,43,3,0,0,0,0,0,0,0,0,3,1,0,0,0,0,0,0,0,0,0,0,0,0,0,0,0,0,0,0,0,0,0,0,0,0,0,06037604102
604200,2024,2,8,2,0,35,61,43,0,0,0,0,0,0,0,4,0,0,0,8,0,0,0,0,0,0,0,0,0,0,0,0,0,0,0,0,0,0,0,0,8,0,0,8,06037604200
609900,2024,1,8,4,15,35,66,44,0,0,0,0,0,0,0,0,0,0,0,0,0,0,0,0,0,0,0,0,0,0,0,0,0,0,0,0,0,0,0,0,0,0,0,0,06037609900
620001,2024,2,8,2,0,24,66,36,1,0,0,0,0,0,7,4,2,0,0,0,0,0,0,0,0,0,0,0,0,0,0,0,0,0,0,0,0,0,0,0,0,0,0,0,06037620001
620002,2024,2,8,2,0,24,66,36,1,0,0,0,0,0,1,6,1,0,0,0,0,0,0,0,0,0,0,0,0,0,0,0,0,0,0,0,0,0,0,0,0,0,0,0,06037620002
620101,2024,2,8,2,0,24,66,36,1,0,0,0,0,0,1,0,0,0,0,0,0,0,0,0,0,0,0,0,0,0,0,0,0,0,0,0,0,0,0,0,0,0,0,0,06037620101
620102,2024,2,8,2,0,24,66,36,0,0,0,0,0,0,0,0,0,0,0,0,0,0,0,0,0,0,0,0,0,0,0,0,0,0,0,0,0,0,0,0,0,0,0,0,06037620102
620201,2024,2,8,2,0,24,66,36,2,0,0,0,0,0,0,0,0,0,0,0,0,0,0,0,0,0,0,0,0,0,0,0,0,0,0,0,0,0,0,0,0,0,0,0,06037620201
620301,2024,2,8,2,0,24,66,36,0,0,0,0,0,0,0,0,0,0,0,0,0,0,0,0,0,0,0,0,0,0,0,0,0,0,0,0,0,0,0,0,0,0,0,0,06037620301
620303,2024,2,8,2,0,24,66,36,0,0,0,0,0,0,0,0,0,0,0,0,0,0,0,0,0,0,0,0,0,0,0,0,0,0,0,0,0,0,0,0,0,0,0,0,06037620303
620305,2024,2,8,2,0,24,66,36,0,0,0,0,0,0,0,0,0,0,0,0,0,0,0,0,0,0,0,0,0,0,0,0,0,0,0,0,0,0,0,0,0,0,0,0,06037620305
620400,2024,2,8,2,0,24,66,36,0,0,0,0,0,0,1,0,0,0,0,0,0,0,0,0,0,0,0,0,0,0,0,0,0,0,0,0,0,0,0,0,0,0,0,0,06037620400
620501,2024,2,8,2,0,24,66,36,8,0,0,0,0,0,1,1,4,5,0,0,0,0,0,0,0,0,0,0,0,0,0,0,0,0,0,0,0,0,0,0,0,0,0,0,06037620501
620521,2024,2,8,2,0,24,66,36,0,0,0,0,0,0,0,0,0,0,0,0,0,0,0,0,0,0,0,0,0,0,0,0,0,0,0,0,0,0,0,0,0,0,0,0,06037620521
620522,2024,2,8,2,0,24,66,36,0,0,0,0,0,0,0,0,1,0,0,0,0,0,0,0,0,0,0,0,0,0,0,0,0,0,0,0,0,0,0,0,0,0,0,0,06037620522
620601,2024,2,8,2,0,24,66,36,1,0,0,0,0,0,9,5,0,0,0,20,0,0,0,0,0,0,0,0,0,0,0,0,0,0,0,0,0,0,0,0,20,0,0,20,06037620601
620602,2024,2,8,2,0,24,66,36,0,0,0,0,0,0,0,0,0,0,0,0,0,0,0,0,0,0,0,0,0,0,0,0,0,0,0,0,0,0,0,0,0,0,0,0,06037620602
620701,2024,2,8,2,0,24,66,36,0,0,0,0,0,0,0,3,0,0,0,0,0,0,0,0,0,0,0,0,0,0,0,0,0,0,0,0,0,0,0,0,0,0,0,0,06037620701
620703,2024,2,8,2,0,24,66,36,0,0,0,0,0,0,0,0,0,0,0,0,0,0,0,0,0,0,0,0,0,0,0,0,0,0,0,0,0,0,0,0,0,0,0,0,06037620703
620704,2024,2,8,2,0,24,66,36,0,0,0,0,0,0,2,2,0,0,0,0,0,0,0,0,0,0,0,0,0,0,0,0,0,0,0,0,0,0,0,0,0,0,0,0,06037620704
620801,2024,2,8,2,0,24,66,36,0,0,0,0,0,0,1,0,0,0,0,0,0,0,0,0,0,0,0,0,0,0,0,0,0,0,0,0,0,0,0,0,0,0,0,0,06037620801
620802,2024,2,8,2,0,24,66,36,0,0,0,0,0,0,0,0,0,0,0,0,0,0,0,0,0,0,0,0,0,0,0,0,0,0,0,0,0,0,0,0,0,0,0,0,06037620802
620901,2024,2,8,2,0,24,66,36,0,0,0,0,0,0,0,0,0,0,0,0,0,0,0,0,0,0,0,0,0,0,0,0,0,0,0,0,0,0,0,0,0,0,0,0,06037620901
620904,2024,2,8,2,0,24,66,36,0,0,0,0,0,0,0,0,0,0,0,0,0,0,0,0,0,0,0,0,0,0,0,0,0,0,0,0,0,0,0,0,0,0,0,0,06037620904
621001,2024,2,8,2,0,24,66,36,0,0,0,0,0,0,0,0,0,0,0,0,0,0,0,0,0,0,0,0,0,0,0,0,0,0,0,0,0,0,0,0,0,0,0,0,06037621001
621005,2024,2,8,2,0,24,66,36,4,0,0,0,0,0,0,0,1,0,0,0,0,0,0,0,0,0,0,0,0,0,0,0,0,0,0,0,0,0,0,0,0,0,0,0,06037621005
621102,2024,2,8,2,0,24,66,36,0,0,0,0,0,0,0,0,0,0,0,0,0,0,0,0,0,0,0,0,0,0,0,0,0,0,0,0,0,0,0,0,0,0,0,0,06037621102
621104,2024,2,8,2,0,24,66,36,2,0,0,0,0,0,1,0,0,0,0,0,0,0,0,0,0,0,0,0,0,0,0,0,0,0,0,0,0,0,0,0,0,0,0,0,06037621104
621201,2024,2,8,2,0,24,66,36,0,0,0,0,0,0,0,0,0,0,0,0,0,0,0,0,0,0,0,0,0,0,0,0,0,0,0,0,0,0,0,0,0,0,0,0,06037621201
621204,2024,2,8,2,0,24,66,36,4,0,0,0,0,0,1,3,0,2,0,0,0,0,0,0,0,0,0,0,0,0,0,0,0,0,0,0,0,0,0,0,0,0,0,0,06037621204
621301,2024,2,8,2,0,24,66,36,1,0,0,0,0,0,1,12,0,0,0,0,0,0,0,0,0,0,0,0,0,0,0,0,0,0,0,0,0,0,0,0,0,0,0,0,06037621301
621324,2024,2,8,2,0,24,66,36,4,0,0,0,0,0,0,0,1,0,0,0,0,0,0,0,0,0,0,0,0,0,0,0,0,0,0,0,0,0,0,0,0,0,0,0,06037621324
621326,2024,2,8,2,0,24,66,36,0,0,0,0,0,0,0,0,1,0,0,0,0,0,0,0,0,0,0,0,0,0,0,0,0,0,0,0,0,0,0,0,0,0,0,0,06037621326
621400,2024,2,8,2,0,24,66,36,0,0,0,0,0,0,0,0,0,0,0,0,0,0,0,0,0,0,0,0,0,0,0,0,0,0,0,0,0,0,0,0,0,0,0,0,06037621400
650001,2024,2,8,4,0,24,66,43,0,0,0,0,0,0,5,6,0,0,0,0,0,0,0,0,0,0,0,0,0,0,0,0,0,0,0,0,0,0,0,0,0,0,0,0,06037650001
650003,2024,2,8,4,0,24,66,43,0,0,0,0,0,0,0,0,0,0,0,0,0,0,0,0,0,0,0,0,0,0,0,0,0,0,0,0,0,0,0,0,0,0,0,0,06037650003
650004,2024,2,8,4,0,24,66,43,0,0,0,0,0,0,4,6,0,0,0,0,0,0,0,0,0,0,0,0,0,0,0,0,0,0,0,0,0,0,0,0,0,0,0,0,06037650004
650101,2024,2,8,4,0,24,66,43,0,0,0,0,0,0,1,0,0,0,0,0,0,0,0,0,0,0,0,0,0,0,0,0,0,0,0,0,0,0,0,0,0,0,0,0,06037650101
650102,2024,2,8,4,0,24,66,43,1,0,0,0,0,0,0,0,0,0,0,0,0,0,0,0,0,0,0,0,0,0,0,0,0,0,0,0,0,0,0,0,0,0,0,0,06037650102
650200,2024,2,8,4,0,24,66,43,0,0,0,0,0,0,0,2,0,8,0,0,0,0,0,0,0,0,0,0,0,0,0,0,0,0,0,0,0,0,0,0,0,0,0,0,06037650200
650300,2024,2,8,4,0,24,66,36,4,0,0,0,0,0,6,2,0,0,0,0,0,0,0,0,0,0,0,0,0,0,0,0,0,0,0,0,0,0,0,0,0,0,0,0,06037650300
650401,2024,2,8,4,0,24,66,43,5,0,0,0,0,0,7,4,1,0,0,35,0,0,1,0,0,0,1,8,30,0,0,0,3,0,0,0,0,0,0,0,36,34,0,70,06037650401
650501,2024,2,8,4,0,24,66,36,1,0,0,0,0,0,4,0,0,0,0,0,0,0,0,0,0,0,0,0,0,0,0,0,0,0,0,0,0,0,0,0,0,0,0,0,06037650501
650502,2024,2,8,4,0,24,66,36,5,0,0,0,0,0,0,0,0,0,1,0,0,0,0,0,0,0,0,0,0,0,0,0,0,0,0,0,0,0,0,0,0,0,0,0,06037650502
650603,2024,2,8,4,0,24,66,36,0,0,0,0,0,0,0,1,0,0,0,0,0,0,0,0,0,0,0,0,0,0,0,0,0,0,0,0,0,0,0,0,0,0,0,0,06037650603
650604,2024,2,8,4,0,24,66,43,0,0,0,0,0,0,0,0,0,0,0,0,0,0,0,0,0,0,0,0,0,0,0,0,0,0,0,0,0,0,0,0,0,0,0,0,06037650604
650605,2024,2,8,4,0,24,66,43,0,0,0,0,0,0,1,5,0,0,0,0,0,0,0,0,0,0,0,0,0,0,0,0,0,0,0,0,0,0,0,0,0,0,0,0,06037650605
650606,2024,2,8,4,0,24,66,36,5,0,0,0,0,0,1,0,1,1,0,0,0,0,0,0,0,0,0,0,0,0,0,0,0,0,0,0,0,0,0,0,0,0,0,0,06037650606
650607,2024,2,8,4,0,24,66,36,0,0,0,0,0,0,2,0,1,0,0,0,0,0,0,0,0,0,0,0,0,0,0,0,0,0,0,0,0,0,0,0,0,0,0,0,06037650607
650701,2024,2,8,4,0,24,66,36,4,0,0,0,0,0,2,3,0,1,0,0,0,0,0,0,0,0,0,0,0,0,0,0,0,0,0,0,0,0,0,0,0,0,0,0,06037650701
650702,2024,2,8,4,0,24,66,36,0,0,0,0,0,0,0,0,0,0,0,0,0,0,0,0,0,0,0,0,0,0,0,0,0,0,0,0,0,0,0,0,0,0,0,0,06037650702
650801,2024,2,8,4,0,24,66,43,2,0,0,0,0,0,0,0,0,1,0,0,0,0,0,0,0,0,0,0,0,0,0,0,0,0,0,0,0,0,0,0,0,0,0,0,06037650801
650802,2024,2,8,4,0,24,66,43,1,0,0,0,0,0,1,0,0,0,1,0,0,0,0,0,0,0,0,0,0,0,0,0,0,0,0,0,0,0,0,0,0,0,0,0,06037650802
650901,2024,2,8,4,0,24,66,43,0,0,0,0,0,0,1,3,3,0,4,0,0,0,0,0,0,0,0,0,0,0,0,0,0,0,0,0,0,0,0,0,0,0,0,0,06037650901
650903,2024,2,8,4,0,24,66,43,0,0,0,0,0,0,1,0,0,0,0,21,0,0,0,0,0,0,0,0,0,0,0,0,0,0,0,0,0,0,0,0,21,0,0,21,06037650903
650904,2024,2,8,4,0,24,66,43,0,0,0,0,0,0,3,1,0,3,0,0,0,0,0,0,0,0,0,0,0,0,0,0,0,0,0,0,0,0,0,0,0,0,0,0,06037650904
651001,2024,2,8,4,0,24,66,36,0,0,0,0,0,0,0,0,0,1,0,19,0,0,0,0,0,0,0,0,0,0,0,0,0,0,0,0,0,0,0,0,19,0,0,19,06037651001
651002,2024,2,8,4,0,24,66,36,1,0,0,0,0,0,0,0,0,0,0,0,0,0,0,0,0,0,0,0,0,0,0,0,0,0,0,0,0,0,0,0,0,0,0,0,06037651002
651101,2024,2,8,4,0,24,66,36,2,1,4,0,0,0,3,0,0,1,1,0,0,0,0,0,0,0,0,0,0,0,0,0,0,0,0,0,0,0,0,0,0,0,0,0,06037651101
651102,2024,2,8,4,0,24,66,36,1,0,0,0,0,0,0,0,0,0,0,0,0,0,0,0,0,0,0,0,0,0,0,0,0,0,0,0,0,0,0,0,0,0,0,0,06037651102
651201,2024,2,8,4,0,24,66,36,0,0,0,0,0,0,0,0,0,0,1,0,0,0,0,0,0,0,0,0,0,0,0,0,0,0,0,0,0,0,0,0,0,0,0,0,06037651201
651221,2024,2,8,4,0,24,66,36,0,0,0,0,0,0,3,1,0,0,0,0,0,0,0,0,0,0,0,0,0,0,0,0,0,0,0,0,0,0,0,0,0,0,0,0,06037651221
651222,2024,2,8,4,0,24,66,36,2,0,0,0,0,0,3,0,0,0,1,0,0,0,0,0,0,0,0,0,0,0,0,0,0,0,0,0,0,0,0,0,0,0,0,0,06037651222
651302,2024,2,8,4,0,24,66,36,0,0,0,0,0,0,0,0,0,0,0,0,0,0,0,0,0,0,0,0,0,0,0,0,0,0,0,0,0,0,0,0,0,0,0,0,06037651302
651304,2024,2,8,4,0,24,66,36,0,0,0,0,0,0,0,0,0,0,0,0,0,0,0,0,0,0,0,0,0,0,0,0,0,0,0,0,0,0,0,0,0,0,0,0,06037651304
651401,2024,2,8,4,0,24,66,36,0,0,0,0,0,0,0,0,0,0,0,0,0,0,0,0,0,0,0,0,0,0,0,0,0,0,0,0,0,0,0,0,0,0,0,0,06037651401
651402,2024,2,8,4,0,24,66,36,0,0,0,0,0,0,2,0,0,0,0,0,0,0,0,0,0,0,0,0,0,0,0,0,0,0,0,0,0,0,0,0,0,0,0,0,06037651402
670001,2024,2,8,4,0,24,66,36,4,0,0,0,0,0,0,0,0,0,0,0,0,0,0,0,0,0,0,0,0,0,0,0,0,0,0,0,0,0,0,0,0,0,0,0,06037670001
670002,2024,2,8,4,0,24,66,36,2,0,0,0,0,0,0,1,2,0,0,0,0,0,0,0,0,0,0,0,0,0,0,0,0,0,0,0,0,0,0,0,0,0,0,0,06037670002
670003,2024,2,8,4,0,24,66,36,0,0,0,0,0,0,0,0,3,0,0,0,0,0,0,0,0,0,0,0,0,0,0,0,0,0,0,0,0,0,0,0,0,0,0,0,06037670003
670101,2024,2,8,4,0,24,66,36,0,0,0,0,0,0,0,1,0,0,0,0,0,0,0,0,0,0,0,0,0,0,0,0,0,0,0,0,0,0,0,0,0,0,0,0,06037670101
670102,2024,2,8,4,0,24,66,36,0,0,0,0,0,0,0,0,0,0,0,0,0,0,0,0,0,0,0,0,0,0,0,0,0,0,0,0,0,0,0,0,0,0,0,0,06037670102
670201,2024,2,8,4,0,24,66,36,0,0,0,0,0,0,0,0,0,0,0,0,0,0,0,0,0,0,0,0,0,0,0,0,0,0,0,0,0,0,0,0,0,0,0,0,06037670201
670202,2024,2,8,4,0,24,66,36,0,0,0,0,0,0,1,0,0,0,0,0,0,0,0,0,0,0,0,0,0,0,0,0,0,0,0,0,0,0,0,0,0,0,0,0,06037670202
670324,2024,2,8,4,0,24,66,36,0,0,0,0,0,0,0,0,0,0,0,0,0,0,0,0,0,0,0,0,0,0,0,0,0,0,0,0,0,0,0,0,0,0,0,0,06037670324
670326,2024,2,8,4,0,24,66,36,0,0,0,0,0,0,0,0,0,0,0,0,0,0,0,0,0,0,0,0,0,0,0,0,0,0,0,0,0,0,0,0,0,0,0,0,06037670326
670328,2024,2,8,4,0,24,66,36,0,0,0,0,0,0,0,0,0,0,0,0,0,0,0,0,0,0,0,0,0,0,0,0,0,0,0,0,0,0,0,0,0,0,0,0,06037670328
670405,2024,2,8,4,0,24,66,36,0,0,0,0,0,0,0,0,0,0,0,0,0,0,0,0,0,0,0,0,0,0,0,0,0,0,0,0,0,0,0,0,0,0,0,0,06037670405
670406,2024,2,8,4,0,24,66,36,0,0,0,0,0,0,0,0,0,0,0,0,0,0,0,0,0,0,0,0,0,0,0,0,0,0,0,0,0,0,0,0,0,0,0,0,06037670406
670407,2024,2,8,4,0,24,66,36,0,0,0,0,0,0,0,0,1,0,0,0,0,0,0,0,0,0,0,0,0,0,0,0,0,0,0,0,0,0,0,0,0,0,0,0,06037670407
670413,2024,2,8,4,0,24,66,36,0,0,0,0,0,0,0,0,0,0,0,0,0,0,0,0,0,0,0,0,0,0,0,0,0,0,0,0,0,0,0,0,0,0,0,0,06037670413
670416,2024,2,8,4,0,24,66,36,0,0,0,0,0,0,0,0,0,0,0,0,0,0,0,0,0,0,0,0,0,0,0,0,0,0,0,0,0,0,0,0,0,0,0,0,06037670416
670417,2024,2,8,4,0,24,66,36,0,0,0,0,0,0,0,0,0,0,0,0,0,0,0,0,0,0,0,0,0,0,0,0,0,0,0,0,0,0,0,0,0,0,0,0,06037670417
670418,2024,2,8,4,0,24,66,36,0,0,0,0,0,0,0,0,0,0,0,0,0,0,0,0,0,0,0,0,0,0,0,0,0,0,0,0,0,0,0,0,0,0,0,0,06037670418
670500,2024,2,8,4,0,24,66,36,0,0,0,0,0,0,0,0,0,0,0,0,0,0,0,0,0,0,0,0,0,0,0,0,0,0,0,0,0,0,0,0,0,0,0,0,06037670500
670603,2024,2,8,4,0,24,66,36,0,0,0,0,0,0,0,0,0,0,0,0,0,0,0,0,0,0,0,0,0,0,0,0,0,0,0,0,0,0,0,0,0,0,0,0,06037670603
670604,2024,2,8,4,0,24,66,36,1,0,0,0,0,0,0,0,0,0,0,0,0,0,0,0,0,0,0,0,0,0,0,0,0,0,0,0,0,0,0,0,0,0,0,0,06037670604
670701,2024,2,8,4,0,24,66,36,1,0,0,0,0,0,0,0,0,0,0,0,0,0,0,0,0,0,0,0,0,0,0,0,0,0,0,0,0,0,0,0,0,0,0,0,06037670701
670702,2024,2,8,4,0,24,66,36,0,0,0,0,0,0,0,0,0,0,0,0,0,0,0,0,0,0,0,0,0,0,0,0,0,0,0,0,0,0,0,0,0,0,0,0,06037670702
700101,2024,2,4,3,0,24,51,30,20,0,0,0,0,0,1,1,0,0,0,0,0,0,0,0,0,0,0,0,0,0,0,0,0,0,0,0,0,0,0,0,0,0,0,0,06037700101
700102,2024,2,4,3,0,24,51,30,10,0,0,0,0,0,3,0,2,0,0,0,0,0,0,0,0,0,0,0,0,0,0,0,0,0,0,0,0,0,0,0,0,0,0,0,06037700102
700200,2024,2,4,3,0,24,51,30,11,0,0,0,0,0,0,0,0,0,1,0,0,0,0,0,0,0,0,0,0,0,0,0,0,0,0,0,0,0,0,0,0,0,0,0,06037700200
700300,2024,2,4,3,0,24,51,30,7,0,0,0,0,0,0,0,0,0,1,0,0,0,0,0,0,0,0,0,0,0,0,0,0,0,0,0,0,0,0,0,0,0,0,0,06037700300
700400,2024,2,4,3,0,24,51,30,11,0,0,0,0,0,0,0,0,0,0,0,0,0,0,0,0,0,0,0,0,0,0,0,0,0,0,0,0,0,0,0,0,0,0,0,06037700400
700501,2024,2,4,3,0,24,51,30,3,0,0,0,0,0,0,0,0,0,0,0,0,0,0,0,0,0,0,0,0,0,0,0,0,0,0,0,0,0,0,0,0,0,0,0,06037700501
700502,2024,2,4,3,0,24,51,30,5,0,0,0,0,0,0,0,0,0,0,0,0,0,0,0,0,0,0,0,0,0,0,0,0,0,0,0,0,0,0,0,0,0,0,0,06037700502
700600,2024,2,5,3,0,24,51,36,0,0,0,0,0,0,0,0,0,0,0,0,0,0,0,0,0,0,0,0,0,0,0,0,0,0,0,0,0,0,0,0,0,0,0,0,06037700600
700700,2024,2,5,3,0,24,51,36,10,0,0,0,0,0,0,0,0,0,0,0,0,0,0,0,0,0,0,0,0,0,0,0,0,0,0,0,0,0,0,0,0,0,0,0,06037700700
700801,2024,2,5,3,0,24,51,36,8,0,0,0,0,0,0,0,0,0,0,0,0,0,0,0,0,0,0,0,0,0,0,0,0,0,0,0,0,0,0,0,0,0,0,0,06037700801
700802,2024,2,5,3,0,24,51,36,0,0,0,0,0,0,0,0,0,0,0,0,0,0,0,0,0,0,0,0,0,0,0,0,0,0,0,0,0,0,0,0,0,0,0,0,06037700802
700901,2024,2,5,3,0,24,51,36,2,0,0,0,0,0,0,0,0,0,0,0,0,0,0,0,0,0,0,0,0,0,0,0,0,0,0,0,0,0,0,0,0,0,0,0,06037700901
700902,2024,2,5,3,0,24,51,36,2,0,0,0,0,0,0,0,0,0,0,0,0,0,0,0,0,0,0,0,0,0,0,0,0,0,0,0,0,0,0,0,0,0,0,0,06037700902
701000,2024,2,5,3,0,24,51,36,3,0,0,0,0,0,0,0,0,0,0,0,0,0,0,0,0,0,0,0,0,0,0,0,0,0,0,0,0,0,0,0,0,0,0,0,06037701000
701201,2024,2,5,3,0,24,51,36,3,0,0,0,0,0,0,1,1,0,0,0,0,0,0,0,0,0,0,0,0,0,0,0,0,0,0,0,0,0,0,0,0,0,0,0,06037701201
701202,2024,2,5,3,0,24,51,36,0,0,0,0,0,0,0,0,0,0,0,0,0,0,0,0,0,0,0,0,0,0,0,0,0,0,0,0,0,0,0,0,0,0,0,0,06037701202
701302,2024,2,5,3,0,24,51,36,0,0,0,0,0,0,0,0,0,0,0,0,0,0,0,0,0,0,0,0,0,0,0,0,0,0,0,0,0,0,0,0,0,0,0,0,06037701302
701304,2024,2,5,3,0,24,51,36,19,0,0,0,0,0,1,0,0,1,0,0,0,0,0,0,0,0,0,0,0,0,0,0,0,0,0,0,0,0,0,0,0,0,0,0,06037701304
701402,2024,2,5,3,0,24,51,36,21,0,0,0,0,0,3,7,0,2,0,0,0,0,0,0,0,0,0,0,0,0,0,0,0,0,0,0,0,0,0,0,0,0,0,0,06037701402
701501,2024,2,5,3,0,24,51,36,9,0,0,0,0,0,0,1,0,0,0,0,0,0,0,0,0,0,0,19,68,0,1,2,0,0,0,0,0,0,0,0,0,70,0,70,06037701501
701502,2024,2,5,3,0,24,51,36,25,0,0,0,0,0,1,2,0,0,2,0,0,0,0,0,0,0,0,0,0,0,0,0,0,0,0,0,0,0,0,0,0,0,0,0,06037701502
701601,2024,2,5,3,0,24,51,36,7,0,0,0,0,0,0,0,0,0,0,0,0,0,0,0,0,0,0,0,0,0,0,0,0,0,0,0,0,0,0,0,0,0,0,0,06037701601
701602,2024,2,5,3,0,24,51,36,19,0,0,0,0,0,1,3,1,2,4,0,0,0,0,0,0,0,0,0,0,0,0,0,0,0,0,0,0,0,0,0,0,0,0,0,06037701602
701701,2024,2,5,3,0,24,51,36,0,0,0,0,0,0,0,0,0,0,0,0,0,0,0,0,0,0,0,0,0,0,0,0,0,0,0,0,0,0,0,0,0,0,0,0,06037701701
701702,2024,2,5,3,0,24,51,36,43,0,0,0,0,0,0,0,0,0,1,37,0,0,1,0,0,0,0,0,0,0,0,0,0,0,0,0,0,0,0,0,38,0,0,38,06037701702
701801,2024,2,5,3,0,24,51,36,16,0,0,0,0,0,5,2,0,1,3,14,0,0,0,0,0,0,0,0,0,0,0,0,0,20,0,0,0,0,0,0,14,0,20,34,06037701801
701802,2024,2,5,3,0,24,51,36,34,0,0,0,0,0,1,2,1,2,20,0,0,0,0,0,0,0,0,0,0,0,0,0,0,0,0,0,0,0,0,0,0,0,0,0,06037701802
701902,2024,2,5,3,0,24,51,36,202,0,0,0,0,0,0,0,0,7,2,30,0,0,0,0,0,1,0,0,0,0,0,0,0,0,0,0,0,0,0,0,31,0,0,31,06037701902
702002,2024,2,5,3,0,24,51,36,43,0,0,0,0,0,1,8,5,5,4,0,0,0,0,0,0,0,0,0,0,0,0,0,0,0,0,0,0,0,0,0,0,0,0,0,06037702002
702102,2024,2,5,3,0,24,51,36,26,0,0,0,0,0,1,1,0,0,3,0,0,0,0,0,0,0,0,0,0,0,0,0,0,0,0,0,0,0,0,0,0,0,0,0,06037702102
702201,2024,2,5,3,0,24,51,36,5,0,0,0,0,0,6,1,0,1,1,0,0,0,0,0,0,0,0,0,0,0,0,0,0,0,0,0,0,0,0,0,0,0,0,0,06037702201
702202,2024,2,5,3,0,24,51,36,5,0,0,0,0,0,2,3,0,0,0,0,0,0,0,0,0,0,0,0,0,0,0,0,0,0,0,0,0,0,0,0,0,0,0,0,06037702202
702300,2024,2,5,3,0,24,51,36,2,0,0,0,0,0,0,0,0,0,0,0,0,0,0,0,0,0,0,0,0,0,0,0,0,0,0,0,0,0,0,0,0,0,0,0,06037702300
702400,2024,2,5,2,0,28,55,37,17,0,0,0,0,0,0,0,0,4,10,0,0,0,0,0,0,0,0,0,0,0,0,0,0,0,0,0,0,0,0,0,0,0,0,0,06037702400
702501,2024,2,5,2,0,28,55,37,1,0,0,0,0,0,0,0,0,0,0,0,0,0,0,0,0,0,0,0,0,0,0,0,0,0,0,0,0,0,0,0,0,0,0,0,06037702501
702502,2024,2,5,2,0,28,55,37,10,0,0,0,0,0,3,1,1,4,0,0,0,0,0,0,0,0,0,0,0,0,0,0,0,0,0,0,0,0,0,0,0,0,0,0,06037702502
702600,2024,2,5,2,0,28,55,36,10,0,0,0,0,0,11,3,1,1,1,0,0,0,0,0,0,0,0,0,0,0,0,0,0,0,0,0,0,0,0,0,0,0,0,0,06037702600
702700,2024,2,5,2,0,28,55,37,5,0,0,0,0,0,19,3,0,0,0,0,0,0,0,0,0,0,0,0,0,0,0,0,0,0,0,0,0,0,0,0,0,0,0,0,06037702700
702801,2024,2,5,2,0,28,55,37,7,0,0,0,0,0,5,1,0,0,0,0,12,30,0,3,7,1,0,0,0,0,0,0,0,0,0,0,0,0,0,0,38,0,0,38,06037702801
702802,2024,2,5,2,0,28,55,36,2,0,0,0,0,0,0,0,0,0,1,0,0,0,0,0,0,0,0,0,0,0,0,0,0,0,0,0,0,0,0,0,0,0,0,0,06037702802
702803,2024,2,5,2,0,28,55,36,4,0,0,0,0,0,1,0,0,1,0,0,0,0,0,0,0,0,0,0,0,0,0,0,0,0,0,0,0,0,0,0,0,0,0,0,06037702803
702900,2024,1,5,2,11,24,61,36,7,0,0,0,0,0,0,0,0,0,0,0,0,0,0,0,0,0,0,0,0,0,0,0,0,0,0,0,0,0,0,0,0,0,0,0,06037702900
703002,2024,2,5,2,0,35,61,43,1,0,0,0,0,0,1,0,0,0,0,0,0,0,0,0,0,0,0,0,0,0,0,0,0,0,0,0,0,0,0,0,0,0,0,0,06037703002
703003,2024,2,5,2,0,28,55,36,3,0,0,0,0,0,1,0,3,1,2,0,0,0,0,0,0,0,0,0,0,0,0,0,0,0,0,0,0,0,0,0,0,0,0,0,06037703003
703100,2024,2,6,2,0,28,55,37,5,0,0,0,0,0,9,6,1,1,0,0,0,0,0,0,0,0,0,0,0,0,0,0,0,0,0,0,0,0,0,0,0,0,0,0,06037703100
703200,2024,2,6,2,0,28,55,37,3,0,0,0,0,0,0,0,0,0,0,0,0,0,0,0,0,0,0,0,0,0,0,0,0,0,0,0,0,0,0,0,0,0,0,0,06037703200
800101,2024,2,2,3,0,24,42,26,0,0,0,0,0,0,0,3,1,0,0,0,0,0,0,0,0,0,0,0,0,0,0,0,0,0,0,0,0,0,0,0,0,0,0,0,06037800101
800103,2024,2,2,3,0,24,42,26,0,0,0,0,0,0,0,0,0,0,0,0,0,0,0,0,0,0,0,0,0,0,0,0,0,0,0,0,0,0,0,0,0,0,0,0,06037800103
800104,2024,2,2,3,0,24,42,32,0,0,0,0,0,0,0,0,0,0,0,0,0,0,0,0,0,0,0,0,0,0,0,0,0,0,0,0,0,0,0,0,0,0,0,0,06037800104
800202,2024,2,2,3,0,24,42,32,1,0,0,0,0,0,0,1,0,0,0,0,0,0,0,0,0,0,0,0,0,0,0,0,0,0,0,0,0,0,0,0,0,0,0,0,06037800202
800204,2024,2,2,3,0,24,42,26,1,0,0,0,0,0,1,0,0,1,0,0,0,0,0,0,0,0,0,0,0,0,0,0,0,0,0,0,0,0,0,0,0,0,0,0,06037800204
800205,2024,2,2,3,0,24,42,26,0,0,0,0,0,0,0,0,0,0,0,0,0,0,0,0,0,0,0,0,0,0,0,0,0,0,0,0,0,0,0,0,0,0,0,0,06037800205
800206,2024,2,2,3,0,24,42,32,0,0,0,0,0,0,0,0,0,0,0,0,0,0,0,0,0,0,0,0,0,0,0,0,0,0,0,0,0,0,0,0,0,0,0,0,06037800206
800324,2024,2,2,3,0,24,42,26,4,0,0,0,0,0,1,0,0,0,0,0,0,0,0,0,0,0,0,0,0,0,0,0,0,0,0,0,0,0,0,0,0,0,0,0,06037800324
800325,2024,2,2,3,0,24,42,26,0,0,0,0,0,0,0,0,0,0,0,0,0,0,0,0,0,0,0,0,0,0,0,0,0,0,0,0,0,0,0,0,0,0,0,0,06037800325
800328,2024,2,2,3,0,24,42,26,0,0,0,0,0,0,0,0,0,0,0,0,0,0,0,0,0,0,0,0,0,0,0,0,0,0,0,0,0,0,0,0,0,0,0,0,06037800328
800333,2024,2,2,3,0,24,42,26,7,0,0,0,0,0,1,0,0,1,1,0,0,0,0,0,0,0,0,0,0,0,0,0,0,0,0,0,0,0,0,0,0,0,0,0,06037800333
800334,2024,2,2,3,0,24,42,26,0,0,0,0,0,0,0,0,0,0,0,0,0,0,0,0,0,0,0,0,0,0,0,0,0,0,0,0,0,0,0,0,0,0,0,0,06037800334
800335,2024,2,2,3,0,24,42,32,1,0,0,0,0,0,0,0,1,0,2,0,0,0,0,0,0,0,0,0,0,0,0,0,0,0,0,0,0,0,0,0,0,0,0,0,06037800335
800336,2024,2,2,3,0,24,42,26,1,0,0,0,0,0,0,0,0,3,0,0,0,0,0,0,0,0,0,0,0,0,0,0,0,0,0,0,0,0,0,0,0,0,0,0,06037800336
800337,2024,2,2,3,0,24,42,26,0,0,0,0,0,0,7,1,0,0,0,0,0,0,0,0,0,0,0,0,0,0,0,0,0,0,0,0,0,0,0,0,0,0,0,0,06037800337
800338,2024,2,2,3,0,24,42,26,0,0,0,0,0,0,0,0,0,0,0,0,0,0,0,0,0,0,0,0,0,0,0,0,0,0,0,0,0,0,0,0,0,0,0,0,06037800338
800406,2024,2,5,3,0,24,42,32,0,0,0,0,0,0,0,3,1,0,0,0,0,0,0,0,0,0,0,0,0,0,0,0,0,0,0,0,0,0,0,0,0,0,0,0,06037800406
800410,2024,2,5,3,0,24,42,32,0,0,0,0,0,0,2,2,1,0,0,0,0,0,0,0,0,0,0,0,0,0,0,0,0,0,0,0,0,0,0,0,0,0,0,0,06037800410
800411,2024,2,5,3,0,24,42,32,18,0,0,0,0,0,4,2,1,3,3,0,0,0,0,0,0,0,0,0,0,0,0,0,0,0,0,0,0,0,0,0,0,0,0,0,06037800411
800412,2024,2,5,3,0,24,42,32,0,0,0,0,0,0,2,3,0,1,0,0,0,0,0,0,0,0,0,0,0,0,0,0,0,0,0,0,0,0,0,0,0,0,0,0,06037800412
800504,2024,2,5,3,0,24,42,32,12,0,0,0,0,0,6,0,0,3,1,0,0,0,0,0,0,0,0,0,0,0,0,0,0,0,0,0,0,0,0,0,0,0,0,0,06037800504
800506,2024,2,5,3,0,24,42,32,13,0,0,0,0,0,11,12,4,4,3,0,0,0,0,0,0,0,0,0,0,0,0,0,0,0,0,0,0,0,0,0,0,0,0,0,06037800506
900102,2024,2,1,5,0,23,39,23,0,0,0,0,0,0,12,9,56,0,17,0,0,0,0,0,0,0,0,0,0,0,0,0,0,0,0,0,0,0,0,0,0,0,0,0,06037900102
900103,2024,2,1,5,0,23,39,23,0,0,0,0,0,0,7,12,26,0,2,0,0,0,0,0,0,0,0,0,0,0,0,0,0,0,0,0,0,0,0,0,0,0,0,0,06037900103
900104,2024,2,1,5,0,23,39,23,0,0,0,0,0,0,7,1,14,0,1,0,0,0,0,0,0,0,0,0,0,0,0,0,0,0,0,0,0,0,0,0,0,0,0,0,06037900104
900301,2024,2,1,5,0,23,39,27,17,0,0,0,0,0,3,2,8,7,3,0,0,0,0,0,0,0,0,0,0,0,0,0,0,0,0,0,0,0,0,0,0,0,0,0,06037900301
900501,2024,2,1,5,0,23,39,27,8,0,0,0,0,0,0,0,0,8,0,1,0,0,3,0,0,0,0,0,0,0,0,0,0,0,0,0,0,0,0,0,4,0,0,4,06037900501
900504,2024,2,1,5,0,23,39,27,4,0,0,0,0,0,4,1,7,4,0,0,0,0,0,0,0,0,0,0,0,4,0,0,0,0,0,0,0,0,0,0,0,4,0,4,06037900504
900505,2024,2,1,5,0,23,39,27,1,0,0,0,0,0,0,0,0,1,0,0,0,0,0,0,0,0,0,0,0,0,0,0,0,0,0,0,0,0,0,0,0,0,0,0,06037900505
900506,2024,2,1,5,0,23,39,27,0,0,0,0,0,0,0,0,0,0,0,0,0,0,0,0,0,0,0,0,0,0,0,0,0,0,0,0,0,0,0,0,0,0,0,0,06037900506
900508,2024,2,1,5,0,23,39,27,0,0,0,0,0,0,0,1,14,0,0,0,0,0,0,0,0,0,0,0,0,0,0,0,0,0,0,0,0,0,0,0,0,0,0,0,06037900508
900509,2024,2,1,5,0,23,39,27,0,0,0,0,0,0,0,0,4,1,1,0,0,0,0,0,0,0,1,0,0,2,0,0,0,0,0,0,0,0,0,0,0,3,0,3,06037900509
900510,2024,2,1,5,0,23,39,27,1,0,0,0,0,0,0,0,1,0,0,0,0,0,0,0,0,0,0,0,0,0,0,0,0,0,0,0,0,0,0,0,0,0,0,0,06037900510
900602,2024,2,1,5,0,23,39,27,1,0,0,0,0,0,5,0,15,7,28,0,0,0,0,0,0,0,0,0,0,0,0,0,0,0,0,0,0,0,0,0,0,0,0,0,06037900602
900606,2024,2,1,5,0,23,39,27,14,0,0,0,0,0,14,4,6,4,11,0,0,0,0,0,0,0,0,0,0,3,0,0,0,0,0,0,0,0,0,0,0,3,0,3,06037900606
900607,2024,2,1,5,0,23,39,27,4,0,0,0,0,0,14,11,17,0,0,0,0,0,0,0,0,0,0,0,0,0,0,0,0,0,0,0,0,0,0,0,0,0,0,0,06037900607
900608,2024,2,1,5,0,23,39,27,1,0,0,0,0,0,3,1,29,0,0,0,0,0,0,0,0,0,0,0,0,0,0,0,0,0,0,0,0,0,0,0,0,0,0,0,06037900608
900609,2024,2,1,5,0,23,39,27,2,0,0,0,0,0,1,0,1,0,2,0,0,0,0,0,0,0,0,0,0,0,0,0,0,0,0,0,0,0,0,0,0,0,0,0,06037900609
900610,2024,2,1,5,0,23,39,27,3,0,0,0,0,0,6,0,1,0,10,0,0,0,0,0,0,0,0,0,0,0,0,0,0,0,0,0,0,0,0,0,0,0,0,0,06037900610
900611,2024,2,1,5,0,23,39,27,0,0,0,0,0,0,0,0,2,0,0,0,0,0,0,0,0,0,0,0,0,0,0,0,0,0,0,0,0,0,0,0,0,0,0,0,06037900611
900701,2024,2,1,5,0,23,39,27,6,0,0,0,0,0,0,0,0,1,0,0,0,0,0,0,0,0,0,0,0,0,0,0,0,0,0,0,0,0,0,0,0,0,0,0,06037900701
900703,2024,2,1,5,0,23,39,27,38,0,0,0,0,0,1,3,0,34,0,0,0,0,0,0,0,0,0,0,0,0,0,0,0,0,0,0,0,0,0,0,0,0,0,0,06037900703
900704,2024,2,1,5,0,23,39,27,28,0,0,0,0,0,15,0,1,18,2,0,0,0,0,0,0,0,0,0,0,0,0,0,0,0,0,0,0,0,0,0,0,0,0,0,06037900704
900705,2024,2,1,5,0,23,39,27,29,0,0,0,0,0,1,0,2,18,4,0,0,0,0,0,0,0,0,0,0,0,0,0,0,0,0,0,0,0,0,0,0,0,0,0,06037900705
900804,2024,2,1,5,0,23,39,27,17,0,0,0,0,0,5,0,4,2,5,0,0,0,0,0,0,0,0,0,0,0,0,0,0,0,0,0,0,0,0,0,0,0,0,0,06037900804
900805,2024,2,1,5,0,23,39,27,9,0,0,0,0,0,1,13,61,1,1,0,0,0,0,0,0,0,0,0,0,0,0,0,0,0,0,0,0,0,0,0,0,0,0,0,06037900805
900806,2024,2,1,5,0,23,39,27,26,0,0,0,0,0,1,1,2,3,0,0,0,0,0,0,0,0,0,0,0,0,0,0,0,0,0,0,0,0,0,0,0,0,0,0,06037900806
900807,2024,2,1,5,0,23,39,27,0,0,0,0,0,0,0,0,9,0,0,0,0,0,0,0,0,0,0,0,0,0,0,0,0,0,0,0,0,0,0,0,0,0,0,0,06037900807
900808,2024,2,1,5,0,23,39,27,3,0,0,0,0,0,2,1,10,3,4,0,0,0,0,0,0,0,0,0,0,0,0,0,0,0,0,0,0,0,0,0,0,0,0,0,06037900808
900901,2024,2,1,5,0,23,34,27,0,0,0,0,0,0,33,14,68,22,1,0,0,0,0,0,0,0,0,0,0,0,0,0,0,0,0,0,0,0,0,0,0,0,0,0,06037900901
900902,2024,2,1,5,0,23,34,27,3,0,0,0,0,0,62,7,94,4,15,0,0,0,0,0,0,0,0,0,0,0,0,0,0,0,0,0,0,0,0,0,0,0,0,0,06037900902
901003,2024,2,1,5,0,23,34,27,0,0,0,27,0,0,1,0,0,0,0,84,0,0,6,0,0,0,0,0,0,0,0,0,0,0,0,0,0,0,0,0,90,0,0,90,06037901003
901007,2024,2,1,5,0,23,34,27,0,0,0,0,0,0,0,0,0,0,0,0,0,0,0,0,0,0,0,0,0,0,0,0,0,0,0,0,0,0,0,0,0,0,0,0,06037901007
901008,2024,2,1,5,0,23,34,27,38,0,0,0,0,0,7,1,0,18,23,0,0,0,0,0,0,0,0,0,0,0,0,0,0,0,0,0,0,0,0,0,0,0,0,0,06037901008
901009,2024,2,1,5,0,23,34,27,33,0,0,0,0,0,2,0,1,14,13,18,0,0,3,0,0,0,0,0,0,0,0,0,0,0,0,0,0,0,0,0,21,0,0,21,06037901009
901010,2024,2,1,5,0,23,34,27,0,0,0,0,0,0,1,0,12,0,0,1,0,0,0,0,0,0,0,0,0,0,0,0,0,0,0,0,0,0,0,0,1,0,0,1,06037901010
901011,2024,2,1,5,0,23,34,27,0,0,0,0,0,0,0,1,6,0,0,0,0,0,0,0,0,0,0,0,0,0,0,0,0,0,0,0,0,0,0,0,0,0,0,0,06037901011
901012,2024,2,1,5,0,23,34,27,0,0,0,0,0,0,0,0,0,1,0,0,0,0,0,0,0,0,0,0,0,0,0,0,0,0,0,0,0,0,0,0,0,0,0,0,06037901012
901013,2024,2,1,5,0,23,34,27,7,1,3,0,0,0,6,2,3,1,0,0,0,0,0,0,0,0,0,0,0,0,0,0,0,0,0,0,0,0,0,0,0,0,0,0,06037901013
901014,2024,2,1,5,0,23,34,27,0,0,0,0,0,0,0,0,0,0,0,66,0,0,7,0,0,0,0,0,0,0,0,0,0,0,0,0,0,0,0,0,73,0,0,73,06037901014
901101,2024,2,1,5,0,23,34,27,0,0,0,0,0,0,3,0,5,0,0,0,0,0,0,0,0,0,0,0,0,0,0,0,0,0,0,0,0,0,0,0,0,0,0,0,06037901101
901102,2024,2,1,5,0,23,34,27,1,0,0,0,0,0,0,1,2,2,0,0,0,0,0,0,0,0,0,0,0,0,0,0,0,0,0,0,0,0,0,0,0,0,0,0,06037901102
901209,2024,2,1,5,0,23,34,27,0,0,0,0,0,0,4,1,36,2,35,0,0,0,0,0,0,0,0,0,0,0,0,0,0,0,0,0,0,0,0,0,0,0,0,0,06037901209
901210,2024,2,1,5,0,23,34,27,0,0,0,0,0,0,0,1,4,2,2,0,0,0,0,0,0,0,0,0,0,0,0,0,0,0,0,0,0,0,0,0,0,0,0,0,06037901210
901214,2024,2,1,5,0,23,34,27,1,0,0,0,0,0,0,0,0,0,0,0,0,0,0,0,0,0,0,0,0,0,0,0,0,0,0,0,0,0,0,0,0,0,0,0,06037901214
901215,2024,2,1,5,0,23,34,27,1,0,0,0,0,0,1,0,1,0,0,0,0,0,0,0,0,0,0,0,0,0,0,0,0,0,0,0,0,0,0,0,0,0,0,0,06037901215
901216,2024,2,1,5,0,23,34,27,0,0,0,0,0,0,1,0,13,0,2,0,0,0,0,0,0,0,0,0,0,0,0,0,0,0,0,0,0,0,0,0,0,0,0,0,06037901216
901217,2024,2,1,5,0,23,34,27,0,0,0,0,0,0,0,0,0,0,0,0,0,0,0,0,0,0,0,0,0,0,0,0,0,0,0,0,0,0,0,0,0,0,0,0,06037901217
901218,2024,2,1,5,0,23,34,27,0,0,0,0,0,0,0,0,0,0,0,0,0,0,0,0,0,0,0,0,0,0,0,0,0,0,0,0,0,0,0,0,0,0,0,0,06037901218
901300,2024,2,1,5,0,23,39,27,1,0,0,0,0,0,64,15,239,5,106,0,0,0,0,0,0,0,0,0,0,0,0,0,0,0,0,0,0,0,0,0,0,0,0,0,06037901300
910002,2024,2,1,5,0,23,39,23,0,0,0,0,0,0,0,4,179,4,14,0,0,0,0,0,0,0,0,0,0,0,0,0,0,0,0,0,0,0,0,0,0,0,0,0,06037910002
910210,2024,2,1,5,0,23,34,27,0,0,0,0,0,0,0,0,0,0,0,0,0,0,0,0,0,0,0,0,0,0,0,0,0,0,0,0,0,0,0,0,0,0,0,0,06037910210
910211,2024,2,1,5,0,23,34,27,0,0,0,0,0,0,0,0,0,0,0,0,0,0,0,0,0,0,0,0,0,0,0,0,0,0,0,0,0,0,0,0,0,0,0,0,06037910211
910212,2024,2,1,5,0,23,34,27,1,0,0,0,0,0,14,4,30,4,6,0,0,0,0,0,0,0,0,0,0,0,0,0,0,0,0,0,0,0,0,0,0,0,0,0,06037910212
910213,2024,2,1,5,0,23,34,27,0,0,0,0,0,0,1,1,1,0,5,0,0,0,0,0,0,0,0,0,0,0,0,0,0,0,0,0,0,0,0,0,0,0,0,0,06037910213
910214,2024,2,1,5,0,23,34,27,0,0,0,0,0,0,0,0,0,0,0,0,0,0,0,0,0,0,0,0,0,0,0,0,0,0,0,0,0,0,0,0,0,0,0,0,06037910214
910215,2024,2,1,5,0,23,34,27,1,0,0,0,0,0,1,0,0,0,0,0,0,0,0,0,0,0,0,0,0,0,0,0,0,0,0,0,0,0,0,0,0,0,0,0,06037910215
910216,2024,2,1,5,0,23,34,27,0,0,0,0,0,0,0,0,0,0,0,0,0,0,0,0,0,0,0,0,0,0,0,0,0,0,0,0,0,0,0,0,0,0,0,0,06037910216
910217,2024,2,1,5,0,23,34,27,0,0,0,0,0,0,0,0,0,0,0,0,0,0,0,0,0,0,0,0,0,0,0,0,0,0,0,0,0,0,0,0,0,0,0,0,06037910217
910218,2024,2,1,5,0,23,34,27,8,0,0,0,0,0,1,0,5,11,3,0,0,0,0,0,0,0,0,0,0,0,0,0,0,0,0,0,0,0,0,0,0,0,0,0,06037910218
910301,2024,2,1,5,0,23,34,27,0,0,0,0,0,0,0,0,0,0,0,0,0,0,0,0,0,0,0,0,0,0,0,0,0,0,0,0,0,0,0,0,0,0,0,0,06037910301
910302,2024,2,1,5,0,23,34,27,0,0,0,0,0,0,0,0,0,0,0,0,0,0,0,0,0,0,0,0,0,0,0,0,0,0,0,0,0,0,0,0,0,0,0,0,06037910302
910401,2024,2,1,5,0,23,34,27,4,0,0,0,0,0,0,0,0,0,0,0,0,0,0,0,0,0,0,0,0,0,0,0,0,0,0,0,0,0,0,0,0,0,0,0,06037910401
910404,2024,2,1,5,0,23,39,27,1,0,0,0,0,0,0,0,0,0,0,0,0,0,0,0,0,0,0,0,0,0,0,0,0,0,0,0,0,0,0,0,0,0,0,0,06037910404
910405,2024,2,1,5,0,23,39,27,20,0,0,0,0,0,4,0,0,1,0,60,81,266,0,3,6,0,0,0,0,4,0,0,0,0,0,0,0,0,0,0,332,4,0,336,06037910405
910501,2024,2,1,5,0,23,39,27,43,0,0,0,0,0,2,0,0,3,0,25,0,0,1,0,0,0,0,0,0,0,0,0,0,0,0,0,0,0,0,0,26,0,0,26,06037910501
910502,2024,2,1,5,0,23,39,27,26,0,0,0,0,0,7,5,4,4,0,0,0,0,0,0,0,0,0,0,0,0,0,0,0,0,0,0,0,0,0,0,0,0,0,0,06037910502
910504,2024,2,1,5,0,23,39,27,1,0,0,0,0,0,0,0,0,0,0,0,0,0,0,0,0,0,0,0,0,0,0,0,0,0,0,0,0,0,0,0,0,0,0,0,06037910504
910505,2024,2,1,5,0,23,39,27,4,0,0,0,0,0,0,0,0,2,1,0,0,0,0,0,0,0,0,0,0,0,0,0,0,0,0,0,0,0,0,0,0,0,0,0,06037910505
910601,2024,2,1,5,0,23,39,27,0,0,0,0,0,0,0,0,7,0,0,0,0,0,0,0,0,0,0,0,0,0,0,0,0,0,0,0,0,0,0,0,0,0,0,0,06037910601
910602,2024,2,1,5,0,23,39,27,6,0,0,0,0,0,2,0,3,0,1,0,0,0,0,0,0,0,0,0,0,0,0,0,0,0,0,0,0,0,0,0,0,0,0,0,06037910602
910605,2024,2,1,5,0,23,39,27,0,0,0,0,0,0,0,1,7,0,0,0,0,0,0,0,0,0,0,0,0,0,0,0,0,0,0,0,0,0,0,0,0,0,0,0,06037910605
910606,2024,2,1,5,0,23,39,27,1,0,0,0,0,0,0,0,6,0,0,0,0,0,0,0,0,0,0,0,0,0,0,0,0,0,0,0,0,0,0,0,0,0,0,0,06037910606
910607,2024,2,1,5,0,23,39,27,0,0,0,0,0,0,0,0,0,0,0,0,0,0,0,0,0,0,0,0,0,0,0,0,0,0,0,0,0,0,0,0,0,0,0,0,06037910607
910608,2024,2,1,5,0,23,39,27,0,0,0,0,0,0,0,0,0,0,0,0,0,0,0,0,0,0,0,0,0,0,0,0,0,0,0,0,0,0,0,0,0,0,0,0,06037910608
910706,2024,2,1,5,0,23,39,27,2,0,0,0,0,0,4,9,163,5,42,0,0,0,0,0,0,0,0,0,0,0,0,0,0,0,0,0,0,0,0,0,0,0,0,0,06037910706
910707,2024,2,1,5,0,23,39,27,0,0,0,0,0,0,1,0,2,2,0,0,0,0,0,0,0,0,0,0,0,0,0,0,0,0,0,0,0,0,0,0,0,0,0,0,06037910707
910709,2024,2,1,5,0,23,39,27,0,0,0,0,0,0,0,0,0,0,0,0,0,0,0,0,0,0,0,0,0,0,0,0,0,0,0,0,0,0,0,0,0,0,0,0,06037910709
910712,2024,2,1,5,0,23,39,27,1,0,0,0,0,0,0,0,1,0,0,0,0,0,0,0,0,0,0,0,0,0,0,0,0,0,0,0,0,0,0,0,0,0,0,0,06037910712
910713,2024,2,1,5,0,23,39,27,0,0,0,0,0,0,0,0,2,0,0,0,0,0,0,0,0,0,0,0,0,0,0,0,0,0,0,0,0,0,0,0,0,0,0,0,06037910713
910714,2024,2,1,5,0,23,39,27,0,0,0,0,0,0,0,0,0,0,0,0,0,0,0,0,0,0,0,0,0,0,0,0,0,0,0,0,0,0,0,0,0,0,0,0,06037910714
910715,2024,2,1,5,0,23,39,27,2,0,0,0,0,0,0,1,0,0,0,0,0,0,0,0,0,0,0,0,0,0,0,0,0,0,0,0,0,0,0,0,0,0,0,0,06037910715
910716,2024,2,1,5,0,23,39,27,0,0,0,0,0,0,3,0,0,0,0,0,0,0,0,0,0,0,0,0,0,0,0,0,0,0,0,0,0,0,0,0,0,0,0,0,06037910716
910717,2024,2,1,5,0,23,39,27,0,0,0,0,0,0,1,0,1,0,0,0,0,0,0,0,0,0,0,0,0,0,0,0,0,0,0,0,0,0,0,0,0,0,0,0,06037910717
910718,2024,2,1,5,0,23,39,27,0,0,0,0,0,0,0,0,3,1,0,0,0,0,0,0,0,0,0,0,0,0,0,0,0,0,0,0,0,0,0,0,0,0,0,0,06037910718
910719,2024,2,1,5,0,23,39,27,0,0,0,0,0,0,0,0,3,0,0,0,0,0,0,0,0,0,0,0,0,0,0,0,0,0,0,0,0,0,0,0,0,0,0,0,06037910719
910720,2024,2,1,5,0,23,39,27,0,0,0,0,0,0,1,1,8,0,0,0,0,0,0,0,0,0,0,0,0,0,0,0,0,0,0,0,0,0,0,0,0,0,0,0,06037910720
910721,2024,2,1,5,0,23,39,27,3,0,0,0,0,0,2,0,2,1,1,0,0,0,0,0,0,0,0,0,0,0,0,0,0,0,0,0,0,0,0,0,0,0,0,0,06037910721
910804,2024,2,1,5,0,23,34,27,0,0,0,0,0,0,1,1,9,0,1,0,0,0,0,0,0,0,0,0,0,0,0,0,0,0,0,0,0,0,0,0,0,0,0,0,06037910804
910807,2024,2,2,5,0,23,40,27,2,0,0,0,0,0,0,0,0,1,0,0,0,0,0,0,0,0,0,0,0,0,0,0,0,0,0,0,0,0,0,0,0,0,0,0,06037910807
910808,2024,2,2,5,0,23,40,27,0,0,0,0,0,0,0,1,0,1,1,0,0,0,0,0,0,0,0,0,0,0,0,0,0,0,0,0,0,0,0,0,0,0,0,0,06037910808
910809,2024,2,2,5,0,23,40,27,1,0,0,0,0,0,0,0,0,0,0,0,0,0,0,0,0,0,0,0,0,0,0,0,0,0,0,0,0,0,0,0,0,0,0,0,06037910809
910810,2024,2,2,5,0,23,40,27,0,0,0,0,0,0,0,0,1,0,0,0,0,0,0,0,0,0,0,0,0,0,0,0,0,0,0,0,0,0,0,0,0,0,0,0,06037910810
910814,2024,2,1,5,0,23,34,27,0,0,0,0,0,0,0,1,1,1,0,0,0,0,0,0,0,0,0,0,0,0,0,0,0,0,0,0,0,0,0,0,0,0,0,0,06037910814
910815,2024,2,1,5,0,23,34,27,1,0,0,0,0,0,2,0,9,0,0,0,0,0,0,0,0,0,0,0,0,0,0,0,0,0,0,0,0,0,0,0,0,0,0,0,06037910815
911001,2024,2,1,5,0,23,39,27,0,0,0,0,0,0,6,3,229,4,47,0,0,0,0,0,0,0,0,0,0,0,0,0,0,0,0,0,0,0,0,0,0,0,0,0,06037911001
911100,2024,2,1,5,0,23,39,27,13,0,0,0,0,0,27,5,208,7,53,0,0,0,0,0,0,0,0,0,0,0,0,0,0,0,0,0,0,0,0,0,0,0,0,0,06037911100
920013,2024,2,2,5,0,23,40,27,1,0,0,0,0,0,0,0,0,0,0,0,0,0,0,0,0,0,0,0,0,0,0,0,0,0,0,0,0,0,0,0,0,0,0,0,06037920013
920015,2024,2,2,5,0,23,40,27,0,0,0,0,0,0,0,0,0,0,0,0,0,0,0,0,0,0,0,0,0,0,0,0,0,0,0,0,0,0,0,0,0,0,0,0,06037920015
920016,2024,2,2,5,0,23,40,27,0,0,0,0,0,0,0,0,0,0,0,0,0,0,0,0,0,0,0,0,0,0,0,0,0,0,0,0,0,0,0,0,0,0,0,0,06037920016
920017,2024,2,2,5,0,23,40,27,0,0,0,0,0,0,0,0,0,0,0,0,0,0,0,0,0,0,0,0,0,0,0,0,0,0,0,0,0,0,0,0,0,0,0,0,06037920017
920018,2024,2,2,5,0,23,40,27,0,0,0,0,0,0,0,0,0,0,0,0,0,0,0,0,0,0,0,0,0,0,0,0,0,0,0,0,0,0,0,0,0,0,0,0,06037920018
920020,2024,2,2,5,0,23,40,27,1,0,0,0,0,0,0,0,2,1,1,0,0,0,0,0,0,0,0,0,0,0,0,0,0,0,0,0,0,0,0,0,0,0,0,0,06037920020
920028,2024,2,2,5,0,23,40,27,0,0,0,0,0,0,0,1,0,0,0,0,0,0,0,0,0,0,0,0,0,0,0,0,0,0,0,0,0,0,0,0,0,0,0,0,06037920028
920029,2024,2,2,5,0,23,40,27,2,0,0,0,0,0,0,0,0,2,0,0,0,0,0,0,0,0,0,0,0,0,0,0,0,0,0,0,0,0,0,0,0,0,0,0,06037920029
920030,2024,2,2,5,0,23,40,27,2,0,0,0,0,0,5,1,1,2,1,0,0,0,0,0,0,0,0,0,0,0,0,0,0,0,0,0,0,0,0,0,0,0,0,0,06037920030
920031,2024,2,2,5,0,23,40,27,0,0,0,0,0,0,0,0,0,0,0,0,0,0,0,0,0,0,0,0,0,0,0,0,0,0,0,0,0,0,0,0,0,0,0,0,06037920031
920034,2024,2,2,5,0,23,40,27,4,0,0,0,0,0,0,1,3,0,0,0,0,0,0,0,0,0,0,0,0,0,0,0,0,0,0,0,0,0,0,0,0,0,0,0,06037920034
920035,2024,2,2,5,0,23,40,27,9,0,0,0,0,0,4,0,1,9,0,0,0,0,0,0,0,0,0,0,0,0,0,0,0,0,0,0,0,0,0,0,0,0,0,0,06037920035
920038,2024,2,2,5,0,23,40,27,0,0,0,0,0,0,0,0,2,0,0,0,0,0,0,0,0,0,0,0,0,0,0,0,0,0,0,0,0,0,0,0,0,0,0,0,06037920038
920039,2024,2,2,5,0,23,40,27,0,0,0,0,0,0,0,0,0,0,0,0,0,0,0,0,0,0,0,0,0,0,0,0,0,0,0,0,0,0,0,0,0,0,0,0,06037920039
920040,2024,2,2,5,0,23,40,27,0,0,0,0,0,0,0,0,1,0,0,0,0,0,0,0,0,0,0,0,0,0,0,0,0,0,0,0,0,0,0,0,0,0,0,0,06037920040
920041,2024,2,2,5,0,23,40,27,1,0,0,0,0,0,0,0,0,2,0,0,0,0,0,0,0,0,0,0,0,0,0,0,0,0,0,0,0,0,0,0,0,0,0,0,06037920041
920042,2024,2,2,5,0,23,40,27,0,0,0,0,0,0,0,0,0,0,0,0,0,0,0,0,0,0,0,0,0,0,0,0,0,0,0,0,0,0,0,0,0,0,0,0,06037920042
920043,2024,2,2,5,0,23,40,27,0,0,0,0,0,0,0,0,0,0,0,0,0,0,0,0,0,0,0,0,0,0,0,0,0,0,0,0,0,0,0,0,0,0,0,0,06037920043
920044,2024,2,2,5,0,23,40,27,0,0,0,0,0,0,0,0,0,0,0,0,0,0,0,0,0,0,0,0,0,0,0,0,0,0,0,0,0,0,0,0,0,0,0,0,06037920044
920045,2024,2,2,5,0,23,40,27,0,0,0,0,0,0,1,1,0,1,1,0,0,0,0,0,0,0,0,0,0,0,0,0,0,0,0,0,0,0,0,0,0,0,0,0,06037920045
920046,2024,2,2,5,0,23,40,27,0,0,0,0,0,0,0,0,0,3,0,0,0,0,0,0,0,0,0,0,0,0,0,0,0,0,0,0,0,0,0,0,0,0,0,0,06037920046
920047,2024,2,2,5,0,23,40,27,0,0,0,0,0,0,0,1,0,0,0,0,0,0,0,0,0,0,0,0,0,0,0,0,0,0,0,0,0,0,0,0,0,0,0,0,06037920047
920048,2024,2,2,5,0,23,40,27,8,0,0,0,0,0,0,0,0,7,0,0,0,0,0,0,0,0,0,0,0,0,0,0,0,0,0,0,0,0,0,0,0,0,0,0,06037920048
920049,2024,2,2,5,0,23,40,27,2,0,0,0,0,0,0,0,3,1,4,0,0,0,0,0,0,0,0,0,0,0,0,0,0,0,0,0,0,0,0,0,0,0,0,0,06037920049
920050,2024,2,1,5,0,23,34,27,0,0,0,0,0,0,2,0,0,0,3,0,0,0,0,0,0,0,0,0,0,0,0,0,0,0,0,0,0,0,0,0,0,0,0,0,06037920050
920102,2024,2,2,5,0,23,34,27,8,0,0,0,0,0,3,1,5,6,9,0,0,0,0,0,0,0,0,0,0,0,0,0,0,0,0,0,0,0,0,0,0,0,0,0,06037920102
920104,2024,2,2,5,0,23,34,27,0,0,0,0,0,0,0,0,0,0,0,0,0,0,0,0,0,0,0,0,0,0,0,0,0,0,0,0,0,0,0,0,0,0,0,0,06037920104
920106,2024,2,2,5,0,23,40,27,0,0,0,0,0,0,1,0,0,0,0,0,0,0,0,0,0,0,0,0,0,0,0,0,0,0,0,0,0,0,0,0,0,0,0,0,06037920106
920109,2024,2,2,5,0,23,40,27,1,0,0,0,0,0,1,0,0,0,0,0,0,0,0,0,0,0,0,0,0,0,0,0,0,0,0,0,0,0,0,0,0,0,0,0,06037920109
920110,2024,2,2,5,0,23,40,27,0,0,0,0,0,0,0,0,0,0,0,0,0,0,0,0,0,0,0,0,0,0,0,0,0,0,0,0,0,0,0,0,0,0,0,0,06037920110
920111,2024,2,2,5,0,23,40,27,0,0,0,0,0,0,0,0,0,0,0,0,0,0,0,0,0,0,0,0,0,0,0,0,0,0,0,0,0,0,0,0,0,0,0,0,06037920111
920112,2024,2,2,5,0,23,40,27,0,0,0,0,0,0,0,0,0,0,0,0,0,0,0,0,0,0,0,0,0,0,0,0,0,0,0,0,0,0,0,0,0,0,0,0,06037920112
920114,2024,2,2,5,0,23,40,27,0,0,0,0,0,0,0,0,0,0,0,0,0,0,0,0,0,0,0,0,0,0,0,0,0,0,0,0,0,0,0,0,0,0,0,0,06037920114
920115,2024,2,2,5,0,23,40,27,10,0,0,0,0,0,0,0,1,6,0,0,0,0,0,0,0,0,0,0,0,0,0,0,0,0,0,0,0,0,0,0,0,0,0,0,06037920115
920116,2024,2,2,5,0,23,40,27,0,0,0,0,0,0,0,0,0,0,0,0,0,0,0,0,0,0,0,0,0,0,0,0,0,0,0,0,0,0,0,0,0,0,0,0,06037920116
920118,2024,2,2,5,0,23,40,27,0,0,0,0,0,0,0,0,0,0,0,0,0,0,0,0,0,0,0,0,0,0,0,0,0,0,0,0,0,0,0,0,0,0,0,0,06037920118
920119,2024,2,2,5,0,23,40,27,0,0,0,0,0,0,0,0,0,0,0,0,0,0,0,0,0,0,0,0,0,0,0,0,0,0,0,0,0,0,0,0,0,0,0,0,06037920119
920120,2024,2,2,5,0,23,40,27,1,0,0,0,0,0,0,0,0,1,0,0,0,0,0,0,0,0,0,0,0,0,0,0,0,0,0,0,0,0,0,0,0,0,0,0,06037920120
920121,2024,2,2,5,0,23,40,27,1,0,0,0,0,0,5,0,4,0,0,0,0,0,0,0,0,0,0,0,0,0,0,0,0,0,0,0,0,0,0,0,0,0,0,0,06037920121
920200,2024,2,2,5,0,23,40,27,0,0,0,0,0,0,0,0,0,0,0,0,0,0,0,0,0,0,0,0,0,0,0,0,0,0,0,0,0,0,0,0,0,0,0,0,06037920200
920303,2024,2,2,5,0,23,40,27,0,0,0,0,0,0,2,0,1,0,0,0,0,0,0,0,0,0,0,0,0,0,0,0,0,0,0,0,0,0,0,0,0,0,0,0,06037920303
920312,2024,2,2,5,0,23,40,27,1,0,0,0,0,0,2,0,0,0,3,0,0,0,0,0,0,0,0,0,0,0,0,0,0,0,0,0,0,0,0,0,0,0,0,0,06037920312
920313,2024,2,2,5,0,23,40,27,2,0,0,0,0,0,1,0,2,0,0,0,0,0,0,0,0,0,0,0,0,0,0,0,0,0,0,0,0,0,0,0,0,0,0,0,06037920313
920314,2024,2,2,5,0,23,40,27,1,0,0,0,0,0,0,0,1,5,0,58,0,0,0,0,0,0,0,0,0,0,0,0,0,0,0,0,0,0,0,0,58,0,0,58,06037920314
920322,2024,2,2,5,0,23,40,27,0,0,0,0,0,0,0,0,0,0,0,0,0,0,0,0,0,0,0,0,0,0,0,0,0,0,0,0,0,0,0,0,0,0,0,0,06037920322
920326,2024,2,2,5,0,23,40,27,0,0,0,0,0,0,0,0,0,0,0,0,0,0,0,0,0,0,0,0,0,0,0,0,0,0,0,0,0,0,0,0,0,0,0,0,06037920326
920328,2024,2,2,5,0,23,40,27,0,0,0,0,0,0,0,0,0,0,0,0,0,0,0,0,0,0,0,0,0,0,0,0,0,0,0,0,0,0,0,0,0,0,0,0,06037920328
920329,2024,2,2,5,0,23,40,27,11,0,0,0,0,0,2,1,0,1,0,0,0,0,0,0,0,0,0,0,0,0,0,0,0,0,0,0,0,0,0,0,0,0,0,0,06037920329
920330,2024,2,2,5,0,23,40,27,0,0,0,0,0,0,0,0,0,0,0,0,0,0,0,0,0,0,0,0,0,0,0,0,0,0,0,0,0,0,0,0,0,0,0,0,06037920330
920331,2024,2,2,5,0,23,40,27,0,0,0,0,0,0,0,0,0,0,0,0,0,0,0,0,0,0,0,0,0,0,0,0,0,0,0,0,0,0,0,0,0,0,0,0,06037920331
920332,2024,2,2,5,0,23,40,27,1,0,0,0,0,0,0,1,1,5,0,0,0,0,0,0,0,0,0,0,0,0,0,0,0,0,0,0,0,0,0,0,0,0,0,0,06037920332
920334,2024,2,2,5,0,23,40,27,0,0,0,0,0,0,0,0,0,0,0,0,0,0,0,0,0,0,0,0,0,0,0,0,0,0,0,0,0,0,0,0,0,0,0,0,06037920334
920338,2024,2,2,5,0,23,40,27,0,0,0,0,0,0,0,0,0,0,0,0,0,0,0,0,0,0,0,0,0,0,0,0,0,0,0,0,0,0,0,0,0,0,0,0,06037920338
920339,2024,2,2,5,0,23,40,27,0,0,0,0,0,0,0,0,0,0,0,0,0,0,0,0,0,0,0,0,0,0,0,0,0,0,0,0,0,0,0,0,0,0,0,0,06037920339
920340,2024,2,2,5,0,23,40,27,2,0,0,0,0,0,0,0,0,4,0,0,0,0,0,0,0,0,0,0,0,0,0,0,0,0,0,0,0,0,0,0,0,0,0,0,06037920340
920341,2024,2,2,5,0,23,40,27,2,0,0,0,0,0,1,1,2,1,1,0,0,0,0,0,0,0,0,0,0,0,0,0,0,0,0,0,0,0,0,0,0,0,0,0,06037920341
920342,2024,2,2,5,0,23,40,27,0,0,0,0,0,0,0,2,0,1,0,0,0,0,0,0,0,0,0,0,0,0,0,0,0,0,0,0,0,0,0,0,0,0,0,0,06037920342
920343,2024,2,2,5,0,23,40,27,0,0,0,0,0,0,0,0,0,2,0,0,0,0,0,0,0,0,0,0,0,0,0,0,0,0,0,0,0,0,0,0,0,0,0,0,06037920343
930400,2024,2,2,5,0,20,34,29,0,0,0,0,0,0,3,5,5,0,2,0,0,0,0,0,0,0,0,0,0,0,0,0,0,0,0,0,0,0,0,0,0,0,0,0,06037930400
980001,2024,2,2,5,0,20,44,30,2,0,0,0,0,0,7,11,6,0,0,0,0,0,0,0,0,0,0,0,0,0,0,0,0,0,0,0,0,0,0,0,0,0,0,0,06037980001
980002,2024,2,8,2,0,35,69,44,0,0,0,0,0,0,0,0,0,0,1,0,0,0,0,0,0,0,0,0,0,0,0,0,0,0,0,0,0,0,0,0,0,0,0,0,06037980002
980003,2024,2,1,5,0,23,39,23,0,0,0,0,0,0,0,0,0,0,0,0,0,0,0,0,0,0,0,0,0,0,0,0,0,0,0,0,0,0,0,0,0,0,0,0,06037980003
980004,2024,2,1,5,0,23,39,27,45,0,0,0,0,0,22,32,35,17,18,0,0,0,0,0,0,0,0,0,0,0,0,0,0,0,0,0,0,0,0,0,0,0,0,0,06037980004
980005,2024,2,8,4,0,24,66,43,0,0,0,0,0,0,0,0,0,0,0,0,0,0,0,0,0,0,0,0,0,0,0,0,0,0,0,0,0,0,0,0,0,0,0,0,06037980005
980008,2024,1,2,3,6,20,40,29,1,0,0,0,0,0,3,3,0,0,0,0,0,0,0,0,0,0,48,0,0,0,0,0,0,0,0,0,0,0,0,0,0,48,0,48,06037980008
980009,2024,1,4,5,4,26,51,30,0,0,0,0,0,0,1,0,0,0,0,91,21,65,2,2,5,0,0,0,0,0,0,0,0,0,0,0,0,0,0,0,163,0,0,163,06037980009
980010,2024,1,4,1,1,26,52,30,27,0,0,0,0,0,4,7,3,1,1,0,0,0,0,0,0,0,0,0,0,0,0,0,0,0,0,0,0,0,0,0,0,0,0,0,06037980010
980012,2024,2,7,4,0,30,64,42,1,0,0,0,0,0,3,1,1,2,1,0,0,0,0,0,0,0,0,0,0,0,0,0,0,0,0,0,0,0,0,0,0,0,0,0,06037980012
980013,2024,2,8,2,0,24,66,36,0,0,0,0,0,0,1,1,1,0,1,0,0,0,0,0,0,0,0,0,0,0,0,0,0,0,0,0,0,0,0,0,0,0,0,0,06037980013
980014,2024,1,8,4,15,35,65,44,24,0,0,0,0,0,37,34,136,7,32,0,0,0,0,0,0,0,0,0,0,0,0,0,0,0,0,0,0,0,0,0,0,0,0,0,06037980014
980015,2024,1,8,4,15,35,65,44,9,0,0,0,0,0,0,0,13,7,0,53,0,0,3,0,0,0,0,0,0,0,0,0,0,0,0,0,0,0,0,0,56,0,0,56,06037980015
980016,2024,2,7,4,0,26,54,42,16,0,0,0,0,0,1,1,0,6,7,0,0,0,0,0,0,0,0,0,0,0,0,0,0,0,0,0,0,0,0,0,0,0,0,0,06037980016
980017,2024,2,5,3,0,24,42,32,0,0,0,8,0,0,0,0,0,0,0,12,0,0,1,0,0,0,69,0,0,0,0,0,0,50,0,0,0,0,0,0,13,69,50,132,06037980017
980019,2024,1,5,3,11,24,42,32,0,0,0,0,0,0,1,0,0,0,0,0,0,0,0,0,0,0,0,0,0,0,0,0,0,0,0,0,0,0,0,0,0,0,0,0,06037980019
980020,2024,1,2,5,2,20,44,30,3,0,0,0,0,0,0,0,4,0,0,0,0,0,0,0,0,0,0,0,0,0,0,0,0,0,0,0,0,0,0,0,0,0,0,0,06037980020
980021,2024,1,2,5,7,20,44,30,8,0,0,0,0,0,1,1,1,0,5,0,0,0,0,0,0,0,0,0,0,0,0,0,0,0,0,0,0,0,0,0,0,0,0,0,06037980021
980022,2024,1,2,3,12,27,40,27,0,0,0,0,0,0,1,0,1,0,0,0,0,0,0,0,0,0,0,0,0,0,0,0,0,0,0,0,0,0,0,0,0,0,0,0,06037980022
980023,2024,1,2,3,12,27,46,32,0,0,0,0,0,0,0,0,0,0,0,0,0,0,0,0,0,0,0,0,0,0,0,0,0,0,0,0,0,0,0,0,0,0,0,0,06037980023
980024,2024,1,2,3,4,27,46,32,11,0,0,0,0,0,5,3,6,2,3,0,0,0,0,0,0,0,0,0,0,0,0,0,0,0,0,0,0,0,0,0,0,0,0,0,06037980024
980025,2024,2,8,2,0,35,69,44,1,0,0,0,0,0,0,0,0,1,0,0,0,0,0,0,0,0,0,0,0,0,0,0,0,0,0,0,0,0,0,0,0,0,0,0,06037980025
980026,2024,1,2,5,7,20,44,30,0,0,0,0,0,0,0,0,0,0,0,0,0,0,0,0,0,0,0,0,0,0,0,0,0,0,0,0,0,0,0,0,0,0,0,0,06037980026
980028,2024,1,5,2,11,24,61,36,79,0,0,11,0,0,3,5,14,14,4,0,0,0,0,0,0,0,0,0,0,0,0,0,0,0,0,0,0,0,0,0,0,0,0,0,06037980028
980030,2024,2,8,2,0,24,66,36,1,0,0,0,0,0,1,1,0,0,0,0,0,0,0,0,0,0,0,0,0,0,0,0,0,0,0,0,0,0,0,0,0,0,0,0,06037980030
980031,2024,1,8,4,15,35,65,44,4,0,0,0,0,0,4,0,4,0,0,0,0,0,0,0,0,0,0,0,0,0,0,0,0,0,0,0,0,0,0,0,0,0,0,0,06037980031
980034,2024,2,7,4,0,30,64,38,60,0,0,0,0,0,7,0,0,19,48,0,0,0,0,0,0,0,0,0,0,0,0,0,0,0,0,0,0,0,0,0,0,0,0,0,06037980034
980035,2024,2,3,1,0,30,56,31,13,0,0,0,0,0,0,0,5,5,5,0,0,0,0,0,0,0,0,0,0,0,0,0,0,0,0,0,0,0,0,0,0,0,0,0,06037980035
980036,2024,2,3,1,0,22,49,38,8,0,0,0,0,0,1,1,0,5,45,0,0,0,0,0,0,0,0,0,0,0,0,0,0,0,0,0,0,0,0,0,0,0,0,0,06037980036
980037,2024,2,8,2,0,35,69,44,5,0,0,0,0,0,0,2,0,3,0,0,0,0,0,0,0,0,0,0,0,0,0,0,0,0,0,0,0,0,0,0,0,0,0,0,06037980037
980038,2024,2,5,2,0,28,55,37,4,0,0,0,0,0,1,0,0,6,0,0,0,0,0,0,0,0,0,0,0,0,0,0,0,0,0,0,0,0,0,0,0,0,0,0,06037980038
980039,2024,1,2,5,2,27,51,30,0,0,0,0,0,0,0,0,0,0,0,0,0,0,0,0,0,0,0,0,0,0,0,0,0,0,0,0,0,0,0,0,0,0,0,0,06037980039
